date,close,volume
2014-01-02,17.124881744384766,234684800
2014-01-03,16.74872398376465,392467600
2014-01-06,16.840051651000977,412610800
2014-01-07,16.719627380371094,317209200
2014-01-08,16.82550048828125,258529600
2014-01-09,16.610641479492188,279148800
2014-01-10,16.499801635742188,304976000
2014-01-13,16.586181640625,378492800
2014-01-14,16.916217803955078,332561600
2014-01-15,17.255847930908203,391638800
2014-01-16,17.159563064575195,229278000
2014-01-17,16.739116668701172,426739600
2014-01-21,16.999187469482422,328526800
2014-01-22,17.07473373413086,379985200
2014-01-23,17.21930503845215,403239200
2014-01-24,16.90630531311035,429354800
2014-01-27,17.043458938598633,554878800
2014-01-28,15.681225776672363,1065523200
2014-01-29,15.503201484680176,502810000
2014-01-30,15.473166465759277,678501600
2014-01-31,15.498554229736328,464797200
2014-02-03,15.527350425720215,401464000
2014-02-04,15.752115249633789,376681200
2014-02-05,15.869766235351562,328344800
2014-02-06,15.96226692199707,257765200
2014-02-07,16.185583114624023,370280400
2014-02-10,16.475549697875977,345559200
2014-02-11,16.69261932373047,282256800
2014-02-12,16.691383361816406,308100800
2014-02-13,16.956436157226562,307398000
2014-02-14,16.94272232055664,272924400
2014-02-18,17.00501251220703,260251600
2014-02-19,16.736547470092773,313768000
2014-02-20,16.542818069458008,305858000
2014-02-21,16.359060287475586,278784800
2014-02-24,16.430696487426758,288909600
2014-02-25,16.259708404541016,231952000
2014-02-26,16.113019943237305,276217200
2014-02-27,16.434436798095703,301882000
2014-02-28,16.389896392822266,371968800
2014-03-03,16.43723487854004,238781200
2014-03-04,16.545623779296875,259140000
2014-03-05,16.580503463745117,200062800
2014-03-06,16.530357360839844,185488800
2014-03-07,16.52070426940918,220729600
2014-03-10,16.535659790039062,178584000
2014-03-11,16.696678161621094,279224400
2014-03-12,16.712871551513672,199326400
2014-03-13,16.527244567871094,257742800
2014-03-14,16.34162139892578,237199200
2014-03-17,16.405467987060547,199544800
2014-03-18,16.55060386657715,209647200
2014-03-19,16.546241760253906,224756000
2014-03-20,16.466510772705078,208398400
2014-03-21,16.59638214111328,374046400
2014-03-24,16.793230056762695,355700800
2014-03-25,16.973867416381836,282293200
2014-03-26,16.811599731445312,299768000
2014-03-27,16.739341735839844,222031600
2014-03-28,16.720661163330078,200564000
2014-03-31,16.7169246673584,168669200
2014-04-01,16.869844436645508,200760000
2014-04-02,16.897872924804688,180420800
2014-04-03,16.780759811401367,162344000
2014-04-04,16.56369400024414,275251200
2014-04-07,16.303625106811523,289850400
2014-04-08,16.302688598632812,243888400
2014-04-09,16.516969680786133,206169600
2014-04-10,16.303932189941406,239652000
2014-04-11,16.183399200439453,271717600
2014-04-14,16.247875213623047,205674000
2014-04-15,16.13201904296875,266490000
2014-04-16,16.164716720581055,214765600
2014-04-17,16.349409103393555,284334400
2014-04-21,16.543441772460938,182548800
2014-04-22,16.559951782226562,202563200
2014-04-23,16.343486785888672,394940000
2014-04-24,17.683359146118164,759911600
2014-04-25,17.81324005126953,390275200
2014-04-28,18.50310707092285,669485600
2014-04-29,18.448287963867188,337377600
2014-04-30,18.378515243530273,456640800
2014-05-01,18.421817779541016,244048000
2014-05-02,18.456073760986328,191514400
2014-05-05,18.717069625854492,287067200
2014-05-06,18.513071060180664,374564400
2014-05-07,18.448287963867188,282864400
2014-05-08,18.4153995513916,230297200
2014-05-09,18.338668823242188,291597600
2014-05-12,18.566984176635742,213208800
2014-05-13,18.59610939025879,159737200
2014-05-14,18.59956169128418,166404000
2014-05-15,18.441394805908203,230846000
2014-05-16,18.713560104370117,276256400
2014-05-19,18.9353084564209,317755200
2014-05-20,18.939064025878906,234836000
2014-05-21,18.989171981811523,196859600
2014-05-22,19.019241333007812,200760000
2014-05-23,19.234086990356445,232209600
2014-05-27,19.594261169433594,348866000
2014-05-28,19.543519973754883,315481600
2014-05-29,19.899616241455078,376474000
2014-05-30,19.8250789642334,564020800
2014-06-02,19.688833236694336,369350800
2014-06-03,19.96727180480957,292709200
2014-06-04,20.19527816772461,335482000
2014-06-05,20.27451515197754,303805600
2014-06-06,20.218767166137695,349938400
2014-06-09,20.54228401184082,301660000
2014-06-10,20.662874221801758,251108000
2014-06-11,20.57737159729004,182724000
2014-06-12,20.233163833618164,218996000
2014-06-13,20.011743545532227,218100000
2014-06-16,20.21343994140625,142244000
2014-06-17,20.187131881713867,118904000
2014-06-18,20.20905303955078,134056000
2014-06-19,20.138900756835938,142112000
2014-06-20,19.93062973022461,403592000
2014-06-23,19.913089752197266,174776000
2014-06-24,19.792510986328125,156144000
2014-06-25,19.810043334960938,147476000
2014-06-26,19.928436279296875,130516000
2014-06-27,20.16520118713379,256116000
2014-06-30,20.373472213745117,197929200
2014-07-01,20.50282859802246,152892000
2014-07-02,20.494056701660156,113860000
2014-07-03,20.614639282226562,91567200
2014-07-07,21.039955139160156,225872000
2014-07-08,20.904027938842773,260888000
2014-07-09,20.912797927856445,145744000
2014-07-10,20.836069107055664,158744000
2014-07-11,20.875526428222656,136072000
2014-07-14,21.14518165588379,171240000
2014-07-15,20.897457122802734,181911600
2014-07-16,20.77906036376953,213585200
2014-07-17,20.40856170654297,229192000
2014-07-18,20.70233726501465,199952000
2014-07-21,20.594913482666016,156316000
2014-07-22,20.765911102294922,220788000
2014-07-23,21.30742645263672,371672000
2014-07-24,21.272340774536133,182916000
2014-07-25,21.412649154663086,173876000
2014-07-28,21.708620071411133,221272000
2014-07-29,21.56831169128418,172572000
2014-07-30,21.51788902282715,132040000
2014-07-31,20.958833694458008,227372000
2014-08-01,21.075031280517578,194044000
2014-08-04,20.956649780273438,159832000
2014-08-05,20.85360336303711,223732000
2014-08-06,20.81852912902832,154232000
2014-08-07,20.816322326660156,186844000
2014-08-08,20.873611450195312,167460000
2014-08-11,21.149011611938477,146340000
2014-08-12,21.144609451293945,135180000
2014-08-13,21.424427032470703,127664000
2014-08-14,21.481706619262695,112464000
2014-08-15,21.587465286254883,195804000
2014-08-18,21.84744644165039,190288000
2014-08-19,22.149288177490234,277596000
2014-08-20,22.15810203552246,210796000
2014-08-21,22.160301208496094,133912000
2014-08-22,22.323354721069336,176736000
2014-08-25,22.3718204498291,161080000
2014-08-26,22.228605270385742,132608000
2014-08-27,22.50181007385254,209476000
2014-08-28,22.528247833251953,273840000
2014-08-29,22.583332061767578,178380000
2014-09-02,22.75959014892578,214256000
2014-09-03,21.79897689819336,501684000
2014-09-04,21.618305206298828,342872000
2014-09-05,21.805583953857422,233828000
2014-09-08,21.671186447143555,185426800
2014-09-09,21.58966064453125,759385200
2014-09-10,22.252840042114258,403478400
2014-09-11,22.347579956054688,249412400
2014-09-12,22.398265838623047,250504400
2014-09-15,22.391651153564453,245266000
2014-09-16,22.221996307373047,267632400
2014-09-17,22.380632400512695,243706000
2014-09-18,22.42690658569336,149197600
2014-09-19,22.244029998779297,283609600
2014-09-22,22.26605987548828,211153600
2014-09-23,22.614179611206055,253608800
2014-09-24,22.4180908203125,240687200
2014-09-25,21.563228607177734,400368000
2014-09-26,22.197765350341797,249482000
2014-09-29,22.05675506591797,199065200
2014-09-30,22.197765350341797,221056400
2014-10-01,21.851852416992188,205965200
2014-10-02,22.01047706604004,191031200
2014-10-03,21.94879150390625,173878400
2014-10-06,21.94879150390625,148204800
2014-10-07,21.757108688354492,168376800
2014-10-08,22.208778381347656,229618800
2014-10-09,22.257247924804688,309506000
2014-10-10,22.193357467651367,265326400
2014-10-13,21.990659713745117,214333600
2014-10-14,21.757108688354492,254754400
2014-10-15,21.490514755249023,403734400
2014-10-16,21.208505630493164,288618000
2014-10-17,21.519161224365234,272718800
2014-10-20,21.979642868041992,310069200
2014-10-21,22.57672691345215,378495600
2014-10-22,22.691295623779297,273052400
2014-10-23,23.09668731689453,284298800
2014-10-24,23.182619094848633,188215600
2014-10-27,23.158384323120117,136750800
2014-10-28,23.517518997192383,192243600
2014-10-29,23.649703979492188,210751600
2014-10-30,23.570388793945312,162619200
2014-10-31,23.795120239257812,178557200
2014-11-03,24.103578567504883,209130400
2014-11-04,23.92731285095215,166297600
2014-11-05,23.984600067138672,149743600
2014-11-06,24.053197860717773,139874000
2014-11-07,24.121793746948242,134766000
2014-11-10,24.08196449279785,108782000
2014-11-11,24.27448081970215,109769200
2014-11-12,24.617464065551758,187769600
2014-11-13,24.964874267578125,238091600
2014-11-14,25.265810012817383,176254400
2014-11-17,25.223773956298828,186986800
2014-11-18,25.5512638092041,176896000
2014-11-19,25.374244689941406,167476800
2014-11-20,25.737140655517578,173582000
2014-11-21,25.772554397583008,228717200
2014-11-24,26.250507354736328,189803200
2014-11-25,26.02259063720703,275361600
2014-11-26,26.332380294799805,163073200
2014-11-28,26.316896438598633,99257600
2014-12-01,25.462757110595703,335256000
2014-12-02,25.365386962890625,237395600
2014-12-03,25.65304946899414,172253600
2014-12-04,25.555688858032227,168178000
2014-12-05,25.447263717651367,153275600
2014-12-08,24.871938705444336,230659600
2014-12-09,25.25253677368164,240832000
2014-12-10,24.772357940673828,178261200
2014-12-11,24.6993408203125,165606800
2014-12-12,24.281110763549805,224112400
2014-12-15,23.94919776916504,268872400
2014-12-16,23.6216983795166,243162800
2014-12-17,24.210304260253906,213647200
2014-12-18,24.92725944519043,236024800
2014-12-19,24.734737396240234,353719200
2014-12-22,24.991430282592773,180670000
2014-12-23,24.902912139892578,104113600
2014-12-24,24.785634994506836,57918400
2014-12-26,25.223773956298828,134884000
2014-12-29,25.206071853637695,110395600
2014-12-30,24.898481369018555,119526000
2014-12-31,24.424949645996094,165613600
2015-01-02,24.192607879638672,212818400
2015-01-05,23.511064529418945,257142000
2015-01-06,23.513273239135742,263188400
2015-01-07,23.842971801757812,160423600
2015-01-08,24.759082794189453,237458000
2015-01-09,24.785634994506836,214798000
2015-01-12,24.174896240234375,198603200
2015-01-13,24.389537811279297,268367600
2015-01-14,24.296606063842773,195826400
2015-01-15,23.637189865112305,240056000
2015-01-16,23.453516006469727,314053200
2015-01-20,24.05762481689453,199599600
2015-01-21,24.241287231445312,194303600
2015-01-22,24.871938705444336,215185600
2015-01-23,25.000274658203125,185859200
2015-01-26,25.02683448791504,222460000
2015-01-27,24.150562286376953,382274800
2015-01-28,25.51586151123047,585908400
2015-01-29,26.310258865356445,337745600
2015-01-30,25.92522621154785,334982000
2015-02-02,26.250507354736328,250956400
2015-02-03,26.254940032958984,207662800
2015-02-04,26.456300735473633,280598800
2015-02-05,26.64513397216797,168984800
2015-02-06,26.420759201049805,174826400
2015-02-09,26.596263885498047,155559200
2015-02-10,27.107219696044922,248034000
2015-02-11,27.742584228515625,294247200
2015-02-12,28.093578338623047,297898000
2015-02-13,28.231319427490234,217088800
2015-02-17,28.39792823791504,252609600
2015-02-18,28.595645904541016,179566800
2015-02-19,28.535669326782227,149449600
2015-02-20,28.768924713134766,195793600
2015-02-23,29.546459197998047,283896400
2015-02-24,29.362079620361328,276912400
2015-02-25,28.611196517944336,298846800
2015-02-26,28.973308563232422,365150000
2015-02-27,28.53788185119629,248059200
2015-03-02,28.677846908569336,192386800
2015-03-03,28.737825393676758,151265200
2015-03-04,28.5556583404541,126665200
2015-03-05,28.08246421813965,226068400
2015-03-06,28.12468147277832,291368400
2015-03-09,28.244644165039062,354114000
2015-03-10,27.660383224487305,275426400
2015-03-11,27.156089782714844,275756000
2015-03-12,27.647045135498047,193450800
2015-03-13,27.45599365234375,207309200
2015-03-16,27.75812339782715,143497200
2015-03-17,28.222423553466797,204092400
2015-03-18,28.540109634399414,261083600
2015-03-19,28.324615478515625,183238000
2015-03-20,27.969173431396484,274780400
2015-03-23,28.260189056396484,150838800
2015-03-24,28.144678115844727,131369200
2015-03-25,27.409343719482422,206620800
2015-03-26,27.600406646728516,190291600
2015-03-27,27.380460739135742,158184800
2015-03-30,28.07358741760254,188398800
2015-03-31,27.642601013183594,168362400
2015-04-01,27.602622985839844,162485600
2015-04-02,27.840316772460938,128880400
2015-04-06,28.291297912597656,148776000
2015-04-07,27.993610382080078,140049200
2015-04-08,27.902528762817383,149316800
2015-04-09,28.11578941345215,129936000
2015-04-10,28.23575210571289,160752000
2015-04-13,28.180221557617188,145460400
2015-04-14,28.05803871154785,102098400
2015-04-15,28.1646671295166,115881600
2015-04-16,28.029159545898438,113476000
2015-04-17,27.713693618774414,207828000
2015-04-20,28.346830368041992,188217200
2015-04-21,28.19355010986328,129740400
2015-04-22,28.57343292236328,150618000
2015-04-23,28.806686401367188,183083600
2015-04-24,28.94220542907715,178103600
2015-04-27,29.468711853027344,387816800
2015-04-28,29.004404067993164,475696000
2015-04-29,28.57787322998047,253544400
2015-04-30,27.802553176879883,332781600
2015-05-01,28.64674186706543,234050400
2015-05-04,28.591203689575195,203953200
2015-05-05,27.94696044921875,197085600
2015-05-06,27.771453857421875,288564000
2015-05-07,27.9432315826416,175763600
2015-05-08,28.469701766967773,222201600
2015-05-11,28.179697036743164,168143200
2015-05-12,28.07931137084961,192640000
2015-05-13,28.11054039001465,138776800
2015-05-14,28.766403198242188,180814000
2015-05-15,28.72625160217285,152832000
2015-05-18,29.043020248413086,203531600
2015-05-19,29.01625633239746,178532800
2015-05-20,29.014019012451172,145819600
2015-05-21,29.310714721679688,158921600
2015-05-22,29.567258834838867,182384000
2015-05-26,28.915861129760742,282790400
2015-05-27,29.45572280883789,183332800
2015-05-28,29.397724151611328,122933200
2015-05-29,29.063100814819336,203538000
2015-06-01,29.12110137939453,128451200
2015-06-02,28.991710662841797,134670400
2015-06-03,29.027414321899414,123934000
2015-06-04,28.857866287231445,153800400
2015-06-05,28.699474334716797,142507200
2015-06-08,28.509859085083008,210699200
2015-06-09,28.425085067749023,224301600
2015-06-10,28.750782012939453,156349200
2015-06-11,28.68608856201172,141563600
2015-06-12,28.369312286376953,147544800
2015-06-15,28.31354522705078,175955600
2015-06-16,28.465240478515625,125976400
2015-06-17,28.3983211517334,131672400
2015-06-18,28.527706146240234,141628800
2015-06-19,28.24215316772461,218867600
2015-06-22,28.46747589111328,136157200
2015-06-23,28.33807945251465,121075600
2015-06-24,28.57901382446289,221123600
2015-06-25,28.442935943603516,127752400
2015-06-26,28.275617599487305,176267200
2015-06-29,27.78038215637207,196645600
2015-06-30,27.98115348815918,177482800
2015-07-01,28.24215316772461,120955200
2015-07-02,28.20646858215332,108844000
2015-07-06,28.108306884765625,112241600
2015-07-07,28.039155960083008,187787200
2015-07-08,27.343135833740234,243046400
2015-07-09,26.785430908203125,314380000
2015-07-10,27.50151824951172,245418000
2015-07-13,28.0324649810791,165762000
2015-07-14,28.02130699157715,127072400
2015-07-15,28.29123878479004,134596800
2015-07-16,28.66824722290039,144889600
2015-07-17,28.915861129760742,184658800
2015-07-20,29.462427139282227,235600800
2015-07-21,29.167949676513672,307025600
2015-07-22,27.934310913085938,461802400
2015-07-23,27.92091941833496,203998000
2015-07-24,27.773683547973633,168649200
2015-07-27,27.387752532958984,177822000
2015-07-28,27.52383041381836,134472400
2015-07-29,27.436832427978516,148046800
2015-07-30,27.298521041870117,134513200
2015-07-31,27.059823989868164,171540000
2015-08-03,26.421812057495117,279904000
2015-08-04,25.5740966796875,496554400
2015-08-05,25.743637084960938,397250400
2015-08-06,25.799659729003906,211612000
2015-08-07,25.887054443359375,154681600
2015-08-10,26.828243255615234,219806400
2015-08-11,25.432157516479492,388331200
2015-08-12,25.82431411743164,404870000
2015-08-13,25.80414390563965,194143200
2015-08-14,25.985660552978516,171718000
2015-08-17,26.25457191467285,163538800
2015-08-18,26.106672286987305,138242800
2015-08-19,25.77276611328125,193146000
2015-08-20,25.243919372558594,274006400
2015-08-21,23.699920654296875,513102000
2015-08-24,23.10832405090332,648825200
2015-08-25,23.247262954711914,414406400
2015-08-26,24.580608367919922,387098400
2015-08-27,25.304414749145508,338464400
2015-08-28,25.38733673095703,212657600
2015-08-31,25.268569946289062,224917200
2015-09-01,24.13914680480957,307383600
2015-09-02,25.174448013305664,247555200
2015-09-03,24.73299217224121,212935600
2015-09-04,24.48649024963379,199985200
2015-09-08,25.167726516723633,219374400
2015-09-09,24.683691024780273,340043200
2015-09-10,25.22598648071289,251571200
2015-09-11,25.593494415283203,199662000
2015-09-14,25.839998245239258,233453600
2015-09-15,26.05736541748047,173364800
2015-09-16,26.086502075195312,148694000
2015-09-17,25.52851104736328,256450400
2015-09-18,25.423192977905273,297141200
2015-09-21,25.817590713500977,200888000
2015-09-22,25.411985397338867,201384800
2015-09-23,25.61815071105957,143026800
2015-09-24,25.770530700683594,200878000
2015-09-25,25.70555305480957,224607600
2015-09-28,25.196857452392578,208436000
2015-09-29,24.439428329467773,293461600
2015-09-30,24.717308044433594,265892000
2015-10-01,24.555959701538086,255716400
2015-10-02,24.7352352142334,232079200
2015-10-05,24.824867248535156,208258800
2015-10-06,24.943635940551758,192787200
2015-10-07,24.824867248535156,187062400
2015-10-08,24.53802490234375,247918400
2015-10-09,25.12514877319336,211064400
2015-10-12,25.008625030517578,121868800
2015-10-13,25.051204681396484,132197200
2015-10-14,24.697134017944336,177849600
2015-10-15,25.066883087158203,150694000
2015-10-16,24.883129119873047,156930400
2015-10-19,25.037755966186523,119036800
2015-10-20,25.49489402770996,195871200
2015-10-21,25.49265480041504,167180800
2015-10-22,25.882579803466797,166616400
2015-10-23,26.68482780456543,237467600
2015-10-26,25.833280563354492,265335200
2015-10-27,25.6696834564209,279537600
2015-10-28,26.727407455444336,342205600
2015-10-29,27.009761810302734,204909200
2015-10-30,26.77894401550293,197461200
2015-11-02,27.155420303344727,128813200
2015-11-03,27.466903686523438,182076000
2015-11-04,27.339176177978516,179544400
2015-11-05,27.2131404876709,158210800
2015-11-06,27.24464988708496,132169200
2015-11-09,27.134374618530273,135485600
2015-11-10,26.27918243408203,236511600
2015-11-11,26.130659103393555,180872000
2015-11-12,26.04289436340332,130102400
2015-11-13,25.282207489013672,183249600
2015-11-16,25.696300506591797,152426800
2015-11-17,25.58603286743164,110467600
2015-11-18,26.396211624145508,186698800
2015-11-19,26.731536865234375,173183200
2015-11-20,26.848560333251953,137148400
2015-11-23,26.49973487854004,129930000
2015-11-24,26.754039764404297,171212800
2015-11-25,26.562746047973633,85553200
2015-11-27,26.513235092163086,52185600
2015-11-30,26.623510360717773,156721200
2015-12-01,26.4074649810791,139409600
2015-12-02,26.168901443481445,133546400
2015-12-03,25.925853729248047,166278000
2015-12-04,26.78780174255371,231108000
2015-12-07,26.619001388549805,128336800
2015-12-08,26.60776138305664,137238000
2015-12-09,26.020374298095703,185445600
2015-12-10,26.14415740966797,116850800
2015-12-11,25.471250534057617,187544800
2015-12-14,25.313709259033203,257274800
2015-12-15,24.86585807800293,213292400
2015-12-16,25.057151794433594,224954000
2015-12-17,24.526046752929688,179091200
2015-12-18,23.862140655517578,385813200
2015-12-21,24.154708862304688,190362400
2015-12-22,24.132192611694336,131157600
2015-12-23,24.44277000427246,130629600
2015-12-24,24.312238693237305,54281600
2015-12-28,24.039928436279297,106816800
2015-12-29,24.472023010253906,123724800
2015-12-30,24.15244483947754,100855200
2015-12-31,23.6888484954834,163649200
2016-01-04,23.7091007232666,270597600
2016-01-05,23.11496353149414,223164000
2016-01-06,22.66261863708496,273829600
2016-01-07,21.706151962280273,324377600
2016-01-08,21.820920944213867,283192000
2016-01-11,22.174257278442383,198957600
2016-01-12,22.49608039855957,196616800
2016-01-13,21.917701721191406,249758400
2016-01-14,22.397056579589844,252680400
2016-01-15,21.859182357788086,319335600
2016-01-19,21.753408432006836,212350800
2016-01-20,21.782665252685547,289337600
2016-01-21,21.672388076782227,208646000
2016-01-22,22.82465934753418,263202000
2016-01-25,22.37905502319336,207178000
2016-01-26,22.502826690673828,300308000
2016-01-27,21.024250030517578,533478800
2016-01-28,21.175033569335938,222715200
2016-01-29,21.906444549560547,257666000
2016-02-01,21.701650619506836,163774000
2016-02-02,21.262805938720703,149428800
2016-02-03,21.68364906311035,183857200
2016-02-04,21.857868194580078,185886800
2016-02-05,21.274091720581055,185672400
2016-02-08,21.498106002807617,216085600
2016-02-09,21.49357795715332,177324800
2016-02-10,21.330659866333008,169374400
2016-02-11,21.201690673828125,200298800
2016-02-12,21.26730728149414,161405600
2016-02-16,21.866924285888672,196231600
2016-02-17,22.201807022094727,179452800
2016-02-18,21.780941009521484,156084000
2016-02-19,21.731163024902344,141496800
2016-02-22,21.921236038208008,137123200
2016-02-23,21.425691604614258,127770400
2016-02-24,21.744741439819336,145022800
2016-02-25,21.894081115722656,110330800
2016-02-26,21.92802619934082,115964400
2016-02-29,21.878244400024414,140865200
2016-03-01,22.74712371826172,201628400
2016-03-02,22.796899795532227,132678400
2016-03-03,22.966604232788086,147822800
2016-03-04,23.308273315429688,184220400
2016-03-07,23.050329208374023,143315600
2016-03-08,22.860258102416992,126247600
2016-03-09,22.8806209564209,108806800
2016-03-10,22.891937255859375,134054400
2016-03-11,23.138578414916992,109632800
2016-03-14,23.197404861450195,100304400
2016-03-15,23.663524627685547,160270800
2016-03-16,23.978042602539062,153214000
2016-03-17,23.939579010009766,137682800
2016-03-18,23.96673011779785,176820800
2016-03-21,23.96446990966797,142010800
2016-03-22,24.147750854492188,129777600
2016-03-23,24.014253616333008,102814000
2016-03-24,23.910165786743164,104532000
2016-03-28,23.801544189453125,77645600
2016-03-29,24.364971160888672,124760400
2016-03-30,24.79035758972168,182404400
2016-03-31,24.66138458251953,103553600
2016-04-01,24.887657165527344,103496000
2016-04-04,25.143339157104492,149424800
2016-04-05,24.846925735473633,106314800
2016-04-06,25.10714340209961,105616400
2016-04-07,24.5595645904541,127207600
2016-04-08,24.58671760559082,94326800
2016-04-11,24.668169021606445,117630000
2016-04-12,24.989477157592773,108929200
2016-04-13,25.351512908935547,133029200
2016-04-14,25.36509132385254,101895600
2016-04-15,24.855979919433594,187756000
2016-04-18,24.31972312927246,243286000
2016-04-19,24.19074058532715,129539600
2016-04-20,24.240516662597656,122444000
2016-04-21,23.978042602539062,126210000
2016-04-22,23.912424087524414,134732400
2016-04-25,23.776662826538086,112126400
2016-04-26,23.611478805541992,224064800
2016-04-27,22.13392448425293,458408400
2016-04-28,21.457368850708008,328970800
2016-04-29,21.210737228393555,274126000
2016-05-02,21.188106536865234,192640400
2016-05-03,21.536563873291016,227325200
2016-05-04,21.312562942504883,164102000
2016-05-05,21.22605323791504,143562000
2016-05-06,21.1076717376709,174799600
2016-05-09,21.123615264892578,131745600
2016-05-10,21.26703453063965,134747200
2016-05-11,21.05986213684082,114876400
2016-05-12,20.565868377685547,305258800
2016-05-13,20.60684585571289,177571200
2016-05-16,21.37174415588379,245039200
2016-05-17,21.282962799072266,187667600
2016-05-18,21.526546478271484,168249600
2016-05-19,21.44459342956543,121768400
2016-05-20,21.676799774169922,128104000
2016-05-23,21.952253341674805,152074400
2016-05-24,22.286901473999023,140560800
2016-05-25,22.6784610748291,152675200
2016-05-26,22.85829734802246,225324800
2016-05-27,22.84463882446289,145364800
2016-05-31,22.733097076416016,169228800
2016-06-01,22.41438102722168,116693200
2016-06-02,22.245925903320312,160766400
2016-06-03,22.291452407836914,114019600
2016-06-06,22.453083038330078,93170000
2016-06-07,22.544143676757812,89638000
2016-06-08,22.523666381835938,83392400
2016-06-09,22.685283660888672,106405600
2016-06-10,22.49861717224121,126851600
2016-06-13,22.159421920776367,152082000
2016-06-14,22.186738967895508,127727600
2016-06-15,22.11388397216797,117780800
2016-06-16,22.207223892211914,125307200
2016-06-17,21.701833724975586,244032800
2016-06-20,21.649478912353516,137647600
2016-06-21,21.83387565612793,142185600
2016-06-22,21.751924514770508,116876400
2016-06-23,21.877134323120117,128960800
2016-06-24,21.26247215270996,301245600
2016-06-27,20.9528751373291,181958400
2016-06-28,21.305728912353516,161779600
2016-06-29,21.490123748779297,146124000
2016-06-30,21.7633056640625,143345600
2016-07-01,21.829317092895508,104106000
2016-07-05,21.624433517456055,110820800
2016-07-06,21.74736785888672,123796400
2016-07-07,21.840707778930664,100558400
2016-07-08,22.009170532226562,115648400
2016-07-11,22.077463150024414,95179600
2016-07-12,22.177629470825195,96670000
2016-07-13,22.052417755126953,103568800
2016-07-14,22.4895076751709,155676000
2016-07-15,22.487234115600586,120548000
2016-07-18,22.726261138916016,145975600
2016-07-19,22.73537254333496,95119600
2016-07-20,22.755857467651367,105104000
2016-07-21,22.63520050048828,130808000
2016-07-22,22.459915161132812,113254800
2016-07-25,22.159421920776367,161531600
2016-07-26,22.00688934326172,224959200
2016-07-27,23.43653106689453,369379200
2016-07-28,23.752962112426758,159479200
2016-07-29,23.72336196899414,110934800
2016-08-01,24.142242431640625,152671600
2016-08-02,23.784839630126953,135266400
2016-08-03,24.08306121826172,120810400
2016-08-04,24.231830596923828,109634800
2016-08-05,24.600330352783203,162213600
2016-08-08,24.804039001464844,112148800
2016-08-09,24.904743194580078,105260800
2016-08-10,24.71935272216797,96034000
2016-08-11,24.70332908630371,109938000
2016-08-12,24.760547637939453,74641600
2016-08-15,25.0580997467041,103472800
2016-08-16,25.035207748413086,135177600
2016-08-17,24.998584747314453,101424000
2016-08-18,24.966543197631836,87938800
2016-08-19,25.030630111694336,101472400
2016-08-22,24.836084365844727,103280800
2016-08-23,24.913898468017578,85030800
2016-08-24,24.726224899291992,94700400
2016-08-25,24.620933532714844,100344800
2016-08-26,24.47673225402832,111065200
2016-08-29,24.44927215576172,99881200
2016-08-30,24.261587142944336,99455600
2016-08-31,24.284469604492188,118649600
2016-09-01,24.428668975830078,106806000
2016-09-02,24.657548904418945,107210000
2016-09-06,24.650684356689453,107521600
2016-09-07,24.801748275756836,169457200
2016-09-08,24.15172004699707,212008000
2016-09-09,23.604692459106445,186228000
2016-09-12,24.133411407470703,181171200
2016-09-13,24.707910537719727,248704800
2016-09-14,25.58224105834961,443554800
2016-09-15,26.451997756958008,359934400
2016-09-16,26.303218841552734,319547600
2016-09-19,25.996517181396484,188092000
2016-09-20,25.994226455688477,138057200
2016-09-21,25.989652633666992,144012800
2016-09-22,26.234556198120117,124296000
2016-09-23,25.79738998413086,209924800
2016-09-26,25.8363037109375,119477600
2016-09-27,25.88436508178711,98429600
2016-09-28,26.08120346069336,118564400
2016-09-29,25.676076889038086,143548000
2016-09-30,25.875202178955078,145516400
2016-10-03,25.753894805908203,86807200
2016-10-04,25.863759994506836,118947200
2016-10-05,25.875202178955078,85812400
2016-10-06,26.067472457885742,115117200
2016-10-07,26.10637855529785,97433600
2016-10-10,26.561859130859375,144944000
2016-10-11,26.61907196044922,256164000
2016-10-12,26.857112884521484,150347200
2016-10-13,26.774717330932617,140769600
2016-10-14,26.92348861694336,142608800
2016-10-17,26.905181884765625,94499600
2016-10-18,26.88687515258789,98214000
2016-10-19,26.806760787963867,80138400
2016-10-20,26.793033599853516,96503200
2016-10-21,26.6877384185791,92770800
2016-10-24,26.928071975708008,94154800
2016-10-25,27.065399169921875,192516000
2016-10-26,26.45656394958496,264536800
2016-10-27,26.2025203704834,138248000
2016-10-28,26.0285587310791,151446800
2016-10-31,25.987361907958984,105677600
2016-11-01,25.518156051635742,175303200
2016-11-02,25.541038513183594,113326800
2016-11-03,25.267271041870117,107730400
2016-11-04,25.03951644897461,123348000
2016-11-07,25.40070343017578,130240000
2016-11-08,25.55024528503418,97016800
2016-11-09,25.508827209472656,236705600
2016-11-10,24.797958374023438,228538000
2016-11-11,24.945188522338867,136575600
2016-11-14,24.319429397583008,204702000
2016-11-15,24.64150619506836,129058000
2016-11-16,25.30408477783203,235362000
2016-11-17,25.294876098632812,110528000
2016-11-18,25.320186614990234,113715600
2016-11-21,25.704378128051758,117058400
2016-11-22,25.720481872558594,103862000
2016-11-23,25.589357376098633,109705600
2016-11-25,25.718181610107422,45903600
2016-11-28,25.667566299438477,108776000
2016-11-29,25.64226722717285,114115200
2016-11-30,25.426006317138672,144649200
2016-12-01,25.189050674438477,148347600
2016-12-02,25.283370971679688,106112000
2016-12-05,25.101627349853516,137298000
2016-12-06,25.294876098632812,104782000
2016-12-07,25.543338775634766,119994800
2016-12-08,25.79410743713379,108273200
2016-12-09,26.215110778808594,137610400
2016-12-12,26.06557273864746,105497600
2016-12-13,26.500381469726562,174935200
2016-12-14,26.500381469726562,136127200
2016-12-15,26.64531707763672,186098000
2016-12-16,26.679828643798828,177404400
2016-12-19,26.833965301513672,111117600
2016-12-20,26.905284881591797,85700000
2016-12-21,26.930593490600586,95132800
2016-12-22,26.753440856933594,104343600
2016-12-23,26.806367874145508,56998000
2016-12-27,26.97659683227539,73187600
2016-12-28,26.861574172973633,83623600
2016-12-29,26.854677200317383,60158000
2016-12-30,26.64531707763672,122345200
2017-01-03,26.721240997314453,115127600
2017-01-04,26.691333770751953,84472400
2017-01-05,26.827064514160156,88774400
2017-01-06,27.126142501831055,127007600
2017-01-09,27.374601364135742,134247600
2017-01-10,27.402212142944336,97848400
2017-01-11,27.549453735351562,110354400
2017-01-12,27.434415817260742,108344800
2017-01-13,27.3861026763916,104447600
2017-01-17,27.606962203979492,137759200
2017-01-18,27.604658126831055,94852000
2017-01-19,27.55634880065918,102389200
2017-01-20,27.606962203979492,130391600
2017-01-23,27.6253719329834,88200800
2017-01-24,27.60005760192871,92844000
2017-01-25,28.039466857910156,129510400
2017-01-26,28.05327033996582,105350400
2017-01-27,28.055574417114258,82251600
2017-01-30,27.981952667236328,121510000
2017-01-31,27.91754150390625,196804000
2017-02-01,29.619962692260742,447940000
2017-02-02,29.569355010986328,134841600
2017-02-03,29.695890426635742,98029200
2017-02-06,29.974252700805664,107383600
2017-02-07,30.2595272064209,152735200
2017-02-08,30.376859664916992,92016400
2017-02-09,30.596363067626953,113399600
2017-02-10,30.52704429626465,80262000
2017-02-13,30.797374725341797,92141600
2017-02-14,31.197111129760742,132904800
2017-02-15,31.310317993164062,142492400
2017-02-16,31.273351669311523,90338400
2017-02-17,31.35883903503418,88792800
2017-02-21,31.585281372070312,98028800
2017-02-22,31.680017471313477,83347600
2017-02-23,31.54599952697754,83152800
2017-02-24,31.576034545898438,87106400
2017-02-27,31.6384220123291,81029600
2017-02-28,31.65228271484375,93931600
2017-03-01,32.29924011230469,145658400
2017-03-02,32.10746383666992,104844000
2017-03-03,32.296939849853516,84432400
2017-03-06,32.19526290893555,87000000
2017-03-07,32.236854553222656,69785200
2017-03-08,32.116703033447266,74828800
2017-03-09,32.04277038574219,88623600
2017-03-10,32.14905548095703,78451200
2017-03-13,32.16291046142578,69686800
2017-03-14,32.11439514160156,61236400
2017-03-15,32.45404815673828,102767200
2017-03-16,32.507198333740234,76928000
2017-03-17,32.34543991088867,175540000
2017-03-20,32.68510437011719,86168000
2017-03-21,32.310787200927734,158119600
2017-03-22,32.67585754394531,103440800
2017-03-23,32.56033706665039,81385200
2017-03-24,32.49563217163086,89582400
2017-03-27,32.551090240478516,94300400
2017-03-28,33.22576141357422,133499200
2017-03-29,33.29970932006836,116760000
2017-03-30,33.25580978393555,84829200
2017-03-31,33.19342041015625,78646800
2017-04-03,33.202674865722656,79942800
2017-04-04,33.44989776611328,79565600
2017-04-05,33.27660369873047,110871600
2017-04-06,33.19342041015625,84596000
2017-04-07,33.11949157714844,66688800
2017-04-10,33.080204010009766,75733600
2017-04-11,32.72438430786133,121517600
2017-04-12,32.7636604309082,81400000
2017-04-13,32.590362548828125,71291600
2017-04-17,32.77058410644531,66328400
2017-04-18,32.625038146972656,58790000
2017-04-19,32.50486755371094,69313600
2017-04-20,32.91152572631836,93278400
2017-04-21,32.87226486206055,69283600
2017-04-24,33.18880844116211,68537200
2017-04-25,33.39444351196289,75486000
2017-04-26,33.19804382324219,80164800
2017-04-27,33.22346115112305,56985200
2017-04-28,33.19110107421875,83441600
2017-05-01,33.86811447143555,134411600
2017-05-02,34.08298873901367,181408800
2017-05-03,33.979007720947266,182788000
2017-05-04,33.8565559387207,93487600
2017-05-05,34.418025970458984,109310800
2017-05-08,35.35378646850586,195009600
2017-05-09,35.580230712890625,156521600
2017-05-10,35.41155242919922,103222800
2017-05-11,35.717811584472656,109020400
2017-05-12,36.21662521362305,130108000
2017-05-15,36.12382507324219,104038800
2017-05-16,36.070465087890625,80194000
2017-05-17,34.859375,203070800
2017-05-18,35.39066696166992,134272800
2017-05-19,35.511322021484375,107843200
2017-05-22,35.727073669433594,91865600
2017-05-23,35.68299865722656,79675600
2017-05-24,35.57627868652344,76712000
2017-05-25,35.699241638183594,76942400
2017-05-26,35.6389274597168,87710400
2017-05-30,35.65283966064453,80507600
2017-05-31,35.441707611083984,97804800
2017-06-01,35.539161682128906,65616400
2017-06-02,36.065826416015625,111082800
2017-06-05,35.71316909790039,101326800
2017-06-06,35.83381271362305,106499600
2017-06-07,36.04726791381836,84278400
2017-06-08,35.9591064453125,85003200
2017-06-09,34.564720153808594,259530800
2017-06-12,33.738765716552734,289229200
2017-06-13,34.01021957397461,136661600
2017-06-14,33.678443908691406,126124800
2017-06-15,33.47659683227539,128661600
2017-06-16,33.00794219970703,201444400
2017-06-19,33.95221710205078,130165600
2017-06-20,33.643638610839844,99600400
2017-06-21,33.843177795410156,85063200
2017-06-22,33.78750228881836,76425200
2017-06-23,33.938289642333984,141757600
2017-06-26,33.83156967163086,102769600
2017-06-27,33.34667205810547,99047600
2017-06-28,33.83389663696289,88329600
2017-06-29,33.33506774902344,125997600
2017-06-30,33.41396713256836,92096400
2017-07-03,33.293312072753906,57111200
2017-07-05,33.4301872253418,86278400
2017-07-06,33.11465835571289,96515200
2017-07-07,33.451080322265625,76806800
2017-07-10,33.65523910522461,84362400
2017-07-11,33.764278411865234,79127200
2017-07-12,33.813026428222656,99538000
2017-07-13,34.283992767333984,100797600
2017-07-14,34.57863998413086,80528400
2017-07-17,34.69928741455078,95174000
2017-07-18,34.819923400878906,71475200
2017-07-19,35.038028717041016,83692000
2017-07-20,34.880252838134766,68974800
2017-07-21,34.864013671875,105010400
2017-07-24,35.28626251220703,85972800
2017-07-25,35.43708419799805,75415600
2017-07-26,35.604122161865234,63124000
2017-07-27,34.93128967285156,129905200
2017-07-28,34.685359954833984,68854800
2017-07-31,34.50672149658203,79383600
2017-08-01,34.81298065185547,141474400
2017-08-02,36.457908630371094,279747200
2017-08-03,36.093666076660156,108389200
2017-08-04,36.28390884399414,82239600
2017-08-07,36.84537124633789,87481200
2017-08-08,37.14002990722656,144823600
2017-08-09,37.36738586425781,104526000
2017-08-10,36.17717361450195,163217200
2017-08-11,36.68027114868164,105028400
2017-08-14,37.2322998046875,88490800
2017-08-15,37.63990783691406,117862000
2017-08-16,37.48851013183594,110686400
2017-08-17,36.76879119873047,111762400
2017-08-18,36.68494415283203,109712400
2017-08-21,36.61738586425781,105474000
2017-08-22,37.21598434448242,86418400
2017-08-23,37.26258850097656,77596400
2017-08-24,37.097206115722656,79275600
2017-08-25,37.23463439941406,101920400
2017-08-28,37.60963439941406,103864000
2017-08-29,37.945037841796875,118067600
2017-08-30,38.047523498535156,109078400
2017-08-31,38.19891357421875,107140400
2017-09-01,38.210567474365234,66364400
2017-09-05,37.751712799072266,117874000
2017-09-06,37.71211624145508,86606800
2017-09-07,37.56072235107422,87714000
2017-09-08,36.9481315612793,114446000
2017-09-11,37.61661911010742,126323200
2017-09-12,37.46754837036133,286856000
2017-09-13,37.185707092285156,179629600
2017-09-14,36.866615295410156,95042800
2017-09-15,37.23928451538086,196458400
2017-09-18,36.957454681396484,113077600
2017-09-19,36.97142791748047,83242400
2017-09-20,36.35185241699219,211805600
2017-09-21,35.727638244628906,150046800
2017-09-22,35.37826156616211,186581600
2017-09-25,35.06614303588867,177549200
2017-09-26,35.669395446777344,146640000
2017-09-27,35.92329025268555,102016800
2017-09-28,35.70201110839844,88022000
2017-09-29,35.89766311645508,105199200
2017-10-02,35.825462341308594,74795200
2017-10-03,35.98151397705078,64921200
2017-10-04,35.74860763549805,80655200
2017-10-05,36.1934700012207,85135200
2017-10-06,36.17250061035156,69630400
2017-10-09,36.29829025268555,65051600
2017-10-10,36.31227493286133,62468000
2017-10-11,36.46367263793945,67622400
2017-10-12,36.3355598449707,64500400
2017-10-13,36.566158294677734,65576800
2017-10-16,37.23928451538086,96486000
2017-10-17,37.376712799072266,75989200
2017-10-18,37.211334228515625,65496800
2017-10-19,36.33089828491211,170336800
2017-10-20,36.39378356933594,95896400
2017-10-23,36.37514877319336,87937200
2017-10-24,36.59177017211914,71028800
2017-10-25,36.43104553222656,84828400
2017-10-26,36.663978576660156,68002000
2017-10-27,37.97764587402344,177816800
2017-10-30,38.83244705200195,178803200
2017-10-31,39.37285614013672,144187200
2017-11-01,38.8720703125,134551200
2017-11-02,39.156219482421875,165573600
2017-11-03,40.17873764038086,237594400
2017-11-06,40.58634567260742,140105200
2017-11-07,40.71678161621094,97446000
2017-11-08,41.049869537353516,97638000
2017-11-09,40.96601867675781,117930400
2017-11-10,40.83043670654297,100582000
2017-11-13,40.66680145263672,67928400
2017-11-14,40.052024841308594,99130000
2017-11-15,39.52372741699219,116632400
2017-11-16,39.99591827392578,94550000
2017-11-17,39.77384948730469,87598000
2017-11-20,39.73410415649414,65049600
2017-11-21,40.4727897644043,100525200
2017-11-22,40.89822006225586,102355600
2017-11-24,40.90056610107422,56106800
2017-11-27,40.694847106933594,82867200
2017-11-28,40.456424713134766,105715200
2017-11-29,39.61723327636719,166665600
2017-11-30,40.17123794555664,166108800
2017-12-01,39.984222412109375,159037200
2017-12-04,39.69203567504883,130169600
2017-12-05,39.65462875366211,109400800
2017-12-06,39.507362365722656,114240000
2017-12-07,39.579830169677734,102693200
2017-12-08,39.591522216796875,93420800
2017-12-11,40.3629150390625,141095200
2017-12-12,40.13618087768555,77636800
2017-12-13,40.26941680908203,95273600
2017-12-14,40.257728576660156,81906000
2017-12-15,40.66680145263672,160677200
2017-12-18,41.2395133972168,117684400
2017-12-19,40.80004119873047,109745600
2017-12-20,40.75562286376953,93902400
2017-12-21,40.909908294677734,83799600
2017-12-22,40.909908294677734,65397600
2017-12-26,39.87202072143555,132742000
2017-12-27,39.8790397644043,85992800
2017-12-28,39.991241455078125,65920800
2017-12-29,39.55879592895508,103999600
2018-01-02,40.267066955566406,102223600
2018-01-03,40.260066986083984,118071600
2018-01-04,40.44707489013672,89738400
2018-01-05,40.907569885253906,94640000
2018-01-08,40.75562286376953,82271200
2018-01-09,40.750953674316406,86336000
2018-01-10,40.741607666015625,95839600
2018-01-11,40.973018646240234,74670800
2018-01-12,41.3961181640625,101672400
2018-01-16,41.18573760986328,118263600
2018-01-17,41.86598205566406,137547200
2018-01-18,41.90338134765625,124773600
2018-01-19,41.71637725830078,129700400
2018-01-22,41.37509536743164,108434400
2018-01-23,41.38444519042969,130756400
2018-01-24,40.72525405883789,204420400
2018-01-25,39.99825668334961,166116000
2018-01-26,40.091758728027344,156572000
2018-01-29,39.26192855834961,202561600
2018-01-30,39.03050231933594,184192800
2018-01-31,39.138023376464844,129915600
2018-02-01,39.2198486328125,188923200
2018-02-02,37.5180778503418,346375200
2018-02-05,36.580718994140625,290954000
2018-02-06,38.1094970703125,272975200
2018-02-07,37.29368209838867,206434400
2018-02-08,36.267478942871094,217562000
2018-02-09,36.711097717285156,282690400
2018-02-12,38.18976593017578,243278000
2018-02-13,38.57234191894531,130196800
2018-02-14,39.28350830078125,162579600
2018-02-15,40.602577209472656,204588800
2018-02-16,40.47113800048828,160704400
2018-02-20,40.335018157958984,135722000
2018-02-21,40.15195083618164,149886400
2018-02-22,40.487571716308594,123967600
2018-02-23,41.19172286987305,135249600
2018-02-26,42.00615310668945,152648800
2018-02-27,41.870025634765625,155712400
2018-02-28,41.8066520690918,151128400
2018-03-01,41.07435989379883,195208000
2018-03-02,41.358367919921875,153816000
2018-03-05,41.50154495239258,113605600
2018-03-06,41.46632766723633,95154000
2018-03-07,41.08140563964844,126814000
2018-03-08,41.52968978881836,95096400
2018-03-09,42.24321365356445,128740800
2018-03-12,42.651615142822266,128828400
2018-03-13,42.240867614746094,126774000
2018-03-14,41.88175964355469,117473600
2018-03-15,41.93104934692383,90975200
2018-03-16,41.78317642211914,157618800
2018-03-19,41.1447639465332,133787200
2018-03-20,41.13068771362305,78597600
2018-03-21,40.198883056640625,148219600
2018-03-22,39.63088607788086,165963200
2018-03-23,38.71316909790039,164115200
2018-03-26,40.55094909667969,150164800
2018-03-27,39.51118087768555,163690400
2018-03-28,39.07461166381836,166674000
2018-03-29,39.37974166870117,153594000
2018-04-02,39.12156677246094,150347200
2018-04-03,39.522926330566406,121112000
2018-04-04,40.278690338134766,138422000
2018-04-05,40.5579948425293,107732800
2018-04-06,39.52058029174805,140021200
2018-04-09,39.912532806396484,116070800
2018-04-10,40.663612365722656,113634400
2018-04-11,40.47349166870117,89726400
2018-04-12,40.872501373291016,91557200
2018-04-13,41.010986328125,100497200
2018-04-16,41.266822814941406,86313600
2018-04-17,41.8348274230957,106421600
2018-04-18,41.740936279296875,83018000
2018-04-19,40.5579948425293,139235200
2018-04-20,38.8962516784668,261964400
2018-04-23,38.7835807800293,146062000
2018-04-24,38.24374771118164,134768000
2018-04-25,38.41039276123047,113528400
2018-04-26,38.5441780090332,111852000
2018-04-27,38.09822082519531,142623200
2018-04-30,38.78826904296875,169709600
2018-05-01,39.68958282470703,214277600
2018-05-02,41.44285583496094,266157600
2018-05-03,41.517967224121094,136272800
2018-05-04,43.14685821533203,224805200
2018-05-07,43.459014892578125,169805600
2018-05-08,43.66791915893555,113611200
2018-05-09,43.97538375854492,92844800
2018-05-10,44.60438919067383,111957200
2018-05-11,44.434757232666016,104848800
2018-05-14,44.331092834472656,83115200
2018-05-15,43.928192138671875,94780800
2018-05-16,44.33816146850586,76732400
2018-05-17,44.057762145996094,69176000
2018-05-18,43.89755630493164,73190800
2018-05-21,44.20856857299805,73603200
2018-05-22,44.09782409667969,60962800
2018-05-23,44.38056945800781,80233600
2018-05-24,44.331092834472656,92936000
2018-05-25,44.43240737915039,69844000
2018-05-29,44.27218246459961,90056400
2018-05-30,44.17792510986328,74762000
2018-05-31,44.02949905395508,109931200
2018-06-01,44.82352828979492,93770000
2018-06-04,45.19815444946289,105064800
2018-06-05,45.54685974121094,86264000
2018-06-06,45.704734802246094,83734400
2018-06-07,45.58220291137695,85388800
2018-06-08,45.16751480102539,106627200
2018-06-11,45.056793212890625,73234000
2018-06-12,45.304176330566406,67644400
2018-06-13,44.93190383911133,86553600
2018-06-14,44.95547866821289,86440400
2018-06-15,44.493675231933594,246876800
2018-06-18,44.47010040283203,73939600
2018-06-19,43.75148010253906,134314000
2018-06-20,43.94232177734375,82514800
2018-06-21,43.697288513183594,102847600
2018-06-22,43.5700569152832,108801600
2018-06-25,42.9221076965332,126652400
2018-06-26,43.4546012878418,98276800
2018-06-27,43.390987396240234,101141200
2018-06-28,43.70670700073242,69460800
2018-06-29,43.61481857299805,90950800
2018-07-02,44.102535247802734,70925200
2018-07-03,43.33443069458008,55819200
2018-07-05,43.68314743041992,66416800
2018-07-06,44.28868103027344,69940800
2018-07-09,44.90363311767578,79026400
2018-07-10,44.84944152832031,63756400
2018-07-11,44.267459869384766,75326000
2018-07-12,45.00967788696289,72164400
2018-07-13,45.080360412597656,50055600
2018-07-16,44.98139572143555,60172400
2018-07-17,45.10862731933594,62138000
2018-07-18,44.8612174987793,65573600
2018-07-19,45.20994186401367,81147200
2018-07-20,45.10627746582031,82704800
2018-07-23,45.146331787109375,63957600
2018-07-24,45.473819732666016,74791600
2018-07-25,45.902645111083984,66839600
2018-07-26,45.75893020629883,76304000
2018-07-27,44.997867584228516,96096000
2018-07-30,44.74578094482422,84118000
2018-07-31,44.83530044555664,157492000
2018-08-01,47.476558685302734,271742800
2018-08-02,48.86433410644531,249616000
2018-08-03,49.005706787109375,133789600
2018-08-06,49.26017379760742,101701600
2018-08-07,48.79835891723633,102349600
2018-08-08,48.83134841918945,90102000
2018-08-09,49.215396881103516,93970400
2018-08-10,49.068817138671875,98444800
2018-08-13,49.385643005371094,103563600
2018-08-14,49.593711853027344,82992000
2018-08-15,49.709571838378906,115230400
2018-08-16,50.437801361083984,114001600
2018-08-17,51.445045471191406,141708000
2018-08-20,50.94380569458008,121150800
2018-08-21,50.8444938659668,104639200
2018-08-22,50.84685134887695,76072400
2018-08-23,50.950889587402344,75532800
2018-08-24,51.109310150146484,73905600
2018-08-27,51.530174255371094,82100400
2018-08-28,51.94630432128906,91107200
2018-08-29,52.721839904785156,109019200
2018-08-30,53.206546783447266,195175200
2018-08-31,53.821292877197266,173360400
2018-09-04,53.993892669677734,109560400
2018-09-05,53.64159393310547,133332000
2018-09-06,52.750221252441406,137160000
2018-09-07,52.32462692260742,150479200
2018-09-10,51.62238693237305,158066000
2018-09-11,52.92755889892578,142996000
2018-09-12,52.27023696899414,197114800
2018-09-13,53.53282928466797,166825600
2018-09-14,52.92517852783203,127997200
2018-09-17,51.5159912109375,148780400
2018-09-18,51.601104736328125,126286800
2018-09-19,51.6318359375,108495200
2018-09-20,52.02433395385742,106435200
2018-09-21,51.46396255493164,384986800
2018-09-24,52.20403289794922,110773600
2018-09-25,52.53505325317383,98217600
2018-09-26,52.11654281616211,95938800
2018-09-27,53.187625885009766,120724800
2018-09-28,53.37441635131836,91717600
2018-10-01,53.73381423950195,94403200
2018-10-02,54.21141815185547,99152800
2018-10-03,54.871089935302734,114619200
2018-10-04,53.90642166137695,128168000
2018-10-05,53.03158187866211,134322000
2018-10-08,52.908634185791016,118655600
2018-10-09,53.64159393310547,107564000
2018-10-10,51.15659713745117,167962400
2018-10-11,50.70499038696289,212497600
2018-10-12,52.516136169433594,161351600
2018-10-15,51.393028259277344,123164000
2018-10-16,52.525596618652344,116736000
2018-10-17,52.298606872558594,91541600
2018-10-18,51.07619857788086,130325200
2018-10-19,51.854095458984375,132314800
2018-10-22,52.17093276977539,115168400
2018-10-23,52.6627311706543,155071200
2018-10-24,50.8563117980957,163702000
2018-10-25,51.96995162963867,119423200
2018-10-26,51.14239501953125,189033600
2018-10-29,50.18244552612305,183742000
2018-10-30,50.43309020996094,146640000
2018-10-31,51.747703552246094,153435600
2018-11-01,52.54214859008789,233292800
2018-11-02,49.05698776245117,365314800
2018-11-05,47.66434097290039,264654800
2018-11-06,48.17979049682617,127531600
2018-11-07,49.640995025634766,133697600
2018-11-08,49.467803955078125,101450400
2018-11-09,48.51396560668945,137463200
2018-11-12,46.07014083862305,204542000
2018-11-13,45.609825134277344,187531600
2018-11-14,44.32147216796875,243204000
2018-11-15,45.41529083251953,185915200
2018-11-16,45.91829299926758,147713200
2018-11-19,44.09844970703125,167701200
2018-11-20,41.99151611328125,271300800
2018-11-21,41.944061279296875,124496800
2018-11-23,40.878726959228516,94496000
2018-11-26,41.431556701660156,179994000
2018-11-27,41.34138870239258,165549600
2018-11-28,42.931087493896484,184250000
2018-11-29,42.60128402709961,167080000
2018-11-30,42.371131896972656,158126000
2018-12-03,43.851688385009766,163210000
2018-12-04,41.92271423339844,165377200
2018-12-06,41.45528793334961,172393600
2018-12-07,39.97711944580078,169126400
2018-12-10,40.240482330322266,248104000
2018-12-11,40.010337829589844,189126800
2018-12-12,40.12185287475586,142510800
2018-12-13,40.560787200927734,127594400
2018-12-14,39.262943267822266,162814800
2018-12-17,38.89755630493164,177151600
2018-12-18,39.40292739868164,135366000
2018-12-19,38.17388916015625,196189200
2018-12-20,37.2105827331543,259092000
2018-12-21,35.76326370239258,382978400
2018-12-24,34.837913513183594,148676800
2018-12-26,37.29125213623047,234330000
2018-12-27,37.04924774169922,212468400
2018-12-28,37.0682258605957,169165600
2018-12-31,37.42649841308594,140014000
2019-01-02,37.469200134277344,148158800
2019-01-03,33.73699951171875,365248800
2019-01-04,35.17720031738281,234428400
2019-01-07,35.098899841308594,219111200
2019-01-08,35.76798629760742,164101200
2019-01-09,36.37540054321289,180396400
2019-01-10,36.49165344238281,143122800
2019-01-11,36.13338851928711,108092800
2019-01-14,35.590049743652344,129756800
2019-01-15,36.31846618652344,114843600
2019-01-16,36.76214599609375,122278800
2019-01-17,36.98042297363281,119284800
2019-01-18,37.208213806152344,135004000
2019-01-22,36.3730354309082,121576000
2019-01-23,36.5201416015625,92522400
2019-01-24,36.23067092895508,101766000
2019-01-25,37.431251525878906,134142000
2019-01-28,37.08483123779297,104768400
2019-01-29,36.70045471191406,166348800
2019-01-30,39.208370208740234,244439200
2019-01-31,39.490718841552734,162958400
2019-02-01,39.509700775146484,130672400
2019-02-04,40.631961822509766,125982000
2019-02-05,41.327171325683594,144406400
2019-02-06,41.34138870239258,112958400
2019-02-07,40.558414459228516,126966800
2019-02-08,40.6060791015625,95280000
2019-02-11,40.37255859375,83973600
2019-02-12,40.72045135498047,89134000
2019-02-13,40.551273345947266,89960800
2019-02-14,40.69900131225586,87342800
2019-02-15,40.60845184326172,98507200
2019-02-19,40.729976654052734,75891200
2019-02-20,40.99209213256836,104457600
2019-02-21,40.76095199584961,68998800
2019-02-22,41.21608352661133,75652800
2019-02-25,41.51631546020508,87493600
2019-02-26,41.5401611328125,68280800
2019-02-27,41.6688232421875,111341600
2019-02-28,41.258968353271484,112861600
2019-03-01,41.692657470703125,103544800
2019-03-04,41.902347564697266,109744800
2019-03-05,41.82608413696289,78949600
2019-03-06,41.58542251586914,83241600
2019-03-07,41.10408401489258,99185600
2019-03-08,41.201786041259766,95997600
2019-03-11,42.629112243652344,128044000
2019-03-12,43.10807418823242,129870400
2019-03-13,43.2986946105957,124130000
2019-03-14,43.780029296875,94318000
2019-03-15,44.34953689575195,156171600
2019-03-18,44.80227279663086,104879200
2019-03-19,44.44721603393555,126585600
2019-03-20,44.83563232421875,124140800
2019-03-21,46.48693084716797,204136800
2019-03-22,45.524261474609375,169630800
2019-03-25,44.97383117675781,175381200
2019-03-26,44.50917434692383,199202000
2019-03-27,44.90950012207031,119393600
2019-03-28,44.96906280517578,83121600
2019-03-29,45.26216506958008,94256000
2019-04-01,45.569541931152344,111448000
2019-04-02,46.23197937011719,91062800
2019-04-03,46.54890060424805,93087200
2019-04-04,46.62991714477539,76457200
2019-04-05,46.94206237792969,74106400
2019-04-08,47.68075180053711,103526800
2019-04-09,47.53779220581055,143072800
2019-04-10,47.804649353027344,86781200
2019-04-11,47.40671157836914,83603200
2019-04-12,47.38764953613281,111042800
2019-04-15,47.47343826293945,70146400
2019-04-16,47.478206634521484,102785600
2019-04-17,48.40275573730469,115627200
2019-04-18,48.576690673828125,96783200
2019-04-22,48.73634338378906,77758000
2019-04-23,49.43928527832031,93292000
2019-04-24,49.36302947998047,70162400
2019-04-25,48.9150505065918,74172800
2019-04-26,48.681549072265625,74596400
2019-04-29,48.755409240722656,88818800
2019-04-30,47.81657791137695,186139600
2019-05-01,50.16367721557617,259309200
2019-05-02,49.837223052978516,127985200
2019-05-03,50.456756591796875,83569600
2019-05-06,49.67756652832031,129772400
2019-05-07,48.33841323852539,155054800
2019-05-08,48.34794235229492,105358000
2019-05-09,47.828487396240234,139634400
2019-05-10,47.165897369384766,164834800
2019-05-13,44.42463302612305,229722400
2019-05-14,45.127899169921875,146118800
2019-05-15,45.66849136352539,106178800
2019-05-16,45.46755599975586,132125600
2019-05-17,45.2092170715332,131516400
2019-05-20,43.795536041259766,154449200
2019-05-21,44.63513946533203,113459200
2019-05-22,43.72138595581055,118994400
2019-05-23,42.97506332397461,146118800
2019-05-24,42.81001663208008,94858800
2019-05-28,42.633018493652344,111792800
2019-05-29,42.42969512939453,113924800
2019-05-30,42.64976501464844,84873600
2019-05-31,41.87714767456055,108174400
2019-06-03,41.4537467956543,161584400
2019-06-04,42.97028350830078,123872000
2019-06-05,43.663963317871094,119093600
2019-06-06,44.3050422668457,90105200
2019-06-07,45.48430252075195,122737600
2019-06-10,46.06556701660156,104883600
2019-06-11,46.59897994995117,107731600
2019-06-12,46.45068359375,73012800
2019-06-13,46.44110870361328,86698400
2019-06-14,46.10383987426758,75046000
2019-06-17,46.3789176940918,58676400
2019-06-18,47.46969223022461,106204000
2019-06-19,47.33095169067383,84496800
2019-06-20,47.711273193359375,86056000
2019-06-21,47.548614501953125,191202400
2019-06-24,47.50078201293945,72881600
2019-06-25,46.78078842163086,84281200
2019-06-26,47.7926025390625,104270000
2019-06-27,47.778255462646484,83598800
2019-06-28,47.3428955078125,124442400
2019-07-01,48.21121597290039,109012000
2019-07-02,48.49345779418945,67740800
2019-07-03,48.895320892333984,45448000
2019-07-05,48.85227966308594,69062000
2019-07-08,47.84523010253906,101354400
2019-07-09,48.13706588745117,82312000
2019-07-10,48.61305618286133,71588400
2019-07-11,48.25905227661133,80767200
2019-07-12,48.62981414794922,70380800
2019-07-15,49.08668899536133,67789600
2019-07-16,48.9168586730957,67467200
2019-07-17,48.64176559448242,56430000
2019-07-18,49.194332122802734,74162400
2019-07-19,48.45996856689453,83717200
2019-07-22,49.56747817993164,89111600
2019-07-23,49.954994201660156,73420800
2019-07-24,49.91432189941406,59966400
2019-07-25,49.519649505615234,55638400
2019-07-26,49.691864013671875,70475600
2019-07-29,50.15591049194336,86693600
2019-07-30,49.94063186645508,135742800
2019-07-31,50.95964050292969,277125600
2019-08-01,49.85691452026367,216071600
2019-08-02,48.80204391479492,163448400
2019-08-05,46.24735641479492,209572000
2019-08-06,47.12283706665039,143299200
2019-08-07,47.61081314086914,133457600
2019-08-08,48.660911560058594,108038000
2019-08-09,48.259918212890625,98478800
2019-08-12,48.13746643066406,89927600
2019-08-13,50.17600631713867,188874000
2019-08-14,48.68252182006836,146189600
2019-08-15,48.44000244140625,108909600
2019-08-16,49.58293533325195,110481600
2019-08-19,50.507354736328125,97654400
2019-08-20,50.50975799560547,107537200
2019-08-21,51.057220458984375,86141600
2019-08-22,51.01399612426758,89014800
2019-08-23,48.65611267089844,187272000
2019-08-26,49.580528259277344,104174400
2019-08-27,49.021080017089844,103493200
2019-08-28,49.350013732910156,63755200
2019-08-29,50.185604095458984,83962000
2019-08-30,50.12077331542969,84573600
2019-09-03,49.390846252441406,80092000
2019-09-04,50.22882843017578,76752400
2019-09-05,51.210880279541016,95654800
2019-09-06,51.20607376098633,77449200
2019-09-09,51.42458724975586,109237600
2019-09-10,52.032073974609375,127111600
2019-09-11,53.68642807006836,177158400
2019-09-12,53.566368103027344,128906800
2019-09-13,52.524288177490234,159053200
2019-09-16,52.8004264831543,84632400
2019-09-17,52.99251937866211,73274800
2019-09-18,53.489540100097656,101360000
2019-09-19,53.05494689941406,88242400
2019-09-20,52.27937316894531,221652400
2019-09-23,52.51709747314453,76662000
2019-09-24,52.26737594604492,124763200
2019-09-25,53.071739196777344,87613600
2019-09-26,52.798011779785156,75334000
2019-09-27,52.54110336303711,101408000
2019-09-30,53.77766418457031,103909600
2019-10-01,53.92654800415039,139223200
2019-10-02,52.57472229003906,138449200
2019-10-03,53.02132034301758,114426000
2019-10-04,54.50761413574219,138478800
2019-10-07,54.519615173339844,122306000
2019-10-08,53.880916595458984,111820000
2019-10-09,54.51241683959961,74770400
2019-10-10,55.247154235839844,113013600
2019-10-11,56.716636657714844,166795600
2019-10-14,56.63499450683594,96427600
2019-10-15,56.502933502197266,87360000
2019-10-16,56.27482604980469,73903200
2019-10-17,56.493324279785156,67585200
2019-10-18,56.76465606689453,97433600
2019-10-21,57.74911117553711,87247200
2019-10-22,57.61705780029297,82293600
2019-10-23,58.390201568603516,75828800
2019-10-24,58.48625183105469,69275200
2019-10-25,59.20659255981445,73477200
2019-10-28,59.79965591430664,96572800
2019-10-29,58.41661834716797,142839600
2019-10-30,58.4094123840332,124522000
2019-10-31,59.73003005981445,139162000
2019-11-01,61.42521286010742,151125200
2019-11-04,61.82859420776367,103272000
2019-11-05,61.73976516723633,79897600
2019-11-06,61.76616668701172,75864400
2019-11-07,62.4790153503418,94940400
2019-11-08,62.650020599365234,69986400
2019-11-11,63.14612579345703,81821200
2019-11-12,63.08832931518555,87388800
2019-11-13,63.69282150268555,102734400
2019-11-14,63.252105712890625,89182800
2019-11-15,64.00347900390625,100206400
2019-11-18,64.32621765136719,86703200
2019-11-19,64.13114166259766,76167200
2019-11-20,63.384559631347656,106234400
2019-11-21,63.10036849975586,121395200
2019-11-22,63.04499435424805,65325200
2019-11-25,64.15040588378906,84020400
2019-11-26,63.649478912353516,105207600
2019-11-27,64.50444793701172,65235600
2019-11-29,64.36233520507812,46617600
2019-12-02,63.61817169189453,94487200
2019-12-03,62.48385238647461,114430400
2019-12-04,63.035343170166016,67181600
2019-12-05,63.96015548706055,74424400
2019-12-06,65.19562530517578,106075600
2019-12-09,64.28285217285156,128042400
2019-12-10,64.65856170654297,90420400
2019-12-11,65.2100601196289,78756800
2019-12-12,65.37621307373047,137310400
2019-12-13,66.26490020751953,133587600
2019-12-16,67.39921569824219,128186000
2019-12-17,67.53167724609375,114158400
2019-12-18,67.37031555175781,116028400
2019-12-19,67.43775177001953,98369200
2019-12-20,67.29808044433594,275978000
2019-12-23,68.39627075195312,98572000
2019-12-24,68.46127319335938,48478800
2019-12-26,69.81959533691406,93121200
2019-12-27,69.7930908203125,146266000
2019-12-30,70.20733642578125,144114400
2019-12-31,70.72029113769531,100805600
2020-01-02,72.3338851928711,135480400
2020-01-03,71.6306381225586,146322800
2020-01-06,72.20140075683594,118387200
2020-01-07,71.8618392944336,108872000
2020-01-08,73.01783752441406,132079200
2020-01-09,74.56878662109375,170108400
2020-01-10,74.73738098144531,140644800
2020-01-13,76.33406829833984,121532000
2020-01-14,75.30333709716797,161954400
2020-01-15,74.98060607910156,121923600
2020-01-16,75.91986083984375,108829200
2020-01-17,76.76036071777344,137816400
2020-01-21,76.24017333984375,110843200
2020-01-22,76.51232147216797,101832400
2020-01-23,76.88079071044922,104472000
2020-01-24,76.65922546386719,146537600
2020-01-27,74.40501403808594,161940000
2020-01-28,76.5098876953125,162234000
2020-01-29,78.11143493652344,216229200
2020-01-30,77.99822998046875,126743200
2020-01-31,74.53990173339844,199588400
2020-02-03,74.3351821899414,173788400
2020-02-04,76.78926086425781,136616400
2020-02-05,77.41544342041016,118826800
2020-02-06,78.3209457397461,105425600
2020-02-07,77.25634765625,117684000
2020-02-10,77.62330627441406,109348800
2020-02-11,77.15496826171875,94323200
2020-02-12,78.98722839355469,113730400
2020-02-13,78.42474365234375,94747600
2020-02-14,78.444091796875,80113600
2020-02-18,77.00772094726562,152531200
2020-02-19,78.12299346923828,93984000
2020-02-20,77.32154083251953,100566000
2020-02-21,75.57136535644531,129554000
2020-02-24,71.9817123413086,222195200
2020-02-25,69.54353332519531,230673600
2020-02-26,70.64673614501953,198054800
2020-02-27,66.02867889404297,320605600
2020-02-28,65.99006652832031,426510000
2020-03-02,72.13379669189453,341397200
2020-03-03,69.84285736083984,319475600
2020-03-04,73.08251190185547,219178400
2020-03-05,70.7119140625,187572800
2020-03-06,69.77285766601562,226176800
2020-03-09,64.2543716430664,286744800
2020-03-10,68.882080078125,285290000
2020-03-11,66.4897689819336,255598800
2020-03-12,59.92359161376953,418474000
2020-03-13,67.10292053222656,370732000
2020-03-16,58.47034454345703,322423600
2020-03-17,61.041290283203125,324056000
2020-03-18,59.54701232910156,300233600
2020-03-19,59.09075164794922,271857200
2020-03-20,55.33934020996094,401693200
2020-03-23,54.163692474365234,336752800
2020-03-24,59.59769821166992,287531200
2020-03-25,59.269386291503906,303602000
2020-03-26,62.38832473754883,252087200
2020-03-27,59.80530548095703,204216800
2020-03-30,61.512027740478516,167976400
2020-03-31,61.386497497558594,197002000
2020-04-01,58.156524658203125,176218400
2020-04-02,59.12696075439453,165934000
2020-04-03,58.2772216796875,129880000
2020-04-06,63.36117172241211,201820400
2020-04-07,62.627296447753906,202887200
2020-04-08,64.23023223876953,168895200
2020-04-09,64.69371032714844,161834800
2020-04-13,65.96351623535156,131022800
2020-04-14,69.29487609863281,194994800
2020-04-15,68.66239166259766,131154400
2020-04-16,69.2079849243164,157125200
2020-04-17,68.2689208984375,215250000
2020-04-20,66.85187530517578,130015200
2020-04-21,64.78547668457031,180991600
2020-04-22,66.65149688720703,116862400
2020-04-23,66.3932113647461,124814400
2020-04-24,68.3099594116211,126161200
2020-04-27,68.35823059082031,117087600
2020-04-28,67.25017547607422,112004800
2020-04-29,69.45903778076172,137280800
2020-04-30,70.92434692382812,183064000
2020-05-01,69.78253173828125,240616800
2020-05-04,70.76985168457031,133568000
2020-05-05,71.83204650878906,147751200
2020-05-06,72.57315826416016,142333600
2020-05-07,73.32388305664062,115215200
2020-05-08,75.06915283203125,133838400
2020-05-11,76.2503662109375,145946400
2020-05-12,75.37895202636719,162301200
2020-05-13,74.46882629394531,200622400
2020-05-14,74.92632293701172,158929200
2020-05-15,74.48335266113281,166348400
2020-05-18,76.2382583618164,135178400
2020-05-19,75.7977294921875,101729600
2020-05-20,77.27184295654297,111504800
2020-05-21,76.69574737548828,102688800
2020-05-22,77.18953704833984,81803200
2020-05-26,76.6667251586914,125522000
2020-05-27,77.000732421875,112945200
2020-05-28,77.03462982177734,133560800
2020-05-29,76.95960235595703,153532400
2020-06-01,77.90603637695312,80791200
2020-06-02,78.26670837402344,87642800
2020-06-03,78.69757843017578,104491200
2020-06-04,78.01980590820312,87560400
2020-06-05,80.24188995361328,137250400
2020-06-08,80.71632385253906,95654400
2020-06-09,83.26517486572266,147712400
2020-06-10,85.4073715209961,166651600
2020-06-11,81.30693054199219,201662400
2020-06-12,82.0089111328125,200146000
2020-06-15,83.02312469482422,138808800
2020-06-16,85.22343444824219,165428800
2020-06-17,85.10481262207031,114406400
2020-06-18,85.1386947631836,96820400
2020-06-19,84.65217590332031,264476000
2020-06-22,86.86698150634766,135445200
2020-06-23,88.72114562988281,212155600
2020-06-24,87.155029296875,192623200
2020-06-25,88.31207275390625,137522400
2020-06-26,85.59861755371094,205256800
2020-06-29,87.57135772705078,130646000
2020-06-30,88.3023910522461,140223200
2020-07-01,88.13538360595703,110737200
2020-07-02,88.13538360595703,114041600
2020-07-06,90.49300384521484,118655600
2020-07-07,90.21220397949219,112424400
2020-07-08,92.31327819824219,117092000
2020-07-09,92.71025848388672,125642800
2020-07-10,92.87242126464844,90257200
2020-07-13,92.44398498535156,191649200
2020-07-14,93.9737777709961,170989200
2020-07-15,94.62008666992188,153198000
2020-07-16,93.45578002929688,110577600
2020-07-17,93.26697540283203,92186800
2020-07-20,95.23247528076172,90318000
2020-07-21,93.91809844970703,103433200
2020-07-22,94.18196105957031,89001600
2020-07-23,89.8951416015625,197004400
2020-07-24,89.67243957519531,185438800
2020-07-27,91.79767608642578,121214000
2020-07-28,90.28968811035156,103625600
2020-07-29,92.02039337158203,90329200
2020-07-30,93.13384246826172,158130000
2020-07-31,102.88390350341797,374336800
2020-08-03,105.47631072998047,308151200
2020-08-04,106.18070983886719,173071600
2020-08-05,106.56558227539062,121776800
2020-08-06,110.28357696533203,202428800
2020-08-07,107.77621459960938,198045600
2020-08-10,109.34272003173828,212403600
2020-08-11,106.09085845947266,187902400
2020-08-12,109.6167221069336,165598000
2020-08-13,111.5566635131836,210082000
2020-08-14,111.45726013183594,165565200
2020-08-17,111.166259765625,119561600
2020-08-18,112.09257507324219,105633600
2020-08-19,112.23323059082031,145538000
2020-08-20,114.7236099243164,126907200
2020-08-21,120.6356201171875,338054800
2020-08-24,122.07845306396484,345937600
2020-08-25,121.07694244384766,211495600
2020-08-26,122.7235107421875,163022400
2020-08-27,121.25639343261719,155552400
2020-08-28,121.05998992919922,187630000
2020-08-31,125.16539001464844,225702700
2020-09-01,130.15103149414062,151948100
2020-09-02,127.45450592041016,200119000
2020-09-03,117.25040435791016,257599600
2020-09-04,117.32799530029297,332607200
2020-09-08,109.43242645263672,231366600
2020-09-09,113.79731750488281,176940500
2020-09-10,110.0822982788086,182274400
2020-09-11,108.63704681396484,180860300
2020-09-14,111.89617156982422,140150100
2020-09-15,112.07075500488281,184642000
2020-09-16,108.76314544677734,154679000
2020-09-17,107.02689361572266,178011000
2020-09-18,103.6319808959961,287104900
2020-09-21,106.77468872070312,195713800
2020-09-22,108.4527359008789,183055400
2020-09-23,103.90355682373047,150718700
2020-09-24,104.97054290771484,167743300
2020-09-25,108.90864562988281,149981400
2020-09-28,111.50817108154297,137672400
2020-09-29,110.66427612304688,99382200
2020-09-30,112.3326416015625,142675200
2020-10-01,113.2832260131836,116120400
2020-10-02,109.62642669677734,144712000
2020-10-05,113.0019302368164,106243800
2020-10-06,109.7622299194336,161498200
2020-10-07,111.62458801269531,96849000
2020-10-08,111.51786804199219,83477200
2020-10-09,113.45780181884766,100506900
2020-10-12,120.66471099853516,240226800
2020-10-13,117.46381378173828,262330500
2020-10-14,117.55110931396484,150712000
2020-10-15,117.08550262451172,112559200
2020-10-16,115.44625091552734,115393800
2020-10-19,112.49755096435547,120639300
2020-10-20,113.9815902709961,124423700
2020-10-21,113.3608169555664,89946000
2020-10-22,112.27444458007812,101988000
2020-10-23,111.58576202392578,82572600
2020-10-26,111.59545135498047,111850700
2020-10-27,113.09892272949219,92276800
2020-10-28,107.86105346679688,143937800
2020-10-29,111.85735321044922,146129200
2020-10-30,105.59132385253906,190272600
2020-11-02,105.50403594970703,122866900
2020-11-03,107.12389373779297,107624400
2020-11-04,111.49846649169922,138235500
2020-11-05,115.4559555053711,126387100
2020-11-06,115.32479858398438,114457900
2020-11-09,113.0219955444336,154515300
2020-11-10,112.68191528320312,138023400
2020-11-11,116.10209655761719,112295000
2020-11-12,115.8300552368164,103162300
2020-11-13,115.87865447998047,81581900
2020-11-16,116.88916015625,91183000
2020-11-17,116.00494384765625,74271000
2020-11-18,114.68350982666016,76322100
2020-11-19,115.27621459960938,74113000
2020-11-20,114.01305389404297,73604300
2020-11-23,110.62202453613281,127959300
2020-11-24,111.90458679199219,113874200
2020-11-25,112.7402114868164,76499200
2020-11-27,113.28433990478516,46691300
2020-11-30,115.6745834350586,169410200
2020-12-01,119.24053192138672,127728200
2020-12-02,119.59033966064453,89004200
2020-12-03,119.4543228149414,78967600
2020-12-04,118.78385925292969,78260400
2020-12-07,120.2413101196289,86712000
2020-12-08,120.85346221923828,82225500
2020-12-09,118.32717895507812,115089200
2020-12-10,119.74578094482422,81312200
2020-12-11,118.93931579589844,86939800
2020-12-14,118.32717895507812,79184500
2020-12-15,124.25422668457031,157243700
2020-12-16,124.18621826171875,98208600
2020-12-17,125.05097961425781,94359800
2020-12-18,123.0688247680664,192541500
2020-12-21,124.59429168701172,121251600
2020-12-22,128.14080810546875,168904800
2020-12-23,127.24688720703125,88223700
2020-12-24,128.228271484375,54930100
2020-12-28,132.81446838378906,124486200
2020-12-29,131.0460205078125,121047300
2020-12-30,129.9286651611328,96452100
2020-12-31,128.92784118652344,99116600
2021-01-04,125.74085998535156,143301900
2021-01-05,127.29547119140625,97664900
2021-01-06,123.01051330566406,155088000
2021-01-07,127.20808410644531,109578200
2021-01-08,128.3060302734375,105158200
2021-01-11,125.32305908203125,100384500
2021-01-12,125.14814758300781,91951100
2021-01-13,127.17887115478516,88636800
2021-01-14,125.25505828857422,90221800
2021-01-15,123.53521728515625,111598500
2021-01-19,124.20563507080078,90757300
2021-01-20,128.28656005859375,104319500
2021-01-21,132.9893341064453,120150900
2021-01-22,135.12698364257812,114459400
2021-01-25,138.86778259277344,157611700
2021-01-26,139.1009979248047,98390600
2021-01-27,138.03216552734375,140843800
2021-01-28,133.203125,142621100
2021-01-29,128.21853637695312,177523800
2021-02-01,130.3367462158203,106239800
2021-02-02,131.16265869140625,83305400
2021-02-03,130.1423797607422,89880900
2021-02-04,133.49459838867188,84183100
2021-02-05,133.08102416992188,75693800
2021-02-08,133.22698974609375,71297200
2021-02-09,132.35118103027344,76774200
2021-02-10,131.74789428710938,73046600
2021-02-11,131.494873046875,64280000
2021-02-12,131.72836303710938,60145100
2021-02-16,129.60704040527344,80576300
2021-02-17,127.32028198242188,97918500
2021-02-18,126.2206802368164,96856700
2021-02-19,126.3763656616211,87668800
2021-02-22,122.6104736328125,103916400
2021-02-23,122.4742431640625,158273000
2021-02-24,121.97795867919922,111039900
2021-02-25,117.7352523803711,148199500
2021-02-26,117.99797058105469,164560400
2021-03-01,124.35232543945312,116307900
2021-03-02,121.75414276123047,102260900
2021-03-03,118.7764663696289,112966300
2021-03-04,116.89839172363281,178155000
2021-03-05,118.15367126464844,153766600
2021-03-08,113.22980499267578,154376600
2021-03-09,117.8325424194336,129525800
2021-03-10,116.75244140625,111943300
2021-03-11,118.67915344238281,103026500
2021-03-12,117.77418518066406,88105100
2021-03-15,120.65455627441406,92403800
2021-03-16,122.19204711914062,115227900
2021-03-17,121.4038314819336,111932600
2021-03-18,117.28763580322266,121229700
2021-03-19,116.76213073730469,185549500
2021-03-22,120.0707015991211,111912300
2021-03-23,119.2435531616211,95467100
2021-03-24,116.85944366455078,88530500
2021-03-25,117.34600830078125,98844700
2021-03-26,117.94933319091797,94071200
2021-03-29,118.12449645996094,80819200
2021-03-30,116.67457580566406,85671900
2021-03-31,118.86404418945312,118323800
2021-04-01,119.69116973876953,75089100
2021-04-05,122.5131607055664,88651200
2021-04-06,122.8148193359375,80171300
2021-04-07,124.45936584472656,83466700
2021-04-08,126.85324096679688,88844600
2021-04-09,129.42214965820312,106686700
2021-04-12,127.70952606201172,91420000
2021-04-13,130.8136749267578,91266500
2021-04-14,128.47825622558594,87222800
2021-04-15,130.88182067871094,89347100
2021-04-16,130.5509796142578,84922400
2021-04-19,131.21267700195312,94264200
2021-04-20,129.52919006347656,94812300
2021-04-21,129.90870666503906,68847100
2021-04-22,128.3906707763672,84566500
2021-04-23,130.7066650390625,78657500
2021-04-26,131.09591674804688,66905100
2021-04-27,130.7747802734375,66015800
2021-04-28,129.9866180419922,107760100
2021-04-29,129.8892364501953,151101000
2021-04-30,127.92362213134766,109839500
2021-05-03,128.97454833984375,75135100
2021-05-04,124.41070556640625,137564700
2021-05-05,124.65398406982422,84000900
2021-05-06,126.24984741210938,78128300
2021-05-07,126.92245483398438,78973300
2021-05-10,123.64728546142578,88071200
2021-05-11,122.73101806640625,126142800
2021-05-12,119.6702651977539,112172300
2021-05-13,121.81476593017578,105861300
2021-05-14,124.23213958740234,81918000
2021-05-17,123.08190155029297,74244600
2021-05-18,121.69776153564453,63342900
2021-05-19,121.54180145263672,92612000
2021-05-20,124.09565734863281,76857100
2021-05-21,122.26313018798828,79295400
2021-05-24,123.8909683227539,63092900
2021-05-25,123.69601440429688,72009500
2021-05-26,123.64728546142578,56575900
2021-05-27,122.11691284179688,94625600
2021-05-28,121.46385192871094,71311100
2021-06-01,121.14216613769531,67637100
2021-06-02,121.9024658203125,59278900
2021-06-03,120.42084503173828,76229200
2021-06-04,122.7115249633789,75169300
2021-06-07,122.72127532958984,71057600
2021-06-08,123.5400619506836,74403800
2021-06-09,123.92021942138672,56877900
2021-06-10,122.92596435546875,71186400
2021-06-11,124.1346664428711,53522400
2021-06-14,127.18562316894531,96906500
2021-06-15,126.36685180664062,62746300
2021-06-16,126.86392974853516,91815000
2021-06-17,128.46255493164062,96721700
2021-06-18,127.16615295410156,108953300
2021-06-21,128.9596710205078,79663300
2021-06-22,130.5972442626953,74783600
2021-06-23,130.3242950439453,60214200
2021-06-24,130.04164123535156,68711000
2021-06-25,129.7492218017578,70783700
2021-06-28,131.37710571289062,62111300
2021-06-29,132.88792419433594,64556100
2021-06-30,133.5019989013672,63261400
2021-07-01,133.80418395996094,52485800
2021-07-02,136.42630004882812,78852600
2021-07-06,138.43426513671875,108181800
2021-07-07,140.91989135742188,104911600
2021-07-08,139.6234588623047,105575500
2021-07-09,141.4462432861328,99890800
2021-07-12,140.85166931152344,76299700
2021-07-13,141.96287536621094,100827100
2021-07-14,145.3842315673828,127050800
2021-07-15,144.73117065429688,106820300
2021-07-16,142.69393920898438,93251400
2021-07-19,138.85342407226562,121434600
2021-07-20,142.45999145507812,96350000
2021-07-21,141.7289276123047,74993500
2021-07-22,143.0935516357422,77338200
2021-07-23,144.80914306640625,71447400
2021-07-26,145.228271484375,72434100
2021-07-27,143.0643310546875,104818600
2021-07-28,141.3195037841797,118931200
2021-07-29,141.96287536621094,56699500
2021-07-30,142.17733764648438,70440600
2021-08-02,141.84588623046875,62880000
2021-08-03,143.63943481445312,64786600
2021-08-04,143.23977661132812,56368300
2021-08-05,143.3470001220703,46397700
2021-08-06,142.66368103027344,54126800
2021-08-09,142.61488342285156,48908700
2021-08-10,142.13650512695312,69023100
2021-08-11,142.39036560058594,48493500
2021-08-12,145.34825134277344,72282600
2021-08-13,145.55325317382812,59375000
2021-08-16,147.5251922607422,103296000
2021-08-17,146.6173095703125,92229700
2021-08-18,142.87844848632812,86326000
2021-08-19,143.21035766601562,86960300
2021-08-20,144.6649169921875,60549600
2021-08-23,146.1487579345703,60131800
2021-08-24,146.0608673095703,48606400
2021-08-25,144.8308563232422,58991300
2021-08-26,144.03038024902344,48597200
2021-08-27,145.06515502929688,55802400
2021-08-30,149.4776153564453,90956700
2021-08-31,148.2183074951172,86453100
2021-09-01,148.88214111328125,80313700
2021-09-02,149.9950408935547,71115500
2021-09-03,150.6295928955078,57808700
2021-09-07,152.96270751953125,82278300
2021-09-08,151.42027282714844,74420200
2021-09-09,150.4050750732422,57305700
2021-09-10,145.4263458251953,140893200
2021-09-13,145.9925537109375,102404300
2021-09-14,144.5965576171875,109296300
2021-09-15,145.4849395751953,83281300
2021-09-16,145.25062561035156,68034100
2021-09-17,142.5855712890625,129868800
2021-09-20,139.53982543945312,123478900
2021-09-21,140.0181427001953,75834000
2021-09-22,142.38059997558594,76404300
2021-09-23,143.33724975585938,64838200
2021-09-24,143.42510986328125,53477900
2021-09-27,141.91197204589844,74150700
2021-09-28,138.53427124023438,108972300
2021-09-29,139.43243408203125,74602000
2021-09-30,138.1340789794922,89056700
2021-10-01,139.25668334960938,94639600
2021-10-04,135.83018493652344,98322000
2021-10-05,137.75332641601562,80861100
2021-10-06,138.62216186523438,83221100
2021-10-07,139.88153076171875,61732700
2021-10-08,139.500732421875,58773200
2021-10-11,139.4128875732422,64452200
2021-10-12,138.143798828125,73035900
2021-10-13,137.55809020996094,78762700
2021-10-14,140.34027099609375,69907100
2021-10-15,141.3945770263672,67940300
2021-10-18,143.06390380859375,85589200
2021-10-19,145.22134399414062,76378900
2021-10-20,145.70947265625,58418800
2021-10-21,145.92420959472656,61421000
2021-10-22,145.15298461914062,58883400
2021-10-25,145.1042022705078,50720600
2021-10-26,145.7680206298828,60893400
2021-10-27,145.3092041015625,56094900
2021-10-28,148.9407196044922,100077900
2021-10-29,146.2366180419922,124953200
2021-11-01,145.41661071777344,74588300
2021-11-02,146.45140075683594,69122000
2021-11-03,147.8864288330078,54511500
2021-11-04,147.3690185546875,60394600
2021-11-05,147.89694213867188,65463900
2021-11-08,147.0757293701172,55020900
2021-11-09,147.4374542236328,56787900
2021-11-10,144.612060546875,65187100
2021-11-11,144.56317138671875,41000000
2021-11-12,146.63577270507812,63804000
2021-11-15,146.64556884765625,59222800
2021-11-16,147.6231689453125,59256200
2021-11-17,150.05752563476562,88807000
2021-11-18,154.33956909179688,137827700
2021-11-19,156.9596405029297,117305600
2021-11-22,157.4191436767578,117467900
2021-11-23,157.80039978027344,96041900
2021-11-24,158.3185577392578,69463600
2021-11-26,153.30331420898438,76959800
2021-11-29,156.65660095214844,88748200
2021-11-30,161.60342407226562,174048100
2021-12-01,161.0852508544922,152052500
2021-12-02,160.09783935546875,136739200
2021-12-03,158.2207794189453,118023100
2021-12-06,161.6229705810547,107497000
2021-12-07,167.35186767578125,120405400
2021-12-08,171.16468811035156,116998900
2021-12-09,170.6562957763672,108923700
2021-12-10,175.43699645996094,115402700
2021-12-13,171.80995178222656,153237000
2021-12-14,170.4314727783203,139380400
2021-12-15,175.2903289794922,131063300
2021-12-16,168.40774536132812,150185800
2021-12-17,167.31280517578125,195432700
2021-12-20,165.95388793945312,107499100
2021-12-21,169.12144470214844,91185900
2021-12-22,171.71217346191406,92135300
2021-12-23,172.33786010742188,68356600
2021-12-27,176.2972869873047,74919600
2021-12-28,175.28053283691406,79144300
2021-12-29,175.36854553222656,62348900
2021-12-30,174.2149200439453,59773000
2021-12-31,173.59902954101562,64062300
2022-01-03,177.93972778320312,104487900
2022-01-04,175.681396484375,99310400
2022-01-05,171.00827026367188,94537600
2022-01-06,168.15359497070312,96904000
2022-01-07,168.31979370117188,86709100
2022-01-10,168.3393096923828,106765600
2022-01-11,171.16468811035156,76138300
2022-01-12,171.60462951660156,74805200
2022-01-13,168.3393096923828,84505800
2022-01-14,169.19961547851562,80440800
2022-01-18,166.00279235839844,90956700
2022-01-19,162.51258850097656,94815000
2022-01-20,160.83108520507812,91420500
2022-01-21,158.7780303955078,122848900
2022-01-24,158.00570678710938,162294600
2022-01-25,156.2068328857422,115798400
2022-01-26,156.11888122558594,108275300
2022-01-27,155.6593780517578,121954600
2022-01-28,166.5209197998047,179935700
2022-01-31,170.87139892578125,115541600
2022-02-01,170.70523071289062,86213900
2022-02-02,171.9076690673828,84914300
2022-02-03,169.033447265625,89418100
2022-02-04,168.7495574951172,82465400
2022-02-07,168.03501892089844,77251200
2022-02-08,171.13807678222656,74829200
2022-02-09,172.5574493408203,71285000
2022-02-10,168.4853057861328,90865900
2022-02-11,165.0787811279297,98670700
2022-02-14,165.31369018554688,86185500
2022-02-15,169.14111328125,62527400
2022-02-16,168.9062042236328,61177400
2022-02-17,165.31369018554688,69589300
2022-02-18,163.76710510253906,82772700
2022-02-22,160.84996032714844,91162800
2022-02-23,156.68975830078125,90009200
2022-02-24,159.30337524414062,141147500
2022-02-25,161.3688201904297,91974200
2022-02-28,161.6331024169922,95056600
2022-03-01,159.753662109375,83474400
2022-03-02,163.04269409179688,79724800
2022-03-03,162.71966552734375,76678400
2022-03-04,159.72427368164062,83737200
2022-03-07,155.93600463867188,96418800
2022-03-08,154.1152801513672,131148300
2022-03-09,159.5089569091797,91454900
2022-03-10,155.17247009277344,105342000
2022-03-11,151.46250915527344,96970100
2022-03-14,147.4392852783203,108732100
2022-03-15,151.81492614746094,92964300
2022-03-16,156.2198944091797,102300200
2022-03-17,157.2281494140625,75615400
2022-03-18,160.5171661376953,123511700
2022-03-21,161.88760375976562,95811400
2022-03-22,165.2549591064453,81532000
2022-03-23,166.61561584472656,98062700
2022-03-24,170.39410400390625,90131400
2022-03-25,171.0303497314453,80546200
2022-03-28,171.89175415039062,90371900
2022-03-29,175.1808319091797,100589400
2022-03-30,174.01597595214844,92633200
2022-03-31,170.9227294921875,103049300
2022-04-01,170.62901306152344,78751300
2022-04-04,174.67178344726562,76468400
2022-04-05,171.36318969726562,73401800
2022-04-06,168.20140075683594,89058800
2022-04-07,168.5048370361328,77594700
2022-04-08,166.4981689453125,76575500
2022-04-11,162.24978637695312,72246700
2022-04-12,164.1194610595703,79265200
2022-04-13,166.80160522460938,70618900
2022-04-14,161.7995147705078,75329400
2022-04-18,161.58416748046875,69023900
2022-04-19,163.86497497558594,67723800
2022-04-20,163.6985626220703,67929800
2022-04-21,162.9056396484375,87227800
2022-04-22,158.3734130859375,84882400
2022-04-25,159.44039916992188,96046400
2022-04-26,153.48880004882812,95623200
2022-04-27,153.26368713378906,88063200
2022-04-28,160.1843719482422,130216800
2022-04-29,154.32086181640625,131747600
2022-05-02,154.62428283691406,123055300
2022-05-03,156.11216735839844,88966500
2022-05-04,162.5140838623047,108256500
2022-05-05,153.45941162109375,130525300
2022-05-06,154.1848602294922,116124600
2022-05-09,149.06761169433594,131577900
2022-05-10,151.46939086914062,115366700
2022-05-11,143.61700439453125,142689800
2022-05-12,139.75454711914062,182602000
2022-05-13,144.21498107910156,113990900
2022-05-16,142.67588806152344,86643800
2022-05-17,146.30311584472656,78336300
2022-05-18,138.04879760742188,109742900
2022-05-19,134.64707946777344,136095600
2022-05-20,134.88235473632812,137426100
2022-05-23,140.293701171875,117726300
2022-05-24,137.5978546142578,104132700
2022-05-25,137.7547149658203,92482700
2022-05-26,140.9505157470703,90601500
2022-05-27,146.69520568847656,90978500
2022-05-31,145.9109649658203,103718400
2022-06-01,145.7835235595703,74286600
2022-06-02,148.23434448242188,72348100
2022-06-03,142.51907348632812,88570300
2022-06-06,143.26409912109375,71598400
2022-06-07,145.7835235595703,67808200
2022-06-08,145.04830932617188,53950200
2022-06-09,139.83297729492188,69473000
2022-06-10,134.431396484375,91437900
2022-06-13,129.2847137451172,122207100
2022-06-14,130.14739990234375,84784300
2022-06-15,132.764892578125,91533000
2022-06-16,127.50052642822266,108123900
2022-06-17,128.97100830078125,134520300
2022-06-21,133.19619750976562,81000500
2022-06-22,132.6864471435547,73409200
2022-06-23,135.54898071289062,72433800
2022-06-24,138.8722686767578,89116800
2022-06-27,138.8722686767578,70207900
2022-06-28,134.73532104492188,67083400
2022-06-29,136.49005126953125,66242400
2022-06-30,134.02944946289062,98964500
2022-07-01,136.1959686279297,71051600
2022-07-05,138.77423095703125,73353800
2022-07-06,140.1074676513672,74064300
2022-07-07,143.469970703125,66253700
2022-07-08,144.14637756347656,64547800
2022-07-11,142.01904296875,63141600
2022-07-12,142.98963928222656,77588800
2022-07-13,142.6269073486328,71185600
2022-07-14,145.5482177734375,78140700
2022-07-15,147.21478271484375,76259900
2022-07-18,144.1758270263672,81420900
2022-07-19,148.02845764160156,82982400
2022-07-20,150.0282745361328,64823400
2022-07-21,152.2928466796875,65086600
2022-07-22,151.05763244628906,66675400
2022-07-25,149.9400634765625,53623900
2022-07-26,148.61663818359375,55138700
2022-07-27,153.70452880859375,78620700
2022-07-28,154.25347900390625,81378700
2022-07-29,159.31198120117188,101786900
2022-08-01,158.3316192626953,67829400
2022-08-02,156.86114501953125,59907000
2022-08-03,162.86073303222656,82507500
2022-08-04,162.54698181152344,55474100
2022-08-05,162.32122802734375,56697000
2022-08-08,161.84999084472656,60276900
2022-08-09,161.8991241455078,63135500
2022-08-10,166.13999938964844,70170500
2022-08-11,165.40371704101562,57149200
2022-08-12,168.9475860595703,68039400
2022-08-15,170.0176239013672,54091700
2022-08-16,169.8605499267578,56377100
2022-08-17,171.35272216796875,79542000
2022-08-18,170.96002197265625,62290100
2022-08-19,168.378173828125,70346300
2022-08-22,164.5005645751953,69026800
2022-08-23,164.16677856445312,54147100
2022-08-24,164.46128845214844,53841500
2022-08-25,166.91549682617188,51218200
2022-08-26,160.62290954589844,78961000
2022-08-29,158.42393493652344,73314000
2022-08-30,155.9991912841797,77906200
2022-08-31,154.3401641845703,87991100
2022-09-01,155.06658935546875,74229900
2022-09-02,152.95596313476562,76957800
2022-09-06,151.69944763183594,73714800
2022-09-07,153.1032257080078,87449600
2022-09-08,151.63072204589844,84923800
2022-09-09,154.48739624023438,68028800
2022-09-12,160.43637084960938,104956000
2022-09-13,151.0220489501953,122656600
2022-09-14,152.46510314941406,87965400
2022-09-15,149.57896423339844,90481100
2022-09-16,147.9395294189453,162278800
2022-09-19,151.65032958984375,81474200
2022-09-20,154.0260009765625,107689800
2022-09-21,150.9042510986328,101696800
2022-09-22,149.94219970703125,86652500
2022-09-23,147.67449951171875,96029900
2022-09-26,148.00828552246094,93339400
2022-09-27,148.9801483154297,84442700
2022-09-28,147.0952911376953,146691400
2022-09-29,139.8701629638672,128138200
2022-09-30,135.6685333251953,124925300
2022-10-03,139.84068298339844,114311700
2022-10-04,143.42381286621094,87830100
2022-10-05,143.71832275390625,79471000
2022-10-06,142.76609802246094,68402200
2022-10-07,137.5238800048828,85925600
2022-10-10,137.8478240966797,74899000
2022-10-11,136.43421936035156,77033700
2022-10-12,135.80596923828125,70433700
2022-10-13,140.37081909179688,113224000
2022-10-14,135.84521484375,88598000
2022-10-17,139.80145263671875,85250900
2022-10-18,141.1168975830078,99136600
2022-10-19,141.224853515625,61758300
2022-10-20,140.76345825195312,64522000
2022-10-21,144.57241821289062,86548600
2022-10-24,146.71249389648438,75981900
2022-10-25,149.54953002929688,74732300
2022-10-26,146.6143035888672,88194300
2022-10-27,142.14764404296875,109180200
2022-10-28,152.88729858398438,164762400
2022-10-31,150.53123474121094,97943200
2022-11-01,147.8905029296875,80379300
2022-11-02,142.37342834472656,93604600
2022-11-03,136.33607482910156,97918500
2022-11-04,136.07058715820312,140814800
2022-11-07,136.6015625,83374600
2022-11-08,137.17189025878906,89908500
2022-11-09,132.61915588378906,74917800
2022-11-10,144.4188995361328,118854000
2022-11-11,147.20164489746094,93979700
2022-11-14,145.80538940429688,73374100
2022-11-15,147.5359649658203,89868300
2022-11-16,146.306884765625,64218300
2022-11-17,148.2046661376953,80389400
2022-11-18,148.76513671875,74829600
2022-11-21,145.5398712158203,58724100
2022-11-22,147.67364501953125,51804100
2022-11-23,148.54884338378906,58301400
2022-11-25,145.63816833496094,35195900
2022-11-28,141.81312561035156,69246000
2022-11-29,138.81402587890625,83763800
2022-11-30,145.5595245361328,111380900
2022-12-01,145.8348846435547,71250400
2022-12-02,145.3431854248047,65447400
2022-12-05,144.1829071044922,68826400
2022-12-06,140.5249786376953,64727200
2022-12-07,138.58787536621094,69721100
2022-12-08,140.2693328857422,62128300
2022-12-09,139.78753662109375,76097000
2022-12-12,142.07859802246094,70462700
2022-12-13,143.04229736328125,93886200
2022-12-14,140.8199920654297,82291200
2022-12-15,134.2219696044922,98931900
2022-12-16,132.26516723632812,160156900
2022-12-19,130.16087341308594,79592600
2022-12-20,130.09205627441406,77432800
2022-12-21,133.18948364257812,85928000
2022-12-22,130.02322387695312,77852100
2022-12-23,129.65939331054688,63814900
2022-12-27,127.85995483398438,69007800
2022-12-28,123.93653106689453,85438400
2022-12-29,127.44696807861328,75703700
2022-12-30,127.76158905029297,77034200
2023-01-03,122.98272705078125,112117500
2023-01-04,124.25119018554688,89113600
2023-01-05,122.93354034423828,80962700
2023-01-06,127.45677947998047,87754700
2023-01-09,127.9779281616211,70790800
2023-01-10,128.54824829101562,63896200
2023-01-11,131.26223754882812,69458900
2023-01-12,131.18356323242188,71379600
2023-01-13,132.510986328125,57809700
2023-01-17,133.67132568359375,63646600
2023-01-18,132.95350646972656,69672800
2023-01-19,133.01248168945312,58280400
2023-01-20,135.5690460205078,80223600
2023-01-23,138.75502014160156,81760300
2023-01-24,140.1513214111328,66435100
2023-01-25,139.49253845214844,65799300
2023-01-26,141.55747985839844,54105100
2023-01-27,143.4945526123047,70555800
2023-01-30,140.61349487304688,64015300
2023-01-31,141.88194274902344,65874500
2023-02-01,143.00294494628906,77663600
2023-02-02,148.30299377441406,118339000
2023-02-03,151.92153930664062,154357300
2023-02-06,149.19776916503906,69858300
2023-02-07,152.06906127929688,83322600
2023-02-08,149.38461303710938,64120100
2023-02-09,148.35214233398438,56007100
2023-02-10,148.7165069580078,57450700
2023-02-13,151.51341247558594,62199000
2023-02-14,150.873291015625,61707600
2023-02-15,152.970947265625,65573800
2023-02-16,151.37551879882812,68167900
2023-02-17,150.233154296875,59144100
2023-02-21,146.22496032714844,58867200
2023-02-22,146.64842224121094,51011300
2023-02-23,147.13096618652344,48394200
2023-02-24,144.48182678222656,55469600
2023-02-27,145.67344665527344,44998500
2023-02-28,145.17120361328125,50547000
2023-03-01,143.10308837890625,55479000
2023-03-02,143.69400024414062,52238100
2023-03-03,148.73622131347656,70732300
2023-03-06,151.4937286376953,87558000
2023-03-07,149.2975616455078,56182000
2023-03-08,150.54827880859375,47204800
2023-03-09,148.30288696289062,53833600
2023-03-10,146.24465942382812,68572400
2023-03-13,148.1847381591797,84457100
2023-03-14,150.27255249023438,73695900
2023-03-15,150.6664581298828,77167900
2023-03-16,153.4830322265625,76161100
2023-03-17,152.6459197998047,98944600
2023-03-20,155.00946044921875,73641400
2023-03-21,156.86090087890625,73938300
2023-03-22,155.4329376220703,75701800
2023-03-23,156.51620483398438,67622100
2023-03-24,157.81622314453125,59196500
2023-03-27,155.8761444091797,52390300
2023-03-28,155.25567626953125,45992200
2023-03-29,158.3282928466797,51305700
2023-03-30,159.89414978027344,49501700
2023-03-31,162.39553833007812,68749800
2023-04-03,163.64630126953125,56976200
2023-04-04,163.11447143554688,46278300
2023-04-05,161.2728729248047,51511700
2023-04-06,162.1592254638672,45390100
2023-04-10,159.5691680908203,47716900
2023-04-11,158.3578338623047,47644200
2023-04-12,157.66847229003906,50133100
2023-04-13,163.04554748535156,68445600
2023-04-14,162.7008514404297,49386500
2023-04-17,162.7205810546875,41516200
2023-04-18,163.94171142578125,49923000
2023-04-19,165.0841064453125,47720200
2023-04-20,164.11900329589844,52456400
2023-04-21,162.51373291015625,58337300
2023-04-24,162.8190460205078,41949600
2023-04-25,161.2827606201172,48714100
2023-04-26,161.2728729248047,45498800
2023-04-27,165.8522491455078,64902300
2023-04-28,167.10296630859375,55275900
2023-05-01,167.0143280029297,52472900
2023-05-02,165.9803009033203,48425700
2023-05-03,164.9068603515625,65136000
2023-05-04,163.2720489501953,81235400
2023-05-05,170.93389892578125,113453200
2023-05-08,170.86495971679688,55962800
2023-05-09,169.1612548828125,45326900
2023-05-10,170.92404174804688,53724500
2023-05-11,171.1111297607422,49514700
2023-05-12,170.18414306640625,45533100
2023-05-15,169.6910858154297,37266700
2023-05-16,169.6910858154297,42110300
2023-05-17,170.30247497558594,57951600
2023-05-18,172.6298370361328,65496700
2023-05-19,172.73834228515625,55809500
2023-05-22,171.79161071777344,43570900
2023-05-23,169.18809509277344,50747300
2023-05-24,169.46426391601562,45143500
2023-05-25,170.5983428955078,56058300
2023-05-26,173.0045928955078,54835000
2023-05-30,174.84873962402344,55964400
2023-05-31,174.7994842529297,99625300
2023-06-01,177.60020446777344,68901800
2023-06-02,178.44827270507812,61996900
2023-06-05,177.0972442626953,121946500
2023-06-06,176.7323455810547,64848400
2023-06-07,175.36158752441406,61944600
2023-06-08,178.07357788085938,50214900
2023-06-09,178.45816040039062,48900000
2023-06-12,181.2490234375,54274900
2023-06-13,180.7756805419922,54929100
2023-06-14,181.4068145751953,57462900
2023-06-15,183.43833923339844,65433200
2023-06-16,182.36343383789062,101256200
2023-06-20,182.4521484375,49799100
2023-06-21,181.41671752929688,49515700
2023-06-22,184.4146728515625,51245300
2023-06-23,184.0990753173828,53117000
2023-06-26,182.70858764648438,48088700
2023-06-27,185.4600067138672,50730800
2023-06-28,186.633544921875,51216800
2023-06-29,186.96884155273438,46347300
2023-06-30,191.288330078125,85213200
2023-07-03,189.79917907714844,31458200
2023-07-05,188.684814453125,46920300
2023-07-06,189.15817260742188,45094300
2023-07-07,188.0437469482422,46815000
2023-07-10,186.0023651123047,59922200
2023-07-11,185.47972106933594,46638100
2023-07-12,187.14634704589844,60750200
2023-07-13,187.90567016601562,41342300
2023-07-14,188.05364990234375,41616200
2023-07-17,191.30801391601562,50520200
2023-07-18,191.05160522460938,48288200
2023-07-19,192.4026641845703,80507300
2023-07-20,190.4599151611328,59581200
2023-07-21,189.28634643554688,71951700
2023-07-24,190.0851593017578,45377800
2023-07-25,190.943115234375,37283200
2023-07-26,191.8109893798828,47471900
2023-07-27,190.54864501953125,47460200
2023-07-28,193.12257385253906,48291400
2023-07-31,193.73402404785156,38824100
2023-08-01,192.9056396484375,35175100
2023-08-02,189.91751098632812,50389300
2023-08-03,188.52700805664062,61235200
2023-08-04,179.47389221191406,115956800
2023-08-07,176.37733459472656,97576100
2023-08-08,177.31422424316406,67823000
2023-08-09,175.72645568847656,60378500
2023-08-10,175.50949096679688,54686900
2023-08-11,175.56874084472656,52036700
2023-08-14,177.2178955078125,43675600
2023-08-15,175.2329864501953,43622600
2023-08-16,174.36399841308594,46964900
2023-08-17,171.82611083984375,66062900
2023-08-18,172.30999755859375,61172200
2023-08-21,173.64308166503906,46311900
2023-08-22,175.0157470703125,42038900
2023-08-23,178.8571319580078,52722800
2023-08-24,174.17636108398438,54945800
2023-08-25,176.37852478027344,51449600
2023-08-28,177.93873596191406,43820700
2023-08-29,181.81964111328125,53003900
2023-08-30,185.30557250976562,60813900
2023-08-31,185.5228271484375,60794500
2023-09-01,187.0929412841797,45766500
2023-09-05,187.3299560546875,45280000
2023-09-06,180.6248016357422,81755800
2023-09-07,175.34161376953125,112488800
2023-09-08,175.95387268066406,65551300
2023-09-11,177.11912536621094,58953100
2023-09-12,174.0973663330078,90370200
2023-09-13,172.03347778320312,84267900
2023-09-14,173.54437255859375,60895800
2023-09-15,172.823486328125,109259500
2023-09-18,175.74649047851562,67257600
2023-09-19,176.83274841308594,51826900
2023-09-20,173.2974853515625,58436200
2023-09-21,171.75697326660156,63149100
2023-09-22,172.6062469482422,56725400
2023-09-25,173.88009643554688,46172700
2023-09-26,169.8115997314453,64588900
2023-09-27,168.30067443847656,66921800
2023-09-28,168.55746459960938,56294400
2023-09-29,169.07093811035156,51861100
2023-10-02,171.5792236328125,52164500
2023-10-03,170.24607849121094,49594600
2023-10-04,171.49034118652344,53020300
2023-10-05,172.72471618652344,48527900
2023-10-06,175.27252197265625,57266700
2023-10-09,176.75376892089844,42390800
2023-10-10,176.1612548828125,43698000
2023-10-11,177.5536651611328,47551100
2023-10-12,178.4522705078125,56743100
2023-10-13,176.6155242919922,51427100
2023-10-16,176.48712158203125,52517000
2023-10-17,174.93673706054688,57549400
2023-10-18,173.64308166503906,54764400
2023-10-19,173.2678680419922,59302900
2023-10-20,170.72007751464844,64244000
2023-10-23,170.83859252929688,55980100
2023-10-24,171.2731170654297,43816600
2023-10-25,168.96231079101562,57157000
2023-10-26,164.80494689941406,70625300
2023-10-27,166.1182861328125,58499100
2023-10-30,168.16244506835938,51131000
2023-10-31,168.63645935058594,44846000
2023-11-01,171.7964630126953,56934900
2023-11-02,175.35150146484375,77334800
2023-11-03,174.44297790527344,79829200
2023-11-06,176.99075317382812,63841300
2023-11-07,179.54840087890625,70530000
2023-11-08,180.6050262451172,49340300
2023-11-09,180.13104248046875,53763500
2023-11-10,184.31369018554688,66133400
2023-11-13,182.73159790039062,43627500
2023-11-14,185.34205627441406,60108400
2023-11-15,185.90562438964844,53790500
2023-11-16,187.5866241455078,54412900
2023-11-17,187.56687927246094,50922700
2023-11-20,189.30714416503906,46505100
2023-11-21,188.50624084472656,38134500
2023-11-22,189.16873168945312,39617700
2023-11-24,187.84373474121094,24048300
2023-11-27,187.66574096679688,40552600
2023-11-28,188.26890563964844,38415400
2023-11-29,187.2504425048828,43014200
2023-11-30,187.8239288330078,48794400
2023-12-01,189.09950256347656,45704800
2023-12-04,187.30975341796875,43389500
2023-12-05,191.25511169433594,66628400
2023-12-06,190.16741943359375,41089700
2023-12-07,192.09559631347656,47477700
2023-12-08,193.5194854736328,53406400
2023-12-11,191.0177764892578,60943700
2023-12-12,192.53067016601562,52696900
2023-12-13,195.7443084716797,70404200
2023-12-14,195.8926239013672,66831600
2023-12-15,195.35865783691406,128538400
2023-12-18,193.69747924804688,55751900
2023-12-19,194.7357177734375,40714100
2023-12-20,192.6493377685547,52242800
2023-12-21,192.5009765625,46482500
2023-12-22,191.43310546875,37149600
2023-12-26,190.88926696777344,28919300
2023-12-27,190.98812866210938,48087700
2023-12-28,191.41331481933594,34049900
2023-12-29,190.3750762939453,42672100
2024-01-02,183.5621795654297,82488700
2024-01-03,182.18772888183594,58414500
2024-01-04,179.87391662597656,71983600
2024-01-05,179.15211486816406,62379700
2024-01-08,183.4830780029297,59144500
2024-01-09,183.06777954101562,42841800
2024-01-10,184.1060028076172,46792900
2024-01-11,183.5127410888672,49128400
2024-01-12,183.83901977539062,40477800
2024-01-16,181.57469177246094,65603000
2024-01-17,180.63531494140625,47317400
2024-01-18,186.51873779296875,78005800
2024-01-19,189.41592407226562,68903000
2024-01-22,191.71983337402344,60133900
2024-01-23,192.99537658691406,42355600
2024-01-24,192.32301330566406,53631300
2024-01-25,191.9967498779297,54822100
2024-01-26,190.26629638671875,44594000
2024-01-29,189.58399963378906,47145600
2024-01-30,185.935302734375,55859400
2024-01-31,182.3360595703125,55467800
2024-02-01,184.76853942871094,64885400
2024-02-02,183.7698211669922,102551700
2024-02-05,185.57937622070312,69668800
2024-02-06,187.1812286376953,43490800
2024-02-07,187.2899932861328,53439000
2024-02-08,186.2122039794922,40962000
2024-02-09,186.97454833984375,45155200
2024-02-12,185.2914276123047,41781900
2024-02-13,183.202392578125,56529500
2024-02-14,182.3212127685547,54630500
2024-02-15,182.03408813476562,65434500
2024-02-16,180.49948120117188,49752500
2024-02-20,179.75694274902344,53665600
2024-02-21,180.5093994140625,41371400
2024-02-22,182.5390167236328,52292200
2024-02-23,180.70741271972656,45119700
2024-02-26,179.36090087890625,40867400
2024-02-27,180.81631469726562,54318900
2024-02-28,179.61831665039062,48953900
2024-02-29,178.9550018310547,136682600
2024-03-01,177.87582397460938,73563100
2024-03-04,173.361083984375,81510100
2024-03-05,168.4305419921875,95132400
2024-03-06,167.44046020507812,68587700
2024-03-07,167.32167053222656,71765100
2024-03-08,169.0345001220703,76267000
2024-03-11,171.034423828125,60139500
2024-03-12,171.50965881347656,59825400
2024-03-13,169.43051147460938,52488700
2024-03-14,171.28195190429688,72913500
2024-03-15,170.9057159423828,121752700
2024-03-18,171.9947967529297,75604200
2024-03-19,174.33135986328125,55215200
2024-03-20,176.89564514160156,53423100
2024-03-21,169.66810607910156,106181300
2024-03-22,170.56910705566406,71160100
2024-03-25,169.1533203125,54288300
2024-03-26,168.02462768554688,57388400
2024-03-27,171.58885192871094,60273300
2024-03-28,169.77703857421875,65672700
2024-04-01,168.34144592285156,46240500
2024-04-02,167.1632537841797,49329500
2024-04-03,167.9652099609375,47691700
2024-04-04,167.14346313476562,53704400
2024-04-05,167.8959197998047,42104800
2024-04-08,166.77713012695312,37425500
2024-04-09,167.9850311279297,42373800
2024-04-10,166.11380004882812,49709300
2024-04-11,173.30169677734375,91070300
2024-04-12,174.79669189453125,101670900
2024-04-15,170.97503662109375,73531800
2024-04-16,167.69790649414062,73711200
2024-04-17,166.33160400390625,50901200
2024-04-18,165.38111877441406,43122900
2024-04-19,163.36138916015625,68149400
2024-04-22,164.1930389404297,48116400
2024-04-23,165.2425079345703,49537800
2024-04-24,167.34149169921875,48251800
2024-04-25,168.20281982421875,50558300
2024-04-26,167.6186981201172,44838400
2024-04-29,171.77699279785156,68169400
2024-04-30,168.6384735107422,65934800
2024-05-01,167.6186981201172,50383100
2024-05-02,171.31161499023438,94214900
2024-05-03,181.55886840820312,163224100
2024-05-06,179.9054718017578,78569700
2024-05-07,180.588623046875,77305800
2024-05-08,180.9252471923828,45057100
2024-05-09,182.737060546875,48983000
2024-05-10,181.4779510498047,50759500
2024-05-13,184.68023681640625,72044800
2024-05-14,185.82032775878906,52393600
2024-05-15,188.09066772460938,70400000
2024-05-16,188.20962524414062,52845200
2024-05-17,188.2393798828125,41282900
2024-05-20,189.3993377685547,44361300
2024-05-21,190.69808959960938,42309400
2024-05-22,189.26051330566406,34648500
2024-05-23,185.2750701904297,51005900
2024-05-24,188.3484344482422,36327000
2024-05-28,188.35838317871094,52280100
2024-05-29,188.65576171875,53068000
2024-05-30,189.6471710205078,49889100
2024-05-31,190.59893798828125,75158300
2024-06-03,192.3636474609375,50080500
2024-06-04,192.68089294433594,47471400
2024-06-05,194.18785095214844,54156800
2024-06-06,192.80978393554688,41181800
2024-06-07,195.19911193847656,53103900
2024-06-10,191.4614715576172,97010200
2024-06-11,205.37095642089844,172373300
2024-06-12,211.24012756347656,198134300
2024-06-13,212.40008544921875,97862700
2024-06-14,210.6651153564453,70122700
2024-06-17,214.80923461914062,93728300
2024-06-18,212.4496612548828,79943300
2024-06-20,207.87925720214844,86172500
2024-06-21,205.70806884765625,241805100
2024-06-24,206.35247802734375,80727000
2024-06-25,207.27450561523438,55549700
2024-06-26,211.41859436035156,66213200
2024-06-27,212.26129150390625,49772700
2024-06-28,208.81117248535156,82542700
2024-07-01,214.8885498046875,60402900
2024-07-02,218.37832641601562,58046200
2024-07-03,219.64730834960938,37369800
2024-07-05,224.39617919921875,60412400
2024-07-08,225.8634796142578,59085900
2024-07-09,226.71609497070312,48076100
2024-07-10,230.97914123535156,62627700
2024-07-11,225.61561584472656,64710600
2024-07-12,228.56008911132812,53046500
2024-07-15,232.386962890625,62631300
2024-07-16,232.80337524414062,43234300
2024-07-17,226.9143829345703,57345900
2024-07-18,222.2547149658203,66034600
2024-07-19,222.38360595703125,49151500
2024-07-22,222.03662109375,48201800
2024-07-23,223.07757568359375,39960300
2024-07-24,216.66314697265625,61777600
2024-07-25,215.6221923828125,51391200
2024-07-26,216.08815002441406,41601300
2024-07-29,216.36573791503906,36311800
2024-07-30,216.9209442138672,41643800
2024-07-31,220.1727752685547,50036300
2024-08-01,216.48471069335938,62501000
2024-08-02,217.97183227539062,105568600
2024-08-05,207.4727783203125,119548600
2024-08-06,205.45030212402344,69660500
2024-08-07,208.01806640625,63516400
2024-08-08,211.47808837890625,47161100
2024-08-09,214.38291931152344,42201600
2024-08-12,215.9114532470703,38028100
2024-08-13,219.62364196777344,44155300
2024-08-14,220.07029724121094,41960600
2024-08-15,223.0479736328125,46414000
2024-08-16,224.3680877685547,44340200
2024-08-19,224.20925903320312,40687800
2024-08-20,224.82464599609375,30299000
2024-08-21,224.71546936035156,34765500
2024-08-22,222.85939025878906,43695300
2024-08-23,225.15220642089844,38677300
2024-08-26,225.48963928222656,30602200
2024-08-27,226.3333282470703,35934600
2024-08-28,224.8048095703125,38052200
2024-08-29,228.0802459716797,51906300
2024-08-30,227.29612731933594,52990800
2024-09-03,221.1125030517578,50190600
2024-09-04,219.20675659179688,43840200
2024-09-05,220.7253875732422,36615400
2024-09-06,219.177001953125,48423000
2024-09-09,219.26632690429688,67180000
2024-09-10,218.47227478027344,51591000
2024-09-11,221.00331115722656,44587100
2024-09-12,221.1125030517578,37455600
2024-09-13,220.844482421875,36766600
2024-09-16,214.71047973632812,59357400
2024-09-17,215.17694091796875,45519300
2024-09-18,219.04794311523438,59894900
2024-09-19,227.16708374023438,66781300
2024-09-20,226.50205993652344,318679900
2024-09-23,224.78494262695312,54146000
2024-09-24,225.67825317382812,43556100
2024-09-25,224.68568420410156,42308700
2024-09-26,225.8271484375,36636700
2024-09-27,226.0951385498047,34026000
2024-09-30,231.26637268066406,54541900
2024-10-01,224.5269012451172,63285000
2024-10-02,225.09263610839844,32880600
2024-10-03,223.9908905029297,34044200
2024-10-04,225.1124725341797,37245100
2024-10-07,220.04052734375,39505400
2024-10-08,224.09017944335938,31855700
2024-10-09,227.83209228515625,33591100
2024-10-10,227.33583068847656,28183500
2024-10-11,225.85693359375,31759200
2024-10-14,229.5790252685547,39882100
2024-10-15,232.1100616455078,64751400
2024-10-16,230.055419921875,34082200
2024-10-17,230.42269897460938,32993800
2024-10-18,233.25148010253906,46431500
2024-10-21,234.720458984375,36254500
2024-10-22,234.10507202148438,38846600
2024-10-23,229.04302978515625,52287000
2024-10-24,228.85446166992188,31109500
2024-10-25,229.68820190429688,38802300
2024-10-28,231.6633758544922,36087100
2024-10-29,231.93138122558594,35417200
2024-10-30,228.387939453125,47070900
2024-10-31,224.2291259765625,64370100
2024-11-01,221.25144958496094,65276700
2024-11-04,220.35813903808594,44944500
2024-11-05,221.7873992919922,28111300
2024-11-06,221.06285095214844,54561100
2024-11-07,225.7874298095703,42137700
2024-11-08,225.51913452148438,38328800
2024-11-11,222.80648803710938,42005600
2024-11-12,222.80648803710938,40398300
2024-11-13,223.69082641601562,48566200
2024-11-14,226.7711639404297,44923900
2024-11-15,223.5715789794922,47923700
2024-11-18,226.5724334716797,44633700
2024-11-19,226.8307647705078,36211800
2024-11-20,227.54620361328125,35169600
2024-11-21,227.0692596435547,42108300
2024-11-22,228.41067504882812,38168300
2024-11-25,231.39161682128906,90152800
2024-11-26,233.56771850585938,45986200
2024-11-27,233.4385223388672,33498400
2024-11-29,235.82333374023438,28481400
2024-12-02,238.0689697265625,48137100
2024-12-03,241.10952758789062,38861000
2024-12-04,241.46725463867188,44383900
2024-12-05,241.49705505371094,40033900
2024-12-06,241.29833984375,36870600
2024-12-09,245.18350219726562,44649200
2024-12-10,246.197021484375,36914800
2024-12-11,244.9251708984375,45205800
2024-12-12,246.3858184814453,32777500
2024-12-13,246.5547637939453,33155300
2024-12-16,249.44625854492188,51694800
2024-12-17,251.8707733154297,51356400
2024-12-18,246.4752655029297,56774100
2024-12-19,248.20419311523438,60882300
2024-12-20,252.87435913085938,147495300
2024-12-23,253.6494140625,40858800
2024-12-24,256.56085205078125,23234700
2024-12-26,257.3755798339844,27237100
2024-12-27,253.96737670898438,42355300
2024-12-30,250.59890747070312,35557500
2024-12-31,248.8302001953125,39480700
