date,close,volume
2014-01-02,74.98272705078125,5112000
2014-01-03,75.22581481933594,3888500
2014-01-06,75.1922836303711,2844700
2014-01-07,74.90725708007812,4039500
2014-01-08,75.14263916015625,3880200
2014-01-09,74.69718933105469,3469200
2014-01-10,74.41983795166016,2901600
2014-01-13,73.10877227783203,5641000
2014-01-14,73.218017578125,4777900
2014-01-15,74.1677017211914,4494900
2014-01-16,73.77272033691406,3326100
2014-01-17,76.45365142822266,14989900
2014-01-21,76.13428497314453,7954600
2014-01-22,76.58815002441406,3848700
2014-01-23,74.94091033935547,5260900
2014-01-24,73.07514953613281,6289300
2014-01-27,72.04141998291016,5651400
2014-01-28,72.81460571289062,4108700
2014-01-29,71.89856719970703,3357900
2014-01-30,72.79781341552734,4259000
2014-01-31,71.45313262939453,4778000
2014-02-03,69.63777160644531,5769800
2014-02-04,70.59590148925781,5380500
2014-02-05,70.36058044433594,3260100
2014-02-06,72.0162353515625,5432400
2014-02-07,73.11714172363281,4495200
2014-02-10,74.24335479736328,5387900
2014-02-11,74.445068359375,3602400
2014-02-12,74.81482696533203,2488600
2014-02-13,74.71398162841797,2759700
2014-02-14,74.79802703857422,2671800
2014-02-18,74.81482696533203,3591600
2014-02-19,74.6635513305664,4332300
2014-02-20,74.8064193725586,4411800
2014-02-21,74.58792114257812,3808700
2014-02-24,75.57119750976562,3261200
2014-02-25,75.56281280517578,2914800
2014-02-26,75.41156768798828,4840200
2014-02-27,75.88217163085938,3075600
2014-02-28,76.71418762207031,4689200
2014-03-03,75.61325073242188,3465300
2014-03-04,77.83198547363281,3752000
2014-03-05,77.43695831298828,3086400
2014-03-06,78.59674072265625,3957900
2014-03-07,78.88250732421875,3864600
2014-03-10,78.7480239868164,2218700
2014-03-11,78.32779693603516,1946200
2014-03-12,78.07569885253906,2486100
2014-03-13,76.21834564208984,3990200
2014-03-14,75.78131866455078,3583900
2014-03-17,76.69738006591797,3033000
2014-03-18,76.9747085571289,2348300
2014-03-19,76.25198364257812,3425700
2014-03-20,77.05879211425781,3779700
2014-03-21,76.9159164428711,6684500
2014-03-24,76.48728942871094,2520600
2014-03-25,76.34439086914062,2420000
2014-03-26,75.35272979736328,3011200
2014-03-27,75.63005828857422,3602800
2014-03-28,76.02503967285156,3138900
2014-03-31,75.6636734008789,5172400
2014-04-01,76.62174224853516,2821600
2014-04-02,76.16679382324219,2886700
2014-04-03,76.65545654296875,2483600
2014-04-04,75.13043212890625,2933600
2014-04-07,72.96508026123047,5557600
2014-04-08,72.87240600585938,3880300
2014-04-09,74.75130462646484,3592900
2014-04-10,71.9203109741211,5213800
2014-04-11,71.2293930053711,4014300
2014-04-14,72.03826904296875,4011900
2014-04-15,72.49327087402344,3741700
2014-04-16,73.63912200927734,4055100
2014-04-17,72.64488983154297,9244400
2014-04-21,73.02406311035156,3762300
2014-04-22,73.36106872558594,3420400
2014-04-23,73.41160583496094,3788200
2014-04-24,73.64751434326172,3187000
2014-04-25,73.32735443115234,4226100
2014-04-28,73.35266876220703,4760400
2014-04-29,73.96770477294922,2852900
2014-04-30,73.66439819335938,4351600
2014-05-01,73.15044403076172,4679900
2014-05-02,73.24311828613281,3707400
2014-05-05,73.60542297363281,3340000
2014-05-06,72.62804412841797,3269400
2014-05-07,74.1278076171875,4601500
2014-05-08,74.66703796386719,4220200
2014-05-09,74.85240173339844,2344700
2014-05-12,75.54328155517578,2343800
2014-05-13,75.06300354003906,2298500
2014-05-14,74.5322265625,2238500
2014-05-15,73.80764770507812,3324400
2014-05-16,73.72335052490234,3062400
2014-05-19,74.24575805664062,2000300
2014-05-20,73.37792205810547,2798400
2014-05-21,74.02668762207031,2525600
2014-05-22,74.2710189819336,2654800
2014-05-23,74.80184173583984,1858200
2014-05-27,77.00086975097656,5093800
2014-05-28,76.72285461425781,2466800
2014-05-29,76.90823364257812,2668500
2014-05-30,77.09359741210938,3594800
2014-06-02,77.42218780517578,2832100
2014-06-03,77.28739929199219,2589100
2014-06-04,77.35477447509766,2637000
2014-06-05,78.18890380859375,3219200
2014-06-06,79.96668243408203,4550800
2014-06-09,80.52278900146484,3825200
2014-06-10,80.27843475341797,2418300
2014-06-11,80.10990905761719,1884000
2014-06-12,79.84031677246094,2870500
2014-06-13,79.91613006591797,1793000
2014-06-16,79.51172637939453,2832500
2014-06-17,79.75606536865234,2572300
2014-06-18,80.51436614990234,2454800
2014-06-19,80.10150146484375,3206400
2014-06-20,80.49748992919922,5387400
2014-06-23,80.47220611572266,2102500
2014-06-24,79.56226348876953,2088700
2014-06-25,79.73921966552734,2398400
2014-06-26,79.45269775390625,2594800
2014-06-27,79.98355102539062,3630700
2014-06-30,79.93296813964844,2634300
2014-07-01,80.33743286132812,3026300
2014-07-02,80.21943664550781,1595500
2014-07-03,80.750244140625,1633800
2014-07-07,80.37954711914062,1962800
2014-07-08,79.68022155761719,2828700
2014-07-09,80.04353332519531,2645500
2014-07-10,79.80694580078125,2230000
2014-07-11,79.81537628173828,2108500
2014-07-14,79.87451934814453,2388000
2014-07-15,79.79850006103516,3499200
2014-07-16,79.81537628173828,2738000
2014-07-17,78.56497192382812,3110800
2014-07-18,79.02123260498047,3363000
2014-07-21,78.47205352783203,2321800
2014-07-22,78.88605499267578,2411600
2014-07-23,78.81002807617188,1984800
2014-07-24,78.70018005371094,3023400
2014-07-25,77.66942596435547,3903500
2014-07-28,77.61026763916016,4274000
2014-07-29,77.48353576660156,4773300
2014-07-30,76.8076400756836,5069300
2014-07-31,74.34906005859375,7561100
2014-08-01,73.056396484375,12258300
2014-08-04,73.44503784179688,5743800
2014-08-05,72.96347045898438,5004400
2014-08-06,72.99723052978516,4805600
2014-08-07,72.67620086669922,4539100
2014-08-08,73.90126037597656,4206700
2014-08-11,73.46194458007812,3594400
2014-08-12,73.57179260253906,3106600
2014-08-13,73.84212493896484,2590600
2014-08-14,73.73228454589844,3498800
2014-08-15,73.16622161865234,3290800
2014-08-18,73.63936614990234,2662100
2014-08-19,74.45045471191406,3523700
2014-08-20,74.76302337646484,3142900
2014-08-21,75.31220245361328,3019300
2014-08-22,75.09251403808594,2796200
2014-08-25,75.69239044189453,3730000
2014-08-26,75.32068634033203,2934600
2014-08-27,75.39669799804688,2632300
2014-08-28,75.21082305908203,3324900
2014-08-29,75.65860748291016,2672700
2014-09-02,75.80225372314453,3592100
2014-09-03,76.15707397460938,2930800
2014-09-04,75.74308776855469,2594100
2014-09-05,75.70932006835938,2571200
2014-09-08,75.13478088378906,3617600
2014-09-09,74.26457977294922,4014300
2014-09-10,74.69546508789062,3471000
2014-09-11,74.70389556884766,2757000
2014-09-12,74.044921875,4724500
2014-09-15,73.82524871826172,3983800
2014-09-16,74.6532211303711,5946200
2014-09-17,75.2530746459961,4460700
2014-09-18,76.12332153320312,4309800
2014-09-19,75.78535461425781,7118600
2014-09-22,75.18547058105469,3134700
2014-09-23,74.61096954345703,3711000
2014-09-24,74.78840637207031,5089900
2014-09-25,73.30137634277344,5648000
2014-09-26,74.66166687011719,4480300
2014-09-29,74.30680084228516,3304100
2014-09-30,73.96041107177734,3867100
2014-10-01,72.71472930908203,4777800
2014-10-02,72.76559448242188,4216800
2014-10-03,73.85873413085938,4601400
2014-10-06,73.7485580444336,3147300
2014-10-07,72.324951171875,3905000
2014-10-08,74.070556640625,4238200
2014-10-09,72.78253173828125,5394400
2014-10-10,72.01988983154297,4226400
2014-10-13,70.14713287353516,5072300
2014-10-14,70.1132583618164,6165000
2014-10-15,68.57947540283203,9155600
2014-10-16,67.9947509765625,9159300
2014-10-17,69.97766876220703,9175000
2014-10-20,71.18942260742188,5231100
2014-10-21,72.57069396972656,4847100
2014-10-22,71.1470718383789,5182200
2014-10-23,72.5452880859375,5000300
2014-10-24,73.21470642089844,3608000
2014-10-27,73.40959167480469,3610100
2014-10-28,74.57901763916016,3598400
2014-10-29,74.85865783691406,4592500
2014-10-30,75.19759368896484,5072900
2014-10-31,76.22295379638672,6848600
2014-11-03,76.98560333251953,3707900
2014-11-04,77.43473052978516,3163100
2014-11-05,78.31603240966797,3617600
2014-11-06,77.60419464111328,6005800
2014-11-07,78.18045043945312,3669200
2014-11-10,78.299072265625,2938700
2014-11-11,77.73979949951172,2719800
2014-11-12,77.57878875732422,3825500
2014-11-13,77.1720199584961,3638000
2014-11-14,76.83308410644531,2361600
2014-11-17,76.37545776367188,2620600
2014-11-18,76.7568130493164,2175500
2014-11-19,76.68901062011719,2661200
2014-11-20,76.79070281982422,2825700
2014-11-21,76.5958023071289,4039200
2014-11-24,77.1465835571289,3459500
2014-11-25,77.45167541503906,3313700
2014-11-26,77.4940185546875,2218200
2014-11-28,78.31603240966797,3070000
2014-12-01,78.0787353515625,3343000
2014-12-02,78.8074951171875,3111900
2014-12-03,77.32456970214844,5911100
2014-12-04,77.81603240966797,3991000
2014-12-05,78.51092529296875,2872600
2014-12-08,79.28202819824219,4467600
2014-12-09,79.11255645751953,4069100
2014-12-10,78.59563446044922,4658000
2014-12-11,78.91766357421875,4419100
2014-12-12,77.11271667480469,4480300
2014-12-15,76.2992172241211,4766700
2014-12-16,74.77391052246094,4948800
2014-12-17,76.63816833496094,5204400
2014-12-18,78.9515380859375,4554200
2014-12-19,78.72273254394531,7170300
2014-12-22,79.33287811279297,2910800
2014-12-23,79.50235748291016,2864800
2014-12-24,79.7226791381836,1321500
2014-12-26,79.90064239501953,1439900
2014-12-29,79.8836669921875,1483000
2014-12-30,79.8836669921875,1425100
2014-12-31,78.84139251708984,2306200
2015-01-02,78.82444763183594,2437500
2015-01-05,76.73985290527344,3469600
2015-01-06,75.10437774658203,4800300
2015-01-07,76.74468231201172,5665200
2015-01-08,77.83252716064453,3774200
2015-01-09,76.84666442871094,3681700
2015-01-12,76.06475830078125,3230700
2015-01-13,75.8353042602539,3537600
2015-01-14,73.9995346069336,6628400
2015-01-15,72.98819732666016,5830900
2015-01-16,73.12415313720703,6768700
2015-01-20,74.16102600097656,6364100
2015-01-21,74.50946807861328,7185700
2015-01-22,71.70484924316406,16390100
2015-01-23,71.50088500976562,7366100
2015-01-26,70.79548645019531,6632800
2015-01-27,70.03057861328125,6329500
2015-01-28,69.46117401123047,7942200
2015-01-29,69.69058990478516,7545900
2015-01-30,68.57726287841797,7210500
2015-02-02,69.80110168457031,5459300
2015-02-03,71.16092681884766,5586200
2015-02-04,71.05892181396484,6155700
2015-02-05,72.01079559326172,3966600
2015-02-06,72.2487564086914,5139700
2015-02-09,72.22330474853516,3101300
2015-02-10,72.95415496826172,3589900
2015-02-11,73.0986557006836,4374800
2015-02-12,68.39876556396484,32653100
2015-02-13,66.35906982421875,34874400
2015-02-17,67.20899200439453,18578300
2015-02-18,67.80388641357422,13417000
2015-02-19,66.63103485107422,20858000
2015-02-20,67.84638214111328,11348700
2015-02-23,68.2458267211914,6868600
2015-02-24,68.72176361083984,10951000
2015-02-25,69.83509826660156,8184700
2015-02-26,70.75299072265625,8702800
2015-02-27,69.34217071533203,8121200
2015-03-02,69.71610260009766,5503100
2015-03-03,69.61414337158203,6856100
2015-03-04,68.5262451171875,6141000
2015-03-05,68.96823120117188,5571800
2015-03-06,68.25431823730469,6530200
2015-03-09,68.42432403564453,5846100
2015-03-10,67.23444366455078,7525000
2015-03-11,67.52340698242188,4546200
2015-03-12,69.3166732788086,9386600
2015-03-13,68.50078582763672,6919400
2015-03-16,69.26568603515625,5295100
2015-03-17,68.8917007446289,4258200
2015-03-18,69.5716323852539,6449400
2015-03-19,69.2996597290039,4677000
2015-03-20,70.2855453491211,9338100
2015-03-23,69.86060333251953,7291700
2015-03-24,69.15518188476562,5217800
2015-03-25,68.08433532714844,8908000
2015-03-26,66.69904327392578,16181300
2015-03-27,66.26557922363281,9022600
2015-03-30,66.33358001708984,7285200
2015-03-31,66.61495971679688,5918300
2015-04-01,67.30570983886719,6163500
2015-04-02,67.96229553222656,5695200
2015-04-06,67.90257263183594,3831100
2015-04-07,66.7940444946289,5919200
2015-04-08,67.10103607177734,6405800
2015-04-09,67.50183868408203,4288100
2015-04-10,67.86846160888672,3442000
2015-04-13,67.59562683105469,4092000
2015-04-14,67.78321075439453,4213200
2015-04-15,68.00492095947266,6042700
2015-04-16,68.99408721923828,8084800
2015-04-17,65.93279266357422,22112500
2015-04-20,65.8560562133789,8432600
2015-04-21,65.898681640625,5125000
2015-04-22,66.88784790039062,7318100
2015-04-23,66.64054107666016,4815400
2015-04-24,66.50411987304688,3400700
2015-04-27,66.0777587890625,6901700
2015-04-28,66.0777587890625,6493400
2015-04-29,65.79632568359375,4322600
2015-04-30,66.04366302490234,6754100
2015-05-01,66.23977661132812,3859200
2015-05-04,66.75139617919922,3896700
2015-05-05,66.3761978149414,5325800
2015-05-06,66.38475036621094,5896600
2015-05-07,66.87931060791016,7924600
2015-05-08,67.34830474853516,7198100
2015-05-11,67.96229553222656,5827400
2015-05-12,67.43360137939453,4575700
2015-05-13,68.09870147705078,5494500
2015-05-14,68.85763549804688,4450800
2015-05-15,68.40570068359375,4479300
2015-05-18,68.363037109375,4579900
2015-05-19,69.37779998779297,6063500
2015-05-20,69.03673553466797,3986700
2015-05-21,68.86619567871094,4249700
2015-05-22,69.28398895263672,3395800
2015-05-26,68.380126953125,5282700
2015-05-27,68.31190490722656,5105100
2015-05-28,68.29485321044922,4443000
2015-05-29,67.97933197021484,7385100
2015-06-01,67.76615905761719,4716900
2015-06-02,68.20954895019531,4197300
2015-06-03,68.72972869873047,4321400
2015-06-04,67.67235565185547,5438100
2015-06-05,67.69792175292969,4817000
2015-06-08,67.20336151123047,5883600
2015-06-09,67.51033020019531,4506300
2015-06-10,68.380126953125,5865400
2015-06-11,68.47391510009766,4013400
2015-06-12,67.81732177734375,6253500
2015-06-15,67.57855224609375,4929300
2015-06-16,67.67235565185547,6992700
2015-06-17,68.49097442626953,6945600
2015-06-18,68.87472534179688,4632300
2015-06-19,68.380126953125,13054800
2015-06-22,69.28398895263672,5548600
2015-06-23,69.37779998779297,5356300
2015-06-24,68.84911346435547,5637600
2015-06-25,68.1157455444336,6591100
2015-06-26,68.1157455444336,15746700
2015-06-29,66.34210205078125,8553300
2015-06-30,66.52182006835938,7793000
2015-07-01,67.10386657714844,5319900
2015-07-02,66.94123840332031,4577700
2015-07-06,66.41056060791016,5724800
2015-07-07,66.3763198852539,7183000
2015-07-08,64.98975372314453,5544800
2015-07-09,65.34068298339844,3934000
2015-07-10,66.17091369628906,3036000
2015-07-13,67.21512603759766,3677500
2015-07-14,67.59175872802734,3904900
2015-07-15,67.22371673583984,3947000
2015-07-16,67.54895782470703,4095800
2015-07-17,67.80569458007812,3084400
2015-07-20,67.87420654296875,3553000
2015-07-21,67.57463073730469,3974600
2015-07-22,67.60884857177734,4392700
2015-07-23,65.91413879394531,12256800
2015-07-24,64.96404266357422,8639900
2015-07-27,64.12528228759766,9861400
2015-07-28,64.28793334960938,5516600
2015-07-29,64.79289245605469,4594200
2015-07-30,65.15239715576172,4767100
2015-07-31,65.10099792480469,6344800
2015-08-03,65.03253936767578,5159500
2015-08-04,64.81000518798828,4137600
2015-08-05,64.69874572753906,5562000
2015-08-06,64.1937484741211,4522100
2015-08-07,68.23367309570312,23689600
2015-08-10,69.55177307128906,12609000
2015-08-11,69.62026977539062,8509800
2015-08-12,69.32923889160156,6945600
2015-08-13,69.12384796142578,4866900
2015-08-14,69.25222778320312,5387100
2015-08-17,69.32923889160156,4574700
2015-08-18,69.53465270996094,4458300
2015-08-19,69.28644561767578,5314600
2015-08-20,67.4119873046875,7240600
2015-08-21,65.9312515258789,8483300
2015-08-24,63.89418411254883,12873200
2015-08-25,62.92698287963867,7779000
2015-08-26,64.73297882080078,6505800
2015-08-27,65.80286407470703,7025000
2015-08-28,65.60603332519531,4919000
2015-08-31,65.66593170166016,4559700
2015-09-01,63.33781814575195,6101100
2015-09-02,64.14238739013672,5914400
2015-09-03,64.416259765625,4783000
2015-09-04,63.406307220458984,5095200
2015-09-08,64.61314392089844,6046300
2015-09-09,64.29646301269531,4959800
2015-09-10,64.45911407470703,4764600
2015-09-11,64.62171173095703,3843600
2015-09-14,64.31359100341797,4452100
2015-09-15,65.47763061523438,5473700
2015-09-16,66.1794662475586,4193100
2015-09-17,65.95695495605469,4181800
2015-09-18,65.00686645507812,12402900
2015-09-21,65.68302917480469,3266300
2015-09-22,64.80146026611328,5047200
2015-09-23,64.73297882080078,3183300
2015-09-24,63.92842102050781,6108900
2015-09-25,64.27933502197266,4478000
2015-09-28,62.77293014526367,5894700
2015-09-29,62.5675048828125,5283000
2015-09-30,63.44908905029297,4912200
2015-10-01,63.24370193481445,4741100
2015-10-02,63.688751220703125,5072400
2015-10-05,66.16234588623047,6480600
2015-10-06,65.82855987548828,3887100
2015-10-07,66.3096923828125,3431800
2015-10-08,66.3096923828125,3298900
2015-10-09,66.43856811523438,2651800
2015-10-12,66.4213638305664,1895100
2015-10-13,65.81136322021484,3247400
2015-10-14,65.44194030761719,3098600
2015-10-15,65.93163299560547,3615800
2015-10-16,66.33546447753906,5613700
2015-10-19,66.15504455566406,4054900
2015-10-20,66.1120834350586,3470800
2015-10-21,65.73403930664062,5833500
2015-10-22,62.28883361816406,23652600
2015-10-23,64.08445739746094,9341300
2015-10-26,63.74079132080078,5227700
2015-10-27,63.586158752441406,4099000
2015-10-28,63.964168548583984,7841100
2015-10-29,63.766544342041016,5250200
2015-10-30,62.94179153442383,6310100
2015-11-02,63.52602767944336,4940600
2015-11-03,63.603355407714844,5047900
2015-11-04,63.637718200683594,12872700
2015-11-05,63.51741409301758,4983700
2015-11-06,63.83530044555664,7440800
2015-11-09,63.07925796508789,5622600
2015-11-10,63.036293029785156,4961900
2015-11-11,62.64107894897461,4719500
2015-11-12,61.84209060668945,6112500
2015-11-13,61.17190170288086,4486700
2015-11-16,61.56715774536133,5244600
2015-11-17,61.094600677490234,5867700
2015-11-18,61.988121032714844,5817000
2015-11-19,62.49502182006836,4851300
2015-11-20,62.220088958740234,4429600
2015-11-23,62.06542205810547,3251400
2015-11-24,61.541351318359375,4873100
2015-11-25,61.592918395996094,4391300
2015-11-27,61.73038101196289,1547500
2015-11-30,61.54995346069336,5377200
2015-12-01,62.03108596801758,4193500
2015-12-02,61.17190170288086,4146000
2015-12-03,60.50178527832031,6807800
2015-12-04,61.08598709106445,4993400
2015-12-07,60.6650505065918,5926400
2015-12-08,60.06363296508789,7669100
2015-12-09,60.02064895629883,6910700
2015-12-10,60.235443115234375,4783000
2015-12-11,59.16152572631836,9094300
2015-12-14,59.13572311401367,6393000
2015-12-15,60.269805908203125,6247200
2015-12-16,60.75092315673828,5581800
2015-12-17,59.77149963378906,4800000
2015-12-18,58.310916900634766,17898900
2015-12-21,58.76627731323242,4733400
2015-12-22,59.15289306640625,3796800
2015-12-23,60.11516571044922,5278000
2015-12-24,60.27839279174805,1956400
2015-12-28,59.93473815917969,2860700
2015-12-29,60.61349105834961,3838800
2015-12-30,60.27839279174805,2792700
2015-12-31,59.75430679321289,3531300
2016-01-04,58.070369720458984,9248300
2016-01-05,57.17686462402344,10809200
2016-01-06,55.58907699584961,9752200
2016-01-07,55.088592529296875,11323900
2016-01-08,54.907379150390625,10003600
2016-01-11,55.26980972290039,8157100
2016-01-12,55.57182693481445,7560000
2016-01-13,54.23429870605469,11291200
2016-01-14,54.613983154296875,6664000
2016-01-15,54.28607940673828,8643800
2016-01-19,54.0530891418457,7652100
2016-01-20,54.38962936401367,9043800
2016-01-21,54.0530891418457,8992300
2016-01-22,47.512184143066406,43783400
2016-01-25,47.4776725769043,18498300
2016-01-26,47.538082122802734,12844800
2016-01-27,47.04621124267578,11044100
2016-01-28,45.63103485107422,18015000
2016-01-29,46.16603469848633,13981100
2016-02-01,47.20151901245117,9861900
2016-02-02,46.304107666015625,11698400
2016-02-03,46.69241714477539,9729800
2016-02-04,46.9254035949707,6904000
2016-02-05,46.580230712890625,9159600
2016-02-08,45.21681213378906,11830600
2016-02-09,45.4152946472168,8588900
2016-02-10,45.12190628051758,7081900
2016-02-11,44.103660583496094,9214500
2016-02-12,45.44118118286133,6107700
2016-02-16,45.88988494873047,7163800
2016-02-17,46.26095199584961,8638900
2016-02-18,46.726932525634766,8502900
2016-02-19,47.21015930175781,6557000
2016-02-22,48.00404357910156,6537800
2016-02-23,47.55533218383789,5884100
2016-02-24,47.14976119995117,5596400
2016-02-25,47.79694366455078,4385900
2016-02-26,47.788326263427734,5886800
2016-02-29,47.96090316772461,10380500
2016-03-01,49.01365661621094,9160800
2016-03-02,49.28980255126953,7266200
2016-03-03,50.12681579589844,6848000
2016-03-04,50.299400329589844,5410000
2016-03-07,50.91205978393555,9373500
2016-03-08,51.28313064575195,10556900
2016-03-09,50.95521926879883,6469000
2016-03-10,50.69634246826172,6484100
2016-03-11,51.30900192260742,7837300
2016-03-14,51.4039421081543,4253400
2016-03-15,51.11054229736328,3881900
2016-03-16,51.516117095947266,4882600
2016-03-17,51.844024658203125,4609800
2016-03-18,52.827754974365234,8341300
2016-03-21,52.81912612915039,3665600
2016-03-22,52.3013801574707,4783200
2016-03-23,52.318634033203125,3605100
2016-03-24,52.18055725097656,3549900
2016-03-28,52.0166015625,3261900
2016-03-29,52.29275131225586,4210300
2016-03-30,52.02522659301758,5103200
2016-03-31,52.983070373535156,6310200
2016-04-01,52.72419738769531,4167500
2016-04-04,52.30999755859375,3367300
2016-04-05,51.93894577026367,4640000
2016-04-06,51.92160415649414,4112100
2016-04-07,51.03716278076172,4051300
2016-04-08,51.59210968017578,4602800
2016-04-11,51.85223388671875,4033400
2016-04-12,52.615272521972656,4360300
2016-04-13,53.898582458496094,4689700
2016-04-14,54.202049255371094,4017900
2016-04-15,53.881221771240234,4395700
2016-04-18,54.27141571044922,3140100
2016-04-19,55.12118148803711,4798400
2016-04-20,56.378456115722656,8498700
2016-04-21,56.89006042480469,9466700
2016-04-22,57.16752624511719,5946300
2016-04-25,56.96809768676758,4201700
2016-04-26,57.401649475097656,3979600
2016-04-27,57.42763900756836,4539700
2016-04-28,57.089481353759766,3797800
2016-04-29,56.733985900878906,5051200
2016-05-02,56.95075225830078,4330000
2016-05-03,56.23105239868164,4745400
2016-05-04,55.7194709777832,4998000
2016-05-05,55.42466354370117,4037200
2016-05-06,55.936256408691406,3667700
2016-05-09,55.4766960144043,4261100
2016-05-10,56.22239303588867,4042300
2016-05-11,56.005611419677734,4959500
2016-05-12,55.788848876953125,3607800
2016-05-13,55.59808349609375,4524000
2016-05-16,55.55472946166992,4879500
2016-05-17,54.4188232421875,7977600
2016-05-18,55.07783889770508,5316800
2016-05-19,54.40149688720703,4587000
2016-05-20,55.42466354370117,5278200
2016-05-23,55.138511657714844,3074100
2016-05-24,56.2484016418457,3946100
2016-05-25,56.62991714477539,5755900
2016-05-26,56.56056213378906,3593500
2016-05-27,56.81199264526367,3957100
2016-05-31,57.02010726928711,5256000
2016-06-01,57.150184631347656,3816000
2016-06-02,57.5837287902832,3052200
2016-06-03,56.78600311279297,4352000
2016-06-06,57.176212310791016,3915200
2016-06-07,57.13283920288086,3779500
2016-06-08,57.453670501708984,2601100
2016-06-09,56.97676467895508,3883800
2016-06-10,56.33510971069336,3939100
2016-06-13,55.207889556884766,5883400
2016-06-14,52.95343017578125,12323200
2016-06-15,53.25692367553711,5979900
2016-06-16,53.69914627075195,5543600
2016-06-17,53.63844299316406,6521500
2016-06-20,54.01996994018555,4289100
2016-06-21,54.01130294799805,3360600
2016-06-22,53.71649932861328,3462800
2016-06-23,54.84372329711914,3624600
2016-06-24,52.07767868041992,10798700
2016-06-27,50.00532531738281,7567600
2016-06-28,50.20476150512695,8294300
2016-06-29,51.965110778808594,6281100
2016-06-30,52.94984817504883,8535400
2016-07-01,52.88886642456055,4166500
2016-07-05,51.54680252075195,4911800
2016-07-06,51.83438491821289,5484400
2016-07-07,52.12197494506836,5077400
2016-07-08,53.58601760864258,5768400
2016-07-11,54.169891357421875,3414400
2016-07-12,54.901920318603516,4531900
2016-07-13,54.98905944824219,3887600
2016-07-14,55.43351364135742,4417200
2016-07-15,55.58164978027344,3675600
2016-07-18,55.764671325683594,3260000
2016-07-19,55.91281509399414,3840500
2016-07-20,56.19166946411133,8315800
2016-07-21,55.27665328979492,9498600
2016-07-22,56.017391204833984,4063400
2016-07-25,56.060970306396484,3060300
2016-07-26,56.095821380615234,2745900
2016-07-27,56.287532806396484,3168500
2016-07-28,56.46182632446289,3044000
2016-07-29,56.17425537109375,3732700
2016-08-01,55.88666534423828,2913900
2016-08-02,55.31149673461914,2531000
2016-08-03,55.62522888183594,3034500
2016-08-04,55.721092224121094,3680000
2016-08-05,57.09798812866211,4863800
2016-08-08,57.36814498901367,3253700
2016-08-09,56.984703063964844,3701600
2016-08-10,56.418251037597656,2883000
2016-08-11,57.06313705444336,2450100
2016-08-12,56.97600173950195,2103800
2016-08-15,57.1938362121582,3136700
2016-08-16,56.90626907348633,2805600
2016-08-17,57.237430572509766,3054500
2016-08-18,57.1938362121582,2807500
2016-08-19,57.10670852661133,2783200
2016-08-22,56.95854949951172,3230700
2016-08-23,57.237430572509766,3551700
2016-08-24,56.78427505493164,4128200
2016-08-25,56.644840240478516,4243800
2016-08-26,56.46182632446289,3623600
2016-08-29,57.09798812866211,4173800
2016-08-30,57.03700637817383,3775800
2016-08-31,57.150291442871094,4783600
2016-09-01,56.5228271484375,3657700
2016-09-02,56.81041717529297,3131700
2016-09-06,57.30714416503906,3956400
2016-09-07,57.681884765625,3200700
2016-09-08,57.72544860839844,4078900
2016-09-09,56.74941635131836,5144900
2016-09-12,57.42915344238281,4923200
2016-09-13,56.08710479736328,5620300
2016-09-14,55.320220947265625,5403300
2016-09-15,55.62522888183594,4634300
2016-09-16,55.477088928222656,10475800
2016-09-19,55.82566833496094,3388600
2016-09-20,55.529361724853516,2927600
2016-09-21,56.017391204833984,3849300
2016-09-22,56.32239532470703,3213700
2016-09-23,55.64265823364258,5083900
2016-09-26,55.26792907714844,6946600
2016-09-27,56.017391204833984,3916300
2016-09-28,55.96509552001953,3580100
2016-09-29,55.224365234375,4132500
2016-09-30,55.80824279785156,4307000
2016-10-03,55.60779571533203,2770000
2016-10-04,55.69495391845703,3709400
2016-10-05,56.369354248046875,3345000
2016-10-06,54.24980926513672,7975900
2016-10-07,54.092159271240234,4217400
2016-10-10,54.21476745605469,2522900
2016-10-11,53.303890228271484,3926500
2016-10-12,53.15501403808594,3293800
2016-10-13,52.90977096557617,4220500
2016-10-14,52.68204116821289,4963800
2016-10-17,52.46308135986328,3903900
2016-10-18,52.6207389831543,3416600
2016-10-19,53.64546585083008,7888500
2016-10-20,58.48891830444336,25870700
2016-10-21,58.99690628051758,8561200
2016-10-24,58.76039505004883,5174000
2016-10-25,58.453861236572266,3882300
2016-10-26,58.50640869140625,3621800
2016-10-27,58.620262145996094,4751300
2016-10-28,58.19983673095703,4994500
2016-10-31,58.173583984375,3233400
2016-11-01,58.024688720703125,3761600
2016-11-02,57.324012756347656,3659000
2016-11-03,57.21892166137695,3796500
2016-11-04,57.37657165527344,3429900
2016-11-07,58.68156814575195,4012100
2016-11-08,58.742889404296875,3956000
2016-11-09,60.20552444458008,9319100
2016-11-10,61.405433654785156,9418700
2016-11-11,61.74702072143555,4656100
2016-11-14,63.42863082885742,8084100
2016-11-15,63.472442626953125,4431200
2016-11-16,62.7805290222168,4663700
2016-11-17,62.868099212646484,3797400
2016-11-18,62.184974670410156,5430600
2016-11-21,62.65791702270508,3368200
2016-11-22,62.815547943115234,4086200
2016-11-23,63.83155822753906,4661400
2016-11-25,63.81403350830078,1900400
2016-11-28,63.17465591430664,4467700
2016-11-29,62.61412048339844,3814800
2016-11-30,63.09583282470703,4812500
2016-12-01,63.52499008178711,4298200
2016-12-02,62.93817138671875,2959100
2016-12-05,63.087066650390625,3929100
2016-12-06,63.33230972290039,3843900
2016-12-07,65.06649780273438,5801500
2016-12-08,65.60950469970703,3415800
2016-12-09,65.48690032958984,2566900
2016-12-12,64.44464874267578,3654900
2016-12-13,64.67234802246094,2892900
2016-12-14,64.87379455566406,5415800
2016-12-15,65.6357650756836,4061600
2016-12-16,65.6883544921875,8200600
2016-12-19,65.29419708251953,3076600
2016-12-20,65.74087524414062,3244900
2016-12-21,65.9686050415039,3244500
2016-12-22,65.32047271728516,2865200
2016-12-23,65.66206359863281,1957500
2016-12-27,65.67082214355469,2049400
2016-12-28,65.1365737915039,2517300
2016-12-29,64.74242401123047,2573700
2016-12-30,64.882568359375,3378800
2017-01-03,65.9948959350586,5853900
2017-01-04,67.07677459716797,4635800
2017-01-05,66.24995422363281,3383000
2017-01-06,66.38188934326172,3089600
2017-01-09,66.72494506835938,4818700
2017-01-10,67.41976928710938,9561400
2017-01-11,67.64850616455078,4500200
2017-01-12,67.62210083007812,4056700
2017-01-13,67.3934097290039,3454300
2017-01-17,67.37580871582031,6450300
2017-01-18,68.15865325927734,5988400
2017-01-19,67.45497131347656,8111400
2017-01-20,67.02398681640625,8465900
2017-01-23,66.82168579101562,4444300
2017-01-24,68.10588073730469,4024300
2017-01-25,67.63092041015625,5278300
2017-01-26,67.66607666015625,3344900
2017-01-27,67.59571075439453,3530900
2017-01-30,67.97393035888672,5344500
2017-01-31,67.18230438232422,5568100
2017-02-01,67.51654815673828,3916800
2017-02-02,67.29666137695312,3655500
2017-02-03,68.64241790771484,5235800
2017-02-06,68.44891357421875,3229500
2017-02-07,68.3609390258789,2060200
2017-02-08,68.43131256103516,2223100
2017-02-09,68.76555633544922,3031800
2017-02-10,69.02945709228516,2191200
2017-02-13,69.40765380859375,3317100
2017-02-14,69.84744262695312,3511200
2017-02-15,70.01455688476562,5704100
2017-02-16,69.93538665771484,4295000
2017-02-17,70.1113052368164,2690300
2017-02-21,70.34001159667969,3505500
2017-02-22,70.24324035644531,2943000
2017-02-23,70.41036987304688,3339500
2017-02-24,70.15530395507812,3932300
2017-02-27,70.51592254638672,2619400
2017-02-28,70.41917419433594,4415300
2017-03-01,72.05519104003906,4746400
2017-03-02,70.4543228149414,4409800
2017-03-03,70.26083374023438,4579600
2017-03-06,69.9266128540039,3670300
2017-03-07,69.99695587158203,4433500
2017-03-08,69.52200317382812,4326800
2017-03-09,69.75067901611328,4573500
2017-03-10,69.821044921875,3762800
2017-03-13,69.6715087890625,3664300
2017-03-14,70.09373474121094,3321400
2017-03-15,69.68912506103516,4337200
2017-03-16,70.1640853881836,3474800
2017-03-17,69.70671081542969,6672600
2017-03-20,69.35486602783203,3099500
2017-03-21,68.19384002685547,6804000
2017-03-22,68.31697082519531,4877300
2017-03-23,68.46648406982422,4082900
2017-03-24,68.78314971923828,4726800
2017-03-27,68.2553939819336,3835300
2017-03-28,69.1701431274414,4235900
2017-03-29,68.82710266113281,2913600
2017-03-30,69.6715087890625,2924100
2017-03-31,69.58355712890625,5228400
2017-04-03,69.12619018554688,3022700
2017-04-04,68.8359375,2563700
2017-04-05,68.67693328857422,2858400
2017-04-06,68.81826782226562,2914800
2017-04-07,68.68577575683594,2203000
2017-04-10,68.43848419189453,2217100
2017-04-11,68.2353515625,4642300
2017-04-12,67.72310638427734,3055800
2017-04-13,66.94590759277344,3666600
2017-04-17,67.7142562866211,4160800
2017-04-18,66.93705749511719,3845900
2017-04-19,66.72508239746094,5283600
2017-04-20,70.6729507446289,11099300
2017-04-21,70.29317474365234,5837800
2017-04-24,71.05274200439453,3563200
2017-04-25,71.2116928100586,5061300
2017-04-26,71.11456298828125,3661600
2017-04-27,70.94677734375,2922700
2017-04-28,69.992919921875,5313200
2017-05-01,69.97522735595703,3458100
2017-05-02,70.24903869628906,3334900
2017-05-03,69.6219711303711,3800600
2017-05-04,69.18034362792969,3902200
2017-05-05,69.1715316772461,2936700
2017-05-08,69.03022003173828,2608600
2017-05-09,69.27752685546875,2570600
2017-05-10,69.4629898071289,2396900
2017-05-11,68.81826782226562,3780600
2017-05-12,68.43848419189453,2865800
2017-05-15,69.18034362792969,3327000
2017-05-16,69.00373077392578,2457500
2017-05-17,67.4493179321289,4441600
2017-05-18,67.4581527709961,3545700
2017-05-19,67.8291015625,3283900
2017-05-22,67.98806762695312,2800000
2017-05-23,68.18235778808594,2239600
2017-05-24,68.11170959472656,2091300
2017-05-25,68.39434051513672,3185200
2017-05-26,68.41197967529297,1858800
2017-05-30,68.08522033691406,2073000
2017-05-31,67.9527359008789,3117100
2017-06-01,69.13621520996094,3553400
2017-06-02,69.3216781616211,3534800
2017-06-05,69.7456283569336,2738600
2017-06-06,69.63961029052734,2878000
2017-06-07,70.48748779296875,4284000
2017-06-08,70.61112976074219,4079800
2017-06-09,70.9290771484375,3849400
2017-06-12,70.80545043945312,3352300
2017-06-13,71.17634582519531,3174400
2017-06-14,71.39715576171875,4013100
2017-06-15,71.27354431152344,2773400
2017-06-16,71.9359130859375,5914700
2017-06-19,72.31568908691406,3076500
2017-06-20,72.87211608886719,3929100
2017-06-21,72.60716247558594,2683400
2017-06-22,72.6424789428711,2312100
2017-06-23,72.615966796875,3785300
2017-06-26,73.26953887939453,2491600
2017-06-27,73.3755111694336,2994500
2017-06-28,74.16156768798828,3668500
2017-06-29,73.86125946044922,5092600
2017-06-30,74.40001678466797,3320800
2017-07-03,75.15959167480469,2306900
2017-07-05,75.257080078125,3501200
2017-07-06,74.23760223388672,3213400
2017-07-07,74.7606430053711,2454600
2017-07-10,74.73403930664062,2147000
2017-07-11,74.60993194580078,2733200
2017-07-12,75.19503021240234,4629100
2017-07-13,75.68260955810547,3309400
2017-07-14,75.60284423828125,3354700
2017-07-17,75.54965209960938,2190500
2017-07-18,75.8155746459961,2816000
2017-07-19,76.17909240722656,5539700
2017-07-20,75.66490173339844,5386400
2017-07-21,75.87764739990234,3570400
2017-07-24,75.35459899902344,5389100
2017-07-25,75.71807861328125,3255200
2017-07-26,75.6205825805664,3038100
2017-07-27,74.33507537841797,6119300
2017-07-28,75.17732238769531,3321200
2017-07-31,75.55851745605469,3079800
2017-08-01,75.56734466552734,3148800
2017-08-02,75.6205825805664,3252300
2017-08-03,75.83332824707031,2381800
2017-08-04,76.21453094482422,2840200
2017-08-07,76.10814666748047,2089100
2017-08-08,76.18791961669922,2922800
2017-08-09,75.96630859375,2961000
2017-08-10,74.96452331542969,3755200
2017-08-11,74.72517395019531,3078600
2017-08-14,75.7712631225586,2893600
2017-08-15,76.94147491455078,3774100
2017-08-16,77.47339630126953,3379600
2017-08-17,76.32090759277344,3870400
2017-08-18,75.69148254394531,4271200
2017-08-21,75.6205825805664,2505100
2017-08-22,75.6205825805664,2155300
2017-08-23,75.60284423828125,1960400
2017-08-24,75.67374420166016,2057900
2017-08-25,75.7712631225586,2302100
2017-08-28,75.71807861328125,2105500
2017-08-29,75.72693634033203,2779400
2017-08-30,75.96630859375,2131700
2017-08-31,76.32977294921875,3792300
2017-09-01,76.365234375,2262700
2017-09-05,75.62940979003906,3089800
2017-09-06,75.55851745605469,2823300
2017-09-07,74.83155822753906,2905400
2017-09-08,74.68970489501953,3462100
2017-09-11,75.96630859375,3397500
2017-09-12,76.72872161865234,3333300
2017-09-13,76.80850219726562,2396500
2017-09-14,76.4095687866211,2764900
2017-09-15,77.1187973022461,7791600
2017-09-18,77.89892578125,3395100
2017-09-19,78.90070343017578,4043800
2017-09-20,78.3953857421875,4251000
2017-09-21,78.38652801513672,2877800
2017-09-22,78.36878967285156,2770100
2017-09-25,78.20037078857422,2863100
2017-09-26,78.62589263916016,2197800
2017-09-27,79.33511352539062,2888900
2017-09-28,79.91133117675781,2458800
2017-09-29,80.19501495361328,2996300
2017-10-02,80.26595306396484,4466400
2017-10-03,81.05493927001953,2912300
2017-10-04,80.68264770507812,3091700
2017-10-05,81.1275863647461,2991000
2017-10-06,81.47470092773438,1891800
2017-10-09,81.59928131103516,1653700
2017-10-10,81.7772445678711,2247200
2017-10-11,81.83955383300781,3051400
2017-10-12,81.52806091308594,3279000
2017-10-13,82.64051055908203,3224200
2017-10-16,81.83955383300781,4294000
2017-10-17,81.59928131103516,2939600
2017-10-18,81.94635009765625,4720200
2017-10-19,81.78614044189453,6512100
2017-10-20,81.95525360107422,4442200
2017-10-23,82.21331787109375,2963100
2017-10-24,83.53044891357422,4481500
2017-10-25,83.23676300048828,4266100
2017-10-26,85.15906524658203,4136800
2017-10-27,85.24803924560547,3212200
2017-10-30,84.6072998046875,3096500
2017-10-31,85.00775146484375,3146400
2017-11-01,85.24803924560547,2320000
2017-11-02,85.41716003417969,3013300
2017-11-03,85.81763458251953,2089500
2017-11-06,85.69302368164062,1848300
2017-11-07,84.87428283691406,3200900
2017-11-08,84.66068267822266,2163700
2017-11-09,83.43255615234375,3949800
2017-11-10,83.22787475585938,2714400
2017-11-13,83.56605529785156,2708500
2017-11-14,83.44147491455078,2843700
2017-11-15,82.9964828491211,3236600
2017-11-16,83.26345825195312,2586500
2017-11-17,83.37915802001953,3261200
2017-11-20,83.61054229736328,3456600
2017-11-21,84.01993560791016,2917000
2017-11-22,83.49486541748047,2159100
2017-11-24,83.19226837158203,837300
2017-11-27,83.1833724975586,2731300
2017-11-28,84.794189453125,3536400
2017-11-29,85.96891784667969,4325500
2017-11-30,86.95674133300781,5328300
2017-12-01,87.09026336669922,3445200
2017-12-04,87.7398910522461,4562400
2017-12-05,87.84671020507812,3525600
2017-12-06,87.40170288085938,3081300
2017-12-07,87.73101806640625,3026100
2017-12-08,87.70429229736328,3850300
2017-12-11,88.10479736328125,2984100
2017-12-12,88.4340591430664,3455500
2017-12-13,87.0190658569336,3463900
2017-12-14,86.45835876464844,3464600
2017-12-15,87.67759704589844,7891800
2017-12-18,88.7099380493164,3485400
2017-12-19,88.23828125,3282600
2017-12-20,87.66871643066406,3091000
2017-12-21,87.65980529785156,2339500
2017-12-22,87.87338256835938,1980300
2017-12-26,87.72211456298828,1575200
2017-12-27,88.22046661376953,2569900
2017-12-28,88.72774505615234,1914900
2017-12-29,88.38066101074219,2056800
2018-01-02,88.0513916015625,2746700
2018-01-03,88.59423828125,2976400
2018-01-04,90.0678482055664,3122000
2018-01-05,90.27324676513672,2550300
2018-01-08,89.44270324707031,1896500
2018-01-09,89.77313995361328,2978500
2018-01-10,90.39830017089844,2279200
2018-01-11,89.96068572998047,2745400
2018-01-12,90.17501831054688,3231500
2018-01-16,89.61236572265625,3814000
2018-01-17,89.98745727539062,4469700
2018-01-18,89.18368530273438,5290700
2018-01-19,87.54934692382812,12306000
2018-01-22,87.8083267211914,4983600
2018-01-23,87.50469207763672,4375200
2018-01-24,88.68354797363281,4949500
2018-01-25,89.0318832397461,3375200
2018-01-26,88.97825622558594,3668700
2018-01-29,88.78181457519531,3472100
2018-01-30,88.15665435791016,3466500
2018-01-31,88.77286529541016,3202900
2018-02-01,89.30870056152344,2952100
2018-02-02,86.34367370605469,4663300
2018-02-05,82.1729507446289,6421900
2018-02-06,84.1109619140625,7244000
2018-02-07,83.60189056396484,3796800
2018-02-08,78.89533233642578,5814900
2018-02-09,81.9139633178711,8017600
2018-02-12,84.57537078857422,7419200
2018-02-13,84.45030212402344,3366700
2018-02-14,85.9417724609375,3446800
2018-02-15,86.23650360107422,3057400
2018-02-16,86.44190979003906,3280700
2018-02-20,86.79916381835938,3514700
2018-02-21,87.07600402832031,4431500
2018-02-22,86.9420394897461,4270100
2018-02-23,88.23699951171875,2440600
2018-02-26,90.77336120605469,4953100
2018-02-27,88.9336166381836,5167300
2018-02-28,87.08495330810547,4053700
2018-03-01,84.96831512451172,4369800
2018-03-02,85.379150390625,3584700
2018-03-05,86.32579803466797,2661400
2018-03-06,85.79886627197266,3221100
2018-03-07,85.41487121582031,3594900
2018-03-08,86.2632827758789,3760500
2018-03-09,88.46029663085938,3044300
2018-03-12,87.22782897949219,4020900
2018-03-13,85.17373657226562,4858700
2018-03-14,84.42355346679688,3013800
2018-03-15,84.29849243164062,3213000
2018-03-16,85.38807678222656,5124900
2018-03-19,84.70038604736328,2610400
2018-03-20,84.79865264892578,2501600
2018-03-21,84.61109161376953,2124000
2018-03-22,81.6371078491211,4113900
2018-03-23,80.77973937988281,5100400
2018-03-26,82.71773529052734,2769800
2018-03-27,81.64602661132812,4357300
2018-03-28,82.35157012939453,5509700
2018-03-29,83.30718994140625,4940600
2018-04-02,81.27093505859375,4998400
2018-04-03,82.82490539550781,2864500
2018-04-04,83.57510375976562,4619200
2018-04-05,84.44464874267578,2482300
2018-04-06,82.3918228149414,2968900
2018-04-09,82.59796905517578,3109700
2018-04-10,83.36891174316406,4584000
2018-04-11,82.11389923095703,4064900
2018-04-12,83.68268585205078,3137300
2018-04-13,83.39580535888672,2510300
2018-04-16,83.90679168701172,2811500
2018-04-17,84.13985443115234,2651700
2018-04-18,85.2962646484375,4981400
2018-04-19,91.7685775756836,11716900
2018-04-20,90.3521728515625,5614700
2018-04-23,90.19084167480469,3183300
2018-04-24,90.03843688964844,5048900
2018-04-25,88.55033111572266,5129200
2018-04-26,89.85020446777344,3021100
2018-04-27,89.29440307617188,2017000
2018-04-30,88.5234603881836,2567000
2018-05-01,88.37107849121094,2915200
2018-05-02,87.51942443847656,3542000
2018-05-03,87.08016967773438,3572300
2018-05-04,88.16487884521484,2363200
2018-05-07,88.37107849121094,2152100
2018-05-08,89.41093444824219,3199100
2018-05-09,90.09220886230469,2694300
2018-05-10,90.88108825683594,2847600
2018-05-11,90.91693878173828,2522100
2018-05-14,90.80040740966797,2234800
2018-05-15,90.3073501586914,3442300
2018-05-16,90.17292785644531,2135200
2018-05-17,90.7376708984375,2876100
2018-05-18,90.5314712524414,2927600
2018-05-21,91.47274780273438,2084000
2018-05-22,92.06437683105469,2910700
2018-05-23,91.3741455078125,2553900
2018-05-24,91.44584655761719,2230000
2018-05-25,90.63009643554688,1850800
2018-05-29,87.6001205444336,4377800
2018-05-30,88.73857879638672,3076800
2018-05-31,88.12004852294922,2780300
2018-06-01,88.07523345947266,2711200
2018-06-04,89.15093994140625,2417400
2018-06-05,89.02546691894531,1811500
2018-06-06,90.5135498046875,2872700
2018-06-07,90.9707260131836,4245700
2018-06-08,90.54044342041016,3580500
2018-06-11,90.7197265625,3453000
2018-06-12,90.29840087890625,2426100
2018-06-13,89.66189575195312,3183800
2018-06-14,89.42886352539062,3285500
2018-06-15,88.31726837158203,6741200
2018-06-18,88.27246856689453,3621300
2018-06-19,87.08016967773438,3119600
2018-06-20,86.43474578857422,4495300
2018-06-21,86.62300872802734,3350700
2018-06-22,87.16087341308594,7235400
2018-06-25,88.335205078125,7996700
2018-06-26,88.03936767578125,5166100
2018-06-27,86.9188003540039,3693700
2018-06-28,86.92781829833984,3142300
2018-06-29,87.85112762451172,4698500
2018-07-02,88.7475814819336,3148700
2018-07-03,87.70768737792969,2041200
2018-07-05,88.6433334350586,2385500
2018-07-06,88.63433837890625,1996600
2018-07-09,89.88487243652344,4991700
2018-07-10,89.88487243652344,4675500
2018-07-11,90.23575592041016,3469600
2018-07-12,91.00043487548828,3688800
2018-07-13,90.41565704345703,3456500
2018-07-16,90.58658599853516,3264800
2018-07-17,91.00043487548828,3092200
2018-07-18,92.64681243896484,5923800
2018-07-19,90.11876678466797,7171100
2018-07-20,90.10079193115234,3325500
2018-07-23,91.06341552734375,2617900
2018-07-24,91.50425720214844,3155100
2018-07-25,92.33195495605469,2549400
2018-07-26,92.21498107910156,2744000
2018-07-27,93.42951965332031,3815800
2018-07-30,90.73054504394531,4423000
2018-07-31,89.53399658203125,4330400
2018-08-01,89.47100830078125,3315400
2018-08-02,89.72293090820312,2481800
2018-08-03,90.67655181884766,1830400
2018-08-06,90.79354095458984,2004600
2018-08-07,91.7381591796875,1852800
2018-08-08,92.46688079833984,2228900
2018-08-09,92.65581512451172,2435500
2018-08-10,91.38729858398438,2473800
2018-08-13,91.59422302246094,3389200
2018-08-14,91.92709350585938,2327100
2018-08-15,91.32432556152344,2219600
2018-08-16,92.3499526977539,2290400
2018-08-17,92.69183349609375,1950800
2018-08-20,93.41151428222656,2267900
2018-08-21,94.2931900024414,3218400
2018-08-22,95.21085357666016,2761300
2018-08-23,94.79701232910156,1866800
2018-08-24,95.14788818359375,1844000
2018-08-27,96.30844116210938,1972000
2018-08-28,96.5153579711914,2275000
2018-08-29,96.00253295898438,1896200
2018-08-30,95.57071685791016,1868300
2018-08-31,95.3458023071289,2115500
2018-09-04,96.2724380493164,2941800
2018-09-05,95.0759048461914,5511800
2018-09-06,94.82398223876953,3623900
2018-09-07,95.43577575683594,2498400
2018-09-10,96.52436065673828,3337000
2018-09-11,97.44198608398438,2795800
2018-09-12,97.05513763427734,4103100
2018-09-13,97.75687408447266,3429600
2018-09-14,98.56656646728516,2999800
2018-09-17,98.24269104003906,2383100
2018-09-18,98.63853454589844,2173200
2018-09-19,99.0523681640625,2365700
2018-09-20,99.96105194091797,2844800
2018-09-21,99.7721176147461,5662900
2018-09-24,98.82746887207031,1871600
2018-09-25,98.84545135498047,1910600
2018-09-26,97.1720962524414,2944200
2018-09-27,97.02813720703125,2121700
2018-09-28,95.80461883544922,3931500
2018-10-01,97.07312774658203,3361300
2018-10-02,97.51396942138672,2223100
2018-10-03,97.5679702758789,2505100
2018-10-04,97.27901458740234,2478700
2018-10-05,96.81854248046875,2399800
2018-10-08,96.60182189941406,2723400
2018-10-09,96.30386352539062,2604400
2018-10-10,93.5138931274414,4555600
2018-10-11,91.71710205078125,6069300
2018-10-12,92.99922180175781,4855900
2018-10-15,92.65613555908203,2780900
2018-10-16,94.14595031738281,3121000
2018-10-17,94.20915222167969,3792400
2018-10-18,92.85478973388672,4538200
2018-10-19,96.36709594726562,5726300
2018-10-22,94.36266326904297,5003100
2018-10-23,94.24526977539062,4223800
2018-10-24,91.95188903808594,4056700
2018-10-25,93.5409927368164,3378900
2018-10-26,91.41915893554688,5395700
2018-10-29,91.3650131225586,4238700
2018-10-30,92.1685791015625,3778200
2018-10-31,92.75548553466797,4511300
2018-11-01,93.93827056884766,2786800
2018-11-02,93.64030456542969,4322200
2018-11-05,94.99465942382812,2697700
2018-11-06,94.7870101928711,2856000
2018-11-07,96.8907699584961,3606900
2018-11-08,97.96524810791016,2896700
2018-11-09,97.7665786743164,4444000
2018-11-12,96.15039825439453,3154600
2018-11-13,97.38738250732422,3021800
2018-11-14,97.30610656738281,4978100
2018-11-15,98.95841217041016,3742600
2018-11-16,98.8320083618164,3486200
2018-11-19,97.73948669433594,3161200
2018-11-20,95.78923034667969,3779000
2018-11-21,96.15941619873047,2791000
2018-11-23,95.47322082519531,938800
2018-11-26,99.03068542480469,4488500
2018-11-27,99.41891479492188,2837900
2018-11-28,101.92899322509766,3995900
2018-11-29,100.50239562988281,4249500
2018-11-30,101.36917877197266,3949500
2018-12-03,101.4504623413086,3399400
2018-12-04,97.18872833251953,5238400
2018-12-06,97.73948669433594,7455200
2018-12-07,96.32193756103516,4419400
2018-12-10,95.51836395263672,4110000
2018-12-11,95.16622924804688,3132200
2018-12-12,97.04427337646484,4183800
2018-12-13,96.34000396728516,3542600
2018-12-14,95.43706512451172,5245400
2018-12-17,91.3559799194336,7345500
2018-12-18,91.21148681640625,5220800
2018-12-19,89.17994689941406,6195600
2018-12-20,86.47124481201172,7110500
2018-12-21,82.46231079101562,11005300
2018-12-24,80.81002044677734,3190900
2018-12-26,84.7286376953125,5383700
2018-12-27,85.4870834350586,4226600
2018-12-28,85.2523193359375,3225100
2018-12-31,86.06494903564453,2821100
2019-01-02,86.38999938964844,4175400
2019-01-03,84.70372009277344,4776600
2019-01-04,88.52047729492188,4637200
2019-01-07,89.0009994506836,3289000
2019-01-08,89.4361801147461,3227200
2019-01-09,89.59935760498047,2954500
2019-01-10,89.08257293701172,3523800
2019-01-11,89.34549713134766,2770600
2019-01-14,89.24578094482422,4120500
2019-01-15,88.83780670166016,5795100
2019-01-16,90.12517547607422,4701900
2019-01-17,90.19769287109375,5693300
2019-01-18,91.09524536132812,9872500
2019-01-22,90.50595092773438,4699800
2019-01-23,90.39715576171875,3585100
2019-01-24,90.40623474121094,3415900
2019-01-25,91.35814666748047,3488300
2019-01-28,91.00458526611328,3185400
2019-01-29,91.53042602539062,2827400
2019-01-30,93.08068084716797,3501500
2019-01-31,93.10790252685547,4302100
2019-02-01,93.43427276611328,4727800
2019-02-04,93.76063537597656,2578300
2019-02-05,94.19580841064453,2231200
2019-02-06,95.15682220458984,3595700
2019-02-07,94.6400375366211,3857300
2019-02-08,94.75789642333984,2581900
2019-02-11,95.56477355957031,2653800
2019-02-12,97.00627136230469,3238600
2019-02-13,97.51396942138672,3182100
2019-02-14,96.6617660522461,2385900
2019-02-15,97.35076904296875,3882300
2019-02-19,96.552978515625,3692800
2019-02-20,96.80680847167969,3840800
2019-02-21,96.6527099609375,2566500
2019-02-22,97.40518188476562,2256400
2019-02-25,96.94282531738281,3333500
2019-02-26,96.9518814086914,2548100
2019-02-27,97.38704681396484,2393500
2019-02-28,97.67715454101562,3295800
2019-03-01,98.72881317138672,2682000
2019-03-04,98.81948852539062,4053200
2019-03-05,98.6834945678711,2685700
2019-03-06,98.80135345458984,2616000
2019-03-07,97.78595733642578,3048200
2019-03-08,97.89473724365234,2077100
2019-03-11,99.3271713256836,3289200
2019-03-12,100.11591339111328,3917500
2019-03-13,101.66622161865234,4234100
2019-03-14,101.8565902709961,3538200
2019-03-15,102.91728973388672,4780400
2019-03-18,102.94451904296875,2918000
2019-03-19,102.14669799804688,3331300
2019-03-20,100.4241714477539,3309300
2019-03-21,101.37610626220703,3111000
2019-03-22,99.23651885986328,3737400
2019-03-25,98.8557357788086,3596200
2019-03-26,99.27278900146484,2844500
2019-03-27,98.80135345458984,3346600
2019-03-28,98.96455383300781,2693300
2019-03-29,99.09144592285156,4891000
2019-04-01,101.26728820800781,5125100
2019-04-02,100.63265228271484,3568900
2019-04-03,100.23377227783203,3719700
2019-04-04,100.18827819824219,3619600
2019-04-05,100.95250701904297,4553700
2019-04-08,100.7159652709961,4776600
2019-04-09,99.9426498413086,2869300
2019-04-10,100.22466278076172,2650100
2019-04-11,99.9426498413086,2320600
2019-04-12,100.90703582763672,2316900
2019-04-15,100.56129455566406,2285000
2019-04-16,101.78955078125,2523400
2019-04-17,101.68038940429688,3799900
2019-04-18,103.4180908203125,6186800
2019-04-22,102.19895935058594,3174400
2019-04-23,103.6910629272461,3342800
2019-04-24,103.7365493774414,2318400
2019-04-25,105.42877197265625,4595200
2019-04-26,106.99365997314453,2990600
2019-04-29,106.22942352294922,3096200
2019-04-30,106.65702819824219,2387900
2019-05-01,106.46595764160156,2450500
2019-05-02,106.67523193359375,2538700
2019-05-03,108.5858383178711,2856200
2019-05-06,108.57675170898438,2924500
2019-05-07,107.55774688720703,6282300
2019-05-08,106.89360809326172,4037500
2019-05-09,106.68434143066406,3219600
2019-05-10,107.7761001586914,2435100
2019-05-13,105.44699096679688,3710600
2019-05-14,106.45689392089844,2460700
2019-05-15,107.04826354980469,2711400
2019-05-16,109.03162384033203,4143500
2019-05-17,108.33108520507812,5273600
2019-05-20,109.03162384033203,2765600
2019-05-21,109.67760467529297,3369100
2019-05-22,109.18631744384766,2941100
2019-05-23,107.74879455566406,3290200
2019-05-24,108.73140716552734,2240100
2019-05-28,107.51223754882812,2550300
2019-05-29,106.45689392089844,2553900
2019-05-30,106.21122741699219,1882400
2019-05-31,104.36433410644531,2969100
2019-06-03,104.28240966796875,2968500
2019-06-04,106.3113021850586,3043200
2019-06-05,107.46676635742188,2568100
2019-06-06,108.65862274169922,2209300
2019-06-07,110.18708038330078,2481800
2019-06-10,111.59732818603516,3453700
2019-06-11,112.11589813232422,3303800
2019-06-12,111.02410888671875,2685700
2019-06-13,110.86946105957031,2343900
2019-06-14,110.99681854248047,2483800
2019-06-17,110.4964370727539,2094200
2019-06-18,112.29783630371094,2729200
2019-06-19,113.43511962890625,2951700
2019-06-20,113.65347290039062,3303200
2019-06-21,113.4806137084961,5703800
2019-06-24,112.9438247680664,2680900
2019-06-25,112.0522232055664,2387800
2019-06-26,112.44340515136719,1902500
2019-06-27,112.7618637084961,1504300
2019-06-28,112.30696105957031,4338900
2019-07-01,113.65347290039062,4008800
2019-07-02,113.8172378540039,4076100
2019-07-03,114.86680603027344,3714300
2019-07-05,114.44695281982422,3731500
2019-07-08,113.94499206542969,3332000
2019-07-09,114.90330505371094,2237100
2019-07-10,115.80683135986328,2733800
2019-07-11,116.16275787353516,2928100
2019-07-12,116.78337097167969,1639400
2019-07-15,117.340087890625,2355700
2019-07-16,116.87461853027344,2734000
2019-07-17,115.98023986816406,2248900
2019-07-18,117.18492126464844,3524500
2019-07-19,113.91763305664062,7819000
2019-07-22,114.99456787109375,4839700
2019-07-23,117.00239562988281,4055100
2019-07-24,116.77423095703125,3628300
2019-07-25,116.04412841796875,2663500
2019-07-26,115.70642852783203,4236200
2019-07-29,116.08063507080078,1829500
2019-07-30,115.42351531982422,1575400
2019-07-31,113.5069351196289,3221000
2019-08-01,113.25139617919922,4489800
2019-08-02,113.4521713256836,3268800
2019-08-05,110.17572784423828,5876200
2019-08-06,111.84590148925781,3497000
2019-08-07,112.74944305419922,3170800
2019-08-08,114.34657287597656,2976100
2019-08-09,115.14970397949219,2138300
2019-08-12,113.12361907958984,2918000
2019-08-13,115.2865982055664,3175700
2019-08-14,111.93716430664062,5626300
2019-08-15,111.69075012207031,3031700
2019-08-16,113.74422454833984,2343400
2019-08-19,113.53431701660156,3286700
2019-08-20,110.81460571289062,3641600
2019-08-21,111.80027770996094,2948300
2019-08-22,111.59034729003906,2322100
2019-08-23,107.47428894042969,4800400
2019-08-26,108.17703247070312,3170600
2019-08-27,107.46515655517578,3145800
2019-08-28,108.68811798095703,2327400
2019-08-29,110.1939926147461,1901300
2019-08-30,109.85633850097656,2366200
2019-09-03,107.3282470703125,3198700
2019-09-04,108.0583724975586,3746900
2019-09-05,110.1301040649414,5261100
2019-09-06,109.69202423095703,4552400
2019-09-09,109.44561004638672,5336000
2019-09-10,107.0635986328125,6196100
2019-09-11,107.69331359863281,3674400
2019-09-12,108.62422180175781,3733500
2019-09-13,108.78850555419922,3941100
2019-09-16,107.3647689819336,4280600
2019-09-17,108.651611328125,3054700
2019-09-18,108.36866760253906,2844500
2019-09-19,107.50166320800781,1975800
2019-09-20,106.59814453125,5301500
2019-09-23,107.91236877441406,5089400
2019-09-24,107.84845733642578,5128400
2019-09-25,108.71550750732422,2742900
2019-09-26,108.52384948730469,3411200
2019-09-27,108.23178100585938,2909200
2019-09-30,107.94886779785156,2345800
2019-10-01,106.50686645507812,2841300
2019-10-02,103.00227355957031,4908800
2019-10-03,103.11219787597656,3529300
2019-10-04,104.81623840332031,2728200
2019-10-07,104.11997985839844,2556000
2019-10-08,103.10306549072266,3757300
2019-10-09,104.36732482910156,2365600
2019-10-10,105.3750991821289,2384300
2019-10-11,106.63937377929688,2860400
2019-10-14,106.63021850585938,1864400
2019-10-15,107.72957611083984,2379700
2019-10-16,107.56468963623047,2136700
2019-10-17,109.11296844482422,3005500
2019-10-18,106.96917724609375,6188500
2019-10-21,109.0671615600586,4259500
2019-10-22,108.6640625,3912100
2019-10-23,106.72181701660156,3921100
2019-10-24,106.6485366821289,2551300
2019-10-25,108.3434066772461,2325000
2019-10-28,108.63658905029297,2552700
2019-10-29,107.57382202148438,2756300
2019-10-30,108.1693344116211,2264400
2019-10-31,107.4455795288086,2507400
2019-11-01,109.14960479736328,2036600
2019-11-04,109.58937072753906,1956400
2019-11-05,108.8106460571289,2630000
2019-11-06,109.65349578857422,2420700
2019-11-07,111.11016082763672,2845000
2019-11-08,111.28422546386719,1984600
2019-11-11,110.76203155517578,1704100
2019-11-12,110.75286865234375,2012400
2019-11-13,110.17569732666016,1807900
2019-11-14,110.78951263427734,1990600
2019-11-15,110.63375854492188,2341500
2019-11-18,109.62602233886719,2617900
2019-11-19,109.93749237060547,1891000
2019-11-20,109.29619598388672,2544100
2019-11-21,108.83814239501953,2783800
2019-11-22,109.07632446289062,1629700
2019-11-25,110.48716735839844,2285400
2019-11-26,109.7451171875,4596200
2019-11-27,110.23983001708984,2629700
2019-11-29,110.04744720458984,1961500
2019-12-02,107.42724609375,5538200
2019-12-03,106.79512786865234,3792300
2019-12-04,108.05024719238281,2444100
2019-12-05,108.36174011230469,3128300
2019-12-06,110.49637603759766,3287600
2019-12-09,110.35891723632812,2885200
2019-12-10,110.76203155517578,2518200
2019-12-11,110.52383422851562,2015300
2019-12-12,112.35611724853516,2933800
2019-12-13,114.26171875,3919000
2019-12-16,113.30889892578125,3416100
2019-12-17,114.47241973876953,4325200
2019-12-18,113.84029388427734,3154200
2019-12-19,114.36248016357422,2543600
2019-12-20,115.22367095947266,5828700
2019-12-23,114.05097961425781,3031400
2019-12-24,114.28003692626953,953500
2019-12-26,114.89387512207031,1486600
2019-12-27,114.69229888916016,1788600
2019-12-30,113.87693786621094,2306500
2019-12-31,114.05097961425781,2340400
2020-01-02,115.69657897949219,2708000
2020-01-03,114.54742431640625,2090600
2020-01-06,114.05097961425781,2855200
2020-01-07,113.45344543457031,2042300
2020-01-08,115.41161346435547,3458200
2020-01-09,117.49846649169922,2787100
2020-01-10,117.01122283935547,2789200
2020-01-13,118.1695785522461,3285700
2020-01-14,118.4085922241211,3836000
2020-01-15,119.34627532958984,3187200
2020-01-16,120.01738739013672,2424500
2020-01-17,120.90914916992188,3659400
2020-01-21,119.99900817871094,3102700
2020-01-22,120.88155364990234,2483800
2020-01-23,120.77124786376953,3841000
2020-01-24,124.20951843261719,8612500
2020-01-27,120.10012817382812,6432400
2020-01-28,121.76411437988281,3712700
2020-01-29,121.05619812011719,2518400
2020-01-30,122.47198486328125,2428500
2020-01-31,119.39225769042969,3522600
2020-02-03,120.43106079101562,2721900
2020-02-04,121.21250915527344,2547500
2020-02-05,122.82133483886719,4084500
2020-02-06,122.49954223632812,1708600
2020-02-07,121.1849365234375,2885600
2020-02-10,121.57105255126953,1816500
2020-02-11,121.92958068847656,1733300
2020-02-12,122.4903564453125,1715400
2020-02-13,123.61193084716797,3178300
2020-02-14,124.90814208984375,2360300
2020-02-18,124.65998077392578,2428200
2020-02-19,125.88264465332031,1785000
2020-02-20,125.5609130859375,2541700
2020-02-21,124.01640319824219,3106100
2020-02-24,117.84779357910156,6329300
2020-02-25,111.14595031738281,7628100
2020-02-26,108.93958282470703,5268000
2020-02-27,103.7086410522461,8279800
2020-02-28,101.06098937988281,11362100
2020-03-02,104.68312072753906,9851600
2020-03-03,99.29588317871094,9285000
2020-03-04,106.36546325683594,7470900
2020-03-05,101.98950958251953,12060600
2020-03-06,99.50733947753906,9897700
2020-03-09,90.3600845336914,12266300
2020-03-10,94.96590423583984,9793200
2020-03-11,87.68485260009766,8822900
2020-03-12,76.7909164428711,12206600
2020-03-13,91.56437683105469,12680400
2020-03-16,78.94210052490234,15072400
2020-03-17,79.59485626220703,10512200
2020-03-18,67.7999496459961,14359300
2020-03-19,70.85210418701172,12330400
2020-03-20,68.14009094238281,12208600
2020-03-23,63.39638900756836,8907600
2020-03-24,77.2689437866211,10593900
2020-03-25,82.89521026611328,11046500
2020-03-26,85.76348876953125,9459400
2020-03-27,81.57136535644531,6999800
2020-03-30,82.98714447021484,5565000
2020-03-31,78.7031021118164,6075900
2020-04-01,71.55997467041016,8313400
2020-04-02,70.86664581298828,8338100
2020-04-03,68.03791809082031,10023100
2020-04-06,77.53176879882812,11253000
2020-04-07,80.96141815185547,8693200
2020-04-08,85.1213150024414,6122800
2020-04-09,87.65426635742188,6902500
2020-04-13,83.50357818603516,5037700
2020-04-14,81.71017456054688,8703200
2020-04-15,77.45782470703125,10415600
2020-04-16,75.20222473144531,7526600
2020-04-17,80.7857666015625,8269000
2020-04-20,77.66120147705078,6140400
2020-04-21,75.35938262939453,7360300
2020-04-22,76.30228424072266,5130300
2020-04-23,76.22832489013672,5807200
2020-04-24,76.88465881347656,9125400
2020-04-27,78.6318359375,7785000
2020-04-28,81.52529907226562,7165900
2020-04-29,88.85601043701172,9396500
2020-04-30,84.35405731201172,6553700
2020-05-01,81.6454849243164,4620200
2020-05-04,79.8520736694336,4875400
2020-05-05,80.18489074707031,4410300
2020-05-06,77.6519546508789,4723400
2020-05-07,80.17564392089844,4627600
2020-05-08,82.73632049560547,3913100
2020-05-11,78.88142395019531,5917600
2020-05-12,76.85694122314453,5504900
2020-05-13,72.13312530517578,10681600
2020-05-14,77.47630310058594,10625100
2020-05-15,76.0064697265625,6618600
2020-05-18,81.72868347167969,7781700
2020-05-19,80.66558837890625,4920600
2020-05-20,83.87335968017578,5218500
2020-05-21,83.0413589477539,6241900
2020-05-22,82.57917022705078,3734500
2020-05-26,87.19205474853516,6559400
2020-05-27,93.57984161376953,11007700
2020-05-28,90.64939880371094,9268200
2020-05-29,87.8853759765625,7710900
2020-06-01,89.43841552734375,4269500
2020-06-02,91.58308410644531,5433800
2020-06-03,97.43473052978516,7301000
2020-06-04,98.48855590820312,5841600
2020-06-05,101.43746948242188,10097600
2020-06-08,105.0797119140625,6795200
2020-06-09,102.11231231689453,5517400
2020-06-10,98.13726043701172,5747400
2020-06-11,91.14859771728516,8601200
2020-06-12,93.99581146240234,7251100
2020-06-15,96.09427642822266,6472400
2020-06-16,97.6380844116211,6706000
2020-06-17,96.10354614257812,4408200
2020-06-18,94.43955993652344,3645700
2020-06-19,93.3117446899414,7589500
2020-06-22,91.92510986328125,4799900
2020-06-23,91.90662384033203,4364800
2020-06-24,88.26438903808594,5958300
2020-06-25,90.45526885986328,5195400
2020-06-26,86.36006164550781,10489400
2020-06-29,87.37691497802734,4962400
2020-06-30,88.00554656982422,4367100
2020-07-01,87.33694458007812,3301000
2020-07-02,87.5969467163086,4239700
2020-07-06,89.68634796142578,4059600
2020-07-07,86.37115478515625,5564200
2020-07-08,86.26900482177734,6382100
2020-07-09,84.1053237915039,4484500
2020-07-10,86.575439453125,4400900
2020-07-13,86.88190460205078,4819700
2020-07-14,88.0705337524414,4044400
2020-07-15,90.41065979003906,5405600
2020-07-16,89.44491577148438,2666000
2020-07-17,88.38628387451172,2861600
2020-07-20,87.2905044555664,3560100
2020-07-21,89.45419311523438,4227100
2020-07-22,89.64920043945312,4360300
2020-07-23,89.76992797851562,4239800
2020-07-24,88.52556610107422,4790300
2020-07-27,88.95272064208984,3501800
2020-07-28,87.68052673339844,3567400
2020-07-29,89.78849029541016,2791700
2020-07-30,87.89411163330078,3856300
2020-07-31,86.65902709960938,4088200
2020-08-03,86.86334228515625,2869000
2020-08-04,86.53829956054688,2415100
2020-08-05,88.581298828125,2844900
2020-08-06,89.07343292236328,2698800
2020-08-07,92.08219146728516,4690700
2020-08-10,94.3666000366211,5254800
2020-08-11,95.88953399658203,4744000
2020-08-12,94.42230224609375,3407800
2020-08-13,93.25225067138672,3265400
2020-08-14,93.24298095703125,1956500
2020-08-17,90.58711242675781,7488500
2020-08-18,89.76992797851562,3337300
2020-08-19,89.97423553466797,3079600
2020-08-20,89.81634521484375,3102500
2020-08-21,89.28701782226562,2845100
2020-08-24,92.24004364013672,4141100
2020-08-25,91.98003387451172,2946600
2020-08-26,91.37642669677734,2936500
2020-08-27,94.28303527832031,3992100
2020-08-28,95.2209243774414,4382900
2020-08-31,94.3387451171875,4665800
2020-09-01,95.15592193603516,3142500
2020-09-02,96.94816589355469,3536900
2020-09-03,97.00389099121094,6747900
2020-09-04,98.12751770019531,5235100
2020-09-08,96.270263671875,4517000
2020-09-09,96.37242889404297,2474700
2020-09-10,95.43450164794922,3288900
2020-09-11,95.9823989868164,2604400
2020-09-14,99.61331939697266,3620100
2020-09-15,99.06542205810547,3371500
2020-09-16,98.4154052734375,5798900
2020-09-17,97.18961334228516,3215300
2020-09-18,96.05670166015625,6630300
2020-09-21,91.162841796875,8339900
2020-09-22,91.45073699951172,4884400
2020-09-23,88.73912811279297,9427200
2020-09-24,88.63700866699219,4249000
2020-09-25,89.3891830444336,2775600
2020-09-28,91.76644897460938,3930900
2020-09-29,90.77281188964844,3200400
2020-09-30,93.09439849853516,5060900
2020-10-01,94.09729766845703,4179300
2020-10-02,94.3573226928711,3783300
2020-10-05,96.47457885742188,2863200
2020-10-06,94.49663543701172,3309200
2020-10-07,96.00096130371094,3048400
2020-10-08,98.9010238647461,2922600
2020-10-09,99.16214752197266,3511300
2020-10-12,99.41392517089844,2626700
2020-10-13,97.92194366455078,2602600
2020-10-14,97.73542022705078,2826300
2020-10-15,97.38107299804688,2699300
2020-10-16,97.82868194580078,2394300
2020-10-19,95.55338287353516,3196500
2020-10-20,96.17814636230469,2954700
2020-10-21,94.58358764648438,2588400
2020-10-22,97.71678161621094,3748800
2020-10-23,94.1639404296875,8921200
2020-10-26,90.3406982421875,5731500
2020-10-27,88.52230834960938,3780300
2020-10-28,85.41708374023438,7037800
2020-10-29,84.92284393310547,5419500
2020-10-30,85.0813980102539,4736300
2020-11-02,87.09557342529297,3572900
2020-11-03,89.79052734375,4004300
2020-11-04,89.89309692382812,4545500
2020-11-05,91.48766326904297,4197300
2020-11-06,90.16350555419922,3126300
2020-11-09,109.44763946533203,17261700
2020-11-10,108.12349700927734,7056800
2020-11-11,103.6195068359375,5642700
2020-11-12,103.6008529663086,4941200
2020-11-13,107.22830200195312,4811500
2020-11-16,110.65989685058594,5339100
2020-11-17,108.61770629882812,4023200
2020-11-18,106.52892303466797,3264300
2020-11-19,106.43567657470703,3249800
2020-11-20,104.98097229003906,3702300
2020-11-23,108.25401306152344,3022900
2020-11-24,112.2637939453125,6163400
2020-11-25,112.44095611572266,4646600
2020-11-27,112.45028686523438,2447700
2020-11-30,110.58529663085938,3517700
2020-12-01,111.8348388671875,3583400
2020-12-02,114.07283782958984,3271900
2020-12-03,114.80951690673828,4285100
2020-12-04,116.59991455078125,5048600
2020-12-07,115.57417297363281,4253700
2020-12-08,115.18251037597656,3623000
2020-12-09,113.47605895996094,3622800
2020-12-10,113.61591339111328,2818800
2020-12-11,112.11458587646484,2942800
2020-12-14,109.43831634521484,5336300
2020-12-15,111.06085968017578,4528900
2020-12-16,110.96762084960938,2943700
2020-12-17,110.94896697998047,3746700
2020-12-18,109.57819366455078,8394100
2020-12-21,108.55244445800781,4528300
2020-12-22,106.81798553466797,3632300
2020-12-23,109.05599212646484,2725200
2020-12-24,109.42899322509766,707000
2020-12-28,110.37081909179688,1878700
2020-12-29,110.1656723022461,1860400
2020-12-30,111.36859130859375,1954200
2020-12-31,112.7486801147461,1747800
2021-01-04,110.07242584228516,3472100
2021-01-05,110.65989685058594,2112700
2021-01-06,114.75357055664062,5861500
2021-01-07,113.84586334228516,8696600
2021-01-08,113.95816040039062,2934500
2021-01-11,113.28439331054688,3311000
2021-01-12,113.8084487915039,2671300
2021-01-13,114.53832244873047,3678300
2021-01-14,115.82969665527344,3404700
2021-01-15,114.30438232421875,3948200
2021-01-19,118.60893249511719,5818500
2021-01-20,120.65827941894531,4090200
2021-01-21,119.24524688720703,3654900
2021-01-22,118.03811645507812,2954800
2021-01-25,113.36861419677734,6156700
2021-01-26,108.68977355957031,8932500
2021-01-27,106.76207733154297,5816900
2021-01-28,111.32864379882812,5788500
2021-01-29,108.7927017211914,5059300
2021-02-01,109.51323699951172,3359800
2021-02-02,112.94752502441406,4036700
2021-02-03,112.70421600341797,2782500
2021-02-04,116.87776184082031,3915900
2021-02-05,118.16910552978516,3184200
2021-02-08,119.7693099975586,3360900
2021-02-09,118.54344177246094,2175000
2021-02-10,119.99386596679688,2929100
2021-02-11,120.0687484741211,3733000
2021-02-12,121.29459381103516,2873300
2021-02-16,122.28650665283203,2730600
2021-02-17,120.30269622802734,3088800
2021-02-18,120.23716735839844,2269700
2021-02-19,123.25035858154297,3419500
2021-02-22,127.21803283691406,3923100
2021-02-23,128.1444549560547,4814400
2021-02-24,130.9049530029297,4099500
2021-02-25,128.2754669189453,3607500
2021-02-26,126.57234954833984,3654800
2021-03-01,129.80075073242188,2972100
2021-03-02,130.30606079101562,2929100
2021-03-03,133.4315643310547,4393700
2021-03-04,133.51576232910156,4461700
2021-03-05,137.86708068847656,5048300
2021-03-08,140.6182861328125,4283400
2021-03-09,135.78033447265625,5806100
2021-03-10,137.3243408203125,3049800
2021-03-11,138.26010131835938,3147700
2021-03-12,138.9993896484375,2420100
2021-03-15,137.54893493652344,2586300
2021-03-16,134.09597778320312,4031000
2021-03-17,135.3873291015625,3278500
2021-03-18,133.4221954345703,3173600
2021-03-19,131.6722869873047,5098300
2021-03-22,130.9611053466797,2274100
2021-03-23,127.33969116210938,4905400
2021-03-24,129.52938842773438,2638900
2021-03-25,133.14144897460938,2766400
2021-03-26,134.49835205078125,2687500
2021-03-29,133.22573852539062,2220600
2021-03-30,134.27374267578125,2034500
2021-03-31,132.75326538085938,2957300
2021-04-01,135.69102478027344,2629200
2021-04-05,137.0894775390625,2960100
2021-04-06,137.17393493652344,2851200
2021-04-07,138.09378051757812,2399500
2021-04-08,138.00929260253906,2295600
2021-04-09,138.70382690429688,1783400
2021-04-12,138.50674438476562,1869000
2021-04-13,137.0237579345703,2132100
2021-04-14,138.36595153808594,2141800
2021-04-15,139.40774536132812,2901200
2021-04-16,140.77810668945312,3480000
2021-04-19,139.41717529296875,2259100
2021-04-20,136.18844604492188,2526700
2021-04-21,138.1407012939453,2161700
2021-04-22,138.12188720703125,3247300
2021-04-23,135.4657440185547,6395300
2021-04-26,141.10662841796875,4821100
2021-04-27,141.12542724609375,2692100
2021-04-28,143.1714630126953,2584500
2021-04-29,145.13314819335938,2636000
2021-04-30,143.9317626953125,2712700
2021-05-03,145.292724609375,2726200
2021-05-04,145.03927612304688,3025100
2021-05-05,146.78504943847656,3001600
2021-05-06,147.24496459960938,2798800
2021-05-07,149.21600341796875,2617800
2021-05-10,148.93443298339844,2987600
2021-05-11,144.94544982910156,3900100
2021-05-12,142.94625854492188,3487400
2021-05-13,144.61695861816406,2269700
2021-05-14,147.49838256835938,1892700
2021-05-17,147.2261962890625,1541400
2021-05-18,145.47103881835938,2417800
2021-05-19,145.2270050048828,3526800
2021-05-20,145.97787475585938,3031100
2021-05-21,147.235595703125,3424100
2021-05-24,148.89688110351562,1956900
2021-05-25,148.3055877685547,2484200
2021-05-26,148.84056091308594,3731600
2021-05-27,149.92933654785156,2828400
2021-05-28,150.29534912109375,2436400
2021-06-01,153.7024383544922,3827800
2021-06-02,154.040283203125,3384600
2021-06-03,154.41574096679688,2454800
2021-06-04,154.86627197265625,3239300
2021-06-07,155.72975158691406,2516400
2021-06-08,156.28350830078125,2486300
2021-06-09,154.01217651367188,2700100
2021-06-10,152.26637268066406,3024500
2021-06-11,154.4063720703125,1630100
2021-06-14,153.74932861328125,2125700
2021-06-15,156.05828857421875,3726100
2021-06-16,154.56591796875,3281300
2021-06-17,152.17250061035156,4194400
2021-06-18,148.45571899414062,6900200
2021-06-21,154.77244567871094,3681400
2021-06-22,154.39698791503906,2697600
2021-06-23,155.82359313964844,2327600
2021-06-24,157.87916564941406,2417100
2021-06-25,159.0429229736328,9186000
2021-06-28,154.65977478027344,3433400
2021-06-29,154.16232299804688,2785900
2021-06-30,155.08212280273438,2331800
2021-07-01,157.09597778320312,2685900
2021-07-02,158.56396484375,2028700
2021-07-06,159.5614471435547,4688100
2021-07-07,160.89768981933594,3998900
2021-07-08,157.6229248046875,4628400
2021-07-09,161.80111694335938,3175200
2021-07-12,163.36322021484375,3154100
2021-07-13,162.44102478027344,2675000
2021-07-14,162.346923828125,3123100
2021-07-15,162.65745544433594,3448200
2021-07-16,159.98489379882812,4359800
2021-07-19,153.20948791503906,6739800
2021-07-20,158.9121551513672,4243700
2021-07-21,162.3374786376953,3384500
2021-07-22,160.82241821289062,3335900
2021-07-23,162.968017578125,6326600
2021-07-26,162.43162536621094,3115900
2021-07-27,162.7421417236328,7922600
2021-07-28,159.9943084716797,7961700
2021-07-29,161.8105010986328,3186900
2021-07-30,160.47425842285156,3441900
2021-08-02,159.28857421875,2895700
2021-08-03,159.0720977783203,3642000
2021-08-04,158.14988708496094,3544400
2021-08-05,159.62733459472656,2535400
2021-08-06,161.2553253173828,2828700
2021-08-09,160.70950317382812,2560200
2021-08-10,159.49559020996094,3389500
2021-08-11,160.60598754882812,3843400
2021-08-12,158.58277893066406,3372800
2021-08-13,156.28668212890625,4157700
2021-08-16,155.9761505126953,3845400
2021-08-17,154.94094848632812,7631600
2021-08-18,152.569580078125,3563700
2021-08-19,149.65240478515625,4256400
2021-08-20,150.3299102783203,3075000
2021-08-23,150.98863220214844,2006300
2021-08-24,151.69442749023438,2377600
2021-08-25,156.38076782226562,3579900
2021-08-26,155.75027465820312,3164700
2021-08-27,158.7051239013672,3002300
2021-08-30,154.573974609375,2582100
2021-08-31,156.1737518310547,3536300
2021-09-01,154.74337768554688,2569000
2021-09-02,152.4942626953125,4350600
2021-09-03,149.90643310546875,4206500
2021-09-07,150.30169677734375,3779000
2021-09-08,149.55828857421875,3056700
2021-09-09,149.99111938476562,3295800
2021-09-10,149.36065673828125,2943700
2021-09-13,151.92971801757812,3192500
2021-09-14,150.07582092285156,4281500
2021-09-15,151.8261260986328,2933100
2021-09-16,153.04006958007812,2765000
2021-09-17,154.25399780273438,6390600
2021-09-20,151.1015625,5976900
2021-09-21,153.64236450195312,3480600
2021-09-22,157.613525390625,3562800
2021-09-23,163.1373748779297,4399200
2021-09-24,165.35821533203125,2680400
2021-09-27,166.3463134765625,3703300
2021-09-28,162.9303436279297,3862200
2021-09-29,161.42469787597656,2726100
2021-09-30,157.65115356445312,3088200
2021-10-01,163.68321228027344,3956000
2021-10-04,162.47865295410156,3613900
2021-10-05,164.45484924316406,2629400
2021-10-06,163.17498779296875,2922200
2021-10-07,164.4202880859375,3578800
2021-10-08,165.23158264160156,2375300
2021-10-11,163.6372833251953,2499200
2021-10-12,165.00515747070312,3069500
2021-10-13,159.16566467285156,5608100
2021-10-14,161.79769897460938,3061900
2021-10-15,165.8541717529297,3043900
2021-10-18,166.8070068359375,2623300
2021-10-19,167.26922607421875,1400100
2021-10-20,169.4295654296875,2398500
2021-10-21,167.42019653320312,3313800
2021-10-22,176.48597717285156,6026100
2021-10-25,171.98609924316406,3889600
2021-10-26,170.70310974121094,3832200
2021-10-27,167.94845581054688,3309900
2021-10-28,164.72213745117188,4865700
2021-10-29,163.9391326904297,3455400
2021-11-01,164.34478759765625,2250400
2021-11-02,163.36367797851562,3252900
2021-11-03,162.8354034423828,3831200
2021-11-04,162.75994873046875,3315400
2021-11-05,166.68438720703125,3936000
2021-11-08,169.85406494140625,3392000
2021-11-09,169.6748809814453,3203300
2021-11-10,171.11822509765625,3296700
2021-11-11,171.03330993652344,2119700
2021-11-12,171.5898895263672,2390200
2021-11-15,172.75965881347656,1748300
2021-11-16,170.67483520507812,3299200
2021-11-17,169.43899536132812,3543500
2021-11-18,166.23153686523438,4011500
2021-11-19,163.71270751953125,4456500
2021-11-22,161.2222442626953,4651700
2021-11-23,161.17507934570312,5890300
2021-11-24,161.8920440673828,3590600
2021-11-26,147.9395294189453,6804200
2021-11-29,148.92063903808594,6258500
2021-11-30,143.67552185058594,7444900
2021-12-01,141.5623779296875,6145500
2021-12-02,147.8924102783203,6289300
2021-12-03,147.109375,4069300
2021-12-06,151.58099365234375,4141900
2021-12-07,157.4959259033203,5124500
2021-12-08,159.36376953125,4042400
2021-12-09,158.5053253173828,2245300
2021-12-10,157.5713653564453,2768500
2021-12-13,154.05262756347656,3477600
2021-12-14,153.6280975341797,2964200
2021-12-15,153.05267333984375,5013000
2021-12-16,153.76959228515625,4900100
2021-12-17,150.94891357421875,9576800
2021-12-20,147.06222534179688,3839600
2021-12-21,151.79795837402344,3722400
2021-12-22,153.26962280273438,2877700
2021-12-23,154.8922119140625,3140500
2021-12-27,155.0808868408203,1687300
2021-12-28,155.0997314453125,2035300
2021-12-29,154.5525665283203,2082200
2021-12-30,154.86392211914062,1632900
2021-12-31,154.3356475830078,1743600
2022-01-03,158.6845703125,3236400
2022-01-04,163.77877807617188,4799500
2022-01-05,162.03355407714844,4491900
2022-01-06,163.51832580566406,2649400
2022-01-07,164.91806030273438,3043000
2022-01-10,164.3127899169922,4269400
2022-01-11,165.86383056640625,2762700
2022-01-12,165.003173828125,3224300
2022-01-13,163.88719177246094,3808800
2022-01-14,159.2625274658203,6508500
2022-01-18,157.15353393554688,4336300
2022-01-19,152.63291931152344,3592000
2022-01-20,152.18838500976562,4205600
2022-01-21,150.12669372558594,3779100
2022-01-24,150.30638122558594,5405000
2022-01-25,163.71697998046875,13320800
2022-01-26,165.80703735351562,8257300
2022-01-27,162.57260131835938,3649900
2022-01-28,167.45263671875,4271500
2022-01-31,170.0628662109375,5524300
2022-02-01,173.5810089111328,3471200
2022-02-02,174.16738891601562,2841400
2022-02-03,174.0538787841797,3380900
2022-02-04,175.7656707763672,4075800
2022-02-07,177.67605590820312,3260800
2022-02-08,183.4734649658203,5133900
2022-02-09,185.74319458007812,4614200
2022-02-10,184.90151977539062,4511100
2022-02-11,181.4022674560547,4834900
2022-02-14,181.91297912597656,3841300
2022-02-15,187.23748779296875,4134300
2022-02-16,187.61578369140625,4122600
2022-02-17,185.09068298339844,3051700
2022-02-18,184.30569458007812,2806300
2022-02-22,181.99806213378906,3420600
2022-02-23,178.69747924804688,3562100
2022-02-24,178.1300506591797,5886600
2022-02-25,183.19920349121094,5426200
2022-02-28,183.98414611816406,5787800
2022-03-01,168.39837646484375,8562500
2022-03-02,170.52626037597656,4058800
2022-03-03,170.12905883789062,3339900
2022-03-04,163.56564331054688,5348600
2022-03-07,150.49551391601562,7760400
2022-03-08,151.36561584472656,7058900
2022-03-09,159.49896240234375,4788200
2022-03-10,160.3974151611328,3840900
2022-03-11,158.7896270751953,3000000
2022-03-14,163.41432189941406,4614600
2022-03-15,166.48797607421875,3827300
2022-03-16,170.80999755859375,5239300
2022-03-17,176.82489013671875,6398900
2022-03-18,180.3714141845703,8744100
2022-03-21,178.82989501953125,3166200
2022-03-22,180.94833374023438,3007000
2022-03-23,175.9264678955078,3664600
2022-03-24,178.64073181152344,2424400
2022-03-25,179.9552764892578,1871900
2022-03-28,179.40676879882812,3043700
2022-03-29,180.5795135498047,2764100
2022-03-30,179.46351623535156,2278000
2022-03-31,176.85328674316406,3801600
2022-04-01,177.0140380859375,2647000
2022-04-04,177.47747802734375,2971400
2022-04-05,175.34010314941406,2974700
2022-04-06,173.74183654785156,3143300
2022-04-07,172.9830780029297,4062400
2022-04-08,174.22549438476562,3075600
2022-04-11,168.41162109375,4816800
2022-04-12,166.4863739013672,4348900
2022-04-13,170.3274383544922,2980600
2022-04-14,171.81649780273438,2667100
2022-04-18,174.96524047851562,2182700
2022-04-19,177.5165252685547,2713800
2022-04-20,178.73997497558594,2256200
2022-04-21,176.1602783203125,3973200
2022-04-22,171.22845458984375,4373700
2022-04-25,174.60487365722656,4408900
2022-04-26,169.43597412109375,3728100
2022-04-27,168.46856689453125,4085800
2022-04-28,172.59422302246094,2703200
2022-04-29,165.69915771484375,3210100
2022-05-02,162.76852416992188,3881800
2022-05-03,163.2332763671875,3152300
2022-05-04,168.6488037109375,2930400
2022-05-05,162.18995666503906,2987100
2022-05-06,158.52903747558594,3129800
2022-05-09,152.71522521972656,4485200
2022-05-10,153.48348999023438,3014800
2022-05-11,151.16929626464844,2644300
2022-05-12,145.3649444580078,5314800
2022-05-13,150.5623321533203,3625100
2022-05-16,148.36196899414062,2811300
2022-05-17,153.50242614746094,2928100
2022-05-18,148.04901123046875,2697700
2022-05-19,146.05726623535156,2768300
2022-05-20,145.33653259277344,2982500
2022-05-23,150.83738708496094,2726600
2022-05-24,147.6032257080078,2817800
2022-05-25,152.23155212402344,4381000
2022-05-26,156.84088134765625,2463900
2022-05-27,160.85272216796875,2157500
2022-05-31,160.11294555664062,4123500
2022-06-01,157.21078491210938,2276400
2022-06-02,160.4164276123047,1707000
2022-06-03,158.22557067871094,1390700
2022-06-06,158.40576171875,1486000
2022-06-07,159.98968505859375,2083100
2022-06-08,157.40045166015625,2313900
2022-06-09,152.6772918701172,2273800
2022-06-10,146.4556121826172,2733300
2022-06-13,138.7449493408203,4156500
2022-06-14,137.1421356201172,3574800
2022-06-15,138.6785888671875,3327800
2022-06-16,130.40829467773438,4815100
2022-06-17,136.7437744140625,10033600
2022-06-21,137.29385375976562,3518800
2022-06-22,136.9429473876953,3419000
2022-06-23,134.34425354003906,3915000
2022-06-24,138.61215209960938,8957200
2022-06-27,136.8480987548828,3151500
2022-06-28,134.85641479492188,2649300
2022-06-29,132.27670288085938,4164900
2022-06-30,131.96253967285156,4123500
2022-07-01,133.65701293945312,2625300
2022-07-05,132.9430694580078,4057000
2022-07-06,131.51510620117188,4401300
2022-07-07,134.2567901611328,4258000
2022-07-08,134.95172119140625,3631800
2022-07-11,133.82839965820312,2373600
2022-07-12,132.4956817626953,4047400
2022-07-13,132.70509338378906,2753800
2022-07-14,129.92532348632812,4600200
2022-07-15,135.6371612548828,3296600
2022-07-18,135.49435424804688,3330300
2022-07-19,140.6826171875,3372300
2022-07-20,141.77735900878906,2802300
2022-07-21,142.96737670898438,4683000
2022-07-22,145.66146850585938,9298400
2022-07-25,146.40399169921875,4213800
2022-07-26,142.63418579101562,2812700
2022-07-27,144.34771728515625,5029100
2022-07-28,144.83322143554688,3587900
2022-07-29,146.6229705810547,3197900
2022-08-01,145.96609497070312,2295600
2022-08-02,144.31915283203125,2562900
2022-08-03,147.96519470214844,2609300
2022-08-04,149.33607482910156,3693300
2022-08-05,149.94532775878906,2513600
2022-08-08,149.7263641357422,3080700
2022-08-09,151.17333984375,2997900
2022-08-10,154.63856506347656,3225400
2022-08-11,155.16212463378906,1968200
2022-08-12,157.87527465820312,1942600
2022-08-15,157.4563751220703,1852800
2022-08-16,157.40879821777344,1876000
2022-08-17,156.02842712402344,1804100
2022-08-18,156.74240112304688,1397700
2022-08-19,154.4481658935547,1895400
2022-08-22,150.1261749267578,1969300
2022-08-23,149.7739715576172,2885200
2022-08-24,151.48751831054688,2029200
2022-08-25,154.43861389160156,1936300
2022-08-26,149.75489807128906,2373700
2022-08-29,147.1179962158203,2693600
2022-08-30,147.23220825195312,2104500
2022-08-31,144.699951171875,3271600
2022-09-01,143.85269165039062,2425200
2022-09-02,142.5961151123047,2028500
2022-09-06,141.4632568359375,2797600
2022-09-07,144.93795776367188,1766400
2022-09-08,146.14694213867188,3399200
2022-09-09,150.83065795898438,3543500
2022-09-12,154.64810180664062,4146300
2022-09-13,147.88905334472656,3519800
2022-09-14,148.79345703125,2840200
2022-09-15,148.631591796875,2371600
2022-09-16,145.72808837890625,6527200
2022-09-19,147.89859008789062,2472500
2022-09-20,146.10885620117188,1725900
2022-09-21,141.56796264648438,2599900
2022-09-22,136.1607666015625,3249400
2022-09-23,133.52377319335938,3035600
2022-09-26,130.84873962402344,3808700
2022-09-27,130.8868408203125,2828700
2022-09-28,133.80935668945312,5269500
2022-09-29,131.17242431640625,2280700
2022-09-30,128.43069458007812,3717200
2022-10-03,133.2953338623047,2677100
2022-10-04,138.4740447998047,2408800
2022-10-05,137.4364013671875,2073800
2022-10-06,135.54196166992188,2526000
2022-10-07,132.3242950439453,2579600
2022-10-10,130.90586853027344,2893400
2022-10-11,130.7535858154297,2588700
2022-10-12,130.1728515625,2397400
2022-10-13,135.26622009277344,5232300
2022-10-14,130.7366485595703,3871900
2022-10-17,135.2566375732422,3139300
2022-10-18,139.50914001464844,3963300
2022-10-19,137.57879638671875,2803900
2022-10-20,136.09759521484375,4319300
2022-10-21,133.82325744628906,11755400
2022-10-24,135.34266662597656,4299600
2022-10-25,140.49337768554688,3889100
2022-10-26,140.359619140625,3559100
2022-10-27,140.4456329345703,2101300
2022-10-28,143.76158142089844,3383100
2022-10-31,141.85992431640625,3042900
2022-11-01,140.55075073242188,2675500
2022-11-02,137.12966918945312,2851600
2022-11-03,133.1256561279297,3960500
2022-11-04,138.29550170898438,3322100
2022-11-07,140.45518493652344,2918000
2022-11-08,143.53224182128906,3846000
2022-11-09,139.38487243652344,2425500
2022-11-10,147.8802032470703,4701600
2022-11-11,148.0140380859375,3714600
2022-11-14,147.2877960205078,3666500
2022-11-15,147.05844116210938,2916900
2022-11-16,145.79702758789062,2635300
2022-11-17,143.95269775390625,2769600
2022-11-18,145.73011779785156,2631300
2022-11-21,146.0263671875,2003500
2022-11-22,147.7177734375,2124600
2022-11-23,147.0966339111328,1404400
2022-11-25,147.30686950683594,665800
2022-11-28,144.17250061035156,1782900
2022-11-29,147.5648956298828,2655700
2022-11-30,150.5941925048828,3914700
2022-12-01,150.50816345214844,2670300
2022-12-02,149.7914581298828,2285400
2022-12-05,149.15121459960938,3013100
2022-12-06,147.8324432373047,3285100
2022-12-07,147.8993377685547,2879800
2022-12-08,147.2781982421875,1632400
2022-12-09,147.0679473876953,1761200
2022-12-12,150.32656860351562,2773900
2022-12-13,150.5272674560547,3110500
2022-12-14,147.2686309814453,3556200
2022-12-15,143.55133056640625,4282200
2022-12-16,139.8053741455078,4510600
2022-12-19,138.57264709472656,2546000
2022-12-20,139.23199462890625,1607800
2022-12-21,140.56983947753906,2107100
2022-12-22,138.8593292236328,2901100
2022-12-23,140.49337768554688,1671800
2022-12-27,139.89134216308594,1858500
2022-12-28,137.61700439453125,1490200
2022-12-29,140.78009033203125,1758500
2022-12-30,141.19097900390625,2247200
2023-01-03,140.58889770507812,2762200
2023-01-04,143.85714721679688,2620400
2023-01-05,140.4146270751953,2505700
2023-01-06,144.0009307861328,3077400
2023-01-09,144.22152709960938,3219400
2023-01-10,145.7557830810547,2198400
2023-01-11,147.59690856933594,3113600
2023-01-12,148.55581665039062,3322400
2023-01-13,149.36131286621094,2391300
2023-01-17,147.4339141845703,3073400
2023-01-18,144.24069213867188,2762400
2023-01-19,140.8173370361328,3852300
2023-01-20,145.3722381591797,3954800
2023-01-23,147.67361450195312,3608700
2023-01-24,148.948974609375,2348500
2023-01-25,150.32984924316406,2916500
2023-01-26,149.47642517089844,3640300
2023-01-27,165.2314453125,13997300
2023-01-30,165.56704711914062,10240700
2023-01-31,167.7437744140625,5170900
2023-02-01,166.47805786132812,3725200
2023-02-02,166.0177764892578,6895500
2023-02-03,171.51235961914062,5305100
2023-02-06,169.23016357421875,3397800
2023-02-07,171.3589630126953,3526300
2023-02-08,171.64663696289062,2926500
2023-02-09,172.00143432617188,3557900
2023-02-10,171.8863525390625,2586200
2023-02-13,173.88088989257812,3102400
2023-02-14,173.5836639404297,2325900
2023-02-15,173.2480010986328,1501200
2023-02-16,170.6301727294922,1899100
2023-02-17,170.01641845703125,2355300
2023-02-21,166.35337829589844,2713300
2023-02-22,167.52325439453125,2468800
2023-02-23,167.94517517089844,2575300
2023-02-24,167.09173583984375,1667400
2023-02-27,166.18080139160156,1909000
2023-02-28,166.84246826171875,2301400
2023-03-01,168.68356323242188,2566500
2023-03-02,168.13697814941406,1795000
2023-03-03,171.73292541503906,2875600
2023-03-06,171.70411682128906,2730700
2023-03-07,168.1178436279297,2906400
2023-03-08,167.64794921875,2101400
2023-03-09,165.04922485351562,4349400
2023-03-10,158.89300537109375,5104300
2023-03-13,151.15452575683594,6123200
2023-03-14,157.176513671875,5284000
2023-03-15,153.24496459960938,6100800
2023-03-16,154.1271514892578,4737300
2023-03-17,150.09010314941406,7447200
2023-03-20,152.21893310546875,3054300
2023-03-21,157.79981994628906,3986800
2023-03-22,156.06414794921875,4367300
2023-03-23,156.07376098632812,3727500
2023-03-24,153.2161865234375,2588700
2023-03-27,156.41897583007812,3984300
2023-03-28,152.66958618164062,4883700
2023-03-29,156.8696746826172,3884800
2023-03-30,155.73814392089844,2644800
2023-03-31,158.17379760742188,3594300
2023-04-03,157.05186462402344,2704400
2023-04-04,155.88198852539062,2063500
2023-04-05,155.0349884033203,2346800
2023-04-06,152.86944580078125,3754500
2023-04-10,155.09274291992188,2372600
2023-04-11,155.7568817138672,2742300
2023-04-12,153.31219482421875,2817600
2023-04-13,156.20924377441406,2729000
2023-04-14,157.0946807861328,2618100
2023-04-17,157.56629943847656,2622300
2023-04-18,158.23040771484375,2444500
2023-04-19,158.759765625,3768600
2023-04-20,157.15248107910156,10832400
2023-04-21,157.6336669921875,3882500
2023-04-24,154.5634002685547,2473500
2023-04-25,150.2611541748047,3421300
2023-04-26,149.87615966796875,2789100
2023-04-27,152.50369262695312,2143500
2023-04-28,155.28521728515625,2380100
2023-05-01,153.34107971191406,1803600
2023-05-02,147.4988555908203,4925600
2023-05-03,146.4978790283203,2655300
2023-05-04,143.2254638671875,3997900
2023-05-05,146.92135620117188,2223200
2023-05-08,147.2967529296875,2271600
2023-05-09,147.6239776611328,2322700
2023-05-10,143.10037231445312,4602600
2023-05-11,142.43626403808594,2900300
2023-05-12,142.3784942626953,2320000
2023-05-15,144.3708038330078,2271900
2023-05-16,142.84046936035156,1960200
2023-05-17,146.3823699951172,2446500
2023-05-18,147.72024536132812,2629800
2023-05-19,147.21009826660156,2258600
2023-05-22,149.67404174804688,2483800
2023-05-23,146.83474731445312,2928400
2023-05-24,145.06381225585938,2308400
2023-05-25,145.41029357910156,3234300
2023-05-26,151.33914184570312,4015400
2023-05-30,152.08021545410156,3268200
2023-05-31,152.60958862304688,5588500
2023-06-01,156.61346435546875,4087200
2023-06-02,162.23428344726562,4820500
2023-06-05,161.14669799804688,2870900
2023-06-06,165.37196350097656,3631500
2023-06-07,165.11207580566406,2789000
2023-06-08,164.7174835205078,2354400
2023-06-09,165.27572631835938,2200900
2023-06-12,167.1236572265625,2609600
2023-06-13,168.56735229492188,2480400
2023-06-14,167.9224853515625,2326100
2023-06-15,167.2872772216797,2797600
2023-06-16,165.747314453125,4616900
2023-06-20,163.0524139404297,2865700
2023-06-21,161.6183319091797,2813600
2023-06-22,161.94557189941406,2755900
2023-06-23,161.76271057128906,4214400
2023-06-26,160.83871459960938,2507100
2023-06-27,161.87820434570312,2433900
2023-06-28,163.4084930419922,2289000
2023-06-29,165.6221923828125,2899200
2023-06-30,167.66265869140625,3371300
2023-07-03,168.85609436035156,1700200
2023-07-05,168.9812469482422,2487800
2023-07-06,165.08920288085938,3157300
2023-07-07,163.98818969726562,2145300
2023-07-10,165.83282470703125,1865600
2023-07-11,168.6625213623047,2281900
2023-07-12,168.36314392089844,2305800
2023-07-13,168.27621459960938,2080400
2023-07-14,167.4552764892578,1829500
2023-07-17,169.38685607910156,2144100
2023-07-18,171.94615173339844,2685700
2023-07-19,171.0576629638672,2749100
2023-07-20,171.04798889160156,3940700
2023-07-21,164.39381408691406,9102100
2023-07-24,162.04701232910156,4979900
2023-07-25,160.80111694335938,3286700
2023-07-26,162.0083465576172,2352000
2023-07-27,158.00039672851562,3944200
2023-07-28,159.7677459716797,2925900
2023-07-31,163.09967041015625,3345900
2023-08-01,163.8433380126953,2340100
2023-08-02,161.0425567626953,2236200
2023-08-03,160.71420288085938,1708700
2023-08-04,159.74844360351562,2256000
2023-08-07,161.24539184570312,2027200
2023-08-08,160.19268798828125,2102900
2023-08-09,158.21286010742188,2445200
2023-08-10,157.94244384765625,2556000
2023-08-11,159.61326599121094,2102500
2023-08-14,160.39552307128906,1827300
2023-08-15,156.3682403564453,2447600
2023-08-16,155.25759887695312,1994900
2023-08-17,155.083740234375,2473000
2023-08-18,154.74574279785156,2139500
2023-08-21,155.37350463867188,2070500
2023-08-22,153.63511657714844,2255500
2023-08-23,153.98277282714844,2042500
2023-08-24,152.38926696777344,2468600
2023-08-25,152.90115356445312,2969200
2023-08-28,153.7413330078125,2509900
2023-08-29,154.75540161132812,2175800
2023-08-30,154.6877899169922,3039900
2023-08-31,152.58241271972656,3653900
2023-09-01,154.1566162109375,2195500
2023-09-05,154.5236358642578,4151000
2023-09-06,152.592041015625,2949200
2023-09-07,151.413818359375,2617400
2023-09-08,152.0415496826172,1931300
2023-09-11,152.4279022216797,2611100
2023-09-12,153.07496643066406,2659000
2023-09-13,153.69305419921875,2976700
2023-09-14,156.24267578125,3209900
2023-09-15,158.145263671875,7273600
2023-09-18,154.16629028320312,2413400
2023-09-19,153.89585876464844,2230700
2023-09-20,151.84840393066406,1969700
2023-09-21,149.41465759277344,2712100
2023-09-22,147.8404541015625,2380600
2023-09-25,147.98533630371094,2434400
2023-09-26,145.94752502441406,2332100
2023-09-27,144.769287109375,3705400
2023-09-28,145.0880126953125,3489800
2023-09-29,144.08358764648438,3579400
2023-10-02,144.36367797851562,2657600
2023-10-03,140.08535766601562,4184100
2023-10-04,141.6112518310547,3476700
2023-10-05,142.63917541503906,2706200
2023-10-06,144.80166625976562,3204600
2023-10-09,144.3168182373047,2279400
2023-10-10,146.3629608154297,2909100
2023-10-11,146.9254150390625,1727000
2023-10-12,146.70236206054688,2377200
2023-10-13,146.52783203125,2951500
2023-10-16,148.16665649414062,2586300
2023-10-17,149.71829223632812,3919400
2023-10-18,146.94479370117188,2632200
2023-10-19,145.09262084960938,4642200
2023-10-20,137.28619384765625,8268100
2023-10-23,140.2147979736328,5313500
2023-10-24,140.0499267578125,3521100
2023-10-25,139.17718505859375,2841400
2023-10-26,139.0026397705078,3378000
2023-10-27,137.0340118408203,3442500
2023-10-30,138.9347381591797,3303300
2023-10-31,141.61123657226562,3737200
2023-11-01,142.01852416992188,2332600
2023-11-02,146.28538513183594,3108400
2023-11-03,148.1375732421875,2667700
2023-11-06,148.36065673828125,2490000
2023-11-07,148.35093688964844,1583300
2023-11-08,148.38002014160156,1804500
2023-11-09,147.75938415527344,2052900
2023-11-10,149.70855712890625,2088100
2023-11-13,149.66976928710938,1753600
2023-11-14,152.1620330810547,2968600
2023-11-15,154.60574340820312,3272600
2023-11-16,154.2372283935547,3749100
2023-11-17,157.64105224609375,2975800
2023-11-20,158.89202880859375,3242900
2023-11-21,157.3791961669922,2759700
2023-11-22,158.83383178710938,2527500
2023-11-24,159.44479370117188,950700
2023-11-27,159.0762481689453,2146400
2023-11-28,160.64724731445312,2117800
2023-11-29,162.36366271972656,2720200
2023-11-30,165.60264587402344,4253100
2023-12-01,168.5021514892578,3412000
2023-12-04,168.00758361816406,3631000
2023-12-05,165.51536560058594,6452500
2023-12-06,162.44126892089844,3890700
2023-12-07,163.51766967773438,2797100
2023-12-08,163.3334197998047,2681300
2023-12-11,163.29464721679688,2811400
2023-12-12,165.86441040039062,2946200
2023-12-13,169.2779541015625,3207700
2023-12-14,173.44781494140625,4548100
2023-12-15,175.04791259765625,7139200
2023-12-18,177.22979736328125,2814400
2023-12-19,180.1293487548828,3978300
2023-12-20,175.1836395263672,4020700
2023-12-21,179.19837951660156,3496800
2023-12-22,179.9547882080078,2782600
2023-12-26,180.3330078125,1230000
2023-12-27,181.3997039794922,1825400
2023-12-28,182.11729431152344,1486100
2023-12-29,181.6712188720703,1915000
2024-01-02,182.6118621826172,2236600
2024-01-03,180.6820831298828,2720500
2024-01-04,182.0635528564453,2777500
2024-01-05,183.9314727783203,2243300
2024-01-08,184.0774383544922,3442100
2024-01-09,181.70361328125,2055500
2024-01-10,179.9524383544922,2757800
2024-01-11,180.01080322265625,3493300
2024-01-12,177.10191345214844,3366300
2024-01-16,176.06092834472656,4142900
2024-01-17,176.0901336669922,2377600
2024-01-18,174.91294860839844,3215200
2024-01-19,178.20126342773438,3388900
2024-01-22,179.9913330078125,3145100
2024-01-23,180.43887329101562,2327600
2024-01-24,180.77935791015625,3052500
2024-01-25,182.9683380126953,3472500
2024-01-26,195.96592712402344,13555400
2024-01-29,195.41139221191406,4935500
2024-01-30,198.61215209960938,4284600
2024-01-31,195.29466247558594,3495000
2024-02-01,197.70736694335938,3028300
2024-02-02,200.81088256835938,3393000
2024-02-05,200.35360717773438,3099300
2024-02-06,200.0714569091797,3255300
2024-02-07,203.40841674804688,3272100
2024-02-08,205.4806365966797,4136600
2024-02-09,206.7064666748047,4785100
2024-02-12,206.5021514892578,4041400
2024-02-13,203.982421875,3381700
2024-02-14,205.17906188964844,2770800
2024-02-15,206.7648162841797,2644500
2024-02-16,206.7940216064453,2831300
2024-02-20,206.72592163085938,3341700
2024-02-21,205.1693115234375,2599400
2024-02-22,208.18521118164062,3027800
2024-02-23,208.73974609375,2617000
2024-02-26,211.07464599609375,2684500
2024-02-27,212.0669708251953,2428100
2024-02-28,212.1156463623047,2599200
2024-02-29,213.46792602539062,5186500
2024-03-01,213.701416015625,2342800
2024-03-04,212.97178649902344,2625300
2024-03-05,211.30812072753906,2672300
2024-03-06,212.52423095703125,2727900
2024-03-07,217.3594207763672,2974100
2024-03-08,217.31077575683594,2242800
2024-03-11,214.21705627441406,2808200
2024-03-12,216.6103057861328,2067700
2024-03-13,216.76597595214844,2693100
2024-03-14,214.48944091796875,2417900
2024-03-15,212.5339813232422,5267900
2024-03-18,214.97586059570312,1893000
2024-03-19,215.6763458251953,1817600
2024-03-20,221.7276153564453,2249700
2024-03-21,222.90478515625,3523700
2024-03-22,219.83053588867188,2284700
2024-03-25,219.8986358642578,2119500
2024-03-26,218.37123107910156,2106400
2024-03-27,221.57196044921875,2153100
2024-03-28,221.5136260986328,2295800
2024-04-01,221.43577575683594,1616700
2024-04-02,219.4121856689453,1984500
2024-04-03,220.4823455810547,2070100
2024-04-04,214.2952117919922,3035300
2024-04-05,217.09603881835938,1827900
2024-04-08,218.70623779296875,1401200
2024-04-09,214.5391845703125,3503000
2024-04-10,212.40194702148438,3115000
2024-04-11,212.938720703125,3139000
2024-04-12,212.938720703125,2441200
2024-04-15,213.1339111328125,3459000
2024-04-16,213.07533264160156,4176700
2024-04-17,212.4215087890625,2256800
2024-04-18,212.255615234375,3901500
2024-04-19,225.4691162109375,7573700
2024-04-22,227.38186645507812,5151300
2024-04-23,233.1981658935547,4684500
2024-04-24,233.35430908203125,4429200
2024-04-25,231.3830108642578,3329000
2024-04-26,229.95822143554688,2993300
2024-04-29,233.15911865234375,3696300
2024-04-30,228.38702392578125,3564300
2024-05-01,225.8789825439453,4176000
2024-05-02,226.89390563964844,2734900
2024-05-03,225.2056427001953,3203100
2024-05-06,228.67979431152344,2259600
2024-05-07,229.00181579589844,2084300
2024-05-08,230.54376220703125,2501900
2024-05-09,233.37380981445312,3166300
2024-05-10,236.45761108398438,2590800
2024-05-13,232.8956298828125,2768800
2024-05-14,235.70616149902344,2387300
2024-05-15,235.8720703125,2013400
2024-05-16,235.50125122070312,2605900
2024-05-17,236.96510314941406,1848700
2024-05-20,236.45761108398438,1983200
2024-05-21,237.21881103515625,1825800
2024-05-22,234.3009490966797,2292700
2024-05-23,229.7825469970703,3272600
2024-05-24,232.43695068359375,1624200
2024-05-28,231.52940368652344,2315400
2024-05-29,230.2509765625,2711300
2024-05-30,231.50010681152344,2386300
2024-05-31,234.21310424804688,5102500
2024-06-03,231.16831970214844,2677200
2024-06-04,231.52940368652344,2512100
2024-06-05,229.0311279296875,2925100
2024-06-06,227.7234344482422,2709600
2024-06-07,227.05982971191406,2212500
2024-06-10,226.8353729248047,2933500
2024-06-11,219.1160888671875,3168100
2024-06-12,218.63790893554688,3091100
2024-06-13,216.83251953125,3011300
2024-06-14,219.3991241455078,2373800
2024-06-17,222.76593017578125,2426700
2024-06-18,223.78086853027344,2176500
2024-06-20,224.6591339111328,2968100
2024-06-21,224.8250274658203,5064300
2024-06-24,225.88876342773438,2152600
2024-06-25,225.0299835205078,3206800
2024-06-26,225.1177978515625,3151900
2024-06-27,222.89280700683594,2264200
2024-06-28,225.96685791015625,3901100
2024-07-01,228.17233276367188,2792700
2024-07-02,230.28024291992188,1871700
2024-07-03,230.0265655517578,1365900
2024-07-05,230.63339233398438,2488300
2024-07-08,229.53712463378906,2638600
2024-07-09,232.70838928222656,1943400
2024-07-10,233.86337280273438,2203000
2024-07-11,233.6872100830078,1868700
2024-07-12,233.5697479248047,2612200
2024-07-15,238.8258819580078,3054400
2024-07-16,244.3365020751953,3074600
2024-07-17,244.6595001220703,2471900
2024-07-18,243.9156036376953,4053300
2024-07-19,237.240234375,5750400
2024-07-22,239.55999755859375,2590000
2024-07-23,241.6643829345703,2564000
2024-07-24,235.8797149658203,2838100
2024-07-25,235.08688354492188,3828800
2024-07-26,240.67579650878906,2174400
2024-07-29,242.63340759277344,2059300
2024-07-30,247.1260528564453,2498800
2024-07-31,247.67417907714844,2180700
2024-08-01,243.40663146972656,3929700
2024-08-02,227.35438537597656,6902600
2024-08-05,221.1292724609375,4890700
2024-08-06,226.21900939941406,3148200
2024-08-07,223.9481964111328,2665300
2024-08-08,228.5876922607422,2239200
2024-08-09,232.80630493164062,1956400
2024-08-12,232.0232696533203,1747000
2024-08-13,233.92213439941406,1913200
2024-08-14,238.59097290039062,2132500
2024-08-15,244.20924377441406,2656800
2024-08-16,246.3723907470703,2149700
2024-08-19,248.66278076171875,1653400
2024-08-20,247.71334838867188,1659700
2024-08-21,241.07708740234375,3502500
2024-08-22,242.5061798095703,1981300
2024-08-23,245.97108459472656,1868200
2024-08-26,248.49636840820312,1931000
2024-08-27,249.6219940185547,2518100
2024-08-28,251.63832092285156,2557100
2024-08-29,254.32997131347656,2423500
2024-08-30,253.16522216796875,3442100
2024-09-03,248.9172821044922,2970300
2024-09-04,246.40176391601562,3062600
2024-09-05,246.49961853027344,2711200
2024-09-06,238.8845977783203,3653000
2024-09-09,245.59913635253906,3080800
2024-09-10,240.21575927734375,3630900
2024-09-11,248.79000854492188,3149900
2024-09-12,249.7394256591797,2279600
2024-09-13,253.50779724121094,2199200
2024-09-16,255.55349731445312,2170200
2024-09-17,259.7720642089844,2765700
2024-09-18,256.6203308105469,2577400
2024-09-19,263.05108642578125,2973300
2024-09-20,263.28594970703125,5847200
2024-09-23,261.63177490234375,2534900
2024-09-24,260.5649108886719,2340300
2024-09-25,260.5257263183594,2116300
2024-09-26,262.4637756347656,1430600
2024-09-27,265.31207275390625,2231900
2024-09-30,265.4491271972656,2113100
2024-10-01,262.90423583984375,2429500
2024-10-02,265.1750183105469,2009500
2024-10-03,262.89447021484375,1614500
2024-10-04,270.82379150390625,2239600
2024-10-07,268.6844177246094,3287500
2024-10-08,264.0916748046875,3332800
2024-10-09,266.3586120605469,2087000
2024-10-10,265.42633056640625,2052800
2024-10-11,271.0102233886719,1723200
2024-10-14,271.3634948730469,1399000
2024-10-15,272.1388244628906,2264600
2024-10-16,276.4272766113281,2243600
2024-10-17,280.4508361816406,3571900
2024-10-18,271.6285095214844,7884400
2024-10-21,265.6912841796875,4092700
2024-10-22,267.3203430175781,2595400
2024-10-23,266.1722106933594,2051100
2024-10-24,264.9454345703125,3490600
2024-10-25,262.36456298828125,2993300
2024-10-28,266.40765380859375,2336900
2024-10-29,265.3870544433594,1749000
2024-10-30,268.968994140625,2152900
2024-10-31,265.0435791015625,2315400
2024-11-01,267.60498046875,2508300
2024-11-04,265.1515808105469,1944000
2024-11-05,270.7943420410156,1859600
2024-11-06,289.65594482421875,5380500
2024-11-07,281.471435546875,3876900
2024-11-08,282.23687744140625,1814400
2024-11-11,287.50677490234375,2299500
2024-11-12,283.12994384765625,2251400
2024-11-13,282.27618408203125,2118100
2024-11-14,282.923828125,2979400
2024-11-15,281.5205078125,2614400
2024-11-18,280.21533203125,2074400
2024-11-19,280.22509765625,2512900
2024-11-20,282.34478759765625,2387400
2024-11-21,287.5362243652344,2410300
2024-11-22,295.6814270019531,3788900
2024-11-25,299.51849365234375,3478400
2024-11-26,299.87176513671875,2130500
2024-11-27,298.5764465332031,1697000
2024-11-29,298.9983825683594,1326600
2024-12-02,296.62353515625,2166900
2024-12-03,296.4762878417969,2128700
2024-12-04,296.9571838378906,1561200
2024-12-05,294.92578125,2793600
2024-12-06,298.32122802734375,1797600
2024-12-09,291.1868896484375,2377900
2024-12-10,296.4762878417969,2967800
2024-12-11,296.7020263671875,2071200
2024-12-12,294.7000732421875,1668100
2024-12-13,296.5058288574219,1662000
2024-12-16,297.9090881347656,1813700
2024-12-17,295.720703125,3611500
2024-12-18,282.41351318359375,3541200
2024-12-19,287.61468505859375,3540200
2024-12-20,293.0808410644531,6232400
2024-12-23,293.2280578613281,1902400
2024-12-24,297.8011169433594,862900
2024-12-26,298.32122802734375,1228900
2024-12-27,295.4360656738281,1676000
2024-12-30,291.78546142578125,2392800
2024-12-31,291.2554626464844,1231300
