date,close,volume
2014-01-02,12.546714782714844,148709900
2014-01-03,12.788296699523926,129921800
2014-01-06,12.983124732971191,114431300
2014-01-07,12.858431816101074,110605100
2014-01-08,12.920775413513184,101036400
2014-01-09,13.11560344696045,100947200
2014-01-10,13.068846702575684,87454100
2014-01-13,12.803882598876953,90025400
2014-01-14,13.068846702575684,97786600
2014-01-15,13.36497974395752,329333100
2014-01-16,13.310423851013184,163613100
2014-01-17,13.255875587463379,96232200
2014-01-21,13.255875587463379,118269200
2014-01-22,13.36497974395752,68114400
2014-01-23,13.138978958129883,123765900
2014-01-24,12.819470405578613,112899300
2014-01-27,12.710366249084473,134872600
2014-01-28,13.03767204284668,92891300
2014-01-29,12.998708724975586,130026900
2014-01-30,13.19353199005127,91028200
2014-01-31,13.053258895874023,139432100
2014-02-03,12.74153995513916,159981200
2014-02-04,12.74153995513916,125337000
2014-02-05,12.780503273010254,110576200
2014-02-06,13.006500244140625,110029100
2014-02-07,13.107813835144043,122571100
2014-02-10,13.02988052368164,95792500
2014-02-11,13.154562950134277,92617500
2014-02-12,13.053258895874023,96948900
2014-02-13,13.053258895874023,95756900
2014-02-14,13.014299392700195,100684300
2014-02-18,12.835053443908691,121778600
2014-02-19,12.624645233154297,137734500
2014-02-20,12.702574729919434,107425900
2014-02-21,12.694781303405762,106236900
2014-02-24,12.881813049316406,102909600
2014-02-25,12.733746528625488,81457000
2014-02-26,12.725954055786133,89831600
2014-02-27,12.850637435913086,71314500
2014-02-28,12.881813049316406,126252100
2014-03-03,12.702574729919434,87526800
2014-03-04,13.03767204284668,100849900
2014-03-05,13.450945854187012,207180000
2014-03-06,13.528923988342285,138078900
2014-03-07,13.513330459594727,109547100
2014-03-10,13.622495651245117,81732700
2014-03-11,13.466547966003418,90183400
2014-03-12,13.47433853149414,83309200
2014-03-13,13.380769729614258,100875700
2014-03-14,13.100053787231445,131297200
2014-03-17,13.341782569885254,79942200
2014-03-18,13.404160499572754,67402400
2014-03-19,13.59910774230957,105006500
2014-03-20,13.97338581085205,167048700
2014-03-21,13.692673683166504,155721000
2014-03-24,13.544519424438477,118500000
2014-03-25,13.419755935668945,98348600
2014-03-26,13.39636516571045,97573700
2014-03-27,13.263801574707031,175139500
2014-03-28,13.240410804748535,79909500
2014-03-31,13.411959648132324,62115800
2014-04-01,13.521129608154297,57423800
2014-04-02,13.435351371765137,65349000
2014-04-03,13.372973442077637,56534500
2014-04-04,13.03767204284668,110409600
2014-04-07,12.772551536560059,129464900
2014-04-08,12.819339752197266,75769700
2014-04-09,12.959694862365723,83096400
2014-04-10,12.56981372833252,98390900
2014-04-11,12.296894073486328,133757100
2014-04-14,12.476240158081055,99249400
2014-04-15,12.78034782409668,134956600
2014-04-16,12.577613830566406,172948900
2014-04-17,12.5932035446167,104765500
2014-04-21,12.546420097351074,51280500
2014-04-22,12.702374458312988,77888900
2014-04-23,12.764756202697754,52425600
2014-04-24,12.741361618041992,73910900
2014-04-25,12.437253952026367,84617700
2014-04-28,11.657489776611328,344935200
2014-04-29,11.883620262145996,155495000
2014-04-30,11.805644035339355,82359700
2014-05-01,11.766654014587402,68368300
2014-05-02,11.891416549682617,73562900
2014-05-05,11.758857727050781,51669100
2014-05-06,11.485939979553223,96268300
2014-05-07,11.540521621704102,91733000
2014-05-08,11.641890525817871,65232700
2014-05-09,11.493736267089844,86751600
2014-05-12,11.751060485839844,70669900
2014-05-13,11.719867706298828,58469100
2014-05-14,11.5717134475708,52431900
2014-05-15,11.345582962036133,104193000
2014-05-16,11.314388275146484,80476100
2014-05-19,11.439153671264648,51034700
2014-05-20,11.329986572265625,60108200
2014-05-21,11.392369270324707,64808600
2014-05-22,11.470345497131348,51929400
2014-05-23,11.478145599365234,51648900
2014-05-27,11.868024826049805,125398900
2014-05-28,11.805644035339355,72481700
2014-05-29,11.813440322875977,39423000
2014-05-30,11.805644035339355,45787100
2014-06-02,11.899215698242188,46374000
2014-06-03,11.8602294921875,49025400
2014-06-04,11.8602294921875,39757300
2014-06-05,12.031776428222656,60300500
2014-06-06,12.156538009643555,73930500
2014-06-09,12.351479530334473,78647900
2014-06-10,12.413861274719238,49852900
2014-06-11,12.156538009643555,73729300
2014-06-12,12.023980140686035,66173200
2014-06-13,12.03957462310791,61588100
2014-06-16,11.914811134338379,55425400
2014-06-17,12.156538009643555,58011600
2014-06-18,12.20332145690918,70220300
2014-06-19,12.125346183776855,40953900
2014-06-20,12.055124282836914,54765300
2014-06-23,12.203372955322266,58492200
2014-06-24,12.086332321166992,73262500
2014-06-25,12.07072925567627,71766400
2014-06-26,12.023911476135254,68519600
2014-06-27,11.961493492126465,58149200
2014-06-30,11.992700576782227,47274500
2014-07-01,12.172163963317871,74193500
2014-07-02,12.367227554321289,87685800
2014-07-03,12.50767993927002,70582300
2014-07-07,12.437453269958496,62437100
2014-07-08,12.156557083129883,73343400
2014-07-09,12.172163963317871,46415800
2014-07-10,12.047323226928711,61458500
2014-07-11,12.000504493713379,56849400
2014-07-14,12.148756980895996,59181700
2014-07-15,12.336019515991211,99946700
2014-07-16,12.10193920135498,123711700
2014-07-17,11.860055923461914,114839900
2014-07-18,12.086332321166992,74859200
2014-07-21,12.109743118286133,61802200
2014-07-22,12.109743118286133,58331100
2014-07-23,12.109743118286133,47253300
2014-07-24,12.18776798248291,46549800
2014-07-25,12.164362907409668,35627200
2014-07-28,12.094136238098145,39313000
2014-07-29,11.969294548034668,51480500
2014-07-30,12.156557083129883,83243100
2014-07-31,11.899066925048828,70677300
2014-08-01,11.688396453857422,115978900
2014-08-04,11.74301528930664,51954700
2014-08-05,11.704002380371094,65071500
2014-08-06,11.860055923461914,95977900
2014-08-07,11.797635078430176,80058300
2014-08-08,11.860055923461914,54495000
2014-08-11,11.875664710998535,41545100
2014-08-12,11.86785888671875,33674400
2014-08-13,11.899066925048828,34394600
2014-08-14,11.953688621520996,29934600
2014-08-15,11.875664710998535,61535500
2014-08-18,12.055124282836914,54968600
2014-08-19,12.055124282836914,44825500
2014-08-20,12.109743118286133,57825000
2014-08-21,12.609112739562988,177294400
2014-08-22,12.585707664489746,107641800
2014-08-25,12.71054744720459,89396500
2014-08-26,12.741759300231934,73323400
2014-08-27,12.640323638916016,63061800
2014-08-28,12.492072105407715,62170400
2014-08-29,12.55449390411377,50106600
2014-09-02,12.694939613342285,59400400
2014-09-03,12.60102367401123,67418900
2014-09-04,12.608847618103027,56378600
2014-09-05,12.538408279418945,80974900
2014-09-08,12.796692848205566,99411200
2014-09-09,12.63232707977295,82428900
2014-09-10,12.80451774597168,75656100
2014-09-11,12.968873977661133,106598100
2014-09-12,13.141068458557129,116306800
2014-09-15,13.101932525634766,87306900
2014-09-16,13.078452110290527,65017200
2014-09-17,13.12541389465332,82902700
2014-09-18,13.336739540100098,111923200
2014-09-19,13.266290664672852,88455000
2014-09-22,13.328910827636719,109276700
2014-09-23,13.344561576843262,91921900
2014-09-24,13.446308135986328,86396100
2014-09-25,13.188027381896973,104522500
2014-09-26,13.328910827636719,66785900
2014-09-29,13.313251495361328,68038300
2014-09-30,13.344561576843262,82217400
2014-10-01,13.16454792022705,91235900
2014-10-02,13.211501121520996,118018800
2014-10-03,13.532401084899902,110840600
2014-10-06,13.532401084899902,66212100
2014-10-07,13.211501121520996,91396300
2014-10-08,13.399343490600586,101266800
2014-10-09,12.984532356262207,121363100
2014-10-10,12.898432731628418,129552700
2014-10-13,12.835824012756348,92674100
2014-10-14,12.929744720458984,97451900
2014-10-15,12.334912300109863,216591800
2014-10-16,12.585367202758789,148199400
2014-10-17,12.687116622924805,94339200
2014-10-20,12.726248741149902,76510700
2014-10-21,12.992356300354004,78287300
2014-10-22,12.835824012756348,85199800
2014-10-23,12.992356300354004,68436600
2014-10-24,13.086277961730957,41951400
2014-10-27,12.984532356262207,51500000
2014-10-28,13.148892402648926,71850800
2014-10-29,13.297599792480469,99875700
2014-10-30,13.328910827636719,72579100
2014-10-31,13.430656433105469,82788900
2014-11-03,13.516751289367676,64050700
2014-11-04,13.469786643981934,53515400
2014-11-05,13.57153606414795,58608200
2014-11-06,13.587186813354492,57339200
2014-11-07,13.587186813354492,53907800
2014-11-10,13.595016479492188,54261100
2014-11-11,13.555879592895508,62236000
2014-11-12,13.532401084899902,48669100
2014-11-13,13.477620124816895,50586300
2014-11-14,13.41500186920166,41144600
2014-11-17,13.37586498260498,43393300
2014-11-18,13.41500186920166,39490700
2014-11-19,13.352386474609375,49441600
2014-11-20,13.305426597595215,49652100
2014-11-21,13.399343490600586,63000000
2014-11-24,13.446308135986328,52785700
2014-11-25,13.383696556091309,44786300
2014-11-26,13.391521453857422,27310300
2014-11-28,13.336739540100098,27834900
2014-12-01,13.141068458557129,61173100
2014-12-02,13.422830581665039,62945200
2014-12-03,13.571969032287598,70104200
2014-12-04,13.509169578552246,49412800
2014-12-05,13.878106117248535,131824000
2014-12-08,13.862403869628906,101035100
2014-12-09,13.78390884399414,95939400
2014-12-10,13.642616271972656,103611100
2014-12-11,13.713261604309082,80173200
2014-12-12,13.446377754211426,88886700
2014-12-15,13.22658920288086,101305300
2014-12-16,13.124541282653809,96112000
2014-12-17,13.548419952392578,92164100
2014-12-18,13.760357856750488,79334000
2014-12-19,13.831005096435547,105588200
2014-12-22,13.901650428771973,70969300
2014-12-23,14.074348449707031,94405200
2014-12-24,14.113594055175781,35091300
2014-12-26,14.113594055175781,34362500
2014-12-29,14.215639114379883,58370900
2014-12-30,14.231335639953613,41433500
2014-12-31,14.04294490814209,57819600
2015-01-02,14.050792694091797,48951100
2015-01-05,13.642616271972656,105605500
2015-01-06,13.234435081481934,144912400
2015-01-07,13.297234535217285,104603800
2015-01-08,13.571969032287598,73388500
2015-01-09,13.328634262084961,84144600
2015-01-12,13.093144416809082,92762500
2015-01-13,12.912604331970215,100845400
2015-01-14,12.590773582458496,164779800
2015-01-15,11.931401252746582,193241300
2015-01-16,12.072691917419434,149802000
2015-01-20,11.978500366210938,123402800
2015-01-21,12.096242904663086,101054200
2015-01-22,12.630013465881348,183042100
2015-01-23,12.347432136535645,103376900
2015-01-26,12.441627502441406,69969300
2015-01-27,12.26893138885498,86184200
2015-01-28,11.931401252746582,105359800
2015-01-29,12.11194133758545,76095800
2015-01-30,11.892152786254883,99844600
2015-02-02,12.135494232177734,101586700
2015-02-03,12.473026275634766,105159400
2015-02-04,12.394530296325684,83848100
2015-02-05,12.535821914672852,92264700
2015-02-06,12.943998336791992,160832300
2015-02-09,12.834111213684082,95532900
2015-02-10,12.889056205749512,100322800
2015-02-11,12.841955184936523,99924400
2015-02-12,13.08529281616211,116394100
2015-02-13,13.038196563720703,93632700
2015-02-17,13.053898811340332,93350600
2015-02-18,12.794856071472168,84057400
2015-02-19,12.724211692810059,83604300
2015-02-20,12.857653617858887,89763600
2015-02-23,12.716365814208984,87623700
2015-02-24,12.857653617858887,74109600
2015-02-25,12.943998336791992,57201000
2015-02-26,12.590773582458496,161100700
2015-02-27,12.410225868225098,130448200
2015-03-02,12.567220687866211,71402400
2015-03-03,12.590773582458496,65689800
2015-03-04,12.472655296325684,78441600
2015-03-05,12.598641395568848,69510000
2015-03-06,12.77187442779541,163207200
2015-03-09,12.73250675201416,72912700
2015-03-10,12.4332857131958,85633600
2015-03-11,12.685256958007812,85910100
2015-03-12,12.66950798034668,126376300
2015-03-13,12.66950798034668,88581900
2015-03-16,12.701006889343262,63406500
2015-03-17,12.66950798034668,67315000
2015-03-18,12.582897186279297,86387600
2015-03-19,12.29155158996582,109169200
2015-03-20,12.472655296325684,99867700
2015-03-23,12.378165245056152,73773500
2015-03-24,12.29155158996582,77011000
2015-03-25,12.13406753540039,88541500
2015-03-26,12.14194107055664,76741500
2015-03-27,12.055328369140625,73140800
2015-03-30,12.220683097839355,70835300
2015-03-31,12.118321418762207,61381700
2015-04-01,12.13406753540039,73153900
2015-04-02,12.236433982849121,50443500
2015-04-06,12.212809562683105,51189500
2015-04-07,12.173441886901855,50057800
2015-04-08,12.29155158996582,71732500
2015-04-09,12.370293617248535,44935600
2015-04-10,12.378165245056152,43817700
2015-04-13,12.441161155700684,49191200
2015-04-14,12.456908226013184,84385400
2015-04-15,12.315171241760254,124479100
2015-04-16,12.4332857131958,105591000
2015-04-17,12.252180099487305,88994300
2015-04-20,12.260053634643555,53649400
2015-04-21,12.204935073852539,64033100
2015-04-22,12.393916130065918,73092800
2015-04-23,12.354541778564453,50292200
2015-04-24,12.315171241760254,40766100
2015-04-27,12.252180099487305,73523400
2015-04-28,12.323046684265137,58080100
2015-04-29,12.582897186279297,134499400
2015-04-30,12.543519973754883,78313900
2015-05-01,12.685256958007812,78171400
2015-05-04,12.945107460021973,76592300
2015-05-05,12.874242782592773,106148700
2015-05-06,12.826994895935059,96426500
2015-05-07,12.787625312805176,73794800
2015-05-08,12.952980995178223,86333700
2015-05-11,12.98447322845459,56246000
2015-05-12,12.937233924865723,59627100
2015-05-13,12.968727111816406,47330600
2015-05-14,13.008100509643555,55395700
2015-05-15,12.874242782592773,54937800
2015-05-18,13.000225067138672,51059900
2015-05-19,13.204955101013184,89115500
2015-05-20,13.181330680847168,67684000
2015-05-21,13.173457145690918,52056600
2015-05-22,13.189202308654785,47032900
2015-05-26,12.992347717285156,100048200
2015-05-27,13.181330680847168,70026700
2015-05-28,13.126209259033203,60970000
2015-05-29,12.992347717285156,74266200
2015-06-01,13.031723022460938,62941600
2015-06-02,13.165583610534668,65513200
2015-06-03,13.370923042297363,89614900
2015-06-04,13.252458572387695,61025500
2015-06-05,13.576262474060059,119087400
2015-06-08,13.489391326904297,69749600
2015-06-09,13.671038627624512,82104900
2015-06-10,13.892175674438477,102643100
2015-06-11,13.81319522857666,77191500
2015-06-12,13.81319522857666,53149400
2015-06-15,13.797399520874023,68053400
2015-06-16,13.86058235168457,47291200
2015-06-17,13.718427658081055,88712100
2015-06-18,13.726323127746582,97599900
2015-06-19,13.560474395751953,83395400
2015-06-22,13.797399520874023,58477700
2015-06-23,13.955355644226074,63865700
2015-06-24,13.81319522857666,59079500
2015-06-25,13.718427658081055,59772200
2015-06-26,13.750017166137695,63080800
2015-06-29,13.339335441589355,98604200
2015-06-30,13.442002296447754,89039800
2015-07-01,13.599957466125488,62317400
2015-07-02,13.449906349182129,64736500
2015-07-06,13.37882137298584,58726900
2015-07-07,13.181377410888672,115450500
2015-07-08,12.833874702453613,83033000
2015-07-09,13.015522003173828,81534400
2015-07-10,13.189279556274414,72965300
2015-07-13,13.442002296447754,67934300
2015-07-14,13.528879165649414,69999800
2015-07-15,13.963250160217285,173099900
2015-07-16,14.17650032043457,117054300
2015-07-17,14.294965744018555,96894900
2015-07-20,14.310758590698242,71980100
2015-07-21,14.27916431427002,63732800
2015-07-22,14.571381568908691,110327000
2015-07-23,14.358146667480469,103650100
2015-07-24,14.137008666992188,86364300
2015-07-27,13.955355644226074,93231900
2015-07-28,14.121211051940918,82166800
2015-07-29,14.342347145080566,96388600
2015-07-30,14.318656921386719,65667900
2015-07-31,14.121211051940918,67176900
2015-08-03,14.034339904785156,62376800
2015-08-04,14.058027267456055,69741500
2015-08-05,14.113316535949707,65228600
2015-08-06,14.065923690795898,47594700
2015-08-07,14.018539428710938,71020700
2015-08-10,14.247573852539062,65791200
2015-08-11,14.050130844116211,65868600
2015-08-12,13.836893081665039,141600100
2015-08-13,13.91586971282959,67456200
2015-08-14,13.979053497314453,52710300
2015-08-17,14.034339904785156,42310000
2015-08-18,13.971152305603027,50360700
2015-08-19,13.789506912231445,78540500
2015-08-20,13.205069541931152,149185400
2015-08-21,12.715405464172363,148874300
2015-08-24,12.075691223144531,214649500
2015-08-25,12.051998138427734,194377000
2015-08-26,12.683815956115723,174208500
2015-08-27,12.983936309814453,124185400
2015-08-28,12.920754432678223,75899300
2015-08-31,12.904955863952637,66695200
2015-09-01,12.304726600646973,119064000
2015-09-02,12.558268547058105,74820400
2015-09-03,12.629575729370117,77175800
2015-09-04,12.399805068969727,104539500
2015-09-08,12.803886413574219,73960200
2015-09-09,12.597883224487305,70466100
2015-09-10,12.708807945251465,71110200
2015-09-11,12.708807945251465,54287700
2015-09-14,12.645424842834473,50640900
2015-09-15,12.922734260559082,62327100
2015-09-16,12.938580513000488,83776400
2015-09-17,12.566189765930176,119088200
2015-09-18,12.328490257263184,136531200
2015-09-21,12.439420700073242,79096200
2015-09-22,12.336416244506836,92235200
2015-09-23,12.455265998840332,78117500
2015-09-24,12.320571899414062,99520100
2015-09-25,12.589959144592285,88655000
2015-09-28,12.257186889648438,91324300
2015-09-29,12.162107467651367,79829400
2015-09-30,12.344339370727539,71347100
2015-10-01,12.320571899414062,71516800
2015-10-02,12.185874938964844,181838400
2015-10-05,12.431495666503906,75315300
2015-10-06,12.431495666503906,67473700
2015-10-07,12.479036331176758,66655600
2015-10-08,12.479036331176758,79056900
2015-10-09,12.344339370727539,76667100
2015-10-12,12.296801567077637,50725800
2015-10-13,12.296801567077637,73689800
2015-10-14,12.39188003540039,122272400
2015-10-15,12.827655792236328,127028800
2015-10-16,12.77219295501709,66989500
2015-10-19,12.788037300109863,62953500
2015-10-20,12.835579872131348,50797800
2015-10-21,12.597883224487305,64440400
2015-10-22,12.803886413574219,74116600
2015-10-23,13.089122772216797,82285800
2015-10-26,13.081197738647461,67702800
2015-10-27,12.99404239654541,56159300
2015-10-28,13.69128704071045,147720100
2015-10-29,13.540745735168457,95542300
2015-10-30,13.295125007629395,87645800
2015-11-02,13.516972541809082,56948200
2015-11-03,13.612055778503418,66127100
2015-11-04,13.4773588180542,78728400
2015-11-05,13.71505355834961,85505500
2015-11-06,14.22214412689209,158037500
2015-11-09,14.008209228515625,129920700
2015-11-10,14.142903327941895,59905800
2015-11-11,14.063676834106445,59235000
2015-11-12,13.762596130371094,77850900
2015-11-13,13.627899169921875,103574900
2015-11-16,13.810136795043945,70384300
2015-11-17,13.802206039428711,70488600
2015-11-18,14.134981155395508,85708300
2015-11-19,14.016135215759277,51829700
2015-11-20,13.984444618225098,56288300
2015-11-23,13.841822624206543,50362900
2015-11-24,13.841822624206543,58724200
2015-11-25,13.818058013916016,34939000
2015-11-27,13.849748611450195,22937500
2015-11-30,13.810136795043945,61893700
2015-12-01,14.111213684082031,74351800
2015-12-02,13.99997615814209,76919000
2015-12-03,13.74572467803955,95810100
2015-12-04,14.142996788024902,103021700
2015-12-07,13.936413764953613,81633300
2015-12-08,13.658317565917969,84873500
2015-12-09,13.586813926696777,82418100
2015-12-10,13.66627025604248,68395000
2015-12-11,13.292825698852539,91503900
2015-12-14,13.348443031311035,121121200
2015-12-15,13.841063499450684,99737200
2015-12-16,14.10326862335205,171576700
2015-12-17,13.74572467803955,97265700
2015-12-18,13.31666374206543,136737800
2015-12-21,13.483519554138184,65150300
2015-12-22,13.570919036865234,56173500
2015-12-23,13.777502059936523,65770700
2015-12-24,13.721884727478027,29369400
2015-12-28,13.610648155212402,41777500
2015-12-29,13.729833602905273,45670400
2015-12-30,13.547080993652344,35066400
2015-12-31,13.372285842895508,47153000
2016-01-04,13.054462432861328,114888000
2016-01-05,13.054462432861328,66670000
2016-01-06,12.776371002197266,102760800
2016-01-07,12.315532684326172,116255900
2016-01-08,12.077164649963379,124782400
2016-01-11,12.164565086364746,104611700
2016-01-12,12.164565086364746,100023500
2016-01-13,11.838801383972168,119413000
2016-01-14,11.910306930541992,125920000
2016-01-15,11.489194869995117,172296100
2016-01-19,11.314396858215332,185727400
2016-01-20,10.877392768859863,250537600
2016-01-21,10.615193367004395,188976000
2016-01-22,10.774104118347168,169999800
2016-01-25,10.297369956970215,186419100
2016-01-26,10.575467109680176,124246900
2016-01-27,10.615193367004395,124095800
2016-01-28,10.750267028808594,110996200
2016-01-29,11.234944343566895,159984100
2016-02-01,11.091922760009766,105739400
2016-02-02,10.511902809143066,147101200
2016-02-03,10.35299301147461,257664600
2016-02-04,10.527793884277344,179394400
2016-02-05,10.289426803588867,125842800
2016-02-08,9.749130249023438,221363600
2016-02-09,9.693512916564941,247349000
2016-02-10,9.518712043762207,227530000
2016-02-11,8.867181777954102,375088700
2016-02-12,9.49487590789795,245388400
2016-02-16,9.73324203491211,194306700
2016-02-17,9.979555130004883,221859400
2016-02-18,9.725293159484863,161539400
2016-02-19,9.637893676757812,121045600
2016-02-22,9.963663101196289,88865500
2016-02-23,9.66172981262207,104498700
2016-02-24,9.637893676757812,159552800
2016-02-25,9.788861274719238,103054600
2016-02-26,10.090789794921875,160314400
2016-02-29,9.947772979736328,123661100
2016-03-01,10.480119705200195,153558200
2016-03-02,10.695462226867676,139622500
2016-03-03,10.76724624633789,105082700
2016-03-04,10.79914665222168,171410900
2016-03-07,10.791170120239258,97650300
2016-03-08,10.416311264038086,125894800
2016-03-09,10.480119705200195,92253800
2016-03-10,10.583805084228516,123016200
2016-03-11,10.998540878295898,120400600
2016-03-14,10.878905296325684,87746800
2016-03-15,10.823074340820312,80404000
2016-03-16,10.615707397460938,149645400
2016-03-17,10.687490463256836,122212300
2016-03-18,10.998540878295898,146616200
2016-03-21,11.038421630859375,104695700
2016-03-22,10.974614143371582,83252100
2016-03-23,10.862955093383789,95789700
2016-03-24,10.910806655883789,94836500
2016-03-28,10.862955093383789,54498500
2016-03-29,10.703441619873047,101606800
2016-03-30,10.75129222869873,85897000
2016-03-31,10.783196449279785,79592100
2016-04-01,10.81510066986084,73130900
2016-04-04,10.77522087097168,59709600
2016-04-05,10.519996643066406,78445900
2016-04-06,10.583805084228516,62558500
2016-04-07,10.248822212219238,105704500
2016-04-08,10.272748947143555,76548100
2016-04-11,10.344532012939453,79411500
2016-04-12,10.583805084228516,100791600
2016-04-13,10.998540878295898,138647200
2016-04-14,11.277692794799805,179383300
2016-04-15,11.166031837463379,87958700
2016-04-18,11.301621437072754,81998200
2016-04-19,11.524938583374023,107153600
2016-04-20,11.9077787399292,115628700
2016-04-21,11.88385009765625,121589000
2016-04-22,12.051336288452148,83456600
2016-04-25,11.931705474853516,70489500
2016-04-26,12.035384178161621,84812400
2016-04-27,11.979557991027832,115789000
2016-04-28,11.796117782592773,78639300
2016-04-29,11.61267375946045,122128100
2016-05-02,11.78016471862793,68882800
2016-05-03,11.453158378601074,110549000
2016-05-04,11.269716262817383,99269700
2016-05-05,11.20590877532959,73145900
2016-05-06,11.253765106201172,76595100
2016-05-09,11.158058166503906,55399600
2016-05-10,11.405303001403809,59870500
2016-05-11,11.325545310974121,68088900
2016-05-12,11.277692794799805,72567100
2016-05-13,11.070322036743164,86193900
2016-05-16,11.110200881958008,57848600
2016-05-17,11.174006462097168,76273800
2016-05-18,11.71635913848877,150748500
2016-05-19,11.588744163513184,106156900
2016-05-20,11.580770492553711,81214000
2016-05-23,11.540892601013184,66303200
2016-05-24,11.708383560180664,96183700
2016-05-25,11.899801254272461,123498700
2016-05-26,11.724332809448242,65356600
2016-05-27,11.867898941040039,62411300
2016-05-31,11.796117782592773,85635900
2016-06-01,11.8921480178833,62612100
2016-06-02,11.956170082092285,64327300
2016-06-03,11.540022850036621,148600900
2016-06-06,11.6200532913208,80949300
2016-06-07,11.484007835388184,67447100
2016-06-08,11.548027992248535,58292900
2016-06-09,11.355960845947266,74814900
2016-06-10,11.067859649658203,90725700
2016-06-13,10.883798599243164,71925000
2016-06-14,10.611701011657715,85377800
2016-06-15,10.675727844238281,100659100
2016-06-16,10.651716232299805,90152000
2016-06-17,10.723742485046387,89022300
2016-06-20,10.835779190063477,89874000
2016-06-21,10.89980411529541,73810800
2016-06-22,10.891797065734863,77980500
2016-06-23,11.235920906066895,82494600
2016-06-24,10.4036283493042,231499200
2016-06-27,9.747401237487793,250847700
2016-06-28,10.163546562194824,150136300
2016-06-29,10.555683135986328,118484000
2016-06-30,10.619706153869629,125773900
2016-07-01,10.483660697937012,88888100
2016-07-05,10.195554733276367,98246500
2016-07-06,10.291587829589844,94983300
2016-07-07,10.411633491516113,101100300
2016-07-08,10.539677619934082,92698900
2016-07-11,10.571688652038574,67267300
2016-07-12,10.835779190063477,89070600
2016-07-13,10.755752563476562,74595600
2016-07-14,10.923812866210938,97852100
2016-07-15,10.93181324005127,78652500
2016-07-18,11.291938781738281,187187100
2016-07-19,11.41198444366455,96940100
2016-07-20,11.524020195007324,79277900
2016-07-21,11.419984817504883,65376300
2016-07-22,11.508016586303711,46604800
2016-07-25,11.500012397766113,46420800
2016-07-26,11.628055572509766,60205600
2016-07-27,11.708085060119629,100986000
2016-07-28,11.748102188110352,72049500
2016-07-29,11.596044540405273,63276500
2016-08-01,11.468001365661621,61460900
2016-08-02,11.307945251464844,83776300
2016-08-03,11.588044166564941,65305400
2016-08-04,11.588044166564941,46176600
2016-08-05,12.044201850891113,120947800
2016-08-08,12.108226776123047,71960300
2016-08-09,12.156240463256836,49973300
2016-08-10,11.852134704589844,79080700
2016-08-11,11.908156394958496,68945400
2016-08-12,11.932164192199707,63031300
2016-08-15,12.020195007324219,48592100
2016-08-16,12.140235900878906,80307500
2016-08-17,12.12423038482666,93407300
2016-08-18,12.132233619689941,62804300
2016-08-19,12.18024730682373,59834800
2016-08-22,12.14824104309082,60877100
2016-08-23,12.284285545349121,67817900
2016-08-24,12.324299812316895,65484900
2016-08-25,12.428339004516602,67714400
2016-08-26,12.636406898498535,126886300
2016-08-29,12.676420211791992,120144900
2016-08-30,12.956520080566406,121280600
2016-08-31,12.976618766784668,127664300
2016-09-01,12.847982406616211,128812600
2016-09-02,12.864059448242188,100997300
2016-09-06,12.687178611755371,96542200
2016-09-07,12.622859001159668,63310300
2016-09-08,12.75149917602539,69292700
2016-09-09,12.655019760131836,135182500
2016-09-12,12.783658027648926,109724000
2016-09-13,12.638938903808594,89317600
2016-09-14,12.566576957702637,75528100
2016-09-15,12.598739624023438,67322600
2016-09-16,12.454014778137207,90926200
2016-09-19,12.534419059753418,66186400
2016-09-20,12.542460441589355,68210400
2016-09-21,12.582660675048828,95464600
2016-09-22,12.542460441589355,75611300
2016-09-23,12.478137969970703,51604400
2016-09-26,12.132416725158691,94972100
2016-09-27,12.293218612670898,81992600
2016-09-28,12.365575790405273,66076400
2016-09-29,12.188694953918457,78997700
2016-09-30,12.582660675048828,119428700
2016-10-03,12.566576957702637,69873100
2016-10-04,12.70325756072998,98501500
2016-10-05,12.952500343322754,86056900
2016-10-06,13.040940284729004,75886700
2016-10-07,12.96857738494873,99605400
2016-10-10,13.105263710021973,64158500
2016-10-11,12.952500343322754,77374000
2016-10-12,12.888182640075684,67165800
2016-10-13,12.727377891540527,78637000
2016-10-14,12.864059448242188,108865700
2016-10-17,12.904257774353027,101795500
2016-10-18,13.073097229003906,71433100
2016-10-19,13.241942405700684,97969000
2016-10-20,13.314299583435059,88081200
2016-10-21,13.402743339538574,77954900
2016-10-24,13.483144760131836,68244800
2016-10-25,13.442940711975098,49350300
2016-10-26,13.5635404586792,58730400
2016-10-27,13.595704078674316,97937300
2016-10-28,13.410780906677246,115123600
2016-10-31,13.26606273651123,70387600
2016-11-01,13.35450267791748,88587100
2016-11-02,13.249979972839355,119202000
2016-11-03,13.249979972839355,69690400
2016-11-04,13.306262016296387,82437400
2016-11-07,13.676101684570312,91581900
2016-11-08,13.66806411743164,95842800
2016-11-09,14.44794750213623,319516900
2016-11-10,15.083109855651855,304986400
2016-11-11,15.29215145111084,212952500
2016-11-14,16.144393920898438,320959900
2016-11-15,16.208717346191406,190293100
2016-11-16,15.879075050354004,126734500
2016-11-17,16.144393920898438,167979200
2016-11-18,16.080078125,120620200
2016-11-21,16.34540367126465,117479100
2016-11-22,16.321271896362305,104771800
2016-11-23,16.530315399169922,110801300
2016-11-25,16.77151870727539,62610400
2016-11-28,16.321271896362305,108651200
2016-11-29,16.313232421875,114216800
2016-11-30,17.04355812072754,191699600
2016-12-01,17.350215911865234,199233900
2016-12-02,17.13232421875,128468700
2016-12-05,17.624591827392578,130377300
2016-12-06,17.88282585144043,120789200
2016-12-07,18.213695526123047,168005200
2016-12-08,18.52034568786621,182693900
2016-12-09,18.633323669433594,130590400
2016-12-12,18.245969772338867,136986000
2016-12-13,18.245969772338867,118204100
2016-12-14,18.294387817382812,225340900
2016-12-15,18.689815521240234,162025800
2016-12-16,18.28631591796875,147497700
2016-12-19,18.141063690185547,97508900
2016-12-20,18.326669692993164,83879500
2016-12-21,18.262104034423828,61079100
2016-12-22,18.18947982788086,67123500
2016-12-23,18.237899780273438,38187800
2016-12-27,18.245969772338867,39988600
2016-12-28,18.0200138092041,52652900
2016-12-29,17.753705978393555,79188400
2016-12-30,17.834409713745117,72605900
2017-01-03,18.181411743164062,99298100
2017-01-04,18.52034568786621,76875100
2017-01-05,18.302457809448242,86826400
2017-01-06,18.302457809448242,66281500
2017-01-09,18.19754981994629,75901500
2017-01-10,18.51227378845215,100977700
2017-01-11,18.61717987060547,92385600
2017-01-12,18.496131896972656,120474200
2017-01-13,18.56875991821289,161930900
2017-01-17,17.794052124023438,152495900
2017-01-18,18.262104034423828,124366000
2017-01-19,18.181411743164062,75990800
2017-01-20,18.270179748535156,102564900
2017-01-23,18.205615997314453,61385600
2017-01-24,18.52034568786621,98508700
2017-01-25,18.859281539916992,99753300
2017-01-26,18.915769577026367,84146400
2017-01-27,18.851211547851562,54590200
2017-01-30,18.52034568786621,91561200
2017-01-31,18.270179748535156,91044300
2017-02-01,18.471923828125,103630900
2017-02-02,18.334735870361328,88679100
2017-02-03,18.79471778869629,116035100
2017-02-06,18.657529830932617,92228400
2017-02-07,18.479997634887695,87982900
2017-02-08,18.294387817382812,102264500
2017-02-09,18.657529830932617,102634200
2017-02-10,18.625247955322266,90548300
2017-02-13,18.883487701416016,105342500
2017-02-14,19.41609764099121,139711400
2017-02-15,19.835731506347656,151233300
2017-02-16,19.835731506347656,98144500
2017-02-17,19.787309646606445,85789200
2017-02-21,19.99712562561035,78571500
2017-02-22,20.005205154418945,81531900
2017-02-23,19.835731506347656,85846000
2017-02-24,19.55329132080078,97074400
2017-02-27,19.827661514282227,69129100
2017-02-28,19.91643524169922,90242000
2017-03-01,20.640886306762695,143947500
2017-03-02,20.422334671020508,99824600
2017-03-03,20.592317581176758,92456100
2017-03-06,20.43852424621582,75660400
2017-03-07,20.406143188476562,64053700
2017-03-08,20.44662094116211,105314600
2017-03-09,20.519472122192383,78984600
2017-03-10,20.487092971801758,86998800
2017-03-13,20.4789981842041,56886200
2017-03-14,20.495180130004883,63182700
2017-03-15,20.381860733032227,114662700
2017-03-16,20.41423797607422,70306200
2017-03-17,20.12284278869629,105222400
2017-03-20,19.782875061035156,87287500
2017-03-21,18.63346290588379,259545800
2017-03-22,18.56869888305664,167984400
2017-03-23,18.67392921447754,111666800
2017-03-24,18.71440315246582,113499100
2017-03-27,18.64155387878418,119513500
2017-03-28,19.00580406188965,95761700
2017-03-29,18.90057373046875,67204500
2017-03-30,19.321487426757812,79189200
2017-03-31,19.094839096069336,77158300
2017-04-03,19.094839096069336,88076600
2017-04-04,18.973426818847656,75244400
2017-04-05,18.7548770904541,97453300
2017-04-06,18.827722549438477,82975200
2017-04-07,18.746780395507812,79519400
2017-04-10,18.63346290588379,63254700
2017-04-11,18.552509307861328,94206700
2017-04-12,18.333967208862305,76556300
2017-04-13,18.083030700683594,88061800
2017-04-17,18.463476181030273,85053200
2017-04-18,18.38252830505371,146488400
2017-04-19,18.40681266784668,101771800
2017-04-20,18.67392921447754,103802600
2017-04-21,18.38252830505371,127235400
2017-04-24,19.12721824645996,138638900
2017-04-25,19.410526275634766,131531100
2017-04-26,19.337678909301758,95172200
2017-04-27,19.14340591430664,80024200
2017-04-28,18.892480850219727,69384900
2017-05-01,19.111034393310547,72382900
2017-05-02,19.046274185180664,60262600
2017-05-03,19.24053955078125,64272800
2017-05-04,19.305295944213867,68133400
2017-05-05,19.216259002685547,56678800
2017-05-08,19.394332885742188,56016500
2017-05-09,19.410526275634766,61622000
2017-05-10,19.54813575744629,48495300
2017-05-11,19.48337745666504,68350800
2017-05-12,19.426715850830078,62589000
2017-05-15,19.475278854370117,50688800
2017-05-16,19.41861915588379,55774800
2017-05-17,18.26920509338379,190353300
2017-05-18,18.40681266784668,108444100
2017-05-19,18.657739639282227,89566700
2017-05-22,18.649648666381836,74839400
2017-05-23,18.932952880859375,79020000
2017-05-24,18.908668518066406,58823200
2017-05-25,18.819625854492188,60443500
2017-05-26,18.811538696289062,50399500
2017-05-30,18.544416427612305,61307900
2017-05-31,18.199275970458984,138636300
2017-06-01,18.3779354095459,69725100
2017-06-02,18.231754302978516,79722300
2017-06-05,18.199275970458984,51590300
2017-06-06,18.053089141845703,71735600
2017-06-07,18.353567123413086,66429700
2017-06-08,18.654048919677734,93685900
2017-06-09,19.2225284576416,108254300
2017-06-12,19.311864852905273,85829900
2017-06-13,19.303735733032227,68047300
2017-06-14,19.295618057250977,102352400
2017-06-15,19.116947174072266,69707500
2017-06-16,19.027620315551758,57745800
2017-06-19,19.417428970336914,58587800
2017-06-20,19.07634735107422,59693500
2017-06-21,18.78399085998535,72432800
2017-06-22,18.621566772460938,64763300
2017-06-23,18.532236099243164,85399600
2017-06-26,18.589086532592773,61307800
2017-06-27,18.897682189941406,88257800
2017-06-28,19.393068313598633,119049300
2017-06-29,19.750394821166992,150501200
2017-06-30,19.701669692993164,84005200
2017-07-03,20.042755126953125,58129700
2017-07-05,20.237655639648438,76172500
2017-07-06,20.06711769104004,84465400
2017-07-07,20.16456413269043,54478800
2017-07-10,20.21329116821289,54632800
2017-07-11,19.977785110473633,69410600
2017-07-12,19.774763107299805,68708700
2017-07-13,19.99402618408203,55533400
2017-07-14,19.661060333251953,92625400
2017-07-17,19.50676727294922,81522000
2017-07-18,19.409311294555664,107981400
2017-07-19,19.53924560546875,74140100
2017-07-20,19.441795349121094,62793500
2017-07-21,19.32810401916504,65922500
2017-07-24,19.417428970336914,51382700
2017-07-25,19.880329132080078,86154700
2017-07-26,19.661060333251953,65704700
2017-07-27,19.579845428466797,62902100
2017-07-28,19.514881134033203,50143400
2017-07-31,19.587974548339844,62272000
2017-08-01,19.855968475341797,52782500
2017-08-02,19.96965980529785,55317100
2017-08-03,19.791000366210938,53210600
2017-08-04,20.27826690673828,105206600
2017-08-07,20.270139694213867,41860900
2017-08-08,20.221420288085938,73399300
2017-08-09,20.091480255126953,56910400
2017-08-10,19.587974548339844,78023700
2017-08-11,19.376827239990234,68157400
2017-08-14,19.83161163330078,54989500
2017-08-15,19.872209548950195,45143200
2017-08-16,19.644819259643555,59188900
2017-08-17,19.198165893554688,78969300
2017-08-18,19.181928634643555,60461200
2017-08-21,18.987018585205078,70124800
2017-08-22,19.352460861206055,59228600
2017-08-23,19.295618057250977,39825500
2017-08-24,19.360584259033203,39178700
2017-08-25,19.303735733032227,43511900
2017-08-28,19.263132095336914,37155000
2017-08-29,19.149436950683594,60897200
2017-08-30,19.484100341796875,58412900
2017-08-31,19.500425338745117,62362400
2017-09-01,19.66368293762207,56233900
2017-09-05,19.02699851989746,108605400
2017-09-06,19.10862159729004,64188900
2017-09-07,18.749467849731445,103501200
2017-09-08,18.684171676635742,68365000
2017-09-11,19.067811965942383,73741000
2017-09-12,19.54940414428711,99658500
2017-09-13,19.85958480834961,86339800
2017-09-14,19.78611946105957,70051000
2017-09-15,19.9003963470459,85937600
2017-09-18,20.16160011291504,68076400
2017-09-19,20.292200088500977,56218100
2017-09-20,20.455453872680664,82289900
2017-09-21,20.537073135375977,57864000
2017-09-22,20.42280387878418,61446000
2017-09-25,20.210573196411133,62361700
2017-09-26,20.251388549804688,53012700
2017-09-27,20.74113655090332,92877400
2017-09-28,20.773792266845703,64991400
2017-09-29,20.684003829956055,66232600
2017-10-02,20.912555694580078,54001400
2017-10-03,21.108461380004883,55946900
2017-10-04,20.986019134521484,53402800
2017-10-05,21.32884407043457,62636900
2017-10-06,21.394147872924805,53900600
2017-10-09,21.100296020507812,55172500
2017-10-10,21.165597915649414,46133800
2017-10-11,21.08397102355957,51652300
2017-10-12,20.773792266845703,71770000
2017-10-13,21.08397102355957,104196900
2017-10-16,21.41863441467285,71927200
2017-10-17,21.385982513427734,48644400
2017-10-18,21.614538192749023,55382500
2017-10-19,21.696165084838867,54542700
2017-10-20,22.17775535583496,83764700
2017-10-23,22.169593811035156,69607700
2017-10-24,22.594053268432617,90346500
2017-10-25,22.55323600769043,81265300
2017-10-26,22.643020629882812,55342500
2017-10-27,22.692001342773438,58856700
2017-10-30,22.52874755859375,51357600
2017-10-31,22.35733413696289,50311200
2017-11-01,22.47161293029785,46527700
2017-11-02,22.7491397857666,59692000
2017-11-03,22.708324432373047,37816100
2017-11-06,22.65118408203125,37261000
2017-11-07,22.1859188079834,68342100
2017-11-08,21.86757469177246,83128200
2017-11-09,21.622705459594727,95448600
2017-11-10,21.6390323638916,61105300
2017-11-13,21.54924201965332,55902200
2017-11-14,21.41863441467285,61596800
2017-11-15,21.86757469177246,98274900
2017-11-16,21.843093872070312,54565200
2017-11-17,21.72881317138672,48420700
2017-11-20,21.826763153076172,46328800
2017-11-21,21.818607330322266,57749100
2017-11-22,21.7614688873291,38103200
2017-11-24,21.70432472229004,14273600
2017-11-27,21.70432472229004,44828600
2017-11-28,22.561399459838867,99765000
2017-11-29,23.083805084228516,119728400
2017-11-30,23.091999053955078,122131900
2017-12-01,23.034622192382812,137774800
2017-12-04,23.82157325744629,145661700
2017-12-05,23.71500015258789,91349800
2017-12-06,23.477277755737305,74593800
2017-12-07,23.592039108276367,80706100
2017-12-08,23.81336784362793,60991300
2017-12-11,23.72319984436035,54001900
2017-12-12,24.034700393676758,76017200
2017-12-13,23.64122200012207,79980600
2017-12-14,23.551054000854492,60615800
2017-12-15,23.805173873901367,129859400
2017-12-18,24.16585922241211,70548600
2017-12-19,24.141260147094727,67984100
2017-12-20,24.16585922241211,81271200
2017-12-21,24.444564819335938,72953200
2017-12-22,24.49374771118164,54203000
2017-12-26,24.411779403686523,42371200
2017-12-27,24.37079429626465,35111800
2017-12-28,24.428171157836914,37914900
2017-12-29,24.19864845275879,40672000
2018-01-02,24.510147094726562,57121600
2018-01-03,24.428171157836914,57865700
2018-01-04,24.747873306274414,76512500
2018-01-05,24.862634658813477,56445200
2018-01-08,24.690488815307617,42914800
2018-01-09,24.813453674316406,69479100
2018-01-10,25.0429744720459,63532800
2018-01-11,25.133146286010742,59318300
2018-01-12,25.567607879638672,66371600
2018-01-16,25.608596801757812,104467900
2018-01-17,25.55941390991211,124382900
2018-01-18,25.805328369140625,76463800
2018-01-19,26.002063751220703,66491000
2018-01-22,26.182409286499023,53848800
2018-01-23,26.166011810302734,56531400
2018-01-24,26.30536651611328,81585000
2018-01-25,26.30536651611328,62265800
2018-01-26,26.395545959472656,52699900
2018-01-29,26.46112632751465,59126500
2018-01-30,26.133222579956055,60555800
2018-01-31,26.231595993041992,65734100
2018-02-01,26.641462326049805,62367400
2018-02-02,26.190610885620117,96971900
2018-02-05,24.805253982543945,155908300
2018-02-06,25.5758056640625,165878400
2018-02-07,25.616790771484375,101180500
2018-02-08,24.378990173339844,128981300
2018-02-09,24.862634658813477,143071100
2018-02-12,25.51023292541504,95055100
2018-02-13,25.55941390991211,76727300
2018-02-14,26.231595993041992,97251500
2018-02-15,26.403743743896484,68117400
2018-02-16,26.20700454711914,62137800
2018-02-20,26.174213409423828,58573900
2018-02-21,26.12503433227539,72210300
2018-02-22,25.977479934692383,64749700
2018-02-23,26.25618553161621,53626300
2018-02-26,26.57588005065918,61796300
2018-02-27,26.50210952758789,69235500
2018-02-28,26.313568115234375,72044000
2018-03-01,25.90216064453125,90547100
2018-03-02,26.025588989257812,82739100
2018-03-05,26.43699073791504,70543100
2018-03-06,26.420530319213867,50832600
2018-03-07,26.478130340576172,52763900
2018-03-08,26.494590759277344,53139800
2018-03-09,26.922454833984375,73905800
2018-03-12,27.021198272705078,60322800
2018-03-13,26.626243591308594,63347500
2018-03-14,26.445222854614258,58011400
2018-03-15,26.41230583190918,41964200
2018-03-16,26.469900131225586,83447600
2018-03-19,26.313568115234375,57363200
2018-03-20,26.313568115234375,44784500
2018-03-21,26.223064422607422,64546300
2018-03-22,25.13694190979004,110271900
2018-03-23,24.001468658447266,115740200
2018-03-26,25.046438217163086,83297000
2018-03-27,24.28944969177246,85821800
2018-03-28,24.182477951049805,79396100
2018-03-29,24.676170349121094,65678300
2018-04-02,24.116657257080078,86644200
2018-04-03,24.347047805786133,69698700
2018-04-04,24.585657119750977,66640800
2018-04-05,24.94770050048828,55765500
2018-04-06,24.37995719909668,79687600
2018-04-09,24.577434539794922,65917500
2018-04-10,25.079347610473633,60540500
2018-04-11,24.60211753845215,62211500
2018-04-12,25.219236373901367,57989100
2018-04-13,24.519832611083984,99254500
2018-04-16,24.62679672241211,110588900
2018-04-17,24.717315673828125,83475900
2018-04-18,24.297679901123047,79743200
2018-04-19,24.83250617980957,80902600
2018-04-20,24.898330688476562,65554600
2018-04-23,24.94770050048828,50686300
2018-04-24,24.840736389160156,81486800
2018-04-25,24.79959487915039,65893500
2018-04-26,24.74199676513672,45936700
2018-04-27,24.807819366455078,47411200
2018-04-30,24.61857032775879,55153900
2018-05-01,24.643259048461914,52871700
2018-05-02,24.338817596435547,68234600
2018-05-03,24.026147842407227,110672700
2018-05-04,24.108427047729492,58281900
2018-05-07,24.3881893157959,46765200
2018-05-08,24.62679672241211,65119800
2018-05-09,25.276826858520508,72266500
2018-05-10,25.416706085205078,54773200
2018-05-11,25.441390991210938,42024800
2018-05-14,25.60595703125,41791600
2018-05-15,25.688228607177734,64433500
2018-05-16,25.55658531188965,43590100
2018-05-17,25.35087776184082,45981500
2018-05-18,24.898330688476562,58641700
2018-05-21,25.13694190979004,34983300
2018-05-22,25.416706085205078,61103000
2018-05-23,25.046438217163086,73893100
2018-05-24,24.85719108581543,62146200
2018-05-25,24.816049575805664,44166700
2018-05-29,23.82867431640625,135895000
2018-05-30,24.264766693115234,79435300
2018-05-31,23.99213218688965,97509300
2018-06-01,24.289548873901367,64796600
2018-06-04,24.289548873901367,43777000
2018-06-05,24.05821990966797,47690800
2018-06-06,24.81829833984375,74995800
2018-06-07,24.859609603881836,68402700
2018-06-08,24.79351806640625,49572900
2018-06-11,24.83482551574707,46732800
2018-06-12,24.70263671875,49644600
2018-06-13,24.653064727783203,68900200
2018-06-14,24.37216567993164,77863200
2018-06-15,24.19040870666504,105079500
2018-06-18,24.289548873901367,52644100
2018-06-19,24.17388916015625,65466200
2018-06-20,24.157360076904297,52256500
2018-06-21,24.198673248291016,68322600
2018-06-22,23.9508113861084,76079200
2018-06-25,23.529468536376953,73616400
2018-06-26,23.579042434692383,56369300
2018-06-27,23.331188201904297,61764400
2018-06-28,23.68644905090332,71292100
2018-06-29,23.289873123168945,102307600
2018-07-02,23.364238739013672,52534300
2018-07-03,22.951147079467773,40599000
2018-07-05,23.06681251525879,44506800
2018-07-06,23.15768814086914,39424900
2018-07-09,24.00039291381836,61758900
2018-07-10,23.818628311157227,58858400
2018-07-11,23.694705963134766,50218900
2018-07-12,23.769060134887695,51700700
2018-07-13,23.587299346923828,75178000
2018-07-16,24.60349464416504,129172000
2018-07-17,24.79351806640625,87778900
2018-07-18,24.892663955688477,59109200
2018-07-19,24.512617111206055,59260600
2018-07-20,24.892663955688477,80432700
2018-07-23,25.404882431030273,74080200
2018-07-24,25.470979690551758,64761500
2018-07-25,25.66925811767578,57644100
2018-07-26,25.561861038208008,46215000
2018-07-27,25.661006927490234,57198900
2018-07-30,25.867544174194336,58721000
2018-07-31,25.512292861938477,64066000
2018-08-01,25.817975997924805,69070700
2018-08-02,25.842756271362305,46427200
2018-08-03,26.032785415649414,50153800
2018-08-06,26.041048049926758,41261500
2018-08-07,26.032785415649414,43946200
2018-08-08,26.272375106811523,43689600
2018-08-09,26.107135772705078,38219100
2018-08-10,25.768404006958008,55679800
2018-08-13,25.181821823120117,63960600
2018-08-14,25.437929153442383,42521200
2018-08-15,25.082677841186523,59747900
2018-08-16,25.380098342895508,44015400
2018-08-17,25.39662742614746,39843500
2018-08-20,25.5040340423584,40011000
2018-08-21,25.62795066833496,53510600
2018-08-22,25.59490966796875,33062900
2018-08-23,25.479236602783203,38259100
2018-08-24,25.520545959472656,43585000
2018-08-27,25.867544174194336,47729300
2018-08-28,25.834501266479492,38539000
2018-08-29,25.727088928222656,46401800
2018-08-30,25.619691848754883,47358900
2018-08-31,25.5535945892334,49266000
2018-09-04,25.727088928222656,44745600
2018-09-05,25.760141372680664,48516700
2018-09-06,25.610715866088867,42666000
2018-09-07,25.61901092529297,49103800
2018-09-10,25.585805892944336,34156200
2018-09-11,25.610715866088867,53071000
2018-09-12,25.262042999267578,59482300
2018-09-13,25.02128791809082,59219500
2018-09-14,25.212230682373047,33743900
2018-09-17,25.137516021728516,35026600
2018-09-18,25.07940101623535,49921700
2018-09-19,25.73523712158203,92666300
2018-09-20,25.892969131469727,83357400
2018-09-21,25.760143280029297,85992100
2018-09-24,25.51939582824707,45587700
2018-09-25,25.46128273010254,40949900
2018-09-26,25.01299476623535,57882400
2018-09-27,24.855255126953125,45879700
2018-09-28,24.456771850585938,74707600
2018-10-01,24.614511489868164,53900900
2018-10-02,24.556394577026367,42940300
2018-10-03,24.905067443847656,61080300
2018-10-04,25.262042999267578,72325700
2018-10-05,25.09600830078125,51931000
2018-10-08,25.12921142578125,47471600
2018-10-09,24.888463973999023,58868600
2018-10-10,24.274137496948242,88454400
2018-10-11,23.543590545654297,111417300
2018-10-12,23.626605987548828,102279200
2018-10-15,23.17831802368164,114636100
2018-10-16,23.684720993041992,87887800
2018-10-17,23.991880416870117,79068700
2018-10-18,23.452272415161133,77369200
2018-10-19,23.510387420654297,64305400
2018-10-22,22.730022430419922,89942900
2018-10-23,22.43115997314453,102392500
2018-10-24,21.742124557495117,86386600
2018-10-25,22.074193954467773,73780400
2018-10-26,21.90815544128418,91103500
2018-10-29,22.090791702270508,89367000
2018-10-30,22.23192596435547,79004800
2018-10-31,22.82964515686035,92296300
2018-11-01,23.086999893188477,49827300
2018-11-02,23.15340805053711,69010200
2018-11-05,23.294540405273438,41103100
2018-11-06,23.419069290161133,43514400
2018-11-07,23.693023681640625,56679200
2018-11-08,23.966983795166016,49421200
2018-11-09,23.676420211791992,43270600
2018-11-12,23.037185668945312,50307500
2018-11-13,23.045482635498047,57423400
2018-11-14,22.588895797729492,69213300
2018-11-15,23.161712646484375,66174800
2018-11-16,23.037185668945312,52456100
2018-11-19,23.037185668945312,46000000
2018-11-20,22.730022430419922,92330600
2018-11-21,22.638710021972656,40364400
2018-11-23,22.38965606689453,22974100
2018-11-26,22.87945556640625,53210700
2018-11-27,23.028886795043945,43617100
2018-11-28,23.601696014404297,61388100
2018-11-29,23.277935028076172,46824600
2018-11-30,23.57679557800293,64284600
2018-12-03,23.693023681640625,59908700
2018-12-04,22.406253814697266,103565700
2018-12-06,21.938770294189453,133294200
2018-12-07,21.22917938232422,107477600
2018-12-10,20.669851303100586,110166900
2018-12-11,20.519590377807617,78545000
2018-12-12,20.46950340270996,87191800
2018-12-13,20.369327545166016,64860100
2018-12-14,20.436111450195312,92762600
2018-12-17,20.427762985229492,98602800
2018-12-18,20.427762985229492,89046300
2018-12-19,20.1856689453125,121887600
2018-12-20,20.12723159790039,112594000
2018-12-21,19.509469985961914,160800400
2018-12-24,18.97519302368164,64859100
2018-12-26,20.12723159790039,100877800
2018-12-27,20.344280242919922,91575400
2018-12-28,20.36097526550293,78693800
2018-12-31,20.569677352905273,56257300
2019-01-02,20.836816787719727,71836300
2019-01-03,20.50289535522461,66599600
2019-01-04,21.35439682006836,83829100
2019-01-07,21.33770179748535,57016300
2019-01-08,21.29596519470215,67339400
2019-01-09,21.504663467407227,69707200
2019-01-10,21.479618072509766,65235800
2019-01-11,21.73006248474121,63476000
2019-01-14,22.01390266418457,76715400
2019-01-15,22.164165496826172,80625500
2019-01-16,23.750301361083984,163131700
2019-01-17,24.20108985900879,107428800
2019-01-18,24.459882736206055,97928200
2019-01-22,24.28458023071289,84861400
2019-01-23,24.14266014099121,79425900
2019-01-24,24.276227951049805,59492300
2019-01-25,24.69363021850586,72182100
2019-01-28,24.73537254333496,59963800
2019-01-29,24.535017013549805,51451900
2019-01-30,24.267881393432617,66475800
2019-01-31,23.766996383666992,100201200
2019-02-01,23.691858291625977,64244100
2019-02-04,24.109268188476562,55195900
2019-02-05,24.025785446166992,46622600
2019-02-06,23.98404312133789,35606900
2019-02-07,23.57499122619629,62289200
2019-02-08,23.616727828979492,50031300
2019-02-11,23.71690559387207,47724400
2019-02-12,23.950654983520508,49178100
2019-02-13,23.959001541137695,48951200
2019-02-14,23.700212478637695,47756600
2019-02-15,24.301279067993164,65867000
2019-02-19,24.31797218322754,40841300
2019-02-20,24.551715850830078,42806300
2019-02-21,24.451541900634766,42754100
2019-02-22,24.276227951049805,47887800
2019-02-25,24.434837341308594,61227400
2019-02-26,24.451541900634766,53153200
2019-02-27,24.65189552307129,48128600
2019-02-28,24.400169372558594,62358100
2019-03-01,24.593158721923828,45771500
2019-03-04,24.358219146728516,56893200
2019-03-05,24.400169372558594,39932500
2019-03-06,24.19879913330078,41672000
2019-03-07,23.955461502075195,53908600
2019-03-08,24.039371490478516,40860700
2019-03-11,24.282705307006836,40709300
2019-03-12,24.282705307006836,34450000
2019-03-13,24.576379776000977,54683300
2019-03-14,24.719013214111328,45219100
2019-03-15,24.584762573242188,82346200
2019-03-18,25.02108383178711,58568600
2019-03-19,24.878442764282227,55455100
2019-03-20,24.03097915649414,81689900
2019-03-21,23.64501190185547,77444400
2019-03-22,22.663297653198242,118851600
2019-03-25,22.520652770996094,65568000
2019-03-26,22.83110809326172,59878500
2019-03-27,22.680084228515625,57621700
2019-03-28,22.93180274963379,45872300
2019-03-29,23.14995002746582,83446300
2019-04-01,23.94707679748535,91751100
2019-04-02,24.22397232055664,66694000
2019-04-03,24.19879913330078,63110600
2019-04-04,24.458908081054688,53712100
2019-04-05,24.400169372558594,46383400
2019-04-08,24.475692749023438,35272800
2019-04-09,24.240745544433594,40535300
2019-04-10,24.391782760620117,42669700
2019-04-11,24.391782760620117,50440100
2019-04-12,25.314760208129883,100192000
2019-04-15,25.03786277770996,57438800
2019-04-16,25.07142448425293,105168400
2019-04-17,25.197288513183594,94831600
2019-04-18,25.197288513183594,61796600
2019-04-22,25.214073181152344,34763400
2019-04-23,25.230850219726562,41889700
2019-04-24,25.18889617919922,40078100
2019-04-25,25.239242553710938,43243800
2019-04-26,25.465789794921875,40627500
2019-04-29,25.818204879760742,68408600
2019-04-30,25.658781051635742,47764200
2019-05-01,25.390275955200195,56161000
2019-05-02,25.591655731201172,40634100
2019-05-03,25.767852783203125,35256100
2019-05-06,25.56647491455078,39882000
2019-05-07,25.10499382019043,58528400
2019-05-08,25.004302978515625,39903400
2019-05-09,24.928789138793945,44173500
2019-05-10,24.819704055786133,59649900
2019-05-13,23.70374298095703,72547000
2019-05-14,24.014196395874023,52216100
2019-05-15,23.737302780151367,51973200
2019-05-16,23.989023208618164,42791500
2019-05-17,23.82960319519043,43772500
2019-05-20,23.82960319519043,41717600
2019-05-21,24.072935104370117,39258700
2019-05-22,23.905113220214844,29177600
2019-05-23,23.292591094970703,59772900
2019-05-24,23.64501190185547,35524400
2019-05-28,23.41006851196289,44273400
2019-05-29,23.284208297729492,49818900
2019-05-30,22.78915786743164,58649300
2019-05-31,22.31927490234375,68304200
2019-06-03,22.386398315429688,50109900
2019-06-04,23.426851272583008,58426400
2019-06-05,23.418458938598633,44874400
2019-06-06,23.51969337463379,38633600
2019-06-07,23.224428176879883,51317200
2019-06-10,23.679975509643555,48305800
2019-06-11,23.82339096069336,38691800
2019-06-12,23.57874298095703,33528900
2019-06-13,23.5703067779541,33404200
2019-06-14,23.6546630859375,37322100
2019-06-17,23.561872482299805,33410100
2019-06-18,24.143957138061523,60170700
2019-06-19,23.890878677368164,61953500
2019-06-20,23.84870147705078,60887200
2019-06-21,23.722158432006836,69444000
2019-06-24,23.604049682617188,40046400
2019-06-25,23.418458938598633,46901300
2019-06-26,23.545000076293945,42312300
2019-06-27,23.798076629638672,35575600
2019-06-28,24.464529037475586,101856900
2019-07-01,24.81884002685547,48029900
2019-07-02,24.591068267822266,32263500
2019-07-03,24.506710052490234,26642300
2019-07-05,24.683866500854492,33092000
2019-07-08,24.633255004882812,30924400
2019-07-09,24.75978660583496,28750100
2019-07-10,24.481399536132812,40574800
2019-07-11,24.76822280883789,37376800
2019-07-12,24.844146728515625,29632900
2019-07-15,24.650121688842773,46462100
2019-07-16,24.456096649169922,54920400
2019-07-17,24.62481689453125,84958300
2019-07-18,24.86945915222168,49468800
2019-07-19,24.801969528198242,44863200
2019-07-22,24.945384979248047,31224300
2019-07-23,25.51902961730957,64030300
2019-07-24,25.87334632873535,53171900
2019-07-25,25.5949649810791,43251900
2019-07-26,25.95770835876465,46978800
2019-07-29,25.746810913085938,39176700
2019-07-30,26.058942794799805,37598300
2019-07-31,25.88178062438965,60607600
2019-08-01,24.877899169921875,76913400
2019-08-02,24.78510284423828,57492300
2019-08-05,23.688411712646484,96207700
2019-08-06,23.975236892700195,65115800
2019-08-07,23.528121948242188,75388500
2019-08-08,23.941495895385742,53141900
2019-08-09,23.899311065673828,53499600
2019-08-12,23.317228317260742,55674700
2019-08-13,23.38471794128418,69919200
2019-08-14,22.288028717041016,106591700
2019-08-15,22.14461326599121,70192000
2019-08-16,22.802629470825195,70841700
2019-08-19,23.005098342895508,44964800
2019-08-20,22.541109085083008,47665000
2019-08-21,22.7182674407959,47785400
2019-08-22,22.93760871887207,49353700
2019-08-23,22.330204010009766,81880700
2019-08-26,22.591726303100586,41499100
2019-08-27,22.330204010009766,52517000
2019-08-28,22.650775909423828,45897900
2019-08-29,23.055713653564453,55432900
2019-08-30,23.20755958557129,41326200
2019-09-03,22.819503784179688,50743100
2019-09-04,23.19068145751953,40862500
2019-09-05,23.878509521484375,63413700
2019-09-06,23.547332763671875,56054100
2019-09-09,24.311582565307617,68629300
2019-09-10,24.922977447509766,71066200
2019-09-11,25.01638412475586,53982200
2019-09-12,25.194711685180664,72943900
2019-09-13,25.61929702758789,79657000
2019-09-16,25.58533477783203,43391300
2019-09-17,25.423982620239258,48284900
2019-09-18,25.474937438964844,66640400
2019-09-19,25.322086334228516,43035700
2019-09-20,25.126779556274414,167269000
2019-09-23,25.067338943481445,52048300
2019-09-24,24.5748233795166,64806900
2019-09-25,24.83806610107422,45807700
2019-09-26,24.73616600036621,33198100
2019-09-27,24.922977447509766,41336600
2019-09-30,24.770130157470703,39191000
2019-10-01,24.150243759155273,49434400
2019-10-02,23.640737533569336,52293100
2019-10-03,23.615264892578125,53015800
2019-10-04,24.09079933166504,42641800
2019-10-07,24.039852142333984,36742400
2019-10-08,23.462421417236328,58201100
2019-10-09,23.683195114135742,37511400
2019-10-10,24.158735275268555,48239300
2019-10-11,24.54935073852539,70008600
2019-10-14,24.744659423828125,36040100
2019-10-15,25.245668411254883,78656000
2019-10-16,25.61929702758789,87131700
2019-10-17,25.695720672607422,55575900
2019-10-18,25.772146224975586,48872900
2019-10-21,26.341089248657227,61087400
2019-10-22,26.49393653869629,58662100
2019-10-23,26.680747985839844,47771200
2019-10-24,26.629804611206055,39491000
2019-10-25,26.935501098632812,43702000
2019-10-28,27.037399291992188,58790300
2019-10-29,27.232707977294922,48266600
2019-10-30,26.8505859375,45262400
2019-10-31,26.55337905883789,49430900
2019-11-01,27.003437042236328,41985300
2019-11-04,27.512935638427734,54228600
2019-11-05,27.869585037231445,68785600
2019-11-06,27.84410285949707,47524500
2019-11-07,28.217735290527344,68310700
2019-11-08,28.24321746826172,38724000
2019-11-11,28.175277709960938,27784000
2019-11-12,28.098854064941406,37282200
2019-11-13,27.84410285949707,48887800
2019-11-14,27.767684936523438,35554600
2019-11-15,27.962987899780273,36398300
2019-11-18,27.988468170166016,31133700
2019-11-19,27.97148323059082,33183700
2019-11-20,27.759187698364258,43612200
2019-11-21,27.88656234741211,42787600
2019-11-22,28.175277709960938,38783900
2019-11-25,28.421539306640625,50238800
2019-11-26,28.31964111328125,50626600
2019-11-27,28.379077911376953,32097700
2019-11-29,28.294170379638672,19503400
2019-12-02,28.3875732421875,47158800
2019-12-03,27.88656234741211,58745100
2019-12-04,28.149810791015625,46637900
2019-12-05,28.25226402282715,38304500
2019-12-06,28.747465133666992,50908500
2019-12-09,28.610849380493164,32974500
2019-12-10,28.6279354095459,41960100
2019-12-11,28.72185516357422,43107800
2019-12-12,29.60980987548828,64942500
2019-12-13,29.404891967773438,48539600
2019-12-16,29.62688636779785,50777100
2019-12-17,29.917165756225586,50840500
2019-12-18,29.976945877075195,48757900
2019-12-19,29.840333938598633,45409500
2019-12-20,29.848865509033203,109395500
2019-12-23,30.028169631958008,33995400
2019-12-24,30.07085418701172,13805400
2019-12-26,30.326997756958008,26992100
2019-12-27,30.18185043334961,28111300
2019-12-30,30.011096954345703,30705100
2019-12-31,30.07085418701172,29630100
2020-01-02,30.429452896118164,37614200
2020-01-03,29.79764175415039,50357900
2020-01-06,29.754953384399414,42185000
2020-01-07,29.558574676513672,34149000
2020-01-08,29.857404708862305,45311600
2020-01-09,29.90863609313965,39861600
2020-01-10,29.661027908325195,39730400
2020-01-13,29.93425178527832,37956100
2020-01-14,30.15623664855957,66719300
2020-01-15,29.601268768310547,74745500
2020-01-16,29.64396095275879,50368500
2020-01-17,29.635421752929688,54156100
2020-01-21,29.251209259033203,50811000
2020-01-22,29.336585998535156,38879700
2020-01-23,29.131683349609375,45717100
2020-01-24,28.6364803314209,47797200
2020-01-27,28.047351837158203,57096200
2020-01-28,28.380334854125977,38834600
2020-01-29,28.1839599609375,37414700
2020-01-30,28.585241317749023,50542800
2020-01-31,28.0302734375,54845300
2020-02-03,28.14980697631836,48485500
2020-02-04,28.704774856567383,45061600
2020-02-05,29.635421752929688,54604800
2020-02-06,29.601268768310547,39511500
2020-02-07,29.5500431060791,31263000
2020-02-10,29.61834716796875,24373800
2020-02-11,29.6866455078125,32476300
2020-02-12,29.814714431762695,36656700
2020-02-13,29.80617904663086,31775100
2020-02-14,29.754953384399414,26447700
2020-02-18,29.259750366210938,40318000
2020-02-19,29.64396095275879,29632100
2020-02-20,29.754953384399414,42604100
2020-02-21,29.336585998535156,46675500
2020-02-24,27.94489288330078,79159600
2020-02-25,26.53612518310547,91586800
2020-02-26,26.15191078186035,80012800
2020-02-27,24.87120819091797,121148300
2020-02-28,24.333316802978516,171198800
2020-03-02,25.07612419128418,147776300
2020-03-03,23.692968368530273,138698500
2020-03-04,24.239395141601562,111239800
2020-03-05,23.01067543029785,110878700
2020-03-06,22.09128189086914,119121200
2020-03-09,18.843320846557617,145196000
2020-03-10,20.286855697631836,134863600
2020-03-11,19.479162216186523,127347000
2020-03-12,17.623188018798828,139552600
2020-03-13,20.759441375732422,128357400
2020-03-16,17.563037872314453,121688800
2020-03-17,18.88628387451172,120065700
2020-03-18,17.863779067993164,148272500
2020-03-19,18.2160701751709,122461300
2020-03-20,16.901416778564453,150910400
2020-03-23,15.535218238830566,181898500
2020-03-24,18.06999397277832,147882400
2020-03-25,18.130142211914062,146991300
2020-03-26,19.522125244140625,116111400
2020-03-27,18.559762954711914,91522800
2020-03-30,18.937841415405273,80449100
2020-03-31,18.241844177246094,95213700
2020-04-01,16.98733901977539,83961300
2020-04-02,17.674745559692383,70007400
2020-04-03,17.21074867248535,68293500
2020-04-06,18.379329681396484,97766200
2020-04-07,19.023761749267578,94560300
2020-04-08,20.149375915527344,81212300
2020-04-09,21.360918045043945,125275700
2020-04-13,20.55322265625,83164700
2020-04-14,20.389965057373047,88991100
2020-04-15,19.066722869873047,99082200
2020-04-16,18.405099868774414,89213300
2020-04-17,20.00330352783203,92800300
2020-04-20,19.33308982849121,74446300
2020-04-21,18.59413719177246,78871300
2020-04-22,18.731613159179688,49669500
2020-04-23,18.79176902770996,50614800
2020-04-24,19.05813217163086,47633500
2020-04-27,20.166563034057617,66916700
2020-04-28,20.527446746826172,65504900
2020-04-29,21.292177200317383,73493900
2020-04-30,20.66492462158203,55244100
2020-05-01,19.831453323364258,51772600
2020-05-04,19.70256996154785,45886100
2020-05-05,19.470571517944336,45691900
2020-05-06,19.20420265197754,53874600
2020-05-07,19.62523651123047,51884300
2020-05-08,20.252487182617188,45181000
2020-05-11,19.401832580566406,68951800
2020-05-12,18.79176902770996,69588700
2020-05-13,17.932514190673828,112113400
2020-05-14,18.65428352355957,88359100
2020-05-15,18.422285079956055,64484000
2020-05-18,19.70256996154785,86589400
2020-05-19,19.08390998840332,62179000
2020-05-20,19.685382843017578,59789500
2020-05-21,19.67678451538086,57726000
2020-05-22,19.470571517944336,48107000
2020-05-26,20.862552642822266,119485500
2020-05-27,22.323274612426758,117672700
2020-05-28,21.360918045043945,84340800
2020-05-29,20.725080490112305,113811100
2020-06-01,21.146102905273438,58375500
2020-06-02,21.343732833862305,71118100
2020-06-03,22.331871032714844,86744600
2020-06-04,23.17115020751953,94545300
2020-06-05,24.321922302246094,118767900
2020-06-08,24.6939754486084,79598500
2020-06-09,24.417098999023438,77773400
2020-06-10,23.015413284301758,90415300
2020-06-11,20.70522117614746,149875500
2020-06-12,21.44066619873047,73729700
2020-06-15,21.76080894470215,76538900
2020-06-16,22.32321548461914,96796500
2020-06-17,21.631027221679688,58349500
2020-06-18,21.665632247924805,53419000
2020-06-19,21.847332000732422,127563600
2020-06-22,21.302230834960938,55484300
2020-06-23,21.449321746826172,46108300
2020-06-24,20.601388931274414,75437100
2020-06-25,21.388757705688477,65031900
2020-06-26,20.03032684326172,118139200
2020-06-29,20.23798179626465,66269200
2020-06-30,20.54947853088379,61716200
2020-07-01,20.125505447387695,57379900
2020-07-02,20.151460647583008,56000200
2020-07-06,20.471601486206055,59589000
2020-07-07,19.909194946289062,60645800
2020-07-08,19.987064361572266,52922600
2020-07-09,19.701536178588867,79385900
2020-07-10,20.783084869384766,81142900
2020-07-13,20.9301815032959,73598100
2020-07-14,20.886919021606445,67423100
2020-07-15,21.284931182861328,57384400
2020-07-16,20.70522117614746,78067100
2020-07-17,20.090896606445312,66659100
2020-07-20,20.40238380432129,61114000
2020-07-21,21.129182815551758,75499300
2020-07-22,21.034006118774414,52193700
2020-07-23,21.233016967773438,61047600
2020-07-24,21.06861686706543,50217600
2020-07-27,20.886919021606445,54721300
2020-07-28,21.0772705078125,48406500
2020-07-29,21.86463737487793,71393500
2020-07-30,21.492584228515625,61755900
2020-07-31,21.527193069458008,61955800
2020-08-03,21.622373580932617,58284000
2020-08-04,21.63967514038086,37985300
2020-08-05,21.96846580505371,51322600
2020-08-06,22.037683486938477,51999700
2020-08-07,22.59143829345703,63354500
2020-08-10,22.98079490661621,64051100
2020-08-11,23.29228401184082,81441000
2020-08-12,23.12788963317871,61971300
2020-08-13,22.79909896850586,55955500
2020-08-14,22.90292739868164,50931900
2020-08-17,22.40973472595215,57518700
2020-08-18,22.089599609375,45850100
2020-08-19,22.063642501831055,59856000
2020-08-20,21.717554092407227,49403700
2020-08-21,21.613719940185547,55010700
2020-08-24,22.228036880493164,54579500
2020-08-25,22.496261596679688,57304700
2020-08-26,22.11556053161621,39478000
2020-08-27,22.539527893066406,52934800
2020-08-28,22.75583839416504,46466400
2020-08-31,22.271299362182617,49416200
2020-09-01,22.245346069335938,46109200
2020-09-02,22.513568878173828,57300900
2020-09-03,22.356740951538086,86192500
2020-09-04,23.12346076965332,99621400
2020-09-08,22.19991111755371,74978600
2020-09-09,22.226057052612305,53822700
2020-09-10,21.903682708740234,56609600
2020-09-11,22.217334747314453,47708300
2020-09-14,22.43515396118164,47802400
2020-09-15,22.02566146850586,63820200
2020-09-16,22.304466247558594,64598600
2020-09-17,22.08664894104004,48862000
2020-09-18,21.964670181274414,94055800
2020-09-21,21.319934844970703,75218600
2020-09-22,20.858154296875,68665300
2020-09-23,20.26569938659668,59950300
2020-09-24,20.335399627685547,53570700
2020-09-25,20.46608543395996,42111300
2020-09-28,20.98885154724121,47996900
2020-09-29,20.71004295349121,45695200
2020-09-30,20.98885154724121,56226100
2020-10-01,20.9975643157959,44782200
2020-10-02,21.093399047851562,51682100
2020-10-05,21.450620651245117,44396800
2020-10-06,21.23280906677246,67541100
2020-10-07,21.677152633666992,47648000
2020-10-08,21.99081039428711,52080600
2020-10-09,22.095359802246094,44511500
2020-10-12,22.37416648864746,48362900
2020-10-13,21.738142013549805,61186900
2020-10-14,20.57935333251953,127409500
2020-10-15,21.041126251220703,66832400
2020-10-16,21.11954116821289,58357700
2020-10-19,20.666481018066406,51377900
2020-10-20,21.03241539001465,62476400
2020-10-21,20.953998565673828,41564900
2020-10-22,21.668437957763672,55402000
2020-10-23,21.694580078125,51007400
2020-10-26,21.380924224853516,59450200
2020-10-27,20.77974510192871,55009300
2020-10-28,20.44866180419922,81942500
2020-10-29,20.509653091430664,57490400
2020-10-30,20.64905548095703,66453400
2020-11-02,20.98014259338379,59756400
2020-11-03,21.511608123779297,65106200
2020-11-04,20.631629943847656,88845500
2020-11-05,21.441905975341797,74722600
2020-11-06,21.180526733398438,55454500
2020-11-09,24.1864013671875,178378800
2020-11-10,24.099281311035156,77694600
2020-11-11,23.820470809936523,48360900
2020-11-12,23.254146575927734,67912600
2020-11-13,23.524240493774414,52421000
2020-11-16,24.029579162597656,57396700
2020-11-17,24.003440856933594,46402300
2020-11-18,23.506811141967773,54416700
2020-11-19,23.506811141967773,46423000
2020-11-20,23.358699798583984,40538000
2020-11-23,23.864036560058594,45421200
2020-11-24,25.249353408813477,80387800
2020-11-25,25.292917251586914,57249900
2020-11-27,25.2580623626709,25971600
2020-11-30,24.534910202026367,63567900
2020-12-01,24.996685028076172,50255100
2020-12-02,25.31905174255371,45257500
2020-12-03,25.345352172851562,54013700
2020-12-04,25.67850112915039,66188200
2020-12-07,25.503158569335938,42197800
2020-12-08,25.362886428833008,33869100
2020-12-09,25.248916625976562,54886300
2020-12-10,25.520689010620117,58859600
2020-12-11,25.04727554321289,40538400
2020-12-14,24.740432739257812,40267100
2020-12-15,25.108644485473633,43672700
2020-12-16,25.178781509399414,42463200
2020-12-17,25.275217056274414,43182700
2020-12-18,25.13494873046875,82817200
2020-12-21,26.07301139831543,93397400
2020-12-22,25.608362197875977,39054300
2020-12-23,26.344789505004883,52537200
2020-12-24,26.265884399414062,22632300
2020-12-28,26.414926528930664,32861200
2020-12-29,26.309728622436523,33291900
2020-12-30,26.283424377441406,26370100
2020-12-31,26.572731018066406,28716000
2021-01-04,26.327255249023438,51483900
2021-01-05,26.528898239135742,48507000
2021-01-06,28.18585777282715,107002800
2021-01-07,28.808311462402344,74358500
2021-01-08,28.51900291442871,44641400
2021-01-11,28.99242401123047,51868200
2021-01-12,29.509672164916992,68166200
2021-01-13,29.334335327148438,43172800
2021-01-14,29.798992156982422,48483500
2021-01-15,28.939815521240234,57684300
2021-01-19,28.729413986206055,78130200
2021-01-20,28.352432250976562,53920000
2021-01-21,27.852710723876953,49626600
2021-01-22,27.65983772277832,45314500
2021-01-25,27.317922592163086,48078400
2021-01-26,27.12505340576172,36373000
2021-01-27,26.151912689208984,63809200
2021-01-28,26.581497192382812,51223300
2021-01-29,25.994108200073242,64019100
2021-02-01,26.265884399414062,40985300
2021-02-02,27.203956604003906,53527000
2021-02-03,27.686138153076172,49404900
2021-02-04,28.49270248413086,51751900
2021-02-05,28.37873649597168,42008800
2021-02-08,29.00995445251465,46014100
2021-02-09,28.887216567993164,35868600
2021-02-10,28.913515090942383,45031900
2021-02-11,28.825847625732422,29479900
2021-02-12,29.255422592163086,37468300
2021-02-16,30.044462203979492,52802600
2021-02-17,30.167198181152344,45455300
2021-02-18,29.974323272705078,37541700
2021-02-19,30.28116798400879,54514100
2021-02-22,30.815950393676758,56783400
2021-02-23,31.140335083007812,67440700
2021-02-24,31.89429473876953,58139500
2021-02-25,31.499786376953125,74762000
2021-02-26,30.430206298828125,70933300
2021-03-01,31.377044677734375,45901700
2021-03-02,31.14910125732422,41167400
2021-03-03,31.929359436035156,66047000
2021-03-04,32.158443450927734,96512800
2021-03-05,32.53728485107422,74292300
2021-03-08,32.71349334716797,65335500
2021-03-09,31.999847412109375,63946000
2021-03-10,32.924949645996094,53365600
2021-03-11,32.81040954589844,45834000
2021-03-12,33.42715835571289,46069600
2021-03-15,33.2597541809082,50131600
2021-03-16,33.1628303527832,50300400
2021-03-17,33.43596267700195,63796000
2021-03-18,34.30820083618164,95439700
2021-03-19,33.946964263916016,106252700
2021-03-22,33.18045425415039,54701300
2021-03-23,32.51085662841797,49838000
2021-03-24,32.51085662841797,43896800
2021-03-25,33.18045425415039,47517900
2021-03-26,34.079132080078125,66846000
2021-03-29,33.753143310546875,45680000
2021-03-30,34.35225296020508,56705900
2021-03-31,34.08793640136719,49270000
2021-04-01,34.79278564453125,65587000
2021-04-05,35.0659065246582,50328500
2021-04-06,34.968990325927734,42590100
2021-04-07,35.286170959472656,43136400
2021-04-08,34.97780990600586,45285900
2021-04-09,35.233314514160156,45872900
2021-04-12,35.294986724853516,45544600
2021-04-13,34.64300537109375,46770400
2021-04-14,35.13638687133789,52023800
2021-04-15,34.131988525390625,118128900
2021-04-16,34.493228912353516,60633400
2021-04-19,34.5108528137207,42321100
2021-04-20,33.55049514770508,50834100
2021-04-21,34.1143798828125,37851800
2021-04-22,33.79719161987305,48093400
2021-04-23,34.5196533203125,48674100
2021-04-26,34.722293853759766,34699800
2021-04-27,35.13638687133789,34304800
2021-04-28,35.268550872802734,34084400
2021-04-29,36.2200813293457,44008700
2021-04-30,35.70907211303711,39203400
2021-05-03,35.735511779785156,41940500
2021-05-04,36.1231803894043,53880000
2021-05-05,36.46678161621094,37471100
2021-05-06,37.013038635253906,39044400
2021-05-07,37.162811279296875,39249200
2021-05-10,37.048274993896484,41271500
2021-05-11,36.6253662109375,42964700
2021-05-12,36.281761169433594,47533000
2021-05-13,36.863250732421875,42026100
2021-05-14,37.3213996887207,30932600
2021-05-17,37.65620803833008,32656400
2021-05-18,37.14519500732422,37880300
2021-05-19,36.9777946472168,42672800
2021-05-20,36.889686584472656,36871100
2021-05-21,37.35665512084961,40243800
2021-05-24,37.55929183959961,31390800
2021-05-25,37.013038635253906,52657700
2021-05-26,37.039466857910156,41332800
2021-05-27,37.48880386352539,52981100
2021-05-28,37.347835540771484,38509700
2021-06-01,37.814796447753906,42890700
2021-06-02,37.83241271972656,34180500
2021-06-03,38.26594924926758,46981200
2021-06-04,38.28364562988281,37192600
2021-06-07,38.150936126708984,28401900
2021-06-08,37.93859100341797,41871400
2021-06-09,37.44312286376953,42366300
2021-06-10,36.885711669921875,40123600
2021-06-11,37.036128997802734,31203600
2021-06-14,36.593746185302734,36050700
2021-06-15,36.62028121948242,39247900
2021-06-16,36.823795318603516,63859100
2021-06-17,35.21352005004883,80728200
2021-06-18,34.31106185913086,102774200
2021-06-21,35.169273376464844,48119400
2021-06-22,35.36393356323242,44113200
2021-06-23,35.567420959472656,32039900
2021-06-24,36.12482833862305,37161800
2021-06-25,36.823795318603516,53178800
2021-06-28,36.77070236206055,34416500
2021-06-29,36.17790603637695,38519600
2021-06-30,36.47872543334961,29159800
2021-07-01,36.75300216674805,28045100
2021-07-02,36.4079475402832,28980800
2021-07-06,35.45240783691406,47578700
2021-07-07,35.169273376464844,43499900
2021-07-08,34.31106185913086,52793100
2021-07-09,35.42585754394531,43887200
2021-07-12,35.94786834716797,42624500
2021-07-13,35.266605377197266,54338100
2021-07-14,34.38185119628906,105651700
2021-07-15,34.35530090332031,54697300
2021-07-16,33.5501594543457,60469700
2021-07-19,32.67425537109375,83251500
2021-07-20,33.3466682434082,59462900
2021-07-21,34.02793502807617,49907400
2021-07-22,33.5855598449707,52715600
2021-07-23,33.35551452636719,48659400
2021-07-26,33.735965728759766,32258000
2021-07-27,33.60325241088867,39121400
2021-07-28,33.735965728759766,43331100
2021-07-29,34.22258377075195,43039100
2021-07-30,33.9394645690918,46210100
2021-08-02,33.5855598449707,49894000
2021-08-03,34.10756301879883,39680600
2021-08-04,33.85984420776367,42289800
2021-08-05,34.523406982421875,34754500
2021-08-06,35.5231819152832,58022300
2021-08-09,35.98325729370117,56340100
2021-08-10,36.65568161010742,44987300
2021-08-11,37.115760803222656,58458200
2021-08-12,37.29270553588867,37400100
2021-08-13,36.8326301574707,41344900
2021-08-16,36.53181457519531,38599100
2021-08-17,36.354862213134766,43526900
2021-08-18,36.08943557739258,50342500
2021-08-19,35.55857467651367,51883900
2021-08-20,35.717830657958984,40415000
2021-08-23,36.19561004638672,35364500
2021-08-24,36.69991683959961,35579300
2021-08-25,37.29270553588867,51219900
2021-08-26,37.19538879394531,41184500
2021-08-27,37.59353256225586,46468600
2021-08-30,36.85917663574219,44855600
2021-08-31,36.938804626464844,54654600
2021-09-01,36.44333267211914,52361900
2021-09-02,36.478919982910156,44538900
2021-09-03,36.50558090209961,41812400
2021-09-07,36.74570083618164,43748600
2021-09-08,36.265480041503906,36064400
2021-09-09,36.398868560791016,36266400
2021-09-10,35.81193542480469,40514700
2021-09-13,36.407772064208984,42036300
2021-09-14,35.42953872680664,53820400
2021-09-15,35.69633483886719,52358200
2021-09-16,35.972015380859375,42922000
2021-09-17,36.016475677490234,92746000
2021-09-20,34.780357360839844,67566200
2021-09-21,34.79814910888672,38271100
2021-09-22,35.69633483886719,46261400
2021-09-23,37.07473373413086,49779800
2021-09-24,37.47491455078125,39042300
2021-09-27,38.4709358215332,49755400
2021-09-28,38.38199996948242,60781200
2021-09-29,38.30195999145508,44260200
2021-09-30,37.75060272216797,47410800
2021-10-01,38.310855865478516,40987100
2021-10-04,38.542076110839844,48273400
2021-10-05,39.32465362548828,54070700
2021-10-06,39.342445373535156,47031700
2021-10-07,39.23573303222656,46258800
2021-10-08,39.431373596191406,39389400
2021-10-11,38.93336868286133,36283500
2021-10-12,38.71992874145508,36898300
2021-10-13,38.36421203613281,43908000
2021-10-14,40.080562591552734,82201000
2021-10-15,41.23664093017578,64264900
2021-10-18,41.1566047668457,49542500
2021-10-19,41.33446502685547,32515500
2021-10-20,41.87692642211914,40411000
2021-10-21,41.64571762084961,36848600
2021-10-22,42.303810119628906,36225600
2021-10-25,42.25043487548828,31679500
2021-10-26,42.65062713623047,35674800
2021-10-27,41.83246994018555,45790800
2021-10-28,42.49055480957031,37209600
2021-10-29,42.49055480957031,31756200
2021-11-01,42.55280303955078,36937200
2021-11-02,42.57947540283203,36283400
2021-11-03,43.01523971557617,42553000
2021-11-04,42.09036636352539,47646300
2021-11-05,41.770225524902344,38271200
2021-11-08,42.0992546081543,33815500
2021-11-09,41.690185546875,36900300
2021-11-10,42.001434326171875,39385600
2021-11-11,42.23265838623047,31194800
2021-11-12,41.71685791015625,44268500
2021-11-15,41.841365814208984,35335500
2021-11-16,41.8680419921875,35120800
2021-11-17,41.36113739013672,32963700
2021-11-18,41.192176818847656,30639000
2021-11-19,40.374027252197266,48429500
2021-11-22,41.1566047668457,53697100
2021-11-23,42.24155044555664,49362900
2021-11-24,42.357154846191406,40060000
2021-11-26,40.694175720214844,55110100
2021-11-29,40.542991638183594,50231100
2021-11-30,39.5469856262207,77193600
2021-12-01,38.98672103881836,60601600
2021-12-02,40.11262893676758,57821400
2021-12-03,39.2011833190918,74605300
2021-12-06,39.451385498046875,48193100
2021-12-07,39.9517822265625,40740800
2021-12-08,39.46031951904297,50560300
2021-12-09,39.75519943237305,37316700
2021-12-10,39.78199768066406,37700200
2021-12-13,38.94205093383789,38653900
2021-12-14,39.43351364135742,47099400
2021-12-15,39.263729095458984,60057100
2021-12-16,40.2109260559082,69487200
2021-12-17,39.210121154785156,124242400
2021-12-20,38.56674575805664,56455200
2021-12-21,39.487125396728516,47845600
2021-12-22,39.56755065917969,35715700
2021-12-23,39.692649841308594,34053500
2021-12-27,39.88924026489258,33879200
2021-12-28,39.94285202026367,32492400
2021-12-29,39.88029861450195,25294900
2021-12-30,39.79094696044922,23852200
2021-12-31,39.75519943237305,24253900
2022-01-03,41.265342712402344,58587900
2022-01-04,42.88271713256836,74606700
2022-01-05,42.15892028808594,57791600
2022-01-06,43.00782012939453,52040900
2022-01-07,43.94607162475586,59082600
2022-01-10,43.72267532348633,66839500
2022-01-11,43.972877502441406,40454400
2022-01-12,43.66012954711914,41378000
2022-01-13,43.570770263671875,46337500
2022-01-14,42.81123733520508,72953300
2022-01-18,41.33683395385742,65877400
2022-01-19,41.497676849365234,84451800
2022-01-20,40.881103515625,46265300
2022-01-21,40.13943862915039,71303600
2022-01-24,39.808815002441406,90672700
2022-01-25,40.59516143798828,73555300
2022-01-26,41.015140533447266,63735800
2022-01-27,40.63090896606445,63402400
2022-01-28,40.988338470458984,51048300
2022-01-31,41.22959899902344,44793700
2022-02-01,41.94446563720703,40326600
2022-02-02,41.899784088134766,41125600
2022-02-03,41.488731384277344,35879900
2022-02-04,43.14186096191406,60297100
2022-02-07,43.347373962402344,44824800
2022-02-08,44.12478256225586,49560500
2022-02-09,44.03542709350586,33861100
2022-02-10,43.829898834228516,47082800
2022-02-11,42.82016372680664,61056000
2022-02-14,42.373374938964844,44791900
2022-02-15,42.70399475097656,42397600
2022-02-16,42.60570526123047,36664600
2022-02-17,41.167049407958984,49442400
2022-02-18,41.068763732910156,37856500
2022-02-22,40.711326599121094,51905600
2022-02-23,40.014339447021484,45704900
2022-02-24,38.95991516113281,80484800
2022-02-25,40.22879409790039,68530700
2022-02-28,39.496063232421875,69955300
2022-03-01,37.950172424316406,74895600
2022-03-02,38.56674575805664,70834600
2022-03-03,38.153690338134766,48733800
2022-03-04,36.77085494995117,75572800
2022-03-07,34.42721176147461,109779000
2022-03-08,34.651695251464844,76553800
2022-03-09,36.8516731262207,78207900
2022-03-10,36.51942443847656,48804400
2022-03-11,36.21413040161133,43946600
2022-03-14,36.99534606933594,54262400
2022-03-15,37.264713287353516,41395300
2022-03-16,38.43205261230469,59477600
2022-03-17,38.63856506347656,50260200
2022-03-18,38.521846771240234,74470600
2022-03-21,38.46796798706055,47106400
2022-03-22,39.67121887207031,52360600
2022-03-23,38.69245529174805,48539300
2022-03-24,38.67448425292969,30360800
2022-03-25,39.267147064208984,38968100
2022-03-28,39.105506896972656,37428600
2022-03-29,39.006736755371094,46355800
2022-03-30,38.611637115478516,36601800
2022-03-31,37.0133056640625,67902500
2022-04-01,36.7259521484375,61929200
2022-04-04,36.66310119628906,53761700
2022-04-05,36.04351806640625,51781700
2022-04-06,35.64842987060547,54159800
2022-04-07,35.37006378173828,54585000
2022-04-08,35.62148666381836,41018900
2022-04-11,35.549644470214844,34198700
2022-04-12,35.17251205444336,42855300
2022-04-13,34.85823059082031,45484200
2022-04-14,33.73579788208008,79032000
2022-04-18,34.88516616821289,80080300
2022-04-19,35.53168487548828,53714200
2022-04-20,35.61249923706055,47064300
2022-04-21,34.939048767089844,46245900
2022-04-22,33.72682571411133,50409800
2022-04-25,33.484371185302734,64301100
2022-04-26,32.7301025390625,44809900
2022-04-27,32.55051803588867,39824900
2022-04-28,33.0533561706543,39567800
2022-04-29,32.03868103027344,47385200
2022-05-02,32.45174026489258,46652200
2022-05-03,33.3406982421875,48926000
2022-05-04,34.67863464355469,57860300
2022-05-05,33.7088623046875,48860600
2022-05-06,33.62804412841797,50440100
2022-05-09,32.658260345458984,51242000
2022-05-10,32.11051559448242,60235300
2022-05-11,31.939905166625977,54969300
2022-05-12,31.490936279296875,61231500
2022-05-13,31.580730438232422,49117900
2022-05-16,31.257469177246094,39076500
2022-05-17,32.31705093383789,42635600
2022-05-18,31.320322036743164,47396900
2022-05-19,30.934206008911133,47002700
2022-05-20,30.404422760009766,62406500
2022-05-23,32.20928955078125,69081900
2022-05-24,32.011749267578125,46146700
2022-05-25,32.182350158691406,49343400
2022-05-26,32.927642822265625,60201200
2022-05-27,33.24192810058594,43365600
2022-05-31,33.403564453125,71609200
2022-06-01,32.927642822265625,35237900
2022-06-02,33.1443977355957,35341900
2022-06-03,32.683799743652344,25235200
2022-06-06,32.647674560546875,40394000
2022-06-07,32.82830810546875,29152200
2022-06-08,32.412879943847656,33590600
2022-06-09,31.166568756103516,49419000
2022-06-10,29.956388473510742,49318200
2022-06-13,28.91780662536621,61216600
2022-06-14,28.412063598632812,49349800
2022-06-15,28.94489860534668,51540100
2022-06-16,28.764278411865234,61363400
2022-06-17,28.827497482299805,80470300
2022-06-21,29.667400360107422,53537200
2022-06-22,29.441612243652344,38305600
2022-06-23,28.97199821472168,44091500
2022-06-24,29.179710388183594,79504700
2022-06-27,29.215835571289062,47900300
2022-06-28,29.134552001953125,49863800
2022-06-29,28.77330780029297,35149700
2022-06-30,28.114032745361328,46312300
2022-07-01,28.50237274169922,40236100
2022-07-05,28.2133731842041,47411800
2022-07-06,27.978567123413086,35933700
2022-07-07,28.77330780029297,40137900
2022-07-08,28.71009063720703,31153800
2022-07-11,28.412063598632812,29311900
2022-07-12,28.32175064086914,39527000
2022-07-13,27.85213279724121,44153700
2022-07-14,27.210918426513672,51707800
2022-07-15,29.125520706176758,77801700
2022-07-18,29.134552001953125,56382900
2022-07-19,30.118953704833984,46874900
2022-07-20,30.127979278564453,35514900
2022-07-21,30.3898868560791,31244000
2022-07-22,30.191205978393555,27115400
2022-07-25,30.462139129638672,30381000
2022-07-26,29.848011016845703,30645700
2022-07-27,30.335702896118164,30344800
2022-07-28,30.09185791015625,40176500
2022-07-29,30.534387588500977,48152500
2022-08-01,30.444076538085938,32336700
2022-08-02,29.838985443115234,37884100
2022-08-03,30.380855560302734,30065800
2022-08-04,30.164113998413086,28404500
2022-08-05,30.66985321044922,35874500
2022-08-08,30.245384216308594,33454300
2022-08-09,30.63372230529785,40196900
2022-08-10,31.67231559753418,61415800
2022-08-11,32.43093490600586,50420800
2022-08-12,32.783145904541016,31821700
2022-08-15,32.737998962402344,24908000
2022-08-16,33.090206146240234,31870200
2022-08-17,32.88249588012695,27125600
2022-08-18,32.765079498291016,23138300
2022-08-19,32.0426025390625,36485400
2022-08-22,31.356229782104492,31210300
2022-08-23,31.07625389099121,26588000
2022-08-24,31.175600051879883,31389400
2022-08-25,31.735536575317383,40576700
2022-08-26,30.73307228088379,36152600
2022-08-29,30.61566734313965,34931000
2022-08-30,30.787263870239258,48194900
2022-08-31,30.353759765625,44917600
2022-09-01,30.426494598388672,32848900
2022-09-02,30.39012908935547,44000800
2022-09-06,30.05377769470215,40762400
2022-09-07,30.517391204833984,40742600
2022-09-08,31.49919319152832,44361800
2022-09-09,31.762815475463867,37295100
2022-09-12,32.06282043457031,30534000
2022-09-13,30.90829086303711,40959600
2022-09-14,30.790115356445312,32004400
2022-09-15,31.371917724609375,44863300
2022-09-16,31.01738166809082,54281800
2022-09-19,31.535551071166992,29782000
2022-09-20,31.062837600708008,33591100
2022-09-21,30.135589599609375,51667800
2022-09-22,29.544692993164062,47527500
2022-09-23,28.844709396362305,55316100
2022-09-26,28.208364486694336,40360200
2022-09-27,27.790191650390625,43396600
2022-09-28,28.244722366333008,38372900
2022-09-29,27.872011184692383,35220900
2022-09-30,27.45383644104004,42294100
2022-10-03,28.262907028198242,34591700
2022-10-04,29.43560791015625,39758700
2022-10-05,29.01743507385254,35791100
2022-10-06,28.59926414489746,40891900
2022-10-07,27.953824996948242,52304600
2022-10-10,27.872011184692383,37669100
2022-10-11,27.062938690185547,58124000
2022-10-12,27.144756317138672,36137900
2022-10-13,28.808347702026367,67671000
2022-10-14,28.81743812561035,58108500
2022-10-17,30.562849044799805,88896800
2022-10-18,31.70827293395996,81937900
2022-10-19,30.83556365966797,43139900
2022-10-20,30.635574340820312,39549100
2022-10-21,31.771909713745117,54870300
2022-10-24,31.880998611450195,33765600
2022-10-25,32.17189407348633,37132300
2022-10-26,32.453712463378906,41104600
2022-10-27,32.60824966430664,35261900
2022-10-28,32.89005661010742,31659100
2022-10-31,32.762794494628906,32565500
2022-11-01,32.90825271606445,29913200
2022-11-02,32.80824279785156,57380600
2022-11-03,32.62643814086914,30046500
2022-11-04,33.44459533691406,39369400
2022-11-07,33.644588470458984,37533700
2022-11-08,33.73548889160156,32664300
2022-11-09,33.19914245605469,30164400
2022-11-10,34.66274642944336,45702800
2022-11-11,34.91728973388672,35688700
2022-11-14,34.32638168334961,35541400
2022-11-15,34.27184295654297,46082800
2022-11-16,33.962764739990234,23813000
2022-11-17,33.79004669189453,23689700
2022-11-18,33.80820846557617,32041800
2022-11-21,33.91730880737305,27935700
2022-11-22,34.08094024658203,23499300
2022-11-23,34.19002151489258,18934700
2022-11-25,34.27184295654297,16118500
2022-11-28,33.508235931396484,35428300
2022-11-29,33.635494232177734,27048800
2022-11-30,34.408199310302734,51747900
2022-12-01,33.4206657409668,46213200
2022-12-02,32.99090576171875,42295300
2022-12-05,31.518760681152344,71386600
2022-12-06,30.17461395263672,84085700
2022-12-07,29.936880111694336,49234100
2022-12-08,29.662553787231445,45491100
2022-12-09,29.607702255249023,36985500
2022-12-12,29.9277286529541,41060500
2022-12-13,29.94601821899414,54804800
2022-12-14,29.516254425048828,48819500
2022-12-15,29.0499267578125,49027600
2022-12-16,28.985916137695312,61795200
2022-12-19,29.315093994140625,38374100
2022-12-20,29.433958053588867,35561100
2022-12-21,29.88201332092285,32544000
2022-12-22,29.616836547851562,30234400
2022-12-23,29.689990997314453,21378600
2022-12-27,29.744853973388672,22776100
2022-12-28,29.964309692382812,30541000
2022-12-29,30.302631378173828,22252900
2022-12-30,30.284337997436523,28198900
2023-01-03,30.640949249267578,35221500
2023-01-04,31.217008590698242,41998500
2023-01-05,31.153003692626953,34177000
2023-01-06,31.463895797729492,34068700
2023-01-09,30.988407135009766,43818800
2023-01-10,31.19872283935547,35096000
2023-01-11,31.436464309692383,36783700
2023-01-12,31.518760681152344,44230400
2023-01-13,32.213680267333984,89667800
2023-01-17,31.56447410583496,56458400
2023-01-18,30.83297348022461,54517800
2023-01-19,30.384920120239258,42707100
2023-01-20,30.951833724975586,45004400
2023-01-23,31.3815975189209,33683300
2023-01-24,31.61019515991211,26716700
2023-01-25,31.88450813293457,28859700
2023-01-26,32.314273834228516,30035500
2023-01-27,32.41484832763672,29964900
2023-01-30,32.27769088745117,27353500
2023-01-31,32.442283630371094,38917400
2023-02-01,32.844608306884766,44438700
2023-02-02,33.0366325378418,33729100
2023-02-03,33.310951232910156,37411700
2023-02-06,33.25608444213867,29463200
2023-02-07,33.62183380126953,44100200
2023-02-08,33.37495040893555,28032800
2023-02-09,32.661739349365234,35257100
2023-02-10,32.533721923828125,32898900
2023-02-13,32.59773254394531,29163900
2023-02-14,32.57029342651367,33625200
2023-02-15,32.515438079833984,23500100
2023-02-16,32.25940704345703,22681100
2023-02-17,32.32341003417969,28562700
2023-02-21,31.56447410583496,37068900
2023-02-22,31.35416030883789,38550400
2023-02-23,31.32672882080078,28488000
2023-02-24,31.281009674072266,27046600
2023-02-27,31.281009674072266,30137500
2023-02-28,31.363313674926758,32620600
2023-03-01,31.217008590698242,29281600
2023-03-02,30.821271896362305,44607200
2023-03-03,31.437885284423828,39109100
2023-03-06,31.373462677001953,36646700
2023-03-07,30.370323181152344,52855300
2023-03-08,29.96538543701172,40045600
2023-03-09,28.106353759765625,112457900
2023-03-10,27.857864379882812,165330900
2023-03-13,26.23811912536621,218403300
2023-03-14,26.468196868896484,154255800
2023-03-15,26.219711303710938,131104400
2023-03-16,26.661462783813477,108348800
2023-03-17,25.603099822998047,130665500
2023-03-20,25.538681030273438,81441200
2023-03-21,26.31174087524414,84854800
2023-03-22,25.43744468688965,76925900
2023-03-23,24.820837020874023,105335900
2023-03-24,24.977285385131836,96872700
2023-03-27,26.219711303710938,102469800
2023-03-28,25.879194259643555,63416500
2023-03-29,26.385366439819336,62666400
2023-03-30,26.04485321044922,67427100
2023-03-31,26.32094383239746,56482100
2023-04-03,26.31174087524414,51996800
2023-04-04,25.750349044799805,56233300
2023-04-05,25.43744468688965,47799400
2023-04-06,25.62150764465332,41216600
2023-04-10,25.713539123535156,40572700
2023-04-11,26.422178268432617,58761200
2023-04-12,26.210508346557617,44313300
2023-04-13,26.28413200378418,52261400
2023-04-14,27.167631149291992,81110800
2023-04-17,27.949899673461914,83704400
2023-04-18,28.1247615814209,114498800
2023-04-19,27.664600372314453,65594200
2023-04-20,27.517349243164062,43193800
2023-04-21,27.48974609375,44759000
2023-04-24,27.388507843017578,28020300
2023-04-25,26.541820526123047,49718800
2023-04-26,26.17369270324707,45848400
2023-04-27,26.587831497192383,33060100
2023-04-28,26.94675636291504,45592500
2023-05-01,26.725881576538086,34076800
2023-05-02,25.91600799560547,70797700
2023-05-03,25.63991355895996,51139500
2023-05-04,24.839242935180664,82173800
2023-05-05,25.501867294311523,50087100
2023-05-08,25.483463287353516,34245500
2023-05-09,25.45585060119629,32188800
2023-05-10,25.142942428588867,44446400
2023-05-11,25.207366943359375,34897300
2023-05-12,24.9312744140625,38142000
2023-05-15,25.446645736694336,38722800
2023-05-16,25.179758071899414,33347500
2023-05-17,26.293333053588867,61750400
2023-05-18,26.201303482055664,51146100
2023-05-19,25.869991302490234,50062500
2023-05-22,26.0816650390625,36473700
2023-05-23,26.302539825439453,51400400
2023-05-24,25.86078453063965,50606900
2023-05-25,25.925214767456055,40517800
2023-05-26,26.054052352905273,57879100
2023-05-30,26.008039474487305,41819600
2023-05-31,25.57549285888672,61905200
2023-06-01,25.770301818847656,57426100
2023-06-02,26.63301658630371,66578100
2023-06-05,26.475317001342773,34757800
2023-06-06,27.115398406982422,46297900
2023-06-07,27.347312927246094,44502600
2023-06-08,27.115398406982422,41483100
2023-06-09,27.152509689331055,32692000
2023-06-12,27.02263641357422,41011300
2023-06-13,27.273103713989258,42718800
2023-06-14,27.01336097717285,38322800
2023-06-15,27.245275497436523,42044900
2023-06-16,27.078298568725586,53050200
2023-06-20,26.781444549560547,39040900
2023-06-21,26.503149032592773,39553400
2023-06-22,25.937274932861328,50742900
2023-06-23,25.742467880249023,55181100
2023-06-26,26.057872772216797,47519300
2023-06-27,26.197021484375,39081800
2023-06-28,26.039318084716797,37803800
2023-06-29,26.586639404296875,68376400
2023-06-30,26.614469528198242,50479000
2023-07-03,27.087574005126953,30995800
2023-07-05,26.97625160217285,37492000
2023-07-06,26.234130859375,52098000
2023-07-07,26.466045379638672,34288000
2023-07-10,26.586639404296875,36086000
2023-07-11,26.920595169067383,40978700
2023-07-12,27.235998153686523,41855500
2023-07-13,27.523571014404297,39589000
2023-07-14,27.004079818725586,58720300
2023-07-17,27.273103713989258,49477200
2023-07-18,28.47905731201172,98253800
2023-07-19,29.249011993408203,70619800
2023-07-20,29.397441864013672,42128800
2023-07-21,29.66645622253418,70872400
2023-07-24,30.287986755371094,64548600
2023-07-25,29.824159622192383,51208800
2023-07-26,30.065351486206055,41814600
2023-07-27,29.638628005981445,45529500
2023-07-28,29.59224510192871,33296500
2023-07-31,29.685012817382812,29093400
2023-08-01,29.332500457763672,32712000
2023-08-02,28.933612823486328,38855100
2023-08-03,29.137691497802734,27933400
2023-08-04,29.035648345947266,30768100
2023-08-07,29.573692321777344,31745200
2023-08-08,29.007822036743164,45951800
2023-08-09,28.627479553222656,30732100
2023-08-10,28.701696395874023,26062600
2023-08-11,29.026376724243164,35720700
2023-08-14,28.692420959472656,32563700
2023-08-15,27.77404022216797,43406100
2023-08-16,27.171062469482422,47220400
2023-08-17,27.16178321838379,37202200
2023-08-18,27.004079818725586,31430400
2023-08-21,27.04119110107422,34959000
2023-08-22,26.38255500793457,37564200
2023-08-23,26.391830444335938,44686600
2023-08-24,26.549531936645508,31934800
2023-08-25,26.438209533691406,34253200
2023-08-28,26.67940330505371,33075200
2023-08-29,27.05974578857422,30428200
2023-08-30,26.93914794921875,33366400
2023-08-31,26.817548751831055,37243000
2023-09-01,27.10751724243164,35228600
2023-09-05,26.798839569091797,46543600
2023-09-06,26.55564308166504,45022600
2023-09-07,26.312437057495117,35023600
2023-09-08,26.527578353881836,36513900
2023-09-11,26.639820098876953,34168300
2023-09-12,27.098163604736328,42284000
2023-09-13,27.01397705078125,37215700
2023-09-14,27.313302993774414,44634800
2023-09-15,26.9765625,61661100
2023-09-18,26.901735305786133,25752300
2023-09-19,26.798839569091797,34888100
2023-09-20,26.705297470092773,26641100
2023-09-21,26.23760223388672,39906000
2023-09-22,25.85409927368164,41284400
2023-09-25,25.816682815551758,32749200
2023-09-26,25.414464950561523,42237400
2023-09-27,25.50800895690918,38296300
2023-09-28,25.779266357421875,36734300
2023-09-29,25.610898971557617,40645900
2023-10-02,24.974836349487305,50388600
2023-10-03,24.235876083374023,62144500
2023-10-04,24.26394271850586,55696400
2023-10-05,24.37618637084961,49044100
2023-10-06,24.385540008544922,58177300
2023-10-09,24.61003303527832,39953700
2023-10-10,25.26480484008789,51960100
2023-10-11,25.274158477783203,38508200
2023-10-12,25.161914825439453,44249800
2023-10-13,25.030960083007812,55089700
2023-10-16,25.246095657348633,56817500
2023-10-17,25.83538818359375,95344200
2023-10-18,25.54541778564453,68371100
2023-10-19,25.218036651611328,58611000
2023-10-20,24.61003303527832,62058400
2023-10-23,23.917844772338867,59857200
2023-10-24,23.824310302734375,55975700
2023-10-25,23.899139404296875,45522400
2023-10-26,24.432310104370117,60921000
2023-10-27,23.543691635131836,64709300
2023-10-30,24.03009605407715,41891900
2023-10-31,24.638093948364258,50106700
2023-11-01,24.6942195892334,44046300
2023-11-02,25.83538818359375,63278300
2023-11-03,26.58370018005371,62613600
2023-11-06,26.499513626098633,45548000
2023-11-07,26.340499877929688,33081900
2023-11-08,26.08794403076172,31896000
2023-11-09,25.75120735168457,32267900
2023-11-10,25.89151382446289,32858500
2023-11-13,25.910221099853516,28521800
2023-11-14,27.33201026916504,66676300
2023-11-15,27.706161499023438,46968900
2023-11-16,27.63133430480957,36952800
2023-11-17,28.042903900146484,38493300
2023-11-20,28.070966720581055,46783400
2023-11-21,27.743579864501953,41611900
2023-11-22,27.71551513671875,41422700
2023-11-24,27.809057235717773,15815600
2023-11-27,27.650041580200195,42039500
2023-11-28,27.621980667114258,29705800
2023-11-29,28.351577758789062,57954900
2023-11-30,28.74757957458496,52547700
2023-12-01,29.19072151184082,46133300
2023-12-04,29.0587215423584,37811300
2023-12-05,28.832435607910156,45723100
2023-12-06,28.785295486450195,49803100
2023-12-07,28.907865524291992,32699600
2023-12-08,29.19072151184082,34794300
2023-12-11,29.087007522583008,32254000
2023-12-12,28.983293533325195,34566700
2023-12-13,30.209001541137695,60311100
2023-12-14,32.000423431396484,107190000
2023-12-15,31.67984962463379,83771800
2023-12-18,31.519567489624023,40694700
2023-12-19,31.594993591308594,44534800
2023-12-20,31.09528160095215,44711400
2023-12-21,31.302703857421875,32325700
2023-12-22,31.519567489624023,37265900
2023-12-26,31.924991607666016,24845400
2023-12-27,31.906137466430664,24498600
2023-12-28,31.9438533782959,21799600
2023-12-29,31.745847702026367,28060700
2024-01-02,31.962711334228516,36668600
2024-01-03,31.61385726928711,45988700
2024-01-04,31.86842155456543,39834600
2024-01-05,32.46242141723633,49242400
2024-01-08,32.207855224609375,40253900
2024-01-09,31.70813751220703,39268800
2024-01-10,31.67984962463379,34904000
2024-01-11,31.25556755065918,48790600
2024-01-12,30.92557144165039,74344300
2024-01-16,30.284427642822266,58420800
2024-01-17,29.982715606689453,48811300
2024-01-18,29.916719436645508,35484400
2024-01-19,30.378713607788086,49493600
2024-01-22,30.68985939025879,43903400
2024-01-23,30.89728355407715,30003400
2024-01-24,31.09528160095215,36403900
2024-01-25,31.481853485107422,46204000
2024-01-26,31.519567489624023,30839800
2024-01-29,31.689281463623047,30269300
2024-01-30,32.801849365234375,60315700
2024-01-31,32.06642150878906,54716000
2024-02-01,31.632709503173828,57084800
2024-02-02,31.55728530883789,40416000
2024-02-05,31.10470962524414,43573000
2024-02-06,31.151859283447266,27188000
2024-02-07,31.283855438232422,29660100
2024-02-08,31.227275848388672,36852200
2024-02-09,31.180139541625977,36176000
2024-02-12,31.698707580566406,34160400
2024-02-13,30.878429412841797,43801500
2024-02-14,31.236709594726562,27833900
2024-02-15,32.12299346923828,41683100
2024-02-16,32.141849517822266,33290700
2024-02-20,32.0192756652832,30372900
2024-02-21,31.774137496948242,37847100
2024-02-22,31.689281463623047,42756900
2024-02-23,31.98155975341797,30586000
2024-02-26,31.689281463623047,31129200
2024-02-27,32.32099533081055,40536300
2024-02-28,32.349281311035156,39548600
2024-02-29,32.776554107666016,43863400
2024-03-01,32.61512756347656,38432300
2024-03-04,33.374732971191406,49136400
2024-03-05,33.60260772705078,47591600
2024-03-06,33.6310920715332,49149700
2024-03-07,33.830482482910156,35900700
2024-03-08,33.80199432373047,42769900
2024-03-11,34.07735824584961,34131500
2024-03-12,34.14382553100586,29260400
2024-03-13,34.25776290893555,38289600
2024-03-14,33.8874626159668,40178100
2024-03-15,33.62160110473633,69646400
2024-03-18,34.1912956237793,50617900
2024-03-19,34.21028518676758,46113800
2024-03-20,34.893917083740234,40519000
2024-03-21,35.615535736083984,43219500
2024-03-22,35.17877197265625,29001100
2024-03-25,34.99836730957031,30480200
2024-03-26,35.21674728393555,33673400
2024-03-27,35.900394439697266,36350200
2024-03-28,36.004825592041016,42262500
2024-04-01,35.62503433227539,33908000
2024-04-02,35.4161491394043,34806800
2024-04-03,35.549076080322266,33338500
2024-04-04,35.055335998535156,42888200
2024-04-05,35.235740661621094,30823500
2024-04-08,35.60604476928711,29470300
2024-04-09,35.82442855834961,30967300
2024-04-10,34.79896926879883,37610700
2024-04-11,34.51412582397461,38604000
2024-04-12,33.9824104309082,47126100
2024-04-15,34.13432693481445,44392000
2024-04-16,32.928466796875,95566100
2024-04-17,33.45069122314453,65951400
2024-04-18,33.96342086791992,44506200
2024-04-19,35.102806091308594,56273700
2024-04-22,35.82442855834961,43867100
2024-04-23,36.43210220336914,39180300
2024-04-24,36.38463592529297,28670600
2024-04-25,35.99533462524414,41116000
2024-04-26,35.91938400268555,28668700
2024-04-29,35.65351867675781,26438800
2024-04-30,35.140785217285156,30283800
2024-05-01,35.083824157714844,32272000
2024-05-02,35.017356872558594,34860300
2024-05-03,35.36866760253906,34082700
2024-05-06,35.78644561767578,28422300
2024-05-07,35.92887496948242,29119500
2024-05-08,35.80543899536133,32803300
2024-05-09,36.346649169921875,26855400
2024-05-10,36.508060455322266,27359100
2024-05-13,36.280181884765625,24060600
2024-05-14,36.54604721069336,27594800
2024-05-15,36.944828033447266,34084400
2024-05-16,37.23917770385742,32554200
2024-05-17,37.305633544921875,25537300
2024-05-20,36.859375,28369800
2024-05-21,37.647457122802734,31799200
2024-05-22,37.75189971923828,42837600
2024-05-23,37.19169235229492,39033900
2024-05-24,37.694923400878906,22166300
2024-05-28,37.33412170410156,31217900
2024-05-29,36.764427185058594,26677500
2024-05-30,36.67897033691406,50989100
2024-05-31,37.97028732299805,58188400
2024-06-03,37.865840911865234,31898600
2024-06-04,37.675933837890625,26974200
2024-06-05,37.94179153442383,34140300
2024-06-06,37.694923400878906,38676400
2024-06-07,38.00061798095703,25928700
2024-06-10,37.895530700683594,37176200
2024-06-11,37.121768951416016,44629000
2024-06-12,37.64716720581055,38964700
2024-06-13,37.50387954711914,40018700
2024-06-14,37.484771728515625,32347900
2024-06-17,37.74269104003906,26135400
2024-06-18,38.20122528076172,30804500
2024-06-20,38.20122528076172,29383300
2024-06-21,37.72359085083008,72244900
2024-06-24,38.22987747192383,31064900
2024-06-25,37.618507385253906,30596000
2024-06-26,37.2555046081543,44310200
2024-06-27,37.494327545166016,29464200
2024-06-28,37.99106979370117,52028200
2024-07-01,38.22032928466797,26770500
2024-07-02,39.09917449951172,35626100
2024-07-03,39.07052230834961,17100700
2024-07-05,38.60243606567383,23489000
2024-07-08,38.803043365478516,26728500
2024-07-09,39.56725311279297,34697200
2024-07-10,39.87294387817383,25333400
2024-07-11,39.939815521240234,33824600
2024-07-12,39.72964859008789,31856600
2024-07-15,40.016231536865234,36648100
2024-07-16,42.156036376953125,75953300
2024-07-17,42.01274871826172,65713600
2024-07-18,41.08613204956055,48549200
2024-07-19,40.98105239868164,43903000
2024-07-22,40.40789794921875,42838300
2024-07-23,40.512977600097656,36705100
2024-07-24,40.30281448364258,36567200
2024-07-25,39.81563186645508,41593900
2024-07-26,39.80607604980469,52049300
2024-07-29,39.25201416015625,37133100
2024-07-30,39.43352127075195,44163200
2024-07-31,38.50691223144531,50851600
2024-08-01,37.73313903808594,60107800
2024-08-02,35.89902877807617,76728000
2024-08-05,35.010623931884766,76075200
2024-08-06,35.2685432434082,40614100
2024-08-07,35.63154983520508,44952400
2024-08-08,36.50083923339844,36557800
2024-08-09,36.56771469116211,26411200
2024-08-12,36.46262741088867,33040600
2024-08-13,36.73965835571289,21553500
2024-08-14,37.07400894165039,25658900
2024-08-15,37.28416061401367,37379800
2024-08-16,37.580299377441406,26886600
2024-08-19,37.895530700683594,27268900
2024-08-20,36.95936584472656,44440800
2024-08-21,37.01668167114258,33751100
2024-08-22,37.484771728515625,35421600
2024-08-23,37.99106979370117,45616600
2024-08-26,38.13435363769531,44659500
2024-08-27,37.895530700683594,32323900
2024-08-28,38.16301345825195,40700500
2024-08-29,38.373165130615234,34810800
2024-08-30,38.927223205566406,49098200
2024-09-03,38.87946701049805,48489300
2024-09-04,38.68841552734375,39629600
2024-09-05,38.344512939453125,34214500
2024-09-06,37.267635345458984,47007600
2024-09-09,37.95030212402344,37610200
2024-09-10,37.76761245727539,53983900
2024-09-11,37.49839782714844,41190000
2024-09-12,37.286865234375,39921600
2024-09-13,37.1618766784668,31887300
2024-09-16,37.594547271728516,26336400
2024-09-17,38.0272216796875,27769400
2024-09-18,38.09453201293945,42527800
2024-09-19,39.2963981628418,57977800
2024-09-20,38.7194938659668,70725000
2024-09-23,38.334896087646484,31714800
2024-09-24,37.93106460571289,32534900
2024-09-25,37.73876953125,28866000
2024-09-26,37.99837112426758,39601400
2024-09-27,37.88299560546875,27861100
2024-09-30,38.152217864990234,35055200
2024-10-01,37.709930419921875,26291200
2024-10-02,37.719539642333984,23302700
2024-10-03,37.73876953125,26030200
2024-10-04,38.5656623840332,34209900
2024-10-07,38.42143249511719,27177500
2024-10-08,38.39258575439453,26023600
2024-10-09,38.642581939697266,27421000
2024-10-10,38.431053161621094,26182300
2024-10-11,40.334815979003906,50660700
2024-10-14,40.296348571777344,28098900
2024-10-15,40.51749801635742,61490000
2024-10-16,41.15208435058594,42437800
2024-10-17,40.95978546142578,31708600
2024-10-18,40.69057083129883,30593500
2024-10-21,40.152130126953125,26589500
2024-10-22,40.67133712768555,37104400
2024-10-23,40.709800720214844,28569400
2024-10-24,41.00786590576172,28392000
2024-10-25,40.277122497558594,27466900
2024-10-28,40.97901153564453,24527600
2024-10-29,40.89248275756836,22313500
2024-10-30,40.68095397949219,38100500
2024-10-31,40.209815979003906,28138200
2024-11-01,40.152130126953125,31220000
2024-11-04,39.73868942260742,31110100
2024-11-05,40.26750946044922,30851400
2024-11-06,43.66159439086914,110086700
2024-11-07,43.046234130859375,48339700
2024-11-08,43.39237976074219,38331800
2024-11-11,44.30580139160156,43293500
2024-11-12,44.09427261352539,38155900
2024-11-13,44.10388946533203,36903900
2024-11-14,44.13273239135742,35733100
2024-11-15,44.94999694824219,40488900
2024-11-18,44.92115783691406,32360300
2024-11-19,44.62309646606445,28534100
2024-11-20,44.28656768798828,28021000
2024-11-21,44.67116165161133,45336500
2024-11-22,45.190372467041016,37996200
2024-11-25,45.67112350463867,42718600
2024-11-26,45.9114990234375,30301500
2024-11-27,45.93073272705078,23278400
2024-11-29,45.68074035644531,23262000
2024-12-02,45.22883605957031,35891500
2024-12-03,45.017303466796875,38123800
2024-12-04,44.584632873535156,24941300
2024-12-05,45.190372467041016,31572100
2024-12-06,45.20003890991211,28931700
2024-12-09,44.38789367675781,34660900
2024-12-10,44.23319625854492,35665800
2024-12-11,44.55226135253906,36790500
2024-12-12,44.55226135253906,24017300
2024-12-13,44.15584945678711,32902300
2024-12-16,43.96248245239258,27330400
2024-12-17,43.55640411376953,33054600
2024-12-18,42.05780029296875,41771900
2024-12-19,41.941776275634766,38583600
2024-12-20,42.70558547973633,74222200
2024-12-23,42.43486785888672,35374800
2024-12-24,42.90861892700195,12054400
2024-12-26,43.07298278808594,16077400
2024-12-27,42.86994552612305,17972500
2024-12-30,42.454200744628906,16109800
2024-12-31,42.49287414550781,16110400
