date,close,volume
2014-01-02,38.320556640625,16479700
2014-01-03,39.14899444580078,26884900
2014-01-06,39.449581146240234,28503100
2014-01-07,39.72083282470703,28840400
2014-01-08,40.18269729614258,25989800
2014-01-09,40.46861267089844,21803700
2014-01-10,40.11671829223633,22485900
2014-01-13,39.38359451293945,21110300
2014-01-14,39.55221176147461,17771000
2014-01-15,40.314666748046875,33688100
2014-01-16,38.5624885559082,62946800
2014-01-17,38.320556640625,33934500
2014-01-21,38.01264190673828,27567400
2014-01-22,38.049285888671875,20841100
2014-01-23,37.1842155456543,34832200
2014-01-24,36.1651611328125,59057100
2014-01-27,35.783939361572266,39675300
2014-01-28,36.363101959228516,24780900
2014-01-29,35.24875259399414,54018100
2014-01-30,35.41741180419922,39940700
2014-01-31,34.779449462890625,33425100
2014-02-03,33.98017883300781,42977600
2014-02-04,34.302825927734375,31286900
2014-02-05,34.50815200805664,32535500
2014-02-06,35.38072967529297,33905600
2014-02-07,36.18001937866211,37875700
2014-02-10,36.165340423583984,19630100
2014-02-11,36.4146728515625,22982800
2014-02-12,36.6346549987793,23626300
2014-02-13,36.56133270263672,20639800
2014-02-14,36.312007904052734,18780600
2014-02-18,36.2093505859375,16217800
2014-02-19,35.33673858642578,30294400
2014-02-20,35.292755126953125,25234100
2014-02-21,35.38806915283203,26881700
2014-02-24,35.916019439697266,23874000
2014-02-25,35.490745544433594,20495500
2014-02-26,35.43208312988281,28822100
2014-02-27,35.70338439941406,18598300
2014-02-28,35.659385681152344,31732000
2014-03-03,34.91144943237305,28678000
2014-03-04,35.8060417175293,23940500
2014-03-05,36.23868942260742,23620700
2014-03-06,36.451332092285156,26967000
2014-03-07,36.38533020019531,25775500
2014-03-10,36.34868240356445,15397100
2014-03-11,35.512733459472656,33244300
2014-03-12,35.182762145996094,25822400
2014-03-13,34.70612716674805,38925400
2014-03-14,34.37614440917969,26135900
2014-03-17,34.99943923950195,18928200
2014-03-18,35.30008316040039,19517200
2014-03-19,35.886722564697266,30308800
2014-03-20,36.8253173828125,33885600
2014-03-21,36.72265625,38388600
2014-03-24,36.70064926147461,21170300
2014-03-25,36.88396072387695,17484200
2014-03-26,36.78129577636719,36784700
2014-03-27,34.79412841796875,112601000
2014-03-28,34.6474609375,39796000
2014-03-31,34.90411376953125,25651000
2014-04-01,35.0507698059082,26810400
2014-04-02,35.373416900634766,22354300
2014-04-03,34.96277618408203,29237100
2014-04-04,34.544803619384766,33010000
2014-04-07,34.134178161621094,30145300
2014-04-08,34.17082214355469,26874900
2014-04-09,34.58146667480469,22373200
2014-04-10,33.89952087402344,27170000
2014-04-11,33.49620056152344,31063200
2014-04-14,34.9554443359375,51962300
2014-04-15,35.424739837646484,36511600
2014-04-16,35.32940673828125,24654500
2014-04-17,35.358726501464844,21360900
2014-04-21,35.080101013183594,17044500
2014-04-22,35.21209716796875,18584800
2014-04-23,35.490745544433594,13497900
2014-04-24,35.43941116333008,14699100
2014-04-25,35.01411056518555,18117600
2014-04-28,34.68412399291992,25780300
2014-04-29,35.31475067138672,16942400
2014-04-30,35.13142776489258,17077200
2014-05-01,35.02874755859375,10931500
2014-05-02,35.00674819946289,15358500
2014-05-05,34.603363037109375,16845800
2014-05-06,34.001949310302734,21786700
2014-05-07,34.25130081176758,17502000
2014-05-08,34.574012756347656,16065700
2014-05-09,34.46400833129883,15185800
2014-05-12,34.669376373291016,13305600
2014-05-13,34.77937698364258,12615200
2014-05-14,34.55934143066406,12405600
2014-05-15,34.11928939819336,21174400
2014-05-16,34.06062316894531,17186900
2014-05-19,34.30265808105469,13621000
2014-05-20,34.14129638671875,11789800
2014-05-21,34.3613166809082,12822600
2014-05-22,34.574012756347656,12711900
2014-05-23,34.684043884277344,9571800
2014-05-27,34.88939666748047,24503800
2014-05-28,34.70603942871094,14178100
2014-05-29,34.67669677734375,15552800
2014-05-30,34.88939666748047,11538700
2014-06-02,35.02874755859375,11887400
2014-06-03,35.344112396240234,16105800
2014-06-04,35.11676788330078,13075300
2014-06-05,35.66682815551758,17048300
2014-06-06,35.886871337890625,19149500
2014-06-09,36.36358642578125,14235700
2014-06-10,36.180240631103516,12769300
2014-06-11,35.798851013183594,13944200
2014-06-12,35.40279769897461,15670200
2014-06-13,34.90407180786133,34838700
2014-06-16,34.94073486328125,12790900
2014-06-17,35.050743103027344,13946300
2014-06-18,35.1534309387207,14468500
2014-06-19,34.8820686340332,15747900
2014-06-20,34.720706939697266,18832900
2014-06-23,35.2487678527832,18431400
2014-06-24,35.065433502197266,16916400
2014-06-25,35.072757720947266,12704600
2014-06-26,34.6400260925293,18875700
2014-06-27,34.574012756347656,19162000
2014-06-30,34.544681549072266,12290400
2014-07-01,34.8087158203125,16699800
2014-07-02,35.21211242675781,16774600
2014-07-03,35.380802154541016,13643100
2014-07-07,35.19011306762695,12052300
2014-07-08,34.77937698364258,13808800
2014-07-09,34.75004959106445,14195300
2014-07-10,34.39799880981445,18671600
2014-07-11,34.471336364746094,15205700
2014-07-14,35.512813568115234,36149700
2014-07-15,36.150909423828125,34419100
2014-07-16,36.53961944580078,23590400
2014-07-17,36.070228576660156,23847600
2014-07-18,36.34893035888672,15453900
2014-07-21,36.194915771484375,10920200
2014-07-22,36.378257751464844,13125500
2014-07-23,36.80364990234375,20099200
2014-07-24,36.73765182495117,13282600
2014-07-25,36.693634033203125,10082900
2014-07-28,36.45161056518555,12070400
2014-07-29,36.24625778198242,13165800
2014-07-30,36.671630859375,15327600
2014-07-31,35.879371643066406,23550900
2014-08-01,35.285160064697266,21822700
2014-08-04,35.46123123168945,14277000
2014-08-05,35.131126403808594,15912700
2014-08-06,35.314517974853516,13038300
2014-08-07,35.255828857421875,12377000
2014-08-08,35.54193115234375,12001500
2014-08-11,35.497901916503906,9130300
2014-08-12,35.534584045410156,9238600
2014-08-13,35.76199722290039,8602600
2014-08-14,36.04075622558594,9693100
2014-08-15,35.73998260498047,16215300
2014-08-18,36.319515228271484,13199700
2014-08-19,36.45890426635742,13073300
2014-08-20,36.53226089477539,9039500
2014-08-21,37.46390914916992,24162400
2014-08-22,37.36119842529297,20002900
2014-08-25,37.87470626831055,17502900
2014-08-26,38.241493225097656,18384700
2014-08-27,38.04343032836914,13398400
2014-08-28,37.69865417480469,10255900
2014-08-29,37.88936233520508,8981300
2014-09-02,38.116783142089844,11452100
2014-09-03,38.31484603881836,15116800
2014-09-04,38.49091720581055,15694900
2014-09-05,38.366207122802734,17484800
2014-09-08,38.18281936645508,13557800
2014-09-09,37.6032829284668,14584100
2014-09-10,38.02143478393555,13013600
2014-09-11,38.31484603881836,14084300
2014-09-12,38.424896240234375,18329200
2014-09-15,38.3735466003418,12805700
2014-09-16,38.41020965576172,13221300
2014-09-17,38.432220458984375,20379900
2014-09-18,39.36387252807617,27307100
2014-09-19,39.23183822631836,22153100
2014-09-22,38.90904998779297,16654900
2014-09-23,38.762351989746094,14586000
2014-09-24,39.07044982910156,15606000
2014-09-25,38.116783142089844,19262500
2014-09-26,38.50558090209961,10474200
2014-09-29,38.18281936645508,13006900
2014-09-30,38.01408767700195,21787700
2014-10-01,37.485897064208984,20757500
2014-10-02,37.595951080322266,18393400
2014-10-03,38.380882263183594,17716300
2014-10-06,38.35152816772461,12675100
2014-10-07,37.610626220703125,16837100
2014-10-08,38.542259216308594,23356300
2014-10-09,37.515254974365234,22423700
2014-10-10,36.759674072265625,27764500
2014-10-13,36.605628967285156,26025900
2014-10-14,37.75734329223633,41368500
2014-10-15,36.44423294067383,55398300
2014-10-16,36.49557113647461,28295100
2014-10-17,36.73033142089844,21969900
2014-10-20,37.06776809692383,13796700
2014-10-21,37.610626220703125,17798300
2014-10-22,37.192481994628906,16664500
2014-10-23,37.71332550048828,15167500
2014-10-24,37.999412536621094,13284400
2014-10-27,37.845359802246094,12134600
2014-10-28,38.46890640258789,16529200
2014-10-29,38.62295150756836,16322200
2014-10-30,38.997154235839844,21027700
2014-10-31,39.27596664428711,27639400
2014-11-03,39.2319450378418,12123000
2014-11-04,39.02649688720703,13618000
2014-11-05,39.63548278808594,18546200
2014-11-06,39.613487243652344,13621300
2014-11-07,39.4373893737793,13479200
2014-11-10,39.540130615234375,11235500
2014-11-11,39.48141098022461,9524300
2014-11-12,39.19525909423828,10271800
2014-11-13,39.209930419921875,12668400
2014-11-14,39.16591262817383,11345500
2014-11-17,39.305320739746094,10191900
2014-11-18,39.48141098022461,12907700
2014-11-19,39.37135314941406,8664900
2014-11-20,39.268638610839844,9721900
2014-11-21,39.37135314941406,15142200
2014-11-24,39.914310455322266,13733900
2014-11-25,39.862937927246094,13212100
2014-11-26,39.71620559692383,8704200
2014-11-28,39.59880065917969,5876800
2014-12-01,39.143898010253906,13825700
2014-12-02,39.884952545166016,15964300
2014-12-03,40.50862121582031,21221500
2014-12-04,40.48660659790039,13407400
2014-12-05,41.14695739746094,21945900
2014-12-08,41.35972595214844,21799300
2014-12-09,40.97819519042969,26262900
2014-12-10,39.96566390991211,22464100
2014-12-11,39.99501419067383,20641300
2014-12-12,39.180580139160156,23137300
2014-12-15,38.73301315307617,20956200
2014-12-16,37.54438781738281,34745200
2014-12-17,38.48354721069336,26918800
2014-12-18,39.694183349609375,23478100
2014-12-19,39.6281623840332,22986200
2014-12-22,39.591468811035156,11742300
2014-12-23,39.92897033691406,12277000
2014-12-24,40.017032623291016,6237400
2014-12-26,39.93632125854492,6415100
2014-12-29,40.15642547607422,9887500
2014-12-30,40.23713684082031,8188600
2014-12-31,39.70153045654297,10193000
2015-01-02,39.81158447265625,11137800
2015-01-05,38.556915283203125,20945400
2015-01-06,37.19953536987305,31989300
2015-01-07,37.54438781738281,27890800
2015-01-08,38.10934829711914,17467200
2015-01-09,37.258243560791016,20180200
2015-01-12,36.96475601196289,22725800
2015-01-13,36.70061492919922,23201800
2015-01-14,35.98891067504883,44630800
2015-01-15,34.65354537963867,48799400
2015-01-16,34.93235778808594,32307000
2015-01-20,34.67555236816406,25561000
2015-01-21,35.02773666381836,22873300
2015-01-22,36.370426177978516,29652600
2015-01-23,35.67340850830078,18984700
2015-01-26,35.87150573730469,13817500
2015-01-27,35.445953369140625,16401200
2015-01-28,34.565494537353516,26065300
2015-01-29,34.947105407714844,19865700
2015-01-30,34.45541763305664,23729800
2015-02-02,35.02050018310547,19178200
2015-02-03,35.871788024902344,25220200
2015-02-04,35.519527435302734,19581800
2015-02-05,35.62228012084961,15481900
2015-02-06,36.062591552734375,25881500
2015-02-09,36.11396408081055,16364900
2015-02-10,36.24606704711914,17223700
2015-02-11,36.458892822265625,13079500
2015-02-12,37.346885681152344,28926800
2015-02-13,37.574371337890625,17448500
2015-02-17,37.93397521972656,14569400
2015-02-18,37.73583984375,17666800
2015-02-19,37.51567840576172,11272000
2015-02-20,38.000030517578125,19429400
2015-02-23,37.66244125366211,15282600
2015-02-24,38.08808898925781,20250900
2015-02-25,38.227535247802734,10666000
2015-02-26,38.462364196777344,16358100
2015-02-27,38.46971130371094,18588400
2015-03-02,39.254947662353516,19384200
2015-03-03,39.43108367919922,24281900
2015-03-04,39.387046813964844,14698100
2015-03-05,39.30632019042969,13853800
2015-03-06,38.93938064575195,40296600
2015-03-09,38.858673095703125,17542600
2015-03-10,37.596397399902344,29061300
2015-03-11,38.403656005859375,32443600
2015-03-12,39.687931060791016,50191200
2015-03-13,39.29165267944336,20780600
2015-03-16,39.401729583740234,17031600
2015-03-17,39.51180648803711,13902900
2015-03-18,39.423736572265625,18383700
2015-03-19,38.44036102294922,21150000
2015-03-20,38.880672454833984,22466200
2015-03-23,38.513736724853516,13148900
2015-03-24,38.11745071411133,12887700
2015-03-25,37.70648193359375,15418200
2015-03-26,37.567039489746094,21839600
2015-03-27,37.42760467529297,16052400
2015-03-30,37.897281646728516,13289200
2015-03-31,37.80921936035156,13928900
2015-04-01,37.88261413574219,21577700
2015-04-02,38.05873489379883,13966900
2015-04-06,37.88261413574219,13250800
2015-04-07,37.80921936035156,11562700
2015-04-08,38.08075714111328,11773000
2015-04-09,38.25688171386719,13591400
2015-04-10,38.47704315185547,13032000
2015-04-13,38.645843505859375,11984400
2015-04-14,38.697208404541016,13259700
2015-04-15,39.049468994140625,19041100
2015-04-16,39.64389419555664,38345600
2015-04-17,38.946720123291016,23287000
2015-04-20,39.04212188720703,14730000
2015-04-21,38.513736724853516,19554400
2015-04-22,38.96873474121094,14873400
2015-04-23,39.05680465698242,13049600
2015-04-24,38.82197952270508,10150500
2015-04-27,38.74858474731445,15613000
2015-04-28,38.9100341796875,14134500
2015-04-29,39.45309829711914,22542400
2015-04-30,39.13019561767578,19420600
2015-05-01,39.45309829711914,13147600
2015-05-04,39.753990173339844,15670100
2015-05-05,39.1522102355957,20669100
2015-05-06,38.76325225830078,19414800
2015-05-07,39.15993118286133,14954200
2015-05-08,39.681453704833984,17333500
2015-05-11,39.644744873046875,13896800
2015-05-12,39.47578048706055,13336900
2015-05-13,39.813690185546875,15810400
2015-05-14,40.10750961303711,14250800
2015-05-15,39.84307098388672,10377200
2015-05-18,40.15892791748047,11717600
2015-05-19,40.64375686645508,18207400
2015-05-20,40.32054901123047,13954600
2015-05-21,40.283817291259766,11799200
2015-05-22,40.379302978515625,12652000
2015-05-26,39.84307098388672,16564500
2015-05-27,40.30584716796875,13699400
2015-05-28,40.0707893371582,13380900
2015-05-29,39.72554397583008,13841400
2015-06-01,39.997337341308594,18156300
2015-06-02,40.19567108154297,17765400
2015-06-03,40.8641357421875,21240500
2015-06-04,40.64375686645508,18517600
2015-06-05,41.312217712402344,26500400
2015-06-08,40.87881088256836,14961600
2015-06-09,41.13593673706055,15193100
2015-06-10,41.88517761230469,21275600
2015-06-11,42.024757385253906,19187100
2015-06-12,41.95130157470703,13860600
2015-06-15,41.61338424682617,17698400
2015-06-16,41.921905517578125,13563800
2015-06-17,41.532588958740234,17801900
2015-06-18,41.694183349609375,18739300
2015-06-19,41.304866790771484,18840500
2015-06-22,41.833763122558594,13011600
2015-06-23,42.15696716308594,16216100
2015-06-24,41.62073516845703,19235500
2015-06-25,41.27549362182617,12176200
2015-06-26,41.38566589355469,12148300
2015-06-29,40.313194274902344,22260400
2015-06-30,40.57764434814453,17737400
2015-07-01,40.900848388671875,17606100
2015-07-02,40.673133850097656,12062800
2015-07-06,40.46012496948242,12706200
2015-07-07,40.03406524658203,32011200
2015-07-08,38.78529357910156,26169400
2015-07-09,39.45376205444336,23540400
2015-07-10,40.078147888183594,16578700
2015-07-13,40.79801940917969,18803900
2015-07-14,41.06981658935547,18174900
2015-07-15,41.47381591796875,20470500
2015-07-16,43.0384521484375,41084000
2015-07-17,43.15598678588867,21055300
2015-07-20,43.22943115234375,16016600
2015-07-21,43.4130859375,21541700
2015-07-22,44.32395553588867,30156200
2015-07-23,43.97870635986328,29432300
2015-07-24,43.11925506591797,24760800
2015-07-27,42.5756721496582,20378400
2015-07-28,42.8768424987793,12566700
2015-07-29,43.28086853027344,14460800
2015-07-30,43.28821563720703,11202100
2015-07-31,42.97943878173828,12529300
2015-08-03,42.9647216796875,10508700
2015-08-04,42.98678207397461,10984500
2015-08-05,43.1852912902832,10631000
2015-08-06,42.71476364135742,14707400
2015-08-07,42.57508087158203,11934000
2015-08-10,43.1852912902832,10812200
2015-08-11,42.37657165527344,18897600
2015-08-12,41.839874267578125,27428700
2015-08-13,42.14866638183594,15837900
2015-08-14,42.33981704711914,8864000
2015-08-17,42.472145080566406,11139200
2015-08-18,42.310401916503906,11593200
2015-08-19,41.90604019165039,17673200
2015-08-20,40.67827606201172,28455500
2015-08-21,39.40639114379883,33437500
2015-08-24,37.0096549987793,37767000
2015-08-25,36.67147445678711,27809200
2015-08-26,38.4359245300293,30721900
2015-08-27,39.28874969482422,26467300
2015-08-28,39.17112731933594,17205400
2015-08-31,39.31816101074219,20629000
2015-09-01,37.450775146484375,28621600
2015-09-02,38.04629135131836,17515800
2015-09-03,38.07568359375,15708700
2015-09-04,37.19346237182617,19054500
2015-09-08,37.97276306152344,17160200
2015-09-09,37.40666580200195,16930900
2015-09-10,37.54634475708008,17467000
2015-09-11,37.568397521972656,12001800
2015-09-14,37.48018264770508,11427000
2015-09-15,38.23008728027344,17858900
2015-09-16,38.663841247558594,17369500
2015-09-17,37.97276306152344,24075200
2015-09-18,36.972900390625,33404600
2015-09-21,37.281681060791016,14936600
2015-09-22,37.03905487060547,19610600
2015-09-23,36.8479118347168,13680200
2015-09-24,36.12007141113281,32241000
2015-09-25,37.16405487060547,22341800
2015-09-28,36.04655075073242,21919800
2015-09-29,36.024505615234375,16485000
2015-09-30,36.472965240478516,17629000
2015-10-01,36.6788215637207,16291000
2015-10-02,36.67147445678711,27320900
2015-10-05,37.61252212524414,14881200
2015-10-06,37.539005279541016,12602100
2015-10-07,37.730140686035156,16572000
2015-10-08,37.97276306152344,16903000
2015-10-09,37.774261474609375,14341200
2015-10-12,37.70074462890625,11187000
2015-10-13,37.64927291870117,13337900
2015-10-14,37.28903579711914,22288000
2015-10-15,38.94322204589844,31023100
2015-10-16,38.73735427856445,17569200
2015-10-19,38.86234664916992,13616200
2015-10-20,38.847652435302734,11195800
2015-10-21,38.090389251708984,15577800
2015-10-22,38.605018615722656,22320500
2015-10-23,39.435794830322266,19927100
2015-10-26,39.046146392822266,14530700
2015-10-27,38.67854309082031,13232400
2015-10-28,40.23716354370117,23403900
2015-10-29,39.48657989501953,23153900
2015-10-30,39.12599182128906,18430200
2015-11-02,39.61167907714844,11999700
2015-11-03,39.854515075683594,13518300
2015-11-04,39.61167907714844,16985200
2015-11-05,39.847164154052734,13632500
2015-11-06,41.11283874511719,21654400
2015-11-09,40.99510192871094,19921800
2015-11-10,41.06133270263672,17657400
2015-11-11,40.39905548095703,15834000
2015-11-12,39.33939743041992,17735000
2015-11-13,39.12599182128906,16828800
2015-11-16,39.50864028930664,14896600
2015-11-17,39.361488342285156,14845300
2015-11-18,40.457923889160156,19100300
2015-11-19,40.516788482666016,11997500
2015-11-20,40.288665771484375,14896000
2015-11-23,39.942813873291016,14547100
2015-11-24,39.86922836303711,12950900
2015-11-25,39.7956428527832,9859400
2015-11-27,39.89129638671875,5483300
2015-11-30,39.80299758911133,14603100
2015-12-01,40.38433837890625,11856000
2015-12-02,39.83979034423828,15288800
2015-12-03,39.37619400024414,19750000
2015-12-04,40.53886413574219,21464100
2015-12-07,40.0311279296875,15077300
2015-12-08,39.287899017333984,14785500
2015-12-09,38.861087799072266,19903700
2015-12-10,38.74336242675781,16333800
2015-12-11,37.6101188659668,24093500
2015-12-14,37.602760314941406,21586800
2015-12-15,38.64767837524414,21642300
2015-12-16,39.66318893432617,26044800
2015-12-17,38.88317108154297,17179600
2015-12-18,37.68370819091797,25509600
2015-12-21,38.110496520996094,16929000
2015-12-22,38.27238464355469,13241300
2015-12-23,38.7286376953125,14950200
2015-12-24,38.78750228881836,4671200
2015-12-28,38.544654846191406,8761700
2015-12-29,38.98618698120117,10155100
2015-12-30,38.48579406738281,8763300
2015-12-31,38.08106994628906,11281800
2016-01-04,37.624839782714844,23440200
2016-01-05,37.426151275634766,17444900
2016-01-06,36.88161087036133,22501800
2016-01-07,34.99778747558594,37902900
2016-01-08,33.94550323486328,30643000
2016-01-11,34.4753303527832,26284600
2016-01-12,34.49740219116211,26310000
2016-01-13,33.25379180908203,27925800
2016-01-14,33.39360427856445,30129500
2016-01-15,31.252229690551758,52452600
2016-01-19,30.86223030090332,39032700
2016-01-20,29.795207977294922,49905400
2016-01-21,29.54502296447754,34976700
2016-01-22,30.21466064453125,30187200
2016-01-25,29.103506088256836,31924000
2016-01-26,29.80257225036621,23508400
2016-01-27,29.846729278564453,28274800
2016-01-28,29.758325576782227,23212800
2016-01-29,31.371854782104492,36107600
2016-02-01,31.29817008972168,22860300
2016-02-02,29.78042221069336,31460900
2016-02-03,29.73621368408203,43680300
2016-02-04,30.05303192138672,26732600
2016-02-05,29.367839813232422,23599700
2016-02-08,27.857440948486328,35237100
2016-02-09,27.636404037475586,39767200
2016-02-10,27.56273078918457,33390000
2016-02-11,25.772369384765625,48945600
2016-02-12,27.658510208129883,38120400
2016-02-16,28.653160095214844,31802500
2016-02-17,29.308883666992188,29133500
2016-02-18,28.675256729125977,24107700
2016-02-19,28.72684097290039,22426000
2016-02-22,29.117328643798828,22028600
2016-02-23,28.159513473510742,26234200
2016-02-24,28.06373405456543,25912400
2016-02-25,28.4542236328125,19889500
2016-02-26,29.10257911682129,23757400
2016-02-29,28.62368392944336,22268700
2016-03-01,30.406686782836914,30606800
2016-03-02,31.106603622436523,28383800
2016-03-03,31.556049346923828,21835200
2016-03-04,31.556049346923828,28071000
2016-03-07,31.393959045410156,22134600
2016-03-08,30.24457550048828,26265000
2016-03-09,30.31825828552246,18573900
2016-03-10,30.480356216430664,21139800
2016-03-11,31.673921585083008,21068500
2016-03-14,31.43815040588379,15332700
2016-03-15,31.37921905517578,13784700
2016-03-16,31.11397933959961,22981000
2016-03-17,31.570777893066406,24262800
2016-03-18,32.07914352416992,30801900
2016-03-21,32.12336349487305,16226400
2016-03-22,31.96128273010254,14885100
2016-03-23,31.217130661010742,23989200
2016-03-24,30.900314331054688,22723400
2016-03-28,30.885576248168945,13062400
2016-03-29,30.73822784423828,18160100
2016-03-30,30.856111526489258,14763200
2016-03-31,30.760334014892578,15661700
2016-04-01,31.290800094604492,17749500
2016-04-04,30.988740921020508,14376300
2016-04-05,30.583505630493164,17867800
2016-04-06,30.841379165649414,16169900
2016-04-07,29.669902801513672,22618000
2016-04-08,29.8172550201416,14676100
2016-04-11,30.29616928100586,21083700
2016-04-12,30.870849609375,19888700
2016-04-13,32.60226821899414,33135400
2016-04-14,33.140106201171875,26885100
2016-04-15,33.09590148925781,39168600
2016-04-18,33.23589324951172,22929900
2016-04-19,33.619014739990234,18833300
2016-04-20,34.436832427978516,21645700
2016-04-21,34.33368682861328,21538600
2016-04-22,34.60629653930664,17425900
2016-04-25,34.39998245239258,13480500
2016-04-26,34.702064514160156,15573600
2016-04-27,34.87154006958008,19444700
2016-04-28,34.46587371826172,18399500
2016-04-29,34.13397216796875,23922700
2016-05-02,34.42899703979492,13802500
2016-05-03,33.61030960083008,21186200
2016-05-04,32.93913650512695,24310500
2016-05-05,32.62199020385742,14912000
2016-05-06,32.7547607421875,17632500
2016-05-09,32.3712272644043,14251900
2016-05-10,33.0718994140625,13608900
2016-05-11,32.79899597167969,15997900
2016-05-12,32.45235061645508,15551500
2016-05-13,31.795934677124023,19433500
2016-05-16,31.825450897216797,17158400
2016-05-17,32.231082916259766,19943000
2016-05-18,33.83156967163086,37645200
2016-05-19,33.234161376953125,23036100
2016-05-20,33.116153717041016,19610200
2016-05-23,33.27104187011719,15050500
2016-05-24,33.8242073059082,18976500
2016-05-25,34.62075424194336,23944600
2016-05-26,34.00858688354492,16956600
2016-05-27,34.35524368286133,13854500
2016-05-31,34.34786605834961,21404000
2016-06-01,34.62075424194336,17212500
2016-06-02,34.64289093017578,15483800
2016-06-03,33.4775505065918,36961500
2016-06-06,33.73570251464844,17321400
2016-06-07,33.588191986083984,12089800
2016-06-08,33.60293960571289,13147300
2016-06-09,33.19728469848633,17069000
2016-06-10,32.37858963012695,23071100
2016-06-13,31.83281135559082,20612100
2016-06-14,30.947751998901367,27621300
2016-06-15,30.984630584716797,21934200
2016-06-16,31.06575584411621,19904800
2016-06-17,31.331268310546875,25113400
2016-06-20,31.567291259765625,20244000
2016-06-21,31.65579605102539,14714900
2016-06-22,31.478776931762695,18087600
2016-06-23,32.7916374206543,25703000
2016-06-24,29.723405838012695,71849800
2016-06-27,28.38105583190918,53380200
2016-06-28,29.826663970947266,38605600
2016-06-29,31.06575584411621,34004100
2016-06-30,31.264902114868164,34485400
2016-07-01,31.102630615234375,19399600
2016-07-05,30.077425003051758,25571100
2016-07-06,30.2839412689209,27713900
2016-07-07,30.453584671020508,24585500
2016-07-08,30.962495803833008,29468600
2016-07-11,31.19114112854004,19752600
2016-07-12,32.0393180847168,23803600
2016-07-13,31.95819854736328,20488200
2016-07-14,32.78424072265625,37093600
2016-07-15,32.69575500488281,29198800
2016-07-18,32.87275314331055,18683900
2016-07-19,32.71049499511719,15297300
2016-07-20,32.79899597167969,16547100
2016-07-21,32.54824447631836,14924900
2016-07-22,32.673622131347656,12764200
2016-07-25,32.48186492919922,14391400
2016-07-26,32.5629997253418,16152500
2016-07-27,32.66624450683594,17814200
2016-07-28,32.62923812866211,13239600
2016-07-29,32.42936325073242,13773700
2016-08-01,32.140682220458984,14794400
2016-08-02,31.822376251220703,20089100
2016-08-03,32.488590240478516,14708300
2016-08-04,32.45158004760742,11747900
2016-08-05,33.84321594238281,28566800
2016-08-08,34.02086639404297,16861600
2016-08-09,33.9764404296875,12203800
2016-08-10,33.64335632324219,16566700
2016-08-11,33.85062026977539,14819400
2016-08-12,33.73958969116211,12472900
2016-08-15,34.339168548583984,12252700
2016-08-16,34.50940704345703,15202100
2016-08-17,34.51681900024414,17899300
2016-08-18,34.420589447021484,14190300
2016-08-19,34.44279098510742,12207600
2016-08-22,34.539024353027344,11007500
2016-08-23,34.487213134765625,13345500
2016-08-24,34.539024353027344,16054400
2016-08-25,34.583438873291016,16520200
2016-08-26,34.87213134765625,23338500
2016-08-29,34.983154296875,16700000
2016-08-30,35.45690155029297,17519800
2016-08-31,35.338462829589844,20826600
2016-09-01,35.057186126708984,19403900
2016-09-02,35.168216705322266,16293000
2016-09-06,35.00536346435547,17649500
2016-09-07,35.14601516723633,13610600
2016-09-08,35.37548828125,15856400
2016-09-09,34.91653823852539,20468100
2016-09-12,35.37548828125,22074800
2016-09-13,34.731475830078125,19885000
2016-09-14,34.60563659667969,19778400
2016-09-15,34.849918365478516,14133200
2016-09-16,34.35396957397461,24820800
2016-09-19,34.487213134765625,12759700
2016-09-20,34.4502067565918,13749400
2016-09-21,34.7166748046875,16605200
2016-09-22,34.87213134765625,16247600
2016-09-23,34.90174102783203,14793500
2016-09-26,33.96904373168945,22646700
2016-09-27,34.32436752319336,16165700
2016-09-28,34.69447326660156,15871600
2016-09-29,33.902427673339844,28066800
2016-09-30,34.960941314697266,25563100
2016-10-03,34.812904357910156,13819800
2016-10-04,35.345863342285156,25542000
2016-10-05,36.012081146240234,18173400
2016-10-06,36.32296371459961,15721000
2016-10-07,36.47841262817383,16584000
2016-10-10,36.67828369140625,14022700
2016-10-11,36.263755798339844,16033300
2016-10-12,36.04907989501953,14407300
2016-10-13,35.87882995605469,22302200
2016-10-14,35.98247146606445,28291800
2016-10-17,35.97507095336914,16655000
2016-10-18,36.263755798339844,18159900
2016-10-19,36.626468658447266,14663600
2016-10-20,36.70048904418945,13522600
2016-10-21,36.693092346191406,12728600
2016-10-24,36.70048904418945,10753500
2016-10-25,36.7078971862793,9790500
2016-10-26,37.01879119873047,13960000
2016-10-27,36.959564208984375,19181400
2016-10-28,36.6856803894043,17780300
2016-10-31,36.38218307495117,15173400
2016-11-01,36.22673416137695,20691100
2016-11-02,35.93064880371094,15824100
2016-11-03,35.78953552246094,16224300
2016-11-04,35.774688720703125,14152500
2016-11-07,37.0001106262207,19357600
2016-11-08,37.066951751708984,17548300
2016-11-09,38.31464385986328,59210400
2016-11-10,39.814849853515625,52067300
2016-11-11,39.23554992675781,41858600
2016-11-14,40.60951614379883,43113100
2016-11-15,41.18136978149414,33433800
2016-11-16,40.5723762512207,24200100
2016-11-17,41.18136978149414,24579000
2016-11-18,41.18879318237305,24990000
2016-11-21,41.24821090698242,20410400
2016-11-22,41.66411209106445,21975900
2016-11-23,42.102291107177734,19906300
2016-11-25,42.169132232666016,11488200
2016-11-28,41.19622039794922,23645000
2016-11-29,41.23335647583008,15725400
2016-11-30,41.879478454589844,24395100
2016-12-01,42.533050537109375,27592500
2016-12-02,41.604698181152344,25110300
2016-12-05,42.540462493896484,24404500
2016-12-06,43.01576614379883,21487500
2016-12-07,43.862430572509766,30517600
2016-12-08,44.67194747924805,32536000
2016-12-09,44.59025573730469,22804900
2016-12-12,44.22633743286133,21879400
2016-12-13,44.404579162597656,22014500
2016-12-14,44.152069091796875,31399400
2016-12-15,44.73136901855469,22389300
2016-12-16,44.374881744384766,28405900
2016-12-19,44.30802917480469,17654400
2016-12-20,45.154685974121094,23439800
2016-12-21,45.1175537109375,15090200
2016-12-22,44.9244499206543,14571100
2016-12-23,45.29579544067383,9314000
2016-12-27,45.37005615234375,9544000
2016-12-28,44.59025573730469,17127400
2016-12-29,44.10008239746094,17121200
2016-12-30,44.13722229003906,16588500
2017-01-03,44.998722076416016,18322400
2017-01-04,45.60770797729492,16947500
2017-01-05,44.81306457519531,18317900
2017-01-06,44.96900177001953,16778400
2017-01-09,44.723941802978516,14593000
2017-01-10,44.73136901855469,13483300
2017-01-11,44.53084182739258,20737600
2017-01-12,43.98868942260742,22778900
2017-01-13,44.28575897216797,21045200
2017-01-17,43.357398986816406,25013800
2017-01-18,42.622161865234375,29276200
2017-01-19,42.079994201660156,24932400
2017-01-20,41.671539306640625,27722300
2017-01-23,41.35218811035156,23130200
2017-01-24,42.13943099975586,18416400
2017-01-25,42.8449592590332,21492900
2017-01-26,42.599884033203125,20792700
2017-01-27,42.414215087890625,17074200
2017-01-30,42.042869567871094,17537600
2017-01-31,41.46358871459961,29221000
2017-02-01,41.62696838378906,17441500
2017-02-02,41.69401168823242,15586800
2017-02-03,43.019744873046875,21404100
2017-02-06,42.93037414550781,15680200
2017-02-07,42.595211029052734,13996900
2017-02-08,41.947235107421875,18626600
2017-02-09,42.64735412597656,18054100
2017-02-10,42.92293930053711,14421700
2017-02-13,43.90607452392578,22779800
2017-02-14,44.56148910522461,22359300
2017-02-15,45.060508728027344,22423900
2017-02-16,44.971134185791016,15916600
2017-02-17,44.814720153808594,15120600
2017-02-21,45.097747802734375,15812700
2017-02-22,45.14988327026367,16025700
2017-02-23,45.14988327026367,14624400
2017-02-24,44.36039352416992,19900300
2017-02-27,44.7030029296875,15711400
2017-02-28,44.54658889770508,17237500
2017-03-01,45.83509826660156,26421700
2017-03-02,45.15732955932617,17270300
2017-03-03,45.43290710449219,15178600
2017-03-06,44.89665985107422,14979400
2017-03-07,45.060508728027344,17297800
2017-03-08,45.514835357666016,30724000
2017-03-09,45.84254455566406,21429300
2017-03-10,45.79786682128906,17421900
2017-03-13,45.827659606933594,13481500
2017-03-14,45.76062774658203,11819700
2017-03-15,45.31375503540039,20086900
2017-03-16,45.54463195800781,15198300
2017-03-17,44.96368408203125,32281900
2017-03-20,44.38274002075195,14813800
2017-03-21,43.228302001953125,34140400
2017-03-22,43.02719497680664,25648500
2017-03-23,43.235740661621094,16916500
2017-03-24,43.25065231323242,13504400
2017-03-27,43.44428253173828,17257200
2017-03-28,44.25611877441406,15391100
2017-03-29,44.23378372192383,13457400
2017-03-30,45.06795120239258,14886200
2017-03-31,44.55404281616211,14407900
2017-04-03,44.449771881103516,15460500
2017-04-04,44.449771881103516,9745600
2017-04-05,44.38274002075195,20295200
2017-04-06,44.6061897277832,13806000
2017-04-07,44.263580322265625,13449300
2017-04-10,44.151859283447266,12096700
2017-04-11,43.96564865112305,15247800
2017-04-12,43.57835006713867,15223400
2017-04-13,43.228302001953125,31784400
2017-04-17,43.935855865478516,14657300
2017-04-18,43.511314392089844,16891000
2017-04-19,42.997406005859375,18104200
2017-04-20,43.50387191772461,17074800
2017-04-21,42.989967346191406,15255900
2017-04-24,44.27103042602539,24400300
2017-04-25,44.844512939453125,21593500
2017-04-26,44.7625846862793,16058000
2017-04-27,44.35186004638672,14025900
2017-04-28,44.15022277832031,11917100
2017-05-01,44.40412139892578,12879400
2017-05-02,44.590824127197266,11471900
2017-05-03,44.98663330078125,12845300
2017-05-04,44.964210510253906,14509800
2017-05-05,44.98663330078125,11484300
2017-05-08,45.18079376220703,8458300
2017-05-09,44.97916030883789,13179900
2017-05-10,45.083709716796875,11607300
2017-05-11,45.33014678955078,16314000
2017-05-12,45.60646438598633,15393200
2017-05-15,45.86783218383789,14838500
2017-05-16,46.666908264160156,21199500
2017-05-17,44.792449951171875,33251400
2017-05-18,44.86714553833008,25142200
2017-05-19,45.62886047363281,20266600
2017-05-22,45.599002838134766,11744800
2017-05-23,46.08440399169922,12414300
2017-05-24,46.50261306762695,16102700
2017-05-25,46.263633728027344,13368600
2017-05-26,46.353267669677734,10850300
2017-05-30,46.03213119506836,12603800
2017-05-31,45.21067428588867,23150500
2017-06-01,45.61393356323242,13922400
2017-06-02,45.63633346557617,13643600
2017-06-05,45.74087905883789,10024900
2017-06-06,45.5616569519043,10764300
2017-06-07,46.21136474609375,16056100
2017-06-08,47.204593658447266,25925700
2017-06-09,48.13060760498047,31488800
2017-06-12,48.03352355957031,27444400
2017-06-13,48.309852600097656,18749000
2017-06-14,48.332252502441406,20791600
2017-06-15,47.869239807128906,15111500
2017-06-16,47.71241760253906,19549900
2017-06-19,48.15302276611328,13264800
2017-06-20,47.72734451293945,12162800
2017-06-21,47.667606353759766,13532800
2017-06-22,47.51078796386719,11344700
2017-06-23,47.35395431518555,16395300
2017-06-26,47.63025665283203,14978000
2017-06-27,47.96632766723633,16416300
2017-06-28,48.67577362060547,24015200
2017-06-29,50.02000045776367,40827200
2017-06-30,49.94529342651367,15832300
2017-07-03,50.975887298583984,16488300
2017-07-05,51.117774963378906,17783100
2017-07-06,50.50540542602539,17960700
2017-07-07,50.71450424194336,14735300
2017-07-10,50.52033996582031,12613800
2017-07-11,49.90050506591797,17134600
2017-07-12,49.97517395019531,16881700
2017-07-13,50.04986572265625,20152000
2017-07-14,49.82582473754883,20742300
2017-07-17,49.90797805786133,17498000
2017-07-18,49.952781677246094,15965900
2017-07-19,49.81087875366211,12687300
2017-07-20,49.556976318359375,14027600
2017-07-21,49.28812789916992,14075500
2017-07-24,49.362815856933594,14848400
2017-07-25,50.80411148071289,30833600
2017-07-26,50.76678466796875,19228500
2017-07-27,50.483009338378906,22650200
2017-07-28,50.356048583984375,13604500
2017-07-31,51.117774963378906,23059300
2017-08-01,51.976585388183594,22974700
2017-08-02,51.84217071533203,19095600
2017-08-03,51.114418029785156,20937900
2017-08-04,51.75214767456055,18148400
2017-08-07,51.79714584350586,12961100
2017-08-08,51.677093505859375,16645900
2017-08-09,51.33949279785156,19195700
2017-08-10,50.43169403076172,19147200
2017-08-11,50.11659240722656,15172800
2017-08-14,50.934356689453125,15120200
2017-08-15,50.994384765625,15472000
2017-08-16,50.79932403564453,15064500
2017-08-17,49.966556549072266,14487900
2017-08-18,49.9515380859375,13628900
2017-08-21,49.4788818359375,15791100
2017-08-22,50.15410614013672,13247000
2017-08-23,50.43920135498047,10031600
2017-08-24,50.7843017578125,11524800
2017-08-25,50.90435028076172,11883100
2017-08-28,50.874332427978516,10797600
2017-08-29,50.62675857543945,12448000
2017-08-30,51.024391174316406,9152000
2017-08-31,51.03938674926758,12439300
2017-09-01,51.45203399658203,10720600
2017-09-05,50.38667297363281,17649500
2017-09-06,50.5067138671875,11849400
2017-09-07,49.561405181884766,20307800
2017-09-08,49.64392852783203,13438000
2017-09-11,50.79932403564453,17287000
2017-09-12,51.609588623046875,15495400
2017-09-13,52.05973434448242,17467300
2017-09-14,51.94719314575195,15022100
2017-09-15,51.79714584350586,18360900
2017-09-18,52.96753692626953,18027800
2017-09-19,53.380165100097656,15466000
2017-09-20,53.61274337768555,19788100
2017-09-21,53.837825775146484,11509200
2017-09-22,53.5677375793457,10446600
2017-09-25,53.14759063720703,10762800
2017-09-26,53.222618103027344,11553800
2017-09-27,54.22793197631836,18092200
2017-09-28,54.50553512573242,13845900
2017-09-29,54.57307052612305,12777300
2017-10-02,55.36832046508789,13386300
2017-10-03,55.61589050292969,11925100
2017-10-04,55.56337356567383,12904100
2017-10-05,56.808807373046875,19701200
2017-10-06,56.748779296875,16119900
2017-10-09,56.56121826171875,12830800
2017-10-10,56.40367126464844,13866600
2017-10-11,56.22361373901367,18597900
2017-10-12,54.29546356201172,40166300
2017-10-13,54.10039520263672,30907300
2017-10-16,53.8453254699707,21169200
2017-10-17,54.16043472290039,15743800
2017-10-18,54.85814666748047,15126700
2017-10-19,54.6781005859375,12322700
2017-10-20,55.16576385498047,15634600
2017-10-23,55.16576385498047,10821500
2017-10-24,55.69842529296875,15260200
2017-10-25,55.233272552490234,17188100
2017-10-26,55.3608283996582,13213100
2017-10-27,55.420841217041016,11309900
2017-10-30,55.35332489013672,10556900
2017-10-31,55.14326477050781,11733500
2017-11-01,55.5408821105957,11361900
2017-11-02,56.07355499267578,12997500
2017-11-03,55.79478073120117,10692600
2017-11-06,55.60639572143555,12636600
2017-11-07,54.78512954711914,17255700
2017-11-08,54.506324768066406,18710600
2017-11-09,54.57414627075195,15496600
2017-11-10,54.438514709472656,12853100
2017-11-13,54.24262237548828,13500600
2017-11-14,53.896026611328125,13188900
2017-11-15,54.046714782714844,17541800
2017-11-16,54.00151062011719,12415600
2017-11-17,53.74531555175781,11813000
2017-11-20,54.2878303527832,10000000
2017-11-21,54.53647994995117,9632100
2017-11-22,54.446041107177734,9146200
2017-11-24,54.265228271484375,4676100
2017-11-27,53.790531158447266,12615200
2017-11-28,55.531063079833984,18048300
2017-11-29,56.540714263916016,21876400
2017-11-30,56.8873176574707,23179600
2017-12-01,56.894859313964844,18269800
2017-12-04,58.092872619628906,23151400
2017-12-05,57.67094039916992,16045900
2017-12-06,56.84209442138672,16612500
2017-12-07,56.49550247192383,19173400
2017-12-08,57.045536041259766,12460900
2017-12-11,57.15101623535156,10461700
2017-12-12,57.377071380615234,18381900
2017-12-13,56.6160774230957,20231600
2017-12-14,55.696815490722656,24778500
2017-12-15,56.3372688293457,37121100
2017-12-18,57.015403747558594,16449300
2017-12-19,56.28453826904297,17655100
2017-12-20,56.2544059753418,17644000
2017-12-21,57.12841796875,14085700
2017-12-22,56.87976837158203,12006600
2017-12-26,56.34480667114258,10882100
2017-12-27,56.42768859863281,10845100
2017-12-28,56.57085418701172,8759800
2017-12-29,56.06602478027344,10074900
2018-01-02,56.028358459472656,15819800
2018-01-03,56.20164108276367,14657900
2018-01-04,56.894859313964844,16864900
2018-01-05,56.81950759887695,15300500
2018-01-08,56.15644836425781,14215700
2018-01-09,56.7441520690918,14209500
2018-01-10,57.000328063964844,14008000
2018-01-11,56.932518005371094,15459900
2018-01-12,57.89696502685547,16946700
2018-01-16,58.10039520263672,26181400
2018-01-17,58.371646881103516,20958400
2018-01-18,58.31135940551758,15420800
2018-01-19,58.997039794921875,17814000
2018-01-22,59.21553421020508,11561100
2018-01-23,59.18540573120117,10080000
2018-01-24,59.863555908203125,18108600
2018-01-25,59.856014251708984,16178800
2018-01-26,60.33823013305664,12807800
2018-01-29,60.2478141784668,14611100
2018-01-30,59.23813247680664,15816900
2018-01-31,59.132659912109375,16266300
2018-02-01,59.67515563964844,12437200
2018-02-02,58.268028259277344,18561200
2018-02-05,55.43104553222656,31087800
2018-02-06,56.60365676879883,32116700
2018-02-07,56.73227310180664,18908400
2018-02-08,54.37190246582031,24941100
2018-02-09,55.74120330810547,26616500
2018-02-12,56.558265686035156,16677700
2018-02-13,56.875999450683594,11749100
2018-02-14,58.033485412597656,16261300
2018-02-15,58.31343078613281,11066400
2018-02-16,58.11672592163086,11644900
2018-02-20,57.844364166259766,12040900
2018-02-21,58.252891540527344,15888800
2018-02-22,57.70063018798828,16049500
2018-02-23,58.31343078613281,12481200
2018-02-26,58.744632720947266,17288300
2018-02-27,57.78383255004883,19977200
2018-02-28,57.11051940917969,19329900
2018-03-01,55.726070404052734,23803200
2018-03-02,55.74120330810547,21061200
2018-03-05,56.301029205322266,16814600
2018-03-06,56.02867889404297,14891200
2018-03-07,55.92277908325195,14654900
2018-03-08,56.0665168762207,10878600
2018-03-09,57.57956314086914,15939200
2018-03-12,57.51148986816406,13398200
2018-03-13,56.67174530029297,12636600
2018-03-14,55.582332611083984,18485700
2018-03-15,55.48398208618164,13334000
2018-03-16,55.582332611083984,33033700
2018-03-19,54.999813079833984,15131400
2018-03-20,55.166229248046875,13113500
2018-03-21,55.4688606262207,16374700
2018-03-22,53.19169235229492,27652300
2018-03-23,51.36846160888672,31458900
2018-03-26,52.79073715209961,19156100
2018-03-27,51.655941009521484,21610800
2018-03-28,51.64080810546875,21712000
2018-03-29,51.06584548950195,22621300
2018-04-02,51.2247200012207,29975600
2018-04-03,51.8072509765625,18822600
2018-04-04,52.4351692199707,15651300
2018-04-05,53.123619079589844,16120700
2018-04-06,51.898033142089844,21543500
2018-04-09,52.53351593017578,17036500
2018-04-10,53.34300994873047,16022300
2018-04-11,52.87397003173828,15645500
2018-04-12,54.56858825683594,24488100
2018-04-13,53.72126770019531,31356000
2018-04-16,53.010128021240234,18877000
2018-04-17,52.760467529296875,18233400
2018-04-18,52.185523986816406,15382900
2018-04-19,53.16898727416992,15531600
2018-04-20,52.95716857910156,17629900
2018-04-23,52.563758850097656,11596400
2018-04-24,52.29143142700195,16233700
2018-04-25,52.47299575805664,16059700
2018-04-26,52.33681869506836,13829700
2018-04-27,52.193077087402344,10420100
2018-04-30,51.64836502075195,12237900
2018-05-01,51.63323974609375,11602700
2018-05-02,51.43655014038086,15287300
2018-05-03,51.39871597290039,16325500
2018-05-04,51.64195251464844,12512000
2018-05-07,52.06761169433594,11801800
2018-05-08,53.96788787841797,23603200
2018-05-09,54.69000244140625,15900700
2018-05-10,55.16126251220703,11488900
2018-05-11,55.38169479370117,11531400
2018-05-14,55.199256896972656,12615500
2018-05-15,55.244876861572266,12483300
2018-05-16,54.69000244140625,11796000
2018-05-17,54.393558502197266,14876000
2018-05-18,53.1773681640625,16160700
2018-05-21,53.53463363647461,9798500
2018-05-22,54.02870559692383,14147100
2018-05-23,53.39020538330078,13626700
2018-05-24,52.68330001831055,16553700
2018-05-25,52.02199935913086,16008700
2018-05-29,49.946903228759766,37721400
2018-05-30,50.6842155456543,19040500
2018-05-31,50.69181442260742,22633000
2018-06-01,51.1402702331543,14914400
2018-06-04,51.18588638305664,10468900
2018-06-05,50.74502182006836,14072700
2018-06-06,51.862388610839844,14862400
2018-06-07,52.02961349487305,16505300
2018-06-08,52.044822692871094,11609500
2018-06-11,51.77117156982422,13941500
2018-06-12,51.39112091064453,13737100
2018-06-13,51.14788818359375,17531500
2018-06-14,50.28896713256836,24035400
2018-06-15,50.425785064697266,29314800
2018-06-18,50.7374153137207,13680800
2018-06-19,50.76022720336914,16892800
2018-06-20,51.21629333496094,16697100
2018-06-21,51.40631103515625,16545800
2018-06-22,51.0794677734375,16059900
2018-06-25,49.97731018066406,21426600
2018-06-26,50.40297317504883,22613700
2018-06-27,49.756874084472656,20917500
2018-06-28,50.83623504638672,19860100
2018-06-29,50.86662292480469,24193900
2018-07-02,51.049072265625,12699100
2018-07-03,50.21293258666992,12346000
2018-07-05,50.59300231933594,12359000
2018-07-06,51.03385543823242,13174900
2018-07-09,52.402069091796875,15148500
2018-07-10,51.862388610839844,17057700
2018-07-11,51.61915969848633,13262800
2018-07-12,52.07522201538086,13345200
2018-07-13,50.92744827270508,34054000
2018-07-16,52.79732894897461,26659900
2018-07-17,52.713722229003906,17262800
2018-07-18,53.0937614440918,16321200
2018-07-19,52.44007110595703,14833900
2018-07-20,52.61491012573242,12017500
2018-07-23,53.36741638183594,15764000
2018-07-24,54.02109146118164,21883800
2018-07-25,54.51518630981445,14232700
2018-07-26,54.2263298034668,11169200
2018-07-27,54.492374420166016,11194100
2018-07-30,54.94843292236328,16339100
2018-07-31,54.64440155029297,13608100
2018-08-01,54.67479705810547,13612200
2018-08-02,54.60639190673828,13248600
2018-08-03,55.371280670166016,13680000
2018-08-06,55.378936767578125,10121400
2018-08-07,55.3865966796875,12991100
2018-08-08,55.75374984741211,10178900
2018-08-09,55.05768966674805,11044200
2018-08-10,53.74204635620117,20240100
2018-08-13,52.900657653808594,16926100
2018-08-14,53.550811767578125,12668200
2018-08-15,52.510562896728516,18952300
2018-08-16,53.20662307739258,13439600
2018-08-17,53.290748596191406,10329600
2018-08-20,53.948577880859375,11233300
2018-08-21,54.49163818359375,12261100
2018-08-22,54.399864196777344,7297600
2018-08-23,54.162742614746094,8310000
2018-08-24,54.055660247802734,8760000
2018-08-27,55.371280670166016,13545300
2018-08-28,55.36363220214844,9688600
2018-08-29,55.47836685180664,7146800
2018-08-30,54.6599235534668,13197700
2018-08-31,54.49163818359375,11898200
2018-09-04,54.61403274536133,10108500
2018-09-05,54.438114166259766,13138100
2018-09-06,53.627315521240234,15207100
2018-09-07,53.2678108215332,15180600
2018-09-10,53.26015090942383,12353600
2018-09-11,53.107177734375,12650000
2018-09-12,53.93326187133789,17434900
2018-09-13,53.65789794921875,13569000
2018-09-14,53.95622253417969,9653300
2018-09-17,54.216278076171875,11323000
2018-09-18,54.58344650268555,11457100
2018-09-19,56.38862228393555,21766100
2018-09-20,57.207061767578125,23550500
2018-09-21,56.71751403808594,28874700
2018-09-24,56.48039245605469,14023100
2018-09-25,56.22797393798828,12324300
2018-09-26,55.417171478271484,15060000
2018-09-27,55.799617767333984,11420600
2018-09-28,54.87411117553711,14341900
2018-10-01,55.019439697265625,11263700
2018-10-02,54.92000198364258,12746900
2018-10-03,55.34834671020508,11977900
2018-10-04,55.54720687866211,18956800
2018-10-05,55.394229888916016,11481400
2018-10-08,55.524269104003906,11958200
2018-10-09,54.98883819580078,15654500
2018-10-10,53.50491714477539,23679600
2018-10-11,52.304019927978516,28890800
2018-10-12,53.420799255371094,29024200
2018-10-15,52.938907623291016,17661300
2018-10-16,53.32134246826172,15453500
2018-10-17,53.420799255371094,16774200
2018-10-18,52.48760986328125,18168500
2018-10-19,52.67117691040039,16721900
2018-10-22,50.934852600097656,17890900
2018-10-23,50.27705001831055,32809200
2018-10-24,48.800758361816406,23420600
2018-10-25,49.695716857910156,19510300
2018-10-26,49.11438751220703,24066300
2018-10-29,49.221473693847656,20036800
2018-10-30,49.35915756225586,19951900
2018-10-31,50.07051086425781,20450300
2018-11-01,50.35353469848633,17744100
2018-11-02,50.76942443847656,21214800
2018-11-05,51.83225631713867,14823900
2018-11-06,51.35475158691406,17049600
2018-11-07,52.571624755859375,15529300
2018-11-08,52.201927185058594,18908100
2018-11-09,50.64619827270508,27125800
2018-11-12,49.45243453979492,16424200
2018-11-13,49.89142990112305,14121300
2018-11-14,48.90562057495117,19754600
2018-11-15,49.752811431884766,19202300
2018-11-16,50.0223503112793,15995200
2018-11-19,49.7681999206543,12227400
2018-11-20,48.1585578918457,21024000
2018-11-21,48.42041015625,12380200
2018-11-23,47.557823181152344,7316500
2018-11-26,49.0827522277832,19065100
2018-11-27,48.87480545043945,12867900
2018-11-28,50.50756072998047,17719000
2018-11-29,49.98385238647461,12914200
2018-11-30,49.899131774902344,14207800
2018-12-03,50.1840934753418,14255500
2018-12-04,47.950618743896484,27104500
2018-12-06,46.25624084472656,37802600
2018-12-07,44.93925094604492,24282100
2018-12-10,43.95343017578125,30695800
2018-12-11,43.29880142211914,23712500
2018-12-12,43.113956451416016,24941600
2018-12-13,42.95222854614258,27670700
2018-12-14,42.37459945678711,22839300
2018-12-17,41.78157424926758,26212500
2018-12-18,41.53510665893555,27302000
2018-12-19,40.680233001708984,31483100
2018-12-20,40.25664520263672,39800000
2018-12-21,38.693206787109375,52323000
2018-12-24,37.93842697143555,21970800
2018-12-26,39.617401123046875,32005600
2018-12-27,39.87154769897461,28573400
2018-12-28,39.91776657104492,23176900
2018-12-31,40.094913482666016,19317500
2019-01-02,41.22705078125,21646300
2019-01-03,40.47998809814453,21183000
2019-01-04,42.459327697753906,24205100
2019-01-07,42.8289909362793,20634100
2019-01-08,42.71347427368164,18840100
2019-01-09,43.42201614379883,19359100
2019-01-10,43.468231201171875,16910000
2019-01-11,43.6607780456543,23087500
2019-01-14,45.385955810546875,34783400
2019-01-15,47.27285385131836,42694200
2019-01-16,47.89669418334961,27628900
2019-01-17,48.11234664916992,22728900
2019-01-18,48.61294937133789,19947300
2019-01-22,47.634849548339844,24608700
2019-01-23,47.85048294067383,16819800
2019-01-24,48.297183990478516,14962200
2019-01-25,49.30609893798828,15827200
2019-01-28,49.1751708984375,12683500
2019-01-29,48.68225860595703,13472000
2019-01-30,49.46014404296875,15929600
2019-01-31,49.64497375488281,19442600
2019-02-01,49.381282806396484,16991700
2019-02-04,49.68375015258789,11515500
2019-02-05,49.489864349365234,13310900
2019-02-06,49.5518913269043,13774300
2019-02-07,48.71427917480469,17922400
2019-02-08,48.09381866455078,15770800
2019-02-11,47.78358840942383,14614100
2019-02-12,48.60570526123047,14347400
2019-02-13,48.892662048339844,10710500
2019-02-14,48.41179656982422,12855300
2019-02-15,49.84663391113281,17908900
2019-02-19,49.93193054199219,11013900
2019-02-20,50.13358688354492,10545000
2019-02-21,49.88540267944336,10696100
2019-02-22,49.74580383300781,14003800
2019-02-25,50.048282623291016,12853000
2019-02-26,49.73028564453125,12912800
2019-02-27,49.947452545166016,13495700
2019-02-28,49.62171173095703,14209300
2019-03-01,50.00173568725586,14376000
2019-03-04,49.44334030151367,15786600
2019-03-05,48.807350158691406,18754900
2019-03-06,48.481605529785156,12711200
2019-03-07,48.00849914550781,15788900
2019-03-08,48.132598876953125,14304400
2019-03-11,48.32648849487305,14167600
2019-03-12,48.71427917480469,14772000
2019-03-13,49.36576461791992,13781100
2019-03-14,49.722537994384766,12193600
2019-03-15,50.56016540527344,37840300
2019-03-18,51.134098052978516,15601100
2019-03-19,50.90142059326172,12723600
2019-03-20,49.86989974975586,17494000
2019-03-21,49.56743621826172,18638300
2019-03-22,47.29496383666992,27527400
2019-03-25,46.79084777832031,20899300
2019-03-26,47.481109619140625,14740300
2019-03-27,47.101070404052734,16359600
2019-03-28,48.07054901123047,12081000
2019-03-29,48.25668716430664,13406300
2019-04-01,49.91643524169922,17736300
2019-04-02,49.96297073364258,9915800
2019-04-03,50.45934295654297,11560800
2019-04-04,51.04877471923828,11915700
2019-04-05,50.839378356933594,11062400
2019-04-08,51.242671966552734,10466400
2019-04-09,50.56791305541992,10221000
2019-04-10,50.81611251831055,12293300
2019-04-11,51.11859130859375,11358700
2019-04-12,52.289703369140625,19238700
2019-04-15,52.258689880371094,19493900
2019-04-16,53.75556182861328,18635700
2019-04-17,54.56216812133789,20509000
2019-04-18,54.03476333618164,13513800
2019-04-22,53.58492660522461,13195600
2019-04-23,53.670230865478516,13205000
2019-04-24,53.383277893066406,9699900
2019-04-25,53.30571746826172,8913600
2019-04-26,53.910682678222656,10692700
2019-04-29,55.08955001831055,16491400
2019-04-30,54.8336067199707,11122000
2019-05-01,54.25968551635742,13261700
2019-05-02,54.56991195678711,12186700
2019-05-03,55.16314697265625,11486700
2019-05-06,54.96021270751953,12004000
2019-05-07,53.203922271728516,17673400
2019-05-08,53.250755310058594,9470500
2019-05-09,52.79021072387695,16994200
2019-05-10,53.00096130371094,12318700
2019-05-13,50.25334167480469,23494400
2019-05-14,50.94026565551758,15096400
2019-05-15,50.63582229614258,14570900
2019-05-16,51.50225830078125,10573100
2019-05-17,50.79193878173828,11503500
2019-05-20,50.70606231689453,11605900
2019-05-21,51.58032989501953,11051500
2019-05-22,50.47191619873047,12564900
2019-05-23,49.87868118286133,15042200
2019-05-24,50.26115417480469,9715400
2019-05-28,49.792816162109375,14727400
2019-05-29,49.7303581237793,13836300
2019-05-30,49.652313232421875,13570900
2019-05-31,48.512664794921875,19968900
2019-06-03,48.87173080444336,19636800
2019-06-04,51.42420959472656,17743100
2019-06-05,51.346153259277344,12536300
2019-06-06,51.88474655151367,10868900
2019-06-07,51.27589797973633,11674200
2019-06-10,52.392120361328125,10994700
2019-06-11,52.9853515625,9800900
2019-06-12,52.150150299072266,9878300
2019-06-13,52.360904693603516,9453600
2019-06-14,52.673133850097656,8901900
2019-06-17,51.93939208984375,8135900
2019-06-18,53.06342315673828,12199100
2019-06-19,52.75898361206055,12334800
2019-06-20,53.15707015991211,15557100
2019-06-21,53.05561447143555,19502500
2019-06-24,52.618499755859375,11223700
2019-06-25,51.93939208984375,14205600
2019-06-26,52.47018051147461,13654100
2019-06-27,53.196109771728516,11989100
2019-06-28,54.66358947753906,20388700
2019-07-01,55.21780014038086,13573600
2019-07-02,54.98361587524414,10272200
2019-07-03,55.30366516113281,7632400
2019-07-05,55.732975006103516,9107300
2019-07-08,55.5222282409668,10196000
2019-07-09,55.85786437988281,9477700
2019-07-10,55.5222282409668,12153200
2019-07-11,55.896907806396484,10739400
2019-07-12,56.021793365478516,15355700
2019-07-15,55.97494125366211,23365800
2019-07-16,55.670528411865234,16516600
2019-07-17,55.280235290527344,12278200
2019-07-18,56.03739929199219,13407400
2019-07-19,55.35830307006836,11184600
2019-07-22,55.5066032409668,7930600
2019-07-23,56.193511962890625,11804300
2019-07-24,56.98970413208008,12512900
2019-07-25,55.72517395019531,15698300
2019-07-26,56.326210021972656,10625900
2019-07-29,56.013973236083984,8561200
2019-07-30,55.97494125366211,9208300
2019-07-31,55.54564666748047,13617300
2019-08-01,53.35224151611328,22571000
2019-08-02,53.171348571777344,14771400
2019-08-05,51.260292053222656,21144800
2019-08-06,52.10178756713867,12411500
2019-08-07,51.228824615478516,18418300
2019-08-08,52.48714065551758,13577900
2019-08-09,51.944496154785156,13604600
2019-08-12,50.521018981933594,13039500
2019-08-13,50.98503494262695,19056700
2019-08-14,48.295406341552734,29370700
2019-08-15,48.22462463378906,16340400
2019-08-16,49.9233283996582,16450700
2019-08-19,50.57608413696289,13312700
2019-08-20,49.87615966796875,9815800
2019-08-21,49.742454528808594,14692900
2019-08-22,50.261512756347656,9718500
2019-08-23,48.7200813293457,17997900
2019-08-26,49.32564163208008,10628800
2019-08-27,48.492008209228516,17219300
2019-08-28,49.04253387451172,12343500
2019-08-29,50.25365447998047,11478200
2019-08-30,50.60753631591797,11844600
2019-09-03,49.87615966796875,11991500
2019-09-04,50.552486419677734,9689800
2019-09-05,52.17255401611328,14723500
2019-09-06,51.8815803527832,10476000
2019-09-09,54.099334716796875,20193300
2019-09-10,54.24876022338867,18146200
2019-09-11,54.18586349487305,11858800
2019-09-12,54.500431060791016,15528700
2019-09-13,55.35764694213867,14313100
2019-09-16,54.91724395751953,12063700
2019-09-17,54.641990661621094,10916900
2019-09-18,55.12171936035156,11234500
2019-09-19,54.838600158691406,10069100
2019-09-20,54.53974914550781,26002100
2019-09-23,54.697052001953125,9546300
2019-09-24,53.39940643310547,16801900
2019-09-25,54.563350677490234,12243000
2019-09-26,54.351016998291016,8555500
2019-09-27,54.62626266479492,11559700
2019-09-30,54.327415466308594,8661000
2019-10-01,53.59602355957031,12428500
2019-10-02,52.10964584350586,14760900
2019-10-03,52.4556884765625,12646100
2019-10-04,53.61961364746094,10977100
2019-10-07,53.59602355957031,7835500
2019-10-08,52.21975326538086,13500700
2019-10-09,53.02978515625,8357800
2019-10-10,53.96565246582031,9817000
2019-10-11,55.12958908081055,14921700
2019-10-14,55.239688873291016,11398600
2019-10-15,56.01039123535156,22030100
2019-10-16,54.65773010253906,17295400
2019-10-17,54.736351013183594,11382800
2019-10-18,54.84646987915039,10413600
2019-10-21,56.47441101074219,13080600
2019-10-22,56.6710090637207,11052300
2019-10-23,56.977718353271484,10327000
2019-10-24,56.859779357910156,7445700
2019-10-25,57.543975830078125,10497600
2019-10-28,57.874267578125,13086900
2019-10-29,57.481040954589844,9592300
2019-10-30,57.386688232421875,12431500
2019-10-31,56.513729095458984,16864000
2019-11-01,58.4859619140625,12935200
2019-11-04,59.523563385009766,12585200
2019-11-05,59.27011489868164,14403200
2019-11-06,58.945369720458984,12629200
2019-11-07,60.04633712768555,14340500
2019-11-08,60.2918815612793,7927100
2019-11-11,59.880001068115234,6020300
2019-11-12,59.4601936340332,11066600
2019-11-13,58.54141616821289,14040700
2019-11-14,58.4859619140625,9446800
2019-11-15,58.92950439453125,10294000
2019-11-18,58.92950439453125,8525700
2019-11-19,59.262184143066406,9095500
2019-11-20,58.54141616821289,12799900
2019-11-21,58.53348159790039,8585100
2019-11-22,59.30178451538086,7910700
2019-11-25,59.943363189697266,11497700
2019-11-26,59.769107818603516,11306000
2019-11-27,59.97503662109375,7592100
2019-11-29,59.49979782104492,6246900
2019-12-02,59.024559020996094,11085300
2019-12-03,58.08201599121094,13559400
2019-12-04,58.794864654541016,8266400
2019-12-05,59.1750602722168,9581200
2019-12-06,60.04633712768555,9877800
2019-12-09,59.666133880615234,8817100
2019-12-10,60.02256393432617,13019600
2019-12-11,59.84038543701172,10484900
2019-12-12,61.02849197387695,15829000
2019-12-13,60.505706787109375,13447000
2019-12-16,60.91759490966797,13967200
2019-12-17,61.575016021728516,14409200
2019-12-18,61.71757125854492,12643000
2019-12-19,61.93935012817383,13006200
2019-12-20,62.18489074707031,32019400
2019-12-23,62.382911682128906,9256500
2019-12-24,62.24827575683594,4576200
2019-12-26,63.230438232421875,11992800
2019-12-27,63.10369110107422,10867900
2019-12-30,62.976966857910156,10084900
2019-12-31,63.277931213378906,8031200
2020-01-02,64.33932495117188,12728900
2020-01-03,63.12745666503906,12437400
2020-01-06,62.92945098876953,10059500
2020-01-07,62.382911682128906,10469100
2020-01-08,62.85816192626953,11292400
2020-01-09,63.42842483520508,12895900
2020-01-10,62.77099609375,10062100
2020-01-13,63.879913330078125,16566300
2020-01-14,64.87791442871094,24971800
2020-01-15,64.34722900390625,16063600
2020-01-16,64.1571273803711,10426000
2020-01-17,64.25218200683594,12413100
2020-01-21,63.285865783691406,10522000
2020-01-22,63.444278717041016,8045600
2020-01-23,63.20668029785156,11618200
2020-01-24,62.11362075805664,15036100
2020-01-27,60.759193420410156,15859600
2020-01-28,61.17898178100586,10960200
2020-01-29,60.57701873779297,9478900
2020-01-30,61.3294677734375,12498200
2020-01-31,59.32822036743164,17101200
2020-02-03,59.90227127075195,11096500
2020-02-04,60.99460220336914,12173200
2020-02-05,62.86827850341797,13070400
2020-02-06,62.96396255493164,12826400
2020-02-07,62.7407112121582,8341700
2020-02-10,62.573299407958984,8418300
2020-02-11,63.059635162353516,9437200
2020-02-12,63.25100326538086,9484100
2020-02-13,62.987876892089844,8946200
2020-02-14,62.8204345703125,9056600
2020-02-18,61.85570526123047,10343500
2020-02-19,62.230430603027344,9145200
2020-02-20,62.36598205566406,11763400
2020-02-21,60.94676208496094,14020000
2020-02-24,57.82925796508789,21096200
2020-02-25,55.357582092285156,27451000
2020-02-26,54.36093521118164,25552100
2020-02-27,51.38694381713867,34656800
2020-02-28,50.59760665893555,46013200
2020-03-02,53.89051818847656,29006400
2020-03-03,51.86534118652344,29547700
2020-03-04,53.73106002807617,24188500
2020-03-05,50.62153244018555,27277600
2020-03-06,48.85946273803711,29916600
2020-03-09,40.95807647705078,35625600
2020-03-10,44.31477737426758,32527500
2020-03-11,40.49563217163086,36709000
2020-03-12,34.4918327331543,45941600
2020-03-13,40.69496154785156,40519800
2020-03-16,32.84140396118164,35133800
2020-03-17,32.0919303894043,51650000
2020-03-18,29.04618263244629,48351400
2020-03-19,31.60556411743164,43397100
2020-03-20,30.345813751220703,38163900
2020-03-23,28.216981887817383,33013300
2020-03-24,32.41883087158203,34100600
2020-03-25,33.375606536865234,38211100
2020-03-26,36.69243621826172,31528600
2020-03-27,34.92238998413086,25484500
2020-03-30,35.14564895629883,27459000
2020-03-31,33.582908630371094,26219100
2020-04-01,30.70459747314453,29219500
2020-04-02,31.278675079345703,29532100
2020-04-03,29.891347885131836,25327100
2020-04-06,32.785587310791016,30064700
2020-04-07,32.88924789428711,35220700
2020-04-08,35.289154052734375,32944800
2020-04-09,37.80070495605469,43637200
2020-04-13,37.21866226196289,27944300
2020-04-14,36.21403884887695,40466200
2020-04-15,34.17292404174805,32249000
2020-04-16,32.30720520019531,37756000
2020-04-17,36.237972259521484,41252900
2020-04-20,35.08982849121094,33471900
2020-04-21,33.14438247680664,35336200
2020-04-22,33.678585052490234,21888100
2020-04-23,33.85399627685547,23970700
2020-04-24,34.3642692565918,26282100
2020-04-27,37.12298583984375,30929200
2020-04-28,37.64124298095703,28973300
2020-04-29,40.073055267333984,32941100
2020-04-30,38.717620849609375,28687000
2020-05-01,36.678993225097656,28078900
2020-05-04,36.356685638427734,26340200
2020-05-05,35.4139289855957,27342900
2020-05-06,34.6081428527832,25028000
2020-05-07,35.96991729736328,29849100
2020-05-08,37.323612213134766,22905200
2020-05-11,35.510623931884766,34765200
2020-05-12,34.12467956542969,33328300
2020-05-13,32.71456527709961,35350600
2020-05-14,33.891014099121094,40976400
2020-05-15,33.778202056884766,28494900
2020-05-18,36.799869537353516,39383300
2020-05-19,35.80070495605469,27271600
2020-05-20,36.63871383666992,23841300
2020-05-21,36.25999450683594,21698300
2020-05-22,35.534786224365234,22631700
2020-05-26,38.81430435180664,34429300
2020-05-27,42.10993957519531,43660500
2020-05-28,39.61202621459961,37972800
2020-05-29,38.60480880737305,35873400
2020-06-01,39.845706939697266,22860100
2020-06-02,40.965736389160156,27651300
2020-06-03,42.98017883300781,33341800
2020-06-04,44.841522216796875,33083500
2020-06-05,47.42806625366211,44648500
2020-06-08,49.3458251953125,32587100
2020-06-09,47.94375991821289,30422900
2020-06-10,45.010746002197266,36743700
2020-06-11,38.99158477783203,62098600
2020-06-12,42.10187911987305,39040000
2020-06-15,42.690101623535156,36592100
2020-06-16,43.87458801269531,37638700
2020-06-17,42.70620346069336,23727300
2020-06-18,42.73844909667969,22280600
2020-06-19,42.641754150390625,50379300
2020-06-22,41.94878005981445,22642100
2020-06-23,42.66592788696289,22092600
2020-06-24,40.941558837890625,27207700
2020-06-25,42.44835662841797,28112400
2020-06-26,39.950462341308594,35426200
2020-06-29,40.522560119628906,22578600
2020-06-30,41.175235748291016,23360400
2020-07-01,40.5709114074707,19206900
2020-07-02,40.7320556640625,22042700
2020-07-06,41.876258850097656,22613100
2020-07-07,40.54673767089844,21235300
2020-07-08,40.99797058105469,19115300
2020-07-09,39.845706939697266,24263900
2020-07-10,42.4241943359375,28027800
2020-07-13,42.06159591674805,27151800
2020-07-14,40.40974807739258,35814400
2020-07-15,41.77151870727539,27676300
2020-07-16,41.46531677246094,18824000
2020-07-17,40.466156005859375,19747400
2020-07-20,40.40168380737305,23472600
2020-07-21,41.68286895751953,21943200
2020-07-22,41.62647247314453,17873400
2020-07-23,41.964900970458984,17090400
2020-07-24,41.634525299072266,16258900
2020-07-27,41.32833480834961,13991400
2020-07-28,41.31221389770508,13121400
2020-07-29,42.31944274902344,16991000
2020-07-30,40.98991012573242,24154600
2020-07-31,40.70503616333008,22485800
2020-08-03,41.01433181762695,15856600
2020-08-04,40.81084442138672,16230800
2020-08-05,41.543392181396484,16412400
2020-08-06,41.42129898071289,11025000
2020-08-07,42.42243957519531,21499100
2020-08-10,43.02476119995117,16850400
2020-08-11,43.75729751586914,25256500
2020-08-12,43.42357635498047,19337900
2020-08-13,43.0491828918457,13815300
2020-08-14,43.08172607421875,13861300
2020-08-17,41.85268020629883,19788700
2020-08-18,40.97362518310547,17100800
2020-08-19,40.93293380737305,20837300
2020-08-20,40.35504150390625,15920900
2020-08-21,40.12713623046875,17416000
2020-08-24,41.55967330932617,19745100
2020-08-25,42.039886474609375,17244800
2020-08-26,41.388736724853516,14541600
2020-08-27,42.09685516357422,19393500
2020-08-28,42.552669525146484,16990300
2020-08-31,41.60849380493164,16280100
2020-09-01,41.673622131347656,16903400
2020-09-02,42.28407287597656,15348600
2020-09-03,41.91780090332031,25003200
2020-09-04,42.748008728027344,25124000
2020-09-08,41.543392181396484,28128600
2020-09-09,41.8364143371582,19193900
2020-09-10,41.470130920410156,22324400
2020-09-11,41.51082229614258,21033200
2020-09-14,39.19111251831055,58798300
2020-09-15,36.47254180908203,84689700
2020-09-16,37.4574089050293,45484600
2020-09-17,37.05858612060547,28741600
2020-09-18,36.51325607299805,33201700
2020-09-21,35.75628662109375,33469700
2020-09-22,35.23537063598633,25799200
2020-09-23,34.06329345703125,28780200
2020-09-24,34.34002685546875,31259200
2020-09-25,34.20166015625,26917200
2020-09-28,35.27607345581055,21204600
2020-09-29,34.52723693847656,20694300
2020-09-30,35.08885955810547,22533400
2020-10-01,35.35744857788086,21900500
2020-10-02,35.536521911621094,23899200
2020-10-05,36.5539436340332,24170600
2020-10-06,36.1469841003418,29505900
2020-10-07,36.49697494506836,22135800
2020-10-08,36.39929962158203,28630700
2020-10-09,36.570213317871094,25595600
2020-10-12,37.34347152709961,24070200
2020-10-13,35.552799224853516,49899100
2020-10-14,35.023738861083984,30260500
2020-10-15,35.49582290649414,26408000
2020-10-16,35.15398025512695,25998000
2020-10-19,34.917930603027344,22793600
2020-10-20,35.422576904296875,21255900
2020-10-21,35.0074577331543,19816300
2020-10-22,35.772560119628906,21341200
2020-10-23,35.772560119628906,18486500
2020-10-26,35.21094512939453,24928100
2020-10-27,34.08772277832031,24251700
2020-10-28,33.477272033691406,27485000
2020-10-29,33.90864181518555,23351000
2020-10-30,34.13113784790039,26962800
2020-11-02,34.78211212158203,24310800
2020-11-03,35.86983108520508,29985200
2020-11-04,34.674991607666016,25956400
2020-11-05,35.49078369140625,24945100
2020-11-06,35.19412612915039,17705200
2020-11-09,39.256568908691406,56895200
2020-11-10,39.26481628417969,33275800
2020-11-11,40.31956481933594,29719600
2020-11-12,39.78395462036133,28457400
2020-11-13,40.097076416015625,18632500
2020-11-16,41.53089141845703,26699400
2020-11-17,41.80281448364258,18970000
2020-11-18,42.06650161743164,25824000
2020-11-19,42.96468734741211,20262400
2020-11-20,42.5609245300293,15471100
2020-11-23,43.920555114746094,28923200
2020-11-24,47.01889419555664,32890900
2020-11-25,47.01889419555664,28250500
2020-11-27,46.69751739501953,14267100
2020-11-30,45.37908935546875,23359300
2020-12-01,45.70869445800781,23497900
2020-12-02,47.13426208496094,26796800
2020-12-03,46.62336349487305,18776100
2020-12-04,48.30437469482422,24696000
2020-12-07,47.900596618652344,21280900
2020-12-08,48.090126037597656,15511700
2020-12-09,48.57630157470703,27278200
2020-12-10,49.853538513183594,25866600
2020-12-11,48.5598258972168,20960000
2020-12-14,48.40325927734375,19688300
2020-12-15,49.16960144042969,16044400
2020-12-16,49.235530853271484,14988300
2020-12-17,49.48272705078125,18229900
2020-12-18,48.66694641113281,28712700
2020-12-21,50.455078125,31906100
2020-12-22,48.83174514770508,17851600
2020-12-23,50.08427047729492,16579100
2020-12-24,49.91123580932617,6824400
2020-12-28,50.3726806640625,14414600
2020-12-29,50.1913948059082,10800400
2020-12-30,50.15019226074219,10770700
2020-12-31,50.809410095214844,12500700
2021-01-04,49.55690383911133,21286200
2021-01-05,50.84238052368164,20213100
2021-01-06,53.767662048339844,38106600
2021-01-07,54.40216064453125,24161000
2021-01-08,53.86655044555664,20747800
2021-01-11,54.74824905395508,20454000
2021-01-12,54.93777847290039,20162800
2021-01-13,55.09435272216797,18541900
2021-01-14,56.86600875854492,29108900
2021-01-15,52.92715835571289,38295300
2021-01-19,52.48218536376953,27022400
2021-01-20,52.11960983276367,17448900
2021-01-21,50.98246765136719,19394600
2021-01-22,50.53749465942383,24740400
2021-01-25,49.902984619140625,25754100
2021-01-26,50.1913948059082,18760900
2021-01-27,48.94710922241211,24657200
2021-01-28,49.721702575683594,19986200
2021-01-29,48.192562103271484,27078300
2021-02-01,48.558231353759766,16073000
2021-02-02,49.51394271850586,18693400
2021-02-03,50.77713394165039,18730600
2021-02-04,51.86581039428711,16612900
2021-02-05,52.00708770751953,13493800
2021-02-08,52.89630889892578,15055400
2021-02-09,52.45585632324219,12336900
2021-02-10,52.871376037597656,12680700
2021-02-11,52.522335052490234,12108300
2021-02-12,52.87969207763672,12174600
2021-02-16,53.28691101074219,19065400
2021-02-17,53.81877136230469,20279600
2021-02-18,52.75502014160156,14833200
2021-02-19,54.66644287109375,20456200
2021-02-22,54.45036315917969,23120700
2021-02-23,55.464256286621094,26712100
2021-02-24,57.010005950927734,20752900
2021-02-25,56.021060943603516,25206100
2021-02-26,54.749542236328125,24182200
2021-03-01,57.79119110107422,28054600
2021-03-02,57.267635345458984,19200600
2021-03-03,58.48927307128906,25157600
2021-03-04,58.01557922363281,28518400
2021-03-05,58.364627838134766,25406800
2021-03-08,60.01841354370117,27351100
2021-03-09,58.99620819091797,24194900
2021-03-10,61.289913177490234,21331100
2021-03-11,60.92423629760742,17499200
2021-03-12,62.47832489013672,17210600
2021-03-15,61.68050765991211,18918100
2021-03-16,60.94087600708008,15834800
2021-03-17,61.16524887084961,19337500
2021-03-18,61.36470413208008,23857900
2021-03-19,60.67493438720703,24079400
2021-03-22,59.80232620239258,15040000
2021-03-23,58.92972946166992,16238700
2021-03-24,58.239959716796875,17089600
2021-03-25,59.60288619995117,18357300
2021-03-26,60.68324279785156,15716600
2021-03-29,59.48652267456055,17822300
2021-03-30,60.63338088989258,15615900
2021-03-31,60.458858489990234,15224800
2021-04-01,60.7829704284668,15251300
2021-04-05,60.458858489990234,16128400
2021-04-06,60.3342170715332,12908400
2021-04-07,60.408992767333984,14081400
2021-04-08,60.10981750488281,13677100
2021-04-09,60.184600830078125,14586400
2021-04-12,60.408992767333984,12002400
2021-04-13,59.88542938232422,16150000
2021-04-14,60.59183120727539,19476600
2021-04-15,60.28435134887695,31333400
2021-04-16,60.209537506103516,28478400
2021-04-19,59.94359588623047,19964800
2021-04-20,57.99897384643555,22013000
2021-04-21,58.713661193847656,16334800
2021-04-22,58.01557922363281,16037600
2021-04-23,59.32032012939453,18876100
2021-04-26,60.00177001953125,13098600
2021-04-27,60.658302307128906,13357500
2021-04-28,60.59183120727539,14420400
2021-04-29,61.36470413208008,20628400
2021-04-30,59.615718841552734,23669300
2021-05-03,60.00902557373047,16026100
2021-05-04,60.527870178222656,23071400
2021-05-05,61.68269729614258,19427200
2021-05-06,62.578102111816406,19621800
2021-05-07,62.82915496826172,16937400
2021-05-10,62.870994567871094,19628200
2021-05-11,62.65342712402344,21534800
2021-05-12,62.11783981323242,19791300
2021-05-13,63.004886627197266,18622300
2021-05-14,64.06764221191406,14122700
2021-05-17,64.7873306274414,14676300
2021-05-18,64.11787414550781,13729600
2021-05-19,63.983978271484375,23283600
2021-05-20,63.76639938354492,15244300
2021-05-21,64.97982025146484,18544500
2021-05-24,65.29781341552734,16750200
2021-05-25,64.6701889038086,20015800
2021-05-26,64.87102508544922,15243400
2021-05-27,65.90869903564453,17467000
2021-05-28,65.86682891845703,14392800
2021-06-01,66.74552154541016,15450500
2021-06-02,66.8292007446289,15285600
2021-06-03,66.6367416381836,22255800
2021-06-04,66.51957702636719,13807000
2021-06-07,66.36893463134766,12670100
2021-06-08,66.17646789550781,15399100
2021-06-09,65.38985443115234,13778400
2021-06-10,64.34381866455078,15277400
2021-06-11,64.00072479248047,18043500
2021-06-14,62.89610290527344,18304400
2021-06-15,61.774742126464844,25191700
2021-06-16,59.79982376098633,53319800
2021-06-17,57.62407684326172,48523000
2021-06-18,56.57804489135742,44582900
2021-06-21,57.280975341796875,30266600
2021-06-22,57.707767486572266,21564600
2021-06-23,58.28517150878906,19672700
2021-06-24,59.68267059326172,23900400
2021-06-25,59.87515640258789,26727400
2021-06-28,59.84168243408203,17660900
2021-06-29,58.31028366088867,28696900
2021-06-30,59.20569610595703,18502300
2021-07-01,59.423255920410156,12584800
2021-07-02,58.92116165161133,13222700
2021-07-06,57.08013916015625,24672200
2021-07-07,56.84583282470703,19342700
2021-07-08,55.84164047241211,24763600
2021-07-09,57.280975341796875,18872600
2021-07-12,58.109439849853516,19600600
2021-07-13,57.21403121948242,18962400
2021-07-14,57.04665756225586,36287800
2021-07-15,57.280975341796875,18897200
2021-07-16,55.983890533447266,19289000
2021-07-19,54.460872650146484,33318600
2021-07-20,55.473426818847656,20577900
2021-07-21,56.81235122680664,23393200
2021-07-22,56.00899887084961,16524900
2021-07-23,55.824886322021484,13443300
2021-07-26,56.71193313598633,16434000
2021-07-27,56.887672424316406,17127700
2021-07-28,56.988075256347656,20275900
2021-07-29,57.58222961425781,22261700
2021-07-30,57.008941650390625,18078200
2021-08-02,57.101680755615234,16616700
2021-08-03,58.07121658325195,21041500
2021-08-04,57.7677001953125,14416300
2021-08-05,58.754119873046875,14361600
2021-08-06,59.91755676269531,23915400
2021-08-09,60.296939849853516,15619800
2021-08-10,61.527828216552734,17920100
2021-08-11,62.640708923339844,18676100
2021-08-12,62.497371673583984,14181400
2021-08-13,61.63745880126953,13362800
2021-08-16,60.78593444824219,15532800
2021-08-17,60.381248474121094,14623000
2021-08-18,59.95970916748047,13970600
2021-08-19,58.88058090209961,21047300
2021-08-20,59.226226806640625,14028800
2021-08-23,59.76580047607422,13079500
2021-08-24,60.73533630371094,12669300
2021-08-25,61.69645309448242,17766600
2021-08-26,61.072566986083984,14135600
2021-08-27,61.53626251220703,13669400
2021-08-30,60.42341232299805,12687400
2021-08-31,60.625755310058594,17285900
2021-09-01,60.119903564453125,15114800
2021-09-02,60.28007888793945,13533400
2021-09-03,60.001861572265625,13683300
2021-09-07,59.706783294677734,14663600
2021-09-08,59.04918670654297,14861800
2021-09-09,59.403282165527344,14212900
2021-09-10,58.652950286865234,15422800
2021-09-13,59.45386505126953,16337300
2021-09-14,57.9869270324707,26568900
2021-09-15,59.39484786987305,22392100
2021-09-16,59.01547622680664,19245400
2021-09-17,58.98173904418945,30768300
2021-09-20,56.73917007446289,36955400
2021-09-21,56.43564987182617,21169900
2021-09-22,57.53164291381836,21160200
2021-09-23,59.75737762451172,21451500
2021-09-24,60.01029586791992,15788400
2021-09-27,60.92083740234375,19857500
2021-09-28,60.170494079589844,20835000
2021-09-29,60.305389404296875,13683900
2021-09-30,59.1672248840332,22090900
2021-10-01,60.01029586791992,23701900
2021-10-04,60.10304260253906,18957200
2021-10-05,61.148460388183594,15587200
2021-10-06,61.05570602416992,15997200
2021-10-07,60.86181640625,15349900
2021-10-08,60.99669647216797,11960700
2021-10-11,60.43184280395508,14985500
2021-10-12,59.55504608154297,17593400
2021-10-13,59.23466491699219,23451900
2021-10-14,59.68993377685547,24707900
2021-10-15,60.94612121582031,21884500
2021-10-18,60.372833251953125,15026100
2021-10-19,60.49927520751953,15173900
2021-10-20,60.54986572265625,14350400
2021-10-21,59.445430755615234,18519000
2021-10-22,60.170494079589844,14625100
2021-10-25,59.7152214050293,15103000
2021-10-26,59.563472747802734,18647900
2021-10-27,59.27681350708008,25475900
2021-10-28,59.75737762451172,16367800
2021-10-29,58.72986602783203,22403000
2021-11-01,59.11199188232422,19106600
2021-11-02,58.25430679321289,25539000
2021-11-03,58.5939826965332,21755600
2021-11-04,56.89561462402344,32148900
2021-11-05,56.887115478515625,20902600
2021-11-08,58.126930236816406,25122000
2021-11-09,57.73630905151367,18513000
2021-11-10,57.923133850097656,19290200
2021-11-11,58.48358917236328,20296200
2021-11-12,58.72986602783203,13867400
2021-11-15,58.373191833496094,12965100
2021-11-16,57.524009704589844,19042800
2021-11-17,56.76823806762695,16468300
2021-11-18,56.98902893066406,14994700
2021-11-19,56.33514404296875,19766900
2021-11-22,56.9295768737793,24020500
2021-11-23,57.80423355102539,18142200
2021-11-24,57.13337326049805,14975500
2021-11-26,55.621826171875,24542000
2021-11-29,55.231201171875,24340700
2021-11-30,54.093292236328125,35574000
2021-12-01,53.09125518798828,27379200
2021-12-02,54.186702728271484,24890700
2021-12-03,53.295047760009766,25458700
2021-12-06,53.09125518798828,25105500
2021-12-07,53.4139404296875,28301200
2021-12-08,53.0402946472168,20697200
2021-12-09,52.76854705810547,29960500
2021-12-10,51.554222106933594,39726500
2021-12-13,51.10414123535156,20489500
2021-12-14,51.494773864746094,19571100
2021-12-15,51.15509796142578,33861300
2021-12-16,51.85993194580078,25688300
2021-12-17,50.560672760009766,47383500
2021-12-20,49.490692138671875,31619600
2021-12-21,50.42479705810547,23175100
2021-12-22,50.61161804199219,14760600
2021-12-23,51.12962341308594,15223300
2021-12-27,51.503273010253906,14035400
2021-12-28,51.4777946472168,12697900
2021-12-29,51.409854888916016,13284000
2021-12-30,51.31645202636719,11380500
2021-12-31,51.282474517822266,12307200
2022-01-03,53.583778381347656,30508500
2022-01-04,53.999881744384766,30303600
2022-01-05,53.37147521972656,25149100
2022-01-06,55.12080764770508,33334200
2022-01-07,55.859596252441406,26548200
2022-01-10,56.0718994140625,28693700
2022-01-11,56.98902893066406,23453000
2022-01-12,57.13337326049805,27976200
2022-01-13,57.55796432495117,29222000
2022-01-14,56.83616638183594,35994400
2022-01-18,55.451995849609375,26353600
2022-01-19,54.551841735839844,22817100
2022-01-20,54.73867416381836,22794100
2022-01-21,53.728145599365234,28637900
2022-01-24,53.244102478027344,38601700
2022-01-25,54.44145202636719,34371100
2022-01-26,54.98493957519531,31803400
2022-01-27,54.47542953491211,24674000
2022-01-28,54.93397903442383,20953500
2022-01-31,55.299137115478516,23067400
2022-02-01,56.52197265625,26868400
2022-02-02,56.24174499511719,18194200
2022-02-03,55.41802215576172,18219100
2022-02-04,56.556339263916016,23267900
2022-02-07,56.79598617553711,20081600
2022-02-08,57.446441650390625,23191000
2022-02-09,58.06268310546875,20902700
2022-02-10,57.77167892456055,22522300
2022-02-11,57.47212600708008,27226700
2022-02-14,56.8815803527832,24544000
2022-02-15,57.34375,15487600
2022-02-16,57.300941467285156,13067400
2022-02-17,55.383792877197266,23150000
2022-02-18,54.89593505859375,18114800
2022-02-22,54.68196487426758,19057000
2022-02-23,54.1085319519043,17563500
2022-02-24,51.92604446411133,46453500
2022-02-25,53.047245025634766,30518900
2022-02-28,50.693580627441406,48212900
2022-03-01,50.14582061767578,51389000
2022-03-02,50.97602462768555,60206500
2022-03-03,49.315616607666016,54027300
2022-03-04,48.4340705871582,54263000
2022-03-07,47.543949127197266,49710700
2022-03-08,46.96195983886719,43858100
2022-03-09,47.88630676269531,32757100
2022-03-10,46.970516204833984,31942500
2022-03-11,46.354286193847656,20550900
2022-03-14,46.41420364379883,25046000
2022-03-15,47.1673698425293,20747100
2022-03-16,48.613800048828125,31659800
2022-03-17,49.033180236816406,21432300
2022-03-18,49.084537506103516,30900500
2022-03-21,48.76785659790039,21661200
2022-03-22,49.21291732788086,23407400
2022-03-23,48.22865676879883,23070200
2022-03-24,48.28857421875,16770200
2022-03-25,48.562442779541016,21206300
2022-03-28,47.860633850097656,25546300
2022-03-29,48.331356048583984,21463500
2022-03-30,47.04754638671875,32222400
2022-03-31,45.70382308959961,29202400
2022-04-01,44.78803253173828,40073100
2022-04-04,45.19029235839844,29296200
2022-04-05,44.1461296081543,23065500
2022-04-06,43.24745559692383,25196600
2022-04-07,42.819515228271484,28689900
2022-04-08,43.54701232910156,26853300
2022-04-11,43.26457595825195,20895700
2022-04-12,43.08483123779297,18755500
2022-04-13,42.92222213745117,21194200
2022-04-14,43.58980178833008,34043100
2022-04-18,44.77091979980469,28396300
2022-04-19,45.292999267578125,19996800
2022-04-20,45.44706344604492,20532800
2022-04-21,45.04479217529297,15952900
2022-04-22,43.84657669067383,23073900
2022-04-25,43.76097869873047,22079300
2022-04-26,42.990684509277344,18335800
2022-04-27,42.45147705078125,24707500
2022-04-28,42.810951232910156,20112100
2022-04-29,41.686859130859375,21844900
2022-05-02,42.11920166015625,25904000
2022-05-03,43.32112121582031,25374500
2022-05-04,45.16291809082031,26643600
2022-05-05,44.367408752441406,25756000
2022-05-06,44.635467529296875,25912900
2022-05-09,43.13953399658203,28888400
2022-05-10,42.153785705566406,31054700
2022-05-11,41.211273193359375,30179000
2022-05-12,40.26011657714844,36301500
2022-05-13,41.19397735595703,21739400
2022-05-16,41.03833770751953,16919100
2022-05-17,44.14258575439453,46643400
2022-05-18,42.646663665771484,32181600
2022-05-19,43.04442596435547,27279400
2022-05-20,43.018470764160156,29025500
2022-05-23,45.62985610961914,35166800
2022-05-24,45.552032470703125,24344800
2022-05-25,45.56932830810547,23507900
2022-05-26,46.7712516784668,19140700
2022-05-27,46.36484909057617,19509300
2022-05-31,46.18325424194336,25805400
2022-06-01,45.301273345947266,23902000
2022-06-02,45.33586883544922,17473600
2022-06-03,44.38469696044922,16550000
2022-06-06,44.44523239135742,18473200
2022-06-07,45.05051040649414,15528800
2022-06-08,44.45387268066406,13207700
2022-06-09,43.208717346191406,14272900
2022-06-10,41.25450897216797,28910800
2022-06-13,39.50782012939453,30308400
2022-06-14,39.741294860839844,25223600
2022-06-15,41.1421012878418,30001500
2022-06-16,40.54545974731445,24744900
2022-06-17,40.225521087646484,35111400
2022-06-21,41.470680236816406,20289700
2022-06-22,40.813514709472656,19752800
2022-06-23,40.078529357910156,24137200
2022-06-24,41.38420867919922,27322600
2022-06-27,41.35826873779297,21198200
2022-06-28,40.82216262817383,21643600
2022-06-29,40.72705078125,20981000
2022-06-30,39.767234802246094,21207900
2022-07-01,40.528160095214844,16539600
2022-07-05,40.3033447265625,19156800
2022-07-06,39.90558624267578,14952800
2022-07-07,40.58004379272461,15598900
2022-07-08,40.48493194580078,11789900
2022-07-11,39.94017028808594,12778200
2022-07-12,39.8882942199707,16966700
2022-07-13,39.34354019165039,21793600
2022-07-14,38.16755676269531,27337600
2022-07-15,43.21735763549805,86566200
2022-07-18,43.29518127441406,26042500
2022-07-19,45.07645034790039,28113600
2022-07-20,45.35315704345703,24546500
2022-07-21,45.474212646484375,18261900
2022-07-22,44.88623046875,14903400
2022-07-25,45.102394104003906,16794700
2022-07-26,44.44523239135742,18960800
2022-07-27,45.26668930053711,17087300
2022-07-28,45.16291809082031,12729200
2022-07-29,45.320098876953125,16783500
2022-08-01,45.33756637573242,13051800
2022-08-02,44.315895080566406,17378500
2022-08-03,45.06686782836914,13570600
2022-08-04,44.76123809814453,10152200
2022-08-05,45.110530853271484,13868800
2022-08-08,44.94462203979492,11594400
2022-08-09,45.48601150512695,9739300
2022-08-10,46.446556091308594,32416200
2022-08-11,47.15385437011719,13450300
2022-08-12,47.48568344116211,15493600
2022-08-15,47.214988708496094,11595200
2022-08-16,47.311038970947266,14708000
2022-08-17,46.94428634643555,13370800
2022-08-18,46.76091003417969,10573300
2022-08-19,45.94009017944336,14798800
2022-08-22,44.752506256103516,16749600
2022-08-23,44.490535736083984,11126100
2022-08-24,44.542938232421875,11159300
2022-08-25,45.45981216430664,12569000
2022-08-26,43.468868255615234,20049700
2022-08-29,43.1108512878418,15103100
2022-08-30,42.85763168334961,16735500
2022-08-31,42.62186050415039,16582100
2022-09-01,42.569461822509766,14470900
2022-09-02,42.64804458618164,15568100
2022-09-06,42.106658935546875,15544500
2022-09-07,42.46467590332031,15413900
2022-09-08,43.57366943359375,18088800
2022-09-09,44.24604034423828,18711800
2022-09-12,44.42068099975586,13506500
2022-09-13,42.78776168823242,22148200
2022-09-14,42.2900276184082,25701700
2022-09-15,42.298763275146484,16556900
2022-09-16,42.01060104370117,19995600
2022-09-19,42.12411880493164,14716100
2022-09-20,41.2596321105957,16650200
2022-09-21,40.45627212524414,18641800
2022-09-22,39.80134963989258,18443100
2022-09-23,38.64870071411133,30918000
2022-09-26,37.53972244262695,23684400
2022-09-27,37.1904296875,21255500
2022-09-28,37.89773941040039,19818100
2022-09-29,37.015777587890625,20982200
2022-09-30,36.387062072753906,22266400
2022-10-03,37.16423416137695,22001000
2022-10-04,38.779685974121094,20660000
2022-10-05,38.28195571899414,15458500
2022-10-06,37.600833892822266,17738400
2022-10-07,36.84113693237305,18101300
2022-10-10,36.325931549072266,13768800
2022-10-11,35.32174301147461,20176100
2022-10-12,35.662288665771484,20862200
2022-10-13,37.504783630371094,27964900
2022-10-14,37.74928665161133,28885100
2022-10-17,38.06364440917969,20835400
2022-10-18,38.552650451660156,21302100
2022-10-19,37.845340728759766,15142800
2022-10-20,37.47859573364258,15421600
2022-10-21,38.64870071411133,18783600
2022-10-24,38.779685974121094,14392300
2022-10-25,39.574317932128906,20085700
2022-10-26,39.65290069580078,16516200
2022-10-27,39.679107666015625,15687900
2022-10-28,40.2816276550293,13457900
2022-10-31,40.04584884643555,15600400
2022-11-01,40.36021423339844,15505200
2022-11-02,39.775146484375,20306800
2022-11-03,38.928138732910156,16025800
2022-11-04,39.86445999145508,15204100
2022-11-07,40.39445495605469,11792300
2022-11-08,40.73894500732422,16737100
2022-11-09,40.067623138427734,13299000
2022-11-10,42.77060317993164,27915500
2022-11-11,44.33407974243164,26009200
2022-11-14,43.30058670043945,19631600
2022-11-15,43.30942916870117,19839400
2022-11-16,42.726436614990234,18052100
2022-11-17,42.62042999267578,11962700
2022-11-18,42.982601165771484,12884300
2022-11-21,43.17693328857422,9884100
2022-11-22,43.57442092895508,13132000
2022-11-23,42.61159896850586,22863300
2022-11-25,42.655765533447266,6823600
2022-11-28,41.71944808959961,18987100
2022-11-29,42.01976776123047,12224700
2022-11-30,42.76176834106445,23993100
2022-12-01,42.20526885986328,19797600
2022-12-02,41.728275299072266,12745400
2022-12-05,40.31495666503906,20397500
2022-12-06,39.731956481933594,22160800
2022-12-07,39.45812225341797,20233400
2022-12-08,39.47578811645508,15622200
2022-12-09,39.6259651184082,14030600
2022-12-12,40.4297981262207,19045100
2022-12-13,41.15411376953125,25655400
2022-12-14,40.61528015136719,16587500
2022-12-15,39.41395568847656,20201900
2022-12-16,39.17546081542969,26955400
2022-12-19,38.804466247558594,18019100
2022-12-20,38.69847106933594,14412700
2022-12-21,39.58179473876953,22492300
2022-12-22,38.85747146606445,24476100
2022-12-23,39.09596252441406,15143800
2022-12-27,39.210792541503906,14777800
2022-12-28,39.41395568847656,12882200
2022-12-29,39.89096450805664,14124100
2022-12-30,39.95278549194336,11802800
2023-01-03,40.43862533569336,19564000
2023-01-04,41.48093795776367,21507200
2023-01-05,41.295440673828125,12314900
2023-01-06,41.79010772705078,16736300
2023-01-09,41.9932746887207,16745500
2023-01-10,42.56743621826172,12429900
2023-01-11,43.026756286621094,17143700
2023-01-12,43.362422943115234,16287800
2023-01-13,44.0955810546875,28037000
2023-01-17,44.44008255004883,28193500
2023-01-18,43.66275405883789,18952000
2023-01-19,43.60974884033203,14869100
2023-01-20,45.12908172607422,19957300
2023-01-23,45.91523742675781,18531200
2023-01-24,45.42056655883789,13303200
2023-01-25,45.844566345214844,20719000
2023-01-26,46.10073471069336,22393300
2023-01-27,45.809234619140625,18294000
2023-01-30,45.71207046508789,11126200
2023-01-31,46.12723922729492,34823400
2023-02-01,46.06540298461914,22111900
2023-02-02,46.12723922729492,22331700
2023-02-03,45.449283599853516,20050600
2023-02-06,45.36900329589844,16152000
2023-02-07,45.60984802246094,14361000
2023-02-08,45.62769317626953,13242300
2023-02-09,44.58400344848633,16794900
2023-02-10,44.69996643066406,16519900
2023-02-13,45.4938850402832,11626900
2023-02-14,46.038028717041016,16283300
2023-02-15,46.22535705566406,9216600
2023-02-16,45.90421676635742,9398000
2023-02-17,45.8685417175293,12297700
2023-02-21,44.45912551879883,22899200
2023-02-22,44.63752365112305,14431500
2023-02-23,44.94082260131836,12550700
2023-02-24,44.762420654296875,14547300
2023-02-27,45.021114349365234,14190200
2023-02-28,45.21735763549805,12932400
2023-03-01,45.939903259277344,15966000
2023-03-02,45.85069274902344,18104500
2023-03-03,46.69813919067383,15879900
2023-03-06,46.54648208618164,12693300
2023-03-07,45.56525802612305,30953800
2023-03-08,45.208431243896484,12847700
2023-03-09,43.35300064086914,29460100
2023-03-10,43.121070861816406,29770800
2023-03-13,39.90973663330078,50709200
2023-03-14,42.28255081176758,42165900
2023-03-15,39.98109436035156,41832800
2023-03-16,40.69472885131836,28877300
2023-03-17,39.47264099121094,37130200
2023-03-20,39.32991027832031,31899900
2023-03-21,40.2041015625,29835600
2023-03-22,38.99093246459961,21672000
2023-03-23,38.759002685546875,24112600
2023-03-24,38.45571517944336,25453900
2023-03-27,39.94540786743164,29335200
2023-03-28,40.337913513183594,16206000
2023-03-29,40.989105224609375,15047000
2023-03-30,41.09614944458008,14226400
2023-03-31,41.82761764526367,16009200
2023-04-03,41.66705322265625,16633100
2023-04-04,41.11398696899414,15542400
2023-04-05,40.82853698730469,11739100
2023-04-06,40.90882110595703,11918100
2023-04-10,41.49757385253906,11777100
2023-04-11,42.10414505004883,14177300
2023-04-12,41.85437774658203,14330900
2023-04-13,42.19335174560547,15578900
2023-04-14,44.209354400634766,33064500
2023-04-17,44.325321197509766,19590400
2023-04-18,44.67321014404297,16616200
2023-04-19,44.95866012573242,14894000
2023-04-20,44.06663131713867,20410200
2023-04-21,43.73657989501953,14377300
2023-04-24,43.73657989501953,11208800
2023-04-25,42.728572845458984,15374000
2023-04-26,41.80085754394531,16984600
2023-04-27,41.95249938964844,16541400
2023-04-28,42.44850158691406,15222100
2023-05-01,42.610836029052734,18314800
2023-05-02,41.48356246948242,19450100
2023-05-03,41.18595504760742,14533500
2023-05-04,40.4915657043457,20601800
2023-05-05,41.77213668823242,13384500
2023-05-08,41.8082160949707,8760900
2023-05-09,41.95249938964844,10188800
2023-05-10,41.817230224609375,11840000
2023-05-11,41.51061248779297,11222800
2023-05-12,40.98755645751953,12812800
2023-05-15,41.528648376464844,11911300
2023-05-16,40.83424758911133,9201200
2023-05-17,42.45751953125,16359100
2023-05-18,41.835262298583984,17618000
2023-05-19,41.22202682495117,15416200
2023-05-22,41.29417419433594,14471000
2023-05-23,41.40239715576172,13797100
2023-05-24,40.12181854248047,23744900
2023-05-25,39.88734817504883,18109400
2023-05-26,40.22100830078125,11962600
2023-05-30,40.31119918823242,12431100
2023-05-31,39.96849822998047,18154100
2023-06-01,40.43744659423828,15757100
2023-06-02,41.77213668823242,19455600
2023-06-05,41.69999313354492,11004700
2023-06-06,42.58378219604492,14189200
2023-06-07,43.296207427978516,15457400
2023-06-08,43.37736511230469,12058600
2023-06-09,43.5577278137207,11744000
2023-06-12,43.69300079345703,13801000
2023-06-13,43.9094352722168,14062700
2023-06-14,43.503623962402344,22053000
2023-06-15,43.792213439941406,14926100
2023-06-16,43.458534240722656,18223000
2023-06-20,42.935482025146484,12777700
2023-06-21,42.7551155090332,10550700
2023-06-22,42.05170440673828,11841900
2023-06-23,41.5015983581543,13249100
2023-06-26,41.69999313354492,13253900
2023-06-27,41.84428024291992,11863300
2023-06-28,41.69097900390625,13394900
2023-06-29,41.745079040527344,18840800
2023-06-30,41.51963424682617,15228200
2023-07-03,42.15090560913086,10159900
2023-07-05,42.20500946044922,11852900
2023-07-06,40.924434661865234,17431400
2023-07-07,41.24908447265625,13160700
2023-07-10,41.18595504760742,14307600
2023-07-11,41.96152114868164,14131700
2023-07-12,42.72806930541992,17960500
2023-07-13,42.99860382080078,26210700
2023-07-14,41.25810241699219,38634500
2023-07-17,41.7180290222168,18521400
2023-07-18,42.403411865234375,24678000
2023-07-19,42.854312896728516,15789100
2023-07-20,42.7551155090332,17647200
2023-07-21,42.43046951293945,18251600
2023-07-24,42.98056411743164,19006200
2023-07-25,42.46653366088867,14729900
2023-07-26,42.8272590637207,12267900
2023-07-27,43.17897415161133,25162700
2023-07-28,42.7551155090332,20871700
2023-07-31,42.98056411743164,14377200
2023-08-01,42.44850158691406,15219100
2023-08-02,41.76312255859375,13101100
2023-08-03,41.67293930053711,13467100
2023-08-04,41.7003059387207,18329500
2023-08-07,41.809776306152344,16972000
2023-08-08,41.19855499267578,18524500
2023-08-09,40.54171371459961,13957100
2023-08-10,40.45048522949219,12112300
2023-08-11,40.660308837890625,11973200
2023-08-14,40.23154067993164,14280300
2023-08-15,39.41960906982422,17125100
2023-08-16,38.89960479736328,13963600
2023-08-17,38.73539733886719,16123600
2023-08-18,38.54381561279297,12908700
2023-08-21,38.379608154296875,14486300
2023-08-22,37.42171096801758,20507900
2023-08-23,37.47645568847656,16214500
2023-08-24,37.47645568847656,15579600
2023-08-25,37.622413635253906,16881900
2023-08-28,37.69539260864258,14125900
2023-08-29,38.0603141784668,13199700
2023-08-30,37.74100875854492,18211400
2023-08-31,37.66802978515625,17795700
2023-09-01,37.94171142578125,12413500
2023-09-05,37.73189163208008,15843400
2023-09-06,37.74100875854492,13675200
2023-09-07,37.15715408325195,12406100
2023-09-08,37.02943420410156,15055400
2023-09-11,37.02943420410156,11404200
2023-09-12,38.02382278442383,24774700
2023-09-13,38.653289794921875,31031900
2023-09-14,39.355751037597656,19422800
2023-09-15,38.963462829589844,22983200
2023-09-18,38.89960479736328,10467400
2023-09-19,38.93609619140625,11031700
2023-09-20,38.58942413330078,11240700
2023-09-21,38.051185607910156,12260100
2023-09-22,37.33047866821289,15438200
2023-09-25,37.42171096801758,10866800
2023-09-26,36.691890716552734,21786500
2023-09-27,36.91083908081055,15083400
2023-09-28,37.58592224121094,14409800
2023-09-29,37.522064208984375,16916100
2023-10-02,36.947330474853516,16178900
2023-10-03,36.36347198486328,19283400
2023-10-04,36.31785202026367,23342000
2023-10-05,36.381717681884766,18734100
2023-10-06,37.01118850708008,17080000
2023-10-09,37.16627883911133,14859700
2023-10-10,37.804874420166016,18902100
2023-10-11,37.8869743347168,12763900
2023-10-12,37.8869743347168,18112500
2023-10-13,37.795753479003906,32082900
2023-10-16,37.357852935791016,25044200
2023-10-17,37.58592224121094,20258100
2023-10-18,36.919952392578125,23232600
2023-10-19,36.54592514038086,17483300
2023-10-20,36.19926071166992,21396500
2023-10-23,35.47855758666992,21333500
2023-10-24,35.51504898071289,17181000
2023-10-25,35.22311782836914,15570100
2023-10-26,35.88908767700195,25109600
2023-10-27,34.885581970214844,20654700
2023-10-30,35.51504898071289,21777500
2023-10-31,36.02592086791992,16373100
2023-11-01,36.126277923583984,16011000
2023-11-02,37.7227668762207,23283600
2023-11-03,39.053497314453125,20287700
2023-11-06,38.850196838378906,20843900
2023-11-07,38.77626419067383,11463200
2023-11-08,38.64689254760742,14761600
2023-11-09,38.35117721557617,19128400
2023-11-10,38.88716506958008,11912500
2023-11-13,39.46011734008789,16332100
2023-11-14,40.99416732788086,26218500
2023-11-15,41.474708557128906,18894900
2023-11-16,41.28064727783203,14744800
2023-11-17,41.918296813964844,15573100
2023-11-20,41.825870513916016,19670300
2023-11-21,41.66877746582031,14466700
2023-11-22,41.604087829589844,9441200
2023-11-24,41.79814910888672,5941000
2023-11-27,41.659542083740234,14679700
2023-11-28,41.45622634887695,14064700
2023-11-29,42.2786979675293,14027600
2023-11-30,42.602142333984375,16249000
2023-12-01,43.64640426635742,20053400
2023-12-04,43.775779724121094,19351000
2023-12-05,43.156620025634766,14813100
2023-12-06,44.22860336303711,33903400
2023-12-07,44.82004165649414,14896800
2023-12-08,45.18044662475586,17591600
2023-12-11,44.49660110473633,17666000
2023-12-12,44.41342544555664,14735600
2023-12-13,45.5963020324707,22212500
2023-12-14,46.42802047729492,51664900
2023-12-15,46.049129486083984,35156100
2023-12-18,45.892024993896484,17871400
2023-12-19,47.06565856933594,23161500
2023-12-20,46.27091979980469,17452100
2023-12-21,46.760704040527344,13089000
2023-12-22,47.000972747802734,14440600
2023-12-26,47.44455337524414,11501500
2023-12-27,47.555450439453125,9901300
2023-12-28,47.610897064208984,10218500
2023-12-29,47.53697204589844,13149400
2024-01-02,49.015567779541016,24784900
2024-01-03,49.570037841796875,30897600
2024-01-04,49.6901741027832,23714300
2024-01-05,50.20769500732422,17782200
2024-01-08,49.911964416503906,17359500
2024-01-09,49.422183990478516,17237400
2024-01-10,48.99708557128906,16532700
2024-01-11,48.12841033935547,25444400
2024-01-12,48.62744140625,37908000
2024-01-16,47.93433380126953,21209400
2024-01-17,47.46303939819336,17393500
2024-01-18,47.23200607299805,15788100
2024-01-19,47.610897064208984,18211000
2024-01-22,48.830745697021484,21573200
2024-01-23,49.25584030151367,12962500
2024-01-24,49.2188720703125,14402200
2024-01-25,49.65321350097656,15634000
2024-01-26,49.5977668762207,14041200
2024-01-29,50.00438690185547,12158300
2024-01-30,52.75827407836914,40086100
2024-01-31,51.908077239990234,28967800
2024-02-01,51.806427001953125,21178700
2024-02-02,51.81575012207031,19283100
2024-02-05,50.845489501953125,14040600
2024-02-06,50.70554733276367,14832700
2024-02-07,50.882808685302734,13383300
2024-02-08,50.64957046508789,15822200
2024-02-09,50.369686126708984,13843300
2024-02-12,50.30438232421875,17162300
2024-02-13,49.22216033935547,17672100
2024-02-14,50.36035919189453,14891900
2024-02-15,51.507877349853516,16865000
2024-02-16,51.172019958496094,11527500
2024-02-20,51.703800201416016,16537900
2024-02-21,51.619834899902344,9317200
2024-02-22,52.151615142822266,12904800
2024-02-23,52.17959976196289,11668900
2024-02-26,51.64781951904297,12307100
2024-02-27,51.97434616088867,11039300
2024-02-28,51.35860824584961,13448100
2024-02-29,51.76910400390625,23744600
2024-03-01,51.87172317504883,12922400
2024-03-04,52.37551498413086,14314700
2024-03-05,52.48747253417969,19653900
2024-03-06,53.44841003417969,17845000
2024-03-07,53.849571228027344,14720300
2024-03-08,53.65365219116211,13028000
2024-03-11,53.56035614013672,9176900
2024-03-12,53.597679138183594,10954000
2024-03-13,53.88688278198242,12982800
2024-03-14,53.26181411743164,18833600
2024-03-15,53.746952056884766,26164300
2024-03-18,54.698551177978516,13994600
2024-03-19,54.91312789916992,13455300
2024-03-20,56.09796905517578,20269900
2024-03-21,57.217506408691406,17892100
2024-03-22,56.74169921875,16206800
2024-03-25,56.86299133300781,12040300
2024-03-26,57.52537536621094,17947400
2024-03-27,58.54228210449219,16684400
2024-03-28,58.99942398071289,19012000
2024-04-01,59.20467758178711,14223900
2024-04-02,58.626251220703125,16062000
2024-04-03,57.55336380004883,18079900
2024-04-04,56.82566833496094,13401100
2024-04-05,57.469398498535156,12686300
2024-04-08,57.59067916870117,10708300
2024-04-09,57.52537536621094,10301200
2024-04-10,56.14461898803711,18088000
2024-04-11,56.639076232910156,18181900
2024-04-12,55.67814254760742,28561900
2024-04-15,54.63324737548828,19242300
2024-04-16,53.19651412963867,23211400
2024-04-17,54.2693977355957,15971600
2024-04-18,54.40934371948242,12272500
2024-04-19,55.17435073852539,13410100
2024-04-22,56.86299133300781,14513100
2024-04-23,58.46764373779297,17427800
2024-04-24,58.28106689453125,10123000
2024-04-25,57.64665603637695,13339100
2024-04-26,58.45832443237305,16364100
2024-04-29,58.085140228271484,10857100
2024-04-30,57.217506408691406,11163400
2024-05-01,57.23615646362305,14086600
2024-05-02,57.413421630859375,11292500
2024-05-03,57.89336013793945,11048900
2024-05-06,59.1073112487793,13386700
2024-05-07,58.34505844116211,10158200
2024-05-08,59.050846099853516,9755200
2024-05-09,59.58724594116211,11563000
2024-05-10,59.78486633300781,9548700
2024-05-13,59.66252517700195,6617900
2024-05-14,59.84132385253906,8322500
2024-05-15,60.4530029296875,9461300
2024-05-16,60.358909606933594,11682200
2024-05-17,60.29302978515625,8418400
2024-05-20,59.436676025390625,11792100
2024-05-21,60.92353057861328,11197200
2024-05-22,60.05776596069336,8855300
2024-05-23,59.304927825927734,11535000
2024-05-24,59.8319206237793,9424600
2024-05-28,58.76852798461914,8404400
2024-05-29,58.35447311401367,7224200
2024-05-30,58.27918243408203,10061500
2024-05-31,58.63678741455078,17351600
2024-06-03,58.269779205322266,11373900
2024-06-04,57.432247161865234,10424200
2024-06-05,58.12862014770508,8780700
2024-06-06,58.288597106933594,8537900
2024-06-07,58.13801956176758,8260800
2024-06-10,57.808658599853516,9302300
2024-06-11,55.65365982055664,16966800
2024-06-12,56.47237014770508,15398500
2024-06-13,56.679405212402344,9358200
2024-06-14,55.83245849609375,10511000
2024-06-17,56.51942443847656,15527500
2024-06-18,57.19697570800781,15768100
2024-06-20,57.046409606933594,9519200
2024-06-21,56.453548431396484,18976200
2024-06-24,57.723968505859375,13290500
2024-06-25,57.9498176574707,11643100
2024-06-26,57.63927459716797,12409300
2024-06-27,57.92158508300781,11285100
2024-06-28,59.718990325927734,20053200
2024-07-01,59.690757751464844,15334400
2024-07-02,60.86707305908203,10965600
2024-07-03,60.660030364990234,6574100
2024-07-05,60.25539016723633,7226200
2024-07-08,60.92353057861328,10349000
2024-07-09,62.6268310546875,16904300
2024-07-10,63.031494140625,9817100
2024-07-11,61.83634567260742,20112300
2024-07-12,60.71649932861328,30125400
2024-07-15,61.299949645996094,16656600
2024-07-16,63.30438232421875,21170200
2024-07-17,63.62435531616211,17215300
2024-07-18,61.064693450927734,15796200
2024-07-19,61.299949645996094,8583100
2024-07-22,60.69767761230469,9925100
2024-07-23,60.84824752807617,6961200
2024-07-24,59.90719985961914,11591100
2024-07-25,60.57535171508789,12819700
2024-07-26,61.33759307861328,9661300
2024-07-29,60.50947189331055,7901900
2024-07-30,61.98691177368164,13554300
2024-07-31,61.05527877807617,15046500
2024-08-01,59.54960250854492,18052700
2024-08-02,55.29605484008789,30289300
2024-08-05,53.40535354614258,27977300
2024-08-06,53.73788833618164,16643100
2024-08-07,53.31034469604492,19221200
2024-08-08,55.106040954589844,17933300
2024-08-09,54.95402145385742,11421000
2024-08-12,54.95402145385742,15123500
2024-08-13,55.248558044433594,7478500
2024-08-14,56.322174072265625,12419500
2024-08-15,57.500301361083984,14159000
2024-08-16,58.33639144897461,9939700
2024-08-19,58.93495559692383,8882500
2024-08-20,58.250877380371094,8661300
2024-08-21,57.50979995727539,14414900
2024-08-22,57.40528869628906,7848500
2024-08-23,59.039466857910156,13299700
2024-08-26,58.706932067871094,9384200
2024-08-27,58.602420806884766,7294800
2024-08-28,58.50741195678711,7692900
2024-08-29,58.79244613647461,8368000
2024-08-30,59.514522552490234,10806500
2024-09-03,58.393402099609375,11055200
2024-09-04,57.918338775634766,11436800
2024-09-05,57.60481643676758,10243900
2024-09-06,56.14165115356445,14094000
2024-09-09,56.569190979003906,19811700
2024-09-10,55.058536529541016,22482300
2024-09-11,54.44096755981445,16569400
2024-09-12,54.469478607177734,12937800
2024-09-13,54.79249954223633,10379400
2024-09-16,55.476585388183594,9912700
2024-09-17,56.331668853759766,10630400
2024-09-18,56.91123580932617,13638700
2024-09-19,59.87556076049805,21860600
2024-09-20,59.039466857910156,18331800
2024-09-23,59.45751953125,11508200
2024-09-24,58.30788803100586,12046200
2024-09-25,57.367286682128906,12763800
2024-09-26,58.63092041015625,12844500
2024-09-27,58.78293991088867,8144600
2024-09-30,59.47651290893555,11316400
2024-10-01,58.7259407043457,13550100
2024-10-02,58.93495559692383,7380800
2024-10-03,58.250877380371094,7939800
2024-10-04,59.514522552490234,10097900
2024-10-07,59.47651290893555,6954300
2024-10-08,60.0845832824707,8245700
2024-10-09,60.920684814453125,8636400
2024-10-10,60.31260681152344,8708600
2024-10-11,62.4598503112793,15512400
2024-10-14,62.716373443603516,14682900
2024-10-15,59.514522552490234,35348100
2024-10-16,61.044193267822266,20208800
2024-10-17,60.778167724609375,13439600
2024-10-18,59.71404266357422,13841200
2024-10-21,58.744937896728516,12188500
2024-10-22,60.38862609863281,14347300
2024-10-23,59.951568603515625,8720500
2024-10-24,59.85655975341797,11420300
2024-10-25,58.67842483520508,9697800
2024-10-28,60.95868682861328,14637700
2024-10-29,61.46223068237305,13134100
2024-10-30,61.28171157836914,11717600
2024-10-31,60.96818542480469,10042800
2024-11-01,60.531131744384766,11557700
2024-11-04,59.764312744140625,9419600
2024-11-05,61.029571533203125,12649800
2024-11-06,66.16728973388672,41957700
2024-11-07,65.28543090820312,18582000
2024-11-08,65.78387451171875,14973300
2024-11-11,66.90536499023438,19173100
2024-11-12,66.15769958496094,15766500
2024-11-13,66.03308868408203,10525300
2024-11-14,65.32379150390625,15043500
2024-11-15,65.9084701538086,15372900
2024-11-18,66.1385269165039,11519000
2024-11-19,65.755126953125,14428200
2024-11-20,65.4483871459961,10495600
2024-11-21,66.09059143066406,11390300
2024-11-22,66.9437026977539,16671600
2024-11-25,67.81595611572266,19558100
2024-11-26,66.85742950439453,11605200
2024-11-27,67.25042724609375,9736100
2024-11-29,67.93099212646484,8606500
2024-12-02,68.42941284179688,11932600
2024-12-03,68.45818328857422,17544200
2024-12-04,68.53485870361328,12331900
2024-12-05,69.2345962524414,14307600
2024-12-06,69.15789794921875,8781100
2024-12-09,68.87992095947266,11957500
2024-12-10,69.49337768554688,16833400
2024-12-11,68.97577667236328,22533600
2024-12-12,68.46775817871094,8893000
2024-12-13,68.06517791748047,9819900
2024-12-16,68.52527618408203,11833800
2024-12-17,68.17061614990234,12639000
2024-12-18,65.29502868652344,18028000
2024-12-19,65.58258056640625,13464300
2024-12-20,66.32064819335938,27720100
2024-12-23,66.87659454345703,8248000
2024-12-24,68.05558776855469,6544900
2024-12-26,68.39107513427734,6341700
2024-12-27,68.05558776855469,7743100
2024-12-30,67.47089385986328,6664400
2024-12-31,67.47089385986328,6393000
