date,close,volume
2014-01-02,47.80743408203125,3004300
2014-01-03,47.718196868896484,2113700
2014-01-06,47.68844985961914,2583500
2014-01-07,47.733070373535156,2872100
2014-01-08,47.24235534667969,3286300
2014-01-09,48.342750549316406,4826400
2014-01-10,48.38736343383789,2956500
2014-01-13,48.09738540649414,3140800
2014-01-14,48.21634292602539,2480000
2014-01-15,48.1642951965332,2287400
2014-01-16,48.313011169433594,2636400
2014-01-17,48.104820251464844,3937400
2014-01-21,48.13456344604492,2828700
2014-01-22,47.84306335449219,2323200
2014-01-23,47.41703414916992,3263800
2014-01-24,46.63222885131836,5429400
2014-01-27,46.422950744628906,4636800
2014-01-28,46.99098587036133,3377600
2014-01-29,46.034271240234375,5682200
2014-01-30,45.95954513549805,5456400
2014-01-31,45.76519775390625,6831800
2014-02-03,44.97292709350586,6868200
2014-02-04,45.107452392578125,5220800
2014-02-05,45.1597785949707,5981000
2014-02-06,45.29432678222656,4190900
2014-02-07,45.48865509033203,3651200
2014-02-10,45.981964111328125,4451800
2014-02-11,46.63970184326172,3701400
2014-02-12,46.28093719482422,3972100
2014-02-13,46.57244110107422,3090900
2014-02-14,46.84898376464844,3116100
2014-02-18,46.63222885131836,2951100
2014-02-19,45.98942565917969,3358500
2014-02-20,46.236087799072266,2658300
2014-02-21,46.01184844970703,3166400
2014-02-24,46.30335998535156,3236300
2014-02-25,46.393062591552734,3961200
2014-02-26,46.30335998535156,3026300
2014-02-27,46.430419921875,2469700
2014-02-28,46.96110153198242,3366200
2014-03-03,46.50517272949219,2714800
2014-03-04,47.095638275146484,2937600
2014-03-05,46.80413055419922,2401100
2014-03-06,47.103111267089844,2665900
2014-03-07,47.18533706665039,1992800
2014-03-10,47.125526428222656,1955500
2014-03-11,47.3049201965332,3367300
2014-03-12,47.252593994140625,2368700
2014-03-13,47.26006317138672,2633000
2014-03-14,47.708526611328125,3620000
2014-03-17,48.13457107543945,2838300
2014-03-18,48.08971405029297,2148700
2014-03-19,47.379669189453125,2285500
2014-03-20,47.52914047241211,1978900
2014-03-21,47.43197250366211,5963400
2014-03-24,47.319862365722656,2417900
2014-03-25,47.6636848449707,3161400
2014-03-26,48.03739929199219,2737000
2014-03-27,47.88043975830078,8116000
2014-03-28,47.910335540771484,2857600
2014-03-31,48.48585510253906,3568300
2014-04-01,48.00002670288086,3089100
2014-04-02,48.05982971191406,2969600
2014-04-03,48.044864654541016,2426400
2014-04-04,48.00002670288086,2435300
2014-04-07,48.523223876953125,4229000
2014-04-08,49.05390930175781,4400900
2014-04-09,49.1286506652832,3408700
2014-04-10,49.28559875488281,6901000
2014-04-11,48.81471633911133,4838300
2014-04-14,49.22580337524414,3040300
2014-04-15,49.60701370239258,4172700
2014-04-16,50.212425231933594,3575800
2014-04-17,50.30258560180664,3599300
2014-04-21,50.22744369506836,2132200
2014-04-22,49.86674880981445,3283700
2014-04-23,49.49854278564453,3688200
2014-04-24,49.91935348510742,3992000
2014-04-25,49.776588439941406,3169500
2014-04-28,50.99394989013672,4539000
2014-04-29,50.37773895263672,4473600
2014-04-30,50.573116302490234,3839500
2014-05-01,50.3552131652832,2652400
2014-05-02,50.422828674316406,2538900
2014-05-05,50.27255630493164,2032600
2014-05-06,50.129756927490234,2012900
2014-05-07,50.52051544189453,2191000
2014-05-08,50.422828674316406,1714000
2014-05-09,50.83612823486328,2418100
2014-05-12,50.49045944213867,1690900
2014-05-13,50.54307174682617,1797000
2014-05-14,50.31763458251953,1604000
2014-05-15,49.90433883666992,2440500
2014-05-16,50.287559509277344,2840300
2014-05-19,50.14479064941406,1832500
2014-05-20,50.01704025268555,1778900
2014-05-21,50.20491409301758,1706400
2014-05-22,50.05460739135742,2679200
2014-05-23,50.14479064941406,3253500
2014-05-27,50.129756927490234,3614400
2014-05-28,49.68640899658203,3281200
2014-05-29,50.287559509277344,6367200
2014-05-30,51.399742126464844,7885400
2014-06-02,51.25694274902344,2924900
2014-06-03,50.52803039550781,3143700
2014-06-04,50.881229400634766,2659500
2014-06-05,51.06907653808594,2872700
2014-06-06,51.114166259765625,2941800
2014-06-09,51.429771423339844,2260000
2014-06-10,51.61764144897461,2931800
2014-06-11,51.565040588378906,2063900
2014-06-12,50.978919982910156,2131500
2014-06-13,50.99394989013672,1559000
2014-06-16,51.166778564453125,1810000
2014-06-17,51.0164794921875,1644400
2014-06-18,51.647705078125,2337700
2014-06-19,52.173728942871094,3072200
2014-06-20,51.38467788696289,4035200
2014-06-23,50.971397399902344,2656100
2014-06-24,51.06157302856445,2438700
2014-06-25,51.06157302856445,2117200
2014-06-26,51.02399826049805,2154600
2014-06-27,51.42224884033203,4109300
2014-06-30,51.234413146972656,2711400
2014-07-01,51.4598503112793,2150000
2014-07-02,51.45232391357422,1194200
2014-07-03,51.71534729003906,1205500
2014-07-07,51.745391845703125,1951800
2014-07-08,52.2263298034668,3835000
2014-07-09,52.33904266357422,2497500
2014-07-10,52.16621017456055,2933900
2014-07-11,52.24135971069336,1681500
2014-07-14,52.44425582885742,2198500
2014-07-15,52.34657669067383,2835200
2014-07-16,52.45986557006836,2499400
2014-07-17,51.81782531738281,2366300
2014-07-18,52.04441452026367,2395800
2014-07-21,51.938655853271484,1516400
2014-07-22,51.810264587402344,1965700
2014-07-23,51.49300765991211,1919700
2014-07-24,51.447669982910156,1917300
2014-07-25,51.054901123046875,1594300
2014-07-28,50.85851287841797,1711600
2014-07-29,50.12580490112305,4919000
2014-07-30,49.936954498291016,3740600
2014-07-31,47.889930725097656,6849300
2014-08-01,48.30537033081055,5261900
2014-08-04,48.16185760498047,4342400
2014-08-05,48.16941452026367,4336500
2014-08-06,48.94744110107422,5742500
2014-08-07,48.68306350708008,2797600
2014-08-08,49.234474182128906,2175300
2014-08-11,49.143836975097656,4085500
2014-08-12,48.660400390625,4138700
2014-08-13,48.63017654418945,3686800
2014-08-14,48.501773834228516,4143700
2014-08-15,48.44134521484375,3972300
2014-08-18,48.81146240234375,3797400
2014-08-19,48.53954315185547,3273800
2014-08-20,48.84923553466797,2815800
2014-08-21,48.954994201660156,2500000
2014-08-22,48.773704528808594,1642200
2014-08-25,49.00031280517578,1556800
2014-08-26,48.93987274169922,2390400
2014-08-27,48.9700927734375,2084400
2014-08-28,48.7283821105957,2204600
2014-08-29,48.89457321166992,2102500
2014-09-02,48.660400390625,3045400
2014-09-03,48.660400390625,3304200
2014-09-04,48.577301025390625,3288600
2014-09-05,48.99275588989258,3441700
2014-09-08,48.07121276855469,3739100
2014-09-09,47.912593841552734,3520600
2014-09-10,48.34314727783203,2769700
2014-09-11,48.660400390625,3271900
2014-09-12,48.70571517944336,3230400
2014-09-15,48.7283821105957,3135900
2014-09-16,49.20426559448242,4466400
2014-09-17,49.27979278564453,3709500
2014-09-18,49.332664489746094,3443400
2014-09-19,49.31000518798828,5260800
2014-09-22,49.61971664428711,2871100
2014-09-23,49.400657653808594,3138500
2014-09-24,50.027618408203125,4024400
2014-09-25,49.46107864379883,2553000
2014-09-26,49.62727355957031,1988000
2014-09-29,49.57438659667969,3073900
2014-09-30,49.264686584472656,5033900
2014-10-01,49.015419006347656,3385200
2014-10-02,48.93232345581055,3230500
2014-10-03,49.445980072021484,3793100
2014-10-06,49.302452087402344,3154700
2014-10-07,49.02296829223633,4280100
2014-10-08,49.717899322509766,3696600
2014-10-09,49.249576568603516,4065400
2014-10-10,49.317569732666016,3860900
2014-10-13,48.486671447753906,3706800
2014-10-14,48.65285110473633,4631700
2014-10-15,48.257850646972656,5418100
2014-10-16,47.93882369995117,4995000
2014-10-17,48.40976333618164,3832000
2014-10-20,49.02505111694336,3018100
2014-10-21,49.69351577758789,3013100
2014-10-22,49.61754608154297,4656000
2014-10-23,49.41244888305664,4083000
2014-10-24,49.64032745361328,4384400
2014-10-27,50.21763229370117,3265300
2014-10-28,49.974578857421875,2840000
2014-10-29,50.0201416015625,2384200
2014-10-30,50.44552230834961,2161800
2014-10-31,50.80255126953125,4362600
2014-11-03,51.205135345458984,2817400
2014-11-04,51.69126510620117,3836300
2014-11-05,51.76723861694336,2529900
2014-11-06,51.73683547973633,2507300
2014-11-07,51.69126510620117,1892500
2014-11-10,52.07107925415039,2475000
2014-11-11,52.01030349731445,1510000
2014-11-12,52.18501281738281,2156300
2014-11-13,51.87359619140625,2316700
2014-11-14,51.31907272338867,3054800
2014-11-17,51.59253692626953,1950200
2014-11-18,51.6305046081543,1880800
2014-11-19,51.87359619140625,2136700
2014-11-20,51.698875427246094,1654400
2014-11-21,51.91154861450195,3142700
2014-11-24,51.615325927734375,2521200
2014-11-25,51.90396499633789,2570600
2014-11-26,52.17741775512695,1895200
2014-11-28,52.861061096191406,1876700
2014-12-01,52.71675109863281,2507600
2014-12-02,53.066162109375,2365500
2014-12-03,52.458473205566406,2408700
2014-12-04,52.75472640991211,3071000
2014-12-05,52.693973541259766,2521900
2014-12-08,52.74713134765625,2613700
2014-12-09,52.66360092163086,2781900
2014-12-10,52.31416702270508,2323100
2014-12-11,52.62559509277344,2607000
2014-12-12,52.086265563964844,3369900
2014-12-15,51.615325927734375,4459400
2014-12-16,51.281070709228516,4427400
2014-12-17,52.154632568359375,3811700
2014-12-18,52.77751541137695,4104900
2014-12-19,53.157325744628906,5595600
2014-12-22,53.369998931884766,2562700
2014-12-23,53.93210220336914,2251200
2014-12-24,53.52952194213867,1126900
2014-12-26,53.84093475341797,1303300
2014-12-29,53.537113189697266,1715200
2014-12-30,53.2028923034668,2085900
2014-12-31,52.55723190307617,2202300
2015-01-02,52.44328308105469,2522800
2015-01-05,52.05588912963867,2950700
2015-01-06,51.50895690917969,3437400
2015-01-07,51.91914367675781,2908000
2015-01-08,52.62559509277344,2745200
2015-01-09,52.109073638916016,2284300
2015-01-12,51.850799560546875,2353900
2015-01-13,52.207801818847656,4434200
2015-01-14,51.995113372802734,2579200
2015-01-15,51.89638137817383,2383700
2015-01-16,52.542030334472656,3787800
2015-01-20,52.382511138916016,3275000
2015-01-21,52.19161605834961,3373100
2015-01-22,52.93229675292969,3084400
2015-01-23,51.267677307128906,4587800
2015-01-26,50.61862564086914,5433500
2015-01-27,50.137542724609375,5951000
2015-01-28,49.7252082824707,6750300
2015-01-29,52.71085739135742,6902200
2015-01-30,51.55783462524414,5926600
2015-02-02,52.6803092956543,4609000
2015-02-03,52.833030700683594,3345500
2015-02-04,52.840675354003906,3075300
2015-02-05,53.29118728637695,3408400
2015-02-06,52.917030334472656,2667900
2015-02-09,52.741424560546875,2113000
2015-02-10,53.02394104003906,1962700
2015-02-11,53.046836853027344,2232000
2015-02-12,53.33700942993164,2829900
2015-02-13,53.51264953613281,2554900
2015-02-17,53.59663772583008,3342300
2015-02-18,53.863895416259766,2771400
2015-02-19,53.61190414428711,3245500
2015-02-20,53.634803771972656,2358900
2015-02-23,53.970802307128906,2389100
2015-02-24,54.2227783203125,2497100
2015-02-25,54.2227783203125,2498500
2015-02-26,54.29914474487305,1855900
2015-02-27,54.077693939208984,1997300
2015-03-02,54.2227783203125,1787700
2015-03-03,53.970802307128906,2010300
2015-03-04,53.970802307128906,2715900
2015-03-05,54.5663948059082,3713300
2015-03-06,52.878849029541016,3555200
2015-03-09,53.13847351074219,2564500
2015-03-10,52.22980499267578,2492600
2015-03-11,51.840362548828125,2643200
2015-03-12,52.32905960083008,2456700
2015-03-13,52.27561569213867,3451400
2015-03-16,52.703224182128906,2969300
2015-03-17,52.23743438720703,2843100
2015-03-18,52.17634582519531,5386900
2015-03-19,52.14582061767578,2881200
2015-03-20,53.115562438964844,4508200
2015-03-23,53.58135223388672,3123400
2015-03-24,52.92466354370117,2849300
2015-03-25,52.60396957397461,3458500
2015-03-26,52.48941421508789,2890600
2015-03-27,52.4970588684082,2004200
2015-03-30,52.90939712524414,1967200
2015-03-31,52.94758605957031,4180400
2015-04-01,52.75667190551758,3075100
2015-04-02,52.9399528503418,1914000
2015-04-06,53.413360595703125,2021700
2015-04-07,53.2301025390625,1777400
2015-04-08,53.375179290771484,1498700
2015-04-09,53.42100143432617,1853100
2015-04-10,53.15375900268555,1708400
2015-04-13,52.92466354370117,1553600
2015-04-14,53.16901779174805,2468600
2015-04-15,53.359920501708984,2370700
2015-04-16,53.51264953613281,2166500
2015-04-17,52.90174865722656,2238000
2015-04-20,52.27561569213867,4681500
2015-04-21,52.98971176147461,2934100
2015-04-22,53.19702911376953,2350100
2015-04-23,53.150978088378906,2378200
2015-04-24,53.11256790161133,2282600
2015-04-27,52.966697692871094,2265400
2015-04-28,52.805442810058594,2420700
2015-04-29,52.60578536987305,4647300
2015-04-30,51.661338806152344,5582300
2015-05-01,51.96847152709961,3135600
2015-05-04,52.106685638427734,2377400
2015-05-05,51.738094329833984,3182200
2015-05-06,52.052940368652344,2248800
2015-05-07,52.12203598022461,2338200
2015-05-08,52.36775207519531,3029900
2015-05-11,52.083641052246094,2187500
2015-05-12,52.12203598022461,3209000
2015-05-13,51.90703582763672,2315500
2015-05-14,52.69792938232422,2269900
2015-05-15,52.69792938232422,1946000
2015-05-18,52.682579040527344,3359800
2015-05-19,53.089534759521484,2505800
2015-05-20,52.897579193115234,2020700
2015-05-21,52.84382629394531,1808800
2015-05-22,52.598106384277344,1714600
2015-05-26,51.56151580810547,4847100
2015-05-27,51.860965728759766,3315600
2015-05-28,51.69971466064453,2077400
2015-05-29,51.285091400146484,4755200
2015-06-01,51.36954116821289,3447100
2015-06-02,51.2390022277832,2537300
2015-06-03,51.11613845825195,2668200
2015-06-04,50.61703109741211,3280400
2015-06-05,50.2791862487793,5740400
2015-06-08,50.17168426513672,3079300
2015-06-09,50.701499938964844,5780600
2015-06-10,51.500083923339844,4716500
2015-06-11,51.100799560546875,3863300
2015-06-12,50.90115737915039,2543300
2015-06-15,50.17168426513672,3378200
2015-06-16,50.66312026977539,2204600
2015-06-17,50.99330139160156,2356100
2015-06-18,51.57686996459961,4435100
2015-06-19,51.36954116821289,3674400
2015-06-22,51.630615234375,3128700
2015-06-23,51.45400619506836,1727500
2015-06-24,51.05472183227539,2815400
2015-06-25,51.03168487548828,2680600
2015-06-26,51.06239700317383,2588200
2015-06-29,50.2177619934082,2270400
2015-06-30,50.225433349609375,2786600
2015-07-01,50.80133056640625,2986600
2015-07-02,50.80133056640625,2024700
2015-07-06,50.64775848388672,1835600
2015-07-07,51.684356689453125,2893500
2015-07-08,51.02400588989258,2104600
2015-07-09,50.80901336669922,3004700
2015-07-10,51.169891357421875,2221800
2015-07-13,51.78419494628906,2087300
2015-07-14,51.65365982055664,2143600
2015-07-15,51.37722396850586,3360300
2015-07-16,51.922401428222656,1912000
2015-07-17,51.83024597167969,1792000
2015-07-20,52.06061553955078,2214900
2015-07-21,51.689964294433594,2699400
2015-07-22,51.73629379272461,2825500
2015-07-23,51.76717758178711,2667900
2015-07-24,51.73629379272461,2317000
2015-07-27,51.96794509887695,3576300
2015-07-28,52.809635162353516,5569600
2015-07-29,53.226619720458984,4974900
2015-07-30,52.52391815185547,5488800
2015-07-31,52.52391815185547,3548000
2015-08-03,52.83280563354492,3069700
2015-08-04,52.8559684753418,2770500
2015-08-05,53.34244155883789,2578900
2015-08-06,53.010398864746094,2989000
2015-08-07,52.886844635009766,2286500
2015-08-10,53.07989501953125,3016200
2015-08-11,52.709251403808594,2592600
2015-08-12,52.50849151611328,3310600
2015-08-13,52.24593734741211,2225900
2015-08-14,52.3463249206543,1829600
2015-08-17,52.24593734741211,1870500
2015-08-18,52.269100189208984,2230700
2015-08-19,51.53553771972656,3165400
2015-08-20,50.95638656616211,3715900
2015-08-21,50.176483154296875,5799400
2015-08-24,47.83677673339844,9060100
2015-08-25,46.61671447753906,6483500
2015-08-26,48.05299377441406,5329000
2015-08-27,48.717063903808594,5006900
2015-08-28,48.917823791503906,3486900
2015-08-31,48.5008544921875,3634600
2015-09-01,47.31168746948242,4289000
2015-09-02,48.01437759399414,3402200
2015-09-03,48.585777282714844,4046500
2015-09-04,47.458404541015625,5100300
2015-09-08,48.97959899902344,6568500
2015-09-09,48.1765251159668,3645900
2015-09-10,47.82133102416992,5223900
2015-09-11,47.813602447509766,3463100
2015-09-14,47.960323333740234,3704100
2015-09-15,48.20740509033203,3467400
2015-09-16,48.70161056518555,2889600
2015-09-17,48.85606002807617,4595500
2015-09-18,48.40817642211914,13468600
2015-09-21,48.72477722167969,3991200
2015-09-22,47.99894332885742,3911000
2015-09-23,47.95258712768555,4005600
2015-09-24,48.06843185424805,3791600
2015-09-25,48.75566101074219,4545600
2015-09-28,47.99894332885742,4581800
2015-09-29,48.70161056518555,3884500
2015-09-30,49.002769470214844,3529400
2015-10-01,49.20353698730469,4253800
2015-10-02,49.63596725463867,3504100
2015-10-05,50.462196350097656,3690200
2015-10-06,50.0297737121582,2941500
2015-10-07,50.462196350097656,2278100
2015-10-08,50.88690948486328,2587600
2015-10-09,51.22666549682617,3478400
2015-10-12,51.15715408325195,2419400
2015-10-13,50.940948486328125,2200800
2015-10-14,50.77106475830078,2326100
2015-10-15,51.40426254272461,2418300
2015-10-16,51.82894515991211,2410800
2015-10-19,51.929351806640625,2384400
2015-10-20,51.78263473510742,3281900
2015-10-21,51.89912414550781,2755100
2015-10-22,53.30473709106445,3660400
2015-10-23,53.537715911865234,3956700
2015-10-26,53.366851806640625,3933600
2015-10-27,53.545467376708984,3307500
2015-10-28,53.45228576660156,3364000
2015-10-29,53.762916564941406,3511000
2015-10-30,51.52635955810547,7455100
2015-11-02,52.41165542602539,5351700
2015-11-03,52.80772399902344,3728100
2015-11-04,52.403892517089844,3732800
2015-11-05,52.4970817565918,2802700
2015-11-06,51.11477279663086,5226700
2015-11-09,51.0759391784668,3623800
2015-11-10,51.549659729003906,2813700
2015-11-11,51.60401153564453,2622600
2015-11-12,50.68763732910156,2811200
2015-11-13,50.13627243041992,3499100
2015-11-16,50.920623779296875,3187400
2015-11-17,50.726463317871094,2296600
2015-11-18,51.301151275634766,2921400
2015-11-19,51.549659729003906,2964600
2015-11-20,51.33220672607422,3027900
2015-11-23,51.945709228515625,2811100
2015-11-24,51.891357421875,2242000
2015-11-25,51.58849334716797,2996000
2015-11-27,51.6894416809082,1265500
2015-11-30,51.00605392456055,3561800
2015-12-01,51.12253189086914,4519000
2015-12-02,51.00605392456055,3667300
2015-12-03,50.928382873535156,4809300
2015-12-04,51.51860046386719,4603800
2015-12-07,51.51860046386719,3895600
2015-12-08,51.39433670043945,2436600
2015-12-09,51.31667709350586,3052500
2015-12-10,51.355491638183594,2628300
2015-12-11,50.64105224609375,3525600
2015-12-14,51.13804626464844,3353800
2015-12-15,51.84474563598633,3726300
2015-12-16,53.063995361328125,5133100
2015-12-17,52.28741455078125,4224800
2015-12-18,50.920623779296875,5115600
2015-12-21,51.2390251159668,2725300
2015-12-22,51.70497131347656,2104300
2015-12-23,52.155391693115234,1675500
2015-12-24,52.02336883544922,882100
2015-12-28,51.945709228515625,1525700
2015-12-29,52.53591537475586,1671700
2015-12-30,52.442726135253906,1707200
2015-12-31,51.73603439331055,2002100
2016-01-04,50.25275421142578,5722600
2016-01-05,50.477970123291016,4307000
2016-01-06,49.810115814208984,4407600
2016-01-07,48.932552337646484,4476300
2016-01-08,48.57533645629883,3219800
2016-01-11,48.77725601196289,3079100
2016-01-12,49.21990203857422,2834900
2016-01-13,48.85490417480469,3575600
2016-01-14,49.336387634277344,3894200
2016-01-15,49.196598052978516,6703000
2016-01-19,49.92658996582031,5106800
2016-01-20,48.49768829345703,8221500
2016-01-21,49.73220443725586,5645300
2016-01-22,50.48228073120117,4360100
2016-01-25,49.95096969604492,3728100
2016-01-26,50.26350021362305,3658900
2016-01-27,50.24006271362305,3265900
2016-01-28,50.80262756347656,5576500
2016-01-29,52.76378631591797,9512900
2016-02-01,51.724605560302734,4897600
2016-02-02,51.068294525146484,3717000
2016-02-03,51.591773986816406,4037600
2016-02-04,51.560508728027344,3078800
2016-02-05,51.71678924560547,3899900
2016-02-08,51.6230354309082,4029200
2016-02-09,51.474571228027344,4423900
2016-02-10,51.41987991333008,3117500
2016-02-11,50.34946060180664,4744300
2016-02-12,51.33392333984375,2579100
2016-02-16,51.41987991333008,3481200
2016-02-17,52.39654541015625,3112400
2016-02-18,52.52157211303711,2470100
2016-02-19,52.70909881591797,3373200
2016-02-22,52.826290130615234,2900800
2016-02-23,52.50593948364258,2083200
2016-02-24,51.818363189697266,5260200
2016-02-25,52.677833557128906,3008400
2016-02-26,51.787109375,3273400
2016-02-29,51.28705596923828,3625900
2016-03-01,52.607521057128906,3629600
2016-03-02,52.41217803955078,2546900
2016-03-03,52.826290130615234,2415000
2016-03-04,53.25604248046875,2827300
2016-03-07,52.79502868652344,2764100
2016-03-08,52.76378631591797,2253000
2016-03-09,53.11540603637695,2711800
2016-03-10,53.310726165771484,2454300
2016-03-11,53.420101165771484,3186900
2016-03-14,53.31853103637695,2280100
2016-03-15,53.592002868652344,2474800
2016-03-16,53.66233825683594,2603300
2016-03-17,54.58430480957031,4243300
2016-03-18,55.068721771240234,7731800
2016-03-21,55.02967071533203,4128700
2016-03-22,54.349891662597656,3637400
2016-03-23,54.537418365478516,2296900
2016-03-24,54.62337112426758,3806000
2016-03-28,54.62337112426758,1926200
2016-03-29,55.092185974121094,3217100
2016-03-30,55.256263732910156,4354100
2016-03-31,55.20156478881836,2944600
2016-04-01,55.631282806396484,3257300
2016-04-04,55.600040435791016,2641100
2016-04-05,55.58443069458008,3870600
2016-04-06,55.79538345336914,3442000
2016-04-07,55.1937370300293,2995100
2016-04-08,55.52972412109375,2816000
2016-04-11,55.42815399169922,2996300
2016-04-12,55.654747009277344,2549000
2016-04-13,55.34221267700195,2600000
2016-04-14,55.31877136230469,2744900
2016-04-15,55.670345306396484,2799700
2016-04-18,55.72505187988281,2152700
2016-04-19,55.9907112121582,3609900
2016-04-20,55.236515045166016,3467800
2016-04-21,54.19166564941406,4127600
2016-04-22,54.25450897216797,3228600
2016-04-25,54.53733444213867,3038600
2016-04-26,54.17593765258789,2913400
2016-04-27,54.45091247558594,4470900
2016-04-28,55.9043083190918,6293900
2016-04-29,55.71575164794922,4889600
2016-05-02,56.85487747192383,4687500
2016-05-03,56.44637680053711,3671900
2016-05-04,56.46993637084961,3314800
2016-05-05,56.1478385925293,3006200
2016-05-06,56.42280578613281,2467600
2016-05-09,56.37565612792969,2352900
2016-05-10,56.721336364746094,2710900
2016-05-11,56.548492431640625,3044600
2016-05-12,57.07486343383789,2966100
2016-05-13,56.30495071411133,2630000
2016-05-16,56.57991027832031,2143400
2016-05-17,55.6607551574707,3467300
2016-05-18,55.09510040283203,3433400
2016-05-19,55.33080291748047,2728300
2016-05-20,55.00870132446289,2978000
2016-05-23,55.055843353271484,2068000
2016-05-24,55.67647933959961,2515500
2016-05-25,55.519325256347656,2098500
2016-05-26,55.37793731689453,6419500
2016-05-27,55.45648193359375,2326600
2016-05-31,55.31507873535156,3567400
2016-06-01,55.935707092285156,3017800
2016-06-02,56.10855484008789,2241500
2016-06-03,56.249961853027344,2290900
2016-06-06,56.438507080078125,2287900
2016-06-07,56.24209976196289,2103300
2016-06-08,56.56423568725586,1907000
2016-06-09,56.8313102722168,1943200
2016-06-10,56.65849304199219,2232300
2016-06-13,56.30495071411133,2887000
2016-06-14,56.63490676879883,2485000
2016-06-15,56.344242095947266,2152900
2016-06-16,56.56423568725586,2161200
2016-06-17,56.12424850463867,4064400
2016-06-20,56.281402587890625,2557400
2016-06-21,56.4071044921875,3072000
2016-06-22,56.76061248779297,3564600
2016-06-23,57.09056854248047,2015300
2016-06-24,55.44862747192383,11070000
2016-06-27,54.98513412475586,3421800
2016-06-28,55.880733489990234,2878600
2016-06-29,56.4542350769043,2264100
2016-06-30,57.50694274902344,3798800
2016-07-01,57.310546875,2652600
2016-07-05,57.569801330566406,3128000
2016-07-06,57.569801330566406,2568600
2016-07-07,57.66407012939453,2782200
2016-07-08,58.331825256347656,2921200
2016-07-11,58.52037048339844,3040700
2016-07-12,58.09616470336914,3909900
2016-07-13,58.50468063354492,2648300
2016-07-14,58.69322204589844,5222200
2016-07-15,58.70108413696289,4633500
2016-07-18,58.52827072143555,2675800
2016-07-19,58.57538604736328,3396500
2016-07-20,58.53589630126953,2961800
2016-07-21,58.33845901489258,2618300
2016-07-22,58.92285919189453,3407200
2016-07-25,58.62276077270508,1856700
2016-07-26,58.425357818603516,2145600
2016-07-27,57.87249755859375,3291700
2016-07-28,57.84881591796875,4066300
2016-07-29,58.78072738647461,4459800
2016-08-01,59.317752838134766,2903700
2016-08-02,59.12819290161133,3748000
2016-08-03,58.504302978515625,2651900
2016-08-04,59.0571403503418,3026300
2016-08-05,58.899173736572266,2290200
2016-08-08,58.78072738647461,2223400
2016-08-09,59.0571403503418,1535700
2016-08-10,59.1045036315918,1949900
2016-08-11,59.14400100708008,2345100
2016-08-12,59.20719528198242,1658300
2016-08-15,59.00183868408203,2375800
2016-08-16,58.69384765625,1807400
2016-08-17,58.899173736572266,1977800
2016-08-18,58.907066345214844,2059600
2016-08-19,58.82810592651367,2088500
2016-08-22,58.836021423339844,1623800
2016-08-23,58.867576599121094,1460600
2016-08-24,58.72543716430664,1742700
2016-08-25,58.938663482666016,1567600
2016-08-26,58.81230163574219,2040000
2016-08-29,59.08083724975586,2397600
2016-08-30,58.836021423339844,2057400
2016-08-31,58.70962905883789,2597400
2016-09-01,58.65435791015625,3016300
2016-09-02,59.14400100708008,2981300
2016-09-06,59.44411087036133,2139300
2016-09-07,58.25160217285156,3297100
2016-09-08,57.643497467041016,3775400
2016-09-09,55.96133804321289,5626300
2016-09-12,57.47763442993164,5928700
2016-09-13,56.73527526855469,4278300
2016-09-14,56.743194580078125,3188500
2016-09-15,56.94060134887695,3032500
2016-09-16,56.830055236816406,3959700
2016-09-19,57.01168441772461,2272000
2016-09-20,57.24070358276367,2438200
2016-09-21,57.65138244628906,3268300
2016-09-22,58.069950103759766,2974200
2016-09-23,57.84881591796875,3613100
2016-09-26,57.73825454711914,2502800
2016-09-27,58.01467514038086,2292200
2016-09-28,58.125221252441406,2684600
2016-09-29,57.88039016723633,2944200
2016-09-30,58.55168914794922,4652300
2016-10-03,58.14103698730469,2691100
2016-10-04,57.493438720703125,3267300
2016-10-05,57.62769317626953,2365500
2016-10-06,57.87249755859375,2561700
2016-10-07,57.690879821777344,3315800
2016-10-10,57.3433723449707,2986100
2016-10-11,57.019588470458984,2971900
2016-10-12,57.20121765136719,2202800
2016-10-13,56.98798751831055,2991600
2016-10-14,57.1064453125,2875000
2016-10-17,56.9248046875,2273400
2016-10-18,56.806358337402344,2729900
2016-10-19,56.62470626831055,2941000
2016-10-20,56.315032958984375,3317200
2016-10-21,56.315032958984375,3633100
2016-10-24,56.40238952636719,2408600
2016-10-25,56.62470245361328,2535600
2016-10-26,56.58502197265625,2941300
2016-10-27,56.037109375,4366800
2016-10-28,56.513519287109375,3295100
2016-10-31,56.6644172668457,2785900
2016-11-01,56.37061309814453,2329700
2016-11-02,56.52149200439453,3437000
2016-11-03,56.037109375,4144400
2016-11-04,55.243045806884766,3874300
2016-11-07,56.01329803466797,3596700
2016-11-08,56.847042083740234,4051400
2016-11-09,55.878299713134766,4901000
2016-11-10,53.36111068725586,9784900
2016-11-11,53.535804748535156,4008400
2016-11-14,52.868778228759766,3894000
2016-11-15,52.87672805786133,5253200
2016-11-16,52.9958381652832,3000800
2016-11-17,52.40028762817383,3831600
2016-11-18,52.29706573486328,4747500
2016-11-21,52.582923889160156,3494600
2016-11-22,52.6702766418457,3556100
2016-11-23,52.40028762817383,2230100
2016-11-25,52.82908630371094,1302300
2016-11-28,52.74968719482422,3102200
2016-11-29,52.82908630371094,2674100
2016-11-30,51.796817779541016,4515900
2016-12-01,51.67770004272461,4204700
2016-12-02,51.39181900024414,4486800
2016-12-05,51.32036590576172,4401800
2016-12-06,51.63798141479492,4540800
2016-12-07,52.35265350341797,6570000
2016-12-08,52.17001724243164,3204400
2016-12-09,52.638511657714844,2465300
2016-12-12,53.003780364990234,3126500
2016-12-13,53.11495590209961,3456400
2016-12-14,52.33677291870117,3809300
2016-12-15,52.59086227416992,4838100
2016-12-16,52.59086227416992,4382800
2016-12-19,52.45587158203125,2408800
2016-12-20,52.717918395996094,2635800
2016-12-21,52.44793701171875,2007100
2016-12-22,52.70204544067383,1673600
2016-12-23,52.62261962890625,1210700
2016-12-27,52.41617202758789,1629500
2016-12-28,52.09854507446289,1671300
2016-12-29,52.32086944580078,2108800
2016-12-30,51.96355438232422,3491300
2017-01-03,52.04296112060547,3038900
2017-01-04,52.61470413208008,4047900
2017-01-05,53.08319091796875,2857800
2017-01-06,53.48817825317383,2994800
2017-01-09,52.741737365722656,3184000
2017-01-10,51.923851013183594,3492400
2017-01-11,51.860321044921875,3809000
2017-01-12,52.28911590576172,2992400
2017-01-13,52.31294250488281,1888100
2017-01-17,53.281700134277344,5136600
2017-01-18,53.885196685791016,5127300
2017-01-19,53.541770935058594,2767900
2017-01-20,54.2685432434082,3940600
2017-01-23,53.9490852355957,2872900
2017-01-24,54.5161247253418,2786300
2017-01-25,54.65190124511719,3034800
2017-01-26,54.500160217285156,4655900
2017-01-27,51.656944274902344,14874900
2017-01-30,51.53715133666992,7992400
2017-01-31,51.57707977294922,6983200
2017-02-01,51.68889236450195,4915800
2017-02-02,52.45561599731445,7063600
2017-02-03,52.68721389770508,4478200
2017-02-06,52.30385971069336,2897500
2017-02-07,53.158424377441406,3255600
2017-02-08,53.18236541748047,3575100
2017-02-09,53.190364837646484,3223700
2017-02-10,54.084861755371094,5568100
2017-02-13,54.076866149902344,4798200
2017-02-14,54.1008415222168,5137800
2017-02-15,54.795654296875,4576200
2017-02-16,55.10713577270508,5172700
2017-02-17,57.48712158203125,15036900
2017-02-21,58.44550323486328,10553800
2017-02-22,58.693077087402344,5811800
2017-02-23,59.45182418823242,7203800
2017-02-24,58.58127212524414,6461600
2017-02-27,58.02222442626953,5201400
2017-02-28,58.28578567504883,4497900
2017-03-01,58.66913604736328,4093000
2017-03-02,58.89274215698242,4442400
2017-03-03,58.772953033447266,3807700
2017-03-06,58.93269348144531,3994700
2017-03-07,58.87678909301758,3216200
2017-03-08,58.42953872680664,4141700
2017-03-09,58.59724426269531,4049600
2017-03-10,59.30806350708008,3375600
2017-03-13,59.02053451538086,3024500
2017-03-14,58.82087326049805,3502300
2017-03-15,59.05247497558594,4176100
2017-03-16,59.02053451538086,3182200
2017-03-17,59.068450927734375,5099000
2017-03-20,58.94065856933594,2796100
2017-03-21,58.86081314086914,3694700
2017-03-22,58.84484100341797,2810900
2017-03-23,59.03650665283203,2843700
2017-03-24,58.83684158325195,2621900
2017-03-27,58.645164489746094,3052400
2017-03-28,58.91668701171875,3605200
2017-03-29,58.748992919921875,2450200
2017-03-30,58.485443115234375,2346000
2017-03-31,58.45349884033203,2849500
2017-04-03,58.59724426269531,3397000
2017-04-04,58.796897888183594,4043800
2017-04-05,58.66913604736328,3882300
2017-04-06,58.405574798583984,4064700
2017-04-07,58.66111755371094,3250900
2017-04-10,58.8847541809082,2230900
2017-04-11,58.86081314086914,2517900
2017-04-12,59.100399017333984,2816600
2017-04-13,58.828857421875,2334200
2017-04-17,59.15629577636719,1949500
2017-04-18,59.39592361450195,3914500
2017-04-19,58.93018341064453,3246100
2017-04-20,58.76155090332031,3114700
2017-04-21,58.633079528808594,2718200
2017-04-24,59.14697265625,3311300
2017-04-25,59.59663772583008,3623100
2017-04-26,59.018489837646484,3244900
2017-04-27,58.85789489746094,3907000
2017-04-28,57.8461799621582,7466000
2017-05-01,57.653465270996094,3369900
2017-05-02,56.81837463378906,4405700
2017-05-03,57.07532501220703,3703900
2017-05-04,57.77389144897461,4348300
2017-05-05,57.66148376464844,2700400
2017-05-08,57.68557357788086,2177600
2017-05-09,57.41256332397461,2251200
2017-05-10,57.653465270996094,3240200
2017-05-11,57.5089111328125,2538000
2017-05-12,57.211814880371094,1972800
2017-05-15,57.53300476074219,2489600
2017-05-16,57.476802825927734,2907500
2017-05-17,60.777008056640625,18843900
2017-05-18,59.363792419433594,7494600
2017-05-19,60.07842254638672,6902700
2017-05-22,59.64481735229492,4182700
2017-05-23,59.29151916503906,2799700
2017-05-24,59.901771545410156,2595700
2017-05-25,60.52005386352539,3410500
2017-05-26,60.584293365478516,2153800
2017-05-30,61.09820556640625,4698400
2017-05-31,61.31501770019531,6266700
2017-06-01,61.579986572265625,2638400
2017-06-02,61.91725158691406,2305000
2017-06-05,62.01359558105469,2091500
2017-06-06,61.828922271728516,2544500
2017-06-07,61.95738220214844,2099500
2017-06-08,60.857322692871094,3361600
2017-06-09,60.841251373291016,2985600
2017-06-12,60.66460037231445,2571700
2017-06-13,60.777008056640625,2591000
2017-06-14,60.929561614990234,2532800
2017-06-15,61.30699920654297,2226500
2017-06-16,61.27485656738281,3813700
2017-06-19,61.74861526489258,2889900
2017-06-20,61.30699920654297,2383200
2017-06-21,60.76897430419922,2522800
2017-06-22,60.64855194091797,2373500
2017-06-23,60.961700439453125,3114300
2017-06-26,60.93760299682617,1906700
2017-06-27,60.52005386352539,3541100
2017-06-28,60.29521942138672,2078600
2017-06-29,59.5163688659668,2882800
2017-06-30,59.52436828613281,3619100
2017-07-03,59.37180709838867,1489900
2017-07-05,59.227294921875,2197400
2017-07-06,58.97834014892578,2854000
2017-07-07,58.890037536621094,2670400
2017-07-10,58.68126678466797,2427900
2017-07-11,58.13524627685547,3099000
2017-07-12,58.03886795043945,2192100
2017-07-13,57.99873733520508,3913500
2017-07-14,58.53164291381836,2484100
2017-07-17,58.61237335205078,3297000
2017-07-18,58.555877685546875,2872600
2017-07-19,58.53164291381836,2877400
2017-07-20,58.20866012573242,3683600
2017-07-21,59.16143798828125,7173300
2017-07-24,58.01488494873047,4678700
2017-07-25,58.17636489868164,3923400
2017-07-26,58.94346237182617,6080800
2017-07-27,58.903053283691406,4326500
2017-07-28,58.57200241088867,3407500
2017-07-31,58.297481536865234,3196200
2017-08-01,57.89375305175781,3052900
2017-08-02,57.82916259765625,3059500
2017-08-03,57.81302261352539,2660200
2017-08-04,57.71611785888672,2297300
2017-08-07,57.926063537597656,2049200
2017-08-08,57.89375305175781,1909000
2017-08-09,57.788795471191406,2486500
2017-08-10,57.77264404296875,2567900
2017-08-11,57.538482666015625,2023500
2017-08-14,57.691898345947266,3043200
2017-08-15,57.97451400756836,2307900
2017-08-16,58.079471588134766,2258600
2017-08-17,57.57078170776367,3250900
2017-08-18,57.34470748901367,3317600
2017-08-21,57.82109832763672,2436300
2017-08-22,57.8453254699707,2360600
2017-08-23,57.50617980957031,2148100
2017-08-24,57.150909423828125,3685800
2017-08-25,57.44967269897461,2162200
2017-08-28,57.24781036376953,3106100
2017-08-29,57.57078170776367,2691800
2017-08-30,57.28818893432617,2076800
2017-08-31,57.8453254699707,2947800
2017-09-01,57.57078170776367,2132400
2017-09-05,57.41737365722656,2795100
2017-09-06,57.72420883178711,3007800
2017-09-07,57.78071594238281,2124600
2017-09-08,57.99065399169922,2952600
2017-09-11,58.152137756347656,2351700
2017-09-12,58.095619201660156,1413700
2017-09-13,57.853389739990234,1806600
2017-09-14,58.24904251098633,2011400
2017-09-15,58.36206817626953,4662400
2017-09-18,58.450897216796875,1950900
2017-09-19,58.7900276184082,2727900
2017-09-20,58.58010482788086,2084100
2017-09-21,57.62730026245117,2378700
2017-09-22,57.48196792602539,2533300
2017-09-25,58.94346237182617,7226300
2017-09-26,59.25834274291992,3307000
2017-09-27,59.008052825927734,4255400
2017-09-28,59.06456756591797,2956800
2017-09-29,58.82232666015625,2968400
2017-10-02,58.903053283691406,2554400
2017-10-03,58.49127960205078,2310000
2017-10-04,58.8465576171875,2345300
2017-10-05,59.11299514770508,3037200
2017-10-06,58.71734619140625,1771000
2017-10-09,58.42668914794922,1513900
2017-10-10,58.86269760131836,2078600
2017-10-11,60.34031677246094,6491400
2017-10-12,60.6875114440918,3172500
2017-10-13,61.35768127441406,3761300
2017-10-16,61.163917541503906,2229600
2017-10-17,60.526039123535156,3217600
2017-10-18,60.10617446899414,2682100
2017-10-19,59.056480407714844,4369200
2017-10-20,58.71549606323242,4317700
2017-10-23,58.60996627807617,4308200
2017-10-24,58.32577896118164,4000100
2017-10-25,57.98478317260742,3944700
2017-10-26,57.814308166503906,4020700
2017-10-27,57.15667724609375,8704000
2017-10-30,56.18241882324219,4444500
2017-10-31,57.197269439697266,4734000
2017-11-01,57.28657150268555,3279600
2017-11-02,57.5950927734375,4638200
2017-11-03,56.95370101928711,2506100
2017-11-06,57.034908294677734,3197200
2017-11-07,57.56261444091797,3351200
2017-11-08,59.48677444458008,5569100
2017-11-09,59.19452667236328,4411400
2017-11-10,59.43807601928711,2523700
2017-11-13,59.83589172363281,2511500
2017-11-14,59.64104461669922,2970100
2017-11-15,58.84539794921875,3063900
2017-11-16,58.967166900634766,3689200
2017-11-17,58.36637878417969,4627400
2017-11-20,58.51252746582031,2799500
2017-11-21,58.63429641723633,2831900
2017-11-22,58.25273132324219,2951100
2017-11-24,58.463802337646484,988500
2017-11-27,58.455692291259766,3295100
2017-11-28,59.07272720336914,2703600
2017-11-29,58.463802337646484,3646400
2017-11-30,58.821041107177734,4557500
2017-12-01,59.3000373840332,4478100
2017-12-04,60.50164031982422,3615800
2017-12-05,60.558475494384766,3463200
2017-12-06,60.28241729736328,2698300
2017-12-07,59.4299430847168,3696200
2017-12-08,59.52739334106445,3048000
2017-12-11,59.40559768676758,4432500
2017-12-12,58.853519439697266,3296600
2017-12-13,59.55173873901367,3817700
2017-12-14,59.462432861328125,1873600
2017-12-15,60.120052337646484,4444600
2017-12-18,60.07133483886719,3252200
2017-12-19,60.769561767578125,4352200
2017-12-20,60.50164031982422,3770400
2017-12-21,60.61527633666992,1916600
2017-12-22,61.01313400268555,2186200
2017-12-26,61.28105926513672,1213900
2017-12-27,61.19173049926758,1227600
2017-12-28,61.00499725341797,1506100
2017-12-29,61.25668716430664,1905200
2018-01-02,61.00499725341797,4352500
2018-01-03,60.769561767578125,3310000
2018-01-04,61.159263610839844,2501700
2018-01-05,61.23231506347656,2852800
2018-01-08,61.32164001464844,1688600
2018-01-09,61.41094207763672,2518300
2018-01-10,60.74517822265625,3138300
2018-01-11,60.525997161865234,2007400
2018-01-12,60.582820892333984,2338200
2018-01-16,61.23231506347656,4580500
2018-01-17,62.255313873291016,3455200
2018-01-18,62.21473693847656,4040100
2018-01-19,62.92104721069336,4480600
2018-01-22,63.149559020996094,2824700
2018-01-23,62.75782775878906,3388900
2018-01-24,62.676231384277344,3767900
2018-01-25,63.09242630004883,4236300
2018-01-26,60.03207015991211,13162400
2018-01-29,60.219783782958984,8636800
2018-01-30,60.93795394897461,6027700
2018-01-31,60.58704376220703,5458900
2018-02-01,59.844364166259766,3900300
2018-02-02,59.10988235473633,5130500
2018-02-05,56.97172164916992,6278000
2018-02-06,57.46136474609375,6903800
2018-02-07,57.2655029296875,4413200
2018-02-08,56.269859313964844,4875200
2018-02-09,56.93091583251953,6097600
2018-02-12,57.281829833984375,3457600
2018-02-13,57.3715934753418,3528600
2018-02-14,56.8166389465332,3579200
2018-02-15,58.122406005859375,3617100
2018-02-16,58.31825637817383,4421700
2018-02-20,57.1512336730957,3016700
2018-02-21,56.42491912841797,2749100
2018-02-22,56.628963470458984,3162100
2018-02-23,57.3715934753418,2398500
2018-02-26,58.000003814697266,2844700
2018-02-27,57.06147766113281,3071100
2018-02-28,56.28620147705078,3796000
2018-03-01,56.196414947509766,4997400
2018-03-02,56.531009674072266,3189300
2018-03-05,57.18389892578125,3096900
2018-03-06,56.832977294921875,2948300
2018-03-07,56.865631103515625,3303300
2018-03-08,57.95918655395508,4134800
2018-03-09,58.13872146606445,2928200
2018-03-12,58.00815963745117,2975200
2018-03-13,57.83677673339844,4666500
2018-03-14,57.11861038208008,4161400
2018-03-15,56.76769256591797,3040000
2018-03-16,56.8166389465332,7050400
2018-03-19,57.17573165893555,3776900
2018-03-20,56.87376403808594,2403300
2018-03-21,56.05767822265625,4184500
2018-03-22,56.16378402709961,4115800
2018-03-23,55.80467987060547,3743700
2018-03-26,55.649635314941406,3271100
2018-03-27,56.53917694091797,3760200
2018-03-28,57.7796630859375,4174400
2018-03-29,58.497802734375,4829800
2018-04-02,57.24917984008789,4109300
2018-04-03,57.90205764770508,3717400
2018-04-04,58.473323822021484,3569200
2018-04-05,58.60390853881836,3294400
2018-04-06,58.46516036987305,2922600
2018-04-09,58.285614013671875,2665100
2018-04-10,58.53862762451172,2901800
2018-04-11,58.252952575683594,4078500
2018-04-12,57.893898010253906,2681900
2018-04-13,58.432518005371094,3847900
2018-04-16,59.1180534362793,4089800
2018-04-17,58.9466667175293,3307300
2018-04-18,58.82424545288086,3840600
2018-04-19,57.27278518676758,5536900
2018-04-20,55.425804138183594,8636900
2018-04-23,54.48179626464844,7617300
2018-04-24,54.69522476196289,5004600
2018-04-25,54.51463317871094,4209700
2018-04-26,54.662391662597656,4860500
2018-04-27,54.654170989990234,6539200
2018-04-30,53.54598617553711,7395300
2018-05-01,53.35719299316406,4952300
2018-05-02,51.83033752441406,7998900
2018-05-03,51.97810363769531,6479800
2018-05-04,52.29825973510742,3904400
2018-05-07,51.56767654418945,4296300
2018-05-08,51.124393463134766,5336100
2018-05-09,50.8206672668457,5007100
2018-05-10,51.28856658935547,4036100
2018-05-11,51.47736740112305,4014400
2018-05-14,50.9273796081543,5345200
2018-05-15,50.60724639892578,6573100
2018-05-16,50.96842575073242,3813900
2018-05-17,51.13259506225586,4080900
2018-05-18,51.07514572143555,5046000
2018-05-21,51.09976577758789,4456000
2018-05-22,51.231101989746094,4308800
2018-05-23,51.48558044433594,3409500
2018-05-24,51.296775817871094,3433900
2018-05-25,52.331085205078125,5197700
2018-05-29,52.17512512207031,5033600
2018-05-30,52.8564453125,4403700
2018-05-31,51.789310455322266,4738000
2018-06-01,51.46096420288086,3758600
2018-06-04,51.47736740112305,3441400
2018-06-05,51.13259506225586,3334800
2018-06-06,51.36244583129883,3390600
2018-06-07,51.51841735839844,5698500
2018-06-08,51.99452590942383,4782400
2018-06-11,52.331085205078125,3220300
2018-06-12,52.31466293334961,3355500
2018-06-13,51.76469421386719,4252400
2018-06-14,51.969905853271484,4312500
2018-06-15,53.13555908203125,9744900
2018-06-18,51.969905853271484,7904900
2018-06-19,52.53629684448242,4580300
2018-06-20,52.4542236328125,4898800
2018-06-21,52.1176643371582,3646000
2018-06-22,53.05345153808594,4871600
2018-06-25,53.44748306274414,4432500
2018-06-26,53.47211837768555,3900900
2018-06-27,53.11913299560547,4228800
2018-06-28,53.299713134765625,2891900
2018-06-29,53.201229095458984,4223700
2018-07-02,53.01241683959961,3057200
2018-07-03,53.0862922668457,2298400
2018-07-05,54.14524459838867,3670200
2018-07-06,53.99747085571289,3310800
2018-07-09,53.35719299316406,4102300
2018-07-10,53.956424713134766,2613800
2018-07-11,53.55419921875,2345800
2018-07-12,53.496742248535156,2501300
2018-07-13,53.972835540771484,2684800
2018-07-16,53.86614990234375,2409100
2018-07-17,54.16354751586914,3120500
2018-07-18,53.54393768310547,3713500
2018-07-19,54.320518493652344,4346100
2018-07-20,54.48574447631836,3264300
2018-07-23,54.394874572753906,5332400
2018-07-24,53.92395782470703,5407100
2018-07-25,54.48574447631836,3334800
2018-07-26,55.303672790527344,5836700
2018-07-27,55.07233810424805,5497100
2018-07-30,54.907100677490234,4801200
2018-07-31,55.36149978637695,4741600
2018-08-01,54.593170166015625,4375900
2018-08-02,55.551517486572266,3607800
2018-08-03,55.76631164550781,4324100
2018-08-06,55.66717529296875,2542400
2018-08-07,55.543251037597656,2181100
2018-08-08,55.01450729370117,1910500
2018-08-09,54.46923065185547,2979200
2018-08-10,54.05615234375,2936600
2018-08-13,54.15528869628906,2725100
2018-08-14,54.1304931640625,2532400
2018-08-15,54.38661193847656,4245700
2018-08-16,55.12191390991211,3163000
2018-08-17,55.76631164550781,3523500
2018-08-20,55.89851760864258,2151800
2018-08-21,55.68369674682617,2323800
2018-08-22,55.344970703125,2099900
2018-08-23,54.99797439575195,2460400
2018-08-24,55.25410079956055,2046000
2018-08-27,55.427574157714844,2078100
2018-08-28,55.17147445678711,2012100
2018-08-29,55.32019805908203,2322000
2018-08-30,54.725345611572266,2754000
2018-08-31,54.86579895019531,3257200
2018-09-04,53.89091491699219,4515900
2018-09-05,55.01450729370117,3977800
2018-09-06,55.353248596191406,3295100
2018-09-07,55.36149978637695,2980200
2018-09-10,55.48542785644531,3353200
2018-09-11,55.501953125,2985000
2018-09-12,56.162879943847656,2623100
2018-09-13,56.31158447265625,3093200
2018-09-14,56.1711311340332,1843300
2018-09-17,56.848594665527344,2874500
2018-09-18,56.394203186035156,2625300
2018-09-19,56.12156295776367,3017100
2018-09-20,56.83207702636719,3428700
2018-09-21,57.07992172241211,4687500
2018-09-24,56.12983703613281,2734100
2018-09-25,55.468894958496094,2347700
2018-09-26,55.43584442138672,2288700
2018-09-27,55.13017272949219,2498600
2018-09-28,55.31191635131836,2491400
2018-10-01,55.41106414794922,2116300
2018-10-02,55.675437927246094,2722600
2018-10-03,54.46095657348633,3764500
2018-10-04,53.634803771972656,3707900
2018-10-05,53.46131134033203,2972200
2018-10-08,53.99005889892578,4090800
2018-10-09,53.758724212646484,4603300
2018-10-10,52.734283447265625,4789000
2018-10-11,51.51154708862305,7242600
2018-10-12,51.668521881103516,4297100
2018-10-15,51.67678451538086,3439100
2018-10-16,51.726356506347656,3226000
2018-10-17,52.5029411315918,5446700
2018-10-18,52.095436096191406,3947300
2018-10-19,53.65896987915039,6907700
2018-10-22,52.92709732055664,3051800
2018-10-23,52.727508544921875,3766000
2018-10-24,53.75877380371094,6235600
2018-10-25,53.076805114746094,6263100
2018-10-26,49.55055618286133,9628700
2018-10-29,48.136714935302734,9710000
2018-10-30,50.057861328125,8210200
2018-10-31,49.52559280395508,8714200
2018-11-01,49.96638488769531,4764100
2018-11-02,50.14101028442383,5253500
2018-11-05,50.09111785888672,7833700
2018-11-06,50.32398986816406,5171700
2018-11-07,51.00596237182617,5777500
2018-11-08,50.648345947265625,5212800
2018-11-09,53.060176849365234,9735400
2018-11-12,51.02259063720703,8800800
2018-11-13,51.44672775268555,5982000
2018-11-14,51.95405197143555,6798800
2018-11-15,51.895843505859375,4688600
2018-11-16,52.59443664550781,5368300
2018-11-19,52.20355224609375,4480900
2018-11-20,51.820987701416016,3866400
2018-11-21,51.496646881103516,3935300
2018-11-23,51.38020706176758,1367700
2018-11-26,52.17860794067383,5082200
2018-11-27,52.59443664550781,3708900
2018-11-28,52.25345230102539,4940700
2018-11-29,52.42810821533203,3239700
2018-11-30,52.82731246948242,3568700
2018-12-03,53.02690505981445,4878600
2018-12-04,52.46137237548828,4237100
2018-12-06,52.586124420166016,5080700
2018-12-07,52.15365982055664,4072700
2018-12-10,52.843936920166016,3903500
2018-12-11,53.68391799926758,4703200
2018-12-12,54.291038513183594,5902200
2018-12-13,54.44905090332031,4066900
2018-12-14,54.19955825805664,4976000
2018-12-17,52.32829666137695,7167600
2018-12-18,51.945735931396484,4294400
2018-12-19,51.46337127685547,4225400
2018-12-20,50.71487045288086,5552000
2018-12-21,49.82499313354492,10032400
2018-12-24,48.269779205322266,3872300
2018-12-26,49.40085983276367,6616200
2018-12-27,49.64202880859375,6546100
2018-12-28,49.58380889892578,5655700
2018-12-31,49.50065612792969,4271300
2019-01-02,49.27608871459961,4559400
2019-01-03,49.04323196411133,4156100
2019-01-04,49.50065612792969,7087600
2019-01-07,49.800052642822266,4575200
2019-01-08,50.35725402832031,5614400
2019-01-09,50.98101043701172,6284000
2019-01-10,51.413475036621094,3983100
2019-01-11,51.64634323120117,2616900
2019-01-14,51.23883056640625,3887100
2019-01-15,51.74614334106445,2580300
2019-01-16,51.67128372192383,3017600
2019-01-17,51.56316375732422,3549400
2019-01-18,52.08711624145508,5200400
2019-01-22,51.693607330322266,5542200
2019-01-23,52.204341888427734,4038100
2019-01-24,52.07875442504883,6024300
2019-01-25,51.777320861816406,8478900
2019-01-28,52.5308837890625,5768200
2019-01-29,53.326297760009766,4593100
2019-01-30,53.54398727416992,6663900
2019-01-31,54.15521240234375,6182900
2019-02-01,54.46500015258789,5314500
2019-02-04,54.58221435546875,3612600
2019-02-05,54.205440521240234,4255300
2019-02-06,54.699424743652344,3474600
2019-02-07,54.46500015258789,3145300
2019-02-08,55.0008544921875,3040100
2019-02-11,55.08457565307617,4212800
2019-02-12,55.27714157104492,4450400
2019-02-13,55.21017074584961,3505500
2019-02-14,54.79990005493164,2501500
2019-02-15,55.66231155395508,5370600
2019-02-19,55.86325454711914,4584000
2019-02-20,55.687416076660156,3458600
2019-02-21,55.84651565551758,3765600
2019-02-22,56.013954162597656,4025000
2019-02-25,55.6957893371582,2939700
2019-02-26,55.670677185058594,2922500
2019-02-27,55.15155792236328,3378300
2019-02-28,55.15155792236328,4128700
2019-03-01,55.260414123535156,2712500
2019-03-04,55.28553771972656,3352200
2019-03-05,55.025978088378906,3483900
2019-03-06,54.93387222290039,2764200
2019-03-07,54.70779800415039,4365700
2019-03-08,54.71617889404297,2586500
2019-03-11,55.13481521606445,2722600
2019-03-12,55.042720794677734,2502900
2019-03-13,55.6957893371582,3894700
2019-03-14,55.469730377197266,3293700
2019-03-15,56.26515579223633,6641100
2019-03-18,55.50323486328125,2939900
2019-03-19,55.051082611083984,4623600
2019-03-20,54.51523208618164,3788900
2019-03-21,55.118072509765625,2793800
2019-03-22,55.260414123535156,2877600
2019-03-25,55.478111267089844,2972600
2019-03-26,56.03071594238281,2297300
2019-03-27,56.106075286865234,2918900
2019-03-28,56.40747833251953,2958900
2019-03-29,57.38709259033203,4598700
2019-04-01,57.186153411865234,4139300
2019-04-02,57.2447509765625,3130000
2019-04-03,56.78425598144531,3791300
2019-04-04,56.55819320678711,2541700
2019-04-05,56.867984771728516,1981000
2019-04-08,56.95171356201172,1678100
2019-04-09,57.02708053588867,2102100
2019-04-10,57.02708053588867,2023100
2019-04-11,57.010318756103516,2508900
2019-04-12,57.57966995239258,3849700
2019-04-15,57.529441833496094,2907500
2019-04-16,57.80574417114258,3183400
2019-04-17,57.864723205566406,2633600
2019-04-18,58.4292106628418,3369000
2019-04-22,58.639835357666016,3901700
2019-04-23,58.14275360107422,3388000
2019-04-24,58.01636505126953,3600900
2019-04-25,57.87314224243164,3191200
2019-04-26,60.072147369384766,5956000
2019-04-29,60.1395263671875,3383900
2019-04-30,61.3275032043457,4050200
2019-05-01,60.06371307373047,3919100
2019-05-02,60.510231018066406,2209900
2019-05-03,60.61977767944336,2436700
2019-05-06,60.40071487426758,2383300
2019-05-07,59.40653991699219,4125500
2019-05-08,59.81095504760742,3273900
2019-05-09,59.69298553466797,2415200
2019-05-10,60.240631103515625,2341200
2019-05-13,60.29117965698242,2601300
2019-05-14,59.94574737548828,2855400
2019-05-15,60.1058464050293,4454400
2019-05-16,61.08313751220703,3581300
2019-05-17,60.636619567871094,2764200
2019-05-20,60.40913009643555,3149900
2019-05-21,60.26591873168945,2538200
2019-05-22,60.26591873168945,3862500
2019-05-23,60.4512825012207,2855100
2019-05-24,59.987876892089844,2267800
2019-05-28,59.06951904296875,3327700
2019-05-29,58.951576232910156,3580200
2019-05-30,59.69298553466797,1834400
2019-05-31,58.65668487548828,3031300
2019-06-03,59.558189392089844,3652200
2019-06-04,59.66769790649414,3757600
2019-06-05,60.59449768066406,2675200
2019-06-06,61.59710693359375,3866500
2019-06-07,62.33852767944336,3453800
2019-06-10,61.529720306396484,3191000
2019-06-11,61.78245544433594,3184700
2019-06-12,61.546546936035156,3230000
2019-06-13,61.293785095214844,2944600
2019-06-14,61.79930114746094,2591900
2019-06-17,61.849876403808594,2702200
2019-06-18,61.411739349365234,2677100
2019-06-19,61.95097732543945,3096500
2019-06-20,62.009952545166016,2754500
2019-06-21,61.4622802734375,6209400
2019-06-24,62.32170104980469,3508100
2019-06-25,62.27113723754883,3178100
2019-06-26,60.956783294677734,2831100
2019-06-27,60.77985382080078,2470800
2019-06-28,60.38386917114258,5443800
2019-07-01,60.72929382324219,3161800
2019-07-02,61.28535842895508,2298100
2019-07-03,62.34693908691406,2291600
2019-07-05,61.622371673583984,3771900
2019-07-08,61.824581146240234,2989300
2019-07-09,61.59710693359375,3885600
2019-07-10,61.91724395751953,2392300
2019-07-11,62.25426483154297,2878200
2019-07-12,62.667118072509766,2937500
2019-07-15,62.34693908691406,2487700
2019-07-16,62.768211364746094,3485400
2019-07-17,62.49704360961914,2775100
2019-07-18,62.60721206665039,2412700
2019-07-19,61.60725402832031,2417400
2019-07-22,61.3106575012207,2945000
2019-07-23,61.251338958740234,3986700
2019-07-24,60.4039306640625,3246900
2019-07-25,60.954742431640625,4383400
2019-07-26,62.446189880371094,4036200
2019-07-29,64.03935241699219,4635900
2019-07-30,63.336002349853516,5020600
2019-07-31,60.79373550415039,5187400
2019-08-01,60.386962890625,4618400
2019-08-02,60.33613204956055,3813500
2019-08-05,58.30232238769531,5215500
2019-08-06,59.192108154296875,4868600
2019-08-07,59.692100524902344,4222100
2019-08-08,60.768314361572266,2712900
2019-08-09,60.60731887817383,2993200
2019-08-12,59.937843322753906,2457900
2019-08-13,60.75137710571289,2513600
2019-08-14,59.7598876953125,3990000
2019-08-15,60.480194091796875,3698800
2019-08-16,61.251338958740234,2549000
2019-08-19,61.92926788330078,2139500
2019-08-20,61.471656799316406,2463700
2019-08-21,61.53098678588867,2527100
2019-08-22,61.895381927490234,1526600
2019-08-23,61.208980560302734,3910900
2019-08-26,61.66657257080078,1770300
2019-08-27,62.23435974121094,2582100
2019-08-28,62.70888900756836,2050600
2019-08-29,62.878387451171875,1819700
2019-08-30,62.83602523803711,2899700
2019-09-03,62.97159194946289,1963800
2019-09-04,63.44614791870117,2422900
2019-09-05,62.954647064208984,3430900
2019-09-06,63.302085876464844,2333300
2019-09-09,62.02249526977539,5153000
2019-09-10,61.11575698852539,4712900
2019-09-11,61.734375,2305700
2019-09-12,61.259830474853516,2644200
2019-09-13,59.920894622802734,4679600
2019-09-16,58.8361930847168,4116900
2019-09-17,59.20058059692383,3381800
2019-09-18,59.954795837402344,3532800
2019-09-19,60.12428665161133,3831300
2019-09-20,60.12428665161133,4770000
2019-09-23,60.59034729003906,3952000
2019-09-24,61.429283142089844,4395800
2019-09-25,61.21744918823242,2784500
2019-09-26,61.62418746948242,2265200
2019-09-27,62.081817626953125,3766200
2019-09-30,62.293663024902344,3387800
2019-10-01,60.78527069091797,3241800
2019-10-02,59.7598876953125,3352600
2019-10-03,60.056480407714844,2269700
2019-10-04,61.073387145996094,2415100
2019-10-07,60.69204330444336,2484400
2019-10-08,59.895477294921875,2539200
2019-10-09,59.85309982299805,1844200
2019-10-10,59.971736907958984,2219600
2019-10-11,59.75141525268555,2574100
2019-10-14,58.81924819946289,2556400
2019-10-15,57.963356018066406,4404000
2019-10-16,57.49727249145508,4436000
2019-10-17,57.69218063354492,3760600
2019-10-18,57.64981460571289,4022600
2019-10-21,57.878623962402344,2520300
2019-10-22,57.187862396240234,3864500
2019-10-23,57.59720993041992,4092600
2019-10-24,58.27942657470703,4994800
2019-10-25,58.339134216308594,3850300
2019-10-28,57.43516540527344,4595500
2019-10-29,57.92124938964844,3018800
2019-10-30,58.48410415649414,2575700
2019-10-31,58.50117111206055,4374200
2019-11-01,56.97466278076172,6128500
2019-11-04,55.7807731628418,6528500
2019-11-05,56.24979782104492,5394100
2019-11-06,56.72734832763672,4412600
2019-11-07,57.02582931518555,4332100
2019-11-08,56.82117462158203,3489400
2019-11-11,56.74440383911133,2640400
2019-11-12,56.82967758178711,3315900
2019-11-13,57.03436279296875,3454600
2019-11-14,56.82967758178711,2956200
2019-11-15,56.59943389892578,5146800
2019-11-18,57.24755096435547,4568200
2019-11-19,57.27314376831055,3710400
2019-11-20,57.31577682495117,3008600
2019-11-21,56.92349624633789,3432900
2019-11-22,56.889381408691406,2616300
2019-11-25,57.11964797973633,3020200
2019-11-26,57.81039047241211,3513800
2019-11-27,57.71659469604492,2517600
2019-11-29,57.83597183227539,1385100
2019-12-02,57.62277603149414,3487800
2019-12-03,57.39253616333008,3677000
2019-12-04,58.05770492553711,3279000
2019-12-05,57.83597183227539,4056500
2019-12-06,58.194149017333984,3504700
2019-12-09,58.50117111206055,3610200
2019-12-10,57.92979049682617,3820600
2019-12-11,57.52896499633789,3229300
2019-12-12,57.332828521728516,3658400
2019-12-13,58.57789993286133,5179600
2019-12-16,58.73141098022461,3371200
2019-12-17,57.853023529052734,4647600
2019-12-18,58.2197380065918,5846100
2019-12-19,58.27942657470703,4266400
2019-12-20,58.714351654052734,6008000
2019-12-23,58.6035041809082,2776000
2019-12-24,58.458499908447266,816700
2019-12-26,58.48410415649414,2493600
2019-12-27,58.995765686035156,2943700
2019-12-30,58.66318893432617,1810700
2019-12-31,58.7058219909668,1960200
2020-01-02,58.091819763183594,3441800
2020-01-03,58.00654602050781,3473800
2020-01-06,58.4073486328125,4607500
2020-01-07,57.605735778808594,4500000
2020-01-08,59.07252502441406,4676100
2020-01-09,59.575645446777344,3996100
2020-01-10,59.82297134399414,3724000
2020-01-13,59.814449310302734,4641300
2020-01-14,59.9423713684082,4711900
2020-01-15,60.37730407714844,3606200
2020-01-16,60.33464813232422,2720300
2020-01-17,60.701332092285156,4019700
2020-01-21,60.795143127441406,6470400
2020-01-22,60.51201248168945,2890800
2020-01-23,60.5806770324707,2581600
2020-01-24,60.3146858215332,2938300
2020-01-27,60.14309310913086,3688100
2020-01-28,59.8084831237793,2770600
2020-01-29,59.05348587036133,3233400
2020-01-30,59.60258483886719,3539300
2020-01-31,63.30039978027344,13592300
2020-02-03,64.28703308105469,7725400
2020-02-04,64.6902847290039,4671800
2020-02-05,64.97341918945312,4282900
2020-02-06,65.4710464477539,4663900
2020-02-07,65.23079681396484,3222700
2020-02-10,66.36331176757812,4418400
2020-02-11,65.2994384765625,3992600
2020-02-12,65.16215515136719,3735400
2020-02-13,65.52250671386719,2907800
2020-02-14,65.79707336425781,2820400
2020-02-18,65.26512908935547,4370500
2020-02-19,64.81041717529297,2686700
2020-02-20,64.48439025878906,3350900
2020-02-21,65.43672180175781,5341500
2020-02-24,63.8494873046875,5584400
2020-02-25,63.31754684448242,5739500
2020-02-26,62.562564849853516,4188700
2020-02-27,60.18599319458008,6181100
2020-02-28,57.972442626953125,11130900
2020-03-02,62.150733947753906,7940800
2020-03-03,61.584468841552734,7487800
2020-03-04,64.66455078125,7174700
2020-03-05,62.064937591552734,5877500
2020-03-06,62.21080780029297,6339600
2020-03-09,60.04872512817383,7399300
2020-03-10,61.610206604003906,7521500
2020-03-11,59.1135368347168,6860400
2020-03-12,54.81515884399414,9772200
2020-03-13,59.28512954711914,11952900
2020-03-16,53.48531723022461,8849300
2020-03-17,60.228904724121094,9389100
2020-03-18,58.075408935546875,9189300
2020-03-19,57.18313217163086,8926800
2020-03-20,53.262237548828125,9168300
2020-03-23,51.880924224853516,8306800
2020-03-24,52.490081787109375,9887200
2020-03-25,51.38330078125,10375500
2020-03-26,54.755104064941406,9053300
2020-03-27,55.99056625366211,6366500
2020-03-30,57.12306594848633,4950500
2020-03-31,56.934326171875,5784400
2020-04-01,56.239376068115234,4247700
2020-04-02,58.48723220825195,5676700
2020-04-03,58.015357971191406,4720800
2020-04-06,60.486289978027344,5172800
2020-04-07,59.2336540222168,5964900
2020-04-08,60.24604797363281,4265600
2020-04-09,59.98008728027344,3582500
2020-04-13,59.6197509765625,3335000
2020-04-14,62.72554397583008,4940600
2020-04-15,62.33089828491211,3390500
2020-04-16,62.4939079284668,3561800
2020-04-17,63.37435531616211,3762400
2020-04-20,62.286739349365234,3187400
2020-04-21,60.94883728027344,3142800
2020-04-22,61.46671676635742,3498100
2020-04-23,61.484004974365234,4041800
2020-04-24,61.6307487487793,3549700
2020-04-27,61.31134796142578,2926700
2020-04-28,61.38042449951172,2995700
2020-04-29,60.56041717529297,4675700
2020-04-30,60.65536117553711,7128300
2020-05-01,59.1534309387207,4497000
2020-05-04,59.97344207763672,5031500
2020-05-05,60.00796127319336,2458000
2020-05-06,58.55782699584961,4551400
2020-05-07,59.38648986816406,3985800
2020-05-08,59.87849807739258,3938600
2020-05-11,59.887123107910156,2797200
2020-05-12,59.3260498046875,3961400
2020-05-13,58.95488739013672,3864200
2020-05-14,57.88455581665039,4999800
2020-05-15,59.51594924926758,7939700
2020-05-18,60.6121940612793,5017700
2020-05-19,59.7749137878418,5304100
2020-05-20,60.827972412109375,3406100
2020-05-21,60.646724700927734,5171900
2020-05-22,61.06968307495117,3427400
2020-05-26,59.93027877807617,6475600
2020-05-27,60.931556701660156,3811400
2020-05-28,62.22631072998047,4685600
2020-05-29,62.433502197265625,4317000
2020-06-01,62.77875900268555,2640600
2020-06-02,62.528438568115234,3751300
2020-06-03,61.84652328491211,4535700
2020-06-04,61.06968307495117,4985800
2020-06-05,62.49392318725586,5976200
2020-06-08,63.4520378112793,5033300
2020-06-09,63.253509521484375,4608100
2020-06-10,64.18573760986328,5726600
2020-06-11,63.09813690185547,5547300
2020-06-12,62.8305549621582,4357600
2020-06-15,62.91686248779297,3350500
2020-06-16,63.46931076049805,3034200
2020-06-17,63.71098327636719,2410500
2020-06-18,63.5383415222168,2975800
2020-06-19,63.32257080078125,5842700
2020-06-22,63.09813690185547,2220400
2020-06-23,62.942752838134766,3489000
2020-06-24,62.17453384399414,3243000
2020-06-25,62.70106887817383,3379900
2020-06-26,61.734336853027344,5402400
2020-06-29,62.51979446411133,3176600
2020-06-30,63.23625183105469,3556100
2020-07-01,63.03772735595703,3286300
2020-07-02,63.253509521484375,2658600
2020-07-06,63.400245666503906,4026300
2020-07-07,63.84910202026367,4043800
2020-07-08,64.29793548583984,3166900
2020-07-09,63.28803253173828,2916700
2020-07-10,63.598785400390625,4418600
2020-07-13,63.40888595581055,3142900
2020-07-14,64.60869598388672,3181600
2020-07-15,64.4705810546875,3270900
2020-07-16,64.72090911865234,2557800
2020-07-17,65.29395294189453,2871800
2020-07-20,64.42568969726562,2134600
2020-07-21,64.2867660522461,2920200
2020-07-22,64.37358856201172,4239400
2020-07-23,64.4517593383789,3868000
2020-07-24,64.52989196777344,2630700
2020-07-27,64.8164291381836,3182800
2020-07-28,65.73677825927734,4035900
2020-07-29,66.1622314453125,3186700
2020-07-30,66.74398803710938,4858400
2020-07-31,67.030517578125,4346700
2020-08-03,66.48350524902344,3127500
2020-08-04,66.65716552734375,3410900
2020-08-05,66.14486694335938,2730200
2020-08-06,65.86700439453125,3156100
2020-08-07,66.19696807861328,2968000
2020-08-10,66.55296325683594,3407300
2020-08-11,65.95384216308594,3398400
2020-08-12,67.06523132324219,3844300
2020-08-13,66.83949279785156,2964900
2020-08-14,66.90025329589844,2538400
2020-08-17,67.03917694091797,2762300
2020-08-18,67.42121124267578,4286200
2020-08-19,67.68171691894531,2470600
2020-08-20,67.94220733642578,2009200
2020-08-21,68.32422637939453,3405200
2020-08-24,68.70626068115234,2796800
2020-08-25,68.2374038696289,2374100
2020-08-26,68.28951263427734,3476800
2020-08-27,68.64547729492188,2208900
2020-08-28,68.91464233398438,3039800
2020-08-31,68.81915283203125,3272700
2020-09-01,67.80327606201172,2968800
2020-09-02,69.00147247314453,3405200
2020-09-03,67.4385757446289,4486600
2020-09-04,67.03917694091797,3643800
2020-09-08,65.67601013183594,4816200
2020-09-09,67.35176086425781,3128600
2020-09-10,66.34459686279297,4165800
2020-09-11,66.63978576660156,2736900
2020-09-14,66.98710632324219,2529300
2020-09-15,66.80475616455078,2093300
2020-09-16,66.77869415283203,2498900
2020-09-17,66.60505676269531,2525300
2020-09-18,65.84097290039062,4563600
2020-09-21,65.28528594970703,3004500
2020-09-22,66.04936218261719,2852500
2020-09-23,65.24186706542969,2962100
2020-09-24,65.78018951416016,2385200
2020-09-25,65.9451675415039,2803300
2020-09-28,66.51821899414062,2586300
2020-09-29,66.17960357666016,2076000
2020-09-30,66.98710632324219,3962100
2020-10-01,66.90894317626953,4048600
2020-10-02,67.20416259765625,3540200
2020-10-05,68.08979797363281,2768600
2020-10-06,67.32571411132812,2640900
2020-10-07,67.83798217773438,1928300
2020-10-08,68.36763763427734,2144500
2020-10-09,69.26195526123047,2870600
2020-10-12,70.00865173339844,2691100
2020-10-13,69.68741607666016,3042800
2020-10-14,69.34010314941406,2200100
2020-10-15,69.20986938476562,3375800
2020-10-16,69.7308349609375,2963600
2020-10-19,68.77571868896484,2854800
2020-10-20,69.31405639648438,2960900
2020-10-21,69.63530731201172,3591700
2020-10-22,69.2249984741211,2516400
2020-10-23,69.26863098144531,2259400
2020-10-26,68.70114135742188,3886700
2020-10-27,68.84082794189453,2828600
2020-10-28,67.10343933105469,4767300
2020-10-29,66.93756103515625,3939600
2020-10-30,68.8757553100586,7362900
2020-11-02,69.98454284667969,4217700
2020-11-03,72.56007385253906,5327800
2020-11-04,73.2148666381836,5653400
2020-11-05,72.4727554321289,3914000
2020-11-06,72.490234375,3481300
2020-11-09,71.3989028930664,6633800
2020-11-10,72.76962280273438,4494500
2020-11-11,74.14903259277344,3896900
2020-11-12,73.97442626953125,3705200
2020-11-13,74.52448272705078,3742400
2020-11-16,75.02210998535156,3701500
2020-11-17,74.51573181152344,3406800
2020-11-18,73.86965942382812,4168500
2020-11-19,74.54192352294922,4400800
2020-11-20,74.34986877441406,3719000
2020-11-23,73.80856323242188,3046000
2020-11-24,73.95696258544922,4223200
2020-11-25,73.99188232421875,3135700
2020-11-27,74.12285614013672,2188300
2020-11-30,74.7689208984375,4355900
2020-12-01,75.31021118164062,3372300
2020-12-02,74.8562240600586,2740100
2020-12-03,74.37605285644531,3842100
2020-12-04,74.23634338378906,3142600
2020-12-07,74.55065155029297,2966800
2020-12-08,74.35857391357422,2664500
2020-12-09,73.99188232421875,2582900
2020-12-10,73.85220336914062,2856500
2020-12-11,73.93077850341797,2610200
2020-12-14,73.50296783447266,2684400
2020-12-15,73.99188232421875,2555800
2020-12-16,74.24510192871094,2862000
2020-12-17,74.78636932373047,3086500
2020-12-18,75.02210998535156,6089800
2020-12-21,74.48078918457031,2757900
2020-12-22,73.68630981445312,2341500
2020-12-23,73.7125015258789,2690400
2020-12-24,74.24510192871094,733200
2020-12-28,74.56809997558594,1225800
2020-12-29,74.23634338378906,2390900
2020-12-30,73.97442626953125,2158000
2020-12-31,74.65541076660156,1893100
2021-01-04,73.62521362304688,3506000
2021-01-05,73.79107666015625,2559300
2021-01-06,71.80925750732422,9053900
2021-01-07,71.41635131835938,5061000
2021-01-08,71.89652252197266,5569300
2021-01-11,71.71321105957031,4430800
2021-01-12,71.8179702758789,4359800
2021-01-13,72.0187759399414,4069400
2021-01-14,71.5385971069336,3732500
2021-01-15,71.48619079589844,6359600
2021-01-19,70.58694458007812,4004300
2021-01-20,70.01947784423828,6897200
2021-01-21,69.21623229980469,5772000
2021-01-22,68.64559936523438,4816300
2021-01-25,69.01434326171875,7750400
2021-01-26,69.13724517822266,5788400
2021-01-27,68.505126953125,6289700
2021-01-28,69.48841094970703,8037900
2021-01-29,68.47877502441406,7405100
2021-02-01,68.935302734375,6514500
2021-02-02,69.22502899169922,5018800
2021-02-03,69.2513656616211,3863600
2021-02-04,69.29528045654297,3869600
2021-02-05,70.12052917480469,3579200
2021-02-08,69.97127532958984,3828700
2021-02-09,69.09333038330078,3682200
2021-02-10,69.45330810546875,4882700
2021-02-11,68.83873748779297,3106000
2021-02-12,68.85630798339844,2732400
2021-02-16,68.64559936523438,5147600
2021-02-17,68.86507415771484,3145000
2021-02-18,69.11091613769531,2565600
2021-02-19,67.77643585205078,4540200
2021-02-22,67.83790588378906,2573400
2021-02-23,68.03103637695312,4131400
2021-02-24,67.28479766845703,4083400
2021-02-25,67.32870483398438,4178100
2021-02-26,66.02057647705078,5421200
2021-03-01,66.37175750732422,3872400
2021-03-02,66.2137222290039,4977000
2021-03-03,65.5025863647461,5705600
2021-03-04,65.35335540771484,6337500
2021-03-05,66.77558135986328,10241200
2021-03-08,67.11798858642578,4676200
2021-03-09,65.7923355102539,7085400
2021-03-10,66.54734802246094,7028500
2021-03-11,66.08203887939453,4842600
2021-03-12,66.29273223876953,3141700
2021-03-15,66.4419937133789,4860300
2021-03-16,66.59999084472656,4268600
2021-03-17,66.54734802246094,3914900
2021-03-18,66.78438568115234,3366700
2021-03-19,65.82743835449219,11878800
2021-03-22,66.52098846435547,8160500
2021-03-23,68.25930786132812,6060800
2021-03-24,68.27686309814453,4255400
2021-03-25,68.3822021484375,4769500
2021-03-26,69.54987335205078,4170300
2021-03-29,70.14685821533203,3811800
2021-03-30,69.64643096923828,4841700
2021-03-31,69.20747375488281,4493200
2021-04-01,68.96166229248047,4881300
2021-04-05,69.82201385498047,4026900
2021-04-06,70.11174011230469,3814800
2021-04-07,69.9010238647461,5027800
2021-04-08,69.9186019897461,3773000
2021-04-09,70.04151916503906,3509000
2021-04-12,70.37512969970703,3510400
2021-04-13,69.99761962890625,4442500
2021-04-14,69.7078857421875,4129600
2021-04-15,70.63851165771484,4010400
2021-04-16,70.84921264648438,8134800
2021-04-19,70.55951690673828,4021200
2021-04-20,71.80435180664062,4307300
2021-04-21,71.64542388916016,3755200
2021-04-22,71.55713653564453,4036400
2021-04-23,70.44469451904297,3908400
2021-04-26,69.99443817138672,3920000
2021-04-27,69.35877227783203,4148900
2021-04-28,69.54418182373047,3353300
2021-04-29,70.47119140625,4828400
2021-04-30,71.24811553955078,7252300
2021-05-03,71.57479858398438,3709100
2021-05-04,71.59245300292969,4129500
2021-05-05,71.79549407958984,3093300
2021-05-06,72.6695556640625,3850100
2021-05-07,72.55480194091797,2263700
2021-05-10,73.57889556884766,4206000
2021-05-11,72.78433990478516,5119300
2021-05-12,72.44002532958984,4075100
2021-05-13,73.50829315185547,4300200
2021-05-14,73.77315521240234,4146500
2021-05-17,73.76435852050781,3522100
2021-05-18,73.37586212158203,3024200
2021-05-19,73.46414947509766,4078400
2021-05-20,74.24107360839844,3966900
2021-05-21,74.36469268798828,3497900
2021-05-24,74.51478576660156,3196200
2021-05-25,74.6825180053711,3472800
2021-05-26,74.54127502441406,2601700
2021-05-27,73.88794708251953,4686300
2021-05-28,73.96739196777344,3971700
2021-06-01,72.81965637207031,5587000
2021-06-02,73.17279815673828,3749600
2021-06-03,74.11746978759766,3967000
2021-06-04,74.13514709472656,3660200
2021-06-07,74.07334899902344,3211600
2021-06-08,73.21694946289062,3233100
2021-06-09,72.89026641845703,6530200
2021-06-10,73.8084716796875,4075900
2021-06-11,73.83495330810547,2560000
2021-06-14,73.64073181152344,2345200
2021-06-15,73.51712036132812,3220700
2021-06-16,72.35172271728516,3615200
2021-06-17,72.77552032470703,3253100
2021-06-18,71.53064727783203,7471300
2021-06-21,71.9014663696289,4226700
2021-06-22,71.76902770996094,3159900
2021-06-23,70.85082244873047,3673800
2021-06-24,71.12451934814453,3449800
2021-06-25,71.91912078857422,9475300
2021-06-28,72.14866638183594,2735300
2021-06-29,71.73371887207031,3056700
2021-06-30,71.8219985961914,4687700
2021-07-01,72.16634368896484,3596100
2021-07-02,72.13099670410156,2752200
2021-07-06,72.369384765625,3221000
2021-07-07,72.97856903076172,3220200
2021-07-08,72.69603729248047,3514800
2021-07-09,72.77552032470703,2801600
2021-07-12,73.21694946289062,4482600
2021-07-13,72.9609146118164,2733700
2021-07-14,73.4818115234375,2959200
2021-07-15,73.83495330810547,4200800
2021-07-16,74.50593566894531,6527500
2021-07-19,74.13514709472656,4960200
2021-07-20,73.39840698242188,4884100
2021-07-21,72.94573211669922,3579600
2021-07-22,72.6438980102539,3659900
2021-07-23,73.92211151123047,3107500
2021-07-26,74.64108276367188,5947500
2021-07-27,74.5168228149414,4136700
2021-07-28,73.83334350585938,3110700
2021-07-29,74.13513946533203,3974400
2021-07-30,70.56685638427734,9513700
2021-08-02,70.60235595703125,5339300
2021-08-03,70.49583435058594,3635700
2021-08-04,69.45732116699219,4194400
2021-08-05,70.03425598144531,4135100
2021-08-06,69.79460144042969,2877400
2021-08-09,69.53718566894531,2563700
2021-08-10,69.88336944580078,2740600
2021-08-11,70.2117919921875,4239100
2021-08-12,69.9366455078125,3595500
2021-08-13,70.51358795166016,3521600
2021-08-16,70.81539154052734,6098900
2021-08-17,71.03730773925781,3356600
2021-08-18,69.37742614746094,3654100
2021-08-19,70.09642028808594,3527800
2021-08-20,69.94552612304688,3026100
2021-08-23,69.57269287109375,3163400
2021-08-24,68.94248962402344,2923000
2021-08-25,68.92474365234375,3636600
2021-08-26,68.62295532226562,2317300
2021-08-27,68.73832702636719,2294200
2021-08-30,68.92474365234375,1960800
2021-08-31,69.19100189208984,3786900
2021-09-01,69.52831268310547,2658000
2021-09-02,69.69697570800781,2549700
2021-09-03,69.15552520751953,3030200
2021-09-07,68.2590103149414,3246400
2021-09-08,69.04011535644531,3863900
2021-09-09,68.61405944824219,3956900
2021-09-10,68.38328552246094,3360100
2021-09-13,68.68506622314453,3371400
2021-09-14,68.61405944824219,2950600
2021-09-15,68.5341567993164,3662100
2021-09-16,67.87732696533203,4170600
2021-09-17,67.66429138183594,7334200
2021-09-20,67.61103057861328,4942500
2021-09-21,67.8062973022461,4247500
2021-09-22,67.8418197631836,2811500
2021-09-23,68.05484008789062,2393100
2021-09-24,68.01933288574219,2214000
2021-09-27,67.46900177001953,2899700
2021-09-28,67.30034637451172,4949500
2021-09-29,68.41876220703125,4094300
2021-09-30,67.08733367919922,4178800
2021-10-01,67.08733367919922,3473400
2021-10-04,66.6257553100586,3943600
2021-10-05,66.05765533447266,4915400
2021-10-06,66.6612777709961,4052700
2021-10-07,67.09620666503906,3642200
2021-10-08,67.09620666503906,3327900
2021-10-11,67.2826156616211,3742400
2021-10-12,67.16720581054688,2788900
2021-10-13,67.52227020263672,3684000
2021-10-14,67.99270629882812,3739000
2021-10-15,67.68203735351562,4076000
2021-10-18,66.821044921875,4331000
2021-10-19,66.3772201538086,5206800
2021-10-20,67.0648422241211,5317600
2021-10-21,66.87731170654297,4370500
2021-10-22,67.42204284667969,7665400
2021-10-25,67.10054779052734,6205900
2021-10-26,68.01142883300781,5400200
2021-10-27,67.77924346923828,4583100
2021-10-28,68.65437316894531,4849900
2021-10-29,68.03822326660156,6683300
2021-11-01,67.82388305664062,4008000
2021-11-02,68.1096420288086,4132200
2021-11-03,69.0026626586914,3916000
2021-11-04,69.0205307006836,3407000
2021-11-05,69.51168823242188,3560300
2021-11-08,69.42237091064453,3335900
2021-11-09,69.69920349121094,3854900
2021-11-10,70.08318328857422,3263500
2021-11-11,69.6456298828125,2788500
2021-11-12,69.68135070800781,3057200
2021-11-15,69.92245483398438,3263900
2021-11-16,69.54739379882812,3140500
2021-11-17,69.27948760986328,3144600
2021-11-18,68.21682739257812,3416600
2021-11-19,68.94015502929688,3978200
2021-11-22,69.26164245605469,3601000
2021-11-23,69.592041015625,2941800
2021-11-24,69.44023895263672,2350400
2021-11-26,68.81511688232422,2439900
2021-11-29,69.39558410644531,3923000
2021-11-30,66.99339294433594,8702400
2021-12-01,67.32381439208984,3716700
2021-12-02,67.4041748046875,4665300
2021-12-03,68.55613708496094,5206200
2021-12-06,70.17250061035156,6525000
2021-12-07,69.4848861694336,3952500
2021-12-08,69.44023895263672,4311200
2021-12-09,69.65455627441406,2928500
2021-12-10,70.96727752685547,4294500
2021-12-13,72.45858764648438,5950900
2021-12-14,73.34268951416016,7682500
2021-12-15,73.90525817871094,6124500
2021-12-16,74.96794891357422,5237600
2021-12-17,73.65522766113281,10299800
2021-12-20,73.69094848632812,5162300
2021-12-21,73.30695343017578,4630800
2021-12-22,73.63736724853516,3373000
2021-12-23,73.93206024169922,3936400
2021-12-27,74.9322280883789,3189600
2021-12-28,75.42339324951172,2201000
2021-12-29,75.82523345947266,2628900
2021-12-30,75.53947448730469,2772000
2021-12-31,76.209228515625,2940200
2022-01-03,75.53947448730469,5327000
2022-01-04,75.78952026367188,4405100
2022-01-05,76.10208129882812,4445900
2022-01-06,75.60198974609375,4154800
2022-01-07,75.405517578125,2818200
2022-01-10,74.75363159179688,4138000
2022-01-11,74.27140045166016,3562400
2022-01-12,74.00350189208984,5112700
2022-01-13,73.70880126953125,6698400
2022-01-14,74.52144622802734,4431900
2022-01-18,74.22675323486328,6746200
2022-01-19,75.0661849975586,5614600
2022-01-20,74.3785629272461,6377000
2022-01-21,75.12377166748047,5690900
2022-01-24,75.12377166748047,7339800
2022-01-25,73.39090728759766,7643300
2022-01-26,73.07667541503906,7455000
2022-01-27,74.25286102294922,6242100
2022-01-28,74.56712341308594,5987300
2022-01-31,74.02840423583984,6372200
2022-02-01,73.55254364013672,5174700
2022-02-02,74.34266662597656,6814700
2022-02-03,74.2798080444336,4292100
2022-02-04,72.83425903320312,5173100
2022-02-07,72.83425903320312,3502800
2022-02-08,72.65467071533203,4014100
2022-02-09,72.60979461669922,3757200
2022-02-10,71.5772476196289,3728300
2022-02-11,71.40665435791016,5658400
2022-02-14,71.16423797607422,5624200
2022-02-15,70.55369567871094,4422000
2022-02-16,70.33818817138672,3825700
2022-02-17,71.06546020507812,3840700
2022-02-18,71.42460632324219,3351800
2022-02-22,70.79610443115234,4752300
2022-02-23,70.60755157470703,3703600
2022-02-24,67.86011505126953,7890900
2022-02-25,70.15861511230469,5249900
2022-02-28,69.09019470214844,4801100
2022-03-01,68.27312469482422,3966500
2022-03-02,68.86573028564453,3952800
2022-03-03,69.49420928955078,3884400
2022-03-04,69.45829772949219,3670900
2022-03-07,68.84774780273438,4298600
2022-03-08,67.22264099121094,5263700
2022-03-09,67.82421875,7013200
2022-03-10,66.2978515625,6384200
2022-03-11,66.2349853515625,4278900
2022-03-14,66.40559387207031,4080800
2022-03-15,67.779296875,4319400
2022-03-16,67.47403717041016,4519900
2022-03-17,67.45606231689453,4187800
2022-03-18,64.82534790039062,14746300
2022-03-21,66.576171875,10092700
2022-03-22,66.89042663574219,4958700
2022-03-23,66.10929107666016,3875900
2022-03-24,66.12725067138672,3539500
2022-03-25,67.1418228149414,4401000
2022-03-28,67.68952178955078,3646200
2022-03-29,68.41679382324219,4651500
2022-03-30,68.56045532226562,4191400
2022-03-31,68.08457946777344,7711400
2022-04-01,68.61431121826172,6464700
2022-04-04,68.7669448852539,4791900
2022-04-05,69.53910827636719,4398500
2022-04-06,70.76016998291016,9991400
2022-04-07,72.20575714111328,8557200
2022-04-08,72.05311584472656,6428000
2022-04-11,72.22371673583984,9495700
2022-04-12,72.72650146484375,6488300
2022-04-13,72.7175064086914,4481200
2022-04-14,72.67264556884766,7663700
2022-04-18,71.83763122558594,5230900
2022-04-19,72.37632751464844,4644600
2022-04-20,73.6316909790039,8789900
2022-04-21,74.14647674560547,4661100
2022-04-22,73.24332427978516,6136800
2022-04-25,73.8845443725586,5778300
2022-04-26,72.71952056884766,4716400
2022-04-27,72.8730697631836,4415500
2022-04-28,73.3517074584961,5400200
2022-04-29,69.585693359375,14943400
2022-05-02,67.89683532714844,7133000
2022-05-03,67.27369689941406,6073200
2022-05-04,69.54053497314453,8806000
2022-05-05,68.71868133544922,5056300
2022-05-06,69.39603424072266,5379600
2022-05-09,70.1456069946289,5666800
2022-05-10,69.24250030517578,6030700
2022-05-11,69.31475830078125,5555500
2022-05-12,70.0372543334961,5244700
2022-05-13,70.80491638183594,5068600
2022-05-16,71.1029281616211,3981100
2022-05-17,71.1390609741211,4017100
2022-05-18,68.37549591064453,4590300
2022-05-19,67.84265899658203,5477100
2022-05-20,67.8516845703125,6937200
2022-05-23,69.1070327758789,3754700
2022-05-24,70.55204772949219,3539700
2022-05-25,69.98304748535156,3733900
2022-05-26,70.58814239501953,4139100
2022-05-27,71.22034454345703,2742300
2022-05-31,71.17516326904297,5916500
2022-06-01,70.62427520751953,3963400
2022-06-02,71.59062194824219,3588900
2022-06-03,71.28356170654297,3150100
2022-06-06,71.14808654785156,2715500
2022-06-07,71.08487701416016,6609400
2022-06-08,70.32625579833984,3131300
2022-06-09,69.40505981445312,6327300
2022-06-10,69.20637512207031,4294600
2022-06-13,68.80900573730469,4490600
2022-06-14,67.07500457763672,3960400
2022-06-15,66.97566986083984,6023400
2022-06-16,66.7589111328125,5342900
2022-06-17,66.8672866821289,11016400
2022-06-21,69.05284881591797,4456700
2022-06-22,70.36238861083984,4653700
2022-06-23,71.23839569091797,3932400
2022-06-24,72.59307861328125,5193400
2022-06-27,72.14153289794922,4564600
2022-06-28,71.23839569091797,3193800
2022-06-29,71.9518814086914,2156900
2022-06-30,72.37632751464844,3565600
2022-07-01,74.02906036376953,4252900
2022-07-05,73.15301513671875,3068500
2022-07-06,73.17106628417969,4797900
2022-07-07,71.7622299194336,5148000
2022-07-08,70.75975036621094,3668500
2022-07-11,71.07583618164062,5459600
2022-07-12,70.7236328125,3074500
2022-07-13,70.83199310302734,3343300
2022-07-14,70.7507095336914,5753200
2022-07-15,70.57913208007812,4830600
2022-07-18,69.64891815185547,3526600
2022-07-19,70.01917266845703,3712500
2022-07-20,68.70167541503906,5405900
2022-07-21,69.20142364501953,4054400
2022-07-22,70.39171600341797,2537700
2022-07-25,70.73698425292969,2427800
2022-07-26,71.35487365722656,2572400
2022-07-27,71.56385803222656,2421400
2022-07-28,71.9545669555664,5078100
2022-07-29,71.54569244384766,5749800
2022-08-01,73.69004821777344,6899200
2022-08-02,72.92681884765625,20428800
2022-08-03,73.98991394042969,3587300
2022-08-04,73.49922943115234,2787900
2022-08-05,73.08128356933594,2408200
2022-08-08,73.42655181884766,5039700
2022-08-09,72.74508666992188,3254200
2022-08-10,72.99950408935547,3480300
2022-08-11,72.23623657226562,4932800
2022-08-12,72.95405578613281,3277500
2022-08-15,73.8172836303711,4257600
2022-08-16,74.67138671875,2905800
2022-08-17,74.66228485107422,2128500
2022-08-18,75.28015899658203,2634300
2022-08-19,75.66178131103516,4663000
2022-08-22,74.47147369384766,4144100
2022-08-23,73.56283569335938,2567700
2022-08-24,73.59918975830078,2390900
2022-08-25,73.52650451660156,2660000
2022-08-26,71.97273254394531,3407600
2022-08-29,72.31802368164062,2273600
2022-08-30,71.78192138671875,3095500
2022-08-31,71.0641098022461,4054100
2022-09-01,72.50881958007812,5924100
2022-09-02,71.02776336669922,3111700
2022-09-06,70.66431427001953,4137000
2022-09-07,71.37305450439453,4264500
2022-09-08,70.7279052734375,5775200
2022-09-09,70.90055847167969,6405300
2022-09-12,70.78243255615234,6390600
2022-09-13,68.5381088256836,3988500
2022-09-14,69.11055755615234,8077500
2022-09-15,68.35639190673828,4982400
2022-09-16,68.77436828613281,5304400
2022-09-19,69.06511688232422,3646200
2022-09-20,68.29277801513672,2738600
2022-09-21,68.05655670166016,2884500
2022-09-22,68.47450256347656,3452100
2022-09-23,68.62896728515625,4471900
2022-09-26,68.14739990234375,3797200
2022-09-27,65.94853210449219,5260600
2022-09-28,66.24835968017578,6450900
2022-09-29,65.21251678466797,4617200
2022-09-30,63.8314094543457,7510600
2022-10-03,64.61283874511719,3840300
2022-10-04,65.27611541748047,4066900
2022-10-05,64.61283874511719,3467800
2022-10-06,63.20444107055664,3383000
2022-10-07,62.6865234375,4316300
2022-10-10,62.22313690185547,4756700
2022-10-11,62.74103927612305,3974400
2022-10-12,62.795570373535156,2819400
2022-10-13,64.52196502685547,4459900
2022-10-14,64.81272888183594,4964800
2022-10-17,65.54869842529297,4118000
2022-10-18,66.25743103027344,10417100
2022-10-19,65.19434356689453,5301800
2022-10-20,64.2522964477539,3436100
2022-10-21,65.36813354492188,5947100
2022-10-24,65.87117767333984,3500900
2022-10-25,66.54798889160156,3983300
2022-10-26,67.16080474853516,3624800
2022-10-27,66.97787475585938,5128900
2022-10-28,68.2674789428711,5613100
2022-10-31,67.5357894897461,6690600
2022-11-01,67.44432067871094,3716000
2022-11-02,66.55713653564453,3991800
2022-11-03,66.20958709716797,3001600
2022-11-04,66.9412841796875,3947400
2022-11-07,67.22480010986328,3052500
2022-11-08,67.50836181640625,3291500
2022-11-09,67.18822479248047,3368700
2022-11-10,68.56932067871094,3828200
2022-11-11,68.20346069335938,3160000
2022-11-14,68.20346069335938,3243300
2022-11-15,68.88941192626953,3495900
2022-11-16,69.52051544189453,2799000
2022-11-17,68.86199188232422,4618500
2022-11-18,69.93209838867188,4060900
2022-11-21,70.35282135009766,4228200
2022-11-22,69.84979248046875,4288800
2022-11-23,70.36197662353516,3861400
2022-11-25,70.21562957763672,1388800
2022-11-28,69.85892486572266,2511800
2022-11-29,69.48393249511719,2499800
2022-11-30,70.86502075195312,5816100
2022-12-01,71.11197662353516,3507100
2022-12-02,71.49610137939453,2797000
2022-12-05,70.53575897216797,3160000
2022-12-06,70.6180648803711,3020100
2022-12-07,70.92903900146484,4032600
2022-12-08,71.46865844726562,2672300
2022-12-09,71.13939666748047,2516700
2022-12-12,71.89854431152344,4774600
2022-12-13,72.02658081054688,3760500
2022-12-14,72.56620788574219,3692000
2022-12-15,71.23084259033203,4021200
2022-12-16,71.1211166381836,9426200
2022-12-19,71.32232666015625,3440300
2022-12-20,71.05707550048828,2831900
2022-12-21,72.24610137939453,3025200
2022-12-22,72.51133728027344,2548400
2022-12-23,72.66681671142578,1488500
2022-12-27,73.11498260498047,3078600
2022-12-28,72.09060668945312,1918700
2022-12-29,72.59365844726562,1954200
2022-12-30,72.06317138671875,2238600
2023-01-03,72.37415313720703,2920200
2023-01-04,72.84058380126953,3976800
2023-01-05,71.8344955444336,2295600
2023-01-06,73.15156555175781,2274500
2023-01-09,72.00829315185547,2826000
2023-01-10,71.62415313720703,3397200
2023-01-11,70.5448989868164,9122200
2023-01-12,70.27964782714844,6059000
2023-01-13,71.20341491699219,3800100
2023-01-17,71.55097961425781,5615100
2023-01-18,69.80404663085938,3996300
2023-01-19,68.77967071533203,4436400
2023-01-20,69.43314361572266,11899800
2023-01-23,69.48836517333984,2463400
2023-01-24,69.89332580566406,4219100
2023-01-25,69.73686981201172,3142700
2023-01-26,69.5159683227539,3744000
2023-01-27,65.88969421386719,13482900
2023-01-30,67.07697296142578,9191600
2023-01-31,68.5955810546875,5890100
2023-02-01,69.01898193359375,3722200
2023-02-02,67.85931396484375,5024700
2023-02-03,68.37470245361328,3861200
2023-02-06,67.96975708007812,4186900
2023-02-07,67.60160064697266,3755100
2023-02-08,67.51876068115234,3230100
2023-02-09,67.03096008300781,3740400
2023-02-10,67.6936264038086,3524300
2023-02-13,67.8961181640625,3664300
2023-02-14,67.35309600830078,2382500
2023-02-15,66.91131591796875,4399200
2023-02-16,66.9757308959961,4701800
2023-02-17,68.58639526367188,5019100
2023-02-21,68.34709930419922,4098100
2023-02-22,68.48516082763672,3645600
2023-02-23,67.79486846923828,3008600
2023-02-24,67.30707550048828,3115000
2023-02-27,67.73965454101562,3434600
2023-02-28,67.46353149414062,3614300
2023-03-01,66.77325439453125,2880800
2023-03-02,67.8961181640625,2916000
2023-03-03,68.06177520751953,2532600
2023-03-06,67.45433044433594,3001600
2023-03-07,65.80686950683594,6423000
2023-03-08,66.23023986816406,2942800
2023-03-09,65.65960693359375,4893200
2023-03-10,65.63198852539062,3694600
2023-03-13,65.80686950683594,5949900
2023-03-14,66.48792266845703,5098000
2023-03-15,67.12299346923828,5993500
2023-03-16,67.14141082763672,4256400
2023-03-17,66.45112609863281,9106100
2023-03-20,67.26105499267578,4557500
2023-03-21,66.61680603027344,4561200
2023-03-22,66.3866958618164,3180800
2023-03-23,66.110595703125,3494500
2023-03-24,67.573974609375,5013500
2023-03-27,68.24586486816406,4203900
2023-03-28,68.56798553466797,4241900
2023-03-29,68.54037475585938,2873200
2023-03-30,69.2582778930664,4181600
2023-03-31,69.16624450683594,5153600
2023-04-03,69.35950469970703,3188700
2023-04-04,68.77967071533203,3002600
2023-04-05,69.35950469970703,4949500
2023-04-06,69.65402221679688,3261800
2023-04-10,69.15703582763672,2735100
2023-04-11,69.96697235107422,7115700
2023-04-12,69.99457550048828,4438400
2023-04-13,70.42713928222656,3315000
2023-04-14,69.57119750976562,3756800
2023-04-17,69.67244720458984,4727500
2023-04-18,69.52517700195312,3499300
2023-04-19,69.57119750976562,3629700
2023-04-20,70.7290267944336,7763200
2023-04-21,71.13658142089844,11708600
2023-04-24,72.13691711425781,5350900
2023-04-25,71.97020721435547,6437500
2023-04-26,71.0254135131836,4592000
2023-04-27,72.18324279785156,5652600
2023-04-28,73.91533660888672,9633400
2023-05-01,74.7397232055664,6111100
2023-05-02,74.8879165649414,5963300
2023-05-03,75.26768493652344,6380000
2023-05-04,74.83234405517578,7441500
2023-05-05,74.64708709716797,5359300
2023-05-08,74.79529571533203,6564700
2023-05-09,74.69340515136719,3363500
2023-05-10,75.11947631835938,5094400
2023-05-11,75.61039733886719,3243300
2023-05-12,75.93458557128906,3483800
2023-05-15,75.10095977783203,4477100
2023-05-16,74.81381225585938,7159500
2023-05-17,74.57299041748047,3083000
2023-05-18,73.81346130371094,4043700
2023-05-19,74.03575134277344,3763300
2023-05-22,72.62785339355469,6066200
2023-05-23,71.35887145996094,5299300
2023-05-24,70.84017181396484,7584200
2023-05-25,70.62711334228516,6149900
2023-05-26,70.590087890625,5750000
2023-05-30,69.4229965209961,4341300
2023-05-31,68.89502716064453,19133300
2023-06-01,69.3766860961914,4704100
2023-06-02,70.44187927246094,4755200
2023-06-05,70.62711334228516,4681300
2023-06-06,69.99726867675781,5154500
2023-06-07,69.6545639038086,3879600
2023-06-08,70.14547729492188,3218800
2023-06-09,70.24736022949219,3186700
2023-06-12,70.13622283935547,3374700
2023-06-13,69.69161224365234,4121200
2023-06-14,69.85834503173828,2979000
2023-06-15,71.13658142089844,3947600
2023-06-16,72.04430389404297,7368900
2023-06-20,71.89611053466797,5232000
2023-06-21,71.89611053466797,3618100
2023-06-22,72.24807739257812,3939100
2023-06-23,71.4237060546875,10964600
2023-06-26,70.98837280273438,4236600
2023-06-27,70.14547729492188,7488500
2023-06-28,70.31220245361328,5100300
2023-06-29,70.91427612304688,4419100
2023-06-30,71.35887145996094,4781800
2023-07-03,71.45149993896484,2092200
2023-07-05,71.20140838623047,4796400
2023-07-06,71.23846435546875,3287700
2023-07-07,70.01580047607422,4420200
2023-07-10,70.29368591308594,3724900
2023-07-11,69.83055114746094,5199900
2023-07-12,69.61750793457031,5291500
2023-07-13,70.26589965820312,4346200
2023-07-14,70.80311584472656,2978000
2023-07-17,70.00654602050781,5938900
2023-07-18,70.24736022949219,3916200
2023-07-19,70.78459167480469,5717700
2023-07-20,71.77263641357422,4345900
2023-07-21,71.94973754882812,11117900
2023-07-24,72.22005462646484,3494500
2023-07-25,72.55559539794922,4787400
2023-07-26,72.66746520996094,4116700
2023-07-27,71.87516784667969,5637200
2023-07-28,70.486328125,10891400
2023-07-31,71.08287811279297,8106100
2023-08-01,71.43707275390625,4721400
2023-08-02,72.2759780883789,4275700
2023-08-03,71.38114929199219,4935300
2023-08-04,71.08287811279297,4574900
2023-08-07,71.6794204711914,2469400
2023-08-08,71.14813232421875,3796200
2023-08-09,71.2972640991211,3314900
2023-08-10,71.10150146484375,2552400
2023-08-11,71.6794204711914,2742300
2023-08-14,70.57953643798828,4249000
2023-08-15,69.5728530883789,4476300
2023-08-16,69.3677749633789,3639900
2023-08-17,68.97630310058594,2873100
2023-08-18,69.48896789550781,3681500
2023-08-21,68.78987884521484,3157300
2023-08-22,68.5195541381836,3096500
2023-08-23,68.5195541381836,2615300
2023-08-24,68.34246063232422,3692900
2023-08-25,68.81784057617188,2663300
2023-08-28,68.6407470703125,2871100
2023-08-29,68.4822769165039,3566500
2023-08-30,68.83649444580078,2415500
2023-08-31,68.4822769165039,5205300
2023-09-01,68.29586029052734,2412800
2023-09-05,67.83911895751953,2976200
2023-09-06,67.41035461425781,2869100
2023-09-07,68.566162109375,5704300
2023-09-08,68.23059844970703,3804500
2023-09-11,68.92967987060547,3286600
2023-09-12,67.59678649902344,3639400
2023-09-13,67.88573455810547,3111800
2023-09-14,68.47294616699219,3409500
2023-09-15,68.20265197753906,5597100
2023-09-18,68.83649444580078,4042700
2023-09-19,68.249267578125,3016000
2023-09-20,68.7525863647461,4212100
2023-09-21,68.249267578125,3315200
2023-09-22,67.53152465820312,4242600
2023-09-25,67.317138671875,3296400
2023-09-26,67.11207580566406,3789400
2023-09-27,66.22657775878906,3572800
2023-09-28,66.46891784667969,3364000
2023-09-29,66.28250885009766,3226300
2023-10-02,65.95626068115234,2634400
2023-10-03,65.68595123291016,3174300
2023-10-04,65.76982879638672,2777200
2023-10-05,64.5674057006836,3565300
2023-10-06,64.716552734375,6481000
2023-10-09,64.60469818115234,3983500
2023-10-10,64.77246856689453,4737800
2023-10-11,64.1945571899414,3310200
2023-10-12,64.96822357177734,7153500
2023-10-13,66.13334655761719,3898000
2023-10-16,67.25189208984375,6437400
2023-10-17,67.1866455078125,10084500
2023-10-18,68.10942840576172,6058300
2023-10-19,68.22128295898438,8005100
2023-10-20,68.74671936035156,6560000
2023-10-23,67.51759338378906,4517600
2023-10-24,68.34326171875,4163300
2023-10-25,68.87808227539062,5355300
2023-10-26,68.56845092773438,6871000
2023-10-27,67.35807800292969,12666500
2023-10-30,69.31905364990234,6534000
2023-10-31,70.48249816894531,7591100
2023-11-01,70.30424499511719,4757700
2023-11-02,70.18226623535156,5624700
2023-11-03,70.20103454589844,4362500
2023-11-06,70.56696319580078,4288100
2023-11-07,70.58572387695312,3275000
2023-11-08,70.59510040283203,3113100
2023-11-09,70.50128173828125,2631900
2023-11-10,70.77337646484375,3667800
2023-11-13,71.26127624511719,2805500
2023-11-14,71.92744445800781,2919900
2023-11-15,70.8108901977539,4810900
2023-11-16,71.28942108154297,4432800
2023-11-17,70.91412353515625,3231700
2023-11-20,70.8108901977539,3150200
2023-11-21,71.8429946899414,3669500
2023-11-22,72.50916290283203,3217300
2023-11-24,72.53731536865234,1150400
2023-11-27,72.34965515136719,3706600
2023-11-28,73.06275177001953,3471200
2023-11-29,73.07210540771484,4010200
2023-11-30,73.90718841552734,7148500
2023-12-01,73.84149932861328,3488400
2023-12-04,74.1042251586914,4154400
2023-12-05,72.88446807861328,4075300
2023-12-06,72.68743133544922,3595400
2023-12-07,72.82817840576172,3107200
2023-12-08,72.40595245361328,4317800
2023-12-11,72.84693908691406,3958200
2023-12-12,73.73828125,3798500
2023-12-13,74.4888916015625,4000100
2023-12-14,71.5615005493164,8434000
2023-12-15,72.22767639160156,10225600
2023-12-18,73.24100494384766,4212400
2023-12-19,73.30668640136719,3370700
2023-12-20,72.57484436035156,5326800
2023-12-21,73.10029602050781,5267000
2023-12-22,73.65385437011719,4042400
2023-12-26,74.16051483154297,3572700
2023-12-27,74.216796875,3268700
2023-12-28,74.34815979003906,2317100
2023-12-29,74.78914642333984,2463300
2024-01-02,75.73680114746094,6099500
2024-01-03,74.95803833007812,4959600
2024-01-04,75.38025665283203,4441900
2024-01-05,75.04247283935547,2825100
2024-01-08,75.43653869628906,3703300
2024-01-09,75.83061981201172,3714500
2024-01-10,75.5772933959961,4491000
2024-01-11,75.58667755126953,5186500
2024-01-12,75.91506958007812,5562200
2024-01-16,75.46470642089844,4252000
2024-01-17,75.96196746826172,5357800
2024-01-18,75.84000396728516,4027100
2024-01-19,75.86833190917969,5147500
2024-01-22,75.90607452392578,6237700
2024-01-23,76.84050750732422,7078300
2024-01-24,75.58516693115234,5880900
2024-01-25,76.66117858886719,7526400
2024-01-26,78.1808090209961,8668700
2024-01-29,79.24737548828125,6426000
2024-01-30,79.50222778320312,5659900
2024-01-31,79.4738998413086,6330600
2024-02-01,81.2861328125,6904600
2024-02-02,79.8703384399414,6441000
2024-02-05,79.37006378173828,6627300
2024-02-06,79.03973388671875,6564400
2024-02-07,79.15299224853516,5530400
2024-02-08,79.53055572509766,4819100
2024-02-09,78.77545166015625,4533000
2024-02-12,78.86981964111328,4746500
2024-02-13,78.7848892211914,4469900
2024-02-14,79.01141357421875,6611200
2024-02-15,78.8792724609375,5268900
2024-02-16,78.79432678222656,4805600
2024-02-20,79.86090087890625,5404600
2024-02-21,80.52159881591797,3369000
2024-02-22,81.1728744506836,4114700
2024-02-23,81.40884399414062,3161500
2024-02-26,81.31446075439453,2831700
2024-02-27,81.55987548828125,2638800
2024-02-28,81.93740844726562,2936800
2024-02-29,81.66368865966797,7900500
2024-03-01,81.63536071777344,2402000
2024-03-04,81.95629119873047,3968300
2024-03-05,81.8619155883789,3719400
2024-03-06,82.28665161132812,3522700
2024-03-07,83.19275665283203,3215800
2024-03-08,83.12667846679688,2929400
2024-03-11,83.18331909179688,3423400
2024-03-12,83.7779769897461,4251800
2024-03-13,84.1932601928711,3193100
2024-03-14,83.3909683227539,4895500
2024-03-15,83.4853515625,6631000
2024-03-18,83.3154525756836,3430700
2024-03-19,83.78739166259766,3265000
2024-03-20,83.3909683227539,3366600
2024-03-21,83.78739166259766,3416200
2024-03-22,84.1932601928711,3563000
2024-03-25,83.6646957397461,3178500
2024-03-26,83.91009521484375,3287700
2024-03-27,84.90116882324219,4078600
2024-03-28,84.99555969238281,3459700
2024-04-01,84.06111907958984,3070200
2024-04-02,84.06111907958984,3307300
2024-04-03,83.15499114990234,4429200
2024-04-04,82.49429321289062,3155400
2024-04-05,82.94734954833984,3479600
2024-04-08,82.79634857177734,3086900
2024-04-09,82.73026275634766,3176300
2024-04-10,81.70143127441406,4750300
2024-04-11,81.1728744506836,3908300
2024-04-12,81.03128814697266,5907600
2024-04-15,81.33333587646484,4716200
2024-04-16,81.33333587646484,3220400
2024-04-17,81.88077545166016,3886200
2024-04-18,81.84302520751953,4880800
2024-04-19,82.71641540527344,6005100
2024-04-22,83.85562896728516,3954100
2024-04-23,84.09296417236328,4014800
2024-04-24,84.36827850341797,4066500
2024-04-25,84.76700592041016,6363600
2024-04-26,86.39988708496094,7541500
2024-04-29,85.90621185302734,4472100
2024-04-30,87.26377868652344,5286700
2024-05-01,87.24480438232422,5219900
2024-05-02,88.20364379882812,9506000
2024-05-03,88.1751480102539,5432700
2024-05-06,88.4599609375,3181900
2024-05-07,89.31436920166016,4008300
2024-05-08,88.73526763916016,7252100
2024-05-09,89.31436920166016,4639600
2024-05-10,90.28269958496094,3007600
2024-05-13,89.67511749267578,3229300
2024-05-14,89.77955627441406,3971500
2024-05-15,89.7415771484375,2536100
2024-05-16,89.7415771484375,3240600
2024-05-17,89.36183166503906,4135200
2024-05-20,89.60865783691406,3900100
2024-05-21,90.34915924072266,4998200
2024-05-22,89.95991516113281,3849900
2024-05-23,88.98210144042969,3948900
2024-05-24,88.57389068603516,2554800
2024-05-28,87.28276824951172,4276900
2024-05-29,86.66569519042969,3115000
2024-05-30,86.32393646240234,3148000
2024-05-31,88.25111389160156,6648000
2024-06-03,87.78592681884766,3197900
2024-06-04,89.05803680419922,3599100
2024-06-05,88.91565704345703,2636800
2024-06-06,89.21944427490234,4217400
2024-06-07,89.13398742675781,2596200
2024-06-10,89.14348602294922,2542900
2024-06-11,89.20044708251953,3553600
2024-06-12,88.50743103027344,3812900
2024-06-13,89.95991516113281,4051700
2024-06-14,89.82701110839844,2722800
2024-06-17,91.08963012695312,3445400
2024-06-18,92.095947265625,3722000
2024-06-20,92.03898620605469,4381700
2024-06-21,92.34276580810547,6378200
2024-06-24,93.97566986083984,4444000
2024-06-25,93.70033264160156,6376800
2024-06-26,93.25413513183594,3443900
2024-06-27,93.19718170166016,3616400
2024-06-28,92.12444305419922,11036200
2024-07-01,90.7004165649414,4205200
2024-07-02,91.25102996826172,4205800
2024-07-03,91.03267669677734,2114700
2024-07-05,92.1339340209961,2844900
2024-07-08,92.63707733154297,2857300
2024-07-09,92.12444305419922,3390800
2024-07-10,92.45669555664062,2740600
2024-07-11,92.8079605102539,3719900
2024-07-12,93.10224914550781,2564800
2024-07-15,92.32379150390625,3093600
2024-07-16,92.46619415283203,2859800
2024-07-17,94.35537719726562,4117500
2024-07-18,93.51996612548828,3286400
2024-07-19,93.58676147460938,4229200
2024-07-22,93.46271514892578,3265100
2024-07-23,92.12686920166016,4202100
2024-07-24,92.174560546875,4880300
2024-07-25,92.06959533691406,4633900
2024-07-26,94.83674621582031,7137400
2024-07-29,96.25848388671875,5398100
2024-07-30,95.8863525390625,5236100
2024-07-31,94.64590454101562,6410200
2024-08-01,96.30619049072266,4921300
2024-08-02,98.10006713867188,5088900
2024-08-05,96.3443603515625,5930000
2024-08-06,97.95694732666016,5267200
2024-08-07,97.73748016357422,4075800
2024-08-08,98.00465393066406,3215400
2024-08-09,97.39395904541016,3646700
2024-08-12,96.64015197753906,3660100
2024-08-13,95.98175811767578,4655900
2024-08-14,97.49893188476562,3149400
2024-08-15,96.79283905029297,3303400
2024-08-16,97.31763458251953,3172700
2024-08-19,97.18405151367188,2976500
2024-08-20,98.33861541748047,2691700
2024-08-21,98.72982788085938,3029300
2024-08-22,99.1878433227539,2803500
2024-08-23,99.43592071533203,3212500
2024-08-26,100.2756118774414,2430100
2024-08-27,101.06758880615234,3139400
2024-08-28,100.94354248046875,3217000
2024-08-29,100.96263122558594,2580800
2024-08-30,101.62101745605469,5033800
2024-09-03,102.8423843383789,4230000
2024-09-04,103.78703308105469,4447000
2024-09-05,103.55802154541016,4489800
2024-09-06,102.9187240600586,3937400
2024-09-09,102.20308685302734,4561500
2024-09-10,101.94544982910156,4201100
2024-09-11,101.2679672241211,4991500
2024-09-12,101.46834564208984,2963100
2024-09-13,100.88629150390625,3802300
2024-09-16,100.60003662109375,4088700
2024-09-17,99.76988983154297,4031900
2024-09-18,98.45311737060547,4253500
2024-09-19,97.33671569824219,4897900
2024-09-20,98.33861541748047,10926700
2024-09-23,98.57715606689453,3780800
2024-09-24,99.03517150878906,2882600
2024-09-25,98.99700927734375,3258900
2024-09-26,98.33861541748047,3603200
2024-09-27,98.91112518310547,4461700
2024-09-30,99.05425262451172,4655500
2024-10-01,97.64205932617188,4076600
2024-10-02,97.38442993164062,4272800
2024-10-03,95.39018249511719,4695000
2024-10-04,94.50276947021484,6029900
2024-10-07,94.05431365966797,4829600
2024-10-08,95.97222900390625,5095000
2024-10-09,96.37297821044922,3542200
2024-10-10,94.69361877441406,4406600
2024-10-11,95.51421356201172,4858700
2024-10-14,96.11536407470703,3180600
2024-10-15,96.89778137207031,3844800
2024-10-16,96.55429077148438,4188300
2024-10-17,95.92451477050781,3377400
2024-10-18,96.33686828613281,4502600
2024-10-21,95.28202056884766,2456300
2024-10-22,95.57929229736328,4018700
2024-10-23,94.91761016845703,3949600
2024-10-24,95.64643096923828,5259700
2024-10-25,91.68592834472656,7978900
2024-10-28,91.81059265136719,4570900
2024-10-29,90.83246612548828,5415000
2024-10-30,90.7749252319336,4551200
2024-10-31,89.86390686035156,4989700
2024-11-01,89.49950408935547,4859700
2024-11-04,89.76801300048828,4113700
2024-11-05,90.3913345336914,3302600
2024-11-06,86.51714324951172,8777500
2024-11-07,87.04457092285156,4533900
2024-11-08,88.77069854736328,4568000
2024-11-11,88.18572998046875,3539000
2024-11-12,87.74461364746094,4927100
2024-11-13,87.3322525024414,3456100
2024-11-14,87.69667053222656,4705400
2024-11-15,89.72006225585938,7328900
2024-11-18,90.73656463623047,4487700
2024-11-19,89.76801300048828,4918100
2024-11-20,90.05570983886719,4302400
2024-11-21,90.38174438476562,3642800
2024-11-22,91.02424621582031,3538900
2024-11-25,91.42701721191406,6159200
2024-11-26,92.6161117553711,4380600
2024-11-27,92.78873443603516,3427500
2024-11-29,92.66405487060547,2447100
2024-12-02,93.12435150146484,4325300
2024-12-03,90.72696685791016,6203500
2024-12-04,90.91876983642578,3971800
2024-12-05,91.19686126708984,4407100
2024-12-06,90.3625717163086,4104800
2024-12-09,89.1255111694336,4933600
2024-12-10,90.03651428222656,4324900
2024-12-11,88.95289611816406,3629400
2024-12-12,89.72006225585938,3519600
2024-12-13,89.60499572753906,3019600
2024-12-16,89.10633850097656,6601500
2024-12-17,89.6529312133789,5633400
2024-12-18,88.94331359863281,4849200
2024-12-19,89.10633850097656,6641100
2024-12-20,88.25285339355469,9929700
2024-12-23,88.13778686523438,2975100
2024-12-24,88.59808349609375,1531600
2024-12-26,88.57891082763672,1919500
2024-12-27,88.04188537597656,2544100
2024-12-30,87.06375885009766,2832100
2024-12-31,87.1788330078125,2911900
