date,close,volume
2014-01-02,46.37278747558594,4351800
2014-01-03,46.492435455322266,3095000
2014-01-06,46.69178009033203,4418300
2014-01-07,46.76487731933594,3659500
2014-01-08,46.31298065185547,6405300
2014-01-09,46.16012954711914,4078900
2014-01-10,45.76803207397461,4799400
2014-01-13,45.01709747314453,7244000
2014-01-14,45.40254211425781,4783800
2014-01-15,45.2430419921875,4573700
2014-01-16,45.07691192626953,5356700
2014-01-17,44.8642692565918,4852000
2014-01-21,45.36265563964844,4711800
2014-01-22,45.435760498046875,4100700
2014-01-23,45.09019088745117,4333500
2014-01-24,44.23955535888672,6016100
2014-01-27,43.76772689819336,5381000
2014-01-28,44.000328063964844,4338000
2014-01-29,43.74113464355469,5671600
2014-01-30,43.69462585449219,5527800
2014-01-31,43.16298294067383,10717600
2014-02-03,42.43861389160156,7768000
2014-02-04,42.33892822265625,6543700
2014-02-05,42.17279052734375,6528300
2014-02-06,42.73102569580078,5546800
2014-02-07,43.17627716064453,5337100
2014-02-10,42.917076110839844,5854800
2014-02-11,43.575016021728516,5754200
2014-02-12,43.3424072265625,6962800
2014-02-13,43.46330642700195,5844700
2014-02-14,44.014060974121094,4596800
2014-02-18,43.906612396240234,4877100
2014-02-19,43.65808868408203,6144900
2014-02-20,43.604339599609375,6111800
2014-02-21,43.44316101074219,6576200
2014-02-24,44.61184310913086,8054500
2014-02-25,44.679019927978516,5871500
2014-02-26,44.417057037353516,5159400
2014-02-27,44.49766540527344,4988900
2014-02-28,44.66557693481445,6263300
2014-03-03,44.537967681884766,6218300
2014-03-04,44.66557693481445,4906600
2014-03-05,44.531246185302734,4671500
2014-03-06,44.591705322265625,3996600
2014-03-07,44.67229461669922,4938700
2014-03-10,44.92753219604492,3711400
2014-03-11,44.685733795166016,4415600
2014-03-12,44.69245529174805,4135300
2014-03-13,44.54468536376953,4531900
2014-03-14,44.732757568359375,4648300
2014-03-17,45.19620132446289,4663900
2014-03-18,45.7402458190918,5658600
2014-03-19,45.337257385253906,4322600
2014-03-20,45.605918884277344,3968600
2014-03-21,45.323814392089844,9094200
2014-03-24,45.37754440307617,5339900
2014-03-25,45.93503189086914,5986600
2014-03-26,46.076072692871094,5732100
2014-03-27,46.539527893066406,6049900
2014-03-28,47.25148010253906,5763100
2014-03-31,47.25148010253906,5020800
2014-04-01,47.224613189697266,4957700
2014-04-02,47.61418533325195,5672800
2014-04-03,47.15074920654297,5161000
2014-04-04,47.1641731262207,5520200
2014-04-07,46.667144775390625,5528800
2014-04-08,47.063419342041016,5751200
2014-04-09,48.0507698059082,7536400
2014-04-10,46.821624755859375,7581100
2014-04-11,47.60075759887695,8390800
2014-04-14,48.03062057495117,6240700
2014-04-15,48.9910888671875,7615000
2014-04-16,49.555294036865234,7284800
2014-04-17,50.22023391723633,7229700
2014-04-21,50.10604476928711,6328900
2014-04-22,49.817237854003906,5086300
2014-04-23,49.716487884521484,5285700
2014-04-24,50.032169342041016,5250300
2014-04-25,49.97171401977539,4658500
2014-04-28,50.1396484375,5190800
2014-04-29,50.15979766845703,5293400
2014-04-30,49.91127395629883,6853600
2014-05-01,50.394859313964844,5895900
2014-05-02,51.39564895629883,9359500
2014-05-05,51.6441535949707,5842700
2014-05-06,51.77177047729492,5020100
2014-05-07,52.46357345581055,7189300
2014-05-08,51.724769592285156,6709900
2014-05-09,52.14791488647461,5609600
2014-05-12,52.66510009765625,4979100
2014-05-13,52.8195915222168,5229000
2014-05-14,52.745697021484375,4463000
2014-05-15,52.46357345581055,7914100
2014-05-16,52.43000411987305,5868000
2014-05-19,52.67852783203125,3341700
2014-05-20,52.75239562988281,4353500
2014-05-21,53.21319580078125,4484300
2014-05-22,53.16572952270508,3508900
2014-05-23,53.14541244506836,3566300
2014-05-27,53.558773040771484,4175600
2014-05-28,53.91788864135742,6549900
2014-05-29,53.90436553955078,4065600
2014-05-30,54.168601989746094,5991400
2014-06-02,53.85693359375,5071900
2014-06-03,54.087318420410156,4551700
2014-06-04,54.073768615722656,3585400
2014-06-05,54.24315643310547,4144600
2014-06-06,54.778465270996094,5409500
2014-06-09,54.785247802734375,3213400
2014-06-10,55.31379318237305,6663400
2014-06-11,55.53062438964844,4538300
2014-06-12,56.14725875854492,6279100
2014-06-13,56.29633712768555,4374900
2014-06-16,56.709686279296875,4753500
2014-06-17,56.750335693359375,4859500
2014-06-18,57.08234786987305,4511900
2014-06-19,57.44151306152344,4083800
2014-06-20,57.84129333496094,7426200
2014-06-23,58.34272766113281,5943500
2014-06-24,57.46183776855469,8087800
2014-06-25,58.017478942871094,4980600
2014-06-26,58.24787521362305,4587900
2014-06-27,58.27494430541992,4511900
2014-06-30,58.09200668334961,4045900
2014-07-01,58.34951400756836,3537900
2014-07-02,58.180118560791016,3513600
2014-07-03,58.54602813720703,2669800
2014-07-07,58.34272766113281,3925600
2014-07-08,58.30208969116211,4988900
2014-07-09,58.13946533203125,5722700
2014-07-10,58.051361083984375,8248600
2014-07-11,57.41440200805664,4875800
2014-07-14,58.16655731201172,4671900
2014-07-15,57.40085220336914,6041900
2014-07-16,58.74253845214844,6313600
2014-07-17,57.86781311035156,5087400
2014-07-18,57.92249298095703,4689200
2014-07-21,57.76531982421875,4718900
2014-07-22,58.783546447753906,4426100
2014-07-23,59.289222717285156,4104700
2014-07-24,58.940711975097656,5033400
2014-07-25,58.71519470214844,3047300
2014-07-28,58.216346740722656,4804400
2014-07-29,57.88832092285156,4054300
2014-07-30,57.83366775512695,5531800
2014-07-31,56.378074645996094,7106000
2014-08-01,55.14799499511719,9530200
2014-08-04,56.0227165222168,5609600
2014-08-05,54.491981506347656,6406400
2014-08-06,55.08650588989258,5412400
2014-08-07,54.389461517333984,4055500
2014-08-08,55.57854080200195,4104900
2014-08-11,55.216346740722656,3583300
2014-08-12,54.95664978027344,4046400
2014-08-13,55.277835845947266,3837600
2014-08-14,54.78580093383789,4557800
2014-08-15,55.09331512451172,5433200
2014-08-18,54.21861267089844,8478100
2014-08-19,54.60812759399414,5417300
2014-08-20,55.011322021484375,4301800
2014-08-21,55.33934020996094,3122100
2014-08-22,54.83366012573242,3645600
2014-08-25,55.216346740722656,3531700
2014-08-26,55.03866958618164,3335600
2014-08-27,55.373512268066406,3146400
2014-08-28,55.12065887451172,2987000
2014-08-29,55.50334548950195,3409200
2014-09-02,54.81998062133789,5578000
2014-09-03,55.28468322753906,5902700
2014-09-04,54.567138671875,5772500
2014-09-05,54.90880584716797,3596500
2014-09-08,54.006771087646484,6122800
2014-09-09,53.95893859863281,6466800
2014-09-10,53.97944641113281,6569200
2014-09-11,54.245948791503906,4310300
2014-09-12,53.610416412353516,3950800
2014-09-15,54.259620666503906,3919800
2014-09-16,55.18217086791992,6172500
2014-09-17,55.10700225830078,4242500
2014-09-18,54.64916229248047,4424100
2014-09-19,55.05232620239258,8054300
2014-09-22,54.450958251953125,5235600
2014-09-23,53.92477035522461,4344800
2014-09-24,53.794918060302734,6278900
2014-09-25,53.009056091308594,4911400
2014-09-26,53.38490676879883,5253100
2014-09-29,53.193572998046875,5887100
2014-09-30,52.29149627685547,8400600
2014-10-01,51.25279998779297,8719600
2014-10-02,51.040950775146484,7414200
2014-10-03,51.09560775756836,5562700
2014-10-06,51.225440979003906,6384900
2014-10-07,50.50791549682617,7293900
2014-10-08,50.931617736816406,11995700
2014-10-09,49.30290985107422,10351000
2014-10-10,48.557552337646484,10320600
2014-10-13,46.977169036865234,8606300
2014-10-14,45.68661880493164,13016100
2014-10-15,45.72113037109375,16072300
2014-10-16,46.1904182434082,12799200
2014-10-17,46.98406982421875,11005600
2014-10-20,47.501670837402344,6742800
2014-10-21,48.716285705566406,9000900
2014-10-22,47.92264938354492,9845000
2014-10-23,48.309120178222656,7660700
2014-10-24,48.357421875,5421600
2014-10-27,47.501670837402344,7491000
2014-10-28,48.4609489440918,5758400
2014-10-29,48.826698303222656,7751900
2014-10-30,49.240787506103516,7172900
2014-10-31,49.79289627075195,9434100
2014-11-03,48.69559097290039,9544400
2014-11-04,47.46025466918945,10962400
2014-11-05,48.22631072998047,7883400
2014-11-06,49.22008514404297,7761100
2014-11-07,49.7997932434082,7367200
2014-11-10,49.41332244873047,7301800
2014-11-11,49.51685333251953,5921800
2014-11-12,49.137264251708984,5751500
2014-11-13,48.5506477355957,7521100
2014-11-14,49.28219985961914,5272700
2014-11-17,49.28908920288086,5100600
2014-11-18,49.461631774902344,5305700
2014-11-19,49.77908706665039,6372600
2014-11-20,50.52442169189453,5726300
2014-11-21,50.821189880371094,8938200
2014-11-24,50.607242584228516,6118600
2014-11-25,49.50303268432617,8907100
2014-11-26,48.881927490234375,7391200
2014-11-28,45.59688949584961,11779100
2014-12-01,46.77011489868164,14028700
2014-12-02,47.763912200927734,11685600
2014-12-03,48.86121368408203,11904000
2014-12-04,47.83292007446289,10649700
2014-12-05,46.82533264160156,9822100
2014-12-08,44.879173278808594,10164200
2014-12-09,44.83085250854492,12127800
2014-12-10,43.85087203979492,9843100
2014-12-11,43.89918518066406,8175100
2014-12-12,43.098628997802734,8678400
2014-12-15,42.57413101196289,9823200
2014-12-16,43.63002014160156,12951500
2014-12-17,46.19731903076172,15364100
2014-12-18,48.13656997680664,15948500
2014-12-19,48.98542404174805,17823400
2014-12-22,47.977848052978516,9510100
2014-12-23,49.03376007080078,8170900
2014-12-24,48.39882278442383,3849000
2014-12-26,48.22631072998047,3340100
2014-12-29,48.385032653808594,5241500
2014-12-30,48.26079177856445,4537900
2014-12-31,47.66037368774414,5923600
2015-01-02,47.56377410888672,5701800
2015-01-05,45.300148010253906,10938900
2015-01-06,43.42990493774414,18054700
2015-01-07,43.71974563598633,12350500
2015-01-08,44.81014633178711,10348300
2015-01-09,44.803245544433594,7984100
2015-01-12,43.52651596069336,8317100
2015-01-13,43.091739654541016,10240900
2015-01-14,43.21595764160156,10005400
2015-01-15,42.38088607788086,9994000
2015-01-16,43.53339767456055,10031400
2015-01-20,43.60932540893555,6890500
2015-01-21,44.54100036621094,7979700
2015-01-22,45.06550979614258,8759500
2015-01-23,44.61691665649414,6392900
2015-01-26,45.42436981201172,5861100
2015-01-27,45.23113250732422,5939900
2015-01-28,43.188350677490234,8679300
2015-01-29,43.35397720336914,11360100
2015-01-30,43.46440124511719,10524300
2015-02-02,45.38985824584961,10075800
2015-02-03,46.74942398071289,15631700
2015-02-04,45.4588737487793,12243300
2015-02-05,46.6320915222168,8707900
2015-02-06,46.576873779296875,7653100
2015-02-09,46.82533264160156,8070600
2015-02-10,46.92194747924805,7876600
2015-02-11,46.84605026245117,8365400
2015-02-12,47.46692657470703,8642800
2015-02-13,48.75057601928711,8419200
2015-02-17,48.46453857421875,7652700
2015-02-18,47.25066375732422,8932600
2015-02-19,47.03440475463867,9022600
2015-02-20,47.006492614746094,8781600
2015-02-23,46.685577392578125,6072800
2015-02-24,46.804176330566406,4867500
2015-02-25,47.11113357543945,6151800
2015-02-26,45.93910598754883,7837000
2015-02-27,45.48564147949219,6963500
2015-03-02,44.927547454833984,8059200
2015-03-03,45.19263458251953,5424700
2015-03-04,44.822906494140625,5487100
2015-03-05,44.18107223510742,5987600
2015-03-06,43.80434799194336,6732800
2015-03-09,43.23230743408203,6492800
2015-03-10,42.464900970458984,8922400
2015-03-11,42.76488494873047,6341200
2015-03-12,42.80674743652344,5520900
2015-03-13,43.002079010009766,8255800
2015-03-16,43.53227233886719,6318000
2015-03-17,43.26019287109375,6488900
2015-03-18,44.3973503112793,9536300
2015-03-19,43.783416748046875,7907100
2015-03-20,44.53687286376953,10059900
2015-03-23,44.111324310302734,7428600
2015-03-24,43.636924743652344,6377400
2015-03-25,43.98574447631836,7662300
2015-03-26,44.11829376220703,6889900
2015-03-27,43.90202713012695,5199100
2015-03-30,44.648494720458984,6027400
2015-03-31,43.43461227416992,9169700
2015-04-01,43.96480941772461,8939300
2015-04-02,44.07642364501953,5908200
2015-04-06,45.61819076538086,10170000
2015-04-07,45.89725112915039,7177200
2015-04-08,45.21357727050781,8571600
2015-04-09,46.741390228271484,10984100
2015-04-10,46.41350173950195,6015900
2015-04-13,46.28096389770508,5737100
2015-04-14,47.69016647338867,8917600
2015-04-15,48.415706634521484,7773700
2015-04-16,48.14364242553711,8395000
2015-04-17,47.222755432128906,9616700
2015-04-20,47.864585876464844,7846100
2015-04-21,47.45297622680664,5563400
2015-04-22,47.35531234741211,4480200
2015-04-23,47.62041473388672,4627500
2015-04-24,47.09717559814453,6275700
2015-04-27,46.783260345458984,4427900
2015-04-28,47.25763702392578,4265700
2015-04-29,47.48088836669922,6038400
2015-04-30,47.38322448730469,7365700
2015-05-01,47.048336029052734,5974400
2015-05-04,46.75532913208008,6638100
2015-05-05,46.88092041015625,9142900
2015-05-06,46.90184783935547,7089600
2015-05-07,46.4763069152832,6298900
2015-05-08,46.8599739074707,5961200
2015-05-11,45.541465759277344,7261800
2015-05-12,45.625179290771484,4719700
2015-05-13,45.61819076538086,5424500
2015-05-14,45.639137268066406,4345300
2015-05-15,45.87630844116211,4728800
2015-05-18,46.07167053222656,5158600
2015-05-19,45.42982864379883,7946000
2015-05-20,45.70499801635742,4837600
2015-05-21,46.269439697265625,6049900
2015-05-22,45.93782424926758,3804900
2015-05-26,45.04179382324219,6128800
2015-05-27,45.027679443359375,6754900
2015-05-28,45.05589294433594,5192500
2015-05-29,44.928916931152344,5701600
2015-06-01,44.8795280456543,4140400
2015-06-02,45.20407485961914,5076800
2015-06-03,45.013587951660156,5380800
2015-06-04,44.44914245605469,5361700
2015-06-05,44.47735595703125,5809900
2015-06-08,44.75251770019531,6630600
2015-06-09,44.49147033691406,6316900
2015-06-10,45.168785095214844,4776300
2015-06-11,45.175838470458984,3890700
2015-06-12,44.80896759033203,4996900
2015-06-15,44.63962936401367,4710200
2015-06-16,44.75251770019531,5310200
2015-06-17,44.51263427734375,4741000
2015-06-18,44.39975357055664,5413300
2015-06-19,43.99053955078125,13125900
2015-06-22,44.152809143066406,4356600
2015-06-23,44.569087982177734,3643700
2015-06-24,44.32918930053711,3974800
2015-06-25,43.89881896972656,4706500
2015-06-26,43.87059020996094,6684200
2015-06-29,43.045108795166016,5256900
2015-06-30,43.32731628417969,5356200
2015-07-01,42.35367965698242,7394100
2015-07-02,42.69939422607422,6777200
2015-07-06,41.669307708740234,7553700
2015-07-07,42.08557891845703,7129800
2015-07-08,41.1754150390625,5629100
2015-07-09,41.39413833618164,5436600
2015-07-10,41.71868133544922,5056900
2015-07-13,41.577579498291016,4905900
2015-07-14,42.000892639160156,5481000
2015-07-15,41.217750549316406,5229800
2015-07-16,40.88615036010742,5322900
2015-07-17,40.35698699951172,7363800
2015-07-20,39.91250228881836,8086900
2015-07-21,39.8560676574707,8424500
2015-07-22,39.39039611816406,10373300
2015-07-23,38.63963317871094,12065300
2015-07-24,37.245338439941406,13241700
2015-07-27,36.215721130371094,14268100
2015-07-28,37.352596282958984,13384600
2015-07-29,37.824520111083984,11816700
2015-07-30,37.231048583984375,10081600
2015-07-31,35.99406814575195,12202300
2015-08-03,35.543601989746094,11241100
2015-08-04,35.65800857543945,7690600
2015-08-05,35.12173843383789,8047200
2015-08-06,35.95115280151367,11641100
2015-08-07,34.92152404785156,10286300
2015-08-10,35.89395523071289,10574000
2015-08-11,36.03695297241211,10713600
2015-08-12,36.85208511352539,13986500
2015-08-13,35.82245635986328,10045500
2015-08-14,35.58649826049805,7850100
2015-08-17,35.436344146728516,5807400
2015-08-18,35.40058898925781,7310200
2015-08-19,34.092098236083984,14528500
2015-08-20,33.605899810791016,10554700
2015-08-21,32.4547119140625,13905700
2015-08-24,30.695775985717773,21256700
2015-08-25,30.166654586791992,15891800
2015-08-26,31.038986206054688,18991000
2015-08-27,32.79792404174805,19431600
2015-08-28,33.47718811035156,14902000
2015-08-31,35.143192291259766,17775100
2015-09-01,34.14216613769531,17192400
2015-09-02,34.45677185058594,11265800
2015-09-03,34.449623107910156,9703800
2015-09-04,33.7488899230957,10520200
2015-09-08,34.64981460571289,13561500
2015-09-09,34.21366500854492,16203100
2015-09-10,34.62837219238281,8874700
2015-09-11,33.86330795288086,9270700
2015-09-14,33.44144821166992,8768800
2015-09-15,33.80609893798828,6678200
2015-09-16,35.37200164794922,11354000
2015-09-17,35.84390640258789,14823600
2015-09-18,34.57831954956055,12763300
2015-09-21,34.857181549072266,7728200
2015-09-22,34.76422882080078,10223400
2015-09-23,34.220821380615234,6323000
2015-09-24,34.14930725097656,8185800
2015-09-25,33.74174499511719,8631400
2015-09-28,32.783626556396484,8003400
2015-09-29,33.29843521118164,7978000
2015-09-30,34.29232406616211,8814400
2015-10-01,34.43531799316406,10430300
2015-10-02,36.60182189941406,12573500
2015-10-05,37.8817138671875,12806600
2015-10-06,39.4261589050293,15414000
2015-10-07,39.51909637451172,13745300
2015-10-08,40.24127960205078,9496900
2015-10-09,40.112579345703125,9118800
2015-10-12,39.51909637451172,7484500
2015-10-13,39.354644775390625,6214700
2015-10-14,39.65496826171875,6410200
2015-10-15,40.0245475769043,7832400
2015-10-16,40.0245475769043,7317000
2015-10-19,38.90853500366211,7980700
2015-10-20,38.799827575683594,8553600
2015-10-21,38.38675308227539,6331400
2015-10-22,39.55351257324219,7372600
2015-10-23,39.57524490356445,5907200
2015-10-26,38.37226867675781,5565200
2015-10-27,37.45915222167969,7990200
2015-10-28,38.65489959716797,9326000
2015-10-29,38.857810974121094,9326300
2015-10-30,38.66213607788086,7544600
2015-11-02,39.81439208984375,8140600
2015-11-03,41.1115837097168,9126400
2015-11-04,40.82894515991211,8720200
2015-11-05,40.785484313964844,7232800
2015-11-06,40.415889739990234,6562200
2015-11-09,39.596981048583984,5615200
2015-11-10,39.604244232177734,5186800
2015-11-11,38.72735595703125,6977700
2015-11-12,37.66205978393555,7391100
2015-11-13,37.56060791015625,6390900
2015-11-16,39.401309967041016,8294200
2015-11-17,39.06071853637695,6222900
2015-11-18,39.48103713989258,4918700
2015-11-19,38.81431198120117,6315700
2015-11-20,38.3577766418457,5729300
2015-11-23,38.611412048339844,5609900
2015-11-24,40.08976745605469,8209400
2015-11-25,39.4085578918457,5144100
2015-11-27,38.7563362121582,2786000
2015-11-30,39.169429779052734,8738300
2015-12-01,39.57524490356445,7704100
2015-12-02,38.08238983154297,10649300
2015-12-03,37.40119171142578,10673000
2015-12-04,37.09680938720703,9393900
2015-12-07,35.50249481201172,11541400
2015-12-08,35.002464294433594,8723000
2015-12-09,35.12566375732422,9891000
2015-12-10,35.66917037963867,11059900
2015-12-11,34.879268646240234,14658400
2015-12-14,35.893829345703125,14173900
2015-12-15,36.640254974365234,10759900
2015-12-16,35.76337814331055,11438900
2015-12-17,34.263267517089844,12951100
2015-12-18,33.284950256347656,16525400
2015-12-21,32.68345642089844,10873300
2015-12-22,33.53858184814453,10361500
2015-12-23,35.53147506713867,9806900
2015-12-24,35.21261215209961,3262100
2015-12-28,34.198055267333984,8786600
2015-12-29,34.618377685546875,6285300
2015-12-30,33.77048110961914,6605100
2015-12-31,33.83572006225586,6681700
2016-01-04,33.9734001159668,8918000
2016-01-05,34.350242614746094,7012400
2016-01-06,32.864646911621094,10995600
2016-01-07,31.929790496826172,10844000
2016-01-08,31.37177085876465,9118800
2016-01-11,29.799190521240234,17258800
2016-01-12,29.168720245361328,16782900
2016-01-13,28.262859344482422,19016500
2016-01-14,29.893404006958008,18244800
2016-01-15,28.52374267578125,19118600
2016-01-19,26.378664016723633,20838200
2016-01-20,25.182926177978516,31382700
2016-01-21,26.74825096130371,19576200
2016-01-22,27.299007415771484,18558700
2016-01-25,24.78435516357422,19646800
2016-01-26,25.61774444580078,28696200
2016-01-27,26.240966796875,22071800
2016-01-28,27.552656173706055,16876200
2016-01-29,28.320837020874023,18712600
2016-02-01,27.97298812866211,12782800
2016-02-02,26.516355514526367,15918800
2016-02-03,27.99471092224121,19847700
2016-02-04,25.595998764038086,49188200
2016-02-05,23.842262268066406,46173200
2016-02-08,24.951032638549805,21946200
2016-02-09,24.335037231445312,20405400
2016-02-10,23.436429977416992,16643400
2016-02-11,23.28306007385254,20843100
2016-02-12,24.028003692626953,14965400
2016-02-16,23.925752639770508,12851700
2016-02-17,24.765640258789062,18316600
2016-02-18,24.612266540527344,16898700
2016-02-19,24.006093978881836,14644000
2016-02-22,25.160024642944336,11544000
2016-02-23,24.042600631713867,9719600
2016-02-24,24.07183074951172,10965300
2016-02-25,24.144845962524414,10323200
2016-02-26,24.91901397705078,11003000
2016-02-29,24.707212448120117,10521700
2016-03-01,25.16732406616211,11581000
2016-03-02,26.649911880493164,16943700
2016-03-03,28.161693572998047,20248700
2016-03-04,30.03134536743164,24819100
2016-03-07,30.235841751098633,17548300
2016-03-08,28.205514907836914,14129300
2016-03-09,28.519546508789062,13347800
2016-03-10,28.50495719909668,10860100
2016-03-11,29.5931453704834,13656300
2016-03-14,29.220672607421875,9316700
2016-03-15,29.089218139648438,7838800
2016-03-16,30.5790958404541,10151400
2016-03-17,31.411685943603516,12435000
2016-03-18,31.418989181518555,20946200
2016-03-21,31.097652435302734,8409600
2016-03-22,30.61561393737793,8245300
2016-03-23,29.103824615478516,11232700
2016-03-24,29.24259376525879,9218300
2016-03-28,28.979665756225586,6647600
2016-03-29,28.935850143432617,8115800
2016-03-30,29.271799087524414,7777000
2016-03-31,29.410564422607422,9353100
2016-04-01,29.052705764770508,9090500
2016-04-04,28.556066513061523,8663000
2016-04-05,28.512256622314453,7838100
2016-04-06,29.761131286621094,9816800
2016-04-07,29.439775466918945,7117600
2016-04-08,30.111684799194336,8081300
2016-04-11,30.082469940185547,7177800
2016-04-12,31.747634887695312,10651800
2016-04-13,31.82796287536621,9397600
2016-04-14,32.295387268066406,8241200
2016-04-15,31.915607452392578,8164500
2016-04-18,32.86504364013672,9362700
2016-04-19,34.36953353881836,12874100
2016-04-20,34.384151458740234,8500400
2016-04-21,33.76335144042969,10010700
2016-04-22,34.77853012084961,9399900
2016-04-25,33.792572021484375,11597100
2016-04-26,35.114479064941406,10715400
2016-04-27,35.13640594482422,11556500
2016-04-28,34.81502914428711,12327600
2016-04-29,34.902679443359375,9024000
2016-05-02,34.21616744995117,8278800
2016-05-03,32.92347717285156,8770100
2016-05-04,31.703815460205078,9267000
2016-05-05,31.557748794555664,8384600
2016-05-06,31.229103088378906,8148100
2016-05-09,30.418437957763672,7049800
2016-05-10,31.309436798095703,7969500
2016-05-11,31.901012420654297,8913000
2016-05-12,31.937519073486328,8380800
2016-05-13,31.418989181518555,6203300
2016-05-16,32.19314193725586,7837900
2016-05-17,31.974042892456055,11746900
2016-05-18,31.8344783782959,8155000
2016-05-19,31.84917640686035,6284300
2016-05-20,32.01076126098633,6397700
2016-05-23,32.01810073852539,6753800
2016-05-24,31.92262077331543,5989300
2016-05-25,32.980342864990234,6456200
2016-05-26,32.8554801940918,7813700
2016-05-27,32.561649322509766,6068600
2016-05-31,32.165016174316406,9511600
2016-06-01,32.363346099853516,7262100
2016-06-02,32.598392486572266,7016600
2016-06-03,32.45148849487305,6086800
2016-06-06,33.435760498046875,7813100
2016-06-07,34.919498443603516,11227800
2016-06-08,34.88277053833008,9641000
2016-06-09,34.207008361816406,5425100
2016-06-10,32.693878173828125,9008300
2016-06-13,32.23111343383789,7394900
2016-06-14,32.5543212890625,7324500
2016-06-15,32.10625076293945,6898000
2016-06-16,31.70225715637207,7010100
2016-06-17,32.429443359375,9672800
2016-06-20,32.826087951660156,8374600
2016-06-21,32.906898498535156,6783300
2016-06-22,32.311927795410156,8649100
2016-06-23,33.51655197143555,7714800
2016-06-24,31.70960235595703,13630200
2016-06-27,29.954084396362305,11940900
2016-06-28,30.8134822845459,8996500
2016-06-29,32.253150939941406,10234900
2016-06-30,32.025455474853516,9342200
2016-07-01,31.95934295654297,9611800
2016-07-05,30.62984848022461,10189600
2016-07-06,30.776762008666992,7023900
2016-07-07,30.490285873413086,8827900
2016-07-08,31.070558547973633,10801900
2016-07-11,31.180753707885742,6345700
2016-07-12,32.17236328125,10303100
2016-07-13,31.489253997802734,9203700
2016-07-14,31.59943199157715,6580800
2016-07-15,31.54067039489746,5898400
2016-07-18,31.37173080444336,5261500
2016-07-19,30.784103393554688,7262300
2016-07-20,30.87224578857422,6695900
2016-07-21,30.325435638427734,8733800
2016-07-22,30.11854362487793,7306100
2016-07-25,29.734312057495117,7482400
2016-07-26,30.140714645385742,5896000
2016-07-27,29.608686447143555,10159400
2016-07-28,29.749074935913086,11526700
2016-07-29,30.162887573242188,8138900
2016-08-01,29.26879119873047,9592300
2016-08-02,29.40178871154785,7145800
2016-08-03,29.786026000976562,8586700
2016-08-04,29.63085174560547,6914900
2016-08-05,30.000301361083984,8736100
2016-08-08,30.70969009399414,9679500
2016-08-09,30.473228454589844,7076600
2016-08-10,30.000301361083984,6375500
2016-08-11,30.584070205688477,8784800
2016-08-12,30.569293975830078,4948800
2016-08-15,31.167814254760742,5896200
2016-08-16,31.670289993286133,10973800
2016-08-17,31.92151641845703,8857700
2016-08-18,32.20969009399414,6991500
2016-08-19,32.01018142700195,6190100
2016-08-22,31.500322341918945,6179600
2016-08-23,31.93630027770996,6179700
2016-08-24,31.744173049926758,5511400
2016-08-25,31.611175537109375,4504900
2016-08-26,31.25647735595703,5654600
2016-08-29,31.293424606323242,4461000
2016-08-30,31.204769134521484,5425200
2016-08-31,30.33282470703125,8770600
2016-09-01,30.000301361083984,7536600
2016-09-02,30.23676872253418,5606700
2016-09-06,30.29587745666504,6654500
2016-09-07,30.650564193725586,6368800
2016-09-08,31.98064422607422,10714900
2016-09-09,31.219545364379883,12586100
2016-09-12,31.529890060424805,10222600
2016-09-13,30.303266525268555,11732300
2016-09-14,29.549562454223633,10031800
2016-09-15,29.57912826538086,7802700
2016-09-16,29.460895538330078,9604200
2016-09-19,29.02492904663086,5424200
2016-09-20,28.825420379638672,5877200
2016-09-21,29.60129165649414,6385800
2016-09-22,30.310672760009766,7920200
2016-09-23,29.512632369995117,8530000
2016-09-26,29.571733474731445,4985900
2016-09-27,29.135766983032227,7796400
2016-09-28,31.167814254760742,13568400
2016-09-29,32.26142883300781,16585900
2016-09-30,32.12102508544922,8814000
2016-10-03,32.091468811035156,5244200
2016-10-04,31.67767906188965,6263800
2016-10-05,32.446144104003906,6424100
2016-10-06,32.89689636230469,8231600
2016-10-07,32.67521286010742,8281700
2016-10-10,32.800846099853516,9102100
2016-10-11,32.01757049560547,6899400
2016-10-12,32.12102508544922,5759100
2016-10-13,31.3258056640625,7443500
2016-10-14,30.969066619873047,6571300
2016-10-17,30.545434951782227,5645300
2016-10-18,30.211015701293945,6896900
2016-10-19,31.006229400634766,9634100
2016-10-20,30.835298538208008,6446100
2016-10-21,30.87244987487793,5553200
2016-10-24,31.392696380615234,9333800
2016-10-25,31.073104858398438,6268300
2016-10-26,31.065685272216797,8420200
2016-10-27,32.70072937011719,16604200
2016-10-28,33.42161560058594,18410500
2016-10-31,32.29195785522461,11284000
2016-11-01,32.35886001586914,8954800
2016-11-02,32.12845230102539,7498400
2016-11-03,32.403438568115234,6653900
2016-11-04,31.779146194458008,7323000
2016-11-07,32.641265869140625,5780400
2016-11-08,32.945980072021484,6343200
2016-11-09,33.986446380615234,10856700
2016-11-10,33.28041076660156,11182100
2016-11-11,32.6561393737793,8155500
2016-11-14,32.79733657836914,10020100
2016-11-15,33.65202331542969,11199700
2016-11-16,32.983131408691406,6800600
2016-11-17,32.4108772277832,6757600
2016-11-18,33.26556396484375,8429400
2016-11-21,34.45466613769531,9890700
2016-11-22,34.2391357421875,7255500
2016-11-23,34.41008758544922,4870600
2016-11-25,34.001312255859375,3494400
2016-11-28,33.81551742553711,9429500
2016-11-29,32.87165832519531,9376700
2016-11-30,36.059974670410156,20897800
2016-12-01,35.837013244628906,11105900
2016-12-02,35.76268005371094,5805000
2016-12-05,36.32752227783203,8860700
2016-12-06,37.08559799194336,7168300
2016-12-07,37.08559799194336,9074300
2016-12-08,36.99641418457031,5904600
2016-12-09,37.732173919677734,6126100
2016-12-12,38.185516357421875,10748300
2016-12-13,39.1219596862793,7962200
2016-12-14,38.26727294921875,8596500
2016-12-15,38.45307922363281,7934900
2016-12-16,38.60171127319336,10313100
2016-12-19,38.631446838378906,4748000
2016-12-20,38.311866760253906,4659500
2016-12-21,38.25984191894531,4187200
2016-12-22,38.3044319152832,4594800
2016-12-23,38.17808151245117,2860000
2016-12-27,38.349037170410156,2995400
2016-12-28,37.732173919677734,4275500
2016-12-29,37.56124496459961,3634500
2016-12-30,37.26395797729492,4806300
2017-01-03,37.6132698059082,7032600
2017-01-04,37.96257019042969,4990000
2017-01-05,37.8510856628418,4727100
2017-01-06,37.709869384765625,3472500
2017-01-09,36.9072151184082,5765600
2017-01-10,36.9072151184082,5447900
2017-01-11,38.06660461425781,8689400
2017-01-12,37.271385192871094,6963300
2017-01-13,37.59839630126953,4413300
2017-01-17,37.271385192871094,4995100
2017-01-18,37.36056137084961,4970000
2017-01-19,37.05586242675781,4915300
2017-01-20,37.70243835449219,5888500
2017-01-23,37.11532211303711,5969500
2017-01-24,37.36056137084961,5919200
2017-01-25,37.67270278930664,5991200
2017-01-26,37.62812423706055,4164100
2017-01-27,36.73628616333008,5408100
2017-01-30,35.28705596923828,10483200
2017-01-31,36.238338470458984,7464500
2017-02-01,36.045108795166016,10040900
2017-02-02,36.18632507324219,8625100
2017-02-03,37.479496002197266,8414400
2017-02-06,37.226802825927734,8127500
2017-02-07,36.728843688964844,7591600
2017-02-08,36.86262130737305,8588600
2017-02-09,37.018707275390625,6357000
2017-02-10,37.46327209472656,5996000
2017-02-13,37.134521484375,6163400
2017-02-14,37.46327209472656,6063400
2017-02-15,36.88047409057617,7461800
2017-02-16,36.11835479736328,9689100
2017-02-17,35.498199462890625,10694000
2017-02-21,35.96145248413086,9577200
2017-02-22,35.191856384277344,8007700
2017-02-23,35.34130096435547,7846400
2017-02-24,35.147029876708984,6749500
2017-02-27,35.386131286621094,6208300
2017-02-28,35.543033599853516,6710600
2017-03-01,36.64884948730469,9194500
2017-03-02,36.02121353149414,5955300
2017-03-03,35.729820251464844,5290100
2017-03-06,36.103416442871094,6078500
2017-03-07,35.655113220214844,5652800
2017-03-08,34.30272674560547,9435500
2017-03-09,34.72861862182617,7235900
2017-03-10,34.123409271240234,8455400
2017-03-13,34.250423431396484,6333800
2017-03-14,33.577964782714844,10538300
2017-03-15,34.250423431396484,7573400
2017-03-16,34.250423431396484,6393700
2017-03-17,34.138343811035156,8359700
2017-03-20,34.26536560058594,5754200
2017-03-21,33.757293701171875,6504200
2017-03-22,33.361289978027344,7852200
2017-03-23,33.234256744384766,9149400
2017-03-24,32.950340270996094,8797100
2017-03-27,33.09230041503906,6231900
2017-03-28,33.90672302246094,7034800
2017-03-29,34.332611083984375,6040800
2017-03-30,37.3586540222168,40059800
2017-03-31,37.261539459228516,13410500
2017-04-03,36.947715759277344,7711800
2017-04-04,37.156925201416016,6175900
2017-04-05,36.69367980957031,7490900
2017-04-06,37.216705322265625,6823800
2017-04-07,37.01496887207031,5857400
2017-04-10,37.470741271972656,6737400
2017-04-11,37.470741271972656,7395200
2017-04-12,36.94025421142578,7623000
2017-04-13,36.327552795410156,8807100
2017-04-17,36.57413864135742,5286600
2017-04-18,36.379878997802734,6046600
2017-04-19,35.86433029174805,6165200
2017-04-20,35.82695388793945,6278800
2017-04-21,35.67006301879883,6056300
2017-04-24,35.79707336425781,5750700
2017-04-25,36.45458984375,7023200
2017-04-26,36.11835479736328,6536900
2017-04-27,35.75971221923828,7302700
2017-04-28,35.79707336425781,6429000
2017-05-01,35.475791931152344,5795400
2017-05-02,34.89298629760742,10390500
2017-05-03,35.17692565917969,5757200
2017-05-04,34.310211181640625,9999300
2017-05-05,34.9453010559082,7894400
2017-05-08,35.21427536010742,5861200
2017-05-09,34.57170867919922,6157400
2017-05-10,35.57292175292969,7950300
2017-05-11,35.629276275634766,8569900
2017-05-12,35.29115295410156,9151900
2017-05-15,35.644290924072266,7675600
2017-05-16,35.411376953125,5288200
2017-05-17,34.87040328979492,7512800
2017-05-18,34.87790298461914,6543500
2017-05-19,35.67435073852539,7206200
2017-05-22,35.261112213134766,7967900
2017-05-23,35.13339614868164,7436700
2017-05-24,35.06575393676758,7765700
2017-05-25,33.84856033325195,12772200
2017-05-26,34.073951721191406,10758900
2017-05-30,33.6532096862793,9280900
2017-05-31,33.57807159423828,8770800
2017-06-01,33.7057991027832,7946800
2017-06-02,33.25498580932617,8000900
2017-06-05,33.07465362548828,5731300
2017-06-06,33.42028045654297,8584000
2017-06-07,32.72904968261719,13140900
2017-06-08,32.36086654663086,9179500
2017-06-09,33.67574691772461,10412900
2017-06-12,34.35197830200195,13550400
2017-06-13,34.88542175292969,8601000
2017-06-14,34.12656021118164,7069600
2017-06-15,34.104026794433594,9672500
2017-06-16,34.96056365966797,11639600
2017-06-19,34.832820892333984,6029900
2017-06-20,34.42709732055664,7739600
2017-06-21,33.7734260559082,10790300
2017-06-22,33.6682243347168,8881300
2017-06-23,33.683258056640625,8483100
2017-06-26,33.232452392578125,9047500
2017-06-27,33.03709030151367,8697100
2017-06-28,33.02958679199219,6983500
2017-06-29,33.119747161865234,8252400
2017-06-30,33.02958679199219,9126700
2017-07-03,34.306884765625,5742900
2017-07-05,33.17986297607422,7725500
2017-07-06,32.54119873046875,7155500
2017-07-07,32.30828094482422,8494200
2017-07-10,32.48860168457031,5631900
2017-07-11,32.57126235961914,5782600
2017-07-12,32.48860168457031,7907900
2017-07-13,32.496131896972656,7014100
2017-07-14,32.646392822265625,5467300
2017-07-17,32.451045989990234,7014700
2017-07-18,32.36086654663086,6834800
2017-07-19,32.804168701171875,8823000
2017-07-20,32.679443359375,7663000
2017-07-21,32.24100112915039,6480600
2017-07-24,32.21076202392578,6094100
2017-07-25,32.996944427490234,8641100
2017-07-26,33.03474426269531,7124500
2017-07-27,33.760440826416016,9803100
2017-07-28,34.21400451660156,10794900
2017-07-31,34.29716491699219,8368400
2017-08-01,33.82848358154297,6685100
2017-08-02,34.47858428955078,9562300
2017-08-03,33.94944381713867,9204100
2017-08-04,34.4407844543457,6105600
2017-08-07,34.14597702026367,6370200
2017-08-08,34.493717193603516,8032000
2017-08-09,34.50883483886719,7451100
2017-08-10,33.99479293823242,6441400
2017-08-11,33.85871505737305,4206900
2017-08-14,33.669734954833984,5063100
2017-08-15,33.63949966430664,8179300
2017-08-16,33.02717971801758,5795800
2017-08-17,32.505584716796875,6422500
2017-08-18,32.5887336730957,7310400
2017-08-21,32.12760925292969,5709600
2017-08-22,32.64921569824219,5850200
2017-08-23,33.02717971801758,5240900
2017-08-24,32.73236083984375,4370000
2017-08-25,32.944026947021484,5393800
2017-08-28,32.54337692260742,4593400
2017-08-29,32.39218521118164,4592900
2017-08-30,32.815521240234375,6846900
2017-08-31,33.00450134277344,7660100
2017-09-01,33.44293975830078,4808800
2017-09-05,33.55634689331055,5438800
2017-09-06,34.062808990478516,5939300
2017-09-07,34.10062789916992,5184700
2017-09-08,33.61681365966797,4147400
2017-09-11,33.96455001831055,4809400
2017-09-12,33.96455001831055,5189000
2017-09-13,34.4407844543457,6178600
2017-09-14,34.64488983154297,6573400
2017-09-15,35.158935546875,11895000
2017-09-18,35.59739303588867,6988900
2017-09-19,35.94511795043945,6216100
2017-09-20,36.53476333618164,8843300
2017-09-21,36.8068962097168,5790700
2017-09-22,37.10171890258789,7388200
2017-09-25,37.78207015991211,6800100
2017-09-26,37.54771423339844,5434200
2017-09-27,37.96348190307617,5369500
2017-09-28,37.79717254638672,5490600
2017-09-29,37.83498001098633,4175700
2017-10-02,38.03152847290039,4832100
2017-10-03,37.22266387939453,6742100
2017-10-04,37.27557373046875,5432400
2017-10-05,37.57040023803711,5295400
2017-10-06,36.9354133605957,3902900
2017-10-09,36.973209381103516,4765500
2017-10-10,37.18486404418945,5252800
2017-10-11,37.494808197021484,4534800
2017-10-12,37.65357208251953,4443100
2017-10-13,37.54334259033203,4629900
2017-10-16,37.78654861450195,4301600
2017-10-17,37.78654861450195,3579000
2017-10-18,37.77894973754883,6481700
2017-10-19,37.77894973754883,4015400
2017-10-20,38.1893424987793,5993200
2017-10-23,38.196929931640625,5589000
2017-10-24,38.751731872558594,7609400
2017-10-25,37.96895217895508,6989700
2017-10-26,39.10892105102539,7564600
2017-10-27,38.91893005371094,7835700
2017-10-30,39.05573272705078,6647600
2017-10-31,38.87333297729492,6171500
2017-11-01,39.5953254699707,6455500
2017-11-02,39.884117126464844,6177100
2017-11-03,40.2489128112793,8030100
2017-11-06,40.78849792480469,8438900
2017-11-07,40.64409637451172,8577500
2017-11-08,40.67451095581055,7513000
2017-11-09,40.682106018066406,6709400
2017-11-10,40.27171325683594,5504600
2017-11-13,39.9525146484375,6728300
2017-11-14,38.93412399291992,6945000
2017-11-15,38.37173843383789,7262700
2017-11-16,38.16654586791992,5694900
2017-11-17,38.09814453125,4191800
2017-11-20,38.06014633178711,4429600
2017-11-21,38.00693893432617,6331500
2017-11-22,38.16654586791992,4818700
2017-11-24,38.356536865234375,2288900
2017-11-27,37.360965728759766,6369000
2017-11-28,38.09814453125,6524700
2017-11-29,38.554141998291016,6897800
2017-11-30,38.66813659667969,11184300
2017-12-01,39.32172775268555,6683900
2017-12-04,38.97972869873047,6168500
2017-12-05,38.93412399291992,4531700
2017-12-06,38.28814697265625,4437300
2017-12-07,38.40974807739258,4037800
2017-12-08,39.192527770996094,5316200
2017-12-11,39.283729553222656,4040400
2017-12-12,39.488914489746094,6200200
2017-12-13,39.2761344909668,4906800
2017-12-14,39.75491714477539,6436200
2017-12-15,39.64851760864258,11363400
2017-12-18,39.77772521972656,5565300
2017-12-19,40.036109924316406,4795800
2017-12-20,41.229286193847656,8064600
2017-12-21,42.521278381347656,7824700
2017-12-22,42.17927169799805,3911900
2017-12-26,42.734073638916016,3194900
2017-12-27,42.24766540527344,4369600
2017-12-28,41.93608093261719,4240600
2017-12-29,41.71569061279297,3668500
2018-01-02,42.042476654052734,3985200
2018-01-03,42.81766128540039,4105800
2018-01-04,43.31166076660156,4897200
2018-01-05,43.22805404663086,3771900
2018-01-08,43.66884231567383,4522900
2018-01-09,44.02604675292969,5519700
2018-01-10,43.81324768066406,4627900
2018-01-11,44.97602462768555,7341800
2018-01-12,45.63721466064453,6742100
2018-01-16,44.71763229370117,5458600
2018-01-17,45.49283218383789,5798400
2018-01-18,45.41682052612305,4554800
2018-01-19,45.40922546386719,5037500
2018-01-22,46.10840606689453,5748800
2018-01-23,45.9564094543457,5478800
2018-01-24,45.97160720825195,4992000
2018-01-25,45.204017639160156,5473400
2018-01-26,45.89562225341797,5277700
2018-01-29,45.3408088684082,4167600
2018-01-30,44.42884063720703,6381000
2018-01-31,44.694828033447266,7073700
2018-02-01,45.10521697998047,7011000
2018-02-02,43.8664436340332,8433300
2018-02-05,42.513671875,11060300
2018-02-06,42.513671875,11013500
2018-02-07,42.27806091308594,7721700
2018-02-08,40.461708068847656,8618400
2018-02-09,39.747283935546875,9685600
2018-02-12,40.809349060058594,7035400
2018-02-13,40.7406005859375,5438300
2018-02-14,42.413936614990234,6612400
2018-02-15,41.67277145385742,6190800
2018-02-16,41.756813049316406,5070900
2018-02-20,41.9019889831543,4262900
2018-02-21,41.06914520263672,5287000
2018-02-22,41.95547866821289,5565900
2018-02-23,43.59059143066406,6513900
2018-02-26,43.23912811279297,5986300
2018-02-27,42.65842819213867,5378300
2018-02-28,41.49701690673828,5889900
2018-03-01,41.16847229003906,5135400
2018-03-02,41.30601119995117,4574400
2018-03-05,41.252540588378906,5266000
2018-03-06,41.30601119995117,4931900
2018-03-07,41.31364440917969,7245800
2018-03-08,40.931610107421875,4726000
2018-03-09,42.070091247558594,5310000
2018-03-12,41.825584411621094,5074400
2018-03-13,41.2296028137207,5528100
2018-03-14,41.2296028137207,4101600
2018-03-15,41.283077239990234,4934600
2018-03-16,41.970767974853516,13000800
2018-03-19,40.931610107421875,4822000
2018-03-20,41.79501724243164,5140600
2018-03-21,43.58295822143555,7720100
2018-03-22,43.170352935791016,11053200
2018-03-23,44.11780548095703,9442000
2018-03-26,45.141666412353516,8795700
2018-03-27,45.1875114440918,9089600
2018-03-28,44.874244689941406,13327600
2018-03-29,45.30213165283203,8469200
2018-04-02,44.38523864746094,7403800
2018-04-03,45.8675651550293,8257300
2018-04-04,45.50843048095703,8174200
2018-04-05,46.19609832763672,6822600
2018-04-06,45.27920913696289,8837500
2018-04-09,46.318355560302734,10832100
2018-04-10,47.632568359375,11069900
2018-04-11,48.31259536743164,10014100
2018-04-12,48.32024002075195,10336200
2018-04-13,49.58861541748047,9672900
2018-04-16,50.22279357910156,8534900
2018-04-17,50.81877136230469,8312600
2018-04-18,50.750003814697266,11015600
2018-04-19,50.665950775146484,8366300
2018-04-20,50.26863098144531,7008400
2018-04-23,50.03177261352539,9209700
2018-04-24,49.9018669128418,8731600
2018-04-25,49.71084976196289,9869100
2018-04-26,51.17024612426758,10574600
2018-04-27,49.62680435180664,6398800
2018-04-30,50.04704666137695,6381300
2018-05-01,50.20750427246094,7433800
2018-05-02,50.00885009765625,6810000
2018-05-03,50.42143249511719,7088800
2018-05-04,51.0861930847168,6302200
2018-05-07,51.01744079589844,9121500
2018-05-08,51.75857162475586,8988400
2018-05-09,52.49209213256836,9271200
2018-05-10,52.98111343383789,6512300
2018-05-11,53.27648162841797,6382200
2018-05-14,53.39156723022461,8805200
2018-05-15,53.775177001953125,5962700
2018-05-16,53.59104537963867,4363400
2018-05-17,54.21250534057617,5592700
2018-05-18,53.360877990722656,5094700
2018-05-21,54.21250534057617,5440000
2018-05-22,53.80588912963867,6079500
2018-05-23,53.030975341796875,6407500
2018-05-24,52.516929626464844,6404900
2018-05-25,50.230594635009766,8315800
2018-05-29,50.41471862792969,6310100
2018-05-30,52.21004867553711,10273400
2018-05-31,51.703678131103516,8508800
2018-06-01,52.3941650390625,7116200
2018-06-04,52.09495162963867,5599200
2018-06-05,51.834102630615234,6333100
2018-06-06,52.07960510253906,6412200
2018-06-07,53.30718231201172,7693500
2018-06-08,53.26882553100586,6656100
2018-06-11,54.082088470458984,6237300
2018-06-12,53.26882553100586,8329000
2018-06-13,53.41458511352539,6741100
2018-06-14,52.27141571044922,5694600
2018-06-15,50.14619064331055,15982700
2018-06-18,51.097564697265625,7680100
2018-06-19,50.83669662475586,5211500
2018-06-20,51.765045166015625,6323400
2018-06-21,49.95438003540039,7439700
2018-06-22,52.00288009643555,10945200
2018-06-25,50.744625091552734,5274300
2018-06-26,51.6652946472168,4956700
2018-06-27,52.739418029785156,7625000
2018-06-28,52.486244201660156,3958100
2018-06-29,53.41458511352539,7132000
2018-07-02,52.62433624267578,4952800
2018-07-03,53.3685417175293,5338400
2018-07-05,52.88519287109375,5719800
2018-07-06,53.4376220703125,4429600
2018-07-09,54.473365783691406,5271400
2018-07-10,55.041114807128906,5246400
2018-07-11,53.74448776245117,5636400
2018-07-12,54.81861877441406,6386700
2018-07-13,55.240604400634766,6313300
2018-07-16,54.15111541748047,6216200
2018-07-17,53.92096710205078,5724000
2018-07-18,53.97465133666992,5667700
2018-07-19,53.468299865722656,5959200
2018-07-20,53.93437576293945,5617200
2018-07-23,53.91126251220703,7936900
2018-07-24,54.581485748291016,4709100
2018-07-25,55.0899658203125,5148300
2018-07-26,55.31336975097656,7360100
2018-07-27,55.04371643066406,5587200
2018-07-30,55.67543029785156,4934100
2018-07-31,55.598388671875,5422200
2018-08-01,55.3210563659668,5313200
2018-08-02,55.12845993041992,4669400
2018-08-03,54.92045974731445,4028500
2018-08-06,55.25944900512695,7177600
2018-08-07,56.160797119140625,5631400
2018-08-08,54.997501373291016,5784400
2018-08-09,55.27482604980469,5975600
2018-08-10,55.42123794555664,4855500
2018-08-13,54.7509765625,4322200
2018-08-14,55.5829963684082,5223300
2018-08-15,52.247230529785156,7944500
2018-08-16,53.47214889526367,5453000
2018-08-17,53.749481201171875,4435200
2018-08-20,54.3272705078125,4659000
2018-08-21,54.612308502197266,3717600
2018-08-22,55.46744918823242,5019300
2018-08-23,55.5059700012207,3995500
2018-08-24,55.937381744384766,4934000
2018-08-27,56.11454772949219,3389300
2018-08-28,55.5059700012207,4072200
2018-08-29,56.653831481933594,4887000
2018-08-30,56.66923141479492,5141200
2018-08-31,56.56908416748047,4152300
2018-09-04,56.322540283203125,3447600
2018-09-05,56.23781967163086,5080200
2018-09-06,54.34267807006836,5443700
2018-09-07,54.096168518066406,4370600
2018-09-10,54.812625885009766,5188600
2018-09-11,55.05912399291992,4172200
2018-09-12,55.44434356689453,6137200
2018-09-13,55.891136169433594,4038600
2018-09-14,56.623008728027344,4618500
2018-09-17,57.193092346191406,6010100
2018-09-18,57.80939865112305,5989500
2018-09-19,58.18688201904297,3952800
2018-09-20,58.0559196472168,5220300
2018-09-21,58.764671325683594,15114300
2018-09-24,59.365570068359375,6377300
2018-09-25,60.17447280883789,6145100
2018-09-26,59.5350456237793,6148000
2018-09-27,59.71995162963867,4367000
2018-09-28,59.627479553222656,6190100
2018-10-01,61.545745849609375,6407200
2018-10-02,60.30543899536133,4534600
2018-10-03,60.52885818481445,6825500
2018-10-04,60.30543899536133,4457100
2018-10-05,60.39018249511719,6535600
2018-10-08,60.30543899536133,4034400
2018-10-09,61.16823959350586,4869600
2018-10-10,57.847923278808594,8332100
2018-10-11,56.07603454589844,9326500
2018-10-12,57.116573333740234,6296100
2018-10-15,56.683326721191406,6125000
2018-10-16,57.09336471557617,5726200
2018-10-17,56.07217788696289,7302700
2018-10-18,56.15727233886719,7800900
2018-10-19,56.079917907714844,5658000
2018-10-22,55.73952865600586,5385700
2018-10-23,53.5501594543457,7502000
2018-10-24,50.81928634643555,9260000
2018-10-25,52.62181091308594,8727300
2018-10-26,52.97768020629883,8193800
2018-10-29,52.10348892211914,6853100
2018-10-30,53.782230377197266,6506900
2018-10-31,54.07621383666992,6591400
2018-11-01,53.82866287231445,7826500
2018-11-02,52.4825553894043,5725200
2018-11-05,53.40316390991211,4955500
2018-11-06,53.76676559448242,6150200
2018-11-07,54.176788330078125,6585500
2018-11-08,51.763084411621094,9826900
2018-11-09,51.62384033203125,9190700
2018-11-12,50.393775939941406,6766600
2018-11-13,49.29522705078125,11213800
2018-11-14,49.60468673706055,9708500
2018-11-15,50.44793701171875,7782600
2018-11-16,51.15192794799805,7993600
2018-11-19,51.39949035644531,7793900
2018-11-20,49.504112243652344,7453900
2018-11-21,50.656822204589844,6392600
2018-11-23,49.35712814331055,5361000
2018-11-26,50.05337142944336,6355100
2018-11-27,50.50209045410156,6116400
2018-11-28,51.32986068725586,5602100
2018-11-29,51.73215103149414,4606000
2018-11-30,51.19835662841797,7175400
2018-12-03,53.465065002441406,7497100
2018-12-04,51.77082824707031,7532200
2018-12-06,51.5310173034668,8412000
2018-12-07,50.98947525024414,8095500
2018-12-10,50.44020462036133,8750900
2018-12-11,50.62586975097656,5569200
2018-12-12,50.494346618652344,5544900
2018-12-13,51.15966033935547,6417200
2018-12-14,49.93735122680664,6445900
2018-12-17,48.8310546875,7018300
2018-12-18,47.89497756958008,6806200
2018-12-19,47.40760040283203,7699800
2018-12-20,46.41735076904297,8372900
2018-12-21,46.262638092041016,15043600
2018-12-24,44.10422134399414,3842800
2018-12-26,47.57780838012695,7263900
2018-12-27,48.14253616333008,6131000
2018-12-28,47.70930480957031,5053700
2018-12-31,48.23537063598633,5290800
2019-01-02,49.03220748901367,5735400
2019-01-03,48.10384750366211,4727300
2019-01-04,49.31844711303711,7700100
2019-01-07,49.10182571411133,6272200
2019-01-08,49.75941467285156,5774900
2019-01-09,51.40721893310547,8350300
2019-01-10,52.55991744995117,8811100
2019-01-11,51.36080551147461,6018300
2019-01-14,50.75739288330078,4972000
2019-01-15,51.08229064941406,4504100
2019-01-16,50.79607009887695,5402300
2019-01-17,51.87913513183594,5997400
2019-01-18,52.52898406982422,6073800
2019-01-22,50.86568832397461,6915500
2019-01-23,50.95079803466797,5938700
2019-01-24,51.15192794799805,5789900
2019-01-25,51.82497787475586,4504500
2019-01-28,50.55624008178711,5942800
2019-01-29,50.517547607421875,5308800
2019-01-30,50.81928634643555,8087400
2019-01-31,52.366519927978516,9927700
2019-02-01,53.13239669799805,7486400
2019-02-04,54.09942626953125,5593100
2019-02-05,53.581111907958984,4483900
2019-02-06,53.465065002441406,4071300
2019-02-07,52.204063415527344,6230300
2019-02-08,51.492977142333984,6554900
2019-02-11,51.86601257324219,5200400
2019-02-12,52.41777420043945,3958000
2019-02-13,52.67421340942383,5839800
2019-02-14,53.700042724609375,5442800
2019-02-15,54.53935241699219,5173500
2019-02-19,54.003116607666016,5189600
2019-02-20,54.90459060668945,5837100
2019-02-21,54.58598709106445,5984300
2019-02-22,54.376163482666016,5225500
2019-02-25,53.81661605834961,5160900
2019-02-26,53.56016540527344,4689900
2019-02-27,53.79329299926758,5355700
2019-02-28,52.7286262512207,8154300
2019-03-01,53.56792449951172,7372600
2019-03-04,54.321746826171875,6625800
2019-03-05,53.63010025024414,7635500
2019-03-06,53.0705680847168,7296300
2019-03-07,52.806331634521484,6964300
2019-03-08,50.84796905517578,8068800
2019-03-11,51.189903259277344,8703500
2019-03-12,51.00337600708008,11790200
2019-03-13,52.340065002441406,8324800
2019-03-14,52.08359146118164,7315500
2019-03-15,52.526573181152344,16733200
2019-03-18,52.542118072509766,7712200
2019-03-19,52.340065002441406,6456400
2019-03-20,52.487701416015625,7117300
2019-03-21,52.9539909362793,5580900
2019-03-22,51.345314025878906,5182100
2019-03-25,52.12245559692383,8070000
2019-03-26,53.28038787841797,7245200
2019-03-27,52.7752571105957,5015600
2019-03-28,52.36336898803711,5122100
2019-03-29,51.86601257324219,6810900
2019-04-01,52.60427474975586,5309000
2019-04-02,51.56292724609375,5833000
2019-04-03,50.910125732421875,5490800
2019-04-04,50.63813018798828,6397900
2019-04-05,51.384185791015625,8337800
2019-04-08,51.718345642089844,5705200
2019-04-09,51.057777404785156,4707300
2019-04-10,52.04474639892578,6629000
2019-04-11,51.578468322753906,9486900
2019-04-12,52.35559844970703,9913100
2019-04-15,51.55516052246094,7284800
2019-04-16,51.16657638549805,7790500
2019-04-17,51.11996078491211,7907100
2019-04-18,51.213218688964844,6033400
2019-04-22,52.0369758605957,9061600
2019-04-23,51.640628814697266,8133500
2019-04-24,50.28063201904297,7624600
2019-04-25,49.71332931518555,7305000
2019-04-26,48.788543701171875,9216800
2019-04-29,48.687522888183594,6769300
2019-04-30,49.05276870727539,9358300
2019-05-01,48.703067779541016,12032000
2019-05-02,47.630611419677734,12614200
2019-05-03,48.190147399902344,6883800
2019-05-06,48.08913040161133,7402400
2019-05-07,47.40524673461914,6452200
2019-05-08,47.739402770996094,4809000
2019-05-09,47.82490921020508,7799800
2019-05-10,48.35988998413086,6411500
2019-05-13,47.78975296020508,6280300
2019-05-14,48.67229080200195,5259000
2019-05-15,48.453609466552734,6316300
2019-05-16,48.86756134033203,5312500
2019-05-17,48.50048065185547,4906100
2019-05-20,48.77383804321289,4794800
2019-05-21,49.687591552734375,5855300
2019-05-22,49.242431640625,5156300
2019-05-23,46.469844818115234,8896800
2019-05-24,46.76664352416992,6070700
2019-05-28,46.899410247802734,5685800
2019-05-29,46.96969985961914,6828300
2019-05-30,46.0402946472168,5817900
2019-05-31,46.04811477661133,6939500
2019-06-03,46.40737533569336,6541500
2019-06-04,46.15744400024414,7260500
2019-06-05,44.579830169677734,11839200
2019-06-06,45.454551696777344,7370600
2019-06-07,46.04811477661133,5893000
2019-06-10,46.28241729736328,5268400
2019-06-11,45.86847686767578,5280300
2019-06-12,45.727901458740234,5677400
2019-06-13,46.1262092590332,5174200
2019-06-14,45.93876647949219,3590500
2019-06-17,46.087162017822266,4575000
2019-06-18,46.72759246826172,4980000
2019-06-19,46.5870246887207,4469100
2019-06-20,47.407066345214844,9437900
2019-06-21,47.11809158325195,9147100
2019-06-24,47.2664794921875,3701800
2019-06-25,46.68073654174805,5024000
2019-06-26,49.008121490478516,9509900
2019-06-27,47.852237701416016,6004700
2019-06-28,47.64136505126953,6108800
2019-07-01,48.61762237548828,6272200
2019-07-02,46.938453674316406,8132300
2019-07-03,47.2508544921875,4881900
2019-07-05,46.78226089477539,4584300
2019-07-08,46.77445602416992,7176000
2019-07-09,46.77445602416992,6057000
2019-07-10,47.80537414550781,5983900
2019-07-11,48.0006217956543,4194600
2019-07-12,48.23492431640625,4806300
2019-07-15,47.368011474609375,5051000
2019-07-16,46.66511154174805,6011300
2019-07-17,46.68852996826172,7055900
2019-07-18,47.110286712646484,5711600
2019-07-19,47.357547760009766,5136000
2019-07-22,47.44389724731445,3320500
2019-07-23,47.318302154541016,4431900
2019-07-24,47.161312103271484,4405000
2019-07-25,46.34492874145508,5019300
2019-07-26,46.11728286743164,6704100
2019-07-29,45.677696228027344,6597500
2019-07-30,46.7138671875,5927800
2019-07-31,46.376319885253906,8268500
2019-08-01,46.15652847290039,7924200
2019-08-02,44.32754898071289,7697700
2019-08-05,42.92242431640625,7474600
2019-08-06,42.5692024230957,6166900
2019-08-07,41.8548698425293,9289600
2019-08-08,43.22857666015625,7444800
2019-08-09,42.39651107788086,5391700
2019-08-12,41.6978759765625,4726100
2019-08-13,42.28660583496094,6461800
2019-08-14,40.646018981933594,7851800
2019-08-15,39.96308898925781,6069800
2019-08-16,40.40267562866211,5273200
2019-08-19,42.34156036376953,9315400
2019-08-20,41.37604904174805,5297700
2019-08-21,41.31324005126953,6044600
2019-08-22,41.022804260253906,4316200
2019-08-23,39.57844543457031,7133400
2019-08-26,40.32417678833008,4989100
2019-08-27,40.018028259277344,5342100
2019-08-28,40.77946853637695,4880300
2019-08-29,41.046356201171875,6401900
2019-08-30,40.959999084472656,5131500
2019-09-03,40.85009765625,5142300
2019-09-04,41.83917236328125,5803100
2019-09-05,41.949073791503906,6014500
2019-09-06,42.09822082519531,4635000
2019-09-09,43.150089263916016,6176800
2019-09-10,44.209800720214844,8567700
2019-09-11,44.900569915771484,7940300
2019-09-12,44.23335647583008,5712300
2019-09-13,45.010467529296875,7885300
2019-09-16,49.084495544433594,17898000
2019-09-17,48.05618667602539,13487100
2019-09-18,47.10636520385742,7412500
2019-09-19,47.074954986572266,6270700
2019-09-20,47.7421875,18124800
2019-09-23,47.23979568481445,6729300
2019-09-24,46.54903030395508,9370200
2019-09-25,46.69032669067383,5788200
2019-09-26,45.277366638183594,6655400
2019-09-27,45.45005798339844,4329300
2019-09-30,44.727882385253906,5923700
2019-10-01,43.291378021240234,6329000
2019-10-02,41.65863037109375,6135600
2019-10-03,42.12177658081055,4238200
2019-10-04,41.99618148803711,5148300
2019-10-07,42.85963439941406,8158600
2019-10-08,42.31016159057617,6968700
2019-10-09,43.12653350830078,5632100
2019-10-10,43.864410400390625,5426500
2019-10-11,44.296142578125,6810600
2019-10-14,44.06065368652344,4402900
2019-10-15,43.91936111450195,6226000
2019-10-16,43.191715240478516,5190700
2019-10-17,43.12845230102539,4364300
2019-10-18,42.66972351074219,5160400
2019-10-21,44.259456634521484,6734100
2019-10-22,44.718177795410156,6187300
2019-10-23,44.48881912231445,5252400
2019-10-24,44.417633056640625,4552100
2019-10-25,44.56791305541992,3046000
2019-10-28,44.03800582885742,7574600
2019-10-29,45.15319061279297,8699200
2019-10-30,43.53181457519531,7907800
2019-10-31,43.658363342285156,6346400
2019-11-01,45.20063400268555,6483600
2019-11-04,45.8729133605957,5667900
2019-11-05,46.27626419067383,7545200
2019-11-06,45.580265045166016,5464900
2019-11-07,47.09091567993164,9492200
2019-11-08,46.790367126464844,4769000
2019-11-11,46.59263610839844,3716200
2019-11-12,46.05482482910156,4939900
2019-11-13,45.52490997314453,4644200
2019-11-14,45.27973556518555,3971200
2019-11-15,46.070640563964844,4261900
2019-11-18,44.8447265625,5793300
2019-11-19,45.21645736694336,6588000
2019-11-20,46.94855499267578,10097500
2019-11-21,47.620826721191406,10527300
2019-11-22,47.37564468383789,6575300
2019-11-25,48.285194396972656,7721200
2019-11-26,47.541751861572266,8151100
2019-11-27,47.72365951538086,5998400
2019-11-29,47.407283782958984,2707100
2019-12-02,47.74736785888672,7171500
2019-12-03,46.576820373535156,6110000
2019-12-04,47.95302200317383,8036700
2019-12-05,47.328182220458984,5047000
2019-12-06,49.012840270996094,8311100
2019-12-09,48.90210723876953,5256500
2019-12-10,48.84674072265625,4630200
2019-12-11,48.78347396850586,3959200
2019-12-12,49.503196716308594,5162700
2019-12-13,49.59019088745117,6965000
2019-12-16,49.68510818481445,5590000
2019-12-17,50.238746643066406,6211100
2019-12-18,49.985652923583984,5598400
2019-12-19,49.97774887084961,5197100
2019-12-20,50.396934509277344,11008000
2019-12-23,51.09292984008789,7019800
2019-12-24,51.14830017089844,3188400
2019-12-26,51.409305572509766,4835200
2019-12-27,51.39348220825195,5414300
2019-12-30,51.10084533691406,3665200
2019-12-31,51.43302536010742,3639800
2020-01-02,51.77312088012695,4122800
2020-01-03,51.96292495727539,6333200
2020-01-06,52.5798454284668,8823800
2020-01-07,52.5798454284668,5974800
2020-01-08,51.36183166503906,6470100
2020-01-09,52.25556945800781,6005100
2020-01-10,51.741493225097656,7233100
2020-01-13,51.512115478515625,3675300
2020-01-14,51.5200309753418,6119400
2020-01-15,51.409305572509766,3933300
2020-01-16,51.464656829833984,4315200
2020-01-17,51.464656829833984,4765500
2020-01-21,50.64211654663086,6974000
2020-01-22,49.835384368896484,6755800
2020-01-23,49.93820571899414,6199900
2020-01-24,49.526912689208984,5689500
2020-01-27,48.27728271484375,7321100
2020-01-28,48.38802719116211,4824700
2020-01-29,47.84228515625,4102500
2020-01-30,48.15864944458008,6931500
2020-01-31,47.00391387939453,7673000
2020-02-03,46.80618667602539,7015300
2020-02-04,44.67863845825195,13403000
2020-02-05,46.48982238769531,12891800
2020-02-06,46.19719696044922,5901700
2020-02-07,45.86499786376953,5081800
2020-02-10,45.77009201049805,6756300
2020-02-11,46.4344596862793,6143000
2020-02-12,47.264923095703125,5906800
2020-02-13,46.850730895996094,5995600
2020-02-14,46.691436767578125,4204500
2020-02-18,46.436553955078125,3937800
2020-02-19,47.20119857788086,5267400
2020-02-20,46.89852523803711,5755000
2020-02-21,46.548057556152344,5216300
2020-02-24,44.907249450683594,10350200
2020-02-25,42.87614440917969,10447900
2020-02-26,40.75743103027344,11646700
2020-02-27,37.53953170776367,14676100
2020-02-28,38.56703186035156,16558800
2020-03-02,39.21218490600586,10672800
2020-03-03,38.32807922363281,11785400
2020-03-04,39.371498107910156,8924200
2020-03-05,37.99353790283203,9603800
2020-03-06,36.105812072753906,14504800
2020-03-09,27.137100219726562,29828600
2020-03-10,27.78227424621582,20337700
2020-03-11,25.93437957763672,18460700
2020-03-12,22.461589813232422,16581700
2020-03-13,24.994491577148438,17506900
2020-03-16,20.772987365722656,13774100
2020-03-17,20.90839958190918,18692900
2020-03-18,18.056886672973633,17039700
2020-03-19,20.382694244384766,15655100
2020-03-20,21.378334045410156,23790200
2020-03-23,19.554323196411133,16239400
2020-03-24,24.484722137451172,16724400
2020-03-25,24.644025802612305,14295900
2020-03-26,25.560014724731445,13576900
2020-03-27,23.29792594909668,10647200
2020-03-30,23.329782485961914,11089600
2020-03-31,24.532516479492188,13481100
2020-04-01,23.592628479003906,11101400
2020-04-02,26.969831466674805,14693200
2020-04-03,26.213144302368164,11505000
2020-04-06,26.125534057617188,13532900
2020-04-07,26.49989891052246,11704200
2020-04-08,28.41948127746582,8171100
2020-04-09,27.662799835205078,14176800
2020-04-13,27.320297241210938,10222000
2020-04-14,27.145071029663086,11082200
2020-04-15,25.647634506225586,11354700
2020-04-16,24.747573852539062,13220600
2020-04-17,28.084951400756836,13162600
2020-04-20,27.53536033630371,13226400
2020-04-21,26.43617820739746,13639500
2020-04-22,27.86192512512207,12048400
2020-04-23,28.817737579345703,9849600
2020-04-24,28.746055603027344,8683900
2020-04-27,29.59035873413086,8302500
2020-04-28,30.64971160888672,9445700
2020-04-29,33.620689392089844,12958100
2020-04-30,33.5330810546875,11760700
2020-05-01,31.17540740966797,9256700
2020-05-04,32.14715576171875,12515600
2020-05-05,32.59318923950195,10096700
2020-05-06,32.25070571899414,8213000
2020-05-07,33.78797149658203,9520700
2020-05-08,34.656803131103516,6974200
2020-05-11,34.00517654418945,7076800
2020-05-12,33.4500846862793,7375900
2020-05-13,32.090518951416016,7666400
2020-05-14,32.122703552246094,6718700
2020-05-15,32.87891387939453,7242300
2020-05-18,35.07512283325195,9047300
2020-05-19,34.32695007324219,6126300
2020-05-20,35.51758575439453,7203000
2020-05-21,35.17165756225586,6646000
2020-05-22,34.817691802978516,4674000
2020-05-26,35.131431579589844,7702600
2020-05-27,35.9359130859375,5768100
2020-05-28,34.60048294067383,5871500
2020-05-29,33.93277359008789,10172200
2020-06-01,34.90618896484375,6344300
2020-06-02,35.55781555175781,5858300
2020-06-03,36.29792785644531,8024200
2020-06-04,35.96809005737305,5577000
2020-06-05,39.0894660949707,11578800
2020-06-08,40.47316360473633,10242200
2020-06-09,39.121639251708984,8203600
2020-06-10,36.933467864990234,7882300
2020-06-11,33.884498596191406,8435200
2020-06-12,35.17970275878906,8928400
2020-06-15,34.8740119934082,7992100
2020-06-16,36.28988265991211,6932400
2020-06-17,35.413002014160156,5967200
2020-06-18,35.75892639160156,7293700
2020-06-19,35.15557861328125,13702800
2020-06-22,35.04294204711914,5009100
2020-06-23,35.24406814575195,4962200
2020-06-24,32.97544860839844,7137200
2020-06-25,33.83623123168945,5981000
2020-06-26,32.460575103759766,8399400
2020-06-29,33.22482681274414,5764800
2020-06-30,33.80405044555664,6313900
2020-07-01,32.77433395385742,5600000
2020-07-02,33.6109733581543,4775000
2020-07-06,33.49031448364258,5825100
2020-07-07,32.693878173828125,5995100
2020-07-08,33.01567077636719,4896800
2020-07-09,30.85162353515625,9189500
2020-07-10,31.92962074279785,9218300
2020-07-13,31.90548324584961,5887000
2020-07-14,33.232879638671875,4953500
2020-07-15,33.48225784301758,5777100
2020-07-16,33.45812225341797,4655700
2020-07-17,32.47478485107422,6699300
2020-07-20,31.962793350219727,6407600
2020-07-21,33.85634231567383,7950900
2020-07-22,33.2305793762207,5158400
2020-07-23,32.88112258911133,5953500
2020-07-24,32.734840393066406,5202600
2020-07-27,32.320377349853516,5312400
2020-07-28,31.662097930908203,6188300
2020-07-29,32.45851516723633,6305200
2020-07-30,30.5893611907959,13421000
2020-07-31,30.38618278503418,7719900
2020-08-03,29.833566665649414,8064700
2020-08-04,30.5893611907959,5808100
2020-08-05,30.89817237854004,7315000
2020-08-06,30.92255973815918,6588700
2020-08-07,31.125730514526367,4445300
2020-08-10,32.2147216796875,5612600
2020-08-11,32.2716064453125,7975900
2020-08-12,33.85634231567383,11822500
2020-08-13,33.01927947998047,8286400
2020-08-14,33.17368698120117,3349800
2020-08-17,33.076171875,6089300
2020-08-18,32.77546691894531,5711500
2020-08-19,32.22285079956055,4526200
2020-08-20,31.507692337036133,3943200
2020-08-21,31.011953353881836,5034200
2020-08-24,31.58895492553711,5357400
2020-08-25,31.572721481323242,4160600
2020-08-26,30.524354934692383,6753300
2020-08-27,31.003833770751953,6231600
2020-08-28,31.190746307373047,5058100
2020-08-31,30.792537689208984,6165700
2020-09-01,30.199262619018555,6267700
2020-09-02,29.56538200378418,7441600
2020-09-03,29.24843978881836,8733400
2020-09-04,29.142786026000977,8285300
2020-09-08,27.679956436157227,9338600
2020-09-09,28.005023956298828,6440000
2020-09-10,26.753498077392578,8582800
2020-09-11,26.90791130065918,6769100
2020-09-14,27.241107940673828,5436000
2020-09-15,27.468658447265625,8333400
2020-09-16,28.508893966674805,9240700
2020-09-17,29.329702377319336,13147700
2020-09-18,29.150909423828125,12409800
2020-09-21,27.92377281188965,11316000
2020-09-22,27.874998092651367,7963000
2020-09-23,26.753498077392578,7714500
2020-09-24,27.306119918823242,7084000
2020-09-25,27.387392044067383,5240900
2020-09-28,27.39551544189453,8958400
2020-09-29,26.37965965270996,6662600
2020-09-30,26.688486099243164,8111700
2020-10-01,26.355283737182617,7929600
2020-10-02,26.875402450561523,7069100
2020-10-05,27.858745574951172,5652500
2020-10-06,27.062320709228516,6645600
2020-10-07,27.899383544921875,6633200
2020-10-08,28.87460708618164,6758800
2020-10-09,28.549530029296875,6382000
2020-10-12,28.92336082458496,7214600
2020-10-13,28.346357345581055,8121000
2020-10-14,28.061912536621094,9817400
2020-10-15,28.768953323364258,8633700
2020-10-16,27.7817440032959,8312900
2020-10-19,26.9014835357666,21684100
2020-10-20,26.80276107788086,19243000
2020-10-21,25.206768035888672,19210200
2020-10-22,26.251567840576172,15029400
2020-10-23,26.769853591918945,15335200
2020-10-26,24.943513870239258,11522800
2020-10-27,24.89415168762207,13017800
2020-10-28,23.684818267822266,15274500
2020-10-29,23.98921012878418,15560100
2020-10-30,23.544967651367188,15681700
2020-11-02,24.869476318359375,13762900
2020-11-03,24.112613677978516,12131300
2020-11-04,24.99287223815918,15178400
2020-11-05,24.778982162475586,10316600
2020-11-06,24.01388931274414,10484500
2020-11-09,27.460895538330078,17614500
2020-11-10,29.229652404785156,20650600
2020-11-11,29.023977279663086,17225000
2020-11-12,27.979183197021484,10944500
2020-11-13,29.089792251586914,11997500
2020-11-16,31.327478408813477,18701200
2020-11-17,31.960941314697266,14466800
2020-11-18,32.2324104309082,23319600
2020-11-19,32.47099685668945,12504100
2020-11-20,32.61906814575195,12037800
2020-11-23,35.136451721191406,14643900
2020-11-24,36.535011291503906,15439200
2020-11-25,35.893314361572266,15644800
2020-11-27,35.19404983520508,4694000
2020-11-30,32.5450325012207,20248600
2020-12-01,32.30645751953125,12424900
2020-12-02,32.88232421875,12460200
2020-12-03,33.894229888916016,16215400
2020-12-04,36.419830322265625,12730500
2020-12-07,35.226959228515625,10586100
2020-12-08,35.11177062988281,10575500
2020-12-09,35.128231048583984,10773100
2020-12-10,36.19771194458008,14997800
2020-12-11,35.76990509033203,14242300
2020-12-14,34.81562042236328,17094500
2020-12-15,35.21050262451172,9853600
2020-12-16,34.81562042236328,9311000
2020-12-17,34.52767562866211,9294200
2020-12-18,33.71322250366211,20819300
2020-12-21,33.10445785522461,10998100
2020-12-22,32.109004974365234,9189600
2020-12-23,32.97282028198242,6137600
2020-12-24,32.4874382019043,3530300
2020-12-28,32.33114242553711,6178200
2020-12-29,32.14191818237305,7003100
2020-12-30,32.91523361206055,6268900
2020-12-31,32.89878845214844,7612500
2021-01-04,32.553253173828125,8597600
2021-01-05,34.42072677612305,12393600
2021-01-06,35.79460525512695,11035300
2021-01-07,36.77357482910156,9648200
2021-01-08,36.77357482910156,9448700
2021-01-11,37.316558837890625,10839600
2021-01-12,39.011260986328125,13013700
2021-01-13,38.69041442871094,11839900
2021-01-14,39.38146209716797,12857900
2021-01-15,37.119110107421875,30004600
2021-01-19,37.84305953979492,14498800
2021-01-20,37.316558837890625,21178000
2021-01-21,35.531333923339844,16897000
2021-01-22,35.12000274658203,9535400
2021-01-25,35.02950668334961,10739700
2021-01-26,34.28910446166992,7616300
2021-01-27,33.441749572753906,8841600
2021-01-28,33.8201789855957,10283300
2021-01-29,32.93168640136719,11660400
2021-02-01,33.4911003112793,9229400
2021-02-02,33.70500564575195,8834000
2021-02-03,35.547794342041016,11133600
2021-02-04,36.205936431884766,11372300
2021-02-05,36.543235778808594,9543400
2021-02-08,38.4847526550293,12181600
2021-02-09,38.5670166015625,8990300
2021-02-10,38.87140655517578,10853200
2021-02-11,38.555908203125,8939100
2021-02-12,39.1536865234375,8805400
2021-02-16,40.55677032470703,11066700
2021-02-17,40.980194091796875,9055700
2021-02-18,39.59370803833008,8382200
2021-02-19,40.19976806640625,8502500
2021-02-22,42.24214553833008,12331000
2021-02-23,43.255027770996094,10796500
2021-02-24,45.38872146606445,12286600
2021-02-25,44.02713394165039,12864500
2021-02-26,43.1802978515625,13234100
2021-03-01,43.67843246459961,7182500
2021-03-02,43.404457092285156,7741100
2021-03-03,44.55018615722656,8007500
2021-03-04,46.17743682861328,15181000
2021-03-05,48.43566131591797,18699600
2021-03-08,48.800968170166016,11283400
2021-03-09,48.07036590576172,10193200
2021-03-10,49.332313537597656,12002400
2021-03-11,49.67271041870117,9328100
2021-03-12,49.141357421875,6758400
2021-03-15,48.28622055053711,9825200
2021-03-16,46.974456787109375,9399900
2021-03-17,47.18202209472656,9461700
2021-03-18,44.31772232055664,12297200
2021-03-19,43.670135498046875,26925500
2021-03-22,43.37126159667969,11003000
2021-03-23,42.931243896484375,11853800
2021-03-24,44.17657470703125,9671100
2021-03-25,44.47547149658203,9275200
2021-03-26,45.69590377807617,8723100
2021-03-29,44.69962692260742,7901000
2021-03-30,44.35922622680664,7910200
2021-03-31,43.977325439453125,9293100
2021-04-01,44.849063873291016,10165000
2021-04-05,43.34635543823242,10460000
2021-04-06,43.65354537963867,6253600
2021-04-07,43.487491607666016,12408400
2021-04-08,42.5410270690918,10040800
2021-04-09,42.532718658447266,6665300
2021-04-12,42.22553634643555,8564000
2021-04-13,42.167415618896484,6980000
2021-04-14,43.744842529296875,8342200
2021-04-15,43.0889892578125,6763700
2021-04-16,42.4164924621582,7665500
2021-04-19,42.25043487548828,6587700
2021-04-20,40.39072036743164,11928600
2021-04-21,41.54475784301758,7718900
2021-04-22,41.063209533691406,6582700
2021-04-23,41.279075622558594,5670100
2021-04-26,41.71909713745117,6642400
2021-04-27,42.590843200683594,8309600
2021-04-28,44.03544616699219,8897100
2021-04-29,44.110164642333984,9446900
2021-04-30,42.45800018310547,9448200
2021-05-03,43.7863655090332,9325100
2021-05-04,43.64522933959961,12834300
2021-05-05,46.027992248535156,12715300
2021-05-06,46.24384689331055,9648200
2021-05-07,47.40618896484375,9645500
2021-05-10,47.32315444946289,8801700
2021-05-11,46.26046371459961,9741400
2021-05-12,46.23554229736328,7925100
2021-05-13,45.38212966918945,7581500
2021-05-14,47.28977584838867,6419900
2021-05-17,48.77908706665039,11441900
2021-05-18,47.93403625488281,10322000
2021-05-19,46.503299713134766,9406200
2021-05-20,46.34431838989258,8798800
2021-05-21,46.561866760253906,6032300
2021-05-24,46.93837356567383,6372800
2021-05-25,45.917606353759766,8090600
2021-05-26,46.36942672729492,6716000
2021-05-27,46.46145248413086,7484100
2021-05-28,46.63716125488281,5745400
2021-06-01,48.75399398803711,9943600
2021-06-02,49.35640335083008,6103300
2021-06-03,49.75802230834961,8280800
2021-06-04,50.075965881347656,6504800
2021-06-07,50.0424919128418,5405100
2021-06-08,50.594703674316406,7345200
2021-06-09,49.933738708496094,7026300
2021-06-10,50.34370040893555,9396000
2021-06-11,50.17637252807617,8117000
2021-06-14,50.46084213256836,7744300
2021-06-15,51.18040084838867,7835700
2021-06-16,51.14692687988281,9745800
2021-06-17,49.37314224243164,13667200
2021-06-18,48.13483810424805,18583800
2021-06-21,50.57797622680664,8234300
2021-06-22,50.86244583129883,6745100
2021-06-23,50.83735656738281,8184000
2021-06-24,51.36447525024414,6424400
2021-06-25,51.29753112792969,8099200
2021-06-28,49.858421325683594,7647300
2021-06-29,49.406620025634766,6437000
2021-06-30,50.954498291015625,9309600
2021-07-01,52.611141204833984,11637200
2021-07-02,52.50236511230469,7635000
2021-07-06,50.43573760986328,11699400
2021-07-07,49.37314224243164,8239600
2021-07-08,49.54047775268555,10551500
2021-07-09,50.310237884521484,6973700
2021-07-12,50.03412628173828,6063100
2021-07-13,49.74964904785156,6510400
2021-07-14,48.25197219848633,8489600
2021-07-15,47.75832748413086,8723300
2021-07-16,46.43635559082031,8805300
2021-07-19,44.93032455444336,13342100
2021-07-20,45.57456970214844,9358200
2021-07-21,47.70813751220703,9378000
2021-07-22,47.415287017822266,6765500
2021-07-23,46.65651321411133,10623800
2021-07-26,47.94643783569336,8756300
2021-07-27,47.49116134643555,7363600
2021-07-28,47.819976806640625,6167200
2021-07-29,48.123477935791016,6306400
2021-07-30,47.26353454589844,8660100
2021-08-02,46.69023513793945,8469500
2021-08-03,47.75252914428711,9888200
2021-08-04,46.31084060668945,7629600
2021-08-05,47.1707878112793,6573100
2021-08-06,47.634483337402344,5038900
2021-08-09,46.749244689941406,5410600
2021-08-10,47.617618560791016,6781800
2021-08-11,48.21622085571289,6071800
2021-08-12,48.089752197265625,4729200
2021-08-13,47.18765640258789,7399800
2021-08-16,46.20967102050781,7464600
2021-08-17,45.96518325805664,6497900
2021-08-18,45.13051986694336,6647700
2021-08-19,44.211551666259766,11306400
2021-08-20,44.489768981933594,7068200
2021-08-23,46.19281005859375,8022200
2021-08-24,46.71552276611328,6245500
2021-08-25,47.22980880737305,6125200
2021-08-26,46.47944641113281,5209000
2021-08-27,47.83683395385742,6549100
2021-08-30,47.381561279296875,4838600
2021-08-31,46.81668472290039,10500500
2021-09-01,46.07478332519531,9319800
2021-09-02,47.71880340576172,6696600
2021-09-03,47.41529846191406,7954200
2021-09-07,47.19609451293945,6632600
2021-09-08,46.605926513671875,5228900
2021-09-09,46.85885238647461,6285800
2021-09-10,46.98530960083008,5055200
2021-09-13,48.5534553527832,8456500
2021-09-14,48.00544738769531,7880700
2021-09-15,50.011993408203125,10766000
2021-09-16,49.93612289428711,8773100
2021-09-17,49.67475891113281,13741300
2021-09-20,48.115047454833984,10001800
2021-09-21,50.02043151855469,13923100
2021-09-22,52.49067687988281,15753000
2021-09-23,53.713157653808594,11886800
2021-09-24,54.817596435546875,11128300
2021-09-27,56.24241638183594,13508700
2021-09-28,57.1613883972168,14995200
2021-09-29,57.36372756958008,10563700
2021-09-30,57.13608169555664,15845900
2021-10-01,59.10047912597656,13482300
2021-10-04,60.272396087646484,12423500
2021-10-05,60.4747200012207,11270100
2021-10-06,60.54216766357422,10613500
2021-10-07,60.28923797607422,11521300
2021-10-08,63.1641960144043,12310500
2021-10-11,62.36324691772461,9585200
2021-10-12,61.89113998413086,7635600
2021-10-13,61.7393798828125,8517500
2021-10-14,62.2620735168457,8152600
2021-10-15,62.50656509399414,6945100
2021-10-18,62.81007385253906,9917700
2021-10-19,63.50139236450195,6589400
2021-10-20,64.0915756225586,5506000
2021-10-21,62.885948181152344,5836300
2021-10-22,63.838661193847656,7170200
2021-10-25,64.51311492919922,7471200
2021-10-26,64.94308471679688,5898200
2021-10-27,63.12803268432617,9025600
2021-10-28,63.73870086669922,5195900
2021-10-29,63.178916931152344,8079300
2021-11-01,63.26374053955078,11944600
2021-11-02,61.94062805175781,10891900
2021-11-03,61.69465255737305,9311800
2021-11-04,62.1781005859375,8573500
2021-11-05,63.9931640625,6987600
2021-11-08,64.4002685546875,6957700
2021-11-09,64.24762725830078,6049800
2021-11-10,61.91517639160156,7484700
2021-11-11,61.18577575683594,7784500
2021-11-12,61.37236022949219,5329600
2021-11-15,61.67768096923828,6181400
2021-11-16,61.609825134277344,7451100
2021-11-17,61.041595458984375,7628600
2021-11-18,61.67768096923828,6548800
2021-11-19,59.039939880371094,8817100
2021-11-22,60.97373580932617,7445600
2021-11-23,62.57674026489258,9107200
2021-11-24,63.46729278564453,7215800
2021-11-26,60.625980377197266,10258700
2021-11-29,61.194271087646484,9191600
2021-11-30,59.48097229003906,15723700
2021-12-01,58.69219970703125,10070500
2021-12-02,60.43939208984375,8410900
2021-12-03,60.31217956542969,6995700
2021-12-06,61.754024505615234,6200100
2021-12-07,63.24677276611328,8136600
2021-12-08,62.85662078857422,6313200
2021-12-09,61.533512115478516,6511600
2021-12-10,62.33076858520508,6065000
2021-12-13,60.23583221435547,5719100
2021-12-14,59.94747543334961,6669300
2021-12-15,59.9729118347168,6805600
2021-12-16,60.81258010864258,7068200
2021-12-17,58.191795349121094,22913100
2021-12-20,58.18330383300781,11485000
2021-12-21,59.94747543334961,6324800
2021-12-22,60.286739349365234,3775100
2021-12-23,60.380043029785156,3902700
2021-12-27,62.09330368041992,3967800
2021-12-28,62.01698303222656,3383700
2021-12-29,61.847347259521484,3947300
2021-12-30,61.30451202392578,3340200
2021-12-31,61.389564514160156,3453900
2022-01-03,62.74187469482422,5769900
2022-01-04,65.4634780883789,9189300
2022-01-05,64.3408203125,9034500
2022-01-06,66.75626373291016,8679000
2022-01-07,68.58484649658203,10838800
2022-01-10,68.91655731201172,9125400
2022-01-11,71.09384155273438,8510600
2022-01-12,71.78276062011719,7740100
2022-01-13,71.1193618774414,6814000
2022-01-14,73.77294921875,7946600
2022-01-18,74.42784118652344,10782900
2022-01-19,74.23220825195312,7370100
2022-01-20,72.828857421875,7707700
2022-01-21,70.35388946533203,10625600
2022-01-24,70.60905456542969,9505400
2022-01-25,74.0876235961914,8514800
2022-01-26,74.04511260986328,9416400
2022-01-27,76.25642395019531,9624600
2022-01-28,75.88220977783203,11561400
2022-01-31,75.37188720703125,7539800
2022-02-01,77.85536193847656,9424900
2022-02-02,78.42521667480469,8803400
2022-02-03,77.28553009033203,13258500
2022-02-04,78.13603973388672,12035300
2022-02-07,79.04607391357422,8420600
2022-02-08,77.67677307128906,7481500
2022-02-09,79.05458068847656,6973200
2022-02-10,78.17005920410156,7149900
2022-02-11,79.93946075439453,9580800
2022-02-14,78.25553894042969,7274400
2022-02-15,76.65708923339844,8379300
2022-02-16,77.11011505126953,6854400
2022-02-17,77.92217254638672,6842800
2022-02-18,76.6143569946289,6574800
2022-02-22,75.07572174072266,9267500
2022-02-23,75.41766357421875,7355000
2022-02-24,74.99024963378906,11509300
2022-02-25,78.01619720458984,10563000
2022-02-28,81.08487701416016,15096000
2022-03-01,82.87992095947266,14453500
2022-03-02,83.80309295654297,16168000
2022-03-03,83.26459503173828,8704900
2022-03-04,85.70924377441406,10977300
2022-03-07,86.56403350830078,13788800
2022-03-08,84.45272827148438,17231400
2022-03-09,82.23883819580078,12656200
2022-03-10,85.23912811279297,9481000
2022-03-11,84.1193618774414,7666500
2022-03-14,82.52945709228516,10532200
2022-03-15,81.24727630615234,8863600
2022-03-16,81.0506820678711,9314200
2022-03-17,84.47836303710938,8868300
2022-03-18,85.13655853271484,16146900
2022-03-21,87.8376693725586,8107400
2022-03-22,86.9914321899414,6377500
2022-03-23,89.2138900756836,7681500
2022-03-24,89.35919189453125,6192500
2022-03-25,91.88935089111328,7833800
2022-03-28,88.47020721435547,6091100
2022-03-29,86.0682601928711,10977600
2022-03-30,86.6769790649414,6069200
2022-03-31,85.7339096069336,9777900
2022-04-01,86.23117065429688,6934100
2022-04-04,86.20543670654297,4946500
2022-04-05,84.06209564208984,5708100
2022-04-06,83.62486267089844,5680000
2022-04-07,85.69962310791016,6285300
2022-04-08,88.34879302978516,6175200
2022-04-11,84.0020980834961,7002200
2022-04-12,85.7339096069336,7412100
2022-04-13,85.93109130859375,7365100
2022-04-14,86.90845489501953,6337800
2022-04-18,88.7088851928711,4867000
2022-04-19,87.07135772705078,5331700
2022-04-20,88.02299499511719,6059200
2022-04-21,84.5936508178711,6290600
2022-04-22,82.31312561035156,6483900
2022-04-25,78.58370208740234,11913400
2022-04-26,78.29219818115234,5970100
2022-04-27,79.78398895263672,6765800
2022-04-28,83.63343811035156,9520600
2022-04-29,81.89302825927734,8777700
2022-05-02,82.23595428466797,6980500
2022-05-03,84.8165512084961,5748000
2022-05-04,89.04322052001953,7989800
2022-05-05,88.18588256835938,10593000
2022-05-06,92.32683563232422,9213100
2022-05-09,83.33334350585938,9750900
2022-05-10,84.01923370361328,7845900
2022-05-11,84.91085052490234,6651600
2022-05-12,85.39097595214844,7244400
2022-05-13,88.22876739501953,6549900
2022-05-16,90.85540771484375,7990600
2022-05-17,92.16439056396484,6577500
2022-05-18,89.97697448730469,8957000
2022-05-19,90.08893585205078,6784100
2022-05-20,90.4420166015625,6717700
2022-05-23,93.88676452636719,8646900
2022-05-24,94.2829360961914,6859100
2022-05-25,95.76416778564453,6707000
2022-05-26,97.44348907470703,6159000
2022-05-27,98.69219970703125,6788700
2022-05-31,96.76313018798828,17278500
2022-06-01,99.68255615234375,7246600
2022-06-02,99.00222778320312,5042700
2022-06-03,101.72358703613281,5387100
2022-06-06,101.08628845214844,5608400
2022-06-07,105.67645263671875,8559000
2022-06-08,104.94442749023438,7010900
2022-06-09,102.10249328613281,6643000
2022-06-10,100.6126708984375,7298800
2022-06-13,96.24642181396484,9516900
2022-06-14,96.01390838623047,7737700
2022-06-15,94.15373229980469,7681400
2022-06-16,88.20291900634766,11848400
2022-06-17,80.7278060913086,24455100
2022-06-21,85.49879455566406,10454900
2022-06-22,80.14220428466797,11284200
2022-06-23,75.68986511230469,13554900
2022-06-24,78.2906494140625,12282400
2022-06-27,80.04376220703125,8986100
2022-06-28,82.63867950439453,8903000
2022-06-29,79.37548828125,7990100
2022-06-30,77.94349670410156,12748900
2022-07-01,78.95890045166016,6005000
2022-07-05,73.45661926269531,13483600
2022-07-06,72.32835388183594,12130900
2022-07-07,74.94066619873047,8072400
2022-07-08,75.0361328125,5615500
2022-07-11,74.24638366699219,4685700
2022-07-12,72.42384338378906,5573100
2022-07-13,72.12875366210938,5535300
2022-07-14,70.82697296142578,8890200
2022-07-15,71.93783569335938,5899000
2022-07-18,73.82978820800781,7057600
2022-07-19,76.78924560546875,6674800
2022-07-20,78.7245864868164,7720500
2022-07-21,77.17977142333984,8016700
2022-07-22,76.48546600341797,6243500
2022-07-25,79.88752746582031,5815100
2022-07-26,79.05436706542969,7127000
2022-07-27,80.94633483886719,6237800
2022-07-28,81.63195037841797,4656100
2022-07-29,84.55667877197266,7394800
2022-08-01,82.53455352783203,5598900
2022-08-02,82.1960678100586,4653000
2022-08-03,79.25397491455078,6783300
2022-08-04,78.00423431396484,7810500
2022-08-05,80.58182525634766,5848000
2022-08-08,81.2587661743164,4788100
2022-08-09,82.89036560058594,7477700
2022-08-10,83.29827117919922,5625500
2022-08-11,87.09953308105469,6481600
2022-08-12,89.17375946044922,6683800
2022-08-15,87.8486557006836,6585900
2022-08-16,87.26455688476562,6924400
2022-08-17,88.36300659179688,5346500
2022-08-18,91.43163299560547,5966500
2022-08-19,91.6583023071289,7067100
2022-08-22,91.74549102783203,6701700
2022-08-23,94.54389190673828,8253000
2022-08-24,96.34845733642578,6286100
2022-08-25,97.70841979980469,5241000
2022-08-26,97.74327850341797,6508800
2022-08-29,98.8766098022461,6479700
2022-08-30,96.33100891113281,7746900
2022-08-31,95.4156494140625,6775700
2022-09-01,93.74185180664062,6717300
2022-09-02,96.12179565429688,6096400
2022-09-06,94.70081329345703,7270900
2022-09-07,93.0705795288086,6890900
2022-09-08,94.43054962158203,7147200
2022-09-09,97.6125259399414,6085000
2022-09-12,99.72219848632812,6208600
2022-09-13,97.9263687133789,6977400
2022-09-14,102.61650848388672,9457900
2022-09-15,100.74219512939453,9997500
2022-09-16,98.62378692626953,14608000
2022-09-19,98.39712524414062,6600600
2022-09-20,97.69969940185547,5655400
2022-09-21,96.84536743164062,5818000
2022-09-22,95.94741821289062,4971600
2022-09-23,87.69172668457031,10157300
2022-09-26,86.47997283935547,8719000
2022-09-27,86.09638977050781,8779000
2022-09-28,91.08389282226562,9207500
2022-09-29,91.66753387451172,5929800
2022-09-30,90.50025177001953,7172000
2022-10-03,97.24752807617188,7701900
2022-10-04,102.24388122558594,7582900
2022-10-05,102.51799774169922,10073000
2022-10-06,104.03903198242188,6388900
2022-10-07,104.7995376586914,9373500
2022-10-10,103.28738403320312,5883200
2022-10-11,102.20851135253906,7602400
2022-10-12,102.84521484375,6221600
2022-10-13,108.54016876220703,7999100
2022-10-14,104.31317901611328,7646000
2022-10-17,104.6668930053711,6667000
2022-10-18,104.25127410888672,6826200
2022-10-19,107.09874725341797,5500400
2022-10-20,107.7177505493164,6456100
2022-10-21,110.08771514892578,5886200
2022-10-24,110.66251373291016,5734900
2022-10-25,109.60133361816406,7000800
2022-10-26,111.92707824707031,8139100
2022-10-27,111.98896026611328,8948500
2022-10-28,112.45767211914062,7293200
2022-10-31,111.50261688232422,7121000
2022-11-01,112.9970932006836,5875600
2022-11-02,111.8740234375,7680400
2022-11-03,118.33834075927734,13209100
2022-11-04,117.01185607910156,10663700
2022-11-07,119.3287582397461,6882400
2022-11-08,118.8865966796875,5039800
2022-11-09,110.76864624023438,7069500
2022-11-10,114.48274993896484,7543900
2022-11-11,118.4621353149414,8662000
2022-11-14,118.08929443359375,6163400
2022-11-15,119.0302505493164,8300600
2022-11-16,114.72496032714844,7365600
2022-11-17,116.4559555053711,5735800
2022-11-18,114.14794158935547,5727200
2022-11-21,111.3961181640625,6573200
2022-11-22,115.38184356689453,5604200
2022-11-23,112.50572967529297,7482600
2022-11-25,112.56787872314453,2547800
2022-11-28,109.93143463134766,5648600
2022-11-29,110.2953872680664,4909700
2022-11-30,109.63848114013672,8484500
2022-12-01,109.2390365600586,5285100
2022-12-02,108.45787811279297,4879700
2022-12-05,105.96346282958984,5478700
2022-12-06,102.62574005126953,6498400
2022-12-07,101.97772979736328,6099100
2022-12-08,99.95381164550781,7720400
2022-12-09,97.66357421875,6385700
2022-12-12,99.22589111328125,5636500
2022-12-13,100.67284393310547,6285200
2022-12-14,100.19349670410156,5927000
2022-12-15,99.909423828125,6400900
2022-12-16,98.03640747070312,17422600
2022-12-19,98.03640747070312,4991400
2022-12-20,99.9981918334961,5538700
2022-12-21,103.22050476074219,5433000
2022-12-22,100.22010803222656,5295400
2022-12-23,104.55227661132812,5001500
2022-12-27,105.82067108154297,3849400
2022-12-28,102.99805450439453,3856400
2022-12-29,103.96273803710938,2921600
2022-12-30,105.40083312988281,4220500
2023-01-03,101.0418701171875,5424400
2023-01-04,101.23839569091797,4837600
2023-01-05,104.30213928222656,5177700
2023-01-06,105.60629272460938,4442300
2023-01-09,104.82917022705078,5403200
2023-01-10,105.47229766845703,4042700
2023-01-11,105.61520385742188,4569900
2023-01-12,107.33020782470703,5072500
2023-01-13,108.50032806396484,4360200
2023-01-17,107.40166473388672,5228500
2023-01-18,105.8921127319336,5138700
2023-01-19,106.86572265625,5049100
2023-01-20,108.79511260986328,5101400
2023-01-23,107.30340576171875,3963200
2023-01-24,106.12435150146484,4216900
2023-01-25,107.51778411865234,3984700
2023-01-26,111.3407974243164,5807400
2023-01-27,110.41183471679688,4857500
2023-01-30,107.66070556640625,5246300
2023-01-31,108.85763549804688,5200100
2023-02-01,105.13284301757812,7282300
2023-02-02,99.41619873046875,11531300
2023-02-03,96.56680297851562,13504200
2023-02-06,96.01300811767578,11516300
2023-02-07,100.05933380126953,7370600
2023-02-08,98.96066284179688,6713200
2023-02-09,98.1924819946289,5768300
2023-02-10,102.77473449707031,10779200
2023-02-13,100.76502227783203,6018200
2023-02-14,101.8775405883789,7308100
2023-02-15,100.17285919189453,7203700
2023-02-16,97.22105407714844,6531900
2023-02-17,93.41691589355469,11294500
2023-02-21,94.48457336425781,7200600
2023-02-22,93.38101196289062,7929500
2023-02-23,94.59223937988281,6095800
2023-02-24,94.43074798583984,5617900
2023-02-27,94.97803497314453,7429300
2023-02-28,92.72606658935547,8771800
2023-03-01,95.32794189453125,6064700
2023-03-02,97.19413757324219,5458600
2023-03-03,97.47228240966797,7075100
2023-03-06,98.29769134521484,6200900
2023-03-07,96.58404541015625,4973200
2023-03-08,96.20721435546875,4576800
2023-03-09,94.93317413330078,5191600
2023-03-10,93.50664520263672,5313100
2023-03-13,90.33053588867188,8789700
2023-03-14,90.94063568115234,7090800
2023-03-15,85.44972229003906,10661200
2023-03-16,86.49049377441406,10111500
2023-03-17,84.6871109008789,17056000
2023-03-20,86.27516174316406,7932900
2023-03-21,89.4602279663086,6770200
2023-03-22,88.25799560546875,5635500
2023-03-23,86.50843048095703,5866400
2023-03-24,85.62020111083984,8385900
2023-03-27,87.45946502685547,6049700
2023-03-28,88.40736389160156,3792000
2023-03-29,90.05039978027344,7596300
2023-03-30,89.59901428222656,5461100
2023-03-31,89.56291198730469,7708800
2023-04-03,97.87733459472656,12394300
2023-04-04,95.9634780883789,5425500
2023-04-05,97.27247619628906,5806800
2023-04-06,95.92737579345703,5087800
2023-04-10,95.64750671386719,4374700
2023-04-11,96.3697280883789,4812200
2023-04-12,97.07386779785156,8108200
2023-04-13,98.43704223632812,7160100
2023-04-14,97.94955444335938,5052100
2023-04-17,95.34058380126953,6278800
2023-04-18,94.74474334716797,7745300
2023-04-19,95.02460479736328,4717500
2023-04-20,93.68852996826172,5351600
2023-04-21,92.31632995605469,5279000
2023-04-24,93.57117462158203,5215800
2023-04-25,92.162841796875,5355800
2023-04-26,90.70039367675781,4295000
2023-04-27,91.38648223876953,4196700
2023-04-28,92.88507080078125,6638200
2023-05-01,92.56007385253906,3644900
2023-05-02,89.04832458496094,8100100
2023-05-03,86.74627685546875,9085100
2023-05-04,87.89280700683594,6840000
2023-05-05,90.6101303100586,5566700
2023-05-08,91.08856201171875,5058900
2023-05-09,91.65731048583984,4896100
2023-05-10,90.70039367675781,5285900
2023-05-11,90.17677307128906,5671700
2023-05-12,89.76151275634766,5004400
2023-05-15,91.0046615600586,5838100
2023-05-16,88.99021911621094,4822200
2023-05-17,91.38577270507812,5013700
2023-05-18,91.41300201416016,5503400
2023-05-19,93.1008071899414,6068200
2023-05-22,94.12618255615234,5561900
2023-05-23,94.7250747680664,5415700
2023-05-24,94.35304260253906,5141900
2023-05-25,92.27505493164062,4951900
2023-05-26,92.42022705078125,5709500
2023-05-30,91.8304214477539,6721800
2023-05-31,90.10633850097656,22757300
2023-06-01,90.31503295898438,5857800
2023-06-02,92.87395477294922,4958500
2023-06-05,92.61988067626953,5153900
2023-06-06,92.50189208984375,3622400
2023-06-07,95.10619354248047,4827700
2023-06-08,94.86117553710938,5231300
2023-06-09,94.2713623046875,4085100
2023-06-12,93.3004379272461,6049600
2023-06-13,93.83580780029297,4904300
2023-06-14,93.16431427001953,4915300
2023-06-15,94.50728607177734,4614600
2023-06-16,95.20600128173828,9928200
2023-06-20,92.58357238769531,8590000
2023-06-21,94.09896087646484,6477500
2023-06-22,92.03912353515625,4967700
2023-06-23,91.15892791748047,7149000
2023-06-26,92.48258209228516,4361000
2023-06-27,92.00789642333984,3816900
2023-06-28,93.5780258178711,5463000
2023-06-29,94.0801010131836,4260300
2023-06-30,94.58218383789062,7000000
2023-07-03,95.14816284179688,2234000
2023-07-05,94.95645904541016,4154900
2023-07-06,91.59710693359375,6004500
2023-07-07,94.23528289794922,7393100
2023-07-10,95.25769805908203,6405900
2023-07-11,98.07846069335938,5648500
2023-07-12,99.7855224609375,6229200
2023-07-13,100.91747283935547,6054900
2023-07-14,97.75895690917969,4738200
2023-07-17,97.16559600830078,4081400
2023-07-18,99.27432250976562,4396800
2023-07-19,99.94071960449219,5408200
2023-07-20,101.95814514160156,6702300
2023-07-21,103.05358123779297,4957000
2023-07-24,104.7241439819336,3999600
2023-07-25,106.05691528320312,3664700
2023-07-26,106.65028381347656,4006300
2023-07-27,105.69178009033203,4568500
2023-07-28,105.82869720458984,3138800
2023-07-31,107.46273803710938,4126100
2023-08-01,107.1523666381836,3308200
2023-08-02,105.51831817626953,4577800
2023-08-03,104.9706039428711,7285300
2023-08-04,103.80215454101562,6928700
2023-08-07,104.50505828857422,3635100
2023-08-08,105.51831817626953,4281300
2023-08-09,106.29428100585938,4818800
2023-08-10,105.7374267578125,3589300
2023-08-11,107.54489135742188,3771600
2023-08-14,107.43534851074219,4252400
2023-08-15,105.90422821044922,4214900
2023-08-16,105.1065902709961,3767200
2023-08-17,107.02277374267578,4044700
2023-08-18,107.53619384765625,4267600
2023-08-21,107.4628677368164,3271600
2023-08-22,106.49102020263672,3194300
2023-08-23,106.17928314208984,3136700
2023-08-24,105.25326538085938,3538500
2023-08-25,106.83024597167969,3710300
2023-08-28,107.7470703125,2821600
2023-08-29,107.87545013427734,3213700
2023-08-30,108.82894134521484,2847500
2023-08-31,109.13150787353516,4395700
2023-09-01,111.98287963867188,6398300
2023-09-05,112.6155014038086,5785700
2023-09-06,112.83555603027344,4664000
2023-09-07,111.58863830566406,3503900
2023-09-08,112.5146484375,4368400
2023-09-11,110.42426300048828,4294500
2023-09-12,112.8447265625,4486600
2023-09-13,112.13874816894531,3879700
2023-09-14,114.14661407470703,4686200
2023-09-15,113.29397583007812,12441000
2023-09-18,114.12828826904297,4945300
2023-09-19,112.91806030273438,4190700
2023-09-20,111.09355163574219,3444600
2023-09-21,109.16818237304688,4470700
2023-09-22,109.25069427490234,3641100
2023-09-25,111.00186157226562,3291300
2023-09-26,110.14920806884766,5204500
2023-09-27,113.42031860351562,5364100
2023-09-28,113.07938385009766,3964600
2023-09-29,110.3887710571289,5308900
2023-10-02,107.90088653564453,4769500
2023-10-03,108.36160278320312,4162600
2023-10-04,104.42704772949219,7287600
2023-10-05,104.50997161865234,4070100
2023-10-06,106.26992797851562,4209700
2023-10-09,112.25009155273438,6532800
2023-10-10,110.93243408203125,5705500
2023-10-11,110.60992431640625,7300700
2023-10-12,111.59586334228516,3859500
2023-10-13,115.05126953125,5589100
2023-10-16,115.4659194946289,3769500
2023-10-17,115.6041259765625,4213800
2023-10-18,116.64537048339844,4781900
2023-10-19,116.45186614990234,4491300
2023-10-20,114.3141098022461,5289400
2023-10-23,111.80779266357422,5969400
2023-10-24,110.52698516845703,4664400
2023-10-25,110.95085906982422,5010600
2023-10-26,109.01581573486328,6066500
2023-10-27,108.54590606689453,5312500
2023-10-30,108.85916900634766,5830500
2023-10-31,109.46735382080078,4505000
2023-11-01,107.5046615600586,8350900
2023-11-02,112.43437957763672,9068700
2023-11-03,110.34269714355469,5935600
2023-11-06,109.16325378417969,4610800
2023-11-07,106.19622039794922,5491000
2023-11-08,105.45905303955078,5884300
2023-11-09,105.1826171875,4306200
2023-11-10,106.5279312133789,4602300
2023-11-13,106.83354187011719,3225700
2023-11-14,107.00023651123047,5421700
2023-11-15,106.52793884277344,4733300
2023-11-16,103.7126235961914,6733200
2023-11-17,106.12045288085938,5799100
2023-11-20,106.86132049560547,4046400
2023-11-21,106.6575927734375,3720200
2023-11-22,106.36123657226562,4559000
2023-11-24,106.95393371582031,2159200
2023-11-27,106.31494140625,5289500
2023-11-28,106.48163604736328,3469100
2023-11-29,105.54627990722656,6065300
2023-11-30,107.02800750732422,10242700
2023-12-01,106.7131576538086,4675800
2023-12-04,106.06488800048828,4824800
2023-12-05,104.77761840820312,5821400
2023-12-06,102.35128021240234,7489500
2023-12-07,102.6568832397461,5816800
2023-12-08,103.78670501708984,5713900
2023-12-11,103.87006378173828,7250100
2023-12-12,102.85136413574219,6888800
2023-12-13,103.5829849243164,8570100
2023-12-14,106.45384216308594,11490400
2023-12-15,106.07414245605469,30860400
2023-12-18,106.40754699707031,7000500
2023-12-19,107.88001251220703,6379200
2023-12-20,108.06522369384766,7767200
2023-12-21,108.19490051269531,4149300
2023-12-22,108.96355438232422,4299400
2023-12-26,110.2230224609375,2893600
2023-12-27,109.73218536376953,3441400
2023-12-28,107.88928985595703,3711400
2023-12-29,107.4910659790039,3643600
2024-01-02,108.89871978759766,4688400
2024-01-03,111.0657730102539,4881900
2024-01-04,107.87076568603516,5891500
2024-01-05,107.91706085205078,3984600
2024-01-08,106.03709411621094,6769600
2024-01-09,104.42571258544922,5935600
2024-01-10,102.96248626708984,4445200
2024-01-11,102.7957992553711,4212600
2024-01-12,103.44404602050781,5549800
2024-01-16,100.61023712158203,6677500
2024-01-17,99.61931610107422,4864100
2024-01-18,99.026611328125,6150900
2024-01-19,99.89712524414062,5702200
2024-01-22,100.07311248779297,5740200
2024-01-23,100.0082778930664,3969500
2024-01-24,101.5641098022461,5332000
2024-01-25,103.7681884765625,5958700
2024-01-26,103.93489837646484,4156000
2024-01-29,103.35145568847656,4705700
2024-01-30,105.6203842163086,6206500
2024-01-31,103.60150909423828,5501400
2024-02-01,103.147705078125,5255200
2024-02-02,102.45314025878906,4610200
2024-02-05,101.8419189453125,4520400
2024-02-06,103.27735900878906,4777100
2024-02-07,104.01823425292969,6100700
2024-02-08,105.48145294189453,7715500
2024-02-09,102.94397735595703,5974000
2024-02-12,102.88839721679688,5802000
2024-02-13,101.65670776367188,6321100
2024-02-14,101.98084259033203,7248400
2024-02-15,103.52911376953125,9421900
2024-02-16,103.12803649902344,6967800
2024-02-20,102.16736602783203,6458300
2024-02-21,105.27325439453125,6925500
2024-02-22,104.6669921875,5104900
2024-02-23,104.00477600097656,5206200
2024-02-26,104.85354614257812,5751200
2024-02-27,104.09806060791016,5060000
2024-02-28,104.4991226196289,4578900
2024-02-29,104.96546173095703,6624000
2024-03-01,106.55104064941406,5094300
2024-03-04,104.12602996826172,5877200
2024-03-05,103.73430633544922,6247000
2024-03-06,104.45247650146484,4888700
2024-03-07,105.1520004272461,5097300
2024-03-08,105.39450073242188,5227600
2024-03-11,107.49305725097656,5899300
2024-03-12,107.27854919433594,5653000
2024-03-13,109.63827514648438,7685400
2024-03-14,111.71817016601562,7800800
2024-03-15,111.9606704711914,17549000
2024-03-18,112.1658706665039,4827900
2024-03-19,113.80740356445312,4457800
2024-03-20,113.70480346679688,3597000
2024-03-21,115.1971206665039,4925600
2024-03-22,114.74942779541016,4976100
2024-03-25,117.73405456542969,7054400
2024-03-26,117.51020812988281,5203400
2024-03-27,118.30298614501953,3847800
2024-03-28,118.71337127685547,4657800
2024-04-01,120.0191421508789,3036000
2024-04-02,121.87521362304688,4969700
2024-04-03,122.77059173583984,3707300
2024-04-04,122.88252258300781,3908400
2024-04-05,124.53340911865234,3595500
2024-04-08,123.50741577148438,4481900
2024-04-09,123.34886932373047,3756000
2024-04-10,123.88052368164062,4402400
2024-04-11,123.97378540039062,4328800
2024-04-12,122.36954498291016,4955300
2024-04-15,121.48348236083984,4219300
2024-04-16,120.81195831298828,3878600
2024-04-17,119.69271087646484,3869700
2024-04-18,119.20771789550781,3588200
2024-04-19,120.67203521728516,3984800
2024-04-22,120.62540435791016,4194900
2024-04-23,121.10106658935547,3773600
2024-04-24,120.57876586914062,3846600
2024-04-25,121.35291290283203,3666400
2024-04-26,121.47415924072266,4823100
2024-04-29,121.45550537109375,3609400
2024-04-30,117.16511535644531,6296800
2024-05-01,115.97124481201172,5423500
2024-05-02,114.02191162109375,7685900
2024-05-03,114.0032730102539,5020700
2024-05-06,115.23443603515625,4848600
2024-05-07,115.22510528564453,5902000
2024-05-08,114.77741241455078,4200200
2024-05-09,115.085205078125,5430500
2024-05-10,114.42814636230469,4515900
2024-05-13,114.12779235839844,6421200
2024-05-14,113.61156463623047,6144700
2024-05-15,113.29241180419922,6138600
2024-05-16,112.47582244873047,5002900
2024-05-17,114.24043273925781,4450300
2024-05-20,113.47075653076172,2814700
2024-05-21,113.02021789550781,2756700
2024-05-22,110.93646240234375,4468100
2024-05-23,110.42961120605469,3757200
2024-05-24,110.05416107177734,2851100
2024-05-28,111.6592025756836,3830700
2024-05-29,108.17689514160156,14290900
2024-05-30,106.6093978881836,9914300
2024-05-31,109.3314208984375,13830200
2024-06-03,106.88159942626953,7129500
2024-06-04,105.37979125976562,7683600
2024-06-05,105.34224700927734,5119100
2024-06-06,105.31407165527344,5355200
2024-06-07,105.12635803222656,4375700
2024-06-10,106.3465805053711,5307300
2024-06-11,106.65632629394531,4181900
2024-06-12,105.30470275878906,8650100
2024-06-13,104.08447265625,5939300
2024-06-14,102.6765365600586,5690400
2024-06-17,102.81732177734375,5754200
2024-06-18,102.6953125,5690200
2024-06-20,104.49746704101562,5442400
2024-06-21,104.5068588256836,27096700
2024-06-24,108.101806640625,8802700
2024-06-25,107.932861328125,4956400
2024-06-26,106.63754272460938,5366500
2024-06-27,106.97545623779297,3846500
2024-06-28,107.36029052734375,7191800
2024-07-01,107.34151458740234,3925100
2024-07-02,107.11624908447266,3836700
2024-07-03,107.72635650634766,2326200
2024-07-05,105.64259338378906,4188300
2024-07-08,105.34224700927734,4199600
2024-07-09,104.3660659790039,3460400
2024-07-10,105.62384033203125,3867700
2024-07-11,106.99420928955078,5839100
2024-07-12,106.1963882446289,4505900
2024-07-15,107.53863525390625,5118100
2024-07-16,108.12057495117188,4633700
2024-07-17,108.95596313476562,6484000
2024-07-18,109.45343780517578,5957100
2024-07-19,107.3321304321289,7559100
2024-07-22,105.42671966552734,5172800
2024-07-23,104.02816772460938,5714300
2024-07-24,104.28158569335938,4808000
2024-07-25,104.21588897705078,5492100
2024-07-26,104.05631256103516,5198800
2024-07-29,102.42311096191406,4629500
2024-07-30,103.16462707519531,9794200
2024-07-31,104.37545776367188,7554600
2024-08-01,101.73790740966797,9704600
2024-08-02,99.27869415283203,7445100
2024-08-05,98.15234375,8475000
2024-08-06,99.3068618774414,8424900
2024-08-07,100.36750793457031,7735400
2024-08-08,101.62527465820312,5392900
2024-08-09,101.94441986083984,5776200
2024-08-12,104.02432250976562,5906900
2024-08-13,102.42655944824219,5866800
2024-08-14,103.36254119873047,6388000
2024-08-15,105.15882873535156,6307000
2024-08-16,105.11155700683594,3819100
2024-08-19,105.6409912109375,4335600
2024-08-20,103.8541488647461,6783300
2024-08-21,103.63671112060547,4011900
2024-08-22,103.96759796142578,3644500
2024-08-23,105.31954956054688,4024200
2024-08-26,107.36164855957031,6253900
2024-08-27,106.29332733154297,3521700
2024-08-28,106.02861022949219,4506400
2024-08-29,108.12744140625,5270200
2024-08-30,107.5791015625,5559500
2024-09-03,103.8541488647461,6369900
2024-09-04,102.63455200195312,6251500
2024-09-05,101.58514404296875,5582400
2024-09-06,100.23320007324219,5229900
2024-09-09,99.83612823486328,6477000
2024-09-10,98.32344818115234,5611500
2024-09-11,96.97150421142578,6803100
2024-09-12,97.28349304199219,6775900
2024-09-13,97.85075378417969,5441600
2024-09-16,99.78885650634766,9325300
2024-09-17,102.37928771972656,8661300
2024-09-18,102.69129180908203,7424100
2024-09-19,104.51594543457031,7990700
2024-09-20,103.87305450439453,33515100
2024-09-23,103.702880859375,8197600
2024-09-24,102.9654541015625,7787400
2024-09-25,99.95902252197266,6561400
2024-09-26,96.72570037841797,9524000
2024-09-27,99.00415802001953,5489500
2024-09-30,99.53358459472656,6584000
2024-10-01,103.40034484863281,8067600
2024-10-02,104.33631896972656,7559900
2024-10-03,106.28387451171875,7397400
2024-10-04,108.28814697265625,7585100
2024-10-07,108.45832824707031,4899800
2024-10-08,104.75230407714844,5579800
2024-10-09,104.91301727294922,4217200
2024-10-10,105.75444030761719,3946400
2024-10-11,104.4592056274414,6820300
2024-10-14,103.4948959350586,5174000
2024-10-15,99.4674072265625,6395700
2024-10-16,99.4201431274414,4602900
2024-10-17,100.35609436035156,5093400
2024-10-18,99.90229797363281,4326600
2024-10-21,99.2594223022461,4387000
2024-10-22,99.26886749267578,4710800
2024-10-23,98.80561828613281,4541300
2024-10-24,98.67325592041016,3504600
2024-10-25,98.8528823852539,3823100
2024-10-28,97.62384796142578,4438900
2024-10-29,96.73514556884766,3809400
2024-10-30,97.35912322998047,6413100
2024-10-31,103.56106567382812,11969400
2024-11-01,101.953857421875,7428000
2024-11-04,102.91818237304688,5441700
2024-11-05,103.24908447265625,6003100
2024-11-06,107.4278335571289,7733600
2024-11-07,106.26496124267578,5442000
2024-11-08,106.23641204833984,5314000
2024-11-11,106.67434692382812,3820200
2024-11-12,105.33198547363281,5175700
2024-11-13,106.45537567138672,5961600
2024-11-14,107.5025863647461,4389900
2024-11-15,106.93138885498047,4124000
2024-11-18,108.30229187011719,5089000
2024-11-19,107.66443634033203,5100000
2024-11-20,107.98812866210938,4092700
2024-11-21,106.53153991699219,12535500
2024-11-22,106.38872528076172,7516200
2024-11-25,101.00978088378906,23447400
2024-11-26,101.65716552734375,12073700
2024-11-27,102.23789978027344,6237600
2024-11-29,103.14231872558594,3918700
2024-12-02,101.0478744506836,5939700
2024-12-03,100.96218872070312,5862600
2024-12-04,98.5440444946289,7291000
2024-12-05,99.42943572998047,7074700
2024-12-06,98.2679672241211,5365600
2024-12-09,98.21083068847656,6526500
2024-12-10,97.44922637939453,5860800
2024-12-11,97.2873764038086,8195500
2024-12-12,96.06878662109375,5908600
2024-12-13,96.17350769042969,6887800
2024-12-16,94.79307556152344,7441800
2024-12-17,93.54591369628906,8737800
2024-12-18,91.25154876708984,8466500
2024-12-19,90.61368560791016,9951200
2024-12-20,90.55655670166016,29542200
2024-12-23,91.75611877441406,7892300
2024-12-24,92.45109558105469,2677400
2024-12-26,92.24164581298828,4325600
2024-12-27,92.27020263671875,5889700
2024-12-30,92.43204498291016,5238800
2024-12-31,94.41226959228516,5556400
