date,close,volume
2014-01-02,93.46678924560547,1618400
2014-01-03,93.05419921875,1293500
2014-01-06,92.34813690185547,2120200
2014-01-07,91.9197006225586,2292500
2014-01-08,90.48370361328125,4600000
2014-01-09,94.02214050292969,5759400
2014-01-10,93.49849700927734,2790200
2014-01-13,91.05494689941406,3164200
2014-01-14,92.21326446533203,2320600
2014-01-15,92.22118377685547,1847500
2014-01-16,91.68170928955078,1938200
2014-01-17,92.2608642578125,2708100
2014-01-21,91.18189239501953,2110800
2014-01-22,90.24569702148438,2501600
2014-01-23,89.49201202392578,2162300
2014-01-24,88.96044921875,3183100
2014-01-27,89.71411895751953,3784900
2014-01-28,90.74551391601562,2362100
2014-01-29,89.03977966308594,2356000
2014-01-30,89.43648529052734,1625800
2014-01-31,89.1429214477539,2143600
2014-02-03,87.41338348388672,3111900
2014-02-04,87.9766616821289,2529600
2014-02-05,87.67520904541016,2374200
2014-02-06,90.65032958984375,3738900
2014-02-07,90.47576904296875,2194100
2014-02-10,90.32501220703125,1871700
2014-02-11,91.22947692871094,1768900
2014-02-12,91.3328857421875,1737700
2014-02-13,92.1283950805664,1583300
2014-02-14,92.35909271240234,1517900
2014-02-18,91.7704086303711,2056500
2014-02-19,91.41244506835938,1802600
2014-02-20,91.5317611694336,1837100
2014-02-21,90.04414367675781,3654300
2014-02-24,90.64079284667969,2281900
2014-02-25,91.8499755859375,1920800
2014-02-26,92.18407440185547,1924500
2014-02-27,92.4545669555664,1374400
2014-02-28,92.91598510742188,2103000
2014-03-03,92.08065032958984,1667000
2014-03-04,92.79663848876953,1808300
2014-03-05,92.6534423828125,2305700
2014-03-06,90.09986114501953,8921900
2014-03-07,90.29075622558594,2905600
2014-03-10,91.15785217285156,2319100
2014-03-11,91.25333404541016,2201800
2014-03-12,91.65109252929688,2173400
2014-03-13,91.01468658447266,2519600
2014-03-14,90.25099182128906,2290000
2014-03-17,90.2589340209961,2189200
2014-03-18,90.56918334960938,2501000
2014-03-19,89.77369689941406,1635600
2014-03-20,90.02030944824219,1408200
2014-03-21,90.55329895019531,4442300
2014-03-24,90.18736267089844,2501700
2014-03-25,90.63284301757812,2199400
2014-03-26,89.4872817993164,1905900
2014-03-27,89.121337890625,2039500
2014-03-28,88.82701110839844,2795500
2014-03-31,88.84293365478516,2119500
2014-04-01,88.98615264892578,2566200
2014-04-02,88.7395248413086,3296800
2014-04-03,88.85883331298828,2328900
2014-04-04,88.02357482910156,2716200
2014-04-07,88.13491821289062,3119400
2014-04-08,89.62255859375,3863900
2014-04-09,89.93278503417969,2899600
2014-04-10,89.1611328125,3305100
2014-04-11,89.1611328125,3097800
2014-04-14,89.54296112060547,2519000
2014-04-15,89.1452407836914,2123700
2014-04-16,90.2828140258789,2455000
2014-04-17,90.29075622558594,1659000
2014-04-21,90.7680892944336,1826800
2014-04-22,90.33853149414062,2315100
2014-04-23,91.31700134277344,1991200
2014-04-24,91.5079116821289,1939300
2014-04-25,91.49198150634766,1721200
2014-04-28,91.9533920288086,3018800
2014-04-29,91.80225372314453,1580300
2014-04-30,92.02499389648438,1633800
2014-05-01,91.92955017089844,1168000
2014-05-02,91.60334777832031,1321100
2014-05-05,91.07832336425781,1398000
2014-05-06,89.7577896118164,1945300
2014-05-07,89.08158874511719,2950600
2014-05-08,91.26925659179688,2556900
2014-05-09,91.79427337646484,1954600
2014-05-12,92.68526458740234,1940500
2014-05-13,92.51025390625,1229400
2014-05-14,91.867919921875,1255300
2014-05-15,91.2455062866211,1883200
2014-05-16,92.25090026855469,2145300
2014-05-19,92.85736846923828,2212800
2014-05-20,91.867919921875,2126900
2014-05-21,91.38113403320312,1712700
2014-05-22,91.54871368408203,1059900
2014-05-23,91.71632385253906,1100300
2014-05-27,90.86247253417969,2583900
2014-05-28,91.15773010253906,2388800
2014-05-29,91.07793426513672,2976700
2014-05-30,92.57806396484375,2622400
2014-06-02,92.3067855834961,1082100
2014-06-03,92.17113494873047,1127400
2014-06-04,92.80947875976562,1293000
2014-06-05,93.95853424072266,2614300
2014-06-06,94.34153747558594,1664800
2014-06-09,93.98245239257812,1623100
2014-06-10,93.43988037109375,1089100
2014-06-11,92.75360107421875,1117100
2014-06-12,92.11526489257812,1423400
2014-06-13,92.00355529785156,1230000
2014-06-16,92.1072998046875,1503100
2014-06-17,92.12323760986328,1505800
2014-06-18,92.7775650024414,2113100
2014-06-19,92.76957702636719,1635800
2014-06-20,92.05143737792969,2958000
2014-06-23,91.9397201538086,1501600
2014-06-24,92.80947875976562,1906600
2014-06-25,92.7775650024414,1188700
2014-06-26,92.27484893798828,1252100
2014-06-27,92.15516662597656,2477300
2014-06-30,91.8918228149414,1386600
2014-07-01,92.11526489257812,1501700
2014-07-02,92.36264038085938,1122200
2014-07-03,92.84140014648438,976000
2014-07-07,92.81745910644531,1576900
2014-07-08,93.72712707519531,2584200
2014-07-09,94.37943267822266,2328100
2014-07-10,94.50749206542969,2266400
2014-07-11,94.45146179199219,1684700
2014-07-14,93.93122863769531,1695500
2014-07-15,94.29938507080078,2634200
2014-07-16,94.32340240478516,1531200
2014-07-17,93.4749755859375,1433300
2014-07-18,94.23536682128906,2148600
2014-07-21,93.67507934570312,1334400
2014-07-22,94.0832748413086,1769000
2014-07-23,94.11528778076172,1155200
2014-07-24,94.55548858642578,1347700
2014-07-25,94.0832748413086,1543700
2014-07-28,93.73915100097656,1402600
2014-07-29,95.16378784179688,2544900
2014-07-30,94.58749389648438,2024900
2014-07-31,94.07526397705078,2476800
2014-08-01,94.34740447998047,2089500
2014-08-04,94.56350708007812,1683800
2014-08-05,94.48346710205078,1798600
2014-08-06,95.71601867675781,2859800
2014-08-07,94.28337097167969,2698200
2014-08-08,95.37187194824219,2319900
2014-08-11,95.38788604736328,1227600
2014-08-12,95.2518539428711,1082100
2014-08-13,94.95570373535156,1449700
2014-08-14,95.45191192626953,1067900
2014-08-15,94.89965057373047,2019900
2014-08-18,95.61199188232422,1232900
2014-08-19,96.53240203857422,1708900
2014-08-20,96.77252197265625,1287200
2014-08-21,97.34080505371094,1544300
2014-08-22,97.07666778564453,1401400
2014-08-25,97.15669250488281,1097300
2014-08-26,96.9166030883789,1385400
2014-08-27,97.03665924072266,1028200
2014-08-28,96.8205337524414,799400
2014-08-29,96.90857696533203,1047300
2014-09-02,97.2927474975586,1469900
2014-09-03,97.12469482421875,1901000
2014-09-04,100.16607666015625,4440300
2014-09-05,101.65475463867188,2910600
2014-09-08,101.32660675048828,2057400
2014-09-09,100.93445587158203,1500500
2014-09-10,100.98247528076172,1014900
2014-09-11,100.79838562011719,1511200
2014-09-12,100.34214782714844,1598300
2014-09-15,100.6142807006836,1615300
2014-09-16,101.19054412841797,1684400
2014-09-17,100.85441589355469,1594000
2014-09-18,101.23056030273438,1401500
2014-09-19,101.24658203125,3018500
2014-09-22,100.71033477783203,1453700
2014-09-23,100.45421600341797,1563100
2014-09-24,102.14297485351562,2076300
2014-09-25,100.57427978515625,1819900
2014-09-26,100.47821807861328,2045300
2014-09-29,100.30213165283203,1171000
2014-09-30,100.30213165283203,1665300
2014-10-01,99.85396575927734,1408700
2014-10-02,100.6783218383789,1545800
2014-10-03,101.71881103515625,1770300
2014-10-06,101.01448822021484,1907500
2014-10-07,100.26211547851562,2334100
2014-10-08,103.03141021728516,4262500
2014-10-09,102.77529907226562,2962700
2014-10-10,103.16744232177734,3353000
2014-10-13,101.62274169921875,2445200
2014-10-14,101.04647064208984,4003500
2014-10-15,99.48577880859375,3784300
2014-10-16,98.40528106689453,3542900
2014-10-17,99.76589965820312,3198900
2014-10-20,102.78329467773438,3499800
2014-10-21,104.2719955444336,2105600
2014-10-22,104.48006439208984,1880000
2014-10-23,104.52009582519531,1763600
2014-10-24,104.40006256103516,2490300
2014-10-27,104.78419494628906,1629600
2014-10-28,104.89624786376953,1439700
2014-10-29,105.59257507324219,1705800
2014-10-30,106.44898986816406,1302100
2014-10-31,106.74510192871094,2373900
2014-11-03,107.46544647216797,1947000
2014-11-04,109.29027557373047,2802500
2014-11-05,109.25028228759766,2116800
2014-11-06,109.72247314453125,1685900
2014-11-07,110.21873474121094,1589400
2014-11-10,110.20269012451172,1958000
2014-11-11,109.6904525756836,1495500
2014-11-12,109.85494232177734,1910200
2014-11-13,111.307373046875,2235900
2014-11-14,111.12283325195312,1598600
2014-11-17,111.11480712890625,1228100
2014-11-18,111.7086410522461,1574600
2014-11-19,112.35057067871094,1362600
2014-11-20,111.74071502685547,1518300
2014-11-21,112.11785125732422,1849200
2014-11-24,112.18207550048828,1645800
2014-11-25,111.43577575683594,1865800
2014-11-26,112.14196014404297,1631900
2014-11-28,114.04375457763672,1442600
2014-12-01,113.931396484375,1952100
2014-12-02,114.79804992675781,1765400
2014-12-03,114.50114440917969,1793900
2014-12-04,114.76598358154297,1315900
2014-12-05,114.9504623413086,1198000
2014-12-08,114.21224975585938,1945100
2014-12-09,114.78196716308594,2090300
2014-12-10,112.54314422607422,4910300
2014-12-11,113.4739761352539,2401300
2014-12-12,110.64136505126953,3663400
2014-12-15,110.89012145996094,2451200
2014-12-16,110.18396759033203,2470100
2014-12-17,111.80492401123047,2428500
2014-12-18,113.59435272216797,2903400
2014-12-19,113.76288604736328,4030000
2014-12-22,114.91841125488281,1776900
2014-12-23,115.67265319824219,1459700
2014-12-24,115.27149200439453,738700
2014-12-26,115.1029281616211,1233100
2014-12-29,115.0226821899414,1356400
2014-12-30,115.1430435180664,1158800
2014-12-31,113.74687194824219,1477900
2015-01-02,113.63450622558594,1471000
2015-01-05,112.34254455566406,1748500
2015-01-06,113.82708740234375,3185200
2015-01-07,115.80912017822266,2171600
2015-01-08,116.8041763305664,2937700
2015-01-09,115.0066909790039,1727000
2015-01-12,114.36468505859375,1344800
2015-01-13,113.21721649169922,2198500
2015-01-14,111.78890228271484,2207900
2015-01-15,111.78890228271484,1819600
2015-01-16,112.11785125732422,1784800
2015-01-20,111.84504699707031,1836100
2015-01-21,111.65242767333984,1682000
2015-01-22,113.36168670654297,1897500
2015-01-23,113.98760986328125,1696800
2015-01-26,114.67768096923828,1482800
2015-01-27,113.13703155517578,1786500
2015-01-28,112.03759765625,2016300
2015-01-29,112.85613250732422,1873400
2015-01-30,114.74188232421875,5169000
2015-02-02,117.1572494506836,4797500
2015-02-03,123.37619018554688,10302900
2015-02-04,125.11752319335938,11006300
2015-02-05,123.60039520263672,6986700
2015-02-06,123.27704620361328,2927400
2015-02-09,122.31536102294922,2740200
2015-02-10,122.87916564941406,1703400
2015-02-11,122.54254913330078,2295800
2015-02-12,122.79185485839844,1712200
2015-02-13,122.243408203125,1926800
2015-02-17,122.60076904296875,1541500
2015-02-18,122.35140991210938,1541000
2015-02-19,121.88603973388672,1273700
2015-02-20,122.60904693603516,1595600
2015-02-23,123.3154296875,1587300
2015-02-24,123.16584777832031,1844200
2015-02-25,122.55919647216797,1602700
2015-02-26,121.86943817138672,1892600
2015-02-27,122.12704467773438,3036200
2015-03-02,122.94143676757812,2108600
2015-03-03,122.4677505493164,1514300
2015-03-04,122.30152893066406,2208600
2015-03-05,125.62564086914062,4471100
2015-03-06,124.27108001708984,3014900
2015-03-09,125.21842956542969,1727900
2015-03-10,123.12429809570312,2128100
2015-03-11,122.49271392822266,1734300
2015-03-12,124.18798065185547,1564000
2015-03-13,124.05499267578125,1470100
2015-03-16,124.6449966430664,2532700
2015-03-17,124.67829132080078,1972500
2015-03-18,125.4261703491211,2772500
2015-03-19,125.7419662475586,1862900
2015-03-20,126.80570220947266,5859300
2015-03-23,127.0882568359375,1665900
2015-03-24,127.26277160644531,1637000
2015-03-25,125.55912780761719,2266800
2015-03-26,124.70323944091797,1554800
2015-03-27,125.0439224243164,1329900
2015-03-30,126.62283325195312,1463800
2015-03-31,125.89987182617188,1886100
2015-04-01,124.8528060913086,1795000
2015-04-02,126.00798797607422,1095300
2015-04-06,126.73091125488281,1767600
2015-04-07,126.13253784179688,1391700
2015-04-08,126.31538391113281,1483000
2015-04-09,123.6644058227539,3401800
2015-04-10,124.35417175292969,1572900
2015-04-13,123.83895874023438,1120200
2015-04-14,124.2544174194336,1540800
2015-04-15,123.88050842285156,1404700
2015-04-16,122.2516860961914,2680600
2015-04-17,120.14091491699219,4369300
2015-04-20,121.58686065673828,2881900
2015-04-21,122.44278717041016,1616700
2015-04-22,122.14368438720703,1423500
2015-04-23,122.40959930419922,1351800
2015-04-24,123.09107208251953,1421100
2015-04-27,122.12704467773438,1717000
2015-04-28,121.83618927001953,1302100
2015-04-29,120.37792205810547,1719000
2015-04-30,119.20295715332031,2523200
2015-05-01,121.15290069580078,1504700
2015-05-04,121.45288848876953,1288800
2015-05-05,120.41121673583984,1769600
2015-05-06,120.6362533569336,1737300
2015-05-07,120.46129608154297,2564500
2015-05-08,121.56121063232422,1728700
2015-05-11,120.21957397460938,1905800
2015-05-12,120.05294036865234,1923900
2015-05-13,119.36129760742188,2135900
2015-05-14,118.82799530029297,3023400
2015-05-15,120.68620300292969,2357000
2015-05-18,120.87788391113281,1451700
2015-05-19,120.61124420166016,1332700
2015-05-20,119.56957244873047,1640900
2015-05-21,119.94464874267578,1539400
2015-05-22,119.72795104980469,1189500
2015-05-26,119.36958312988281,2477400
2015-05-27,121.17786407470703,2954100
2015-05-28,120.21126556396484,3206200
2015-05-29,118.81965637207031,3027100
2015-06-01,118.65303802490234,2182700
2015-06-02,117.8280258178711,1963500
2015-06-03,118.43636322021484,1858200
2015-06-04,117.20307159423828,2898600
2015-06-05,115.64480590820312,3203200
2015-06-08,115.03648376464844,1879700
2015-06-09,115.0281753540039,2039100
2015-06-10,116.18645477294922,1725600
2015-06-11,116.09477996826172,1342300
2015-06-12,115.64480590820312,1290700
2015-06-15,114.3531494140625,1939500
2015-06-16,114.97816467285156,1553600
2015-06-17,115.72813415527344,1508100
2015-06-18,117.07806396484375,2074100
2015-06-19,116.91139221191406,2758200
2015-06-22,116.81977844238281,1415700
2015-06-23,116.36973571777344,1489400
2015-06-24,115.27813720703125,1965900
2015-06-25,114.5364761352539,1660900
2015-06-26,115.0448226928711,2248900
2015-06-29,113.06995391845703,1963200
2015-06-30,112.54498291015625,2454300
2015-07-01,113.7365493774414,1707000
2015-07-02,113.65322875976562,1148400
2015-07-06,113.22820281982422,2450400
2015-07-07,117.07806396484375,3790000
2015-07-08,116.57807922363281,2917100
2015-07-09,116.2031478881836,3317600
2015-07-10,118.9280014038086,2846000
2015-07-13,120.04463195800781,1847800
2015-07-14,119.93628692626953,1512800
2015-07-15,119.68630981445312,1306700
2015-07-16,120.26961517333984,1148100
2015-07-17,120.56127166748047,1842100
2015-07-20,120.86121368408203,1243600
2015-07-21,120.77787780761719,1587800
2015-07-22,121.97785949707031,1612000
2015-07-23,121.32787322998047,1356100
2015-07-24,120.81961822509766,1272700
2015-07-27,120.20294189453125,1431300
2015-07-28,120.45291900634766,1376500
2015-07-29,121.14451599121094,1840500
2015-07-30,121.0779037475586,1392700
2015-07-31,121.0779037475586,1386700
2015-08-03,121.26119232177734,1328100
2015-08-04,120.69459533691406,1315300
2015-08-05,122.40287780761719,1687800
2015-08-06,122.02783203125,1948000
2015-08-07,121.04454803466797,1228300
2015-08-10,121.86953735351562,1072600
2015-08-11,121.56950378417969,1260700
2015-08-12,122.40510559082031,1963800
2015-08-13,121.38569641113281,1114000
2015-08-14,122.07091522216797,1210400
2015-08-17,122.07091522216797,912600
2015-08-18,121.6865463256836,1099100
2015-08-19,121.30216217041016,1436100
2015-08-20,120.08220672607422,1785100
2015-08-21,116.13822937011719,3611400
2015-08-24,111.10796356201172,5205800
2015-08-25,110.89071655273438,4645100
2015-08-26,115.4447021484375,3094900
2015-08-27,117.15763854980469,2603100
2015-08-28,116.94038391113281,1850900
2015-08-31,117.02391815185547,3005700
2015-09-01,115.56165313720703,2968200
2015-09-02,117.33309173583984,1809900
2015-09-03,117.38323211669922,1615600
2015-09-04,115.71207427978516,2124500
2015-09-08,118.17704010009766,1638000
2015-09-09,116.71479797363281,1390800
2015-09-10,116.99053955078125,1350700
2015-09-11,117.85952758789062,1452300
2015-09-14,117.94308471679688,1123300
2015-09-15,119.0126724243164,1349600
2015-09-16,119.99859619140625,1374300
2015-09-17,119.78138732910156,1535300
2015-09-18,118.49456787109375,2833900
2015-09-21,119.6644287109375,1004800
2015-09-22,119.19645690917969,1787200
2015-09-23,121.51940155029297,2310200
2015-09-24,121.05144500732422,1974900
2015-09-25,121.61969757080078,1845700
2015-09-28,119.94849395751953,2553500
2015-09-29,120.09049987792969,2513100
2015-09-30,120.80079650878906,2549200
2015-10-01,120.79240417480469,2657300
2015-10-02,121.878662109375,2591500
2015-10-05,123.72538757324219,2273000
2015-10-06,124.00945281982422,2091000
2015-10-07,123.63346862792969,2340800
2015-10-08,126.72512817382812,2370900
2015-10-09,128.6552734375,3715500
2015-10-12,128.37124633789062,1200100
2015-10-13,127.24317932128906,1493700
2015-10-14,125.2043685913086,3044900
2015-10-15,126.81702423095703,1697000
2015-10-16,127.05936431884766,1647500
2015-10-19,128.02862548828125,1543700
2015-10-20,129.1483154296875,1875700
2015-10-21,129.69143676757812,1797300
2015-10-22,132.14808654785156,2192400
2015-10-23,130.13424682617188,2273400
2015-10-26,130.96151733398438,2500000
2015-10-27,131.8221893310547,1675100
2015-10-28,131.8221893310547,1778800
2015-10-29,132.2567138671875,1547000
2015-10-30,132.1230010986328,2050000
2015-11-02,132.98362731933594,1260700
2015-11-03,132.6912078857422,1531100
2015-11-04,131.3124237060547,1653100
2015-11-05,130.57716369628906,2550300
2015-11-06,131.64671325683594,1749800
2015-11-09,129.649658203125,2291100
2015-11-10,131.0319366455078,1701800
2015-11-11,131.01513671875,1864200
2015-11-12,130.68844604492188,1657400
2015-11-13,128.73654174804688,2459900
2015-11-16,131.0654754638672,1778400
2015-11-17,133.10955810546875,2500000
2015-11-18,135.08656311035156,2152000
2015-11-19,136.41030883789062,2959300
2015-11-20,136.6364288330078,2051100
2015-11-23,136.92970275878906,1174300
2015-11-24,135.8740997314453,2799500
2015-11-25,136.04164123535156,1828000
2015-11-27,137.03858947753906,866300
2015-11-30,135.2290496826172,3063800
2015-12-01,135.1200714111328,1939700
2015-12-02,134.95257568359375,1585700
2015-12-03,137.11398315429688,3440000
2015-12-04,139.7361297607422,2578600
2015-12-07,140.00421142578125,2791900
2015-12-08,141.47023010253906,3158500
2015-12-09,133.80491638183594,9527000
2015-12-10,135.59767150878906,3653300
2015-12-11,134.0561981201172,2511200
2015-12-14,135.58091735839844,2427300
2015-12-15,135.1200714111328,2378700
2015-12-16,136.3516082763672,2196300
2015-12-17,134.60906982421875,1703900
2015-12-18,132.1125946044922,4295800
2015-12-21,133.52845764160156,1453500
2015-12-22,135.0698699951172,1742100
2015-12-23,135.47201538085938,1581000
2015-12-24,135.50552368164062,491000
2015-12-28,135.01123046875,1124700
2015-12-29,136.26785278320312,1169600
2015-12-30,136.30978393554688,889900
2015-12-31,135.2960968017578,1873400
2016-01-04,133.65408325195312,2640800
2016-01-05,133.9808349609375,2127700
2016-01-06,132.74090576171875,2033400
2016-01-07,129.699951171875,3826000
2016-01-08,127.42961120605469,3156200
2016-01-11,129.6161651611328,2164500
2016-01-12,130.73875427246094,2215600
2016-01-13,127.43798828125,2157500
2016-01-14,128.32606506347656,2281500
2016-01-15,125.98870086669922,2975400
2016-01-19,126.05570983886719,2242600
2016-01-20,124.67342376708984,3796800
2016-01-21,125.98030853271484,2211800
2016-01-22,128.7532501220703,2544100
2016-01-25,126.31544494628906,1820600
2016-01-26,124.40535736083984,2828600
2016-01-27,123.76028442382812,2189500
2016-01-28,125.31852722167969,2076100
2016-01-29,126.60022735595703,3221300
2016-02-01,126.7092056274414,2142000
2016-02-02,124.40535736083984,1931400
2016-02-03,122.89744567871094,2546900
2016-02-04,120.0323257446289,5340500
2016-02-05,120.62712097167969,4079300
2016-02-08,123.16548156738281,3782000
2016-02-09,123.93623352050781,3228300
2016-02-10,124.36461639404297,2189600
2016-02-11,123.18864440917969,2198100
2016-02-12,124.86866760253906,1951800
2016-02-16,125.2550048828125,2186400
2016-02-17,126.76708984375,2174600
2016-02-18,124.86866760253906,2894300
2016-02-19,124.91065216064453,2471700
2016-02-22,126.0530776977539,2161300
2016-02-23,126.30509185791016,1850600
2016-02-24,129.2534942626953,2590100
2016-02-25,129.96755981445312,1746900
2016-02-26,125.73384857177734,3800800
2016-02-29,126.02787780761719,3115800
2016-03-01,126.43943786621094,2681400
2016-03-02,128.34637451171875,2947600
2016-03-03,127.3467025756836,5552600
2016-03-04,126.75870513916016,2155600
2016-03-07,124.46542358398438,3159600
2016-03-08,126.80071258544922,3156300
2016-03-09,128.5647430419922,2395300
2016-03-10,128.41348266601562,1413000
2016-03-11,128.27914428710938,1829900
2016-03-14,128.24549865722656,1218400
2016-03-15,129.51397705078125,1398500
2016-03-16,129.4131622314453,1485500
2016-03-17,129.22836303710938,1583200
2016-03-18,128.6487274169922,3611700
2016-03-21,129.31239318847656,1367400
2016-03-22,127.87592315673828,1943100
2016-03-23,128.95115661621094,2127300
2016-03-24,127.20394897460938,2506500
2016-03-28,128.24549865722656,1767400
2016-03-29,130.42112731933594,1655400
2016-03-30,132.38681030273438,2642700
2016-03-31,132.37001037597656,2692400
2016-04-01,132.93280029296875,1531500
2016-04-04,132.49595642089844,1458400
2016-04-05,131.03440856933594,1855600
2016-04-06,131.68959045410156,1572600
2016-04-07,127.70791625976562,4050100
2016-04-08,127.38873291015625,2008500
2016-04-11,125.2046890258789,2279000
2016-04-12,126.43943786621094,2268300
2016-04-13,127.58189392089844,2078800
2016-04-14,127.17863464355469,2420000
2016-04-15,128.6655731201172,2675900
2016-04-18,128.7747344970703,1335800
2016-04-19,129.09393310546875,1579000
2016-04-20,128.30433654785156,1308700
2016-04-21,127.19551849365234,2097600
2016-04-22,125.9354476928711,2233900
2016-04-25,127.27108001708984,1249000
2016-04-26,128.18673706054688,1552900
2016-04-27,127.8666000366211,1492800
2016-04-28,127.5886001586914,2198100
2016-04-29,124.79984283447266,3588800
2016-05-02,127.15885925292969,3361500
2016-05-03,127.56322479248047,2201300
2016-05-04,127.64750671386719,2111600
2016-05-05,124.5555191040039,4869300
2016-05-06,123.37600708007812,3692200
2016-05-09,125.18737030029297,2843800
2016-05-10,126.00463104248047,1943900
2016-05-11,123.94890594482422,2812700
2016-05-12,123.61190032958984,2860400
2016-05-13,121.7415542602539,2993600
2016-05-16,122.82843017578125,2615000
2016-05-17,120.98330688476562,2928900
2016-05-18,119.03710174560547,5717000
2016-05-19,120.22502136230469,2830500
2016-05-20,120.21662902832031,2088400
2016-05-23,119.64376068115234,1828400
2016-05-24,120.1155776977539,2813100
2016-05-25,121.77525329589844,4156700
2016-05-26,126.13099670410156,7679400
2016-05-27,125.6002197265625,3349800
2016-05-31,125.33903503417969,3738900
2016-06-01,128.49847412109375,3487300
2016-06-02,127.64750671386719,3957600
2016-06-03,127.81600189208984,1964200
2016-06-06,128.26254272460938,1961600
2016-06-07,128.5827178955078,2113000
2016-06-08,129.21461486816406,1528300
2016-06-09,129.7874755859375,1812100
2016-06-10,130.4783172607422,3266500
2016-06-13,130.54571533203125,2576600
2016-06-14,131.32081604003906,3274700
2016-06-15,130.46994018554688,2228500
2016-06-16,131.7841796875,1937400
2016-06-17,131.3376922607422,2858200
2016-06-20,131.83477783203125,2090800
2016-06-21,132.4413604736328,1909700
2016-06-22,133.2164306640625,2094800
2016-06-23,132.29815673828125,2912400
2016-06-24,131.05963134765625,3996100
2016-06-27,129.96438598632812,2790800
2016-06-28,131.09335327148438,2156300
2016-06-29,132.3402557373047,1942500
2016-06-30,132.30654907226562,3091100
2016-07-01,131.52304077148438,2317200
2016-07-05,130.7984619140625,2807400
2016-07-06,131.43881225585938,2133200
2016-07-07,137.91758728027344,6497900
2016-07-08,139.383544921875,3932000
2016-07-11,140.46192932128906,2634300
2016-07-12,140.0912322998047,1642100
2016-07-13,140.51248168945312,1479800
2016-07-14,140.64730834960938,2150100
2016-07-15,140.2007598876953,1962300
2016-07-18,141.12753295898438,1993800
2016-07-19,141.6414794921875,1487800
2016-07-20,141.57400512695312,1336900
2016-07-21,140.74002075195312,1384600
2016-07-22,141.09385681152344,1335100
2016-07-25,141.51510620117188,1732200
2016-07-26,141.17807006835938,1593900
2016-07-27,139.98175048828125,1440000
2016-07-28,140.1502685546875,1866500
2016-07-29,140.88327026367188,1359700
2016-08-01,141.169677734375,986800
2016-08-02,140.27664184570312,2107300
2016-08-03,139.95648193359375,1837100
2016-08-04,140.31875610351562,1638300
2016-08-05,141.2876434326172,1526500
2016-08-08,141.03485107421875,1294400
2016-08-09,141.42247009277344,1286700
2016-08-10,142.16580200195312,1104300
2016-08-11,141.81944274902344,1497800
2016-08-12,142.79942321777344,1399100
2016-08-15,142.53750610351562,918600
2016-08-16,142.26724243164062,1023000
2016-08-17,141.8870391845703,1382500
2016-08-18,141.70968627929688,1353400
2016-08-19,141.93777465820312,1764800
2016-08-22,141.87013244628906,955000
2016-08-23,141.3802032470703,1003700
2016-08-24,141.55755615234375,1363800
2016-08-25,139.2682647705078,1817700
2016-08-26,138.4826202392578,2009900
2016-08-29,138.52487182617188,1819200
2016-08-30,136.8184356689453,2010700
2016-08-31,136.9282989501953,1933200
2016-09-01,131.96104431152344,6038500
2016-09-02,133.45623779296875,2679000
2016-09-06,133.5238037109375,2716900
2016-09-07,131.47946166992188,2984100
2016-09-08,129.64639282226562,2993100
2016-09-09,127.30635070800781,2993900
2016-09-12,128.14273071289062,2982400
2016-09-13,127.34017181396484,2148600
2016-09-14,127.29789733886719,2188900
2016-09-15,128.97055053710938,2284300
2016-09-16,128.70025634765625,2842000
2016-09-19,128.2271728515625,1321300
2016-09-20,128.54820251464844,1396700
2016-09-21,128.99588012695312,1535100
2016-09-22,129.37603759765625,2502200
2016-09-23,128.85231018066406,2282100
2016-09-26,127.72028350830078,1862200
2016-09-27,127.09519958496094,2569000
2016-09-28,126.21661376953125,2626300
2016-09-29,124.5947036743164,4501300
2016-09-30,128.83541870117188,7318100
2016-10-03,127.56825256347656,3197100
2016-10-04,127.12049865722656,2840500
2016-10-05,126.69817352294922,2377700
2016-10-06,126.26729583740234,2465500
2016-10-07,126.70655822753906,2282100
2016-10-10,126.9515380859375,1587700
2016-10-11,127.56825256347656,2596800
2016-10-12,127.1036605834961,1664500
2016-10-13,126.90089416503906,1795300
2016-10-14,126.8416748046875,1745000
2016-10-17,125.61682891845703,1988400
2016-10-18,125.96312713623047,1847800
2016-10-19,126.2503662109375,1812000
2016-10-20,126.74880981445312,2251200
2016-10-21,125.84492492675781,2188000
2016-10-24,128.5059356689453,2432800
2016-10-25,127.55130004882812,2060600
2016-10-26,127.54286193847656,2246100
2016-10-27,127.44148254394531,1993500
2016-10-28,126.51227569580078,1843900
2016-10-31,124.9156723022461,3239400
2016-11-01,123.89347839355469,2112000
2016-11-02,123.9443359375,2260500
2016-11-03,122.40214538574219,2168200
2016-11-04,120.52946472167969,2702100
2016-11-07,121.63101959228516,3010100
2016-11-08,123.79185485839844,3505200
2016-11-09,124.38499450683594,3170200
2016-11-10,124.30874633789062,3944200
2016-11-11,126.56270599365234,3218000
2016-11-14,128.7998046875,3890800
2016-11-15,128.0795440673828,2799900
2016-11-16,128.91842651367188,2152300
2016-11-17,128.12188720703125,2098700
2016-11-18,127.41011047363281,2020500
2016-11-21,128.09645080566406,1181200
2016-11-22,129.3675079345703,1954200
2016-11-23,128.46084594726562,2166900
2016-11-25,128.6980743408203,886800
2016-11-28,128.16419982910156,1733500
2016-11-29,128.35914611816406,1496800
2016-11-30,127.1982421875,2750500
2016-12-01,128.5794219970703,2305200
2016-12-02,128.87600708007812,1829200
2016-12-05,128.60494995117188,2432100
2016-12-06,127.9607925415039,2245400
2016-12-07,130.36740112304688,2811300
2016-12-08,133.53656005859375,5504300
2016-12-09,135.32449340820312,2614700
2016-12-12,135.8583221435547,2299200
2016-12-13,135.38381958007812,3583300
2016-12-14,134.7229461669922,2119100
2016-12-15,135.671875,1811100
2016-12-16,135.9261016845703,3767100
2016-12-19,138.51058959960938,3231900
2016-12-20,138.84951782226562,2204600
2016-12-21,138.15469360351562,1313400
2016-12-22,137.33274841308594,1965900
2016-12-23,137.34124755859375,1254100
2016-12-27,137.31581115722656,1301100
2016-12-28,136.43455505371094,1281000
2016-12-29,136.5361785888672,858200
2016-12-30,135.671875,1472300
2017-01-03,135.34988403320312,2099000
2017-01-04,135.37533569335938,2163600
2017-01-05,138.04458618164062,2880900
2017-01-06,137.97669982910156,2167000
2017-01-09,136.40066528320312,2318300
2017-01-10,136.98533630371094,1477900
2017-01-11,136.88365173339844,1378300
2017-01-12,137.16326904296875,1296900
2017-01-13,137.15475463867188,1250100
2017-01-17,138.80714416503906,2430500
2017-01-18,139.19696044921875,1834700
2017-01-19,138.71392822265625,1980400
2017-01-20,139.17156982421875,1897100
2017-01-23,138.12930297851562,1421600
2017-01-24,138.68853759765625,1347400
2017-01-25,139.0868377685547,1299200
2017-01-26,139.0275115966797,1180000
2017-01-27,137.32424926757812,2341100
2017-01-30,138.33262634277344,2149800
2017-01-31,138.9258270263672,1796600
2017-02-01,137.15475463867188,2219700
2017-02-02,142.48472595214844,5816300
2017-02-03,142.62875366210938,3227700
2017-02-06,141.5356903076172,2172800
2017-02-07,141.95091247558594,2732600
2017-02-08,143.09793090820312,2089900
2017-02-09,145.25601196289062,2606900
2017-02-10,146.1397247314453,2070000
2017-02-13,146.1056671142578,2272200
2017-02-14,147.52459716796875,2244700
2017-02-15,148.68861389160156,2346500
2017-02-16,149.3258819580078,2206500
2017-02-17,149.41929626464844,2424400
2017-02-21,150.3369598388672,2317000
2017-02-22,149.9716033935547,1815200
2017-02-23,149.4108123779297,2599900
2017-02-24,150.8637237548828,1684300
2017-02-27,150.91468811035156,2340400
2017-02-28,150.54083251953125,2992100
2017-03-01,151.1186065673828,2352300
2017-03-02,151.22059631347656,3190300
2017-03-03,144.66128540039062,10396500
2017-03-06,141.66201782226562,5793600
2017-03-07,141.8914337158203,2811900
2017-03-08,141.24574279785156,2375900
2017-03-09,140.84637451171875,1993700
2017-03-10,140.50643920898438,2164200
2017-03-13,139.8097686767578,2127700
2017-03-14,140.39602661132812,1974400
2017-03-15,141.50057983398438,2079700
2017-03-16,141.9423828125,2726600
2017-03-17,142.5796661376953,3976000
2017-03-20,142.2652587890625,1603300
2017-03-21,141.70449829101562,2241900
2017-03-22,142.46923828125,1534200
2017-03-23,141.80645751953125,1430500
2017-03-24,141.05880737304688,1410400
2017-03-27,141.16921997070312,1212300
2017-03-28,141.69598388671875,1446400
2017-03-29,142.25677490234375,1216700
2017-03-30,142.6475830078125,1034000
2017-03-31,142.4776611328125,1720300
2017-04-03,141.6365203857422,1547900
2017-04-04,142.10386657714844,1322400
2017-04-05,141.8914337158203,1715200
2017-04-06,144.4573516845703,3313800
2017-04-07,144.96710205078125,1510000
2017-04-10,145.47694396972656,2002300
2017-04-11,144.97561645507812,1191400
2017-04-12,144.58474731445312,1422300
2017-04-13,143.45480346679688,1422500
2017-04-17,144.18548583984375,1504100
2017-04-18,144.5508270263672,1542700
2017-04-19,144.49136352539062,1441300
2017-04-20,144.56781005859375,1933600
2017-04-21,145.09458923339844,2257900
2017-04-24,146.4200897216797,1906900
2017-04-25,146.71737670898438,1503000
2017-04-26,150.2179412841797,4591300
2017-04-27,150.77027893066406,2148700
2017-04-28,150.8297119140625,2364500
2017-05-01,151.1186065673828,3328000
2017-05-02,151.73886108398438,2505300
2017-05-03,152.783935546875,2900500
2017-05-04,155.01849365234375,3762200
2017-05-05,153.10682678222656,3713600
2017-05-08,152.6117401123047,3538000
2017-05-09,152.64715576171875,2662100
2017-05-10,151.91128540039062,2554500
2017-05-11,151.83148193359375,2106000
2017-05-12,151.49456787109375,1586800
2017-05-15,152.10635375976562,1733600
2017-05-16,151.60098266601562,1129200
2017-05-17,149.96087646484375,2201400
2017-05-18,151.35275268554688,1589700
2017-05-19,152.16836547851562,1871800
2017-05-22,152.84217834472656,1594100
2017-05-23,152.9042510986328,1788000
2017-05-24,153.38299560546875,1420800
2017-05-25,154.90786743164062,2726900
2017-05-26,157.68275451660156,4471300
2017-05-30,158.62254333496094,2086300
2017-05-31,159.96112060546875,2456200
2017-06-01,160.13853454589844,2028300
2017-06-02,160.43995666503906,2239900
2017-06-05,161.4239959716797,1561100
2017-06-06,160.86550903320312,2248900
2017-06-07,161.5303955078125,1246200
2017-06-08,160.8300323486328,1823600
2017-06-09,159.9169158935547,2167600
2017-06-12,159.2608184814453,2395200
2017-06-13,160.0321044921875,1745400
2017-06-14,161.06053161621094,1440400
2017-06-15,159.63314819335938,1753800
2017-06-16,148.15223693847656,24233000
2017-06-19,145.69650268554688,13809100
2017-06-20,144.4198760986328,7337600
2017-06-21,144.64149475097656,3421700
2017-06-22,141.66268920898438,8043100
2017-06-23,139.30447387695312,9506700
2017-06-26,142.02618408203125,6473900
2017-06-27,141.19284057617188,5533800
2017-06-28,141.9995574951172,3234400
2017-06-29,140.6786346435547,3664200
2017-06-30,141.78680419921875,4755100
2017-07-03,140.80274963378906,1994300
2017-07-05,140.093505859375,3770400
2017-07-06,139.26901245117188,6963400
2017-07-07,136.62709045410156,7688400
2017-07-10,133.86984252929688,8999800
2017-07-11,133.9674072265625,6275600
2017-07-12,134.53477478027344,5112200
2017-07-13,136.1749267578125,5673500
2017-07-14,135.6429443359375,4368400
2017-07-17,135.5011444091797,3096500
2017-07-18,134.31317138671875,3256900
2017-07-19,134.08262634277344,4100000
2017-07-20,133.8610076904297,3207400
2017-07-21,133.37342834472656,4078000
2017-07-24,133.86984252929688,3655600
2017-07-25,135.793701171875,4605700
2017-07-26,134.83621215820312,3017200
2017-07-27,135.2174835205078,3637900
2017-07-28,135.5454559326172,2779500
2017-07-31,140.52792358398438,6937100
2017-08-01,141.60060119628906,4787500
2017-08-02,142.98365783691406,5486300
2017-08-03,139.9960174560547,5562600
2017-08-04,138.69273376464844,3117900
2017-08-07,139.14491271972656,2629500
2017-08-08,139.85411071777344,2569200
2017-08-09,139.06515502929688,2157600
2017-08-10,138.8700714111328,2764600
2017-08-11,138.87887573242188,1887000
2017-08-14,139.9960174560547,2028400
2017-08-15,139.0828094482422,1869100
2017-08-16,142.0889434814453,3381800
2017-08-17,141.0306396484375,2650000
2017-08-18,139.70538330078125,2747900
2017-08-21,139.69654846191406,1857400
2017-08-22,141.14617919921875,2204600
2017-08-23,141.74209594726562,1731400
2017-08-24,134.59141540527344,10301700
2017-08-25,135.58753967285156,5703500
2017-08-28,135.67642211914062,3776400
2017-08-29,136.57476806640625,2446200
2017-08-30,137.35739135742188,2493500
2017-08-31,139.40301513671875,4567700
2017-09-01,140.737060546875,2833500
2017-09-05,141.53753662109375,3413000
2017-09-06,141.2884979248047,2873700
2017-09-07,141.6620330810547,2479300
2017-09-08,139.90994262695312,3364600
2017-09-11,139.9544219970703,2442500
2017-09-12,142.33798217773438,2988400
2017-09-13,144.9617156982422,4202000
2017-09-14,144.4102325439453,2493300
2017-09-15,144.3479766845703,3757800
2017-09-18,143.1117706298828,2047100
2017-09-19,143.6898193359375,1790800
2017-09-20,144.837158203125,2432300
2017-09-21,143.61868286132812,1738800
2017-09-22,143.44969177246094,1535900
2017-09-25,144.37466430664062,1799600
2017-09-26,145.92222595214844,2370400
2017-09-27,146.23350524902344,2053100
2017-09-28,145.7710418701172,1730200
2017-09-29,146.117919921875,1852300
2017-10-02,147.54090881347656,2267100
2017-10-03,146.82049560546875,2839400
2017-10-04,146.9361572265625,1918600
2017-10-05,148.5904083251953,4715400
2017-10-06,139.71424865722656,18001200
2017-10-09,137.5085906982422,7028800
2017-10-10,139.51861572265625,5420200
2017-10-11,140.40798950195312,3859300
2017-10-12,139.8299102783203,3596300
2017-10-13,142.1689910888672,3634500
2017-10-16,141.24404907226562,2453700
2017-10-17,140.8616180419922,2426800
2017-10-18,140.12339782714844,3011300
2017-10-19,140.93272399902344,2981700
2017-10-20,142.98727416992188,3993200
2017-10-23,144.11680603027344,2811200
2017-10-24,144.339111328125,3040700
2017-10-25,144.24127197265625,3603900
2017-10-26,144.49029541015625,3038900
2017-10-27,144.4191436767578,3399900
2017-10-30,142.50694274902344,2550700
2017-10-31,143.26290893554688,2513600
2017-11-01,144.69482421875,2129400
2017-11-02,146.7049560546875,3255700
2017-11-03,148.03004455566406,3112500
2017-11-06,146.7938232421875,1917300
2017-11-07,147.88772583007812,1944200
2017-11-08,150.35137939453125,3494300
2017-11-09,150.4047393798828,2094000
2017-11-10,152.4058837890625,2673100
2017-11-13,152.4948272705078,4093300
2017-11-14,152.47698974609375,1774300
2017-11-15,150.30686950683594,2439900
2017-11-16,152.51914978027344,2342700
2017-11-17,152.51914978027344,2100600
2017-11-20,153.6787872314453,1955000
2017-11-21,154.69570922851562,2360200
2017-11-22,153.85719299316406,1950100
2017-11-24,153.09005737304688,789400
2017-11-27,153.97317504882812,2346700
2017-11-28,154.90086364746094,2728400
2017-11-29,158.36192321777344,4683000
2017-11-30,164.51693725585938,7716600
2017-12-01,165.14134216308594,4034400
2017-12-04,169.09300231933594,5774200
2017-12-05,167.54090881347656,3182800
2017-12-06,167.00567626953125,3569200
2017-12-07,166.0958251953125,2240800
2017-12-08,167.76394653320312,1772500
2017-12-11,168.4686279296875,1964100
2017-12-12,167.9691162109375,3365700
2017-12-13,167.9512176513672,3062900
2017-12-14,166.3902130126953,3743200
2017-12-15,171.9207763671875,8452900
2017-12-18,171.54615783691406,3492300
2017-12-19,167.99586486816406,3959900
2017-12-20,167.26443481445312,3894400
2017-12-21,166.63107299804688,1908100
2017-12-22,166.47943115234375,1078300
2017-12-26,166.40802001953125,1120000
2017-12-27,166.18504333496094,1175200
2017-12-28,166.47055053710938,1017000
2017-12-29,166.0244903564453,2028000
2018-01-02,167.98695373535156,2509300
2018-01-03,170.00294494628906,3364400
2018-01-04,168.68276977539062,3525800
2018-01-05,167.4784698486328,2819000
2018-01-08,168.12962341308594,1961800
2018-01-09,166.1761016845703,2241900
2018-01-10,165.40008544921875,2609500
2018-01-11,168.93251037597656,4678600
2018-01-12,171.1268310546875,3499500
2018-01-16,170.850341796875,2006600
2018-01-17,171.52830505371094,2585200
2018-01-18,170.83245849609375,1908000
2018-01-19,171.52830505371094,2353800
2018-01-22,173.3926544189453,3009100
2018-01-23,172.5363311767578,2316400
2018-01-24,173.26776123046875,2799200
2018-01-25,176.57716369628906,3558700
2018-01-26,177.43353271484375,2756200
2018-01-29,176.9072723388672,2031100
2018-01-30,176.54150390625,2285000
2018-01-31,173.8297119140625,2682300
2018-02-01,172.5808868408203,2096600
2018-02-02,170.36866760253906,2386600
2018-02-05,163.0361785888672,3407200
2018-02-06,165.0343017578125,4067900
2018-02-07,163.41078186035156,2594800
2018-02-08,159.3253173828125,3013200
2018-02-09,161.20753479003906,2777200
2018-02-12,161.5108184814453,1596200
2018-02-13,164.26718139648438,2123900
2018-02-14,167.12168884277344,2191000
2018-02-15,171.2628173828125,2072900
2018-02-16,171.33436584472656,1969300
2018-02-20,168.25755310058594,2202100
2018-02-21,166.13783264160156,1747200
2018-02-22,166.88912963867188,1360100
2018-02-23,169.7691192626953,1561700
2018-02-26,172.452392578125,1852400
2018-02-27,170.02857971191406,2170400
2018-02-28,170.74403381347656,2179800
2018-03-01,169.071533203125,2447700
2018-03-02,169.33981323242188,2275900
2018-03-05,171.2628173828125,2155800
2018-03-06,171.2449188232422,2458700
2018-03-07,167.57785034179688,5157100
2018-03-08,166.08416748046875,6061500
2018-03-09,168.66900634765625,3288100
2018-03-12,169.3755645751953,2394100
2018-03-13,167.66725158691406,1964300
2018-03-14,165.13609313964844,2866000
2018-03-15,165.9231719970703,1811300
2018-03-16,166.24513244628906,3569400
2018-03-19,164.70672607421875,2493200
2018-03-20,167.56890869140625,1852500
2018-03-21,166.42404174804688,2048300
2018-03-22,163.356201171875,2489800
2018-03-23,161.74623107910156,2351800
2018-03-26,167.4525909423828,2036600
2018-03-27,163.81234741210938,2495300
2018-03-28,164.22381591796875,2168700
2018-03-29,168.5348358154297,3016000
2018-04-02,163.4545440673828,3599200
2018-04-03,163.32933044433594,2287000
2018-04-04,165.9320831298828,2111000
2018-04-05,166.58506774902344,1933600
2018-04-06,164.53683471679688,2259000
2018-04-09,164.93930053710938,1946000
2018-04-10,164.1700897216797,2526000
2018-04-11,165.15391540527344,1697300
2018-04-12,168.88369750976562,2841600
2018-04-13,168.9641571044922,1744400
2018-04-16,174.0354461669922,3026800
2018-04-17,175.3055877685547,2160500
2018-04-18,175.76171875,1663100
2018-04-19,174.47381591796875,2427600
2018-04-20,173.1232147216797,2252800
2018-04-23,172.93539428710938,1618000
2018-04-24,172.18406677246094,1598900
2018-04-25,173.48992919921875,1311700
2018-04-26,174.64369201660156,1445800
2018-04-27,175.8243408203125,1563100
2018-04-30,176.34307861328125,2165000
2018-05-01,175.79750061035156,1413200
2018-05-02,173.51675415039062,2498100
2018-05-03,172.63131713867188,1815500
2018-05-04,174.5811309814453,1704500
2018-05-07,172.67599487304688,2361900
2018-05-08,173.94607543945312,1908600
2018-05-09,175.3413543701172,1999100
2018-05-10,175.3234100341797,1874200
2018-05-11,175.60145568847656,1296300
2018-05-14,175.70912170410156,1440900
2018-05-15,175.35031127929688,2319600
2018-05-16,178.24774169921875,2163200
2018-05-17,179.0460968017578,2391000
2018-05-18,178.47198486328125,1624600
2018-05-21,179.06399536132812,1202800
2018-05-22,178.48097229003906,1563600
2018-05-23,177.7364044189453,1635100
2018-05-24,178.40916442871094,1176300
2018-05-25,177.93377685546875,1331000
2018-05-29,176.48062133789062,2298100
2018-05-30,179.08200073242188,2390900
2018-05-31,177.82614135742188,4822800
2018-06-01,176.8304443359375,4056400
2018-06-04,178.16697692871094,1870600
2018-06-05,177.46728515625,1868500
2018-06-06,177.3058624267578,2066900
2018-06-07,181.71026611328125,2735000
2018-06-08,182.77769470214844,2052500
2018-06-11,183.44149780273438,1684800
2018-06-12,183.7823944091797,1384800
2018-06-13,183.09165954589844,1665800
2018-06-14,183.99769592285156,1685000
2018-06-15,185.97113037109375,3879600
2018-06-18,184.97540283203125,1975000
2018-06-19,186.15945434570312,1940600
2018-06-20,186.5631561279297,1527700
2018-06-21,188.3392333984375,1825800
2018-06-22,189.36183166503906,1738600
2018-06-25,189.94491577148438,2398600
2018-06-26,188.45587158203125,2276700
2018-06-27,188.4020538330078,2211700
2018-06-28,187.21798706054688,1826700
2018-06-29,187.46014404296875,2164600
2018-07-02,186.57211303710938,1876100
2018-07-03,185.7917022705078,842100
2018-07-05,187.60365295410156,1436700
2018-07-06,188.03424072265625,1523200
2018-07-09,189.21836853027344,1738300
2018-07-10,189.90003967285156,1687800
2018-07-11,189.2273406982422,1472800
2018-07-12,191.9811553955078,2222000
2018-07-13,194.2416229248047,1951200
2018-07-16,192.7257080078125,2078200
2018-07-17,192.8602752685547,2064800
2018-07-18,192.83331298828125,1869500
2018-07-19,195.13865661621094,2790800
2018-07-20,196.17025756835938,1793900
2018-07-23,196.30484008789062,1394300
2018-07-24,196.07156372070312,1453900
2018-07-25,197.9732666015625,1560200
2018-07-26,198.8882598876953,1820000
2018-07-27,197.0314178466797,1596800
2018-07-30,196.54701232910156,1292700
2018-07-31,196.18820190429688,1888500
2018-08-01,194.77093505859375,1841300
2018-08-02,198.35003662109375,1904800
2018-08-03,199.1663360595703,1195700
2018-08-06,199.78530883789062,1285500
2018-08-07,200.8079071044922,1428100
2018-08-08,201.45376586914062,2010700
2018-08-09,195.7666015625,3637100
2018-08-10,197.6234588623047,2830800
2018-08-13,196.95068359375,1518900
2018-08-14,199.139404296875,1450600
2018-08-15,198.84339904785156,1844100
2018-08-16,200.2068634033203,1657700
2018-08-17,202.44041442871094,1980900
2018-08-20,203.9385223388672,1783700
2018-08-21,205.0059356689453,2066700
2018-08-22,205.6069793701172,1267900
2018-08-23,205.87608337402344,1337900
2018-08-24,207.4637908935547,1453200
2018-08-27,206.34254455566406,1904100
2018-08-28,206.54881286621094,1882100
2018-08-29,206.48606872558594,1793600
2018-08-30,207.5741424560547,1272000
2018-08-31,209.64244079589844,1881300
2018-09-04,211.03623962402344,1858400
2018-09-05,211.87257385253906,2126000
2018-09-06,212.83474731445312,1853200
2018-09-07,217.13314819335938,2722400
2018-09-10,218.67987060546875,2817300
2018-09-11,219.60614013671875,2185700
2018-09-12,218.0144500732422,1912000
2018-09-13,216.9623260498047,2078200
2018-09-14,211.66574096679688,3875300
2018-09-17,208.6262969970703,2884600
2018-09-18,210.73953247070312,2000200
2018-09-19,210.28990173339844,1581400
2018-09-20,210.35276794433594,1910100
2018-09-21,211.10816955566406,3717800
2018-09-24,209.831298828125,1530400
2018-09-25,209.46255493164062,1889700
2018-09-26,210.25392150878906,2008500
2018-09-27,210.42477416992188,1421400
2018-09-28,211.21612548828125,1602800
2018-10-01,211.00927734375,1673100
2018-10-02,212.5380401611328,1647600
2018-10-03,209.7053680419922,2322300
2018-10-04,208.3385009765625,2862800
2018-10-05,196.77413940429688,7379000
2018-10-08,201.3693084716797,3863500
2018-10-09,201.58514404296875,2502800
2018-10-10,198.77947998046875,3021400
2018-10-11,199.4718780517578,3650900
2018-10-12,204.0850067138672,3130500
2018-10-15,201.890869140625,2441900
2018-10-16,204.74151611328125,2541800
2018-10-17,205.4699249267578,2129300
2018-10-18,205.5508270263672,2624600
2018-10-19,206.5309600830078,2099800
2018-10-22,205.9824676513672,2007300
2018-10-23,205.70367431640625,2656700
2018-10-24,201.2164306640625,3100200
2018-10-25,203.5904541015625,2218900
2018-10-26,196.20765686035156,3995400
2018-10-29,200.01144409179688,3801400
2018-10-30,204.95729064941406,2410500
2018-10-31,205.59584045410156,2674600
2018-11-01,206.46804809570312,2095000
2018-11-02,206.97166442871094,2167200
2018-11-05,210.82943725585938,2513900
2018-11-06,212.8617401123047,2101300
2018-11-07,216.15298461914062,2603600
2018-11-08,215.16143798828125,2140600
2018-11-09,214.29615783691406,2256700
2018-11-12,211.3576202392578,2301400
2018-11-13,211.0511474609375,1548100
2018-11-14,210.302978515625,1896500
2018-11-15,207.2653045654297,2722300
2018-11-16,208.2388153076172,2822400
2018-11-19,206.1836395263672,1949500
2018-11-20,197.6835174560547,3704800
2018-11-21,197.01654052734375,2036500
2018-11-23,198.35958862304688,1007500
2018-11-26,197.8097686767578,2205600
2018-11-27,201.0186767578125,2369800
2018-11-28,207.62586975097656,2765600
2018-11-29,208.22076416015625,1478700
2018-11-30,208.4731903076172,2764000
2018-12-03,209.19432067871094,2481500
2018-12-04,204.02926635742188,3418600
2018-12-06,210.20384216308594,4029800
2018-12-07,202.68624877929688,2881900
2018-12-10,200.70321655273438,2650000
2018-12-11,204.1645050048828,2466800
2018-12-12,205.3363494873047,2891400
2018-12-13,204.1735382080078,2170200
2018-12-14,186.64154052734375,8822300
2018-12-17,182.28775024414062,4739400
2018-12-18,182.97291564941406,3308500
2018-12-19,181.54869079589844,3369600
2018-12-20,177.6907196044922,4250900
2018-12-21,175.33811950683594,5080200
2018-12-24,171.25479125976562,2031700
2018-12-26,179.04287719726562,3268800
2018-12-27,181.25120544433594,2705900
2018-12-28,182.1165771484375,2037800
2018-12-31,183.6218719482422,1729400
2019-01-02,184.56834411621094,2143100
2019-01-03,180.6562957763672,2877700
2019-01-04,185.90237426757812,2761600
2019-01-07,186.58743286132812,2226600
2019-01-08,187.98458862304688,2366500
2019-01-09,189.2014617919922,1862900
2019-01-10,189.86849975585938,2340700
2019-01-11,189.7513427734375,1861100
2019-01-14,188.39013671875,1523100
2019-01-15,190.2200469970703,1681900
2019-01-16,189.45387268066406,1455000
2019-01-17,190.6076202392578,1517100
2019-01-18,192.52761840820312,2115400
2019-01-22,191.45492553710938,3310800
2019-01-23,191.17555236816406,2220200
2019-01-24,189.57107543945312,1994400
2019-01-25,188.4533233642578,2252300
2019-01-28,189.9857177734375,1999400
2019-01-29,189.57107543945312,1636500
2019-01-30,190.50848388671875,1589800
2019-01-31,193.46505737304688,4341100
2019-02-01,189.5349884033203,3453700
2019-02-04,190.35523986816406,1630300
2019-02-05,190.74285888671875,2074500
2019-02-06,190.73387145996094,1618800
2019-02-07,188.9442596435547,2526600
2019-02-08,187.76930236816406,2013700
2019-02-11,188.64601135253906,2376600
2019-02-12,191.52017211914062,2091200
2019-02-13,192.33360290527344,1703000
2019-02-14,193.27354431152344,1411100
2019-02-15,195.65065002441406,2635500
2019-02-19,197.14193725585938,1938100
2019-02-20,196.22906494140625,1785600
2019-02-21,194.5299072265625,1615300
2019-02-22,195.48793029785156,1542500
2019-02-25,196.1748504638672,1794000
2019-02-26,196.68096923828125,1884100
2019-02-27,197.07864379882812,1482700
2019-02-28,197.7023162841797,2055600
2019-03-01,198.33499145507812,2178200
2019-03-04,197.40408325195312,2444700
2019-03-05,198.67845153808594,2160200
2019-03-06,198.14517211914062,1985300
2019-03-07,195.93984985351562,3279100
2019-03-08,205.9090576171875,6782700
2019-03-11,207.59913635253906,3748400
2019-03-12,210.5546875,2647100
2019-03-13,213.64572143554688,2421200
2019-03-14,211.35008239746094,2300300
2019-03-15,211.13314819335938,5075400
2019-03-18,213.83558654785156,1735400
2019-03-19,214.25135803222656,1852300
2019-03-20,214.1880340576172,1499500
2019-03-21,216.5018310546875,1617000
2019-03-22,214.7122802734375,1873600
2019-03-25,214.17901611328125,1357100
2019-03-26,216.07705688476562,1193000
2019-03-27,216.38436889648438,1351200
2019-03-28,218.02024841308594,1396700
2019-03-29,218.85177612304688,1968000
2019-04-01,220.7046356201172,1610200
2019-04-02,217.36953735351562,1574300
2019-04-03,219.15907287597656,1663600
2019-04-04,220.89442443847656,1319700
2019-04-05,222.22303771972656,1616200
2019-04-08,222.810546875,1244200
2019-04-09,221.35536193847656,1450200
2019-04-10,221.98802185058594,1556600
2019-04-11,218.03834533691406,2719800
2019-04-12,218.68002319335938,2187600
2019-04-15,222.63882446289062,1859700
2019-04-16,221.74400329589844,1360500
2019-04-17,221.9428253173828,1363000
2019-04-18,222.16883850097656,1365000
2019-04-22,220.00865173339844,1300000
2019-04-23,221.96095275878906,1524600
2019-04-24,224.11207580566406,1156400
2019-04-25,221.97897338867188,1278200
2019-04-26,220.37022399902344,1842900
2019-04-29,220.7860107421875,1429700
2019-04-30,221.9157257080078,1427600
2019-05-01,218.35467529296875,1350400
2019-05-02,219.3489227294922,1237600
2019-05-03,221.09324645996094,905900
2019-05-06,220.7407989501953,1194900
2019-05-07,217.0802764892578,1775200
2019-05-08,218.1287384033203,1611900
2019-05-09,220.64813232421875,1919300
2019-05-10,223.8654022216797,2036500
2019-05-13,219.243408203125,1962800
2019-05-14,219.97752380371094,1635100
2019-05-15,221.7356414794922,1194800
2019-05-16,224.24603271484375,1800600
2019-05-17,225.0706787109375,1672000
2019-05-20,225.5691375732422,1600500
2019-05-21,226.50265502929688,1504200
2019-05-22,226.12200927734375,1242300
2019-05-23,225.23385620117188,1822800
2019-05-24,224.11920166015625,1340200
2019-05-28,223.2219696044922,3164100
2019-05-29,218.12875366210938,2594900
2019-05-30,218.8990478515625,2030300
2019-05-31,217.12278747558594,4058100
2019-06-03,218.47312927246094,2512500
2019-06-04,222.58749389648438,1761500
2019-06-05,224.71728515625,1825500
2019-06-06,227.66259765625,1487800
2019-06-07,232.01272583007812,2270200
2019-06-10,232.77398681640625,1839500
2019-06-11,233.00958251953125,1613500
2019-06-12,233.11834716796875,1071700
2019-06-13,235.36585998535156,1228500
2019-06-14,235.7646942138672,1287800
2019-06-17,236.92466735839844,1191900
2019-06-18,238.11181640625,2763200
2019-06-19,238.9456329345703,1628400
2019-06-20,242.2897186279297,1745100
2019-06-21,241.18411254882812,2964000
2019-06-24,241.7641143798828,1586100
2019-06-25,241.39256286621094,1182400
2019-06-26,239.62533569335938,1334400
2019-06-27,240.6855926513672,1122900
2019-06-28,239.48934936523438,1952500
2019-07-01,238.845947265625,1955800
2019-07-02,240.5860137939453,1201300
2019-07-03,243.9119415283203,986500
2019-07-05,243.1053466796875,1081500
2019-07-08,244.14749145507812,1236000
2019-07-09,244.6641845703125,1400300
2019-07-10,245.9781951904297,1257000
2019-07-11,250.61834716796875,1985600
2019-07-12,253.24644470214844,2046400
2019-07-15,254.27955627441406,1568000
2019-07-16,254.343017578125,1379200
2019-07-17,255.16769409179688,1716600
2019-07-18,256.3912658691406,1696100
2019-07-19,255.12240600585938,1607600
2019-07-22,253.9081268310547,1459100
2019-07-23,253.84463500976562,1117800
2019-07-24,254.5061492919922,1257100
2019-07-25,253.57275390625,1600200
2019-07-26,254.99557495117188,1447700
2019-07-29,253.87179565429688,1257400
2019-07-30,253.3008575439453,978200
2019-07-31,249.79351806640625,1886900
2019-08-01,248.83291625976562,2634300
2019-08-02,246.9569549560547,1969200
2019-08-05,240.25059509277344,3329800
2019-08-06,244.06605529785156,2383000
2019-08-07,248.58828735351562,3037500
2019-08-08,249.04144287109375,2046700
2019-08-09,248.2620086669922,1284300
2019-08-12,245.87855529785156,1638600
2019-08-13,250.3645782470703,1724600
2019-08-14,243.0147705078125,2122100
2019-08-15,246.06881713867188,1623200
2019-08-16,248.40701293945312,1230800
2019-08-19,249.7754364013672,1313400
2019-08-20,247.38290405273438,1390600
2019-08-21,249.83888244628906,1682300
2019-08-22,253.6815185546875,2345500
2019-08-23,248.3254852294922,1984300
2019-08-26,252.35826110839844,1426400
2019-08-27,264.9735107421875,5169000
2019-08-28,266.8857727050781,5162100
2019-08-29,269.36529541015625,2613100
2019-08-30,267.72137451171875,1801000
2019-09-03,265.25994873046875,1842900
2019-09-04,268.9566650390625,1375700
2019-09-05,269.7286376953125,1865300
2019-09-06,275.89569091796875,3018100
2019-09-09,271.57244873046875,3397200
2019-09-10,269.7558288574219,2725000
2019-09-11,264.024658203125,4754700
2019-09-12,263.298095703125,2942600
2019-09-13,265.1236572265625,2306300
2019-09-16,262.2080993652344,1508900
2019-09-17,264.67864990234375,1758900
2019-09-18,265.6051025390625,1666000
2019-09-19,261.4270324707031,3004700
2019-09-20,260.091796875,3409500
2019-09-23,261.1908874511719,2025400
2019-09-24,261.4996337890625,2483200
2019-09-25,262.044677734375,1827800
2019-09-26,261.8175964355469,1877300
2019-09-27,259.7194519042969,1538100
2019-09-30,261.68133544921875,2151500
2019-10-01,257.88482666015625,2648900
2019-10-02,258.9565124511719,2480600
2019-10-03,262.48974609375,3590200
2019-10-04,264.9148864746094,4513300
2019-10-07,266.4951477050781,1988700
2019-10-08,265.1146240234375,2201100
2019-10-09,269.6650390625,2235500
2019-10-10,269.883056640625,1637500
2019-10-11,270.30084228515625,1855500
2019-10-14,270.2281799316406,1297600
2019-10-15,271.0184020996094,1580700
2019-10-16,271.37261962890625,1811100
2019-10-17,274.66058349609375,1734600
2019-10-18,275.078369140625,1853900
2019-10-21,273.4615478515625,1322900
2019-10-22,272.45343017578125,1955600
2019-10-23,270.0464782714844,1798700
2019-10-24,269.80126953125,2056700
2019-10-25,269.30169677734375,1686200
2019-10-28,271.5179443359375,1672600
2019-10-29,268.72039794921875,1295300
2019-10-30,272.3354187011719,1264300
2019-10-31,270.4420471191406,2277400
2019-11-01,269.51361083984375,1364500
2019-11-04,270.1780700683594,1651600
2019-11-05,272.3262023925781,2204500
2019-11-06,274.5017395019531,1675000
2019-11-07,277.8150329589844,2399400
2019-11-08,275.4574890136719,1501600
2019-11-11,273.8372497558594,1160900
2019-11-12,273.5277404785156,1540800
2019-11-13,275.71234130859375,1517900
2019-11-14,277.2507019042969,1336400
2019-11-15,276.4042053222656,1706100
2019-11-18,277.20513916015625,1241300
2019-11-19,275.1116027832031,1761400
2019-11-20,273.591552734375,1979500
2019-11-21,273.318359375,1302500
2019-11-22,272.4444885253906,1277300
2019-11-25,272.2078857421875,1613000
2019-11-26,274.20135498046875,3359100
2019-11-27,273.76446533203125,1906500
2019-11-29,272.89971923828125,981600
2019-12-02,270.6968688964844,2705500
2019-12-03,269.1312561035156,1921400
2019-12-04,269.9050598144531,1742000
2019-12-05,266.79193115234375,1941100
2019-12-06,268.4759521484375,1462000
2019-12-09,268.66717529296875,1960000
2019-12-10,269.2314453125,1565900
2019-12-11,268.7945556640625,1749800
2019-12-12,270.65142822265625,2742700
2019-12-13,265.67242431640625,5195600
2019-12-16,267.15606689453125,2410000
2019-12-17,269.0220642089844,2474100
2019-12-18,265.67242431640625,3309800
2019-12-19,267.3471984863281,2333600
2019-12-20,268.36669921875,4866500
2019-12-23,266.98309326171875,1309800
2019-12-24,267.820556640625,543600
2019-12-26,269.18597412109375,1101800
2019-12-27,267.71124267578125,1439100
2019-12-30,268.64886474609375,1238900
2019-12-31,267.53839111328125,1550700
2020-01-02,265.3264465332031,2103600
2020-01-03,265.5450744628906,1926000
2020-01-06,265.6177673339844,2655100
2020-01-07,265.1990661621094,1963400
2020-01-08,268.2392578125,2492800
2020-01-09,272.54473876953125,3261200
2020-01-10,270.56036376953125,2024200
2020-01-13,272.9543151855469,1778600
2020-01-14,272.8450622558594,1459900
2020-01-15,273.819091796875,1604000
2020-01-16,275.83062744140625,1758600
2020-01-17,277.3325500488281,2506500
2020-01-21,285.14251708984375,3585900
2020-01-22,283.8954162597656,2218900
2020-01-23,284.796630859375,1535900
2020-01-24,282.6392822265625,1986100
2020-01-27,281.6744384765625,2265100
2020-01-28,282.9488220214844,1571700
2020-01-29,281.79278564453125,1713700
2020-01-30,281.6926574707031,1232600
2020-01-31,278.09722900390625,1837000
2020-02-03,274.89312744140625,2816800
2020-02-04,277.5328063964844,1982300
2020-02-05,281.2193298339844,1731800
2020-02-06,283.32635498046875,1917900
2020-02-07,286.0811767578125,1903500
2020-02-10,286.22711181640625,2336300
2020-02-11,283.3902282714844,2047500
2020-02-12,287.44024658203125,1384600
2020-02-13,290.2497253417969,1438000
2020-02-14,290.35003662109375,1113400
2020-02-18,293.76153564453125,1547100
2020-02-19,294.6463623046875,1413600
2020-02-20,295.61328125,1427500
2020-02-21,293.6703796386719,2239000
2020-02-24,286.0720520019531,2300400
2020-02-25,278.090576171875,2881800
2020-02-26,278.8385009765625,2236000
2020-02-27,267.3818054199219,3625300
2020-02-28,256.4450378417969,7091800
2020-03-02,281.9856262207031,7563800
2020-03-03,276.13861083984375,5131400
2020-03-04,292.566650390625,4219300
2020-03-05,288.0240783691406,6407700
2020-03-06,283.9923400878906,6185500
2020-03-09,275.45452880859375,5203100
2020-03-10,282.22271728515625,4245500
2020-03-11,271.3040771484375,3622700
2020-03-12,255.26841735839844,7307600
2020-03-13,275.7190246582031,6100100
2020-03-16,258.3058166503906,5465500
2020-03-17,280.0244445800781,7170600
2020-03-18,280.4896545410156,6701800
2020-03-19,278.40985107421875,5429500
2020-03-20,264.9098815917969,6581200
2020-03-23,260.449462890625,5646400
2020-03-24,259.9112854003906,7124200
2020-03-25,256.1895751953125,5639600
2020-03-26,266.6247253417969,5463100
2020-03-27,259.3548583984375,4250400
2020-03-30,265.5483703613281,4396000
2020-03-31,260.08447265625,5618600
2020-04-01,261.58966064453125,3745800
2020-04-02,265.8768310546875,3500600
2020-04-03,263.2953186035156,2650100
2020-04-06,278.31866455078125,5272500
2020-04-07,276.9595642089844,4036500
2020-04-08,279.093994140625,3964400
2020-04-09,273.65753173828125,6487600
2020-04-13,273.3017578125,3120400
2020-04-14,286.54632568359375,4288300
2020-04-15,283.016357421875,2937300
2020-04-16,293.3146057128906,3940000
2020-04-17,289.9941711425781,3688000
2020-04-20,284.6673278808594,3156300
2020-04-21,274.861572265625,3833000
2020-04-22,282.240966796875,2970600
2020-04-23,278.5740661621094,2625200
2020-04-24,283.271728515625,2019400
2020-04-27,281.6571350097656,2287300
2020-04-28,278.1636047363281,2425900
2020-04-29,280.1156311035156,3667700
2020-04-30,277.01629638671875,3794300
2020-05-01,276.0289611816406,2525400
2020-05-04,278.37860107421875,2477500
2020-05-05,281.5144348144531,2460900
2020-05-06,282.4012451171875,2406700
2020-05-07,278.8449401855469,2601800
2020-05-08,279.7042541503906,2337400
2020-05-11,283.7176818847656,1865900
2020-05-12,278.6985778808594,2264900
2020-05-13,276.22998046875,2954900
2020-05-14,274.03582763671875,3718900
2020-05-15,273.5514221191406,4577200
2020-05-18,276.7969055175781,3987300
2020-05-19,278.5065612792969,3523000
2020-05-20,278.7625427246094,2827000
2020-05-21,276.07470703125,2492100
2020-05-22,276.4951477050781,2366400
2020-05-26,278.6619567871094,3234600
2020-05-27,279.7681884765625,2980200
2020-05-28,283.0137939453125,4301900
2020-05-29,282.01727294921875,4971800
2020-06-01,281.8526611328125,2293700
2020-06-02,280.7555847167969,2528900
2020-06-03,280.3442077636719,2165900
2020-06-04,284.1016845703125,4553900
2020-06-05,285.28106689453125,4375600
2020-06-08,280.84698486328125,3764500
2020-06-09,279.3476257324219,3155800
2020-06-10,280.9749450683594,2713700
2020-06-11,275.0323791503906,3443000
2020-06-12,273.0850830078125,4020000
2020-06-15,271.6954040527344,3266800
2020-06-16,275.5169677734375,2633800
2020-06-17,273.91705322265625,2188400
2020-06-18,273.8804626464844,1881800
2020-06-19,274.18212890625,3438000
2020-06-22,274.6850280761719,2094400
2020-06-23,275.4529724121094,2409600
2020-06-24,272.4633483886719,2398100
2020-06-25,274.75811767578125,2274300
2020-06-26,271.12847900390625,2866000
2020-06-29,275.7272644042969,1841700
2020-06-30,277.2083740234375,2391700
2020-07-01,278.6163330078125,1906100
2020-07-02,279.52130126953125,2540500
2020-07-06,284.7782287597656,2332400
2020-07-07,289.11175537109375,3346600
2020-07-08,289.19403076171875,2364500
2020-07-09,297.62347412109375,5313600
2020-07-10,298.25421142578125,2484100
2020-07-13,295.2281188964844,2583200
2020-07-14,299.8724670410156,1844800
2020-07-15,298.6839294433594,1770700
2020-07-16,298.29083251953125,1402000
2020-07-17,296.9376220703125,1768100
2020-07-20,298.5102233886719,1863300
2020-07-21,299.634765625,1874200
2020-07-22,300.1466369628906,1312600
2020-07-23,298.1444396972656,1561700
2020-07-24,297.84283447265625,1423400
2020-07-27,299.50677490234375,2083300
2020-07-28,299.479248046875,1374000
2020-07-29,298.17193603515625,1341300
2020-07-30,297.6039123535156,1390300
2020-07-31,298.2543640136719,2149900
2020-08-03,301.72686767578125,2480200
2020-08-04,311.3196105957031,3933300
2020-08-05,311.4845275878906,2923700
2020-08-06,314.5446472167969,2104300
2020-08-07,312.3458251953125,1759000
2020-08-10,311.5119323730469,1503800
2020-08-11,304.5762634277344,2065600
2020-08-12,308.5434875488281,1853900
2020-08-13,307.5722961425781,1536500
2020-08-14,308.10369873046875,1522900
2020-08-17,311.4753112792969,1504700
2020-08-18,312.19921875,1489400
2020-08-19,312.3365783691406,1730100
2020-08-20,312.3090515136719,1717500
2020-08-21,315.7357482910156,2372600
2020-08-24,315.29595947265625,1461500
2020-08-25,315.8272705078125,1176200
2020-08-26,315.4241943359375,1757000
2020-08-27,317.3390808105469,2220700
2020-08-28,319.1806640625,1487300
2020-08-31,318.5301513671875,1586900
2020-09-01,321.93853759765625,1773700
2020-09-02,328.7917785644531,2434900
2020-09-03,319.1165466308594,3630400
2020-09-04,317.5316162109375,2557000
2020-09-08,310.4675598144531,2144300
2020-09-09,317.4032897949219,2100900
2020-09-10,311.08135986328125,1959600
2020-09-11,310.7148742675781,1599600
2020-09-14,314.1873779296875,1522300
2020-09-15,315.09429931640625,1362500
2020-09-16,314.92950439453125,1656500
2020-09-17,310.48590087890625,2681500
2020-09-18,307.8105773925781,3409300
2020-09-21,311.11798095703125,2427400
2020-09-22,315.58917236328125,2128100
2020-09-23,315.754150390625,3577100
2020-09-24,317.9255676269531,5779300
2020-09-25,313.875732421875,7338500
2020-09-28,320.3258972167969,3459200
2020-09-29,322.6347351074219,2526000
2020-09-30,325.2552185058594,2525800
2020-10-01,328.4253234863281,2053000
2020-10-02,325.2644348144531,2125000
2020-10-05,328.53515625,2093500
2020-10-06,328.3244934082031,2760400
2020-10-07,332.6031188964844,1959100
2020-10-08,334.49969482421875,1793100
2020-10-09,338.503662109375,1730700
2020-10-12,344.9354553222656,2806900
2020-10-13,348.783447265625,1823300
2020-10-14,346.6395263671875,1904400
2020-10-15,345.02691650390625,1697800
2020-10-16,349.5715026855469,2459400
2020-10-19,344.092529296875,1938100
2020-10-20,346.6120910644531,1282300
2020-10-21,346.1631164550781,1466500
2020-10-22,344.2666015625,1813200
2020-10-23,343.21295166015625,1108000
2020-10-26,339.6488952636719,2145000
2020-10-27,341.4905090332031,1525400
2020-10-28,334.38055419921875,1908300
2020-10-29,334.9315185546875,1838500
2020-10-30,328.28533935546875,2724100
2020-11-02,334.5,1646300
2020-11-03,341.4490051269531,2013100
2020-11-04,345.31378173828125,2449800
2020-11-05,353.6305236816406,2255800
2020-11-06,354.0252990722656,1950200
2020-11-09,335.0599670410156,4371300
2020-11-10,336.54705810546875,2662600
2020-11-11,342.33026123046875,1688800
2020-11-12,344.8914489746094,1535900
2020-11-13,347.76470947265625,1274600
2020-11-16,348.6366882324219,1691500
2020-11-17,350.592041015625,3299100
2020-11-18,350.8765869140625,2134600
2020-11-19,352.0792236328125,1768900
2020-11-20,349.857666015625,1807600
2020-11-23,350.3992919921875,1679600
2020-11-24,352.703369140625,2061100
2020-11-25,355.9438171386719,2034200
2020-11-27,356.5313720703125,1329400
2020-11-30,359.634033203125,3733800
2020-12-01,365.0882873535156,2996800
2020-12-02,361.2637634277344,2212800
2020-12-03,352.3616638183594,3976400
2020-12-04,351.77764892578125,2839700
2020-12-07,351.6834716796875,2652900
2020-12-08,355.70587158203125,2685500
2020-12-09,352.5877685546875,2461600
2020-12-10,351.1748046875,2566300
2020-12-11,353.3508605957031,3483900
2020-12-14,352.6725769042969,2778400
2020-12-15,350.3174743652344,2133900
2020-12-16,348.0189514160156,2385100
2020-12-17,348.8197326660156,2314200
2020-12-18,345.7204895019531,4140000
2020-12-21,343.8081970214844,2329700
2020-12-22,341.03863525390625,2105500
2020-12-23,340.90673828125,1782100
2020-12-24,343.4407043457031,972500
2020-12-28,349.54498291015625,3207700
2020-12-29,351.10888671875,2072600
2020-12-30,352.73846435546875,1778000
2020-12-31,354.9333801269531,1628900
2021-01-04,358.1080017089844,3322200
2021-01-05,353.9537353515625,2748400
2021-01-06,348.56536865234375,2661400
2021-01-07,346.5871276855469,2849500
2021-01-08,348.4899597167969,2599700
2021-01-11,342.9037780761719,2562500
2021-01-12,343.08282470703125,2387600
2021-01-13,345.67333984375,1968800
2021-01-14,341.340087890625,2363900
2021-01-15,341.1609802246094,2340400
2021-01-19,333.9169616699219,4533800
2021-01-20,340.3509216308594,2767200
2021-01-21,341.763916015625,2121600
2021-01-22,341.2929992675781,1960300
2021-01-25,340.8973388671875,2735900
2021-01-26,343.8175048828125,1807000
2021-01-27,335.72564697265625,3120800
2021-01-28,336.3568420410156,2251100
2021-01-29,331.9952697753906,2598700
2021-02-01,330.19598388671875,2371200
2021-02-02,334.962646484375,1905000
2021-02-03,334.614013671875,1759800
2021-02-04,335.87884521484375,3411600
2021-02-05,335.237060546875,2165600
2021-02-08,339.635498046875,2520700
2021-02-09,339.3806457519531,2154000
2021-02-10,336.1336669921875,2162400
2021-02-11,332.43377685546875,2088400
2021-02-12,332.9527893066406,2096600
2021-02-16,334.1326904296875,1829000
2021-02-17,337.9459228515625,2143000
2021-02-18,336.8888244628906,1914900
2021-02-19,334.8594665527344,1839400
2021-02-22,330.555419921875,2215600
2021-02-23,322.94769287109375,3692600
2021-02-24,321.5791320800781,3305800
2021-02-25,315.16070556640625,3618100
2021-02-26,312.42352294921875,3362200
2021-03-01,313.15020751953125,4653200
2021-03-02,310.026123046875,4660100
2021-03-03,305.7408447265625,4064200
2021-03-04,301.134765625,5501200
2021-03-05,299.5113220214844,8102800
2021-03-08,293.9423828125,4873500
2021-03-09,300.8892822265625,5426800
2021-03-10,305.6559143066406,4523500
2021-03-11,310.2054138183594,4338900
2021-03-12,312.5556945800781,3182100
2021-03-15,311.9610290527344,3243000
2021-03-16,308.88397216796875,3066700
2021-03-17,310.715087890625,2672400
2021-03-18,304.8536071777344,2736900
2021-03-19,310.45074462890625,4859300
2021-03-22,315.7175598144531,4064900
2021-03-23,321.23931884765625,3641200
2021-03-24,319.0683898925781,3006400
2021-03-25,326.9025573730469,4307100
2021-03-26,332.2638244628906,3061200
2021-03-29,336.16204833984375,3012000
2021-03-30,330.1212158203125,2602400
2021-03-31,332.697998046875,2832200
2021-04-01,335.0199890136719,2938600
2021-04-05,340.5699157714844,2705700
2021-04-06,339.9092102050781,2142000
2021-04-07,338.67279052734375,1808400
2021-04-08,340.9474792480469,2839200
2021-04-09,342.8257751464844,1610800
2021-04-12,344.3360290527344,1836600
2021-04-13,344.71356201171875,1796400
2021-04-14,342.78802490234375,1509400
2021-04-15,348.10205078125,1850100
2021-04-16,349.9142761230469,2249200
2021-04-19,348.8099365234375,1560000
2021-04-20,350.8676452636719,2330700
2021-04-21,353.0951843261719,1531800
2021-04-22,350.4240417480469,2138000
2021-04-23,352.3306884765625,1404500
2021-04-26,347.8377990722656,2059700
2021-04-27,349.4329528808594,1875900
2021-04-28,348.8476257324219,1305600
2021-04-29,353.3313293457031,1848300
2021-04-30,351.959716796875,2118900
2021-05-03,358.7985534667969,2685800
2021-05-04,354.9866943359375,2133800
2021-05-05,352.34759521484375,1905300
2021-05-06,362.0525207519531,2641400
2021-05-07,363.5280456542969,1817100
2021-05-10,360.8417053222656,1998700
2021-05-11,357.72027587890625,1859700
2021-05-12,352.0638427734375,2344600
2021-05-13,358.99725341796875,2023100
2021-05-14,363.6227722167969,1876100
2021-05-17,363.1876220703125,1830800
2021-05-18,362.09967041015625,1698200
2021-05-19,359.1202087402344,1725000
2021-05-20,362.828125,1427300
2021-05-21,360.12286376953125,1706600
2021-05-24,362.705078125,1657000
2021-05-25,364.5307922363281,1379700
2021-05-26,364.7577209472656,1648000
2021-05-27,366.5360412597656,4452000
2021-05-28,357.8053283691406,4681200
2021-06-01,357.7676086425781,2117800
2021-06-02,359.9999084472656,1881000
2021-06-03,363.1024475097656,1780300
2021-06-04,366.5549621582031,1765900
2021-06-07,359.8201599121094,2515800
2021-06-08,359.1580505371094,1553800
2021-06-09,359.4039001464844,1398900
2021-06-10,362.2889709472656,1404000
2021-06-11,361.1728210449219,1404200
2021-06-14,362.99835205078125,1652600
2021-06-15,363.1402893066406,1252000
2021-06-16,358.88372802734375,1801700
2021-06-17,363.93487548828125,1686500
2021-06-18,360.27423095703125,3415700
2021-06-21,365.8739318847656,1631600
2021-06-22,370.96282958984375,1934800
2021-06-23,370.7642822265625,1538000
2021-06-24,370.8587646484375,1487300
2021-06-25,373.16680908203125,2056100
2021-06-28,375.0870056152344,1645500
2021-06-29,377.21527099609375,1523600
2021-06-30,374.2640380859375,2031700
2021-07-01,373.1857604980469,1523400
2021-07-02,377.357177734375,1676600
2021-07-06,377.2814636230469,2113100
2021-07-07,382.7866516113281,2308600
2021-07-08,385.1229553222656,2235500
2021-07-09,390.06048583984375,2304200
2021-07-12,385.8134460449219,2491300
2021-07-13,385.0378112792969,1540300
2021-07-14,387.7715148925781,1265800
2021-07-15,389.540283203125,1894100
2021-07-16,388.16876220703125,1413900
2021-07-19,391.7442626953125,2293100
2021-07-20,393.7211608886719,2045400
2021-07-21,392.5577697753906,1480000
2021-07-22,394.9508361816406,1339200
2021-07-23,400.522216796875,1344500
2021-07-26,400.3330383300781,1220000
2021-07-27,401.38299560546875,1666500
2021-07-28,399.3777160644531,1362700
2021-07-29,403.0262451171875,1434200
2021-07-30,407.23388671875,2283900
2021-08-02,406.4757385253906,1366900
2021-08-03,412.30389404296875,1448100
2021-08-04,412.2754821777344,1280500
2021-08-05,419.99908447265625,1742600
2021-08-06,416.6252746582031,1789800
2021-08-09,417.42138671875,1472500
2021-08-10,419.8473815917969,1893700
2021-08-11,421.0509033203125,2267500
2021-08-12,422.0554504394531,1230700
2021-08-13,424.3867492675781,1309300
2021-08-16,429.16302490234375,1515600
2021-08-17,428.6701965332031,1936700
2021-08-18,422.86102294921875,2030100
2021-08-19,430.4897766113281,1953700
2021-08-20,434.9722900390625,1911200
2021-08-23,431.1246643066406,1835900
2021-08-24,428.1489562988281,1541700
2021-08-25,427.6183166503906,1520600
2021-08-26,425.7987060546875,1418600
2021-08-27,426.77490234375,1310200
2021-08-30,432.0723571777344,1219800
2021-08-31,431.6554260253906,1699000
2021-09-01,432.6314697265625,1325400
2021-09-02,436.8486633300781,1455000
2021-09-03,438.34600830078125,1302400
2021-09-07,435.55035400390625,1463400
2021-09-08,441.3311462402344,1372000
2021-09-09,441.5586242675781,1398700
2021-09-10,440.81939697265625,1324800
2021-09-13,435.6072082519531,1679500
2021-09-14,434.4225158691406,1383900
2021-09-15,436.62127685546875,1770300
2021-09-16,439.0662536621094,1577500
2021-09-17,435.4649658203125,3411400
2021-09-20,427.5330505371094,2602000
2021-09-21,428.4523010253906,1531300
2021-09-22,428.6607360839844,1380800
2021-09-23,429.087158203125,2061200
2021-09-24,443.27392578125,3353800
2021-09-27,436.4600830078125,2526000
2021-09-28,423.9413757324219,2632700
2021-09-29,428.1489562988281,1922000
2021-09-30,425.8367004394531,1836400
2021-10-01,424.87005615234375,1860700
2021-10-04,417.1086120605469,2264000
2021-10-05,422.889404296875,1808700
2021-10-06,425.82720947265625,1334600
2021-10-07,429.1725158691406,1966200
2021-10-08,428.20587158203125,1545800
2021-10-11,426.16839599609375,1011700
2021-10-12,423.4864196777344,1380900
2021-10-13,421.9986267089844,1621500
2021-10-14,427.07806396484375,1480400
2021-10-15,428.7176208496094,1494800
2021-10-18,437.7773742675781,2141300
2021-10-19,442.638916015625,1365300
2021-10-20,445.1881103515625,1352900
2021-10-21,452.2578430175781,1423300
2021-10-22,456.76873779296875,1710300
2021-10-25,464.4543151855469,1903400
2021-10-26,460.12353515625,2378600
2021-10-27,463.51611328125,1741800
2021-10-28,465.6138916015625,1362400
2021-10-29,466.57257080078125,2471600
2021-11-01,466.8858337402344,1548700
2021-11-02,471.74578857421875,2012200
2021-11-03,476.8145446777344,1856000
2021-11-04,489.429443359375,2615000
2021-11-05,487.0564270019531,2071700
2021-11-08,478.2193603515625,2834800
2021-11-09,482.8704528808594,1881800
2021-11-10,479.8330078125,1226600
2021-11-11,486.16424560546875,1227300
2021-11-12,490.9007568359375,1780200
2021-11-15,493.482666015625,1392300
2021-11-16,499.96551513671875,1690700
2021-11-17,499.55755615234375,1609400
2021-11-18,502.4810485839844,1664200
2021-11-19,506.676513671875,1909800
2021-11-22,512.2389526367188,2190500
2021-11-23,517.5640258789062,2147000
2021-11-24,521.8067626953125,2316400
2021-11-26,518.3897094726562,1844800
2021-11-29,526.6952514648438,2919100
2021-11-30,511.982666015625,4244200
2021-12-01,502.9271240234375,2877100
2021-12-02,498.817138671875,3277500
2021-12-03,502.0634460449219,2984400
2021-12-06,506.11651611328125,2432900
2021-12-07,514.4885864257812,2579800
2021-12-08,503.183349609375,3037500
2021-12-09,497.697021484375,3200500
2021-12-10,530.4352416992188,6333600
2021-12-13,528.91650390625,3415200
2021-12-14,517.6400146484375,3494400
2021-12-15,536.7570190429688,2937100
2021-12-16,524.5596313476562,2683000
2021-12-17,519.79443359375,5752000
2021-12-20,520.6963500976562,2033600
2021-12-21,517.7254028320312,2472800
2021-12-22,521.75,1454500
2021-12-23,522.414306640625,1757800
2021-12-27,534.848876953125,2262900
2021-12-28,535.9595947265625,1155000
2021-12-29,538.9306640625,1753000
2021-12-30,535.2666625976562,1338700
2021-12-31,538.8641967773438,1509200
2022-01-03,537.9243774414062,2714100
2022-01-04,535.5703735351562,2097500
2022-01-05,521.9871826171875,2887500
2022-01-06,521.8732299804688,2503100
2022-01-07,508.94512939453125,2323900
2022-01-10,492.4480285644531,4916800
2022-01-11,495.5139465332031,2457300
2022-01-12,499.0924377441406,1729500
2022-01-13,490.6253967285156,2428100
2022-01-14,477.4410095214844,3872500
2022-01-18,463.27886962890625,3801900
2022-01-19,465.2626953125,2709400
2022-01-20,458.2955017089844,2893700
2022-01-21,457.1470031738281,3295600
2022-01-24,464.0666809082031,4412600
2022-01-25,453.0749206542969,3076800
2022-01-26,458.9124755859375,3074900
2022-01-27,458.0107727050781,2372300
2022-01-28,467.41741943359375,1918500
2022-01-31,479.4722900390625,2480700
2022-02-01,482.585693359375,2347200
2022-02-02,495.50445556640625,2547600
2022-02-03,496.0177307128906,2665100
2022-02-04,494.1165466308594,2387400
2022-02-07,490.427978515625,1863600
2022-02-08,495.42840576171875,1462000
2022-02-09,502.72930908203125,2256700
2022-02-10,492.8901672363281,2558900
2022-02-11,484.5149230957031,2349700
2022-02-14,481.5584411621094,1749600
2022-02-15,488.5551452636719,1984600
2022-02-16,487.1102294921875,1770800
2022-02-17,489.5913391113281,2022800
2022-02-18,487.3668212890625,2154700
2022-02-22,477.3946228027344,2451800
2022-02-23,470.8160705566406,2021400
2022-02-24,480.6268615722656,2859800
2022-02-25,491.948974609375,2003000
2022-02-28,493.62200927734375,2408900
2022-03-01,497.12042236328125,2316000
2022-03-02,501.94024658203125,2571500
2022-03-03,506.7410583496094,3851800
2022-03-04,499.5636291503906,4417900
2022-03-07,502.4345703125,3896900
2022-03-08,497.52935791015625,3649700
2022-03-09,501.6076354980469,2789700
2022-03-10,506.4273681640625,1777700
2022-03-11,501.3889465332031,1735100
2022-03-14,499.9914245605469,1950000
2022-03-15,515.5535888671875,2547900
2022-03-16,516.57080078125,3017200
2022-03-17,525.5066528320312,1974200
2022-03-18,533.6442260742188,3597800
2022-03-21,528.111572265625,3136900
2022-03-22,531.8093872070312,1777500
2022-03-23,526.676025390625,1546800
2022-03-24,530.564208984375,1614200
2022-03-25,528.2828369140625,1974900
2022-03-28,537.3137817382812,2056100
2022-03-29,541.8482666015625,2005400
2022-03-30,548.0180053710938,2086500
2022-03-31,547.4286499023438,3439800
2022-04-01,547.1624145507812,1933500
2022-04-04,546.7440795898438,2201800
2022-04-05,546.9246826171875,1826800
2022-04-06,555.92724609375,2646200
2022-04-07,578.0392456054688,4804200
2022-04-08,570.4247436523438,3230200
2022-04-11,555.8133544921875,2792700
2022-04-12,552.6666259765625,2142000
2022-04-13,561.9163208007812,2211800
2022-04-14,561.2510986328125,2206200
2022-04-18,553.3890380859375,2161900
2022-04-19,564.968017578125,2327800
2022-04-20,573.742431640625,1793300
2022-04-21,562.5343627929688,2027900
2022-04-22,543.4834594726562,2878200
2022-04-25,540.1657104492188,3154500
2022-04-26,526.4288330078125,2057400
2022-04-27,526.7330932617188,2261600
2022-04-28,535.1314697265625,2118700
2022-04-29,506.2989501953125,2968000
2022-05-02,503.66156005859375,3303400
2022-05-03,502.8330383300781,2398000
2022-05-04,518.4012451171875,2465200
2022-05-05,492.5874938964844,3977000
2022-05-06,479.2948913574219,3560800
2022-05-09,474.9814758300781,3292700
2022-05-10,477.48577880859375,2729400
2022-05-11,465.6976013183594,2782900
2022-05-12,462.9362487792969,2829500
2022-05-13,473.49603271484375,2338600
2022-05-16,470.8870849609375,1579700
2022-05-17,467.0211181640625,2602800
2022-05-18,408.8708190917969,9511600
2022-05-19,402.71014404296875,5839600
2022-05-20,396.52093505859375,5115000
2022-05-23,408.947021484375,3687200
2022-05-24,416.7835388183594,3473400
2022-05-25,419.0688171386719,3225100
2022-05-26,442.7593078613281,5917600
2022-05-27,448.25347900390625,5719600
2022-05-31,443.9305419921875,4424500
2022-06-01,435.141845703125,2319400
2022-06-02,464.2978820800781,4950600
2022-06-03,453.4810485839844,2857400
2022-06-06,449.88165283203125,2297000
2022-06-07,449.2247314453125,2435500
2022-06-08,445.6159362792969,1697000
2022-06-09,449.4817199707031,3087500
2022-06-10,441.15966796875,2549900
2022-06-13,430.62841796875,3113400
2022-06-14,433.05645751953125,2224600
2022-06-15,436.85577392578125,2250200
2022-06-16,430.161865234375,2906600
2022-06-17,425.3341979980469,3623400
2022-06-21,440.9692077636719,2420600
2022-06-22,437.9698791503906,1827500
2022-06-23,452.2907409667969,2030100
2022-06-24,461.2127990722656,2862600
2022-06-27,458.718017578125,2034700
2022-06-28,446.2062072753906,1754600
2022-06-29,447.3774719238281,1275600
2022-06-30,456.3660583496094,3852400
2022-07-01,462.5363464355469,2660400
2022-07-05,464.9167785644531,2489400
2022-07-06,469.09686279296875,2262300
2022-07-07,471.2869567871094,2125200
2022-07-08,477.5619201660156,2607800
2022-07-11,475.04815673828125,1891100
2022-07-12,467.11639404296875,1775300
2022-07-13,468.6875,2008400
2022-07-14,487.4646911621094,3715600
2022-07-15,497.948486328125,4265100
2022-07-18,491.6162414550781,2464100
2022-07-19,495.35833740234375,2391000
2022-07-20,499.1385498046875,1740700
2022-07-21,504.1471862792969,1716100
2022-07-22,504.3946228027344,1800800
2022-07-25,503.8424377441406,1452700
2022-07-26,487.4552001953125,3334800
2022-07-27,497.3388977050781,2060100
2022-07-28,511.427001953125,2083300
2022-07-29,516.310546875,2131500
2022-08-01,521.5662231445312,2256000
2022-08-02,518.3710327148438,1984200
2022-08-03,521.757080078125,1693300
2022-08-04,518.1993408203125,2000500
2022-08-05,515.7097778320312,1711500
2022-08-08,516.883056640625,1344100
2022-08-09,511.0836486816406,1877300
2022-08-10,514.8989868164062,2336600
2022-08-11,507.6308288574219,2340200
2022-08-12,512.4094848632812,1918200
2022-08-15,520.5552368164062,1848000
2022-08-16,527.4896240234375,2498000
2022-08-17,530.6373291015625,1835200
2022-08-18,535.063232421875,1619200
2022-08-19,528.9299926757812,1617000
2022-08-22,520.2881469726562,1860900
2022-08-23,517.045166015625,1359000
2022-08-24,518.1419067382812,1145800
2022-08-25,525.3434448242188,1483300
2022-08-26,507.26837158203125,1886800
2022-08-29,506.5433654785156,1579900
2022-08-30,499.94293212890625,1872700
2022-08-31,497.9970703125,2179800
2022-09-01,504.7405700683594,2280600
2022-09-02,495.1451110839844,1901700
2022-09-06,494.94482421875,1933400
2022-09-07,505.18902587890625,1827900
2022-09-08,504.6929626464844,1600800
2022-09-09,511.80853271484375,1930900
2022-09-12,514.613037109375,1522400
2022-09-13,486.74169921875,2881400
2022-09-14,484.5480041503906,2007300
2022-09-15,480.2557373046875,1749600
2022-09-16,480.8661193847656,3004800
2022-09-19,483.1839904785156,1441300
2022-09-20,476.4594421386719,1843100
2022-09-21,470.30731201171875,2082600
2022-09-22,464.6796875,3133100
2022-09-23,444.86846923828125,5377800
2022-09-26,458.12677001953125,4001900
2022-09-27,456.2190856933594,2412400
2022-09-28,465.7479248046875,2419500
2022-09-29,456.86773681640625,1963900
2022-09-30,450.46746826171875,2436700
2022-10-03,455.67535400390625,2338500
2022-10-04,463.6876525878906,2175600
2022-10-05,458.1458740234375,1587700
2022-10-06,460.2156677246094,2430700
2022-10-07,446.5376281738281,2568100
2022-10-10,444.78265380859375,1616300
2022-10-11,450.22894287109375,2341400
2022-10-12,444.8494567871094,2043900
2022-10-13,446.38507080078125,3390900
2022-10-14,433.6609191894531,2301600
2022-10-17,442.7414245605469,2097500
2022-10-18,451.4213562011719,1864000
2022-10-19,449.6662292480469,1207600
2022-10-20,443.1706848144531,1709500
2022-10-21,456.10467529296875,2508400
2022-10-24,474.02716064453125,2366200
2022-10-25,476.0207214355469,2130900
2022-10-26,476.39276123046875,2088700
2022-10-27,474.47198486328125,1576600
2022-10-28,488.1650695800781,2369300
2022-10-31,479.21160888671875,2192200
2022-11-01,477.739990234375,1586300
2022-11-02,462.0211181640625,2464400
2022-11-03,464.6775817871094,2010400
2022-11-04,464.7922668457031,1987300
2022-11-07,466.837158203125,2036000
2022-11-08,470.86004638671875,1709900
2022-11-09,468.1939697265625,1640500
2022-11-10,490.3246154785156,3098300
2022-11-11,492.5606994628906,2393500
2022-11-14,487.0280456542969,1820200
2022-11-15,503.0718688964844,2502200
2022-11-16,500.8166809082031,1833600
2022-11-17,498.15069580078125,1902500
2022-11-18,500.3962097167969,1584400
2022-11-21,500.10968017578125,1268300
2022-11-22,508.3083801269531,1809100
2022-11-23,510.7353515625,1288200
2022-11-25,509.94232177734375,744200
2022-11-28,507.3240051269531,1684300
2022-11-29,505.45123291015625,1685700
2022-11-30,515.2839965820312,3601800
2022-12-01,481.46673583984375,6970400
2022-12-02,472.5513610839844,3632100
2022-12-05,466.9422607421875,2455300
2022-12-06,459.77557373046875,2995900
2022-12-07,460.549560546875,2072600
2022-12-08,460.0240173339844,2901000
2022-12-09,461.5528564453125,4211100
2022-12-12,466.005859375,2276400
2022-12-13,466.502685546875,2626700
2022-12-14,462.03070068359375,2145000
2022-12-15,443.2921447753906,3437700
2022-12-16,440.9415283203125,4909200
2022-12-19,438.24688720703125,1939200
2022-12-20,437.4728698730469,1993700
2022-12-21,441.5244445800781,1462400
2022-12-22,438.32330322265625,1906100
2022-12-23,442.0882263183594,1229500
2022-12-27,438.1225891113281,1230800
2022-12-28,432.8575744628906,1324100
2022-12-29,436.2401428222656,1465000
2022-12-30,436.2115478515625,1803200
2023-01-03,433.1346435546875,1978100
2023-01-04,436.2688293457031,2097300
2023-01-05,430.1820068359375,2169300
2023-01-06,461.4095153808594,5174500
2023-01-09,457.4726867675781,2384800
2023-01-10,460.0048828125,1649900
2023-01-11,462.78558349609375,1576400
2023-01-12,460.9892272949219,1628200
2023-01-13,463.68377685546875,1405900
2023-01-17,465.1361999511719,1539900
2023-01-18,458.16070556640625,1925500
2023-01-19,448.62420654296875,1919500
2023-01-20,458.7721862792969,2588600
2023-01-23,470.7167053222656,2709400
2023-01-24,470.2389221191406,1510200
2023-01-25,469.0636291503906,1329800
2023-01-26,476.1537780761719,1576400
2023-01-27,480.92205810546875,2034100
2023-01-30,480.9124450683594,1855900
2023-01-31,488.4231872558594,1924100
2023-02-01,494.8922424316406,2080200
2023-02-02,501.0376281738281,2287400
2023-02-03,492.7767639160156,1844100
2023-02-06,493.5330810546875,1740100
2023-02-07,494.43292236328125,1927300
2023-02-08,482.2570495605469,2062900
2023-02-09,479.21307373046875,1517300
2023-02-10,478.60040283203125,1536800
2023-02-13,484.7840881347656,1452600
2023-02-14,481.6922302246094,1257300
2023-02-15,489.4074401855469,1422600
2023-02-16,482.5346374511719,1456000
2023-02-17,485.76995849609375,1340400
2023-02-21,480.2754821777344,1811800
2023-02-22,476.11163330078125,1332000
2023-02-23,472.04345703125,1546300
2023-02-24,467.7071838378906,1587600
2023-02-27,466.1948547363281,1501700
2023-02-28,463.4667663574219,1918200
2023-03-01,458.1925048828125,1759300
2023-03-02,464.9121398925781,2379200
2023-03-03,454.9283447265625,5354200
2023-03-06,462.4137878417969,3104700
2023-03-07,464.395263671875,2659100
2023-03-08,465.2471923828125,1548500
2023-03-09,459.006103515625,1629400
2023-03-10,450.98455810546875,2123000
2023-03-13,451.8078308105469,1799600
2023-03-14,461.30340576171875,2422900
2023-03-15,464.8834533691406,2226300
2023-03-16,466.4150390625,1979600
2023-03-17,466.21392822265625,3959300
2023-03-20,468.3581237792969,1623800
2023-03-21,469.85137939453125,1664000
2023-03-22,466.6637878417969,1299700
2023-03-23,466.8935852050781,1565900
2023-03-24,474.08233642578125,1635200
2023-03-27,472.1199951171875,1452100
2023-03-28,465.9458923339844,1407800
2023-03-29,469.8705749511719,1643000
2023-03-30,470.4544372558594,1545500
2023-03-31,475.6138610839844,2082000
2023-04-03,475.7669982910156,1804700
2023-04-04,476.4370422363281,1913300
2023-04-05,475.8627014160156,1941500
2023-04-06,465.1897277832031,4114700
2023-04-10,472.7038269042969,1653600
2023-04-11,477.31768798828125,1547400
2023-04-12,468.4154968261719,2063700
2023-04-13,476.5902404785156,1600500
2023-04-14,470.28216552734375,1675300
2023-04-17,472.8092346191406,1411800
2023-04-18,475.64251708984375,1339600
2023-04-19,474.809814453125,1098800
2023-04-20,483.9512634277344,2936500
2023-04-21,484.6882629394531,1508600
2023-04-24,489.5414123535156,1374100
2023-04-25,481.6443786621094,1789900
2023-04-26,473.4984130859375,1441900
2023-04-27,479.8255920410156,1361600
2023-04-28,481.6922302246094,1170200
2023-05-01,472.4742126464844,2203200
2023-05-02,473.6419982910156,1940800
2023-05-03,469.09515380859375,1426400
2023-05-04,470.3421325683594,1487000
2023-05-05,478.7065734863281,1709200
2023-05-08,478.7065734863281,1015000
2023-05-09,480.3659973144531,1571800
2023-05-10,479.2821044921875,1257600
2023-05-11,481.4211730957031,1046700
2023-05-12,483.51220703125,1472800
2023-05-15,481.5650329589844,1135700
2023-05-16,475.9151916503906,1229300
2023-05-17,474.8121337890625,2069500
2023-05-18,477.78570556640625,2298900
2023-05-19,476.2701110839844,1635000
2023-05-22,471.8097839355469,1943800
2023-05-23,465.0953063964844,1800200
2023-05-24,463.07135009765625,1600600
2023-05-25,466.70672607421875,3421900
2023-05-26,486.5721130371094,5302600
2023-05-30,487.31072998046875,2544800
2023-05-31,490.6968078613281,3320800
2023-06-01,491.6942443847656,2407700
2023-06-02,491.6847839355469,2284800
2023-06-05,497.1138916015625,2023500
2023-06-06,495.20513916015625,1410300
2023-06-07,490.3802185058594,1784700
2023-06-08,498.8789367675781,1530400
2023-06-09,496.1834716796875,1287300
2023-06-12,499.7229309082031,1404500
2023-06-13,500.73016357421875,1204700
2023-06-14,505.6988525390625,1841400
2023-06-15,507.5980529785156,1871600
2023-06-16,502.2937927246094,3147800
2023-06-20,498.5047302246094,1684400
2023-06-21,498.427978515625,1273600
2023-06-22,502.8211975097656,1114000
2023-06-23,503.0514831542969,1434300
2023-06-26,502.0730285644531,1278500
2023-06-27,508.7012939453125,1673600
2023-06-28,511.0704345703125,1245200
2023-06-29,510.0057678222656,1121800
2023-06-30,516.4229736328125,2221900
2023-07-03,518.9744262695312,951400
2023-07-05,519.0608520507812,1630400
2023-07-06,515.4541015625,1750100
2023-07-07,503.6365661621094,2740600
2023-07-10,505.51666259765625,1955600
2023-07-11,508.0394287109375,1262300
2023-07-12,516.0584716796875,1960500
2023-07-13,516.4901733398438,1647200
2023-07-14,524.4035034179688,1828700
2023-07-17,530.4082641601562,1909900
2023-07-18,531.0126953125,1778800
2023-07-19,531.5112915039062,1261100
2023-07-20,534.2451171875,1732800
2023-07-21,535.1083984375,5264300
2023-07-24,540.9310302734375,2086400
2023-07-25,542.1395874023438,1602500
2023-07-26,543.0795288085938,1306400
2023-07-27,538.9166259765625,1485300
2023-07-28,540.3457641601562,1371400
2023-07-31,537.8038330078125,1365900
2023-08-01,532.81591796875,1445300
2023-08-02,529.8231811523438,1635000
2023-08-03,534.9451904296875,1463400
2023-08-04,529.5258178710938,1142000
2023-08-07,535.6360473632812,1015400
2023-08-08,533.4393920898438,1020400
2023-08-09,536.8734130859375,1471800
2023-08-10,538.5904541015625,1107200
2023-08-11,540.00048828125,1043100
2023-08-14,538.5712280273438,1247600
2023-08-15,535.73193359375,1124300
2023-08-16,536.2498779296875,1340100
2023-08-17,524.7969360351562,1941900
2023-08-18,522.7155151367188,1878100
2023-08-21,521.0558471679688,2076100
2023-08-22,516.413330078125,1286000
2023-08-23,518.8018798828125,1295800
2023-08-24,510.9886779785156,1587500
2023-08-25,513.198974609375,1511500
2023-08-28,515.2941284179688,945800
2023-08-29,521.61767578125,1468500
2023-08-30,521.1276245117188,1292800
2023-08-31,527.8739013671875,2086500
2023-09-01,523.0399169921875,1437700
2023-09-05,523.5011596679688,1714300
2023-09-06,525.3848266601562,1476600
2023-09-07,527.2396240234375,1340000
2023-09-08,529.7094116210938,1075300
2023-09-11,537.0037231445312,1388600
2023-09-12,537.0132446289062,1055500
2023-09-13,537.9454956054688,1162700
2023-09-14,542.7601928710938,1257300
2023-09-15,534.6780395507812,2945300
2023-09-18,540.7900390625,1003100
2023-09-19,542.3566284179688,1144700
2023-09-20,541.8568725585938,1311500
2023-09-21,533.4478759765625,1687700
2023-09-22,536.8211059570312,1527300
2023-09-25,536.8499145507812,1313300
2023-09-26,531.4104614257812,2425100
2023-09-27,541.568603515625,4591400
2023-09-28,546.4699096679688,2192400
2023-09-29,542.94287109375,1887500
2023-10-02,549.0452270507812,1831700
2023-10-03,543.0196533203125,2007400
2023-10-04,549.5162353515625,1798800
2023-10-05,547.3251953125,1579700
2023-10-06,535.802490234375,4246700
2023-10-09,537.1862182617188,1781500
2023-10-10,540.1846923828125,2176800
2023-10-11,543.4810791015625,1449800
2023-10-12,541.808837890625,1458000
2023-10-13,544.7496337890625,1243900
2023-10-16,549.9391479492188,1428300
2023-10-17,551.9573974609375,1404600
2023-10-18,552.2456665039062,1311900
2023-10-19,543.5866088867188,2019600
2023-10-20,531.3817138671875,2295400
2023-10-23,530.7665405273438,1776500
2023-10-24,530.334228515625,1678600
2023-10-25,528.55615234375,1757500
2023-10-26,526.2593994140625,1925300
2023-10-27,521.867431640625,1503100
2023-10-30,533.2556762695312,1696200
2023-10-31,530.9107666015625,1394700
2023-11-01,535.1008911132812,1735300
2023-11-02,535.2838134765625,2100600
2023-11-03,540.0304565429688,1826800
2023-11-06,548.618408203125,2056900
2023-11-07,550.0144653320312,1373100
2023-11-08,546.269287109375,1343600
2023-11-09,542.3121948242188,1288400
2023-11-10,555.6468505859375,1908800
2023-11-13,556.7155151367188,1650700
2023-11-14,568.8178100585938,2037600
2023-11-15,574.575439453125,2165100
2023-11-16,557.0525512695312,2954700
2023-11-17,555.6757202148438,1773600
2023-11-20,559.18994140625,1624100
2023-11-21,562.5596923828125,1173700
2023-11-22,567.1618041992188,1068600
2023-11-24,569.3570556640625,645800
2023-11-27,572.7653198242188,1627400
2023-11-28,571.8987426757812,1286800
2023-11-29,565.9872436523438,1319800
2023-11-30,570.6857299804688,1755200
2023-12-01,574.0650634765625,1475300
2023-12-04,576.7896728515625,1624000
2023-12-05,582.8265380859375,2349700
2023-12-06,584.8290405273438,2233900
2023-12-07,588.2181396484375,1690400
2023-12-08,588.054443359375,1502100
2023-12-11,600.6477661132812,2139300
2023-12-12,606.0779418945312,2374400
2023-12-13,618.1127319335938,2436900
2023-12-14,607.3102416992188,3839200
2023-12-15,634.3070678710938,8807700
2023-12-18,655.8927612304688,5733400
2023-12-19,652.5230712890625,3437300
2023-12-20,636.4058837890625,3782700
2023-12-21,640.4110717773438,2388400
2023-12-22,646.6114501953125,1641700
2023-12-26,649.5191040039062,1774800
2023-12-27,656.5891723632812,1875900
2023-12-28,652.94580078125,1496900
2023-12-29,649.9720458984375,1947500
2024-01-02,640.6864013671875,2657700
2024-01-03,634.8177490234375,2612600
2024-01-04,638.4216918945312,2171100
2024-01-05,645.9644165039062,2233500
2024-01-08,651.557373046875,2245300
2024-01-09,656.9633178710938,1886200
2024-01-10,662.4578857421875,1801900
2024-01-11,663.2653198242188,1670800
2024-01-12,672.77734375,2388400
2024-01-16,671.0542602539062,1626700
2024-01-17,673.712890625,1786800
2024-01-18,676.78515625,1900600
2024-01-19,684.3277587890625,2267900
2024-01-22,681.905517578125,2452900
2024-01-23,677.0608520507812,2208600
2024-01-24,675.997314453125,1946500
2024-01-25,669.4885864257812,2751900
2024-01-26,676.3616943359375,1825500
2024-01-29,683.3823852539062,2215400
2024-01-30,690.0093994140625,1610500
2024-01-31,684.2391967773438,1928500
2024-02-01,694.7119750976562,2039200
2024-02-02,699.6426391601562,2377400
2024-02-05,701.2992553710938,2276900
2024-02-06,700.9344482421875,1920200
2024-02-07,709.7998046875,2145500
2024-02-08,714.1189575195312,1918500
2024-02-09,713.36962890625,1426100
2024-02-12,712.3931884765625,1572600
2024-02-13,704.3464965820312,1951100
2024-02-14,712.1664428710938,1472500
2024-02-15,714.4642333984375,1264100
2024-02-16,713.951416015625,1764900
2024-02-20,715.6278686523438,2407300
2024-02-21,712.9948120117188,1564200
2024-02-22,724.2169799804688,1801600
2024-02-23,727.6981201171875,1265800
2024-02-26,735.0152587890625,1707000
2024-02-27,734.3842163085938,1471300
2024-02-28,737.5889282226562,1365000
2024-02-29,733.575439453125,3361200
2024-03-01,739.048583984375,1678100
2024-03-04,748.6535034179688,2133400
2024-03-05,749.412841796875,2353400
2024-03-06,762.5184326171875,2400600
2024-03-07,774.697265625,4187900
2024-03-08,715.4996948242188,8590200
2024-03-11,704.1788940429688,3762500
2024-03-12,726.66259765625,3727400
2024-03-13,724.0198364257812,2270300
2024-03-14,721.8010864257812,1826100
2024-03-15,715.5686645507812,3390700
2024-03-18,721.3966674804688,1595200
2024-03-19,722.0179443359375,1322700
2024-03-20,730.4494018554688,1398700
2024-03-21,732.263916015625,2106900
2024-03-22,724.6114501953125,1794100
2024-03-25,720.8247680664062,1604700
2024-03-26,720.8444213867188,1353500
2024-03-27,721.9292602539062,1246700
2024-03-28,722.4715576171875,1713300
2024-04-01,711.2393798828125,1600700
2024-04-02,701.4373168945312,2326700
2024-04-03,695.9050903320312,3205500
2024-04-04,695.1064453125,2252400
2024-04-05,703.8236694335938,1552900
2024-04-08,701.9403686523438,1459000
2024-04-09,708.6262817382812,1386400
2024-04-10,712.5609741210938,1832000
2024-04-11,722.1954345703125,2107800
2024-04-12,721.1699829101562,1481800
2024-04-15,708.320556640625,1808000
2024-04-16,706.04248046875,1412300
2024-04-17,705.2733764648438,1376700
2024-04-18,701.3880615234375,1846400
2024-04-19,699.6722412109375,2190400
2024-04-22,705.5396728515625,1437100
2024-04-23,712.6595458984375,1176200
2024-04-24,713.852783203125,1206600
2024-04-25,712.9934692382812,1613600
2024-04-26,720.2235717773438,1524400
2024-04-29,717.4085693359375,1526900
2024-04-30,714.020751953125,1734800
2024-05-01,713.3490600585938,1609100
2024-05-02,723.4435424804688,1826900
2024-05-03,734.7628173828125,2323300
2024-05-06,747.1585083007812,1773300
2024-05-07,761.8361206054688,1897800
2024-05-08,754.0330200195312,1511900
2024-05-09,769.4711303710938,1716200
2024-05-10,777.5211181640625,1652700
2024-05-13,765.6290283203125,1596800
2024-05-14,768.3451538085938,1327700
2024-05-15,777.3728637695312,1661700
2024-05-16,783.328857421875,2000000
2024-05-17,786.0352783203125,1309100
2024-05-20,783.2596435546875,1347100
2024-05-21,791.0922241210938,1375700
2024-05-22,792.0107421875,1192800
2024-05-23,786.5586547851562,1519200
2024-05-24,799.7841796875,1623000
2024-05-28,803.1820068359375,1986300
2024-05-29,796.6137084960938,2282800
2024-05-30,805.3253784179688,2277800
2024-05-31,799.9422607421875,4360700
2024-06-03,805.374755859375,2008700
2024-06-04,817.2272338867188,1754500
2024-06-05,824.0524291992188,2080000
2024-06-06,832.2900390625,1735000
2024-06-07,835.19384765625,1593600
2024-06-10,837.9199829101562,1401600
2024-06-11,838.8779907226562,1690500
2024-06-12,837.396484375,1838300
2024-06-13,835.5691528320312,1322400
2024-06-14,845.1599731445312,1395500
2024-06-17,857.24951171875,1904900
2024-06-18,860.0546875,1763800
2024-06-20,851.8467407226562,1944600
2024-06-21,837.8902587890625,3833100
2024-06-24,837.7421264648438,1722900
2024-06-25,845.0018310546875,1564200
2024-06-26,846.3156127929688,1505300
2024-06-27,840.1719360351562,1254900
2024-06-28,839.5496215820312,2131700
2024-07-01,835.28271484375,1989000
2024-07-02,848.8046875,1377900
2024-07-03,852.06396484375,814400
2024-07-05,874.7913818359375,2620700
2024-07-08,870.020751953125,1611300
2024-07-09,875.9569091796875,1356800
2024-07-10,873.4481201171875,1755800
2024-07-11,836.19140625,6021100
2024-07-12,832.5467529296875,3288400
2024-07-15,838.3051147460938,2064000
2024-07-16,840.3201293945312,1687600
2024-07-17,835.8853149414062,1783100
2024-07-18,829.0599975585938,2338500
2024-07-19,827.8353271484375,1984400
2024-07-22,837.0111694335938,1920200
2024-07-23,841.6436157226562,1744100
2024-07-24,820.615234375,2511300
2024-07-25,805.9279174804688,2183700
2024-07-26,808.7072143554688,1441500
2024-07-29,806.689453125,1320400
2024-07-30,801.2196044921875,2017200
2024-07-31,813.0593872070312,2135000
2024-08-01,808.0049438476562,1861400
2024-08-02,813.138427734375,2598500
2024-08-05,793.1087036132812,2820900
2024-08-06,807.9950561523438,2476300
2024-08-07,801.4866333007812,1702000
2024-08-08,830.2997436523438,2345000
2024-08-09,845.6311645507812,1710600
2024-08-12,854.1771850585938,1748200
2024-08-13,855.41357421875,1484100
2024-08-14,853.3265991210938,1341500
2024-08-15,867.8072509765625,1923800
2024-08-16,861.120849609375,1516300
2024-08-19,862.8616333007812,1318400
2024-08-20,866.669921875,1104600
2024-08-21,871.8330078125,1465500
2024-08-22,868.0150146484375,1440900
2024-08-23,869.6471557617188,1305800
2024-08-26,882.802490234375,1737000
2024-08-27,899.0140991210938,2098900
2024-08-28,878.3909301757812,1668400
2024-08-29,876.9863891601562,1709900
2024-08-30,882.673828125,1933500
2024-09-03,869.013916015625,1784200
2024-09-04,880.339599609375,1425200
2024-09-05,876.3434448242188,1998800
2024-09-06,867.14453125,2074600
2024-09-09,886.7390747070312,1954000
2024-09-10,884.56298828125,1360800
2024-09-11,890.606689453125,1796100
2024-09-12,905.0774536132812,1867300
2024-09-13,906.0369873046875,1327500
2024-09-16,897.995361328125,1661000
2024-09-17,887.5106811523438,1387000
2024-09-18,882.8123779296875,1338200
2024-09-19,890.9429321289062,1747500
2024-09-20,897.114990234375,4658200
2024-09-23,907.105224609375,1697600
2024-09-24,891.7341918945312,2432600
2024-09-25,898.5394287109375,1728100
2024-09-26,891.6353759765625,2738600
2024-09-27,875.9873657226562,3459100
2024-09-30,876.877685546875,2142900
2024-10-01,867.8370361328125,1836700
2024-10-02,868.9744262695312,1317100
2024-10-03,866.1456298828125,1451900
2024-10-04,873.5046997070312,1516400
2024-10-07,864.0882568359375,1963200
2024-10-08,880.7351684570312,1697900
2024-10-09,899.2119750976562,1956500
2024-10-10,883.9102783203125,1765800
2024-10-11,879.3602905273438,1527300
2024-10-14,880.0823364257812,1431500
2024-10-15,884.8795776367188,1613900
2024-10-16,877.7282104492188,1475500
2024-10-17,875.6609497070312,1321500
2024-10-18,879.8844604492188,1654000
2024-10-21,877.1248168945312,1184900
2024-10-22,883.7716674804688,1189700
2024-10-23,889.3900756835938,2193500
2024-10-24,883.7025146484375,1649600
2024-10-25,881.5264892578125,1425800
2024-10-28,881.269287109375,912500
2024-10-29,877.3424072265625,1361700
2024-10-30,869.5283813476562,1412200
2024-10-31,864.6717529296875,1771900
2024-11-01,868.9208374023438,1625200
2024-11-04,877.5969848632812,1576700
2024-11-05,881.6578979492188,1622300
2024-11-06,890.6510620117188,2437400
2024-11-07,905.1906127929688,2145500
2024-11-08,934.7749633789062,3277100
2024-11-11,923.9595336914062,2181800
2024-11-12,923.4642333984375,1691400
2024-11-13,924.8013305664062,1757600
2024-11-14,915.055419921875,1859900
2024-11-15,898.396240234375,2269900
2024-11-18,910.7173461914062,1797300
2024-11-19,921.255615234375,1690500
2024-11-20,919.2054443359375,1452100
2024-11-21,946.5116577148438,2320500
2024-11-22,954.7916870117188,2078700
2024-11-25,951.7015380859375,3240900
2024-11-26,962.2100830078125,1438000
2024-11-27,952.3552856445312,1499500
2024-11-29,962.5864868164062,1095900
2024-12-02,965.6766357421875,1955800
2024-12-03,972.75830078125,1653900
2024-12-04,981.4443969726562,1784700
2024-12-05,972.8672485351562,2089400
2024-12-06,983.1182861328125,1737300
2024-12-09,978.4136962890625,1855500
2024-12-10,983.9006958007812,1556800
2024-12-11,985.1783447265625,1903600
2024-12-12,978.9385986328125,2344300
2024-12-13,979.889404296875,2951900
2024-12-16,983.3757934570312,2581300
2024-12-17,972.6889038085938,2050200
2024-12-18,955.5147094726562,2725300
2024-12-19,945.6697998046875,2610800
2024-12-20,944.94677734375,5373800
2024-12-23,940.8265380859375,1856800
2024-12-24,949.6513671875,939000
2024-12-26,946.9970092773438,969000
2024-12-27,930.7142333984375,1943400
2024-12-30,913.391357421875,1881200
2024-12-31,907.5082397460938,1742900
