date,close,volume
2014-01-02,73.3571548461914,4540300
2014-01-03,73.48125457763672,3506000
2014-01-06,73.28626251220703,4252300
2014-01-07,73.90670013427734,4563300
2014-01-08,72.85486602783203,8282500
2014-01-09,72.85486602783203,5643500
2014-01-10,71.507568359375,8127500
2014-01-13,70.4675521850586,6504200
2014-01-14,70.65664672851562,6904600
2014-01-15,70.42617797851562,5829300
2014-01-16,70.21936798095703,5041100
2014-01-17,70.4911880493164,7199700
2014-01-21,71.12349700927734,5602300
2014-01-22,71.16484069824219,4977500
2014-01-23,69.95935821533203,6205800
2014-01-24,68.71842193603516,7094900
2014-01-27,68.80113983154297,6179500
2014-01-28,69.0434341430664,4303700
2014-01-29,68.54705047607422,5522100
2014-01-30,68.81294250488281,5538700
2014-01-31,65.96471405029297,15523500
2014-02-03,65.67515563964844,11275300
2014-02-04,65.49199676513672,9717200
2014-02-05,64.71788024902344,10562900
2014-02-06,65.75199127197266,7983300
2014-02-07,66.2129135131836,7071800
2014-02-10,66.00016784667969,9251300
2014-02-11,67.1170425415039,6874700
2014-02-12,66.78913116455078,6422100
2014-02-13,67.0752944946289,5061600
2014-02-14,67.65357208251953,6776400
2014-02-18,67.19450378417969,6106600
2014-02-19,67.72509765625,7989900
2014-02-20,68.32128143310547,8406900
2014-02-21,67.1766128540039,9221100
2014-02-24,68.05301666259766,7337900
2014-02-25,68.5418701171875,5976100
2014-02-26,68.86378479003906,6113800
2014-02-27,68.97111511230469,4922600
2014-02-28,68.75647735595703,6944600
2014-03-03,68.46436309814453,6046200
2014-03-04,68.75051879882812,5611500
2014-03-05,68.21992492675781,6703700
2014-03-06,68.4703369140625,5179600
2014-03-07,68.60743713378906,5055600
2014-03-10,69.06053924560547,6203000
2014-03-11,68.26764678955078,6274300
2014-03-12,68.94725799560547,6812900
2014-03-13,68.23188018798828,5405100
2014-03-14,68.02320098876953,6280000
2014-03-17,68.60150909423828,5894500
2014-03-18,69.29900360107422,6329600
2014-03-19,68.67899322509766,5569600
2014-03-20,68.86378479003906,5280600
2014-03-21,68.93533325195312,14893600
2014-03-24,69.06651306152344,5386900
2014-03-25,69.80574798583984,5573000
2014-03-26,70.17537689208984,5971600
2014-03-27,70.15156555175781,5224600
2014-03-28,70.64635467529297,5875100
2014-03-31,70.89078521728516,5482700
2014-04-01,70.94444274902344,5391400
2014-04-02,71.15312194824219,4505600
2014-04-03,70.96829986572266,4446400
2014-04-04,70.82520294189453,5301300
2014-04-07,69.95479583740234,5241300
2014-04-08,70.22904205322266,4706100
2014-04-09,71.00404357910156,5376500
2014-04-10,69.56729888916016,8769200
2014-04-11,69.77000427246094,7028800
2014-04-14,70.76559448242188,6817700
2014-04-15,71.7194595336914,7681900
2014-04-16,72.63159942626953,7277000
2014-04-17,73.73452758789062,8604900
2014-04-21,74.0683822631836,6351100
2014-04-22,73.92532348632812,5849200
2014-04-23,74.33666229248047,5596300
2014-04-24,74.10417175292969,5185300
2014-04-25,73.91934204101562,5776300
2014-04-28,74.95667266845703,7687800
2014-04-29,75.0997543334961,6666800
2014-04-30,74.83148193359375,6123500
2014-05-01,74.48571014404297,6379600
2014-05-02,74.35453796386719,5406100
2014-05-05,74.73607635498047,4224400
2014-05-06,74.50359344482422,5600000
2014-05-07,75.25476837158203,5436000
2014-05-08,74.57511138916016,5009800
2014-05-09,74.53936004638672,4826100
2014-05-12,74.6645736694336,4914700
2014-05-13,75.02823638916016,4415200
2014-05-14,75.3680419921875,4961400
2014-05-15,74.44210052490234,5939500
2014-05-16,74.06328582763672,6435100
2014-05-19,73.92498779296875,4042300
2014-05-20,73.6544418334961,4044400
2014-05-21,74.65253448486328,4758700
2014-05-22,74.33387756347656,3262700
2014-05-23,74.17753601074219,3808100
2014-05-27,73.8588638305664,4283300
2014-05-28,73.66648864746094,4702900
2014-05-29,73.54620361328125,6255000
2014-05-30,73.82881164550781,5174700
2014-06-02,73.4800796508789,3689800
2014-06-03,73.68450927734375,3563800
2014-06-04,73.56426239013672,3285500
2014-06-05,74.2677230834961,4220600
2014-06-06,74.67056274414062,4295400
2014-06-09,74.77880096435547,3657700
2014-06-10,75.36200714111328,5869400
2014-06-11,75.26583099365234,4570900
2014-06-12,75.82501220703125,6815800
2014-06-13,76.51642608642578,5573600
2014-06-16,77.28605651855469,7065300
2014-06-17,77.46043395996094,6720700
2014-06-18,78.33226776123047,7697700
2014-06-19,79.36042785644531,7419900
2014-06-20,79.57083892822266,11348300
2014-06-23,79.95568084716797,11006900
2014-06-24,79.22810363769531,8581100
2014-06-25,78.90342712402344,6714200
2014-06-26,78.71705627441406,6111400
2014-06-27,78.38035583496094,8674700
2014-06-30,78.49461364746094,5698900
2014-07-01,78.48857879638672,4000500
2014-07-02,78.30219268798828,5136800
2014-07-03,78.87937927246094,3514000
2014-07-07,78.44649505615234,3660000
2014-07-08,78.10375213623047,4687600
2014-07-09,78.9996566772461,5200800
2014-07-10,78.314208984375,4404800
2014-07-11,77.24397277832031,5242700
2014-07-14,77.718994140625,4135800
2014-07-15,77.718994140625,4845000
2014-07-16,78.69902038574219,4491800
2014-07-17,78.21199035644531,4953600
2014-07-18,78.39840698242188,4339400
2014-07-21,78.93952178955078,3714000
2014-07-22,79.71514129638672,4391700
2014-07-23,80.49681091308594,4589500
2014-07-24,81.08001708984375,5337900
2014-07-25,80.31038665771484,3702000
2014-07-28,80.1119613647461,4625000
2014-07-29,79.61894989013672,4189100
2014-07-30,79.68511962890625,4601800
2014-07-31,77.70695495605469,7973700
2014-08-01,76.9012451171875,7377800
2014-08-04,77.0635757446289,7360000
2014-08-05,75.13352966308594,8066700
2014-08-06,75.59651184082031,5134900
2014-08-07,75.54840087890625,4650700
2014-08-08,76.877197265625,4730700
2014-08-11,76.78699493408203,3466500
2014-08-12,76.41423034667969,4944100
2014-08-13,76.72088623046875,3518200
2014-08-14,76.3360824584961,4524000
2014-08-15,76.4634017944336,5754300
2014-08-18,76.58467102050781,4630000
2014-08-19,77.39115905761719,3887800
2014-08-20,77.30625915527344,3230300
2014-08-21,77.57308197021484,2668100
2014-08-22,77.07583618164062,3236900
2014-08-25,77.51847076416016,2645700
2014-08-26,77.76710510253906,2832400
2014-08-27,78.00358581542969,2767000
2014-08-28,78.07026672363281,2409000
2014-08-29,78.4947509765625,3519000
2014-09-02,77.33657836914062,4744500
2014-09-03,77.53060913085938,3846300
2014-09-04,76.88786315917969,5191200
2014-09-05,77.251708984375,5035500
2014-09-08,76.5301284790039,4200800
2014-09-09,75.90556335449219,6721600
2014-09-10,75.35981750488281,10941800
2014-09-11,75.08692932128906,6569600
2014-09-12,74.37748718261719,4915600
2014-09-15,75.33554077148438,5437600
2014-09-16,75.77214813232422,6587200
2014-09-17,75.62660217285156,4583500
2014-09-18,75.2749252319336,4683200
2014-09-19,75.67510986328125,10090000
2014-09-22,74.8807601928711,5850500
2014-09-23,74.62005615234375,5620700
2014-09-24,74.21984100341797,8005900
2014-09-25,73.17688751220703,6466300
2014-09-26,73.65589141845703,5500500
2014-09-29,73.09803771972656,6791500
2014-09-30,72.3521957397461,8385700
2014-10-01,71.33958435058594,8027900
2014-10-02,71.01212310791016,8171200
2014-10-03,71.37593841552734,6298300
2014-10-06,71.60639190673828,5409500
2014-10-07,70.3511734008789,7303800
2014-10-08,71.52149963378906,9517400
2014-10-09,69.43558502197266,11489200
2014-10-10,69.05961608886719,9253100
2014-10-13,67.93175506591797,7799100
2014-10-14,66.56743621826172,11541500
2014-10-15,66.25818634033203,15278400
2014-10-16,67.34358978271484,11908400
2014-10-17,67.79228973388672,10895500
2014-10-20,67.60433197021484,8823800
2014-10-21,69.7872543334961,8899700
2014-10-22,69.12630462646484,7211600
2014-10-23,70.45427703857422,7195500
2014-10-24,70.28448486328125,5507900
2014-10-27,69.74479675292969,6714600
2014-10-28,71.0242691040039,7272600
2014-10-29,71.03033447265625,6873700
2014-10-30,71.06670379638672,5174400
2014-10-31,72.7342300415039,10669500
2014-11-03,70.81201934814453,10343300
2014-11-04,69.9570541381836,9585800
2014-11-05,70.97575378417969,6603300
2014-11-06,71.8731689453125,6383800
2014-11-07,72.03689575195312,7366600
2014-11-10,71.50328826904297,6114600
2014-11-11,71.81858825683594,3957000
2014-11-12,71.33958435058594,4923900
2014-11-13,70.61193084716797,11019900
2014-11-14,71.18718719482422,4891700
2014-11-17,70.83834838867188,5713700
2014-11-18,70.66698455810547,5672800
2014-11-19,71.27899169921875,4270300
2014-11-20,71.79306030273438,5272800
2014-11-21,72.57030487060547,7361600
2014-11-24,71.96443176269531,5807600
2014-11-25,71.08316802978516,6671400
2014-11-26,70.44668579101562,6715100
2014-11-28,66.62785339355469,11935600
2014-12-01,68.37812042236328,13400100
2014-12-02,69.77960205078125,8548700
2014-12-03,69.58991241455078,8049800
2014-12-04,68.71473693847656,8100700
2014-12-05,67.85183715820312,7663400
2014-12-08,65.36103820800781,13809000
2014-12-09,65.48954010009766,11053000
2014-12-10,64.17374420166016,15073400
2014-12-11,64.204345703125,10293600
2014-12-12,62.655967712402344,12013600
2014-12-15,61.725772857666016,13144200
2014-12-16,62.23982620239258,12722200
2014-12-17,64.8836669921875,13354000
2014-12-18,66.72578430175781,13533000
2014-12-19,69.112548828125,15723300
2014-12-22,68.56172943115234,9433500
2014-12-23,69.73676300048828,8092000
2014-12-24,69.4430160522461,4536500
2014-12-26,69.30835723876953,4380400
2014-12-29,69.35122680664062,6043000
2014-12-30,69.22269439697266,5659500
2014-12-31,68.65354919433594,6411800
2015-01-02,68.89832305908203,5898800
2015-01-05,66.14436340332031,11758100
2015-01-06,66.11376953125,11591600
2015-01-07,66.05868530273438,10353800
2015-01-08,67.57030487060547,8650800
2015-01-09,66.22392272949219,9584500
2015-01-12,64.79798126220703,8912300
2015-01-13,63.76980209350586,13277700
2015-01-14,63.58622741699219,14116900
2015-01-15,62.83348083496094,9664600
2015-01-16,64.3328628540039,12604600
2015-01-20,65.1590347290039,10406800
2015-01-21,66.1933364868164,8271000
2015-01-22,66.65840148925781,7471100
2015-01-23,65.39161682128906,7984400
2015-01-26,66.63394165039062,7670500
2015-01-27,66.25453186035156,6388700
2015-01-28,63.46994400024414,10526500
2015-01-29,63.03544616699219,13994400
2015-01-30,62.74781036376953,20584700
2015-02-02,64.90815734863281,11537600
2015-02-03,67.03174591064453,14266700
2015-02-04,66.30958557128906,10176000
2015-02-05,66.89712524414062,7533300
2015-02-06,67.08073425292969,7655500
2015-02-09,67.58255004882812,6403000
2015-02-10,67.42955780029297,7033700
2015-02-11,67.30714416503906,8662000
2015-02-12,68.51227569580078,6618000
2015-02-13,69.6988296508789,7494400
2015-02-17,69.4639892578125,7097300
2015-02-18,68.25270080566406,6920300
2015-02-19,66.96106719970703,9721100
2015-02-20,67.1155776977539,7610600
2015-02-23,66.65824127197266,6724000
2015-02-24,66.72005462646484,5708400
2015-02-25,67.10321044921875,4806500
2015-02-26,66.16383361816406,5903100
2015-02-27,65.92898559570312,6396500
2015-03-02,65.44695281982422,7343700
2015-03-03,64.9896240234375,6901200
2015-03-04,64.9896240234375,5784900
2015-03-05,64.723876953125,5156900
2015-03-06,63.994632720947266,7213300
2015-03-09,64.24183654785156,7506200
2015-03-10,63.59912109375,10679000
2015-03-11,63.98847198486328,8440700
2015-03-12,63.296287536621094,5900600
2015-03-13,62.80187225341797,8345200
2015-03-16,63.73506546020508,6780200
2015-03-17,63.75978469848633,7097500
2015-03-18,65.94135284423828,11059700
2015-03-19,64.73623657226562,7841900
2015-03-20,66.14527893066406,14064900
2015-03-23,65.45930480957031,6807700
2015-03-24,64.3963394165039,6677800
2015-03-25,65.30481719970703,9169400
2015-03-26,65.04523468017578,7276900
2015-03-27,64.4457778930664,5830300
2015-03-30,66.06495666503906,7172400
2015-03-31,64.87837982177734,7254100
2015-04-01,64.76099395751953,7347200
2015-04-02,65.06375885009766,5123900
2015-04-06,66.07732391357422,6724000
2015-04-07,67.07849884033203,8536000
2015-04-08,65.9166259765625,7894800
2015-04-09,66.09584045410156,5760500
2015-04-10,66.07113647460938,5012200
2015-04-13,65.8177490234375,4307200
2015-04-14,67.26387786865234,7262700
2015-04-15,68.23418426513672,6704000
2015-04-16,68.07966613769531,5904200
2015-04-17,67.4307632446289,6548700
2015-04-20,68.1600112915039,7148800
2015-04-21,67.81391906738281,5674900
2015-04-22,67.6717758178711,5643100
2015-04-23,67.96224212646484,6940000
2015-04-24,67.90043640136719,4995000
2015-04-27,67.79535675048828,4858700
2015-04-28,68.67295837402344,5321600
2015-04-29,69.04993438720703,5665800
2015-04-30,68.63587188720703,6666800
2015-05-01,67.38748931884766,10362700
2015-05-04,66.94252014160156,7660100
2015-05-05,66.74478149414062,6463300
2015-05-06,66.7138671875,5820400
2015-05-07,66.4790267944336,5798300
2015-05-08,67.14644622802734,7078900
2015-05-11,66.34922790527344,6003600
2015-05-12,66.47283172607422,5026500
2015-05-13,66.55935668945312,5517600
2015-05-14,67.02287292480469,9751700
2015-05-15,67.4285888671875,5641600
2015-05-18,66.56723022460938,6390600
2015-05-19,65.54983520507812,7927600
2015-05-20,65.6933822631836,6521200
2015-05-21,65.8431625366211,6549300
2015-05-22,65.46871185302734,4717200
2015-05-26,64.47003173828125,8010200
2015-05-27,64.357666015625,5857500
2015-05-28,64.43881225585938,5099900
2015-05-29,64.2890396118164,6673400
2015-06-01,64.05809020996094,5412400
2015-06-02,64.02687072753906,5040000
2015-06-03,63.770965576171875,5175700
2015-06-04,63.28410720825195,6896400
2015-06-05,63.408966064453125,6080900
2015-06-08,62.67866897583008,8213900
2015-06-09,62.67866897583008,7157000
2015-06-10,63.558738708496094,7588400
2015-06-11,63.11559295654297,5582900
2015-06-12,62.335391998291016,6475500
2015-06-15,61.973365783691406,6178100
2015-06-16,62.44148254394531,8763700
2015-06-17,62.2667236328125,8231100
2015-06-18,62.57257080078125,7168000
2015-06-19,62.08570861816406,10512000
2015-06-22,62.597537994384766,6416100
2015-06-23,62.47269821166992,5697900
2015-06-24,61.96088409423828,7451900
2015-06-25,61.38041305541992,6062800
2015-06-26,61.54269790649414,10015500
2015-06-29,60.35053253173828,8764600
2015-06-30,60.21324157714844,9925400
2015-07-01,59.97605895996094,7295300
2015-07-02,59.838741302490234,6419100
2015-07-06,59.15214538574219,8341600
2015-07-07,59.464229583740234,11774900
2015-07-08,58.39690399169922,7719100
2015-07-09,58.534217834472656,7909000
2015-07-10,58.92744064331055,5631900
2015-07-13,59.04603958129883,5038800
2015-07-14,59.638980865478516,5218600
2015-07-15,58.82134246826172,6490400
2015-07-16,58.97114562988281,6422700
2015-07-17,58.1410026550293,8214200
2015-07-20,58.009925842285156,6018100
2015-07-21,58.609130859375,7043100
2015-07-22,58.365692138671875,9327500
2015-07-23,58.009925842285156,7360700
2015-07-24,56.54938507080078,11158400
2015-07-27,55.638099670410156,10342700
2015-07-28,57.672882080078125,11536900
2015-07-29,58.20341110229492,9821500
2015-07-30,58.06608200073242,6435700
2015-07-31,55.22615051269531,19063400
2015-08-03,53.42855453491211,14142200
2015-08-04,53.185115814208984,8537200
2015-08-05,52.448604583740234,11254600
2015-08-06,53.172645568847656,9805000
2015-08-07,52.27383804321289,7422000
2015-08-10,53.609561920166016,8342000
2015-08-11,53.54090118408203,9797400
2015-08-12,54.17129898071289,11316300
2015-08-13,53.5845947265625,9562400
2015-08-14,53.67196273803711,7748900
2015-08-17,52.60383987426758,12602500
2015-08-18,52.736572265625,9093400
2015-08-19,51.137535095214844,13129000
2015-08-20,50.08203125,11857200
2015-08-21,47.88257598876953,18383600
2015-08-24,45.58198928833008,24191900
2015-08-25,44.254730224609375,21128000
2015-08-26,46.19504928588867,17400400
2015-08-27,49.07079315185547,21539600
2015-08-28,50.834144592285156,23735400
2015-08-31,51.188106536865234,16880400
2015-09-01,49.41838836669922,17954200
2015-09-02,49.33625793457031,14255900
2015-09-03,49.462669372558594,12282600
2015-09-04,48.45771408081055,11210000
2015-09-08,48.5651741027832,9316500
2015-09-09,47.3516731262207,11297400
2015-09-10,47.819374084472656,11475200
2015-09-11,47.90152359008789,11032100
2015-09-14,47.888893127441406,10235500
2015-09-15,48.77373504638672,11678100
2015-09-16,49.94300079345703,12593500
2015-09-17,50.18947982788086,12324300
2015-09-18,49.134002685546875,18635900
2015-09-21,49.355194091796875,8523500
2015-09-22,48.824302673339844,9692300
2015-09-23,48.1101188659668,9043000
2015-09-24,48.59677505493164,10302600
2015-09-25,49.10869598388672,10862600
2015-09-28,47.888893127441406,10567000
2015-09-29,48.19227600097656,8797800
2015-09-30,49.8545036315918,14108800
2015-10-01,49.513206481933594,11111900
2015-10-02,51.542022705078125,13051900
2015-10-05,53.109458923339844,14196800
2015-10-06,54.98027038574219,18897100
2015-10-07,55.69448471069336,17670500
2015-10-08,56.825809478759766,11299100
2015-10-09,56.61090850830078,10011100
2015-10-12,56.086341857910156,7917500
2015-10-13,55.85879898071289,8012500
2015-10-14,56.73099899291992,9734500
2015-10-15,57.33775329589844,8960400
2015-10-16,57.69799041748047,7821200
2015-10-19,56.90165328979492,8900400
2015-10-20,56.876365661621094,8221100
2015-10-21,56.459228515625,7423400
2015-10-22,57.906585693359375,8971700
2015-10-23,57.666385650634766,8134800
2015-10-26,56.105281829833984,8606600
2015-10-27,55.42900085449219,9328800
2015-10-28,56.74997329711914,8236500
2015-10-29,56.813167572021484,6686000
2015-10-30,57.43886184692383,11559300
2015-11-02,60.01755905151367,14277300
2015-11-03,62.02741241455078,17669200
2015-11-04,61.16153335571289,11931300
2015-11-05,59.75841522216797,11184800
2015-11-06,59.42976379394531,9634200
2015-11-09,58.349002838134766,7659100
2015-11-10,58.92413330078125,6823100
2015-11-11,58.266845703125,6085300
2015-11-12,56.794185638427734,8951300
2015-11-13,56.04841995239258,7676600
2015-11-16,58.50503921508789,10101100
2015-11-17,58.23634338378906,7575800
2015-11-18,58.99126434326172,6886900
2015-11-19,58.10837936401367,6096700
2015-11-20,56.94406509399414,8561400
2015-11-23,57.583778381347656,6889600
2015-11-24,58.4410514831543,8549000
2015-11-25,58.13398742675781,5419300
2015-11-27,57.81410217285156,2547800
2015-11-30,58.421871185302734,12179400
2015-12-01,59.16395568847656,6975500
2015-12-02,57.737327575683594,11830700
2015-12-03,56.84169006347656,10996800
2015-12-04,57.391883850097656,13170200
2015-12-07,55.83726501464844,15378900
2015-12-08,55.29991149902344,13397500
2015-12-09,56.0419921875,14675800
2015-12-10,57.129573822021484,14534800
2015-12-11,55.29991149902344,13186900
2015-12-14,57.14877700805664,12430700
2015-12-15,59.34309768676758,19158500
2015-12-16,59.77812194824219,16917900
2015-12-17,57.922855377197266,14082500
2015-12-18,57.455841064453125,20167200
2015-12-21,57.09120559692383,12852300
2015-12-22,57.7501220703125,9661700
2015-12-23,60.01484298706055,11172800
2015-12-24,58.888893127441406,4998700
2015-12-28,57.80771255493164,6800000
2015-12-29,58.37708282470703,6471200
2015-12-30,57.634986877441406,5600200
2015-12-31,57.55183029174805,6988700
2016-01-04,56.84169006347656,11397300
2016-01-05,57.32790756225586,7883400
2016-01-06,55.06319046020508,14511400
2016-01-07,53.11195755004883,15368800
2016-01-08,52.54256820678711,11891600
2016-01-11,51.67253112792969,14366400
2016-01-12,52.555355072021484,13477500
2016-01-13,52.03076934814453,15550100
2016-01-14,54.679344177246094,16433400
2016-01-15,53.52779006958008,17870300
2016-01-19,52.14592361450195,13155600
2016-01-20,50.527374267578125,26151100
2016-01-21,51.851654052734375,16107800
2016-01-22,53.44462203979492,15724600
2016-01-25,51.74928283691406,12370300
2016-01-26,53.81565856933594,12191400
2016-01-27,53.284690856933594,12380600
2016-01-28,54.967227935791016,13017400
2016-01-29,55.3191032409668,20248900
2016-02-01,54.5641975402832,10958300
2016-02-02,51.973201751708984,13326200
2016-02-03,54.135562896728516,13964100
2016-02-04,54.24431228637695,12825000
2016-02-05,53.02238845825195,15090100
2016-02-08,55.01201248168945,17712800
2016-02-09,53.047977447509766,12605600
2016-02-10,53.124752044677734,12110300
2016-02-11,53.09274673461914,12741400
2016-02-12,54.65372848510742,9835100
2016-02-16,54.94527053833008,10631500
2016-02-17,57.212799072265625,12710500
2016-02-18,56.189186096191406,9517800
2016-02-19,56.04017639160156,9783300
2016-02-22,57.5432243347168,10299900
2016-02-23,55.01008224487305,10655800
2016-02-24,55.243289947509766,9775200
2016-02-25,55.26273727416992,9452600
2016-02-26,54.647281646728516,9369900
2016-02-29,54.05771255493164,11549600
2016-03-01,55.800472259521484,11614700
2016-03-02,56.45482635498047,9637600
2016-03-03,56.70748519897461,8526100
2016-03-04,56.96662902832031,9328600
2016-03-07,58.74177551269531,12784300
2016-03-08,57.49139404296875,10508400
2016-03-09,60.13467788696289,19323100
2016-03-10,60.86029052734375,12090900
2016-03-11,61.274925231933594,14098800
2016-03-14,61.067588806152344,6898900
2016-03-15,61.07406997680664,7006300
2016-03-16,61.80614471435547,9969200
2016-03-17,62.771484375,10679400
2016-03-18,63.28977966308594,14436300
2016-03-21,62.47993850708008,8040100
2016-03-22,61.870948791503906,7567100
2016-03-23,60.63353729248047,10302800
2016-03-24,61.4498405456543,8159100
2016-03-28,61.33970260620117,5054000
2016-03-29,61.754329681396484,6616600
2016-03-30,61.708984375,6182900
2016-03-31,61.80614471435547,5943900
2016-04-01,61.067588806152344,7555900
2016-04-04,60.52986145019531,6552000
2016-04-05,60.037506103515625,6662000
2016-04-06,61.443363189697266,6836400
2016-04-07,61.41096496582031,6817700
2016-04-08,62.40868377685547,7108500
2016-04-11,61.702484130859375,6644200
2016-04-12,63.173152923583984,8783400
2016-04-13,63.23146438598633,6406800
2016-04-14,63.47764587402344,6162200
2016-04-15,62.99175262451172,6551600
2016-04-18,63.94408416748047,7770200
2016-04-19,65.11026000976562,10584800
2016-04-20,65.88121795654297,10150500
2016-04-21,65.693359375,8278600
2016-04-22,66.08855438232422,5754000
2016-04-25,65.76461029052734,6612100
2016-04-26,66.26994323730469,5650700
2016-04-27,67.28060913085938,8383600
2016-04-28,66.34121704101562,7598000
2016-04-29,66.19867706298828,8826900
2016-05-02,66.93077087402344,6844500
2016-05-03,65.64149475097656,7033600
2016-05-04,65.1685791015625,7444100
2016-05-05,65.70629119873047,6474300
2016-05-06,65.99137115478516,5966800
2016-05-09,65.0130844116211,9342100
2016-05-10,65.60911560058594,6698100
2016-05-11,65.52490997314453,6850700
2016-05-12,66.15982055664062,6532400
2016-05-13,65.26576232910156,5665200
2016-05-16,66.26994323730469,6779400
2016-05-17,65.96222686767578,7028000
2016-05-18,65.51045989990234,5927500
2016-05-19,65.37300109863281,6241100
2016-05-20,65.33370208740234,4707100
2016-05-23,65.06526947021484,4231200
2016-05-24,65.59559631347656,4383300
2016-05-25,66.6300277709961,5428200
2016-05-26,66.45325469970703,4147200
2016-05-27,66.79369354248047,5008900
2016-05-31,66.12591552734375,8141800
2016-06-01,66.21102905273438,4815200
2016-06-02,65.81819915771484,6714100
2016-06-03,65.9032974243164,4957800
2016-06-06,66.23719024658203,5948200
2016-06-07,67.64483642578125,9807000
2016-06-08,67.49422454833984,6318100
2016-06-09,67.31092834472656,4247500
2016-06-10,66.76750946044922,8108400
2016-06-13,66.84609985351562,6360100
2016-06-14,66.3092041015625,6924000
2016-06-15,65.8836669921875,5627000
2016-06-16,66.1717300415039,8043000
2016-06-17,66.49908447265625,8762200
2016-06-20,67.17999267578125,6627000
2016-06-21,67.59246063232422,4938700
2016-06-22,66.97050476074219,4866400
2016-06-23,68.37809753417969,5593600
2016-06-24,66.71515655517578,11481400
2016-06-27,65.70687103271484,8248700
2016-06-28,66.5383529663086,7171100
2016-06-29,67.71031951904297,8887500
2016-06-30,68.6334457397461,7649700
2016-07-01,68.1882553100586,6117800
2016-07-05,67.80851745605469,7766600
2016-07-06,68.46977996826172,6166900
2016-07-07,67.46805572509766,7707400
2016-07-08,68.59415435791016,9043600
2016-07-11,69.00007629394531,7206100
2016-07-12,69.91014099121094,8377200
2016-07-13,69.82500457763672,5959900
2016-07-14,69.85774993896484,4750900
2016-07-15,70.07384490966797,6164300
2016-07-18,69.45838928222656,4931500
2016-07-19,69.42564392089844,4630800
2016-07-20,69.13103485107422,6802000
2016-07-21,69.00007629394531,5701000
2016-07-22,69.17687225341797,5255400
2016-07-25,67.48113250732422,7784000
2016-07-26,67.22582244873047,6101100
2016-07-27,66.95086669921875,5412200
2016-07-28,66.64312744140625,8226200
2016-07-29,67.0948715209961,10157600
2016-08-01,64.88849639892578,11550600
2016-08-02,65.20276641845703,9752700
2016-08-03,65.87057495117188,6611700
2016-08-04,65.72650909423828,6088100
2016-08-05,65.80510711669922,6710500
2016-08-08,66.25685119628906,5447500
2016-08-09,66.33538818359375,4957300
2016-08-10,65.56283569335938,5081300
2016-08-11,66.3877944946289,4836600
2016-08-12,66.88534545898438,5199000
2016-08-15,67.28473663330078,4886300
2016-08-16,67.18653106689453,5384300
2016-08-17,67.62982177734375,5311600
2016-08-18,68.50975799560547,6944400
2016-08-19,67.69596099853516,5057200
2016-08-22,67.4445571899414,5494900
2016-08-23,67.27255249023438,4929700
2016-08-24,67.61659240722656,5178300
2016-08-25,67.41148376464844,4490100
2016-08-26,67.03434753417969,4776200
2016-08-29,67.51734924316406,4026900
2016-08-30,67.28579711914062,3712800
2016-08-31,66.5447769165039,6249100
2016-09-01,66.29998016357422,6045000
2016-09-02,66.7763442993164,4676600
2016-09-06,67.76873779296875,5429000
2016-09-07,68.06648254394531,5284300
2016-09-08,68.8868637084961,5788800
2016-09-09,67.00128936767578,7808700
2016-09-12,67.649658203125,8149100
2016-09-13,65.7839126586914,9300400
2016-09-14,65.11568450927734,8201400
2016-09-15,65.83023071289062,6701600
2016-09-16,64.73194885253906,12725600
2016-09-19,64.86429595947266,6182000
2016-09-20,64.63934326171875,5771900
2016-09-21,65.9162368774414,6361600
2016-09-22,66.14781951904297,5416700
2016-09-23,65.64498901367188,7396800
2016-09-26,65.35387420654297,5781800
2016-09-27,65.4862060546875,6476100
2016-09-28,67.58348846435547,10190900
2016-09-29,67.00128936767578,8148400
2016-09-30,68.09293365478516,9431500
2016-10-03,67.78197479248047,4334700
2016-10-04,67.00128936767578,6505400
2016-10-05,67.63643646240234,5912800
2016-10-06,67.60336303710938,4362900
2016-10-07,67.66289520263672,5844500
2016-10-10,68.79425811767578,5982700
2016-10-11,68.17230987548828,5337300
2016-10-12,67.58348846435547,4935100
2016-10-13,66.6837158203125,7883000
2016-10-14,66.8755874633789,5114700
2016-10-17,67.06082153320312,4540800
2016-10-18,67.34532928466797,4720900
2016-10-19,67.66289520263672,5905700
2016-10-20,67.39824676513672,4820900
2016-10-21,67.02114868164062,5622400
2016-10-24,66.59770965576172,6077300
2016-10-25,66.67047119140625,4730700
2016-10-26,66.9483642578125,6353700
2016-10-27,66.10810089111328,9897800
2016-10-28,68.6883773803711,17435400
2016-10-31,69.3037109375,12340800
2016-11-01,70.44827270507812,12755600
2016-11-02,69.72711181640625,8405200
2016-11-03,69.72711181640625,5703200
2016-11-04,69.32353973388672,7085400
2016-11-07,70.69306945800781,7333800
2016-11-08,70.98418426513672,8050000
2016-11-09,71.21573638916016,9161800
2016-11-10,71.31499481201172,8739500
2016-11-11,70.55414581298828,7939500
2016-11-14,70.52107238769531,7656000
2016-11-15,72.08906555175781,12156500
2016-11-16,72.40314483642578,7723700
2016-11-17,72.24944305419922,6638100
2016-11-18,72.97113800048828,6815500
2016-11-21,73.62600708007812,8476800
2016-11-22,73.92005157470703,6440500
2016-11-23,74.17395782470703,4472700
2016-11-25,74.17395782470703,3238600
2016-11-28,73.83984375,6406700
2016-11-29,73.06468963623047,7461900
2016-11-30,74.54817199707031,17301900
2016-12-01,75.7042236328125,11792300
2016-12-02,75.51044464111328,6167400
2016-12-05,75.67747497558594,6909800
2016-12-06,75.35004425048828,6033600
2016-12-07,76.47269439697266,6434100
2016-12-08,76.96050262451172,5519700
2016-12-09,77.38817596435547,5771600
2016-12-12,78.28359985351562,10044700
2016-12-13,78.46402740478516,8644200
2016-12-14,77.48838806152344,7878400
2016-12-15,78.21678924560547,7458300
2016-12-16,78.9050521850586,13752300
2016-12-19,78.61770629882812,5772500
2016-12-20,78.81818389892578,4319100
2016-12-21,78.79144287109375,5024600
2016-12-22,79.36614227294922,4992500
2016-12-23,79.13224792480469,2682900
2016-12-27,78.99860382080078,2986900
2016-12-28,78.79144287109375,4086700
2016-12-29,78.73133087158203,3214500
2016-12-30,78.65113067626953,5020500
2017-01-03,78.7513656616211,7404800
2017-01-04,78.73133087158203,6679900
2017-01-05,78.3905258178711,5928600
2017-01-06,78.076416015625,4762500
2017-01-09,77.4082260131836,6891800
2017-01-10,76.82015991210938,6184400
2017-01-11,77.46835327148438,6158200
2017-01-12,77.62203979492188,4940000
2017-01-13,77.76904296875,4953000
2017-01-17,77.70222473144531,4669700
2017-01-18,77.47505187988281,4855300
2017-01-19,77.23446655273438,3427800
2017-01-20,77.24781799316406,6730900
2017-01-23,77.10749816894531,5104100
2017-01-24,77.76235961914062,5024400
2017-01-25,78.3437271118164,5276800
2017-01-26,77.88267517089844,6937300
2017-01-27,76.03833770751953,11698900
2017-01-30,74.72190856933594,8252900
2017-01-31,74.40785217285156,7951000
2017-02-01,74.17395782470703,5889300
2017-02-02,74.9825210571289,6289000
2017-02-03,75.89132690429688,6623500
2017-02-06,75.4970703125,5637300
2017-02-07,74.43457794189453,6038400
2017-02-08,74.5615234375,5188800
2017-02-09,75.01593017578125,4607800
2017-02-10,75.5438232421875,6194300
2017-02-13,76.11852264404297,4858500
2017-02-14,75.90938568115234,5811200
2017-02-15,75.943115234375,7048100
2017-02-16,74.6680679321289,9478200
2017-02-17,74.43194580078125,8111000
2017-02-21,75.36968231201172,6619100
2017-02-22,74.46569061279297,5732000
2017-02-23,74.89743041992188,8659700
2017-02-24,74.29027557373047,6189400
2017-02-27,75.3899154663086,7275800
2017-02-28,75.89588165283203,7030200
2017-03-01,76.8268814086914,7353800
2017-03-02,76.47605895996094,5892500
2017-03-03,76.604248046875,4905600
2017-03-06,76.34789276123047,4731900
2017-03-07,75.43040466308594,6660300
2017-03-08,73.94619750976562,9071600
2017-03-09,74.2363052368164,7247400
2017-03-10,74.620849609375,6560300
2017-03-13,73.77082061767578,6369300
2017-03-14,72.42829132080078,9935700
2017-03-15,73.45374298095703,9472100
2017-03-16,72.7656021118164,8894700
2017-03-17,72.6441650390625,14353400
2017-03-20,72.63069152832031,5301900
2017-03-21,72.88702392578125,7406300
2017-03-22,73.12316131591797,8106800
2017-03-23,72.77237701416016,5451200
2017-03-24,72.8532943725586,6339900
2017-03-27,71.69970703125,6479400
2017-03-28,72.30008697509766,6331500
2017-03-29,72.90727233886719,4919900
2017-03-30,72.7116470336914,6797700
2017-03-31,72.43504333496094,6159000
2017-04-03,72.72511291503906,5800900
2017-04-04,73.30530548095703,4687400
2017-04-05,73.29181671142578,6398800
2017-04-06,73.73033142089844,3934500
2017-04-07,73.44023895263672,4889400
2017-04-10,73.82476806640625,4812100
2017-04-11,73.51445770263672,3956500
2017-04-12,73.51445770263672,5053300
2017-04-13,71.57826232910156,6894800
2017-04-17,71.62548065185547,5278800
2017-04-18,71.29491424560547,4252700
2017-04-19,70.31671142578125,6667900
2017-04-20,70.75521087646484,4988100
2017-04-21,70.76194763183594,5432600
2017-04-24,71.46359252929688,4538200
2017-04-25,72.0032730102539,4619000
2017-04-26,71.56475830078125,6687400
2017-04-27,71.15320587158203,5781800
2017-04-28,71.98304748535156,6848400
2017-05-01,71.45684051513672,4955500
2017-05-02,71.07902526855469,5112200
2017-05-03,71.99652862548828,5663000
2017-05-04,70.70797729492188,8039900
2017-05-05,71.36912536621094,5060000
2017-05-08,71.96952056884766,5175100
2017-05-09,70.89013671875,5024000
2017-05-10,71.84809112548828,5582800
2017-05-11,71.65247344970703,4632100
2017-05-12,71.48380279541016,4488200
2017-05-15,72.08422088623047,6647500
2017-05-16,72.35407257080078,5001400
2017-05-17,71.3522720336914,6384300
2017-05-18,71.6725845336914,5618100
2017-05-19,72.59259796142578,8383500
2017-05-22,72.32003021240234,4491100
2017-05-23,72.4222412109375,3457100
2017-05-24,72.3881607055664,3457200
2017-05-25,71.63170623779297,5293800
2017-05-26,71.36592102050781,3752500
2017-05-30,70.9161148071289,4288000
2017-05-31,70.52086639404297,8037900
2017-06-01,71.05926513671875,4769400
2017-06-02,70.26871490478516,5864000
2017-06-05,70.32322692871094,4523300
2017-06-06,70.9910888671875,4683900
2017-06-07,70.71849060058594,7197100
2017-06-08,70.87523651123047,6493600
2017-06-09,72.51081848144531,6595600
2017-06-12,73.62846374511719,8690600
2017-06-13,73.68978881835938,6099700
2017-06-14,72.64710998535156,6202300
2017-06-15,72.4631118774414,5441400
2017-06-16,73.83973693847656,11633900
2017-06-19,73.23320770263672,4577800
2017-06-20,72.56534576416016,5171200
2017-06-21,71.20918273925781,6989400
2017-06-22,71.1819076538086,4197400
2017-06-23,71.55672454833984,5773300
2017-06-26,70.97064971923828,3602500
2017-06-27,70.92295837402344,4170300
2017-06-28,71.06607055664062,4162300
2017-06-29,70.95702362060547,4288600
2017-06-30,71.10013580322266,5497000
2017-07-03,72.44268035888672,4419100
2017-07-05,71.29776763916016,4482700
2017-07-06,70.75257110595703,5084800
2017-07-07,70.5276870727539,6457000
2017-07-10,70.22100830078125,4629000
2017-07-11,70.27552795410156,4322400
2017-07-12,70.80030059814453,3978100
2017-07-13,70.96385192871094,4439100
2017-07-14,71.17509460449219,3644300
2017-07-17,71.01837921142578,5572400
2017-07-18,70.6844253540039,4339400
2017-07-19,71.188720703125,4932000
2017-07-20,71.30458068847656,5367800
2017-07-21,70.36412811279297,5304100
2017-07-24,70.33004760742188,4080400
2017-07-25,71.14103698730469,7093800
2017-07-26,71.6385269165039,5881400
2017-07-27,72.31320190429688,5888400
2017-07-28,73.68299865722656,7812600
2017-07-31,74.41220092773438,7561200
2017-08-01,75.49574279785156,8162900
2017-08-02,75.27767944335938,6212300
2017-08-03,74.57573699951172,5605400
2017-08-04,75.03916931152344,4643500
2017-08-07,74.81427764892578,4762800
2017-08-08,75.20272064208984,4107300
2017-08-09,75.57074737548828,3966800
2017-08-10,75.03916931152344,4950700
2017-08-11,74.43946075439453,3383000
2017-08-14,74.08505249023438,4286100
2017-08-15,73.98966217041016,5310700
2017-08-16,73.5422592163086,4186600
2017-08-17,72.90898895263672,5870300
2017-08-18,73.29444122314453,5467400
2017-08-21,72.81258392333984,3560400
2017-08-22,73.21184539794922,5630900
2017-08-23,73.38390350341797,4185800
2017-08-24,73.95523834228516,5059700
2017-08-25,74.49903106689453,4384200
2017-08-28,74.17550659179688,3681600
2017-08-29,74.24435424804688,3230600
2017-08-30,74.15483093261719,3126000
2017-08-31,74.07916259765625,5508200
2017-09-01,74.86385345458984,3660300
2017-09-05,75.33192443847656,5198500
2017-09-06,76.94953918457031,8577300
2017-09-07,76.95640563964844,5937800
2017-09-08,76.25428771972656,4033100
2017-09-11,77.45201873779297,5973400
2017-09-12,77.4313735961914,5110100
2017-09-13,78.59465026855469,5889400
2017-09-14,78.7804946899414,5819100
2017-09-15,78.90440368652344,8387600
2017-09-18,79.2898941040039,4954600
2017-09-19,80.08146667480469,6188000
2017-09-20,80.10211944580078,5378200
2017-09-21,80.17096710205078,4334500
2017-09-22,80.73541259765625,5307100
2017-09-25,81.21724700927734,5980300
2017-09-26,80.89373779296875,4874700
2017-09-27,80.84552001953125,3926800
2017-09-28,80.96253967285156,4949000
2017-09-29,80.87995147705078,4874800
2017-10-02,80.8317642211914,4285600
2017-10-03,81.10023498535156,3892200
2017-10-04,80.93500518798828,3443400
2017-10-05,81.62333679199219,5470900
2017-10-06,80.5564193725586,3533300
2017-10-09,81.02452087402344,2951900
2017-10-10,81.77478790283203,5683100
2017-10-11,82.13961029052734,3926100
2017-10-12,82.00881958007812,3929700
2017-10-13,82.0225830078125,4640100
2017-10-16,82.69029235839844,5500700
2017-10-17,82.75222778320312,4844300
2017-10-18,81.3273696899414,5505100
2017-10-19,81.36177062988281,4576600
2017-10-20,81.6646499633789,4924300
2017-10-23,81.86428833007812,3872400
2017-10-24,82.07078552246094,4472400
2017-10-25,81.52696990966797,4553100
2017-10-26,81.52696990966797,4092900
2017-10-27,78.15411376953125,14534100
2017-10-30,78.73918914794922,7517800
2017-10-31,79.77171325683594,7154800
2017-11-01,79.7785873413086,5030300
2017-11-02,79.38626098632812,4329600
2017-11-03,79.15220642089844,4101800
2017-11-06,80.56331634521484,5950300
2017-11-07,80.70098114013672,5219500
2017-11-08,80.3086166381836,5092800
2017-11-09,80.70098114013672,5103300
2017-11-10,80.65966796875,5156900
2017-11-13,80.694091796875,4279200
2017-11-14,80.48069763183594,6996500
2017-11-15,80.15719604492188,5372600
2017-11-16,79.60136413574219,5888700
2017-11-17,79.69863891601562,4337500
2017-11-20,79.70559692382812,4634200
2017-11-21,80.01822662353516,4596000
2017-11-22,80.53238677978516,3951000
2017-11-24,80.9492416381836,1744200
2017-11-27,80.31005096435547,4490300
2017-11-28,80.90755462646484,4004700
2017-11-29,81.41472625732422,3661000
2017-11-30,82.67230224609375,7896600
2017-12-01,83.03359985351562,6831800
2017-12-04,83.95767211914062,7366400
2017-12-05,83.64500427246094,4380700
2017-12-06,83.10307312011719,4852500
2017-12-07,83.116943359375,4908500
2017-12-08,83.3184585571289,4122200
2017-12-11,83.66586303710938,5929700
2017-12-12,83.15170288085938,4300200
2017-12-13,83.32540130615234,4399800
2017-12-14,83.04749298095703,3736900
2017-12-15,83.18647003173828,11226900
2017-12-18,83.16558837890625,4654100
2017-12-19,83.26286315917969,4599300
2017-12-20,83.99239349365234,6286700
2017-12-21,86.72288513183594,10109000
2017-12-22,86.83407592773438,4735100
2017-12-26,87.52885437011719,3348500
2017-12-27,87.2300796508789,3452300
2017-12-28,87.25093841552734,2191800
2017-12-29,86.97997283935547,3829000
2018-01-02,88.6405029296875,5626000
2018-01-03,89.2866439819336,5805500
2018-01-04,89.00874328613281,4598300
2018-01-05,88.8628158569336,4189200
2018-01-08,89.30052947998047,4826100
2018-01-09,88.82115173339844,4422300
2018-01-10,89.39086151123047,5292200
2018-01-11,92.10747528076172,11641300
2018-01-12,92.8230972290039,7232900
2018-01-16,91.71837615966797,6254200
2018-01-17,91.9615707397461,5632700
2018-01-18,91.42656707763672,5890000
2018-01-19,91.22509765625,6048900
2018-01-22,92.10053253173828,5248800
2018-01-23,91.0305404663086,5747300
2018-01-24,91.2876205444336,6868200
2018-01-25,90.77346801757812,4597200
2018-01-26,91.14865112304688,6310500
2018-01-29,89.26579284667969,6350700
2018-01-30,87.00774383544922,8084000
2018-01-31,87.09112548828125,9626800
2018-02-01,87.24398040771484,7844500
2018-02-02,82.38744354248047,13182600
2018-02-05,78.24654388427734,15414700
2018-02-06,81.41472625732422,18416300
2018-02-07,80.10160064697266,11535700
2018-02-08,78.02420043945312,9927500
2018-02-09,78.85794067382812,10922400
2018-02-12,79.19143676757812,8358200
2018-02-13,78.71204376220703,7065900
2018-02-14,78.9482650756836,7031900
2018-02-15,78.96229553222656,5405000
2018-02-16,78.68865203857422,5950400
2018-02-20,77.87466430664062,6810900
2018-02-21,76.52742004394531,6892300
2018-02-22,77.10980987548828,8176700
2018-02-23,79.00440216064453,6460200
2018-02-26,80.41481018066406,7405800
2018-02-27,79.72015380859375,6059700
2018-02-28,78.53427124023438,7441000
2018-03-01,78.61845397949219,7516700
2018-03-02,78.3377914428711,6607300
2018-03-05,79.39737701416016,7814900
2018-03-06,79.7481918334961,7957900
2018-03-07,79.88153076171875,6660000
2018-03-08,79.5376968383789,6095100
2018-03-09,82.25328063964844,8833300
2018-03-12,81.9515380859375,6877000
2018-03-13,81.71997833251953,6793100
2018-03-14,80.78671264648438,5051000
2018-03-15,81.10247802734375,4519700
2018-03-16,80.97618103027344,14909400
2018-03-19,79.9166259765625,4803500
2018-03-20,80.34465026855469,4587200
2018-03-21,82.1269760131836,6829600
2018-03-22,79.7833023071289,6297200
2018-03-23,79.27808380126953,6227200
2018-03-26,80.94107818603516,6868700
2018-03-27,80.4569091796875,5530800
2018-03-28,78.66056060791016,6985300
2018-03-29,80.0218734741211,6627800
2018-04-02,78.7588119506836,6228600
2018-04-03,80.5761947631836,6717300
2018-04-04,80.33061981201172,5727200
2018-04-05,82.30239868164062,7204900
2018-04-06,80.52709197998047,7094500
2018-04-09,81.38317108154297,6933800
2018-04-10,83.39703369140625,7612800
2018-04-11,83.677734375,6246800
2018-04-12,83.66368865966797,6702000
2018-04-13,84.14785766601562,5508100
2018-04-16,84.69517517089844,4598000
2018-04-17,85.2284927368164,6488300
2018-04-18,86.88449096679688,9132500
2018-04-19,86.80732727050781,7159400
2018-04-20,85.82492065429688,7561200
2018-04-23,86.7160873413086,6113100
2018-04-24,85.986328125,7980500
2018-04-25,86.11264038085938,5331100
2018-04-26,87.16517639160156,6268400
2018-04-27,88.84923553466797,8836600
2018-04-30,87.78970336914062,7631600
2018-05-01,87.6142578125,7093700
2018-05-02,88.05632019042969,5909100
2018-05-03,88.42121124267578,6727700
2018-05-04,88.08441925048828,5403100
2018-05-07,87.67040252685547,6999700
2018-05-08,88.81417083740234,8937000
2018-05-09,90.32281494140625,11442700
2018-05-10,90.39300537109375,5446000
2018-05-11,91.10874938964844,8092300
2018-05-14,91.49466705322266,6212400
2018-05-15,91.03856658935547,5201700
2018-05-16,90.9122543334961,5405100
2018-05-17,91.63423156738281,5241600
2018-05-18,90.501708984375,6385800
2018-05-21,91.57051849365234,5081200
2018-05-22,90.76360321044922,5444200
2018-05-23,91.09627532958984,6017200
2018-05-24,89.616943359375,5906200
2018-05-25,86.4883804321289,8936600
2018-05-29,85.9221420288086,7385700
2018-05-30,88.59062194824219,7125300
2018-05-31,87.98188781738281,7460700
2018-06-01,87.66337585449219,5749900
2018-06-04,86.53793334960938,5760500
2018-06-05,86.87060546875,5672600
2018-06-06,87.3306884765625,6213400
2018-06-07,89.86469268798828,8607200
2018-06-08,89.49662017822266,5108800
2018-06-11,90.28935241699219,6085100
2018-06-12,89.94961547851562,4543000
2018-06-13,89.94254302978516,6317900
2018-06-14,89.54615783691406,5056800
2018-06-15,87.79784393310547,13223800
2018-06-18,89.16394805908203,7696800
2018-06-19,88.85958862304688,5947800
2018-06-20,88.6826400756836,7980700
2018-06-21,86.77149963378906,7290800
2018-06-22,88.54814147949219,8535200
2018-06-25,86.78565979003906,5801900
2018-06-26,87.88278198242188,4592800
2018-06-27,89.18517303466797,6339500
2018-06-28,88.94451141357422,3814800
2018-06-29,89.48953247070312,5669700
2018-07-02,87.94647979736328,5073500
2018-07-03,88.28624725341797,3919600
2018-07-05,87.75538635253906,5926900
2018-07-06,87.8686294555664,4020000
2018-07-09,89.1781005859375,4602200
2018-07-10,90.31059265136719,5092100
2018-07-11,87.4297866821289,6631800
2018-07-12,87.95356750488281,3745200
2018-07-13,87.79784393310547,3352800
2018-07-16,87.04756927490234,4317800
2018-07-17,86.29019927978516,4135200
2018-07-18,86.0212173461914,6061300
2018-07-19,86.12031555175781,4471400
2018-07-20,86.5450210571289,5394700
2018-07-23,85.87965393066406,5359400
2018-07-24,87.66337585449219,4423500
2018-07-25,88.40657043457031,4278800
2018-07-26,87.73414611816406,5544100
2018-07-27,89.16394805908203,7580900
2018-07-30,90.4804916381836,5729300
2018-07-31,89.37627410888672,5894400
2018-08-01,88.75341033935547,4661000
2018-08-02,87.59967041015625,4639600
2018-08-03,87.80492401123047,5299400
2018-08-06,87.98188781738281,4455900
2018-08-07,88.60476684570312,4542000
2018-08-08,87.68460083007812,5957200
2018-08-09,86.72901916503906,5218300
2018-08-10,87.30236053466797,6128000
2018-08-13,86.66535186767578,4360000
2018-08-14,86.76441955566406,3622200
2018-08-15,83.48016357421875,9476700
2018-08-16,84.08041381835938,5455200
2018-08-17,84.18048095703125,6112900
2018-08-20,84.14470672607422,5403600
2018-08-21,84.28052520751953,4875800
2018-08-22,84.98081970214844,3636900
2018-08-23,84.39485931396484,3962500
2018-08-24,85.045166015625,4415400
2018-08-27,86.00270080566406,3901900
2018-08-28,85.6525650024414,4685700
2018-08-29,85.9098129272461,4101700
2018-08-30,85.61681365966797,3353000
2018-08-31,84.65210723876953,5287000
2018-09-04,84.94510650634766,4590900
2018-09-05,84.98081970214844,4619400
2018-09-06,82.34393310546875,8191100
2018-09-07,81.89374542236328,6637800
2018-09-10,81.80797576904297,5870900
2018-09-11,82.19387817382812,5605300
2018-09-12,82.74410247802734,5067800
2018-09-13,83.1085433959961,6297700
2018-09-14,83.88032531738281,4947800
2018-09-17,83.9732437133789,5560200
2018-09-18,84.41626739501953,4966300
2018-09-19,85.40243530273438,4855300
2018-09-20,85.33814239501953,5846700
2018-09-21,86.56010437011719,13703600
2018-09-24,87.62488555908203,6534100
2018-09-25,88.16082000732422,5396400
2018-09-26,87.14607238769531,4231400
2018-09-27,87.51766967773438,4533400
2018-09-28,87.38189697265625,5202900
2018-10-01,88.88970947265625,5348200
2018-10-02,89.13983917236328,5445400
2018-10-03,89.5471420288086,4479500
2018-10-04,89.2898941040039,4824300
2018-10-05,89.56143951416016,4318000
2018-10-08,89.21128845214844,6267700
2018-10-09,90.6261978149414,6797900
2018-10-10,87.61058044433594,6504400
2018-10-11,84.63067626953125,8589900
2018-10-12,84.15901184082031,7450700
2018-10-15,83.56591033935547,6047300
2018-10-16,83.9732437133789,4846100
2018-10-17,83.81602478027344,6978700
2018-10-18,83.94465637207031,7391600
2018-10-19,84.4234390258789,7944400
2018-10-22,83.75883483886719,5644900
2018-10-23,81.03621673583984,8095300
2018-10-24,78.75662231445312,8035200
2018-10-25,79.73561096191406,5734000
2018-10-26,79.69988250732422,8035500
2018-10-29,77.84191131591797,8598300
2018-10-30,79.21395874023438,7523800
2018-10-31,79.78564453125,7429800
2018-11-01,79.44264221191406,10572000
2018-11-02,81.98663330078125,9890400
2018-11-05,84.99512481689453,8758700
2018-11-06,84.9665298461914,5273200
2018-11-07,86.37431335449219,4848800
2018-11-08,85.29524230957031,9532400
2018-11-09,85.40243530273438,6565700
2018-11-12,83.88748931884766,10550800
2018-11-13,82.4296646118164,6846200
2018-11-14,82.694091796875,6783500
2018-11-15,84.38981628417969,7218100
2018-11-16,85.9123764038086,6706900
2018-11-19,86.17214965820312,5328300
2018-11-20,83.7764663696289,7983500
2018-11-21,84.83722686767578,5624400
2018-11-23,81.97248840332031,5577800
2018-11-26,82.9682846069336,6953000
2018-11-27,83.13426971435547,6339200
2018-11-28,85.24851989746094,6841700
2018-11-29,85.7608413696289,6656900
2018-11-30,85.8257827758789,6712500
2018-12-03,87.07414245605469,8237600
2018-12-04,84.59906768798828,8288100
2018-12-06,83.6393814086914,10715700
2018-12-07,83.33628845214844,9114400
2018-12-10,82.93943786621094,7674300
2018-12-11,83.3218765258789,5929400
2018-12-12,83.43011474609375,7891400
2018-12-13,83.6610107421875,7030500
2018-12-14,82.13845825195312,6195400
2018-12-17,81.1426773071289,7132400
2018-12-18,79.18717193603516,9658600
2018-12-19,77.80894470214844,10472400
2018-12-20,75.7524185180664,11612800
2018-12-21,75.19677734375,19912800
2018-12-24,72.87326049804688,5619500
2018-12-26,77.49143981933594,10779400
2018-12-27,78.88410949707031,10655100
2018-12-28,78.40064239501953,6445400
2018-12-31,78.50166320800781,6309600
2019-01-02,79.87268829345703,6384800
2019-01-03,78.3428955078125,6496200
2019-01-04,79.96648406982422,7952500
2019-01-07,81.00556945800781,5712700
2019-01-08,80.65198516845703,5674900
2019-01-09,81.7343521118164,7097000
2019-01-10,81.86427307128906,6078300
2019-01-11,81.20762634277344,4491700
2019-01-14,80.61590576171875,6121700
2019-01-15,80.90454864501953,4226100
2019-01-16,80.38500213623047,5624100
2019-01-17,80.78910827636719,4442700
2019-01-18,82.52811431884766,9382000
2019-01-22,81.06330108642578,7242000
2019-01-23,80.3777847290039,6082300
2019-01-24,81.90754699707031,8470700
2019-01-25,81.69828796386719,6261800
2019-01-28,80.94064331054688,6886600
2019-01-29,80.6952896118164,5359900
2019-01-30,81.5467529296875,7941700
2019-01-31,82.73018646240234,11225600
2019-02-01,85.41448211669922,10934300
2019-02-04,86.40306091308594,7987900
2019-02-05,86.2154541015625,6887400
2019-02-06,85.78248596191406,4990400
2019-02-07,85.3134536743164,7281900
2019-02-08,84.84442138671875,5671000
2019-02-11,84.38981628417969,4859600
2019-02-12,85.66704559326172,5400700
2019-02-13,86.28038787841797,5935900
2019-02-14,86.12004089355469,5406500
2019-02-15,86.98735046386719,6209800
2019-02-19,86.95820617675781,4277800
2019-02-20,87.6651840209961,5940600
2019-02-21,86.83431243896484,5139400
2019-02-22,87.01651000976562,4517600
2019-02-25,87.18413543701172,5196600
2019-02-26,87.4173583984375,5445600
2019-02-27,87.51941680908203,5289800
2019-02-28,87.15499877929688,6406500
2019-03-01,88.9406509399414,7743600
2019-03-04,89.00627136230469,7499500
2019-03-05,89.85902404785156,7345200
2019-03-06,90.03392028808594,7599900
2019-03-07,88.87506103515625,7201100
2019-03-08,88.6418228149414,7014100
2019-03-11,90.09952545166016,6088600
2019-03-12,90.30359649658203,6184300
2019-03-13,90.86480712890625,4707000
2019-03-14,90.81376647949219,5146400
2019-03-15,91.33125305175781,10449700
2019-03-18,91.74669647216797,5586900
2019-03-19,91.30939483642578,5096800
2019-03-20,90.87937927246094,6708500
2019-03-21,91.73212432861328,5050400
2019-03-22,89.71324920654297,5786800
2019-03-25,89.56745910644531,3837500
2019-03-26,90.47122955322266,4079800
2019-03-27,89.49458312988281,3727800
2019-03-28,89.66220092773438,4057700
2019-03-29,89.77881622314453,5318600
2019-04-01,91.06160736083984,5506300
2019-04-02,91.05429077148438,4362700
2019-04-03,90.29629516601562,3595400
2019-04-04,90.95955657958984,3715400
2019-04-05,92.1402816772461,5551400
2019-04-08,92.32978057861328,5483100
2019-04-09,91.4989242553711,4143400
2019-04-10,91.46245574951172,3970000
2019-04-11,91.8268814086914,3248300
2019-04-12,87.28619384765625,42693700
2019-04-15,87.5631332397461,13369100
2019-04-16,88.31383514404297,11942900
2019-04-17,87.65789794921875,11898100
2019-04-18,87.35906219482422,9546500
2019-04-22,88.84590911865234,7946200
2019-04-23,88.93336486816406,9079200
2019-04-24,86.20750427246094,22115000
2019-04-25,85.9305419921875,10636400
2019-04-26,85.34744262695312,11626700
2019-04-29,85.79935455322266,9404000
2019-04-30,87.50484466552734,21431500
2019-05-01,85.86495208740234,10097000
2019-05-02,84.82269287109375,9495600
2019-05-03,85.47138977050781,7364900
2019-05-06,86.29495239257812,11035000
2019-05-07,86.2002182006836,9165200
2019-05-08,85.63899993896484,6229000
2019-05-09,88.32844543457031,16496300
2019-05-10,88.91150665283203,8787900
2019-05-13,87.78179168701172,7701200
2019-05-14,88.65641784667969,6858500
2019-05-15,89.02082061767578,6945000
2019-05-16,88.9104232788086,8543300
2019-05-17,88.704345703125,6870900
2019-05-20,88.93987274169922,4569700
2019-05-21,89.30786895751953,4859400
2019-05-22,88.74114227294922,5763300
2019-05-23,86.75389862060547,11000200
2019-05-24,87.37216186523438,4890800
2019-05-28,87.07774353027344,8145100
2019-05-29,85.94429016113281,7451300
2019-05-30,84.92121887207031,5807900
2019-05-31,83.79513549804688,6899800
2019-06-03,85.37020874023438,6100800
2019-06-04,86.33438873291016,5235600
2019-06-05,86.59197235107422,5105700
2019-06-06,88.8221206665039,7370100
2019-06-07,89.41090393066406,5343100
2019-06-10,90.0071029663086,5708800
2019-06-11,89.18273162841797,5625100
2019-06-12,88.46146392822266,4000100
2019-06-13,88.99139404296875,3993300
2019-06-14,88.91778564453125,3366800
2019-06-17,89.34468841552734,4219100
2019-06-18,90.4781494140625,4884300
2019-06-19,90.44869232177734,3847100
2019-06-20,91.47175598144531,7771700
2019-06-21,91.95016479492188,14287900
2019-06-24,91.9354476928711,5542600
2019-06-25,91.00071716308594,4713300
2019-06-26,91.21414947509766,5054800
2019-06-27,90.6106185913086,3551700
2019-06-28,91.58950805664062,7048300
2019-07-01,91.88391876220703,5526900
2019-07-02,90.4781494140625,5747700
2019-07-03,90.78727722167969,2725800
2019-07-05,90.92710876464844,3458900
2019-07-08,90.97126770019531,3505200
2019-07-09,90.78727722167969,3955600
2019-07-10,92.3255386352539,4743500
2019-07-11,92.31819152832031,3548000
2019-07-12,92.72297668457031,3974400
2019-07-15,92.53160858154297,3739200
2019-07-16,91.82504272460938,4697600
2019-07-17,91.36871337890625,3874200
2019-07-18,91.76615905761719,5770700
2019-07-19,92.03112030029297,4880900
2019-07-22,92.22984313964844,3275800
2019-07-23,92.60523223876953,4295300
2019-07-24,93.13513946533203,4796900
2019-07-25,92.46538543701172,4586800
2019-07-26,91.05958557128906,6971700
2019-07-29,91.43494415283203,4377500
2019-07-30,91.51591491699219,3871700
2019-07-31,90.6106185913086,7199500
2019-08-01,88.86626434326172,7928400
2019-08-02,88.85892486572266,9026200
2019-08-05,87.39424896240234,8620300
2019-08-06,87.86529541015625,6788000
2019-08-07,87.65921020507812,6853700
2019-08-08,90.69893646240234,8868100
2019-08-09,90.10276794433594,5051700
2019-08-12,89.46240997314453,3936500
2019-08-13,90.0806884765625,5806400
2019-08-14,86.65821838378906,7175600
2019-08-15,86.0767593383789,6272600
2019-08-16,86.11398315429688,6239100
2019-08-19,87.22931671142578,6443700
2019-08-20,86.35191345214844,5150900
2019-08-21,87.6531753540039,4578400
2019-08-22,87.5416259765625,4362100
2019-08-23,85.64550018310547,7653400
2019-08-26,86.06189727783203,3966400
2019-08-27,86.12882232666016,4237100
2019-08-28,86.87240600585938,4153500
2019-08-29,87.38548278808594,4467300
2019-08-30,87.53419494628906,4881100
2019-09-03,86.45600891113281,5672500
2019-09-04,87.1847152709961,4595600
2019-09-05,87.4747085571289,5394300
2019-09-06,87.93572235107422,4578200
2019-09-09,88.77597045898438,5048000
2019-09-10,90.60516357421875,8728800
2019-09-11,90.18134307861328,5509500
2019-09-12,90.28544616699219,5818300
2019-09-13,90.34491729736328,4885400
2019-09-16,92.29309844970703,10683900
2019-09-17,92.12207794189453,7246500
2019-09-18,92.33771514892578,4801500
2019-09-19,91.9510498046875,4034500
2019-09-20,92.44182586669922,10420700
2019-09-23,92.87308502197266,4705500
2019-09-24,92.01053619384766,6232100
2019-09-25,91.83952331542969,3762500
2019-09-26,89.34852600097656,7834400
2019-09-27,88.18854522705078,6850700
2019-09-30,88.18854522705078,6108300
2019-10-01,86.26265716552734,7116600
2019-10-02,83.49653625488281,9702400
2019-10-03,84.13603210449219,5315300
2019-10-04,84.65653991699219,4757300
2019-10-07,84.21784973144531,4694000
2019-10-08,83.06527709960938,5323900
2019-10-09,84.12860870361328,4601700
2019-10-10,85.20679473876953,3555500
2019-10-11,86.36678314208984,5134200
2019-10-14,86.38907623291016,2571300
2019-10-15,86.48573303222656,3742700
2019-10-16,85.59342956542969,3608900
2019-10-17,85.77189636230469,3722400
2019-10-18,85.31832122802734,5679900
2019-10-21,86.70880889892578,3926300
2019-10-22,87.59369659423828,4095000
2019-10-23,87.72754669189453,4148500
2019-10-24,87.43009948730469,3873900
2019-10-25,88.24059295654297,3369100
2019-10-28,88.09930419921875,5076300
2019-10-29,87.83905029296875,4548400
2019-10-30,86.52291870117188,4690900
2019-10-31,86.35934448242188,7177700
2019-11-01,86.41139221191406,7684700
2019-11-04,90.39698791503906,10348800
2019-11-05,90.6720962524414,6971200
2019-11-06,89.15519714355469,6104700
2019-11-07,90.63491821289062,5440700
2019-11-08,89.92108917236328,4249800
2019-11-11,89.83185577392578,3870800
2019-11-12,89.9433822631836,4503600
2019-11-13,90.92491149902344,5076400
2019-11-14,90.68696594238281,4882800
2019-11-15,90.58936309814453,5589600
2019-11-18,89.01996612548828,4885300
2019-11-19,87.44304656982422,8723000
2019-11-20,88.11135864257812,5903100
2019-11-21,89.18515014648438,5810900
2019-11-22,89.08002471923828,4786800
2019-11-25,88.89229583740234,7390000
2019-11-26,88.44928741455078,10053100
2019-11-27,88.6595230102539,4106100
2019-11-29,87.95366668701172,3271000
2019-12-02,87.70587158203125,5195200
2019-12-03,87.02254486083984,6135800
2019-12-04,87.81100463867188,5706700
2019-12-05,87.35295867919922,5517500
2019-12-06,88.61446380615234,6735300
2019-12-09,88.08133697509766,4736100
2019-12-10,88.52436065673828,4886800
2019-12-11,87.27784729003906,7039600
2019-12-12,89.21517944335938,6462000
2019-12-13,88.57693481445312,4863400
2019-12-16,89.62818145751953,5619300
2019-12-17,89.05751037597656,6755500
2019-12-18,89.01996612548828,7496700
2019-12-19,88.70455932617188,6220300
2019-12-20,89.86848449707031,12171100
2019-12-23,90.35655975341797,5875000
2019-12-24,90.36407470703125,1640100
2019-12-26,90.55931854248047,3648600
2019-12-27,90.33403778076172,4138300
2019-12-30,89.99613189697266,4580200
2019-12-31,90.49173736572266,4215700
2020-01-02,91.18256378173828,5205000
2020-01-03,90.86717224121094,6360900
2020-01-06,90.55931854248047,9953000
2020-01-07,89.40291595458984,7856900
2020-01-08,88.38168334960938,7295900
2020-01-09,88.23902130126953,7345300
2020-01-10,87.435546875,6393800
2020-01-13,87.60076904296875,6846700
2020-01-14,87.33039855957031,7189100
2020-01-15,87.20274353027344,5808800
2020-01-16,87.7734603881836,7022000
2020-01-17,86.78975677490234,7885900
2020-01-21,85.08519744873047,8470300
2020-01-22,84.77733612060547,5589900
2020-01-23,84.92750549316406,8007800
2020-01-24,83.98890686035156,6920000
2020-01-27,82.8925552368164,7609800
2020-01-28,83.44073486328125,5771900
2020-01-29,82.87753295898438,4772800
2020-01-30,83.65097045898438,8382700
2020-01-31,80.45211029052734,13699600
2020-02-03,79.80632781982422,8785500
2020-02-04,80.23434448242188,9909000
2020-02-05,82.8099594116211,6914100
2020-02-06,82.21673583984375,6274000
2020-02-07,81.80375671386719,4830100
2020-02-10,82.4420166015625,6011800
2020-02-11,83.5083236694336,6072700
2020-02-12,84.1315689086914,5725700
2020-02-13,83.84620666503906,5991900
2020-02-14,83.62590789794922,5148700
2020-02-18,83.7474594116211,4975800
2020-02-19,84.12728118896484,5887500
2020-02-20,83.4207763671875,4466600
2020-02-21,82.81304931640625,6443900
2020-02-24,79.54641723632812,9539800
2020-02-25,76.50767517089844,12871900
2020-02-26,74.47932434082031,11990400
2020-02-27,71.50896453857422,15783700
2020-02-28,70.90879821777344,20835100
2020-03-02,73.37777709960938,15050800
2020-03-03,71.70648193359375,16525500
2020-03-04,74.8515625,14753000
2020-03-05,73.8335952758789,12814400
2020-03-06,72.41297912597656,16861900
2020-03-09,61.28361892700195,30595500
2020-03-10,64.557861328125,22642900
2020-03-11,63.07647705078125,18412800
2020-03-12,57.93342971801758,25768200
2020-03-13,63.372772216796875,23497500
2020-03-16,52.94990158081055,17535300
2020-03-17,53.701995849609375,22684200
2020-03-18,41.8205451965332,24947300
2020-03-19,43.59821701049805,29871000
2020-03-20,45.11757278442383,26960400
2020-03-23,41.19001388549805,23764000
2020-03-24,50.556907653808594,29198800
2020-03-25,52.62324142456055,22560100
2020-03-26,58.02458190917969,24129100
2020-03-27,52.251007080078125,20411500
2020-03-30,54.659202575683594,18486800
2020-03-31,55.0466194152832,18514200
2020-04-01,52.083866119384766,14362000
2020-04-02,57.827083587646484,23220600
2020-04-03,57.0598030090332,14905400
2020-04-06,61.07090759277344,17334900
2020-04-07,61.473548889160156,16394800
2020-04-08,65.31755065917969,12284800
2020-04-09,64.04887390136719,17023800
2020-04-13,64.50469207763672,13854700
2020-04-14,64.27678680419922,14797600
2020-04-15,62.66624450683594,13982300
2020-04-16,60.76704788208008,12291900
2020-04-17,66.2215805053711,16130100
2020-04-20,63.48670959472656,15749000
2020-04-21,62.0205192565918,19620600
2020-04-22,64.14764404296875,10320700
2020-04-23,65.94048309326172,14226500
2020-04-24,66.10001373291016,9175500
2020-04-27,68.15116119384766,12037100
2020-04-28,68.3031005859375,10645200
2020-04-29,71.8812026977539,12342800
2020-04-30,69.89083099365234,12222000
2020-05-01,67.946044921875,13250100
2020-05-04,69.46540832519531,11192400
2020-05-05,70.56696319580078,13608700
2020-05-06,68.40945434570312,11145900
2020-05-07,70.37702941894531,9749600
2020-05-08,72.52693176269531,8585900
2020-05-11,70.93161010742188,7101000
2020-05-12,69.2071304321289,8749100
2020-05-13,67.38387298583984,12215100
2020-05-14,68.40945434570312,10678200
2020-05-15,67.73332977294922,10113000
2020-05-18,71.34085845947266,12304300
2020-05-19,69.08232116699219,7749300
2020-05-20,71.68771362304688,9160000
2020-05-21,70.9477310180664,8830900
2020-05-22,69.59104919433594,8563100
2020-05-26,71.91899108886719,9430000
2020-05-27,72.3814926147461,7822600
2020-05-28,70.04583740234375,9633300
2020-05-29,70.68562316894531,17010000
2020-06-01,71.52584075927734,7344000
2020-06-02,72.99044036865234,7880300
2020-06-03,74.90982055664062,8440200
2020-06-04,74.21605682373047,6371700
2020-06-05,77.70794677734375,12760100
2020-06-08,79.58109283447266,11090700
2020-06-09,78.26295471191406,10745400
2020-06-10,75.2181396484375,10486300
2020-06-11,68.88957977294922,14944800
2020-06-12,71.21752166748047,9532400
2020-06-15,70.32335662841797,12289500
2020-06-16,72.48170471191406,8726700
2020-06-17,70.56229400634766,6019900
2020-06-18,70.87065124511719,7064100
2020-06-19,69.86083984375,14838800
2020-06-22,70.60083770751953,5939200
2020-06-23,70.48521423339844,6317700
2020-06-24,67.55604553222656,8974500
2020-06-25,68.76627349853516,7398000
2020-06-26,66.64644622802734,13766000
2020-06-29,67.57916259765625,7022200
2020-06-30,68.78166198730469,8263600
2020-07-01,67.5406265258789,6379400
2020-07-02,68.07247161865234,5832800
2020-07-06,68.27294158935547,6747500
2020-07-07,66.53082275390625,5898000
2020-07-08,66.5616683959961,6736400
2020-07-09,63.77894592285156,8833600
2020-07-10,65.6983413696289,6218100
2020-07-13,65.8293685913086,7074000
2020-07-14,68.10334014892578,7440500
2020-07-15,68.51958465576172,5935200
2020-07-16,68.11104583740234,4795700
2020-07-17,67.20915985107422,5964000
2020-07-20,65.7291488647461,14974800
2020-07-21,70.4466781616211,15115000
2020-07-22,70.17689514160156,10317500
2020-07-23,70.15377044677734,6586300
2020-07-24,69.47542572021484,6620500
2020-07-27,70.17689514160156,7599700
2020-07-28,68.68917846679688,6787300
2020-07-29,69.4291763305664,6386900
2020-07-30,66.49998474121094,10112800
2020-07-31,64.70394897460938,19119800
2020-08-03,65.37455749511719,11220100
2020-08-04,66.66957092285156,9077900
2020-08-05,67.21688079833984,7324200
2020-08-06,67.42499542236328,7035600
2020-08-07,66.90853881835938,7185000
2020-08-10,69.16708374023438,8150200
2020-08-11,69.08232116699219,9074300
2020-08-12,69.93022155761719,9057400
2020-08-13,69.23648834228516,7314600
2020-08-14,69.64501953125,6343000
2020-08-17,69.96874237060547,10473800
2020-08-18,68.52217102050781,7981500
2020-08-19,67.55254364013672,9120300
2020-08-20,66.31705474853516,7872300
2020-08-21,66.52819061279297,9003600
2020-08-24,68.1859130859375,8738700
2020-08-25,67.34921264648438,6835800
2020-08-26,66.29359436035156,7486500
2020-08-27,66.39527130126953,7438200
2020-08-28,66.95825958251953,7307900
2020-08-31,65.62894439697266,9437500
2020-09-01,64.96430206298828,8990600
2020-09-02,65.0503158569336,10821900
2020-09-03,64.33872985839844,16179900
2020-09-04,64.0650405883789,10516600
2020-09-08,61.75049591064453,14942500
2020-09-09,62.57933807373047,9269800
2020-09-10,61.10927963256836,11845900
2020-09-11,60.74959182739258,13732400
2020-09-14,60.43682098388672,8182800
2020-09-15,59.70176696777344,11732000
2020-09-16,61.429866790771484,13019000
2020-09-17,61.609737396240234,10515100
2020-09-18,61.15620803833008,14517800
2020-09-21,59.662681579589844,16199100
2020-09-22,59.06057357788086,9155000
2020-09-23,56.26121139526367,16649200
2020-09-24,56.1439208984375,15203500
2020-09-25,56.16736602783203,11070500
2020-09-28,57.80945587158203,12863800
2020-09-29,56.222103118896484,10553000
2020-09-30,56.300296783447266,10466500
2020-10-01,55.0648193359375,14930700
2020-10-02,55.66691970825195,9854800
2020-10-05,56.84766387939453,12049800
2020-10-06,56.53488540649414,15294500
2020-10-07,57.69215774536133,15410300
2020-10-08,58.81816864013672,11590900
2020-10-09,57.864200592041016,12260900
2020-10-12,58.26298522949219,9056900
2020-10-13,57.39502716064453,10440300
2020-10-14,57.04315948486328,7057500
2020-10-15,57.48105239868164,10052100
2020-10-16,56.996238708496094,9305600
2020-10-19,55.73728561401367,8357100
2020-10-20,56.05008316040039,7753200
2020-10-21,55.41670608520508,9800600
2020-10-22,57.39502716064453,9810100
2020-10-23,56.746009826660156,8727200
2020-10-26,55.471439361572266,9710900
2020-10-27,54.353248596191406,14251700
2020-10-28,52.296722412109375,15961900
2020-10-29,53.798072814941406,12292200
2020-10-30,54.345420837402344,17191600
2020-11-02,56.41759490966797,11475500
2020-11-03,56.09698486328125,8608000
2020-11-04,56.12045669555664,10925700
2020-11-05,56.40977096557617,10627700
2020-11-06,55.635650634765625,8366900
2020-11-09,62.08671569824219,24015200
2020-11-10,64.95646667480469,15039700
2020-11-11,64.47948455810547,11640600
2020-11-12,63.07978820800781,8920700
2020-11-13,64.9251937866211,10890300
2020-11-16,69.56214904785156,18980200
2020-11-17,69.06228637695312,14329000
2020-11-18,66.87232971191406,10583700
2020-11-19,68.02285766601562,8820200
2020-11-20,68.0704574584961,8294600
2020-11-23,72.22815704345703,13379300
2020-11-24,75.87010955810547,17257400
2020-11-25,73.10888671875,10556600
2020-11-27,72.45033264160156,4627700
2020-11-30,69.17337036132812,14288400
2020-12-01,69.3875961303711,9913600
2020-12-02,71.30775451660156,10509600
2020-12-03,71.252197265625,8249800
2020-12-04,74.013427734375,10791100
2020-12-07,72.0139389038086,9398400
2020-12-08,72.63282012939453,7627300
2020-12-09,71.7600326538086,11129400
2020-12-10,74.06896209716797,11992100
2020-12-11,73.35485076904297,9584500
2020-12-14,70.966552734375,12198400
2020-12-15,70.91102600097656,11775300
2020-12-16,70.37146759033203,9892900
2020-12-17,70.14929962158203,11748900
2020-12-18,69.18128204345703,27427600
2020-12-21,68.30848693847656,11430500
2020-12-22,66.9358139038086,8585800
2020-12-23,67.9911117553711,7223100
2020-12-24,67.70545959472656,3335600
2020-12-28,67.36429595947266,8051900
2020-12-29,67.1341781616211,7670800
2020-12-30,67.70545959472656,7901800
2020-12-31,67.00720977783203,8350700
2021-01-04,67.21353912353516,9234900
2021-01-05,69.03053283691406,13414800
2021-01-06,71.252197265625,13916800
2021-01-07,71.58545684814453,9286600
2021-01-08,72.26782989501953,11152100
2021-01-11,72.68041229248047,10635000
2021-01-12,74.06104278564453,10923900
2021-01-13,73.9896469116211,9723300
2021-01-14,75.76696014404297,13950200
2021-01-15,73.0692138671875,10244600
2021-01-19,74.98938751220703,9574800
2021-01-20,75.67967987060547,8735400
2021-01-21,73.0057601928711,10393100
2021-01-22,72.78357696533203,7810600
2021-01-25,72.125,7689400
2021-01-26,70.90308380126953,7827800
2021-01-27,69.9826889038086,10178500
2021-01-28,70.63331604003906,8155500
2021-01-29,67.60232543945312,14699800
2021-02-01,68.56241607666016,8073600
2021-02-02,69.07814025878906,9233100
2021-02-03,70.58570861816406,9256500
2021-02-04,70.61744689941406,7917600
2021-02-05,70.8237533569336,8017300
2021-02-08,72.58521270751953,9886600
2021-02-09,72.17261505126953,7605500
2021-02-10,73.41038513183594,8778800
2021-02-11,73.01367950439453,8572400
2021-02-12,73.43421173095703,7858300
2021-02-16,74.93893432617188,14006000
2021-02-17,77.1839828491211,14342300
2021-02-18,76.44368743896484,9030600
2021-02-19,77.08741760253906,8913900
2021-02-22,79.17149353027344,13178700
2021-02-23,80.16930389404297,14874000
2021-02-24,83.13048553466797,16116000
2021-02-25,82.35800170898438,13219200
2021-02-26,80.46701049804688,14454100
2021-03-01,82.11663055419922,10439900
2021-03-02,82.43043518066406,10643500
2021-03-03,83.35578918457031,14958200
2021-03-04,84.08804321289062,22994200
2021-03-05,87.70905303955078,23638200
2021-03-08,88.31256866455078,18033600
2021-03-09,88.11138153076172,19010700
2021-03-10,89.61612701416016,17389900
2021-03-11,89.4712905883789,10989500
2021-03-12,89.76903533935547,10930300
2021-03-15,88.71489715576172,10488000
2021-03-16,86.61470794677734,11698400
2021-03-17,86.92854309082031,9168600
2021-03-18,83.78226470947266,13246600
2021-03-19,83.18680572509766,18491000
2021-03-22,82.5108871459961,12508500
2021-03-23,82.05223083496094,14781700
2021-03-24,84.24897003173828,11026800
2021-03-25,84.54669952392578,11138200
2021-03-26,86.48597717285156,9820200
2021-03-29,86.03534698486328,7542300
2021-03-30,85.2387466430664,6284600
2021-03-31,84.3213882446289,8954400
2021-04-01,85.09387969970703,8515800
2021-04-05,84.09608459472656,8692700
2021-04-06,83.34774017333984,8125100
2021-04-07,83.83858489990234,7699300
2021-04-08,82.89713287353516,8283000
2021-04-09,82.81665802001953,7163700
2021-04-12,81.89933013916016,7845900
2021-04-13,82.26949310302734,6829900
2021-04-14,83.90296173095703,10194800
2021-04-15,83.21900939941406,7860500
2021-04-16,82.8488540649414,7459700
2021-04-19,83.09024047851562,7068700
2021-04-20,81.53722381591797,9783800
2021-04-21,82.66378021240234,8264400
2021-04-22,81.23146057128906,9899400
2021-04-23,81.71424865722656,6756000
2021-04-26,81.69010925292969,5639700
2021-04-27,82.63963317871094,6898900
2021-04-28,84.66740417480469,8718400
2021-04-29,86.01925659179688,9740300
2021-04-30,82.9373550415039,13730000
2021-05-03,84.91683959960938,7938100
2021-05-04,85.3835678100586,8704300
2021-05-05,87.6768798828125,12872400
2021-05-06,87.72515869140625,9654900
2021-05-07,88.52982330322266,10273000
2021-05-10,88.16770935058594,13586500
2021-05-11,85.85831451416016,12754800
2021-05-12,86.39744567871094,11661900
2021-05-13,85.84220886230469,9706300
2021-05-14,88.0872573852539,9124100
2021-05-17,89.1655044555664,12692900
2021-05-18,86.4857406616211,12759900
2021-05-19,84.05846405029297,14762700
2021-05-20,84.3516845703125,9706300
2021-05-21,84.80784606933594,10352800
2021-05-24,86.01332092285156,6785600
2021-05-25,84.60419464111328,7884000
2021-05-26,84.80784606933594,9232400
2021-05-27,83.9037094116211,11703400
2021-05-28,84.5390396118164,7278200
2021-06-01,86.86858367919922,10260600
2021-06-02,88.03333282470703,9141800
2021-06-03,87.63422393798828,8809300
2021-06-04,88.3346939086914,6699300
2021-06-07,87.76454162597656,6748600
2021-06-08,88.56277465820312,10559500
2021-06-09,87.78897857666016,10146900
2021-06-10,88.30213165283203,13526200
2021-06-11,87.89485168457031,7731700
2021-06-14,87.9437255859375,9051900
2021-06-15,89.84156036376953,10540200
2021-06-16,89.32840728759766,9283300
2021-06-17,87.21066284179688,14337800
2021-06-18,83.92001342773438,22284500
2021-06-21,86.37986755371094,13591500
2021-06-22,86.66494750976562,10230100
2021-06-23,86.5590591430664,7792800
2021-06-24,87.26766967773438,8724600
2021-06-25,87.39801025390625,8102300
2021-06-28,84.70194244384766,11348400
2021-06-29,84.51461029052734,7225500
2021-06-30,85.31283569335938,7927500
2021-07-01,86.51016998291016,10873200
2021-07-02,86.39613342285156,7107700
2021-07-06,84.70194244384766,10162800
2021-07-07,83.83854675292969,8245000
2021-07-08,83.56976318359375,8695500
2021-07-09,84.76709747314453,8567900
2021-07-12,84.93815612792969,9898600
2021-07-13,84.65306854248047,6738000
2021-07-14,83.05663299560547,9216600
2021-07-15,82.5108871459961,9665700
2021-07-16,80.3279800415039,12199100
2021-07-19,78.1613540649414,17385500
2021-07-20,78.62561798095703,12114600
2021-07-21,81.3053970336914,11478100
2021-07-22,80.49087524414062,7694300
2021-07-23,80.52345275878906,7570800
2021-07-26,82.22579193115234,10227500
2021-07-27,81.94886779785156,8332100
2021-07-28,82.41313934326172,8546100
2021-07-29,83.54533386230469,8681300
2021-07-30,82.9262924194336,12295300
2021-08-02,82.77967071533203,8911800
2021-08-03,83.56976318359375,8437300
2021-08-04,81.69637298583984,10389800
2021-08-05,82.45386505126953,7986100
2021-08-06,83.04031372070312,6475600
2021-08-09,81.6556396484375,9243100
2021-08-10,83.14620208740234,9762600
2021-08-11,83.77337646484375,7079800
2021-08-12,83.60232543945312,7377600
2021-08-13,83.0484619140625,6572600
2021-08-16,82.20137786865234,9476600
2021-08-17,82.04660034179688,10937500
2021-08-18,79.82599639892578,12893600
2021-08-19,77.83653259277344,17423400
2021-08-20,77.84479522705078,9707600
2021-08-23,79.85076904296875,10277800
2021-08-24,80.76707458496094,8924900
2021-08-25,81.32015228271484,9342300
2021-08-26,80.25526428222656,8124800
2021-08-27,81.427490234375,10281200
2021-08-30,81.22109985351562,8127200
2021-08-31,79.8837890625,15676900
2021-09-01,79.00875854492188,10557300
2021-09-02,80.65975189208984,12340100
2021-09-03,80.47815704345703,9097000
2021-09-07,80.1231689453125,9237800
2021-09-08,79.57008361816406,10775900
2021-09-09,79.24816131591797,10219400
2021-09-10,79.3059310913086,11006000
2021-09-13,80.8743896484375,11500900
2021-09-14,79.41324615478516,15294100
2021-09-15,81.09727478027344,11623400
2021-09-16,80.33782196044922,10616700
2021-09-17,79.87554931640625,16006100
2021-09-20,78.24104309082031,15796100
2021-09-21,78.29881286621094,10958400
2021-09-22,80.60198974609375,13292800
2021-09-23,82.59970092773438,10094900
2021-09-24,83.04547119140625,8225300
2021-09-27,85.00189208984375,12697500
2021-09-28,85.32384490966797,15560800
2021-09-29,85.29908752441406,10268100
2021-09-30,83.74714660644531,15319800
2021-10-01,86.12458038330078,10854900
2021-10-04,86.446533203125,13305400
2021-10-05,87.3875961303711,13017300
2021-10-06,86.619873046875,10630100
2021-10-07,87.239013671875,8830900
2021-10-08,89.1954574584961,10586700
2021-10-11,88.43598175048828,9794800
2021-10-12,88.45248413085938,9085000
2021-10-13,88.98082733154297,9220700
2021-10-14,89.82281494140625,7648600
2021-10-15,90.48323822021484,9968100
2021-10-18,90.44195556640625,10677400
2021-10-19,92.20853424072266,10362800
2021-10-20,93.41377258300781,10811400
2021-10-21,92.24153137207031,9372600
2021-10-22,93.1166000366211,8673800
2021-10-25,93.98336029052734,9579800
2021-10-26,94.18973541259766,7463000
2021-10-27,92.51396942138672,9096100
2021-10-28,93.38075256347656,7538200
2021-10-29,94.51168823242188,15294200
2021-11-01,94.5447006225586,11213800
2021-11-02,93.96685028076172,9189700
2021-11-03,93.28993225097656,10416000
2021-11-04,93.70268249511719,9673000
2021-11-05,94.71805572509766,8102100
2021-11-08,95.05651092529297,7695900
2021-11-09,95.7581787109375,10945900
2021-11-10,94.23100280761719,10305100
2021-11-11,94.2392578125,7317500
2021-11-12,94.29705047607422,8682800
2021-11-15,96.43510437011719,11050400
2021-11-16,96.81483459472656,10566300
2021-11-17,96.380615234375,11108000
2021-11-18,95.57061004638672,8368600
2021-11-19,93.44961547851562,13532600
2021-11-22,95.11968994140625,9947100
2021-11-23,97.11544036865234,10366800
2021-11-24,97.85863494873047,8500900
2021-11-26,95.62073516845703,11861800
2021-11-29,95.90462493896484,12003800
2021-11-30,94.25125885009766,24451200
2021-12-01,93.60826110839844,12302700
2021-12-02,96.14678955078125,11392400
2021-12-03,95.53722381591797,10445100
2021-12-06,97.03193664550781,9833900
2021-12-07,98.46820831298828,11419600
2021-12-08,98.91079711914062,8827900
2021-12-09,98.65191650390625,8334700
2021-12-10,98.81893157958984,9090700
2021-12-13,96.76472473144531,8533000
2021-12-14,97.04863739013672,12245300
2021-12-15,96.49749755859375,11069500
2021-12-16,97.39934539794922,11344700
2021-12-17,94.86082458496094,22727900
2021-12-20,94.90258026123047,13464400
2021-12-21,96.42237091064453,11368200
2021-12-22,96.97349548339844,8345200
2021-12-23,97.2072982788086,7416600
2021-12-27,99.19470977783203,7745500
2021-12-28,99.00263214111328,6516000
2021-12-29,98.49324798583984,6957400
2021-12-30,98.05905151367188,6016000
2021-12-31,97.99224090576172,5706600
2022-01-03,99.58717346191406,10717700
2022-01-04,101.39921569824219,16413100
2022-01-05,102.05890655517578,15487100
2022-01-06,102.92733764648438,13318500
2022-01-07,104.4053726196289,14164600
2022-01-10,104.47216796875,12626100
2022-01-11,106.86039733886719,14609000
2022-01-12,106.32595825195312,12469200
2022-01-13,105.88338470458984,9691300
2022-01-14,107.68709564208984,13281000
2022-01-18,108.03780364990234,12905500
2022-01-19,107.64532470703125,12064300
2022-01-20,107.26121520996094,11370400
2022-01-21,105.97525024414062,13055700
2022-01-24,106.20072174072266,19513700
2022-01-25,110.71826171875,19984500
2022-01-26,110.80180358886719,17266500
2022-01-27,113.03968811035156,20654100
2022-01-28,109.06489562988281,24817800
2022-01-31,109.66612243652344,16401800
2022-02-01,112.5553970336914,16169700
2022-02-02,113.07310485839844,10906700
2022-02-03,112.06270599365234,9447700
2022-02-04,113.46559143066406,13034700
2022-02-07,115.69514465332031,18422500
2022-02-08,113.93319702148438,11021600
2022-02-09,115.06048583984375,10140800
2022-02-10,113.59919738769531,11012700
2022-02-11,115.91226196289062,12821200
2022-02-14,114.12522888183594,15945000
2022-02-15,113.2898941040039,11746800
2022-02-16,113.32365417480469,11348800
2022-02-17,112.74142456054688,10073900
2022-02-18,112.58110046386719,10691800
2022-02-22,111.72039794921875,19428700
2022-02-23,114.37840270996094,16134200
2022-02-24,113.78773498535156,22108900
2022-02-25,118.45401763916016,28028000
2022-02-28,121.50857543945312,24394300
2022-03-01,126.3351821899414,31159900
2022-03-02,130.0648193359375,31329500
2022-03-03,131.8199462890625,22492900
2022-03-04,133.8704071044922,29034400
2022-03-07,136.73092651367188,34824700
2022-03-08,143.89483642578125,57231000
2022-03-09,140.30023193359375,43430000
2022-03-10,144.13958740234375,34913600
2022-03-11,144.20709228515625,28423600
2022-03-14,140.67994689941406,25156200
2022-03-15,133.5581817626953,28534400
2022-03-16,133.07723999023438,22299700
2022-03-17,135.38084411621094,15750700
2022-03-18,136.4693603515625,23214700
2022-03-21,138.92481994628906,13180600
2022-03-22,138.46072387695312,11063900
2022-03-23,139.9542999267578,10755000
2022-03-24,140.32554626464844,9024800
2022-03-25,142.86541748046875,10254700
2022-03-28,140.3677520751953,9992000
2022-03-29,138.65481567382812,15102600
2022-03-30,139.63365173339844,9906000
2022-03-31,137.39752197265625,10395900
2022-04-01,138.57044982910156,8795300
2022-04-04,138.69699096679688,8718600
2022-04-05,137.8447723388672,9538200
2022-04-06,139.06825256347656,9269000
2022-04-07,141.0006103515625,8018400
2022-04-08,143.38858032226562,10801200
2022-04-11,139.70111083984375,10206100
2022-04-12,142.61224365234375,9528400
2022-04-13,144.8568115234375,7330700
2022-04-14,144.7893524169922,9421100
2022-04-18,146.73008728027344,7639000
2022-04-19,144.9918212890625,6970200
2022-04-20,145.58248901367188,7495000
2022-04-21,138.87420654296875,14594800
2022-04-22,135.81114196777344,12160100
2022-04-25,132.89158630371094,15449800
2022-04-26,132.08152770996094,9810600
2022-04-27,131.8368377685547,10396600
2022-04-28,136.51995849609375,9366400
2022-04-29,132.19967651367188,14713200
2022-05-02,134.798583984375,11559000
2022-05-03,137.11062622070312,8827200
2022-05-04,141.41409301757812,9183200
2022-05-05,140.29180908203125,9807600
2022-05-06,144.0299072265625,10418100
2022-05-09,134.37669372558594,14110700
2022-05-10,135.66770935058594,11636000
2022-05-11,137.67599487304688,9105500
2022-05-12,138.98390197753906,8936400
2022-05-13,141.6503448486328,9229900
2022-05-16,145.98751831054688,13296300
2022-05-17,146.84817504882812,12827600
2022-05-18,142.97727966308594,13107500
2022-05-19,141.9563446044922,10958700
2022-05-20,142.7731170654297,9615000
2022-05-23,146.09103393554688,10216400
2022-05-24,146.8737030029297,9782700
2022-05-25,149.2303009033203,10174500
2022-05-26,150.2341766357422,11213900
2022-05-27,151.67193603515625,10512300
2022-05-31,148.5922393798828,20547600
2022-06-01,150.00450134277344,8824100
2022-06-02,149.7322540283203,7441900
2022-06-03,151.09347534179688,8435300
2022-06-06,150.4384002685547,6734200
2022-06-07,153.305419921875,9668300
2022-06-08,154.0966033935547,8715200
2022-06-09,151.02540588378906,9764600
2022-06-10,149.2218017578125,9529700
2022-06-13,142.3562469482422,14614900
2022-06-14,142.54342651367188,10269300
2022-06-15,139.74444580078125,11565300
2022-06-16,132.27479553222656,18125900
2022-06-17,126.23451232910156,35575100
2022-06-21,131.5176544189453,13772000
2022-06-22,125.80062103271484,13735800
2022-06-23,121.17249298095703,15713700
2022-06-24,123.16329193115234,11108300
2022-06-27,125.54541778564453,9242400
2022-06-28,127.56165313720703,9183300
2022-06-29,125.04346466064453,9082900
2022-06-30,123.17179107666016,10685000
2022-07-01,124.64360046386719,7684600
2022-07-05,121.36820983886719,11513100
2022-07-06,119.768798828125,12421200
2022-07-07,122.09983825683594,12741800
2022-07-08,121.46178436279297,7915500
2022-07-11,120.38983917236328,7056800
2022-07-12,118.18637084960938,8653900
2022-07-13,117.39520263671875,9414600
2022-07-14,115.65113067626953,10150200
2022-07-15,117.10591125488281,7051900
2022-07-18,118.74789428710938,7943900
2022-07-19,123.02719116210938,9152100
2022-07-20,124.65210723876953,7856600
2022-07-21,123.69925689697266,6724200
2022-07-22,122.66983032226562,5889500
2022-07-25,126.31958770751953,6210900
2022-07-26,125.33269500732422,6112800
2022-07-27,126.98314666748047,6223000
2022-07-28,127.9444808959961,6574300
2022-07-29,139.33607482910156,17143700
2022-08-01,136.55410766601562,8017800
2022-08-02,135.3885955810547,5928300
2022-08-03,132.17274475097656,8751400
2022-08-04,128.58258056640625,10640000
2022-08-05,130.70947265625,7170200
2022-08-08,130.5137481689453,5966900
2022-08-09,132.21527099609375,5842200
2022-08-10,132.5640869140625,6145800
2022-08-11,135.79693603515625,7888600
2022-08-12,135.99261474609375,7244700
2022-08-15,133.4062957763672,8975200
2022-08-16,133.06607055664062,7218400
2022-08-17,134.16351318359375,6741100
2022-08-18,136.51576232910156,6477500
2022-08-19,135.37396240234375,6834200
2022-08-22,134.6957550048828,9147000
2022-08-23,139.0654296875,10354800
2022-08-24,140.09561157226562,9468100
2022-08-25,141.32322692871094,8050700
2022-08-26,140.2844696044922,7765800
2022-08-29,141.3318328857422,8462600
2022-08-30,137.88929748535156,8814300
2022-08-31,135.6916046142578,13582700
2022-09-01,133.52821350097656,8244400
2022-09-02,135.51132202148438,7526600
2022-09-06,134.88461303710938,8550000
2022-09-07,133.15907287597656,9442100
2022-09-08,133.8801727294922,9232500
2022-09-09,137.33131408691406,8261100
2022-09-12,139.50323486328125,8920800
2022-09-13,136.85055541992188,10308300
2022-09-14,140.16432189941406,11160800
2022-09-15,137.88929748535156,9665000
2022-09-16,134.30943298339844,43741600
2022-09-19,134.6957550048828,6813800
2022-09-20,134.1634979248047,8955200
2022-09-21,133.07321166992188,6877000
2022-09-22,132.97019958496094,6981100
2022-09-23,124.28237915039062,13919700
2022-09-26,121.01155090332031,9444000
2022-09-27,121.06307983398438,10121000
2022-09-28,125.1494369506836,8279800
2022-09-29,124.28237915039062,8197600
2022-09-30,123.33806610107422,9402700
2022-10-03,130.25741577148438,9597400
2022-10-04,135.3224334716797,9520200
2022-10-05,136.0950469970703,10633100
2022-10-06,138.5761260986328,9498300
2022-10-07,137.38282775878906,9972500
2022-10-10,134.9018096923828,5904500
2022-10-11,134.9275360107422,7533300
2022-10-12,135.3310546875,4942000
2022-10-13,141.8898162841797,10227500
2022-10-14,137.4772186279297,7327900
2022-10-17,138.48167419433594,5890400
2022-10-18,139.69212341308594,5631200
2022-10-19,144.22488403320312,9766800
2022-10-20,145.04905700683594,8871500
2022-10-21,148.68040466308594,7971300
2022-10-24,148.62890625,7007700
2022-10-25,150.1741943359375,7280600
2022-10-26,152.02847290039062,6865300
2022-10-27,152.72386169433594,9177400
2022-10-28,154.509521484375,10773900
2022-10-31,155.2992706298828,13281000
2022-11-01,156.43252563476562,9185600
2022-11-02,153.23898315429688,8087500
2022-11-03,155.49676513671875,6607800
2022-11-04,157.46267700195312,7491900
2022-11-07,159.34275817871094,7578000
2022-11-08,159.11094665527344,6308200
2022-11-09,152.74964904785156,8021700
2022-11-10,155.64266967773438,6981500
2022-11-11,160.07244873046875,8428300
2022-11-14,160.14974975585938,9722400
2022-11-15,161.43746948242188,7747300
2022-11-16,158.8105010986328,7941100
2022-11-17,159.26034545898438,6550500
2022-11-18,158.3087158203125,7661500
2022-11-21,156.79476928710938,8432900
2022-11-22,160.81756591796875,9018000
2022-11-23,159.39012145996094,5831200
2022-11-25,158.9229736328125,2796400
2022-11-28,154.30319213867188,9365500
2022-11-29,156.61306762695312,6985400
2022-11-30,158.58555603027344,10936700
2022-12-01,157.87619018554688,5217400
2022-12-02,156.61306762695312,6852300
2022-12-05,152.74600219726562,8162200
2022-12-06,148.80967712402344,8765000
2022-12-07,149.2509002685547,6936300
2022-12-08,150.13333129882812,8076600
2022-12-09,145.34051513671875,10754300
2022-12-12,146.85452270507812,9364900
2022-12-13,150.1246795654297,7838800
2022-12-14,149.08651733398438,7045500
2022-12-15,147.9705047607422,7272900
2022-12-16,145.9634552001953,23876000
2022-12-19,146.9669952392578,7131600
2022-12-20,149.3806610107422,6199100
2022-12-21,151.13685607910156,5479400
2022-12-22,148.87022399902344,5755000
2022-12-23,153.47268676757812,6079100
2022-12-27,155.4019317626953,5168000
2022-12-28,153.10934448242188,4494400
2022-12-29,154.2686004638672,4142100
2022-12-30,155.28082275390625,5005100
2023-01-03,150.52261352539062,7565400
2023-01-04,148.922119140625,7684500
2023-01-05,151.60401916503906,6088200
2023-01-06,152.74600219726562,7191200
2023-01-09,151.5521240234375,8385600
2023-01-10,152.29611206054688,8307000
2023-01-11,151.56939697265625,6962600
2023-01-12,153.1958770751953,6891400
2023-01-13,153.61111450195312,5726300
2023-01-17,156.14593505859375,10697700
2023-01-18,153.3256072998047,8899200
2023-01-19,154.85690307617188,5907200
2023-01-20,156.5006103515625,10477900
2023-01-23,156.29299926757812,8381300
2023-01-24,156.44007873535156,5989000
2023-01-25,154.92611694335938,6727500
2023-01-26,162.46131896972656,14307800
2023-01-27,155.24618530273438,19654700
2023-01-30,150.7042999267578,11476000
2023-01-31,150.54856872558594,14481300
2023-02-01,148.24734497070312,11526400
2023-02-02,146.21434020996094,10463400
2023-02-03,146.59495544433594,8404900
2023-02-06,146.75933837890625,7659500
2023-02-07,150.60911560058594,10256500
2023-02-08,147.07078552246094,9784700
2023-02-09,145.72120666503906,10123400
2023-02-10,148.7751007080078,11602400
2023-02-13,147.94456481933594,9442900
2023-02-14,149.077880859375,8077300
2023-02-15,147.5069122314453,8885700
2023-02-16,145.3773193359375,6727500
2023-02-17,142.13063049316406,9612100
2023-02-21,140.5159912109375,7259700
2023-02-22,139.94869995117188,6205900
2023-02-23,141.32765197753906,6445500
2023-02-24,141.74658203125,5330200
2023-02-27,142.10443115234375,6386800
2023-02-28,140.31529235839844,10854200
2023-03-01,141.43240356445312,7470400
2023-03-02,141.87750244140625,5582000
2023-03-03,143.97219848632812,6007500
2023-03-06,145.02821350097656,7703600
2023-03-07,143.1604766845703,7393000
2023-03-08,142.2528533935547,5435800
2023-03-09,140.08834838867188,6214700
2023-03-10,139.35519409179688,7385800
2023-03-13,138.51736450195312,10106100
2023-03-14,140.30653381347656,10035200
2023-03-15,134.2320556640625,14063100
2023-03-16,134.65968322753906,12849600
2023-03-17,132.95779418945312,33161800
2023-03-20,134.91281127929688,8469200
2023-03-21,139.04103088378906,9753500
2023-03-22,136.21324157714844,6315000
2023-03-23,134.8604736328125,7859400
2023-03-24,136.20452880859375,6600100
2023-03-27,137.5922088623047,7006800
2023-03-28,139.1981201171875,5605400
2023-03-29,140.393798828125,7569700
2023-03-30,141.72914123535156,6322400
2023-03-31,142.4011993408203,7041400
2023-04-03,148.32728576660156,12868200
2023-04-04,147.53306579589844,7521400
2023-04-05,148.26620483398438,6478100
2023-04-06,146.3199462890625,5803200
2023-04-10,146.8784637451172,5923500
2023-04-11,147.690185546875,5469600
2023-04-12,148.21383666992188,6157900
2023-04-13,150.1950225830078,6856600
2023-04-14,150.50048828125,4930700
2023-04-17,149.1738739013672,7006000
2023-04-18,148.8247528076172,8045600
2023-04-19,148.9644317626953,5506800
2023-04-20,148.24002075195312,5851100
2023-04-21,147.6029052734375,7179000
2023-04-24,149.66262817382812,7177600
2023-04-25,147.4894256591797,5807200
2023-04-26,144.86239624023438,5927400
2023-04-27,145.70896911621094,6417200
2023-04-28,147.131591796875,10036300
2023-05-01,145.9620819091797,6099800
2023-05-02,139.67813110351562,10701700
2023-05-03,136.87655639648438,7538100
2023-05-04,136.3441619873047,7500400
2023-05-05,139.82650756835938,5802000
2023-05-08,139.2766571044922,5028200
2023-05-09,138.87518310546875,5019800
2023-05-10,137.10348510742188,6161200
2023-05-11,136.3441619873047,6666100
2023-05-12,136.69326782226562,4898900
2023-05-15,137.199462890625,5096700
2023-05-16,133.9789276123047,7007700
2023-05-17,135.8990478515625,6169600
2023-05-18,135.73158264160156,7477700
2023-05-19,136.80677795410156,8100900
2023-05-22,134.3479461669922,11661000
2023-05-23,138.23452758789062,10436200
2023-05-24,138.60467529296875,7064000
2023-05-25,136.21630859375,7037700
2023-05-26,135.79330444335938,7736200
2023-05-30,134.94720458984375,7814800
2023-05-31,132.7439422607422,13346400
2023-06-01,134.10116577148438,9887700
2023-06-02,137.71453857421875,9464300
2023-06-05,137.05357360839844,6443800
2023-06-06,137.30029296875,6176400
2023-06-07,140.86087036132812,9900000
2023-06-08,140.34088134765625,7142200
2023-06-09,140.00599670410156,6669500
2023-06-12,138.65757751464844,7159600
2023-06-13,139.697509765625,7660800
2023-06-14,138.446044921875,7721100
2023-06-15,139.49481201171875,7705400
2023-06-16,138.5958709716797,22908100
2023-06-20,135.4407196044922,10438700
2023-06-21,136.4983367919922,7328200
2023-06-22,134.52418518066406,7088600
2023-06-23,133.38726806640625,15172700
2023-06-26,135.73158264160156,7371800
2023-06-27,135.30856323242188,6581700
2023-06-28,136.53359985351562,5773800
2023-06-29,137.69692993164062,5633500
2023-06-30,138.67518615722656,6346600
2023-07-03,138.5518035888672,3272600
2023-07-05,137.75860595703125,6318700
2023-07-06,134.7357177734375,9203000
2023-07-07,135.91664123535156,6602200
2023-07-10,136.82440185546875,5167900
2023-07-11,139.35377502441406,5060500
2023-07-12,140.69338989257812,6464000
2023-07-13,138.81619262695312,8143900
2023-07-14,135.35264587402344,7065700
2023-07-17,135.22923278808594,4351700
2023-07-18,135.50242614746094,6798300
2023-07-19,136.33087158203125,5653100
2023-07-20,137.8379364013672,5866600
2023-07-21,139.8561553955078,8760100
2023-07-24,142.61468505859375,9722100
2023-07-25,143.26683044433594,6767600
2023-07-26,142.19163513183594,6056400
2023-07-27,140.71104431152344,6470100
2023-07-28,140.01478576660156,6542300
2023-07-31,144.23629760742188,13056300
2023-08-01,143.03770446777344,7531400
2023-08-02,140.77272033691406,7067100
2023-08-03,140.71983337402344,6680700
2023-08-04,140.402587890625,10185400
2023-08-07,140.91372680664062,13927400
2023-08-08,140.70220947265625,6451300
2023-08-09,140.88729858398438,10531500
2023-08-10,141.74217224121094,8647100
2023-08-11,144.66812133789062,6682600
2023-08-14,144.5623779296875,6060100
2023-08-15,140.34088134765625,7876500
2023-08-16,139.8032684326172,7920500
2023-08-17,142.14340209960938,8270500
2023-08-18,143.1666717529297,5999200
2023-08-21,142.68618774414062,6802300
2023-08-22,141.51165771484375,6080800
2023-08-23,141.69851684570312,4975600
2023-08-24,140.5329132080078,5989600
2023-08-25,141.5828399658203,5291800
2023-08-28,142.55271911621094,4386100
2023-08-29,142.33030700683594,5374800
2023-08-30,142.5260009765625,5534900
2023-08-31,143.34461975097656,7003700
2023-09-01,146.19192504882812,6663000
2023-09-05,148.11387634277344,9755800
2023-09-06,148.26515197753906,7195500
2023-09-07,148.27403259277344,7925900
2023-09-08,148.78121948242188,7434400
2023-09-11,145.71145629882812,7155100
2023-09-12,148.42530822753906,7521100
2023-09-13,147.88253784179688,5759500
2023-09-14,148.7989959716797,8822800
2023-09-15,148.14947509765625,17439700
2023-09-18,148.79010009765625,7027600
2023-09-19,148.77232360839844,6615100
2023-09-20,148.31854248046875,5939100
2023-09-21,146.9838409423828,7150000
2023-09-22,147.9537353515625,5963000
2023-09-25,150.11590576171875,5510000
2023-09-26,149.30621337890625,5659200
2023-09-27,152.1890869140625,9124400
2023-09-28,151.78866577148438,7151800
2023-09-29,150.0358123779297,7396100
2023-10-02,148.18505859375,6839600
2023-10-03,148.5320587158203,6168600
2023-10-04,145.07078552246094,9664700
2023-10-05,145.8360595703125,8073000
2023-10-06,144.3500518798828,10190400
2023-10-09,148.34519958496094,8183500
2023-10-10,148.18505859375,6512900
2023-10-11,143.34461975097656,12570700
2023-10-12,143.46029663085938,7397000
2023-10-13,145.97836303710938,8042800
2023-10-16,147.17071533203125,5446000
2023-10-17,149.1193084716797,7538300
2023-10-18,150.302734375,6893500
2023-10-19,150.46292114257812,6580200
2023-10-20,148.44309997558594,7458300
2023-10-23,142.9709014892578,16232400
2023-10-24,139.3850555419922,17689900
2023-10-25,138.69102478027344,10502400
2023-10-26,137.6944580078125,10830400
2023-10-27,128.44068908691406,24524300
2023-10-30,129.98892211914062,13857100
2023-10-31,129.6686248779297,14261300
2023-11-01,128.11146545410156,10819600
2023-11-02,132.3646697998047,11099100
2023-11-03,131.34140014648438,13160000
2023-11-06,130.7986297607422,10634200
2023-11-07,128.4940643310547,15054600
2023-11-08,126.70560455322266,12654100
2023-11-09,126.29631805419922,10359500
2023-11-10,127.19499969482422,11988200
2023-11-13,128.1292724609375,8747700
2023-11-14,129.06353759765625,11224400
2023-11-15,129.517333984375,10052100
2023-11-16,127.46735382080078,14031300
2023-11-17,129.88600158691406,11075600
2023-11-20,129.81402587890625,8062400
2023-11-21,129.5083465576172,6783300
2023-11-22,129.76907348632812,7216100
2023-11-24,130.2815704345703,3861000
2023-11-27,129.79605102539062,9850800
2023-11-28,130.83001708984375,9746500
2023-11-29,129.39144897460938,16417100
2023-11-30,129.1127471923828,16276000
2023-12-01,130.20068359375,11906500
2023-12-04,130.25460815429688,11842800
2023-12-05,128.4473876953125,9597600
2023-12-06,128.1506805419922,18079700
2023-12-07,128.05178833007812,14786700
2023-12-08,129.75108337402344,10821700
2023-12-11,129.78704833984375,9849600
2023-12-12,128.1237030029297,9863900
2023-12-13,130.02085876464844,10641300
2023-12-14,134.8041229248047,14960500
2023-12-15,134.2826690673828,30850900
2023-12-18,134.57936096191406,11561700
2023-12-19,136.3416290283203,8738100
2023-12-20,135.0918426513672,9370000
2023-12-21,135.5054168701172,7264700
2023-12-22,135.81114196777344,6396100
2023-12-26,137.03392028808594,5165600
2023-12-27,136.5843505859375,5337200
2023-12-28,134.66024780273438,8148000
2023-12-29,134.11183166503906,7658600
2024-01-02,134.3995361328125,8879700
2024-01-03,136.96200561523438,10255300
2024-01-04,135.4604949951172,8220300
2024-01-05,135.22669982910156,7455400
2024-01-08,134.41751098632812,10038200
2024-01-09,131.00086975097656,11784700
2024-01-10,129.92193603515625,8490400
2024-01-11,130.62327575683594,8612500
2024-01-12,132.41249084472656,9386900
2024-01-16,129.1936492919922,9380400
2024-01-17,128.68116760253906,8167000
2024-01-18,127.5123062133789,11187800
2024-01-19,127.88993072509766,11192500
2024-01-22,128.11474609375,9184600
2024-01-23,127.75508880615234,6767200
2024-01-24,130.29959106445312,8100000
2024-01-25,133.581298828125,9773600
2024-01-26,134.09381103515625,9151900
2024-01-29,134.03988647460938,10494800
2024-01-30,134.97496032714844,9902900
2024-01-31,132.55633544921875,10428000
2024-02-01,132.96994018554688,8641100
2024-02-02,136.881103515625,12839100
2024-02-05,136.96200561523438,8277800
2024-02-06,136.97996520996094,6198200
2024-02-07,136.7821807861328,6252000
2024-02-08,138.5174560546875,9237000
2024-02-09,135.80213928222656,9194500
2024-02-12,136.73721313476562,6713000
2024-02-13,135.40652465820312,6987100
2024-02-14,135.77517700195312,5995100
2024-02-15,140.3925018310547,8950300
2024-02-16,140.54701232910156,7570200
2024-02-20,139.97439575195312,6977900
2024-02-21,141.2832489013672,6628900
2024-02-22,141.274169921875,8874900
2024-02-23,140.5742950439453,6561600
2024-02-26,140.3834228515625,6900800
2024-02-27,138.30201721191406,15093800
2024-02-28,138.46556091308594,6715900
2024-02-29,138.16563415527344,9334400
2024-03-01,138.89276123046875,7459100
2024-03-04,135.32070922851562,12503200
2024-03-05,135.96603393554688,6985500
2024-03-06,134.82080078125,14692100
2024-03-07,135.76609802246094,8739300
2024-03-08,136.22962951660156,7528400
2024-03-11,138.15655517578125,7577100
2024-03-12,138.05654907226562,6432900
2024-03-13,139.87442016601562,8065600
2024-03-14,141.5195770263672,9047200
2024-03-15,141.38323974609375,20387200
2024-03-18,141.2559814453125,7242700
2024-03-19,142.35577392578125,7736700
2024-03-20,140.4743194580078,8449100
2024-03-21,140.756103515625,7899100
2024-03-22,140.5742950439453,5974700
2024-03-25,142.2194366455078,6058700
2024-03-26,141.1287384033203,6677900
2024-03-27,142.11036682128906,7416900
2024-03-28,143.37379455566406,8331600
2024-04-01,144.59170532226562,6285700
2024-04-02,145.2279815673828,8815400
2024-04-03,145.827880859375,7819700
2024-04-04,146.05511474609375,9269700
2024-04-05,146.8822479248047,7432800
2024-04-08,146.58230590820312,7253200
2024-04-09,147.2458038330078,6576200
2024-04-10,147.8547821044922,7525800
2024-04-11,147.1457977294922,7682500
2024-04-12,144.48265075683594,11071000
2024-04-15,143.23744201660156,7236900
2024-04-16,142.04672241210938,5541900
2024-04-17,142.15582275390625,6733900
2024-04-18,143.21926879882812,4979200
2024-04-19,145.42794799804688,7734700
2024-04-22,147.17306518554688,6779200
2024-04-23,148.0183868408203,5597600
2024-04-24,148.67282104492188,7610300
2024-04-25,150.22706604003906,9702600
2024-04-26,150.78150939941406,9736400
2024-04-29,151.1814422607422,6364000
2024-04-30,146.58230590820312,8457300
2024-05-01,145.09164428710938,7713700
2024-05-02,146.09146118164062,8597100
2024-05-03,145.65518188476562,11664500
2024-05-06,147.51846313476562,8430300
2024-05-07,147.8547821044922,6869900
2024-05-08,147.7366180419922,6706400
2024-05-09,150.38157653808594,6683300
2024-05-10,150.7178955078125,5490900
2024-05-13,149.54537963867188,6848300
2024-05-14,148.70916748046875,4924000
2024-05-15,148.20016479492188,7603100
2024-05-16,147.89718627929688,6409400
2024-05-17,149.34779357910156,5497900
2024-05-20,147.94309997558594,4913800
2024-05-21,146.86892700195312,4783300
2024-05-22,144.6654815673828,6260500
2024-05-23,144.0870361328125,6718400
2024-05-24,144.8307342529297,4477700
2024-05-28,146.0150909423828,6928300
2024-05-29,144.0503387451172,5909600
2024-05-30,145.2989501953125,6369600
2024-05-31,149.00808715820312,10334200
2024-06-03,144.56448364257812,9009900
2024-06-04,143.34341430664062,6360500
2024-06-05,142.28758239746094,7058500
2024-06-06,143.1597900390625,5215100
2024-06-07,143.29750061035156,5887700
2024-06-10,143.90347290039062,7074700
2024-06-11,143.6739044189453,5132000
2024-06-12,141.58982849121094,10017400
2024-06-13,140.32284545898438,6163000
2024-06-14,140.074951171875,6159100
2024-06-17,140.64418029785156,6321400
2024-06-18,140.77272033691406,6942900
2024-06-20,143.8116455078125,8336000
2024-06-21,142.56301879882812,21289800
2024-06-24,146.26296997070312,7971600
2024-06-25,145.4825897216797,5985400
2024-06-26,143.17813110351562,8637800
2024-06-27,143.51785278320312,5568700
2024-06-28,143.60964965820312,11283400
2024-07-01,143.70147705078125,5584100
2024-07-02,143.9126434326172,7216800
2024-07-03,143.8759002685547,3264200
2024-07-05,141.6724395751953,6183100
2024-07-08,141.6908416748047,4990700
2024-07-09,140.4513702392578,5301600
2024-07-10,142.42529296875,5416600
2024-07-11,142.54464721679688,8322500
2024-07-12,142.84762573242188,6446300
2024-07-15,145.0969696044922,5661200
2024-07-16,144.84909057617188,6924200
2024-07-17,148.02572631835938,7296600
2024-07-18,148.7051239013672,6577700
2024-07-19,146.11607360839844,6427700
2024-07-22,144.1329803466797,5577300
2024-07-23,141.47047424316406,6238700
2024-07-24,142.37022399902344,5971700
2024-07-25,144.63790893554688,5432100
2024-07-26,144.91336059570312,5232500
2024-07-29,143.77490234375,5072000
2024-07-30,146.50169372558594,5740900
2024-07-31,147.3279571533203,6209200
2024-08-01,140.120849609375,16689900
2024-08-02,136.38418579101562,13278600
2024-08-05,132.81277465820312,13037200
2024-08-06,131.4998779296875,9692700
2024-08-07,130.74703979492188,8867900
2024-08-08,132.65667724609375,7531100
2024-08-09,133.11575317382812,7653100
2024-08-12,133.14328002929688,8442200
2024-08-13,132.34454345703125,7794800
2024-08-14,132.8219451904297,5874200
2024-08-15,134.7775115966797,6304200
2024-08-16,135.20901489257812,6874400
2024-08-19,136.3137969970703,5967400
2024-08-20,134.32704162597656,7497600
2024-08-21,134.9119415283203,5985000
2024-08-22,135.29254150390625,4027000
2024-08-23,137.0471954345703,4824100
2024-08-26,137.8641815185547,5780300
2024-08-27,136.4251708984375,5100000
2024-08-28,135.54322814941406,5614400
2024-08-29,136.86151123046875,4466700
2024-08-30,137.3535614013672,6414800
2024-09-03,134.29920959472656,7944700
2024-09-04,131.89471435546875,9820700
2024-09-05,130.8363494873047,9371100
2024-09-06,128.63609313964844,7836400
2024-09-09,130.25146484375,9892300
2024-09-10,128.3297119140625,8202500
2024-09-11,128.0048065185547,9534000
2024-09-12,129.2395477294922,6591500
2024-09-13,130.53927612304688,5900700
2024-09-16,131.9132843017578,6864300
2024-09-17,133.13873291015625,7338800
2024-09-18,133.6493377685547,6180300
2024-09-19,134.60557556152344,7247400
2024-09-20,135.2461395263672,23162900
2024-09-23,136.97293090820312,6960600
2024-09-24,136.889404296875,6014200
2024-09-25,133.65859985351562,7888400
2024-09-26,131.8204345703125,8046200
2024-09-27,135.0697784423828,8049200
2024-09-30,136.72227478027344,7491700
2024-10-01,138.9782257080078,9489100
2024-10-02,140.13868713378906,8105400
2024-10-03,140.41720581054688,6553300
2024-10-04,139.94374084472656,7892400
2024-10-07,140.29653930664062,5895900
2024-10-08,138.09628295898438,5892700
2024-10-09,138.93179321289062,4973500
2024-10-10,139.8323516845703,4420900
2024-10-11,140.57501220703125,5051300
2024-10-14,140.90924072265625,4214700
2024-10-15,137.14932250976562,6704600
2024-10-16,138.07769775390625,4303700
2024-10-17,140.37078857421875,6593100
2024-10-18,139.95303344726562,5208200
2024-10-21,140.07374572753906,5074000
2024-10-22,140.11083984375,4416400
2024-10-23,139.7023468017578,5248600
2024-10-24,139.6745147705078,5474300
2024-10-25,140.00872802734375,6839900
2024-10-28,139.758056640625,8892000
2024-10-29,137.8827362060547,6014700
2024-10-30,137.4464111328125,5784000
2024-10-31,138.16127014160156,8400900
2024-11-01,142.1068572998047,11728000
2024-11-04,142.9424285888672,6130000
2024-11-05,142.4225311279297,5978900
2024-11-06,146.423828125,12118900
2024-11-07,145.54188537597656,8143200
2024-11-08,145.6903839111328,6041500
2024-11-11,145.29116821289062,7771700
2024-11-12,144.1678466796875,5681900
2024-11-13,147.35218811035156,8824000
2024-11-14,150.21160888671875,10111200
2024-11-15,149.8588104248047,9022800
2024-11-18,150.76853942871094,6075400
2024-11-19,149.68063354492188,4657400
2024-11-20,151.30308532714844,6391300
2024-11-21,151.58447265625,7945200
2024-11-22,152.26910400390625,7005900
2024-11-25,150.3933868408203,10702400
2024-11-26,152.42852783203125,7369500
2024-11-27,152.03463745117188,7674500
2024-11-29,151.8657989501953,5077000
2024-12-02,152.12841796875,6229600
2024-12-03,151.85643005371094,5900100
2024-12-04,148.4801788330078,7862700
2024-12-05,149.42742919921875,6358400
2024-12-06,145.59161376953125,9701700
2024-12-09,147.3172607421875,9404500
2024-12-10,147.24221801757812,9126200
2024-12-11,146.5013427734375,13764700
2024-12-12,145.09457397460938,7621500
2024-12-13,144.30674743652344,5816200
2024-12-16,140.07704162597656,11961200
2024-12-17,138.90475463867188,11909300
2024-12-18,135.12522888183594,10174500
2024-12-19,132.3773193359375,16544300
2024-12-20,133.97164916992188,32209200
2024-12-23,134.08421325683594,8156500
2024-12-24,134.90013122558594,3556100
2024-12-26,135.0314483642578,4492600
2024-12-27,135.05018615722656,5296500
2024-12-30,134.17799377441406,6194800
2024-12-31,135.83799743652344,6137800
