date,close,volume
2014-01-02,58.56343078613281,2943400
2014-01-03,58.4001579284668,2693800
2014-01-06,58.20854949951172,3649200
2014-01-07,59.212860107421875,3286800
2014-01-08,59.18801498413086,2857800
2014-01-09,59.26606750488281,3539400
2014-01-10,59.19866180419922,2949800
2014-01-13,58.00979995727539,2672600
2014-01-14,59.833900451660156,3221800
2014-01-15,60.52599334716797,4088800
2014-01-16,60.43362808227539,3342400
2014-01-17,60.02861404418945,3325800
2014-01-21,60.124515533447266,3195000
2014-01-22,61.00920486450195,3588600
2014-01-23,60.103214263916016,4482800
2014-01-24,58.80999755859375,5645400
2014-01-27,57.59135818481445,3806000
2014-01-28,59.41039276123047,3292600
2014-01-29,58.49732971191406,3280400
2014-01-30,59.02315139770508,2263000
2014-01-31,58.70695877075195,2639600
2014-02-03,57.46348190307617,4528800
2014-02-04,59.893592834472656,6576800
2014-02-05,59.50634765625,4293000
2014-02-06,61.55276870727539,5142200
2014-02-07,62.707420349121094,4170600
2014-02-10,61.890289306640625,3538200
2014-02-11,62.07859420776367,3298800
2014-02-12,62.21359634399414,2585000
2014-02-13,62.34149932861328,3432600
2014-02-14,62.87085723876953,2337600
2014-02-18,63.92251205444336,3654600
2014-02-19,63.5459098815918,3835000
2014-02-20,63.96158981323242,4512000
2014-02-21,63.2403450012207,5410800
2014-02-24,64.09303283691406,7053200
2014-02-25,65.37206268310547,7461200
2014-02-26,66.23896789550781,7214400
2014-02-27,66.60488891601562,3779600
2014-02-28,67.29769897460938,5076400
2014-03-03,67.25151824951172,5608400
2014-03-04,68.05799102783203,4265400
2014-03-05,67.6778335571289,3900800
2014-03-06,67.88034057617188,3450600
2014-03-07,67.47533416748047,3917200
2014-03-10,67.16624450683594,2759200
2014-03-11,65.94050598144531,4103200
2014-03-12,65.77350616455078,4087600
2014-03-13,64.98478698730469,3763800
2014-03-14,66.07196807861328,3178400
2014-03-17,66.51961517333984,2722400
2014-03-18,67.20529174804688,3166000
2014-03-19,66.62621307373047,3165000
2014-03-20,67.62102508544922,4022400
2014-03-21,68.08641815185547,5331800
2014-03-24,67.36164855957031,3461600
2014-03-25,68.06151580810547,3816400
2014-03-26,68.25697326660156,4117200
2014-03-27,68.7330551147461,3528200
2014-03-28,70.04759216308594,4051000
2014-03-31,69.69586181640625,8285600
2014-04-01,70.33182525634766,3422900
2014-04-02,70.42415618896484,2858000
2014-04-03,71.5184555053711,5219000
2014-04-04,70.89313507080078,4028600
2014-04-07,69.58570098876953,3146300
2014-04-08,70.13998413085938,3293600
2014-04-09,70.31047821044922,3826700
2014-04-10,69.713623046875,4706000
2014-04-11,70.08311462402344,4581500
2014-04-14,71.11827850341797,3427800
2014-04-15,71.93647766113281,4695400
2014-04-16,71.86532592773438,3650900
2014-04-17,72.88985443115234,3253200
2014-04-21,73.6582260131836,2404700
2014-04-22,72.81158447265625,3332800
2014-04-23,74.7610092163086,3445700
2014-04-24,73.62267303466797,3716000
2014-04-25,70.46375274658203,7168000
2014-04-28,69.7664794921875,5112100
2014-04-29,70.87638092041016,4089100
2014-04-30,69.72381591796875,6297700
2014-05-01,69.09773254394531,4240100
2014-05-02,69.05502319335938,3710900
2014-05-05,70.61316680908203,4757400
2014-05-06,73.72938537597656,8515800
2014-05-07,74.55467224121094,5705400
2014-05-08,72.37759399414062,3264300
2014-05-09,72.76890563964844,3709500
2014-05-12,73.73648834228516,3351800
2014-05-13,74.82503509521484,3426300
2014-05-14,73.9214859008789,2415000
2014-05-15,73.0961685180664,2608100
2014-05-16,72.92540740966797,2846300
2014-05-19,72.78313446044922,1832600
2014-05-20,72.49141693115234,1937500
2014-05-21,74.10645294189453,1777500
2014-05-22,73.76493835449219,2457100
2014-05-23,73.97127532958984,2535000
2014-05-27,74.5119857788086,2072500
2014-05-28,74.83926391601562,2724800
2014-05-29,75.89225006103516,2565500
2014-05-30,75.2732925415039,2293300
2014-06-02,74.97447204589844,1712400
2014-06-03,75.8851318359375,1974800
2014-06-04,75.67880249023438,1695600
2014-06-05,76.76734161376953,2212100
2014-06-06,77.77764129638672,2151400
2014-06-09,77.91283416748047,2366300
2014-06-10,77.32942199707031,2174200
2014-06-11,78.75945281982422,2683700
2014-06-12,79.42110443115234,3799500
2014-06-13,81.12151336669922,3126400
2014-06-16,81.12864685058594,4075200
2014-06-17,79.96183013916016,5247000
2014-06-18,80.77999877929688,2912400
2014-06-19,82.3879623413086,3865900
2014-06-20,83.9389419555664,5556100
2014-06-23,83.53341674804688,3328800
2014-06-24,80.4100570678711,4574300
2014-06-25,82.54444122314453,3456700
2014-06-26,82.11756896972656,2355100
2014-06-27,82.4164047241211,2801600
2014-06-30,83.14210510253906,2342000
2014-07-01,82.92153930664062,2793600
2014-07-02,82.69388580322266,2649800
2014-07-03,83.06385803222656,1677900
2014-07-07,82.338134765625,1574500
2014-07-08,82.51600646972656,2511100
2014-07-09,82.92867279052734,1938800
2014-07-10,81.79032135009766,2212700
2014-07-11,80.85829162597656,2482100
2014-07-14,82.3097152709961,2956100
2014-07-15,80.79617309570312,3367700
2014-07-16,83.4029541015625,3181000
2014-07-17,82.29899597167969,2286700
2014-07-18,82.64801788330078,2605200
2014-07-21,82.72632598876953,1595000
2014-07-22,83.01126098632812,2600600
2014-07-23,82.5838851928711,3621600
2014-07-24,82.76197052001953,2864400
2014-07-25,81.779052734375,1981100
2014-07-28,80.76055145263672,2993500
2014-07-29,81.36599731445312,2502800
2014-07-30,80.9315185546875,1778300
2014-07-31,77.9472427368164,4162500
2014-08-01,76.95008850097656,3966400
2014-08-04,79.63522338867188,3002600
2014-08-05,77.37030029296875,4848700
2014-08-06,75.95296478271484,5007700
2014-08-07,75.53985595703125,2977200
2014-08-08,76.764892578125,2354100
2014-08-11,77.13526153564453,2760600
2014-08-12,75.98857116699219,3265800
2014-08-13,75.7464370727539,2337400
2014-08-14,74.02281951904297,3490700
2014-08-15,75.56126403808594,4557700
2014-08-18,75.09113311767578,3275500
2014-08-19,76.23070526123047,3145300
2014-08-20,76.40877532958984,2185900
2014-08-21,76.3447036743164,2138800
2014-08-22,75.68942260742188,2075400
2014-08-25,76.87886047363281,1932600
2014-08-26,77.91875457763672,3283200
2014-08-27,77.35606384277344,1996700
2014-08-28,77.19937133789062,1756800
2014-08-29,78.26058197021484,1802700
2014-09-02,76.71504974365234,2755100
2014-09-03,76.73640441894531,1479100
2014-09-04,74.50712585449219,3937200
2014-09-05,74.9130859375,3235500
2014-09-08,72.22795104980469,5549200
2014-09-09,72.15673065185547,3636000
2014-09-10,72.65531158447266,3713700
2014-09-11,73.40313720703125,4596100
2014-09-12,72.16384887695312,3683100
2014-09-15,72.58409881591797,3055400
2014-09-16,74.94158935546875,4116100
2014-09-17,74.92021179199219,3689600
2014-09-18,74.7706527709961,3003200
2014-09-19,74.33617401123047,6346200
2014-09-22,72.46300506591797,4437000
2014-09-23,71.82199096679688,5577300
2014-09-24,72.74789428710938,4584400
2014-09-25,71.4801254272461,3588900
2014-09-26,72.56270599365234,3327500
2014-09-29,72.55558776855469,4300400
2014-09-30,70.52571105957031,6422700
2014-10-01,68.98014068603516,5856700
2014-10-02,69.1297378540039,5381500
2014-10-03,68.7807388305664,4433900
2014-10-06,67.72664642333984,5114400
2014-10-07,66.67252349853516,5515800
2014-10-08,67.34915161132812,7723600
2014-10-09,65.49735260009766,9684400
2014-10-10,63.980262756347656,9915400
2014-10-13,59.6569709777832,9446700
2014-10-14,59.71393966674805,12228000
2014-10-15,62.924007415771484,11107300
2014-10-16,65.13639068603516,10111100
2014-10-17,65.10071563720703,8665500
2014-10-20,66.19976806640625,4420600
2014-10-21,68.533447265625,6298800
2014-10-22,65.70734405517578,7672400
2014-10-23,66.656494140625,9219300
2014-10-24,65.72872924804688,5417400
2014-10-27,63.109561920166016,7433800
2014-10-28,65.30055236816406,6123200
2014-10-29,66.46381378173828,5926100
2014-10-30,65.81439208984375,3746200
2014-10-31,67.83407592773438,5495200
2014-11-03,66.59940338134766,7006200
2014-11-04,64.42984771728516,8208000
2014-11-05,68.58341217041016,11401900
2014-11-06,70.63163757324219,8202200
2014-11-07,71.04556274414062,7009200
2014-11-10,70.29621124267578,5947800
2014-11-11,70.4746322631836,4274300
2014-11-12,69.6253662109375,3433700
2014-11-13,68.40499877929688,5859300
2014-11-14,70.05355072021484,3992700
2014-11-17,68.76182556152344,4349400
2014-11-18,69.70386505126953,3917200
2014-11-19,70.1749038696289,3830800
2014-11-20,70.9670639038086,4624100
2014-11-21,72.60848999023438,6378700
2014-11-24,71.05270385742188,4110900
2014-11-25,69.0401611328125,5592000
2014-11-26,67.1346664428711,5346100
2014-11-28,61.88922882080078,9472100
2014-12-01,62.26032257080078,10063500
2014-12-02,64.44416046142578,10159600
2014-12-03,65.51464080810547,6237200
2014-12-04,66.37105560302734,5108100
2014-12-05,64.76529693603516,7572500
2014-12-08,62.93829345703125,8672200
2014-12-09,63.62340545654297,8197500
2014-12-10,61.939186096191406,8821700
2014-12-11,61.989131927490234,5808100
2014-12-12,61.63945388793945,6606200
2014-12-15,60.90435028076172,6867000
2014-12-16,60.99713134765625,8303700
2014-12-17,65.04361724853516,10269500
2014-12-18,65.978515625,8888600
2014-12-19,67.81265258789062,7853400
2014-12-22,67.84119415283203,6746600
2014-12-23,68.80464172363281,4243900
2014-12-24,67.12040710449219,3012800
2014-12-26,66.95623779296875,2210600
2014-12-29,67.32022094726562,3397000
2014-12-30,66.15693664550781,3379400
2014-12-31,65.70734405517578,3329200
2015-01-02,65.82866668701172,3462300
2015-01-05,61.86067199707031,6173600
2015-01-06,60.0979118347168,8142000
2015-01-07,59.719642639160156,5950300
2015-01-08,62.00340270996094,5836500
2015-01-09,62.417327880859375,4036600
2015-01-12,60.311981201171875,4810300
2015-01-13,60.704532623291016,5444200
2015-01-14,62.741058349609375,6698200
2015-01-15,61.87582015991211,4941700
2015-01-16,64.57881927490234,5483500
2015-01-20,63.8780403137207,5969500
2015-01-21,64.74330139160156,4911900
2015-01-22,64.61456298828125,4471600
2015-01-23,64.92206573486328,4433700
2015-01-26,66.0232925415039,3431100
2015-01-27,66.50238800048828,5283000
2015-01-28,62.99851608276367,5772900
2015-01-29,63.57770919799805,5188700
2015-01-30,63.663516998291016,7469900
2015-02-02,66.15914154052734,5615500
2015-02-03,68.8692855834961,8906600
2015-02-04,68.06845092773438,9869100
2015-02-05,68.78348541259766,5596600
2015-02-06,68.49747467041016,5297800
2015-02-09,68.61185455322266,4249100
2015-02-10,68.11848449707031,4308300
2015-02-11,66.64541625976562,6332300
2015-02-12,67.78955841064453,3944500
2015-02-13,69.30550384521484,4158500
2015-02-17,68.99801635742188,4234300
2015-02-18,68.15422058105469,4534000
2015-02-19,67.074462890625,18682400
2015-02-20,65.12946319580078,7937800
2015-02-23,65.73724365234375,5501300
2015-02-24,65.5084457397461,4215000
2015-02-25,66.52388000488281,5787800
2015-02-26,64.45011901855469,5427100
2015-02-27,64.15690612792969,3837600
2015-03-02,63.68497848510742,5347800
2015-03-03,64.62173461914062,4381400
2015-03-04,64.70753479003906,3924800
2015-03-05,64.06397247314453,2688100
2015-03-06,63.334590911865234,4063600
2015-03-09,62.72677993774414,3443600
2015-03-10,61.6327018737793,4862400
2015-03-11,61.890132904052734,3973700
2015-03-12,61.28947830200195,3051700
2015-03-13,61.0606575012207,4415600
2015-03-16,62.85551071166992,4953800
2015-03-17,62.06890106201172,3798600
2015-03-18,64.82910919189453,5386800
2015-03-19,64.02107238769531,3558700
2015-03-20,64.84339904785156,5980000
2015-03-23,63.642093658447266,3200700
2015-03-24,63.52763748168945,2681200
2015-03-25,64.32857513427734,3664800
2015-03-26,65.32965850830078,4857100
2015-03-27,64.75759887695312,2539100
2015-03-30,65.88741302490234,3478900
2015-03-31,65.56566619873047,3576000
2015-04-01,65.22954559326172,3813800
2015-04-02,66.29500579833984,4596300
2015-04-06,67.83959197998047,4770000
2015-04-07,67.41053009033203,5233200
2015-04-08,67.24609375,3274400
2015-04-09,68.44026947021484,3408000
2015-04-10,69.06950378417969,2570400
2015-04-13,67.71088409423828,3111400
2015-04-14,69.09916687011719,3204400
2015-04-15,70.1736831665039,5859500
2015-04-16,70.20233154296875,4054400
2015-04-17,69.65074157714844,3201200
2015-04-20,70.01608276367188,3130700
2015-04-21,69.19227600097656,3238300
2015-04-22,69.9874496459961,2897800
2015-04-23,70.39574432373047,2708400
2015-04-24,69.2854232788086,3139600
2015-04-27,69.743896484375,2980500
2015-04-28,70.53185272216797,3736600
2015-04-29,71.4487533569336,3902600
2015-04-30,70.88286590576172,3462000
2015-05-01,70.8470458984375,3584700
2015-05-04,71.19807434082031,7312700
2015-05-05,67.72378540039062,11762000
2015-05-06,68.11061096191406,5163500
2015-05-07,66.978759765625,5197800
2015-05-08,66.978759765625,4922300
2015-05-11,65.6248779296875,3952400
2015-05-12,66.91429138183594,3468500
2015-05-13,65.6176986694336,3548300
2015-05-14,64.99449157714844,3582200
2015-05-15,64.80819702148438,3267300
2015-05-18,65.76099395751953,3018000
2015-05-19,64.65777587890625,3588500
2015-05-20,64.80107116699219,3734400
2015-05-21,65.53887176513672,3958000
2015-05-22,64.65777587890625,3055500
2015-05-26,63.86261749267578,3920700
2015-05-27,63.75518798828125,3016900
2015-05-28,63.86261749267578,3790800
2015-05-29,63.53310775756836,3948900
2015-06-01,63.58329391479492,2886500
2015-06-02,64.30673217773438,3581600
2015-06-03,63.76234436035156,2158400
2015-06-04,62.59467315673828,3774200
2015-06-05,64.24230194091797,4429900
2015-06-08,63.83396911621094,2755700
2015-06-09,63.819671630859375,2661000
2015-06-10,64.7652587890625,2914800
2015-06-11,64.93718719482422,2300900
2015-06-12,64.13485717773438,2464100
2015-06-15,63.912784576416016,2795300
2015-06-16,64.52882385253906,2286400
2015-06-17,63.76947784423828,4998100
2015-06-18,63.61909103393555,3602500
2015-06-19,63.232242584228516,4298600
2015-06-22,63.09613800048828,2845600
2015-06-23,63.60477828979492,3613300
2015-06-24,63.282413482666016,3785900
2015-06-25,62.788116455078125,3797800
2015-06-26,63.081817626953125,11406600
2015-06-29,61.78522491455078,4022300
2015-06-30,62.716495513916016,3941400
2015-07-01,61.44135284423828,4644500
2015-07-02,61.36975860595703,2699900
2015-07-06,60.95424270629883,3513300
2015-07-07,62.12192153930664,5118300
2015-07-08,60.52445983886719,4681200
2015-07-09,61.10468673706055,3784000
2015-07-10,60.56024932861328,2903800
2015-07-13,60.3238410949707,3830200
2015-07-14,61.05453872680664,3276100
2015-07-15,59.75394058227539,3917300
2015-07-16,59.14382553100586,4019300
2015-07-17,57.78009796142578,6069300
2015-07-20,55.93543243408203,7054000
2015-07-21,55.504791259765625,6823700
2015-07-22,54.61476135253906,7205200
2015-07-23,54.77983856201172,6335400
2015-07-24,53.947227478027344,5850200
2015-07-27,52.53323745727539,5621300
2015-07-28,55.1602668762207,7887200
2015-07-29,55.799072265625,6360600
2015-07-30,56.373291015625,4539800
2015-07-31,55.404296875,4190200
2015-08-03,54.8659782409668,5136500
2015-08-04,55.081298828125,3981900
2015-08-05,54.61476135253906,4896800
2015-08-06,55.75601577758789,6709500
2015-08-07,52.94235610961914,8476100
2015-08-10,54.74394607543945,6935200
2015-08-11,55.48326110839844,5976000
2015-08-12,57.37098693847656,8234000
2015-08-13,57.1915397644043,5889700
2015-08-14,57.37098693847656,3908100
2015-08-17,57.42838668823242,3747200
2015-08-18,57.715484619140625,3536700
2015-08-19,55.31816864013672,6122900
2015-08-20,55.07414245605469,6793500
2015-08-21,53.73189163208008,7769100
2015-08-24,49.712425231933594,9518800
2015-08-25,49.06643295288086,6720600
2015-08-26,50.954166412353516,6763700
2015-08-27,54.39942932128906,7160700
2015-08-28,55.49042892456055,6962200
2015-08-31,56.20817947387695,6864000
2015-09-01,54.56450271606445,6376900
2015-09-02,55.77751922607422,5356500
2015-09-03,55.59090805053711,6228100
2015-09-04,55.18898010253906,4700700
2015-09-08,55.74164962768555,5137600
2015-09-09,55.21767807006836,6445400
2015-09-10,56.02873229980469,4814700
2015-09-11,55.375579833984375,4571800
2015-09-14,54.858787536621094,3705000
2015-09-15,55.447357177734375,3650500
2015-09-16,57.37813949584961,3996000
2015-09-17,57.177181243896484,5499100
2015-09-18,54.73677062988281,6047600
2015-09-21,54.923397064208984,3258700
2015-09-22,53.99028396606445,3433900
2015-09-23,52.42555618286133,3891400
2015-09-24,52.58347702026367,4443600
2015-09-25,52.24613571166992,3894300
2015-09-28,49.83443832397461,4581900
2015-09-29,50.336875915527344,3773600
2015-09-30,52.2533073425293,4809200
2015-10-01,52.820343017578125,5683400
2015-10-02,55.310977935791016,6032600
2015-10-05,57.88777160644531,7429300
2015-10-06,59.45964813232422,6777000
2015-10-07,60.12716293334961,6893100
2015-10-08,62.47427749633789,6795000
2015-10-09,62.6609001159668,5802200
2015-10-12,61.74934005737305,4804200
2015-10-13,61.21099853515625,5605900
2015-10-14,61.69143295288086,3325400
2015-10-15,62.669517517089844,3609900
2015-10-16,62.928436279296875,4128500
2015-10-19,60.99381637573242,4256500
2015-10-20,61.0369873046875,3553400
2015-10-21,60.2530517578125,3005600
2015-10-22,61.705814361572266,2901100
2015-10-23,61.43971633911133,2674900
2015-10-26,59.972572326660156,3496500
2015-10-27,59.47632598876953,5147700
2015-10-28,60.97943878173828,3830000
2015-10-29,61.504451751708984,2984100
2015-10-30,61.74174118041992,3161600
2015-11-02,61.899986267089844,3597500
2015-11-03,63.611629486083984,5513900
2015-11-04,62.18764877319336,3908700
2015-11-05,62.18764877319336,4033800
2015-11-06,61.32466506958008,5272300
2015-11-09,61.396583557128906,3849900
2015-11-10,62.266780853271484,3909700
2015-11-11,59.92224884033203,3545500
2015-11-12,58.75,3436700
2015-11-13,59.152706146240234,3111800
2015-11-16,60.97943878173828,3052700
2015-11-17,59.67770004272461,3290100
2015-11-18,61.238338470458984,3200900
2015-11-19,59.440399169921875,2797900
2015-11-20,59.4260139465332,2980700
2015-11-23,59.38284683227539,2718700
2015-11-24,61.23115158081055,4420900
2015-11-25,60.073246002197266,3037000
2015-11-27,58.987327575683594,1446600
2015-11-30,60.00136947631836,3833500
2015-12-01,60.44723129272461,2584200
2015-12-02,58.153038024902344,4543300
2015-12-03,58.2465705871582,4675000
2015-12-04,57.886959075927734,4754200
2015-12-07,54.79448318481445,6354500
2015-12-08,55.45612335205078,5336800
2015-12-09,56.36948776245117,5377100
2015-12-10,56.225643157958984,5033300
2015-12-11,53.85953140258789,4962000
2015-12-14,55.27631759643555,5854600
2015-12-15,55.592777252197266,5701000
2015-12-16,54.51399612426758,4961300
2015-12-17,52.71604537963867,6110000
2015-12-18,51.37117385864258,6633800
2015-12-21,50.52253723144531,5078800
2015-12-22,50.206092834472656,5234600
2015-12-23,52.996524810791016,5352700
2015-12-24,52.80234146118164,1792900
2015-12-28,50.69513702392578,3998000
2015-12-29,51.12663269042969,3168400
2015-12-30,50.78144836425781,3354700
2015-12-31,50.910884857177734,3117300
2016-01-04,50.112606048583984,5136700
2016-01-05,50.43623352050781,3665200
2016-01-06,48.41533660888672,6626700
2016-01-07,47.07764434814453,5297900
2016-01-08,47.120792388916016,4990100
2016-01-11,45.790313720703125,5356600
2016-01-12,45.25094223022461,7124500
2016-01-13,46.27346420288086,7745400
2016-01-14,47.05946731567383,7134900
2016-01-15,45.40812301635742,5870600
2016-01-19,43.97312927246094,5477000
2016-01-20,43.43951416015625,10621600
2016-01-21,45.9705924987793,7403900
2016-01-22,47.60750961303711,6827100
2016-01-25,44.41299819946289,4969200
2016-01-26,47.614715576171875,6789000
2016-01-27,47.643558502197266,7071300
2016-01-28,49.489601135253906,6737700
2016-01-29,51.213035583496094,6883200
2016-02-01,49.82130813598633,4489100
2016-02-02,48.42958068847656,5463600
2016-02-03,50.614524841308594,5381200
2016-02-04,49.35259246826172,5174300
2016-02-05,48.357460021972656,5514400
2016-02-08,49.345375061035156,6274500
2016-02-09,47.29743957519531,6382800
2016-02-10,47.441654205322266,4302100
2016-02-11,47.275779724121094,5413000
2016-02-12,48.81897735595703,5476800
2016-02-16,48.955989837646484,3747900
2016-02-17,51.06883239746094,6288200
2016-02-18,50.08811950683594,3668100
2016-02-19,50.26838302612305,3575100
2016-02-22,52.0711669921875,4684600
2016-02-23,49.049713134765625,4418700
2016-02-24,50.13138198852539,4151500
2016-02-25,49.395851135253906,5356700
2016-02-26,48.67473602294922,10600800
2016-02-29,46.68449783325195,7950300
2016-03-01,46.88640594482422,7542900
2016-03-02,48.31418991088867,5243400
2016-03-03,49.93669891357422,6644400
2016-03-04,51.49428939819336,7930800
2016-03-07,54.42197036743164,8446300
2016-03-08,50.881343841552734,6598900
2016-03-09,52.10721969604492,4693500
2016-03-10,52.11442947387695,4557300
2016-03-11,54.212852478027344,4282000
2016-03-14,53.92441177368164,3188400
2016-03-15,53.080711364746094,3910500
2016-03-16,54.111915588378906,4881800
2016-03-17,55.16469955444336,4675100
2016-03-18,54.5373420715332,7455600
2016-03-21,54.775306701660156,2899600
2016-03-22,54.732059478759766,2844300
2016-03-23,53.607120513916016,3840700
2016-03-24,53.578277587890625,3621400
2016-03-28,53.744171142578125,2628700
2016-03-29,54.40754699707031,3243000
2016-03-30,53.11676025390625,4136200
2016-03-31,52.33797073364258,5664700
2016-04-01,51.948585510253906,5143400
2016-04-04,50.70105743408203,3452600
2016-04-05,50.86689758300781,3467500
2016-04-06,51.357269287109375,4159200
2016-04-07,51.52312088012695,3017600
2016-04-08,52.97976303100586,3215900
2016-04-11,53.369144439697266,3457500
2016-04-12,55.893043518066406,5528000
2016-04-13,56.20954895019531,4629100
2016-04-14,56.231231689453125,2666700
2016-04-15,54.71360397338867,4868800
2016-04-18,55.963844299316406,3586400
2016-04-19,57.18516540527344,3829900
2016-04-20,57.35860824584961,4066200
2016-04-21,57.20686340332031,3336600
2016-04-22,58.47874450683594,3157300
2016-04-25,57.64047622680664,2828100
2016-04-26,59.822940826416016,3654700
2016-04-27,61.073158264160156,3795100
2016-04-28,59.17976379394531,3266000
2016-04-29,59.707305908203125,4570600
2016-05-02,59.822940826416016,4300700
2016-05-03,58.26919174194336,3808600
2016-05-04,57.336917877197266,3757600
2016-05-05,58.724483489990234,5206800
2016-05-06,56.859981536865234,5070700
2016-05-09,56.8310661315918,3002700
2016-05-10,57.618778228759766,4089700
2016-05-11,58.04515838623047,3192000
2016-05-12,58.175235748291016,2277400
2016-05-13,56.83829116821289,3219100
2016-05-16,58.31254959106445,2992800
2016-05-17,58.948509216308594,3952300
2016-05-18,58.1102180480957,2478500
2016-05-19,57.87171936035156,3798500
2016-05-20,58.47874450683594,3322800
2016-05-23,58.731712341308594,3215300
2016-05-24,59.61334228515625,3312900
2016-05-25,60.039730072021484,2895200
2016-05-26,59.47605895996094,2367300
2016-05-27,58.948509216308594,2100600
2016-05-31,58.7967529296875,3009200
2016-06-01,58.35591506958008,3337100
2016-06-02,58.16800308227539,2069800
2016-06-03,57.60432434082031,2134500
2016-06-06,58.731712341308594,2037300
2016-06-07,61.73078536987305,4369500
2016-06-08,61.687442779541016,3796800
2016-06-09,61.12371826171875,3588100
2016-06-10,58.94126892089844,2983600
2016-06-13,58.81840133666992,2235300
2016-06-14,59.96744918823242,2335700
2016-06-15,59.577239990234375,2150800
2016-06-16,57.943965911865234,3139800
2016-06-17,58.457088470458984,3280800
2016-06-20,60.11921310424805,3215000
2016-06-21,61.362213134765625,3539800
2016-06-22,60.41552734375,2415600
2016-06-23,61.06591796875,2413200
2016-06-24,58.57992935180664,4942200
2016-06-27,56.79491424560547,4234100
2016-06-28,59.07857131958008,3105700
2016-06-29,60.29988098144531,2870300
2016-06-30,60.28544235229492,3364000
2016-07-01,61.26825714111328,2675400
2016-07-05,59.8084831237793,2704800
2016-07-06,59.8084831237793,2207300
2016-07-07,58.97740173339844,2145800
2016-07-08,59.64947509765625,1979500
2016-07-11,59.9096565246582,1689200
2016-07-12,61.528446197509766,2860700
2016-07-13,60.70876693725586,2812000
2016-07-14,61.28078842163086,2018100
2016-07-15,60.89705276489258,2473800
2016-07-18,60.28154754638672,1864800
2016-07-19,59.40538024902344,2173800
2016-07-20,59.4560546875,2156700
2016-07-21,59.00712585449219,1825300
2016-07-22,58.637821197509766,2620100
2016-07-25,57.0230827331543,4280300
2016-07-26,58.25405502319336,2548000
2016-07-27,57.76889419555664,3450200
2016-07-28,57.855777740478516,2537400
2016-07-29,59.15917205810547,2886900
2016-08-01,56.98688888549805,3591800
2016-08-02,57.84855651855469,3039100
2016-08-03,59.64431381225586,3036500
2016-08-04,60.998382568359375,4243000
2016-08-05,65.28507232666016,8928300
2016-08-08,65.64717102050781,4506100
2016-08-09,65.44439697265625,3064200
2016-08-10,64.74922943115234,2664100
2016-08-11,65.37197875976562,3445400
2016-08-12,66.03814697265625,1912000
2016-08-15,65.5675048828125,2794100
2016-08-16,65.35749816894531,2463400
2016-08-17,65.32852935791016,3160400
2016-08-18,66.42192077636719,4122200
2016-08-19,66.44364166259766,2338600
2016-08-22,66.01644134521484,2276100
2016-08-23,66.04539489746094,2986400
2016-08-24,65.69783782958984,2329200
2016-08-25,65.35026550292969,1929900
2016-08-26,65.299560546875,1641100
2016-08-29,65.99471282958984,2226100
2016-08-30,65.21990966796875,1618400
2016-08-31,64.07585144042969,2709100
2016-09-01,64.11927795410156,2420700
2016-09-02,64.37996673583984,1938400
2016-09-06,68.6666488647461,7421600
2016-09-07,68.29735565185547,4271500
2016-09-08,69.1010971069336,3697300
2016-09-09,67.08810424804688,3013300
2016-09-12,67.32705688476562,2498800
2016-09-13,65.45885467529297,3985900
2016-09-14,64.04685974121094,3673700
2016-09-15,65.85713195800781,3931800
2016-09-16,65.87159729003906,4559700
2016-09-19,65.20543670654297,3740000
2016-09-20,65.45885467529297,3049400
2016-09-21,67.71807098388672,3188900
2016-09-22,67.05915069580078,3047100
2016-09-23,64.98817443847656,3679800
2016-09-26,64.63341522216797,2131500
2016-09-27,64.12651062011719,2939000
2016-09-28,68.03666687011719,4533800
2016-09-29,68.8259506225586,4486500
2016-09-30,70.0279541015625,4006500
2016-10-03,69.59347534179688,2318600
2016-10-04,68.8910903930664,1724700
2016-10-05,70.51313018798828,3284500
2016-10-06,70.33931732177734,1789700
2016-10-07,69.83244323730469,1742900
2016-10-10,70.44796752929688,1963600
2016-10-11,69.550048828125,2099900
2016-10-12,69.73104858398438,2415800
2016-10-13,69.27265930175781,2252400
2016-10-14,68.53276824951172,2526800
2016-10-17,68.02503204345703,2100100
2016-10-18,67.55352020263672,2735400
2016-10-19,68.95347595214844,3163600
2016-10-20,68.84466552734375,2472200
2016-10-21,68.09754943847656,2729600
2016-10-24,67.90892028808594,2569000
2016-10-25,67.2198486328125,1429100
2016-10-26,66.83539581298828,3286400
2016-10-27,66.54525756835938,3581300
2016-10-28,65.86341857910156,3269800
2016-10-31,65.58777618408203,2406900
2016-11-01,66.12454986572266,2496000
2016-11-02,65.9649658203125,3302600
2016-11-03,66.79188537597656,4157900
2016-11-04,66.58879089355469,6775100
2016-11-07,67.77112579345703,2988200
2016-11-08,67.72034454345703,2382200
2016-11-09,67.77112579345703,4685900
2016-11-10,67.1908187866211,2983000
2016-11-11,66.3058853149414,2340300
2016-11-14,67.22711944580078,2467000
2016-11-15,68.59805297851562,8288400
2016-11-16,69.06954193115234,4103400
2016-11-17,66.9804458618164,5877700
2016-11-18,67.5680160522461,2755400
2016-11-21,69.39595031738281,4642400
2016-11-22,69.10582733154297,3867800
2016-11-23,70.36070251464844,2675500
2016-11-25,69.6208267211914,1518300
2016-11-28,67.80014038085938,3031200
2016-11-29,67.05304718017578,4010400
2016-11-30,74.36473083496094,10121000
2016-12-01,75.98229217529297,6505300
2016-12-02,75.24966430664062,4078300
2016-12-05,75.77196502685547,5883900
2016-12-06,75.41650390625,3539700
2016-12-07,75.09735870361328,3777700
2016-12-08,76.11286163330078,6189100
2016-12-09,77.21541595458984,4049600
2016-12-12,76.76571655273438,5758500
2016-12-13,78.34700775146484,3912600
2016-12-14,75.59058380126953,4010300
2016-12-15,75.38024139404297,4646800
2016-12-16,75.43827819824219,8906300
2016-12-19,75.06108856201172,2238900
2016-12-20,74.8289566040039,2383100
2016-12-21,74.38648986816406,2364900
2016-12-22,74.80719757080078,2722400
2016-12-23,74.00927734375,1706200
2016-12-27,74.37921905517578,1410800
2016-12-28,73.7336654663086,1896100
2016-12-29,73.46527099609375,1517700
2016-12-30,73.33470153808594,2178200
2017-01-03,75.10459899902344,4151200
2017-01-04,75.16265106201172,2417900
2017-01-05,75.56885528564453,3084800
2017-01-06,76.31596374511719,2418300
2017-01-09,74.72740173339844,3382600
2017-01-10,75.00305938720703,2913800
2017-01-11,76.10560607910156,3542900
2017-01-12,76.55461120605469,4671700
2017-01-13,76.56912994384766,2580500
2017-01-17,76.63450622558594,3881100
2017-01-18,76.57640838623047,2527500
2017-01-19,76.423828125,2425800
2017-01-20,76.62727355957031,2488100
2017-01-23,75.16692352294922,3045500
2017-01-24,75.3267593383789,2680500
2017-01-25,75.4865951538086,2798100
2017-01-26,75.84260559082031,2772600
2017-01-27,74.76007080078125,2343600
2017-01-30,73.52495574951172,2975600
2017-01-31,73.80104064941406,2447500
2017-02-01,73.37967681884766,3028500
2017-02-02,72.44243621826172,5064400
2017-02-03,73.3360595703125,3520900
2017-02-06,72.43517303466797,1802400
2017-02-07,70.61157989501953,5158000
2017-02-08,71.30176544189453,3445400
2017-02-09,72.51508331298828,2927000
2017-02-10,73.6993408203125,3089000
2017-02-13,72.9074478149414,1944900
2017-02-14,73.54678344726562,3862500
2017-02-15,73.1980209350586,2094000
2017-02-16,72.77664184570312,3154100
2017-02-17,71.94840240478516,3023200
2017-02-21,72.26805877685547,2737200
2017-02-22,70.85859680175781,2596500
2017-02-23,70.88765716552734,3211800
2017-02-24,69.9649658203125,3590300
2017-02-27,71.13468933105469,5156900
2017-02-28,70.4662857055664,6369300
2017-03-01,72.68946838378906,3775900
2017-03-02,71.54154205322266,3048900
2017-03-03,71.61420440673828,2075400
2017-03-06,72.70398712158203,3106100
2017-03-07,72.31166076660156,3381800
2017-03-08,68.89696502685547,4829600
2017-03-09,69.5290298461914,4991400
2017-03-10,68.86788940429688,3796500
2017-03-13,68.98412322998047,4695400
2017-03-14,68.72257995605469,5091800
2017-03-15,70.51713562011719,4184400
2017-03-16,69.6235122680664,3182400
2017-03-17,70.05941772460938,6978600
2017-03-20,69.90682983398438,2208400
2017-03-21,68.67899322509766,2840700
2017-03-22,68.7662124633789,2040700
2017-03-23,68.88243103027344,2350500
2017-03-24,68.91875457763672,2858400
2017-03-27,67.84346771240234,2756900
2017-03-28,69.23116302490234,3341000
2017-03-29,70.47354888916016,3480900
2017-03-30,70.5970458984375,7514700
2017-03-31,70.87313079833984,4001000
2017-04-03,70.44447326660156,2282000
2017-04-04,71.38170623779297,2232100
2017-04-05,70.89492797851562,3829100
2017-04-06,71.23639678955078,1977900
2017-04-07,70.73509979248047,2866600
2017-04-10,71.61420440673828,2902600
2017-04-11,71.23429870605469,1907900
2017-04-12,70.95047760009766,2295100
2017-04-13,69.60408782958984,3235100
2017-04-17,69.67688751220703,2288800
2017-04-18,69.01457977294922,2005700
2017-04-19,67.89382934570312,3109100
2017-04-20,67.90109252929688,2737300
2017-04-21,68.10488891601562,2409300
2017-04-24,68.22132110595703,2182200
2017-04-25,69.33482360839844,2273900
2017-04-26,68.63612365722656,2132000
2017-04-27,67.68275451660156,3876300
2017-04-28,67.31887817382812,1625300
2017-05-01,66.97683715820312,2680100
2017-05-02,66.86038970947266,3350700
2017-05-03,66.78032684326172,3512200
2017-05-04,64.4805679321289,5457900
2017-05-05,66.139892578125,4696400
2017-05-08,66.72938537597656,3718300
2017-05-09,66.69300079345703,3591100
2017-05-10,68.80355072021484,5239200
2017-05-11,68.61431884765625,2580800
2017-05-12,68.91998291015625,3415700
2017-05-15,68.94183349609375,6294000
2017-05-16,68.28683471679688,2682700
2017-05-17,67.64637756347656,2406900
2017-05-18,66.72938537597656,3795800
2017-05-19,68.27227020263672,3711900
2017-05-22,67.76284790039062,2004600
2017-05-23,67.3407211303711,2255400
2017-05-24,67.44261169433594,2886800
2017-05-25,66.24177551269531,2768700
2017-05-26,66.38734436035156,2001500
2017-05-30,65.22288513183594,3163100
2017-05-31,65.72505950927734,3938800
2017-06-01,65.7905502319336,2829600
2017-06-02,65.26655578613281,2680200
2017-06-05,64.91724395751953,2373000
2017-06-06,66.10352325439453,3219500
2017-06-07,64.15309143066406,4531400
2017-06-08,64.12396240234375,3498800
2017-06-09,65.55767822265625,4507800
2017-06-12,65.4121322631836,3812500
2017-06-13,65.9070053100586,2573100
2017-06-14,64.7207260131836,4054900
2017-06-15,63.34524917602539,4362000
2017-06-16,64.42235565185547,4767000
2017-06-19,64.0948486328125,2495400
2017-06-20,63.93475341796875,3772100
2017-06-21,63.40346145629883,4613500
2017-06-22,63.81830978393555,3356600
2017-06-23,63.891090393066406,3733900
2017-06-26,63.599971771240234,2547700
2017-06-27,64.04393005371094,3909200
2017-06-28,64.78623962402344,4508200
2017-06-29,65.49948120117188,4079000
2017-06-30,65.8779067993164,4164100
2017-07-03,67.22427368164062,2400000
2017-07-05,65.71781158447266,2720200
2017-07-06,64.5024185180664,3290600
2017-07-07,64.36414337158203,3810300
2017-07-10,65.22288513183594,2064600
2017-07-11,65.95795440673828,2517000
2017-07-12,65.91429138183594,3166700
2017-07-13,66.94087219238281,2472100
2017-07-14,66.98463439941406,1773400
2017-07-17,67.00652313232422,4129100
2017-07-18,66.86068725585938,2198600
2017-07-19,68.76368713378906,3937500
2017-07-20,68.28977966308594,4078200
2017-07-21,67.74292755126953,2665700
2017-07-24,68.03457641601562,2588900
2017-07-25,69.1719970703125,2811200
2017-07-26,69.08451080322266,2862100
2017-07-27,69.98133850097656,2615700
2017-07-28,69.57303619384766,2977100
2017-07-31,69.3688735961914,2988600
2017-08-01,68.87307739257812,3802000
2017-08-02,67.31275177001953,5358400
2017-08-03,64.81916809082031,6296700
2017-08-04,65.94932556152344,3792200
2017-08-07,65.3805923461914,3886500
2017-08-08,66.45966339111328,3829700
2017-08-09,65.87637329101562,3289100
2017-08-10,64.97954559326172,3377400
2017-08-11,64.54935455322266,2874200
2017-08-14,64.1556396484375,2482200
2017-08-15,63.448387145996094,4457900
2017-08-16,61.9609489440918,3478000
2017-08-17,60.794403076171875,3438100
2017-08-18,61.312042236328125,2751700
2017-08-21,61.02041244506836,2515500
2017-08-22,61.421409606933594,1946700
2017-08-23,62.05576705932617,2322700
2017-08-24,61.69850540161133,2007800
2017-08-25,61.61830520629883,2211300
2017-08-28,60.808956146240234,2377500
2017-08-29,60.62667465209961,2321300
2017-08-30,61.00582504272461,2245700
2017-08-31,61.9682731628418,4803900
2017-09-01,62.4494743347168,2358600
2017-09-05,62.60990524291992,2655100
2017-09-06,64.05357360839844,2600300
2017-09-07,64.60040283203125,2788600
2017-09-08,63.27339553833008,2687200
2017-09-11,64.11188507080078,2865300
2017-09-12,64.505615234375,2922900
2017-09-13,66.42322540283203,3158300
2017-09-14,66.91901397705078,3428400
2017-09-15,67.96895599365234,4057800
2017-09-18,67.84503173828125,2388300
2017-09-19,67.90333557128906,2074600
2017-09-20,68.66891479492188,3774300
2017-09-21,68.45748901367188,2678700
2017-09-22,68.93870544433594,2290400
2017-09-25,70.2073745727539,3143400
2017-09-26,70.63025665283203,2951100
2017-09-27,70.9583740234375,2123000
2017-09-28,70.59378814697266,2983000
2017-09-29,70.53549194335938,2010900
2017-10-02,70.85630798339844,2115200
2017-10-03,70.36048889160156,2134500
2017-10-04,70.23653411865234,1508000
2017-10-05,70.3969497680664,2097600
2017-10-06,70.13445281982422,1587300
2017-10-09,70.36048889160156,1880200
2017-10-10,70.56464385986328,2200900
2017-10-11,70.67401123046875,2156500
2017-10-12,70.46984100341797,2173700
2017-10-13,70.44799041748047,1953600
2017-10-16,71.00162506103516,2074900
2017-10-17,71.17693328857422,1695300
2017-10-18,70.59989166259766,2040400
2017-10-19,69.94254302978516,1875100
2017-10-20,70.73137664794922,2194500
2017-10-23,70.82630920410156,2395800
2017-10-24,70.46842956542969,2190400
2017-10-25,70.2273941040039,1959000
2017-10-26,70.78981018066406,1980200
2017-10-27,71.92191314697266,2911200
2017-10-30,72.69613647460938,3505400
2017-10-31,72.94445037841797,3272500
2017-11-01,74.71202850341797,3953400
2017-11-02,75.19407653808594,2970900
2017-11-03,76.326171875,4080200
2017-11-06,78.12296295166016,4709600
2017-11-07,77.48751831054688,4021300
2017-11-08,76.20204162597656,3426200
2017-11-09,76.53069305419922,3053100
2017-11-10,76.38463592529297,3383200
2017-11-13,76.29698944091797,1822900
2017-11-14,74.84349060058594,2428400
2017-11-15,74.03274536132812,3357700
2017-11-16,74.0838851928711,2027500
2017-11-17,74.23727416992188,2596800
2017-11-20,74.0911865234375,1659100
2017-11-21,74.25186920166016,4058400
2017-11-22,74.20074462890625,2654800
2017-11-24,74.25186920166016,913500
2017-11-27,72.90795135498047,2947600
2017-11-28,72.92256164550781,2037200
2017-11-29,73.40462493896484,2721600
2017-11-30,74.73394775390625,4183700
2017-12-01,75.16485595703125,3445800
2017-12-04,73.80634307861328,2423500
2017-12-05,73.69676971435547,2046000
2017-12-06,72.2067642211914,2768400
2017-12-07,72.83492279052734,1687600
2017-12-08,73.32427215576172,1512400
2017-12-11,73.92318725585938,1946800
2017-12-12,73.24391174316406,2127600
2017-12-13,72.99562072753906,1426900
2017-12-14,72.77645874023438,2425000
2017-12-15,71.98033905029297,4633000
2017-12-18,72.97367858886719,2670300
2017-12-19,74.0838851928711,2374400
2017-12-20,75.62501525878906,2651800
2017-12-21,77.67742919921875,3330300
2017-12-22,78.23253631591797,2028700
2017-12-26,79.91242980957031,2071500
2017-12-27,79.1455078125,1802000
2017-12-28,79.21123504638672,1250500
2017-12-29,78.81684875488281,1778200
2018-01-02,79.83206939697266,1899800
2018-01-03,81.02262878417969,3068400
2018-01-04,81.0372314453125,2125000
2018-01-05,81.9283218383789,2221200
2018-01-08,82.32271575927734,1934400
2018-01-09,81.59231567382812,1944100
2018-01-10,81.81144714355469,4750900
2018-01-11,84.09757995605469,3828100
2018-01-12,84.50662231445312,2025300
2018-01-16,82.9398422241211,4835600
2018-01-17,83.04222869873047,3324300
2018-01-18,83.56159210205078,4564600
2018-01-19,83.65663146972656,2920600
2018-01-22,85.44874572753906,2233200
2018-01-23,86.1948013305664,3150700
2018-01-24,86.65563201904297,2463900
2018-01-25,85.90953826904297,2061200
2018-01-26,86.13629150390625,2170900
2018-01-29,85.27316284179688,1584900
2018-01-30,84.24185180664062,3589100
2018-01-31,84.11747741699219,2409800
2018-02-01,85.22929382324219,2507600
2018-02-02,82.53021240234375,2549400
2018-02-05,80.13834381103516,3175900
2018-02-06,79.19477081298828,4635500
2018-02-07,77.37344360351562,4666000
2018-02-08,73.90633392333984,4675600
2018-02-09,73.19682312011719,5335700
2018-02-12,75.44239807128906,3551500
2018-02-13,74.95232391357422,1735300
2018-02-14,78.09027862548828,4089200
2018-02-15,78.7705307006836,3495500
2018-02-16,78.7339859008789,2973500
2018-02-20,78.96802520751953,3381600
2018-02-21,77.39540100097656,4119300
2018-02-22,78.33162689208984,3165900
2018-02-23,79.60440063476562,2063900
2018-02-26,80.08715057373047,4474300
2018-02-27,78.22193908691406,3581300
2018-02-28,74.18431091308594,7738700
2018-03-01,74.00875091552734,4604900
2018-03-02,74.20623016357422,4040000
2018-03-05,74.46957397460938,3129500
2018-03-06,73.88441467285156,3421300
2018-03-07,73.7820053100586,3331400
2018-03-08,73.57718658447266,2525900
2018-03-09,75.1937026977539,2910200
2018-03-12,73.62108612060547,5209100
2018-03-13,73.18222045898438,3210400
2018-03-14,73.06520080566406,2189300
2018-03-15,72.15815734863281,3843000
2018-03-16,73.47480010986328,4950800
2018-03-19,72.02649688720703,2605100
2018-03-20,74.11849975585938,4555100
2018-03-21,76.6419906616211,5288900
2018-03-22,76.2835693359375,6672800
2018-03-23,77.43195343017578,6576400
2018-03-26,78.68276977539062,4818100
2018-03-27,77.77574157714844,5199900
2018-03-28,75.9397964477539,5512400
2018-03-29,77.00041198730469,3393000
2018-04-02,75.288818359375,3757700
2018-04-03,76.8541259765625,3477100
2018-04-04,76.19580078125,4241900
2018-04-05,76.34940338134766,3842500
2018-04-06,74.55733489990234,6473900
2018-04-09,75.617919921875,4634300
2018-04-10,78.74858093261719,5435600
2018-04-11,80.02133178710938,3466500
2018-04-12,80.44554901123047,4378400
2018-04-13,81.34310913085938,3338200
2018-04-16,81.34310913085938,2745000
2018-04-17,81.4383544921875,3720100
2018-04-18,82.6839370727539,5109500
2018-04-19,83.55583190917969,4963200
2018-04-20,83.50452423095703,3112400
2018-04-23,84.14198303222656,2146900
2018-04-24,83.95880126953125,3632300
2018-04-25,84.55228424072266,3506900
2018-04-26,86.17884826660156,3439900
2018-04-27,85.57070922851562,1822100
2018-04-30,86.58182525634766,3315500
2018-05-01,86.13489532470703,2364900
2018-05-02,85.4681396484375,4779500
2018-05-03,84.99922180175781,4269500
2018-05-04,84.01010131835938,5725000
2018-05-07,83.4459228515625,5991300
2018-05-08,84.4716796875,3886200
2018-05-09,86.30339050292969,6104700
2018-05-10,87.1533203125,4093100
2018-05-11,86.02498626708984,2951200
2018-05-14,86.95550537109375,2645100
2018-05-15,88.0911636352539,3191200
2018-05-16,89.02166748046875,2900200
2018-05-17,92.42870330810547,5721400
2018-05-18,92.16492462158203,4064400
2018-05-21,93.38117980957031,2573300
2018-05-22,90.67755126953125,2397200
2018-05-23,90.10608673095703,4382900
2018-05-24,87.90801239013672,3176200
2018-05-25,86.28143310546875,3935600
2018-05-29,85.1457748413086,3255200
2018-05-30,87.74681091308594,2894000
2018-05-31,86.31804656982422,3544200
2018-06-01,86.71370697021484,2919400
2018-06-04,86.94817352294922,3756500
2018-06-05,85.41688537597656,4158700
2018-06-06,85.09446716308594,4361100
2018-06-07,86.40599060058594,3737100
2018-06-08,86.2154769897461,2413500
2018-06-11,86.46461486816406,2374900
2018-06-12,86.80164337158203,3396800
2018-06-13,86.64043426513672,2364900
2018-06-14,86.11292266845703,2856600
2018-06-15,83.65838623046875,5028600
2018-06-18,85.44617462158203,3180900
2018-06-19,85.78319549560547,2448000
2018-06-20,87.5050048828125,2383600
2018-06-21,85.4314956665039,3003600
2018-06-22,86.83092498779297,3173100
2018-06-25,85.60002899169922,1946300
2018-06-26,87.68821716308594,2472600
2018-06-27,90.80211639404297,4708800
2018-06-28,90.48705291748047,2679500
2018-06-29,91.16848754882812,3020200
2018-07-02,89.68109130859375,2310800
2018-07-03,89.70309448242188,1382800
2018-07-05,90.28191375732422,2483900
2018-07-06,91.10984802246094,1443700
2018-07-09,92.41401672363281,1671900
2018-07-10,93.02947235107422,1996200
2018-07-11,91.33697509765625,1963800
2018-07-12,90.95596313476562,1971200
2018-07-13,92.28946685791016,1820000
2018-07-16,91.43464660644531,3210200
2018-07-17,91.22184753417969,3869200
2018-07-18,90.6788558959961,3280200
2018-07-19,89.8056869506836,2889300
2018-07-20,89.77632904052734,1540000
2018-07-23,90.15054321289062,1746300
2018-07-24,92.17574310302734,2850900
2018-07-25,94.20093536376953,2602300
2018-07-26,94.55314636230469,2860300
2018-07-27,94.76593017578125,2423600
2018-07-30,95.31627655029297,2053300
2018-07-31,94.61184692382812,2467900
2018-08-01,92.13904571533203,3525500
2018-08-02,92.40322875976562,3510600
2018-08-03,89.82034301757812,4117700
2018-08-06,90.91368103027344,2396000
2018-08-07,91.30254364013672,1774000
2018-08-08,90.08451843261719,3146000
2018-08-09,89.74695587158203,1874800
2018-08-10,90.08451843261719,2268000
2018-08-13,89.15261840820312,1581900
2018-08-14,90.30467224121094,1469900
2018-08-15,84.70600891113281,4184000
2018-08-16,85.0508804321289,3702300
2018-08-17,84.2143783569336,4492900
2018-08-20,84.2143783569336,4020600
2018-08-21,84.74268341064453,2548800
2018-08-22,86.08547973632812,2104200
2018-08-23,85.41040802001953,2074800
2018-08-24,86.18820190429688,2147100
2018-08-27,87.0613784790039,1816500
2018-08-28,86.56242370605469,1970700
2018-08-29,87.15676879882812,2070900
2018-08-30,87.25218200683594,2096800
2018-08-31,86.75320434570312,2020100
2018-09-04,86.34964752197266,1703100
2018-09-05,86.50371551513672,2081600
2018-09-06,84.7500228881836,1982400
2018-09-07,83.99424743652344,3288600
2018-09-10,83.8841781616211,1778700
2018-09-11,85.27835083007812,2370900
2018-09-12,85.80665588378906,2236000
2018-09-13,85.57183074951172,2336000
2018-09-14,86.45233917236328,1536600
2018-09-17,86.24690246582031,2537200
2018-09-18,87.6484146118164,1868100
2018-09-19,88.17670440673828,1767300
2018-09-20,87.47230529785156,1997500
2018-09-21,87.65573120117188,4784400
2018-09-24,90.97970581054688,3593400
2018-09-25,92.19042205810547,3873600
2018-09-26,91.94829559326172,3106200
2018-09-27,93.1883316040039,2925500
2018-09-28,93.60658264160156,2724600
2018-10-01,95.01543426513672,2024600
2018-10-02,95.3896484375,3278200
2018-10-03,95.66846466064453,3172400
2018-10-04,95.55839538574219,3223200
2018-10-05,96.16008758544922,2244000
2018-10-08,95.264892578125,2115500
2018-10-09,97.11399841308594,2453900
2018-10-10,92.79945373535156,3450700
2018-10-11,89.24067687988281,4761000
2018-10-12,89.65156555175781,2955300
2018-10-15,89.93775177001953,2277500
2018-10-16,89.87162017822266,2426900
2018-10-17,88.31322479248047,2576200
2018-10-18,87.14442443847656,2096900
2018-10-19,86.4975357055664,3547500
2018-10-22,85.45372772216797,1593500
2018-10-23,81.68274688720703,5023700
2018-10-24,78.02203369140625,5540900
2018-10-25,78.74237823486328,2926600
2018-10-26,78.33073425292969,4332300
2018-10-29,75.0081558227539,4307400
2018-10-30,77.55890655517578,4274200
2018-10-31,77.43392181396484,4010900
2018-11-01,78.57330322265625,3771700
2018-11-02,75.23605346679688,6607500
2018-11-05,78.17637634277344,5029700
2018-11-06,78.89678192138672,4336700
2018-11-07,80.23460388183594,3424400
2018-11-08,77.0737533569336,4150100
2018-11-09,77.55890655517578,3486000
2018-11-12,74.42743682861328,3267000
2018-11-13,72.420654296875,5175700
2018-11-14,72.08985900878906,4669900
2018-11-15,74.67736053466797,4217600
2018-11-16,77.33102416992188,6065000
2018-11-19,77.70592498779297,4309300
2018-11-20,75.24340057373047,5704300
2018-11-21,77.91908264160156,5253400
2018-11-23,74.02313995361328,3373700
2018-11-26,75.37570190429688,3664200
2018-11-27,74.94200134277344,3554900
2018-11-28,76.27984619140625,3580800
2018-11-29,77.52951049804688,2661900
2018-11-30,75.94168853759766,5268900
2018-12-03,79.47013092041016,4061400
2018-12-04,76.5003662109375,3153900
2018-12-06,75.07431030273438,5046200
2018-12-07,76.16222381591797,5226600
2018-12-10,74.76557922363281,3368700
2018-12-11,75.03021240234375,3713800
2018-12-12,76.3974838256836,3443300
2018-12-13,75.5888671875,2685200
2018-12-14,73.5673828125,3088500
2018-12-17,70.72261047363281,4816100
2018-12-18,69.10542297363281,4658700
2018-12-19,68.34829711914062,4046700
2018-12-20,65.96659851074219,5743800
2018-12-21,64.14360809326172,7468800
2018-12-24,60.909217834472656,2773400
2018-12-26,65.415283203125,4488200
2018-12-27,65.26828002929688,4305200
2018-12-28,64.33470916748047,3325200
2018-12-31,64.1068344116211,3571100
2019-01-02,66.60612487792969,3863000
2019-01-03,66.13566589355469,2961700
2019-01-04,69.03924560546875,3874200
2019-01-07,69.47296142578125,4453100
2019-01-08,70.21540069580078,3437800
2019-01-09,72.91316986083984,4739600
2019-01-10,72.8617172241211,3480400
2019-01-11,71.20777130126953,3206100
2019-01-14,72.41329956054688,3504800
2019-01-15,72.47210693359375,2452700
2019-01-16,72.69312286376953,2800500
2019-01-17,72.97309112548828,2670800
2019-01-18,74.44657135009766,3299500
2019-01-22,71.35965728759766,4390200
2019-01-23,71.14598846435547,2679100
2019-01-24,71.63961029052734,3128900
2019-01-25,73.00992584228516,2417700
2019-01-28,72.27320098876953,2953000
2019-01-29,72.8404769897461,2873300
2019-01-30,73.26777648925781,3000600
2019-01-31,73.08360290527344,2500700
2019-02-01,72.82574462890625,2614700
2019-02-04,73.21622467041016,1788400
2019-02-05,72.45738983154297,1978000
2019-02-06,70.85867309570312,2723700
2019-02-07,68.50850677490234,3459000
2019-02-08,68.14750671386719,3073000
2019-02-11,69.4073257446289,2625700
2019-02-12,70.45349884033203,3072400
2019-02-13,71.27862548828125,3469200
2019-02-14,71.43331909179688,2654700
2019-02-15,73.85716247558594,3038600
2019-02-19,73.45934295654297,2791500
2019-02-20,72.77418518066406,3456300
2019-02-21,70.2471923828125,3836800
2019-02-22,70.37980651855469,4163500
2019-02-25,69.80514526367188,6090800
2019-02-26,69.18628692626953,5777600
2019-02-27,70.01881408691406,6452100
2019-02-28,69.25260925292969,5204700
2019-03-01,71.03549194335938,5033900
2019-03-04,71.32280731201172,3729100
2019-03-05,70.35771942138672,3337000
2019-03-06,67.73493957519531,5079200
2019-03-07,67.30026245117188,3731300
2019-03-08,63.682945251464844,6761000
2019-03-11,63.550323486328125,7699100
2019-03-12,64.08074188232422,8308900
2019-03-13,65.25213623046875,6656000
2019-03-14,66.07732391357422,4338900
2019-03-15,65.45842742919922,8939900
2019-03-18,67.72020721435547,4197000
2019-03-19,68.42745971679688,7035400
2019-03-20,70.64505004882812,7928500
2019-03-21,71.36702728271484,5389100
2019-03-22,69.01686096191406,7873000
2019-03-25,68.35379028320312,2940500
2019-03-26,69.81989288330078,2393700
2019-03-27,69.6872787475586,2761700
2019-03-28,70.16615295410156,2768000
2019-03-29,70.1219482421875,2785600
2019-04-01,71.4186019897461,2633900
2019-04-02,70.76290893554688,2260100
2019-04-03,69.2010498046875,4351500
2019-04-04,69.00946044921875,5782700
2019-04-05,72.66366577148438,4505400
2019-04-08,73.28987121582031,4985900
2019-04-09,72.61946868896484,4005700
2019-04-10,72.73733520507812,3066200
2019-04-11,72.73733520507812,2640900
2019-04-12,77.58502197265625,7145100
2019-04-15,75.39234161376953,6091000
2019-04-16,75.56216430664062,2990100
2019-04-17,75.18562316894531,2445500
2019-04-18,76.684326171875,3307000
2019-04-22,79.04680633544922,3886000
2019-04-23,78.6998062133789,4242000
2019-04-24,76.73600006103516,3599200
2019-04-25,75.3628158569336,4090800
2019-04-26,72.26206970214844,4380400
2019-04-29,71.6124038696289,3512000
2019-04-30,70.91102600097656,3804600
2019-05-01,67.83983612060547,5186600
2019-05-02,65.83173370361328,5145900
2019-05-03,67.10893249511719,6354600
2019-05-06,67.35994720458984,3705900
2019-05-07,67.75862884521484,4170900
2019-05-08,69.41974639892578,3925400
2019-05-09,69.57478332519531,3395100
2019-05-10,70.13584899902344,2425700
2019-05-13,69.02845001220703,4184500
2019-05-14,69.64860534667969,2482500
2019-05-15,69.66334533691406,1950500
2019-05-16,70.26874542236328,2043800
2019-05-17,68.67405700683594,2701400
2019-05-20,69.16133880615234,2823000
2019-05-21,70.6009750366211,2537300
2019-05-22,68.5928726196289,2869900
2019-05-23,65.5954818725586,4547200
2019-05-24,64.34779357910156,3757500
2019-05-28,64.31088256835938,3148500
2019-05-29,63.80885696411133,3974100
2019-05-30,61.98533248901367,3010000
2019-05-31,60.44972229003906,4316600
2019-06-03,61.23965835571289,3333200
2019-06-04,62.221580505371094,3586200
2019-06-05,60.560447692871094,4593300
2019-06-06,62.214176177978516,3545000
2019-06-07,62.45780563354492,2462100
2019-06-10,62.900794982910156,2044100
2019-06-11,63.86056900024414,4030700
2019-06-12,62.775264739990234,2857600
2019-06-13,63.853172302246094,4218100
2019-06-14,62.87862777709961,2759500
2019-06-17,63.10014343261719,2629200
2019-06-18,65.1894302368164,3640500
2019-06-19,65.44782257080078,3318300
2019-06-20,67.51497650146484,3772800
2019-06-21,68.1941909790039,4052500
2019-06-24,66.85791778564453,2311500
2019-06-25,66.47401428222656,2641900
2019-06-26,68.72572326660156,3422300
2019-06-27,68.00225067138672,2112400
2019-06-28,68.77743530273438,3735900
2019-07-01,68.72572326660156,2355200
2019-07-02,64.64310455322266,5193200
2019-07-03,64.37732696533203,2794500
2019-07-05,65.38874053955078,5390500
2019-07-08,66.55523681640625,3219400
2019-07-09,65.81696319580078,2626900
2019-07-10,66.9317398071289,4298700
2019-07-11,67.06464385986328,3640300
2019-07-12,67.10893249511719,2393000
2019-07-15,65.52163696289062,3432500
2019-07-16,64.43876647949219,3012000
2019-07-17,63.0981559753418,3693500
2019-07-18,63.275909423828125,3330800
2019-07-19,64.46842193603516,3130200
2019-07-22,64.59429931640625,3331000
2019-07-23,64.87577819824219,2908200
2019-07-24,64.94244384765625,1849300
2019-07-25,63.3055534362793,2945100
2019-07-26,62.43154525756836,3026100
2019-07-29,62.157493591308594,3407000
2019-07-30,63.7425537109375,3707600
2019-07-31,63.58699417114258,3144300
2019-08-01,60.04659652709961,8080000
2019-08-02,61.07611846923828,6795800
2019-08-05,58.513370513916016,5476400
2019-08-06,57.98007583618164,4257200
2019-08-07,57.43939971923828,5249900
2019-08-08,59.52069854736328,6235200
2019-08-09,58.787445068359375,2787800
2019-08-12,57.71344757080078,4615300
2019-08-13,58.15785217285156,4881100
2019-08-14,55.56547927856445,6971500
2019-08-15,55.506221771240234,4008300
2019-08-16,56.232093811035156,2540900
2019-08-19,57.63197326660156,3530000
2019-08-20,56.80241775512695,3039100
2019-08-21,57.19499206542969,2886800
2019-08-22,55.92842102050781,2299800
2019-08-23,53.14348220825195,5160000
2019-08-26,53.51381301879883,2688200
2019-08-27,53.07682800292969,2649300
2019-08-28,53.721214294433594,3055900
2019-08-29,55.165531158447266,3726700
2019-08-30,54.95073699951172,3164000
2019-09-03,54.90626525878906,2467000
2019-09-04,55.972862243652344,2951100
2019-09-05,55.99507522583008,4059700
2019-09-06,56.61724090576172,3794000
2019-09-09,59.25404357910156,5133600
2019-09-10,59.32811737060547,4342700
2019-09-11,60.01694869995117,3585300
2019-09-12,59.01703643798828,3200200
2019-09-13,58.802242279052734,4123500
2019-09-16,63.43146896362305,11888900
2019-09-17,60.15767288208008,4902200
2019-09-18,60.23174285888672,3876100
2019-09-19,60.446529388427734,4099100
2019-09-20,59.99471664428711,4754700
2019-09-23,59.350337982177734,3749100
2019-09-24,58.18746566772461,4323900
2019-09-25,56.86165237426758,3236200
2019-09-26,55.61734390258789,4100200
2019-09-27,55.535865783691406,3422300
2019-09-30,54.97294998168945,3159100
2019-10-01,53.01759338378906,4155300
2019-10-02,51.69915771484375,4289200
2019-10-03,52.46946716308594,3556500
2019-10-04,52.528724670410156,2525300
2019-10-07,51.6695442199707,3736000
2019-10-08,50.90664291381836,5544600
2019-10-09,50.802947998046875,3575300
2019-10-10,51.03995895385742,3057700
2019-10-11,51.29179763793945,5662700
2019-10-14,50.50667190551758,5351700
2019-10-15,51.29179763793945,6107900
2019-10-16,50.710166931152344,4342100
2019-10-17,49.66144561767578,4324000
2019-10-18,47.928470611572266,6595300
2019-10-21,50.32341003417969,5603500
2019-10-22,51.74399185180664,4476400
2019-10-23,53.50673294067383,5533200
2019-10-24,53.529048919677734,4249800
2019-10-25,53.90837478637695,2398800
2019-10-28,52.844783782958984,3211400
2019-10-29,53.41004180908203,3939500
2019-10-30,51.78119659423828,3361400
2019-10-31,51.55060958862305,5272200
2019-11-01,52.91916275024414,3033100
2019-11-04,54.808349609375,6808500
2019-11-05,55.04632568359375,4412800
2019-11-06,53.119972229003906,5247800
2019-11-07,55.58927917480469,7641200
2019-11-08,55.55954360961914,3136400
2019-11-11,54.9050178527832,2905800
2019-11-12,54.51081848144531,3262000
2019-11-13,54.00505828857422,3847700
2019-11-14,53.811676025390625,3425200
2019-11-15,54.65214157104492,3505300
2019-11-18,53.00096893310547,2965800
2019-11-19,52.361328125,3763500
2019-11-20,53.595985412597656,4027600
2019-11-21,54.53314208984375,4147700
2019-11-22,54.287689208984375,2903300
2019-11-25,54.6818962097168,3129200
2019-11-26,53.48441696166992,3320000
2019-11-27,53.811676025390625,2346500
2019-11-29,52.73322296142578,1497600
2019-12-02,52.65140151977539,3938000
2019-12-03,51.15642547607422,4555500
2019-12-04,53.58855056762695,5310600
2019-12-05,52.50263977050781,3480500
2019-12-06,55.0091438293457,4368000
2019-12-09,55.4182243347168,3752000
2019-12-10,55.663665771484375,3646900
2019-12-11,55.5372200012207,3158900
2019-12-12,57.05449676513672,3754800
2019-12-13,56.147098541259766,2728900
2019-12-16,57.94703674316406,6744500
2019-12-17,58.61642837524414,5506500
2019-12-18,59.94032669067383,7742700
2019-12-19,60.43122863769531,6791700
2019-12-20,61.479923248291016,9119000
2019-12-23,62.015464782714844,3159100
2019-12-24,62.33525085449219,1236200
2019-12-26,62.216278076171875,2588800
2019-12-27,61.83695602416992,1868300
2019-12-30,61.27912139892578,2251800
2019-12-31,62.29810333251953,2238900
2020-01-02,62.580726623535156,2496400
2020-01-03,63.212921142578125,3716200
2020-01-06,65.77893829345703,8485500
2020-01-07,66.41112518310547,4320000
2020-01-08,64.96078491210938,5337300
2020-01-09,65.63761138916016,6908200
2020-01-10,64.16492462158203,2950600
2020-01-13,63.60710525512695,3399700
2020-01-14,64.2095718383789,4281700
2020-01-15,64.5145034790039,2562500
2020-01-16,64.93836975097656,5128600
2020-01-17,63.662315368652344,4542600
2020-01-21,62.714569091796875,4522700
2020-01-22,62.005638122558594,4030400
2020-01-23,61.06536102294922,3369400
2020-01-24,59.58778762817383,3128800
2020-01-27,57.19234848022461,2968300
2020-01-28,57.49829864501953,2794300
2020-01-29,56.072967529296875,2701000
2020-01-30,56.580413818359375,4535800
2020-01-31,54.40884780883789,5004100
2020-02-03,53.259620666503906,3803200
2020-02-04,54.93867492675781,4725200
2020-02-05,57.49829864501953,3724800
2020-02-06,56.617740631103516,2128800
2020-02-07,55.483436584472656,2257800
2020-02-10,54.998355865478516,2865400
2020-02-11,55.81178665161133,2191500
2020-02-12,56.2520637512207,2860000
2020-02-13,56.4759521484375,2197600
2020-02-14,55.90879821777344,2087700
2020-02-18,55.617774963378906,2520800
2020-02-19,57.66991424560547,2765200
2020-02-20,56.70728302001953,2447100
2020-02-21,55.37895965576172,2963700
2020-02-24,52.17011260986328,3854400
2020-02-25,49.991058349609375,6558100
2020-02-26,47.162784576416016,5371300
2020-02-27,44.77479934692383,7699300
2020-02-28,47.20756149291992,11070400
2020-03-02,46.9090690612793,8008500
2020-03-03,46.588172912597656,6432200
2020-03-04,47.81948471069336,5455100
2020-03-05,46.17028045654297,4905100
2020-03-06,41.267433166503906,9915000
2020-03-09,28.05887222290039,18938200
2020-03-10,31.04385757446289,13804500
2020-03-11,28.9991512298584,13208700
2020-03-12,24.253013610839844,12384000
2020-03-13,25.969379425048828,13961100
2020-03-16,23.208267211914062,10311100
2020-03-17,23.051557540893555,10122100
2020-03-18,22.208303451538086,7759600
2020-03-19,24.790313720703125,9407700
2020-03-20,26.03654670715332,12411400
2020-03-23,25.77536392211914,8642100
2020-03-24,29.70060920715332,10485900
2020-03-25,29.6185302734375,9492500
2020-03-26,29.499134063720703,9263100
2020-03-27,26.864877700805664,10078900
2020-03-30,26.103708267211914,9148200
2020-03-31,26.805179595947266,7816000
2020-04-01,25.82013702392578,6250300
2020-04-02,28.581241607666016,12694000
2020-04-03,29.767772674560547,13593900
2020-04-06,29.424503326416016,9030700
2020-04-07,30.842365264892578,7531800
2020-04-08,33.797515869140625,7217500
2020-04-09,33.44677734375,10998400
2020-04-13,32.305015563964844,5758200
2020-04-14,31.51399803161621,5410700
2020-04-15,30.03449058532715,6256000
2020-04-16,27.497102737426758,6638800
2020-04-17,31.502704620361328,10886100
2020-04-20,30.998228073120117,6680800
2020-04-21,30.493772506713867,6313900
2020-04-22,32.489044189453125,5273600
2020-04-23,33.294677734375,7565400
2020-04-24,32.64716339111328,5192300
2020-04-27,33.535614013671875,4777200
2020-04-28,33.866920471191406,4409600
2020-04-29,35.92994689941406,6661500
2020-04-30,35.77182388305664,5449300
2020-05-01,33.55821228027344,5699200
2020-05-04,35.19206619262695,7710200
2020-05-05,34.67253494262695,7181600
2020-05-06,34.51443862915039,3247100
2020-05-07,36.374176025390625,5907500
2020-05-08,38.738380432128906,7284300
2020-05-11,37.526161193847656,5279100
2020-05-12,37.43581008911133,5286000
2020-05-13,36.29136276245117,5768000
2020-05-14,35.809478759765625,5903800
2020-05-15,35.89982604980469,4004800
2020-05-18,39.48377990722656,6340600
2020-05-19,38.14356994628906,3559100
2020-05-20,39.64191818237305,3303600
2020-05-21,39.393436431884766,3881100
2020-05-22,39.36332702636719,2500200
2020-05-26,38.73085021972656,5685300
2020-05-27,39.70214080810547,3968600
2020-05-28,38.881439208984375,4688700
2020-05-29,38.376976013183594,6602700
2020-06-01,39.00943374633789,3263900
2020-06-02,41.26824188232422,4824400
2020-06-03,41.689884185791016,4638800
2020-06-04,41.52423095703125,4361200
2020-06-05,44.65643310546875,6327200
2020-06-08,46.764652252197266,6075100
2020-06-09,44.77690887451172,6336900
2020-06-10,41.885643005371094,6349300
2020-06-11,38.51250457763672,5890600
2020-06-12,39.581668853759766,4552500
2020-06-15,39.310611724853516,5415200
2020-06-16,41.11012268066406,4660800
2020-06-17,39.51389694213867,3933500
2020-06-18,39.852725982666016,3444300
2020-06-19,39.37837219238281,7928400
2020-06-22,39.46873474121094,3335400
2020-06-23,39.49885177612305,3850000
2020-06-24,36.856056213378906,4258300
2020-06-25,38.1962776184082,3504500
2020-06-26,36.712989807128906,4342700
2020-06-29,37.38310623168945,2634100
2020-06-30,38.14356994628906,3104900
2020-07-01,37.54123306274414,3394800
2020-07-02,38.03815841674805,4166400
2020-07-06,37.95534133911133,2381400
2020-07-07,36.22358703613281,3779700
2020-07-08,35.71913146972656,3867400
2020-07-09,33.38503646850586,5209700
2020-07-10,34.18314743041992,6245700
2020-07-13,33.844322204589844,3817700
2020-07-14,35.59865188598633,3695600
2020-07-15,35.73419189453125,4202100
2020-07-16,36.2920036315918,3080100
2020-07-17,35.79109573364258,2949500
2020-07-20,36.2009162902832,4004100
2020-07-21,38.26520919799805,4584300
2020-07-22,38.09065246582031,2565000
2020-07-23,37.073692321777344,4936400
2020-07-24,37.2178955078125,3055000
2020-07-27,36.85359573364258,2474800
2020-07-28,35.87458419799805,2763300
2020-07-29,36.808074951171875,3016100
2020-07-30,35.35092544555664,3226500
2020-07-31,35.555843353271484,2885500
2020-08-03,35.191551208496094,4004500
2020-08-04,36.777706146240234,5754300
2020-08-05,38.51565933227539,5052800
2020-08-06,38.62190246582031,3290600
2020-08-07,37.0433349609375,8528400
2020-08-10,38.295562744140625,4088700
2020-08-11,37.506290435791016,5528600
2020-08-12,37.255828857421875,4644300
2020-08-13,35.9884147644043,3394600
2020-08-14,36.40583419799805,3498900
2020-08-17,35.32056427001953,4693800
2020-08-18,35.17637252807617,3215400
2020-08-19,34.61476135253906,2878900
2020-08-20,33.468772888183594,4225500
2020-08-21,32.929927825927734,4166400
2020-08-24,33.643333435058594,6078900
2020-08-25,33.6812744140625,3263300
2020-08-26,32.83127212524414,3054000
2020-08-27,34.11387252807617,5453800
2020-08-28,35.07012176513672,3365900
2020-08-31,34.40985107421875,3017300
2020-09-01,34.311195373535156,2906400
2020-09-02,33.165199279785156,5249900
2020-09-03,32.73261642456055,5188200
2020-09-04,32.740211486816406,4418300
2020-09-08,30.98707389831543,5747100
2020-09-09,31.768775939941406,3565000
2020-09-10,28.839311599731445,7457200
2020-09-11,29.63619041442871,5658300
2020-09-14,29.727258682250977,5543300
2020-09-15,29.28707504272461,4791200
2020-09-16,31.009849548339844,6553700
2020-09-17,31.260290145874023,3900500
2020-09-18,30.896011352539062,5865800
2020-09-21,29.454042434692383,4719900
2020-09-22,29.18083381652832,3767800
2020-09-23,27.60984992980957,4041400
2020-09-24,27.81475830078125,4431700
2020-09-25,28.421907424926758,3365800
2020-09-28,28.414316177368164,4169600
2020-09-29,27.46564292907715,7017000
2020-09-30,27.275920867919922,6033700
2020-10-01,26.456279754638672,5085300
2020-10-02,26.418319702148438,5428500
2020-10-05,27.670560836791992,4113400
2020-10-06,27.313861846923828,6025700
2020-10-07,27.860294342041016,4513200
2020-10-08,28.588871002197266,3714900
2020-10-09,28.505373001098633,3398000
2020-10-12,28.998682022094727,3806500
2020-10-13,29.32501792907715,7808700
2020-10-14,28.550922393798828,6919300
2020-10-15,29.191007614135742,4791600
2020-10-16,28.68506622314453,10261100
2020-10-19,27.74217987060547,8378000
2020-10-20,27.811174392700195,6117800
2020-10-21,26.921955108642578,6314500
2020-10-22,28.3094425201416,7240100
2020-10-23,28.754056930541992,4466200
2020-10-26,26.776308059692383,5054900
2020-10-27,26.50800895690918,7082400
2020-10-28,24.921205520629883,8754600
2020-10-29,26.0403995513916,6106000
2020-10-30,26.24737548828125,4707300
2020-11-02,26.944955825805664,4858500
2020-11-03,26.845300674438477,3683700
2020-11-04,27.627201080322266,6095200
2020-11-05,27.289907455444336,5564100
2020-11-06,26.50800895690918,8823500
2020-11-09,30.900455474853516,10837900
2020-11-10,32.341617584228516,6593300
2020-11-11,32.1269645690918,7126700
2020-11-12,31.038434982299805,4738900
2020-11-13,32.70956039428711,4854100
2020-11-16,34.76396942138672,6993000
2020-11-17,35.0092658996582,5393500
2020-11-18,34.4420166015625,5104300
2020-11-19,34.848289489746094,4186700
2020-11-20,34.79462432861328,3497200
2020-11-23,38.61981964111328,6339600
2020-11-24,41.716766357421875,10364300
2020-11-25,40.628231048583984,7565600
2020-11-27,39.424720764160156,2187000
2020-11-30,35.936824798583984,9701300
2020-12-01,35.668521881103516,4337800
2020-12-02,36.657405853271484,9378500
2020-12-03,36.92570877075195,16458000
2020-12-04,40.628231048583984,7008400
2020-12-07,39.53203201293945,5689800
2020-12-08,39.976661682128906,4818500
2020-12-09,40.597572326660156,6915600
2020-12-10,41.91606903076172,5231100
2020-12-11,41.08816909790039,3929300
2020-12-14,39.922996520996094,3937200
2020-12-15,40.750885009765625,4081000
2020-12-16,40.39826202392578,3417500
2020-12-17,39.976661682128906,4054000
2020-12-18,39.68534851074219,9911100
2020-12-21,38.38985061645508,5317800
2020-12-22,37.44697570800781,5033400
2020-12-23,38.38985061645508,3660400
2020-12-24,38.02189254760742,2128500
2020-12-28,37.515960693359375,2594800
2020-12-29,37.308982849121094,2027800
2020-12-30,38.75779724121094,2324000
2020-12-31,38.2288703918457,2407800
2021-01-04,38.22120666503906,4406500
2021-01-05,41.3334846496582,5624100
2021-01-06,42.207374572753906,6350800
2021-01-07,44.936363220214844,5715300
2021-01-08,45.12800979614258,5804100
2021-01-11,45.69526672363281,5665600
2021-01-12,47.864662170410156,5489300
2021-01-13,46.35451889038086,3792200
2021-01-14,48.00906753540039,3732300
2021-01-15,45.65645217895508,4933100
2021-01-19,46.651493072509766,2966700
2021-01-20,46.435516357421875,2280700
2021-01-21,42.447608947753906,8526200
2021-01-22,42.31647872924805,5481100
2021-01-25,42.578739166259766,4902800
2021-01-26,41.25973129272461,3702400
2021-01-27,42.432186126708984,7499600
2021-01-28,41.437129974365234,7417500
2021-01-29,39.308197021484375,6691300
2021-02-01,39.593605041503906,4710300
2021-02-02,39.53960418701172,6255100
2021-02-03,43.10325622558594,5047600
2021-02-04,44.329715728759766,5451900
2021-02-05,43.66635513305664,4029000
2021-02-08,45.826148986816406,4079300
2021-02-09,44.90822982788086,3039600
2021-02-10,46.44322204589844,4959100
2021-02-11,46.0035400390625,2973000
2021-02-12,47.06800842285156,3317600
2021-02-16,48.672428131103516,4921900
2021-02-17,49.011837005615234,2956500
2021-02-18,46.720909118652344,3691400
2021-02-19,48.21733093261719,3291100
2021-02-22,50.98649597167969,4639400
2021-02-23,52.336368560791016,4236500
2021-02-24,55.82289123535156,6106600
2021-02-25,54.44987869262695,5983200
2021-02-26,49.79861068725586,9258000
2021-03-01,50.122581481933594,4853300
2021-03-02,49.72919845581055,3593100
2021-03-03,51.67300796508789,4772200
2021-03-04,55.09782028198242,7351600
2021-03-05,57.5275764465332,6638200
2021-03-08,57.535282135009766,6850200
2021-03-09,56.77936935424805,5738400
2021-03-10,57.936397552490234,3712100
2021-03-11,58.090660095214844,4167900
2021-03-12,57.851558685302734,2958300
2021-03-15,57.35786819458008,2602400
2021-03-16,54.49617385864258,5399900
2021-03-17,56.45539474487305,3816900
2021-03-18,53.14629364013672,4406400
2021-03-19,54.05649185180664,8384500
2021-03-22,52.62948226928711,2942000
2021-03-23,53.72480392456055,7079700
2021-03-24,55.954010009765625,5032500
2021-03-25,56.33968734741211,4176000
2021-03-26,57.75898742675781,4425300
2021-03-29,56.80251693725586,3264000
2021-03-30,56.5093994140625,2614300
2021-03-31,55.94630432128906,3458300
2021-04-01,58.11381530761719,5864000
2021-04-05,55.37550735473633,4173300
2021-04-06,55.76889419555664,3390600
2021-04-07,56.54025650024414,3552300
2021-04-08,55.68404769897461,4445200
2021-04-09,55.360076904296875,4065700
2021-04-12,54.071922302246094,3403700
2021-04-13,54.303321838378906,2229500
2021-04-14,57.172767639160156,4710200
2021-04-15,56.492488861083984,3520900
2021-04-16,54.69291305541992,3574700
2021-04-19,55.29795837402344,2914900
2021-04-20,53.1880989074707,3980900
2021-04-21,53.49061584472656,3513700
2021-04-22,53.01746368408203,2775800
2021-04-23,53.568180084228516,2181700
2021-04-26,54.16545486450195,2601700
2021-04-27,55.6004524230957,2808800
2021-04-28,58.16020202636719,4677600
2021-04-29,58.897090911865234,2863400
2021-04-30,57.12077713012695,2467600
2021-05-03,58.9281005859375,3324600
2021-05-04,58.1834716796875,4649200
2021-05-05,59.502105712890625,7966700
2021-05-06,59.71154022216797,4740500
2021-05-07,64.45867919921875,7297400
2021-05-10,65.5833969116211,5567800
2021-05-11,63.71403503417969,4977900
2021-05-12,63.1090087890625,4693900
2021-05-13,61.72831344604492,3427200
2021-05-14,64.07085418701172,4042600
2021-05-17,66.010009765625,3833000
2021-05-18,64.35783386230469,3345800
2021-05-19,62.47293472290039,4041300
2021-05-20,62.45744705200195,3306500
2021-05-21,62.10838317871094,2782900
2021-05-24,62.162689208984375,4270800
2021-05-25,61.030189514160156,4786200
2021-05-26,61.74382781982422,3877200
2021-05-27,62.310062408447266,6086000
2021-05-28,62.31782531738281,2062200
2021-06-01,65.61444091796875,4135200
2021-06-02,66.14188385009766,3547500
2021-06-03,67.33643341064453,3658200
2021-06-04,67.84061431884766,3128600
2021-06-07,67.50708770751953,2670200
2021-06-08,67.78632354736328,3018800
2021-06-09,66.56075286865234,3154800
2021-06-10,66.84001159667969,3122100
2021-06-11,66.27374267578125,3977200
2021-06-14,65.8238754272461,3574100
2021-06-15,66.39786529541016,4392200
2021-06-16,65.70751953125,3806800
2021-06-17,63.16331100463867,4582200
2021-06-18,61.518882751464844,9421200
2021-06-21,65.9247055053711,4966500
2021-06-22,65.89369201660156,3187400
2021-06-23,66.4754638671875,2601300
2021-06-24,66.77796173095703,2754800
2021-06-25,67.98800659179688,4754600
2021-06-28,64.35783386230469,4471800
2021-06-29,63.84588623046875,2944600
2021-06-30,64.72241973876953,5392400
2021-07-01,66.70037078857422,4409600
2021-07-02,66.52973937988281,2884000
2021-07-06,64.9395980834961,3776900
2021-07-07,62.899574279785156,4430300
2021-07-08,61.96876907348633,6314800
2021-07-09,64.06307983398438,6362100
2021-07-12,64.61381530761719,3387600
2021-07-13,64.17169189453125,3512800
2021-07-14,61.79035186767578,3745600
2021-07-15,60.16598892211914,6226800
2021-07-16,58.36549377441406,3652400
2021-07-19,55.54633331298828,6348300
2021-07-20,56.46234893798828,7228100
2021-07-21,58.586605072021484,8755800
2021-07-22,58.19964599609375,3059200
2021-07-23,57.259952545166016,3889300
2021-07-26,58.57081985473633,4237500
2021-07-27,57.43366241455078,4977300
2021-07-28,57.8838005065918,3546100
2021-07-29,58.20756530761719,4442900
2021-07-30,57.53633499145508,4708500
2021-08-02,56.557125091552734,5653200
2021-08-03,58.18387222290039,4718300
2021-08-04,55.86219024658203,4964400
2021-08-05,55.86219024658203,6534100
2021-08-06,56.01224899291992,4560900
2021-08-09,54.788238525390625,3909300
2021-08-10,54.274940490722656,16155800
2021-08-11,54.85141372680664,7844900
2021-08-12,55.11201477050781,3905000
2021-08-13,53.6984748840332,2509200
2021-08-16,52.05591583251953,3657800
2021-08-17,52.09540939331055,4609300
2021-08-18,51.613704681396484,5504100
2021-08-19,50.745052337646484,5467600
2021-08-20,50.910892486572266,3554000
2021-08-23,53.41417694091797,4195000
2021-08-24,54.053829193115234,3638900
2021-08-25,54.274940490722656,2362900
2021-08-26,53.24835205078125,3247400
2021-08-27,54.98565673828125,3440800
2021-08-30,53.216758728027344,4614000
2021-08-31,53.319419860839844,4744100
2021-09-01,52.40339279174805,3737900
2021-09-02,53.982757568359375,3541100
2021-09-03,53.690582275390625,2450200
2021-09-07,53.43787384033203,2274100
2021-09-08,53.05092239379883,2927300
2021-09-09,53.1851692199707,3286600
2021-09-10,53.019344329833984,2768900
2021-09-13,55.348899841308594,5099500
2021-09-14,54.89878845214844,4747900
2021-09-15,59.471065521240234,8412500
2021-09-16,58.41289138793945,4326800
2021-09-17,58.63399887084961,6397200
2021-09-20,56.48604202270508,5227600
2021-09-21,57.02304458618164,3871000
2021-09-22,58.910369873046875,4775400
2021-09-23,60.70296859741211,3893800
2021-09-24,61.67428207397461,5126200
2021-09-27,64.60400390625,5002000
2021-09-28,64.54081726074219,5830500
2021-09-29,65.20415496826172,4809400
2021-09-30,63.38789367675781,6709300
2021-10-01,66.2623519897461,5179400
2021-10-04,68.22866821289062,6252600
2021-10-05,68.78141021728516,6931000
2021-10-06,68.36289978027344,5049100
2021-10-07,67.7469482421875,4286200
2021-10-08,71.49005126953125,4848700
2021-10-11,71.19784545898438,4611400
2021-10-12,71.166259765625,4565100
2021-10-13,71.395263671875,4415900
2021-10-14,71.84984588623047,3583100
2021-10-15,71.09620666503906,3179500
2021-10-18,70.85027313232422,4664400
2021-10-19,71.52457427978516,2821100
2021-10-20,73.85690307617188,3799100
2021-10-21,72.11163330078125,3464400
2021-10-22,72.98426055908203,2202600
2021-10-25,74.60260009765625,3849100
2021-10-26,75.36418914794922,2617600
2021-10-27,73.8093032836914,3992200
2021-10-28,74.42015075683594,2284600
2021-10-29,73.34918212890625,2293900
2021-11-01,74.14250183105469,3190600
2021-11-02,73.634765625,2327300
2021-11-03,72.15129852294922,4917500
2021-11-04,72.11163330078125,5006500
2021-11-05,75.45938873291016,7202000
2021-11-08,76.94287109375,3487300
2021-11-09,77.03807067871094,2439400
2021-11-10,74.80094146728516,4271500
2021-11-11,75.30072784423828,3068600
2021-11-12,75.23724365234375,3539500
2021-11-15,73.93622589111328,6183400
2021-11-16,72.90494537353516,4718800
2021-11-17,71.46112060546875,6058000
2021-11-18,71.09620666503906,4543000
2021-11-19,67.97058868408203,5732400
2021-11-22,68.7876968383789,6530400
2021-11-23,72.79388427734375,4901700
2021-11-24,73.8172607421875,3049700
2021-11-26,69.3509292602539,4738200
2021-11-29,70.12042999267578,4061700
2021-11-30,69.01773071289062,7858200
2021-12-01,67.7087631225586,5594600
2021-12-02,68.66869354248047,5674200
2021-12-03,68.21649932861328,5592900
2021-12-06,69.46992492675781,3091200
2021-12-07,71.84190368652344,4748700
2021-12-08,71.46112060546875,3109200
2021-12-09,70.50914764404297,3957600
2021-12-10,71.14380645751953,3615200
2021-12-13,69.83483123779297,3999100
2021-12-14,69.24226379394531,3412400
2021-12-15,68.84449768066406,3148500
2021-12-16,69.96470642089844,5108400
2021-12-17,68.18699645996094,9057600
2021-12-20,67.84606170654297,2937500
2021-12-21,70.0946044921875,3089500
2021-12-22,70.80082702636719,2713900
2021-12-23,70.76834869384766,2458300
2021-12-27,73.6906509399414,2714800
2021-12-28,73.23607635498047,2307900
2021-12-29,72.93571472167969,2053100
2021-12-30,72.391845703125,2228300
2021-12-31,72.10774230957031,2062300
2022-01-03,73.99910736083984,2997400
2022-01-04,77.40035247802734,5716500
2022-01-05,75.97977447509766,6632100
2022-01-06,77.53836059570312,5254700
2022-01-07,79.68135833740234,6277800
2022-01-10,79.60020446777344,5381700
2022-01-11,82.96082305908203,4866400
2022-01-12,83.42354583740234,3953900
2022-01-13,83.40718078613281,3469200
2022-01-14,86.37549591064453,4981800
2022-01-18,86.40821075439453,6205400
2022-01-19,85.96664428710938,4935500
2022-01-20,84.63375091552734,4863500
2022-01-21,82.28689575195312,3801600
2022-01-24,83.6606674194336,5916700
2022-01-25,87.44669342041016,4764900
2022-01-26,87.92916107177734,5122500
2022-01-27,89.74447631835938,6217600
2022-01-28,89.70359802246094,3832600
2022-01-31,91.15912628173828,5685000
2022-02-01,92.54927062988281,4590900
2022-02-02,92.33665466308594,4368300
2022-02-03,91.40444946289062,3569000
2022-02-04,92.97447204589844,3708300
2022-02-07,93.78402709960938,3282800
2022-02-08,91.20003509521484,5698400
2022-02-09,92.65557098388672,2969100
2022-02-10,92.12405395507812,3861900
2022-02-11,95.4684829711914,4732900
2022-02-14,92.73733520507812,3960500
2022-02-15,90.68486022949219,4001700
2022-02-16,91.39627838134766,4041100
2022-02-17,92.07498931884766,3049700
2022-02-18,91.27362060546875,3315500
2022-02-22,89.5645751953125,4658600
2022-02-23,90.21878051757812,4606600
2022-02-24,90.03067016601562,6777900
2022-02-25,87.7247314453125,10111300
2022-02-28,93.97209930419922,7794000
2022-03-01,95.19048309326172,6225200
2022-03-02,95.46034240722656,4287700
2022-03-03,95.09233856201172,4147300
2022-03-04,97.10395050048828,4902500
2022-03-07,98.24874114990234,5521300
2022-03-08,96.33528900146484,7619900
2022-03-09,93.03170776367188,5747700
2022-03-10,98.02796173095703,5386900
2022-03-11,95.4112777709961,3963600
2022-03-14,95.5432357788086,6270500
2022-03-15,93.87718200683594,5415200
2022-03-16,93.20083618164062,4953600
2022-03-17,97.21756744384766,4230000
2022-03-18,95.51026916503906,25284700
2022-03-21,101.0033187866211,4776200
2022-03-22,99.65892028808594,3664300
2022-03-23,101.90234375,3344100
2022-03-24,99.80738067626953,2952500
2022-03-25,102.69412231445312,3124600
2022-03-28,99.68367767333984,2955600
2022-03-29,99.49398040771484,3106500
2022-03-30,99.87335205078125,2788700
2022-03-31,98.33927154541016,4036000
2022-04-01,99.24652862548828,2258000
2022-04-04,99.65892028808594,1807200
2022-04-05,97.18455505371094,2335100
2022-04-06,97.69593811035156,2847600
2022-04-07,99.48572540283203,3053800
2022-04-08,104.64888000488281,4534900
2022-04-11,100.07955169677734,3342800
2022-04-12,102.74362182617188,2993900
2022-04-13,102.52787017822266,4314900
2022-04-14,102.01342010498047,3332000
2022-04-18,102.3287353515625,4338100
2022-04-19,101.0342788696289,4861600
2022-04-20,101.80596923828125,3273900
2022-04-21,99.1506576538086,3403200
2022-04-22,96.35430908203125,3086400
2022-04-25,92.74476623535156,4813200
2022-04-26,92.59537506103516,2462000
2022-04-27,93.60772705078125,2839800
2022-04-28,97.72344207763672,3312500
2022-04-29,96.8853530883789,4734000
2022-05-02,96.51194763183594,3496000
2022-05-03,100.2044906616211,3326700
2022-05-04,103.53189849853516,3134600
2022-05-05,102.4117202758789,4289400
2022-05-06,109.71380615234375,7042600
2022-05-09,97.86448669433594,6977200
2022-05-10,99.2087631225586,5451400
2022-05-11,100.6442642211914,4167300
2022-05-12,99.9970474243164,4056100
2022-05-13,103.12532043457031,3881600
2022-05-16,104.85126495361328,3560100
2022-05-17,105.73082733154297,3496800
2022-05-18,101.71470642089844,4340700
2022-05-19,100.98446655273438,4586600
2022-05-20,101.27491760253906,3559800
2022-05-23,106.27021789550781,3344300
2022-05-24,107.24932861328125,3127200
2022-05-25,110.41910552978516,3879700
2022-05-26,110.95845794677734,3384200
2022-05-27,113.55571746826172,2941000
2022-05-31,113.64697265625,7746300
2022-06-01,116.11138153076172,4390300
2022-06-02,115.70482635498047,2619700
2022-06-03,118.22735595703125,2665200
2022-06-06,117.09054565429688,3225000
2022-06-07,121.09009552001953,3354500
2022-06-08,120.93243408203125,3494800
2022-06-09,118.23564910888672,3006300
2022-06-10,119.48859405517578,5527700
2022-06-13,110.13697814941406,5685400
2022-06-14,110.41456604003906,4036500
2022-06-15,107.21805572509766,3821200
2022-06-16,100.57264709472656,5865600
2022-06-17,93.93565368652344,13623200
2022-06-21,98.96599578857422,4369000
2022-06-22,93.17860412597656,4686300
2022-06-23,90.15031433105469,6254000
2022-06-24,93.02716827392578,11648700
2022-06-27,95.69375610351562,4957800
2022-06-28,99.52114868164062,4811000
2022-06-29,95.23951721191406,4806400
2022-06-30,92.90099334716797,5585800
2022-07-01,93.89362335205078,2781600
2022-07-05,88.17351531982422,5660500
2022-07-06,84.88446807861328,6749800
2022-07-07,88.3838119506836,4605300
2022-07-08,88.7623519897461,2494000
2022-07-11,87.23139190673828,3406400
2022-07-12,83.68997955322266,3873600
2022-07-13,83.60585021972656,3719700
2022-07-14,80.62234497070312,5584500
2022-07-15,82.45313262939453,3799200
2022-07-18,84.36019134521484,3301700
2022-07-19,87.82682037353516,3920900
2022-07-20,89.47962188720703,3088700
2022-07-21,87.77596282958984,4264100
2022-07-22,85.60615539550781,2274000
2022-07-25,89.40335083007812,3279500
2022-07-26,87.93699645996094,2865400
2022-07-27,91.70027923583984,3430800
2022-07-28,91.02223205566406,2766200
2022-07-29,94.26848602294922,6394800
2022-08-01,91.18328094482422,3623100
2022-08-02,90.85271453857422,3082700
2022-08-03,87.81835174560547,5654900
2022-08-04,84.60600280761719,5765900
2022-08-05,90.70015716552734,5736700
2022-08-08,90.85271453857422,3128500
2022-08-09,91.74267578125,2565600
2022-08-10,92.37837219238281,2718500
2022-08-11,96.23487854003906,3264400
2022-08-12,97.04009246826172,2323800
2022-08-15,95.16692352294922,2975300
2022-08-16,95.27711486816406,3105500
2022-08-17,96.36200714111328,2539400
2022-08-18,100.85420989990234,5001300
2022-08-19,100.65080261230469,3827600
2022-08-22,100.77793884277344,2943600
2022-08-23,103.21898651123047,3191600
2022-08-24,105.01586151123047,3551600
2022-08-25,106.13468170166016,2904900
2022-08-26,105.58374786376953,2532600
2022-08-29,107.27891540527344,2675600
2022-08-30,103.28679656982422,3297000
2022-08-31,102.81214904785156,3538100
2022-09-01,100.61688995361328,2685500
2022-09-02,102.99861145019531,2355800
2022-09-06,101.9730453491211,2395900
2022-09-07,99.32009887695312,3785500
2022-09-08,100.2778549194336,3505400
2022-09-09,104.55816650390625,2839400
2022-09-12,107.143310546875,3460200
2022-09-13,104.17675018310547,3020800
2022-09-14,108.74163055419922,3271800
2022-09-15,105.16352844238281,3534000
2022-09-16,104.21107482910156,5704200
2022-09-19,103.33586883544922,2339200
2022-09-20,102.64942169189453,2361600
2022-09-21,101.45671081542969,2540900
2022-09-22,101.55110168457031,3313400
2022-09-23,93.63121795654297,5139300
2022-09-26,90.25047302246094,4465400
2022-09-27,90.48214721679688,4404200
2022-09-28,95.87078094482422,4199100
2022-09-29,96.93473815917969,2966500
2022-09-30,95.87078094482422,3329300
2022-10-03,102.90684509277344,4243300
2022-10-04,107.40303802490234,3360400
2022-10-05,108.18388366699219,3967700
2022-10-06,109.42805480957031,5045700
2022-10-07,109.35942840576172,3655700
2022-10-10,106.14169311523438,2674300
2022-10-11,105.28365325927734,3017700
2022-10-12,105.93576049804688,2540600
2022-10-13,109.2650375366211,2803800
2022-10-14,104.06893157958984,3230200
2022-10-17,104.35376739501953,3558100
2022-10-18,107.02086639404297,4018000
2022-10-19,112.268798828125,4718800
2022-10-20,113.58074188232422,3902400
2022-10-21,116.52406311035156,4237200
2022-10-24,116.23058319091797,4000900
2022-10-25,113.93462371826172,4173200
2022-10-26,115.91986083984375,3848500
2022-10-27,115.98027801513672,3300500
2022-10-28,115.3933334350586,3016600
2022-10-31,117.83606719970703,4138000
2022-11-01,117.65480041503906,3887500
2022-11-02,117.0333251953125,5641000
2022-11-03,119.44146728515625,5368000
2022-11-04,122.76453399658203,8057500
2022-11-07,125.96680450439453,4494800
2022-11-08,127.96929168701172,3982500
2022-11-09,120.51176452636719,5018600
2022-11-10,122.8336410522461,2988100
2022-11-11,126.9766845703125,3072000
2022-11-14,126.17395782470703,2992200
2022-11-15,127.14070892333984,2786000
2022-11-16,123.81758117675781,2505300
2022-11-17,124.71525573730469,2745200
2022-11-18,121.72015380859375,3567300
2022-11-21,120.71891784667969,4734700
2022-11-22,124.56851959228516,3386300
2022-11-23,123.12708282470703,2342000
2022-11-25,123.11846160888672,1430800
2022-11-28,117.94823455810547,3581300
2022-11-29,121.95321655273438,3974900
2022-11-30,122.505615234375,4615000
2022-12-01,121.30583953857422,2956900
2022-12-02,119.95072937011719,3932500
2022-12-05,115.78177642822266,3817500
2022-12-06,110.3008041381836,5031900
2022-12-07,108.89387512207031,4510300
2022-12-08,107.52149963378906,4767200
2022-12-09,105.01837921142578,4152400
2022-12-12,107.081298828125,4307700
2022-12-13,110.01597595214844,4376100
2022-12-14,109.9897689819336,3721800
2022-12-15,110.60116577148438,3565400
2022-12-16,109.85002899169922,13516600
2022-12-19,109.6404037475586,2410400
2022-12-20,110.4788818359375,2381100
2022-12-21,113.55332946777344,2687600
2022-12-22,110.31293487548828,3011700
2022-12-23,114.0773696899414,1678400
2022-12-27,115.3613052368164,2258000
2022-12-28,111.27371215820312,2490300
2022-12-29,112.34803009033203,1744700
2022-12-30,113.12535095214844,2179400
2023-01-03,108.69709014892578,2994900
2023-01-04,108.61849212646484,2469700
2023-01-05,108.63597106933594,3560200
2023-01-06,111.3348388671875,2595700
2023-01-09,111.57939147949219,3160300
2023-01-10,111.45710754394531,2575200
2023-01-11,110.7933120727539,2771100
2023-01-12,113.93762969970703,4005400
2023-01-13,113.79261016845703,2111400
2023-01-17,114.31997680664062,3127700
2023-01-18,113.20366668701172,3737400
2023-01-19,115.40111541748047,2449600
2023-01-20,116.68446350097656,2476900
2023-01-23,117.94137573242188,2695200
2023-01-24,116.69322204589844,2313100
2023-01-25,116.46469116210938,2576300
2023-01-26,119.47959899902344,2617800
2023-01-27,118.36328125,3035600
2023-01-30,116.11312103271484,2927000
2023-01-31,116.24495697021484,4043200
2023-02-01,111.88520050048828,4991700
2023-02-02,109.65262603759766,3928600
2023-02-03,109.53834533691406,4205800
2023-02-06,108.84395599365234,2486600
2023-02-07,112.31591796875,2524800
2023-02-08,113.07183837890625,4107700
2023-02-09,111.77096557617188,2487200
2023-02-10,117.90621948242188,4041000
2023-02-13,117.15030670166016,2936800
2023-02-14,117.01847076416016,2190200
2023-02-15,112.97515106201172,4344500
2023-02-16,109.99539947509766,2877200
2023-02-17,104.08866119384766,6201900
2023-02-21,104.80064392089844,4582000
2023-02-22,103.34154510498047,3772400
2023-02-23,105.06433868408203,3846400
2023-02-24,100.43212127685547,8752100
2023-02-27,100.86282348632812,4772200
2023-02-28,99.3421859741211,4907100
2023-03-01,103.72830200195312,4942200
2023-03-02,106.18064880371094,5850900
2023-03-03,107.03324127197266,4824800
2023-03-06,106.27734375,3893100
2023-03-07,103.94804382324219,3020700
2023-03-08,103.57008361816406,2807500
2023-03-09,101.08255767822266,4649300
2023-03-10,98.60384368896484,4313000
2023-03-13,95.8965835571289,4301400
2023-03-14,95.9844970703125,4556500
2023-03-15,90.0231704711914,6558500
2023-03-16,92.68446350097656,6637900
2023-03-17,91.1497802734375,11147800
2023-03-20,93.54495239257812,3560600
2023-03-21,96.35708618164062,4177100
2023-03-22,93.79334259033203,3803800
2023-03-23,92.95059967041016,3868300
2023-03-24,93.58043670654297,4183200
2023-03-27,96.14417266845703,3745100
2023-03-28,97.94499969482422,3283000
2023-03-29,99.9587173461914,3949600
2023-03-30,100.72163391113281,4455600
2023-03-31,101.68855285644531,4940100
2023-04-03,107.7031021118164,5011800
2023-04-04,106.11519622802734,3631000
2023-04-05,106.78053283691406,3263400
2023-04-06,105.8934326171875,2843200
2023-04-10,106.78053283691406,2975900
2023-04-11,107.942626953125,2184200
2023-04-12,108.50149536132812,2805100
2023-04-13,108.32736206054688,2912800
2023-04-14,108.61315155029297,2442400
2023-04-17,107.87186431884766,3574400
2023-04-18,106.28208923339844,4416900
2023-04-19,106.10346984863281,3047400
2023-04-20,105.62117767333984,2690100
2023-04-21,104.77269744873047,3149500
2023-04-24,106.4428482055664,1939500
2023-04-25,104.20110321044922,1988900
2023-04-26,103.29905700683594,2212800
2023-04-27,103.45980072021484,2827900
2023-04-28,106.70185852050781,2715900
2023-05-01,105.96055603027344,1800800
2023-05-02,99.68186950683594,5640500
2023-05-03,99.1549301147461,4982000
2023-05-04,99.4139404296875,4518100
2023-05-05,101.96827697753906,6165500
2023-05-08,102.13799285888672,2967700
2023-05-09,101.61102294921875,1782200
2023-05-10,100.173095703125,2578600
2023-05-11,98.71729278564453,2320900
2023-05-12,98.61906433105469,1874100
2023-05-15,99.44073486328125,1640600
2023-05-16,96.12724304199219,2466900
2023-05-17,98.95845794677734,2587000
2023-05-18,100.04805755615234,2465100
2023-05-19,102.34341430664062,4657600
2023-05-22,101.41455841064453,3451500
2023-05-23,101.33415985107422,2338600
2023-05-24,101.18233489990234,2431000
2023-05-25,98.60118865966797,2747200
2023-05-26,98.35111999511719,2942700
2023-05-30,97.18112182617188,4330100
2023-05-31,95.82357788085938,7749500
2023-06-01,96.5916748046875,5367600
2023-06-02,99.95874786376953,2902200
2023-06-05,99.71761322021484,2651400
2023-06-06,100.7536392211914,2708800
2023-06-07,103.82599639892578,3483600
2023-06-08,103.73667907714844,5198800
2023-06-09,103.82599639892578,3732800
2023-06-12,101.74500274658203,3946900
2023-06-13,100.67326354980469,3891700
2023-06-14,98.84234619140625,4011900
2023-06-15,99.76226043701172,2887700
2023-06-16,101.28951263427734,6113500
2023-06-20,98.5386962890625,3179200
2023-06-21,99.0209732055664,2730700
2023-06-22,96.68097686767578,2858700
2023-06-23,95.40380096435547,8357000
2023-06-26,98.24394989013672,3189300
2023-06-27,97.33295440673828,3594400
2023-06-28,99.30677032470703,3130600
2023-06-29,100.92333984375,3650500
2023-06-30,102.20943450927734,4116200
2023-07-03,102.44164276123047,1287600
2023-07-05,102.07545471191406,3012300
2023-07-06,100.25349426269531,3762800
2023-07-07,103.78131866455078,4583000
2023-07-10,103.39727020263672,3095400
2023-07-11,106.81796264648438,2965100
2023-07-12,108.70245361328125,3658600
2023-07-13,109.47056579589844,2846700
2023-07-14,106.93938446044922,2736600
2023-07-17,106.71456146240234,2254900
2023-07-18,110.39220428466797,3133600
2023-07-19,110.0954818725586,2185000
2023-07-20,111.03961181640625,2629500
2023-07-21,112.04669189453125,2246800
2023-07-24,113.43143463134766,2598500
2023-07-25,115.54450988769531,2283900
2023-07-26,116.28185272216797,2879000
2023-07-27,115.77828216552734,3090800
2023-07-28,117.52269744873047,3131900
2023-07-31,119.1681900024414,2803900
2023-08-01,118.46685028076172,2587300
2023-08-02,116.92925262451172,3250400
2023-08-03,118.41290283203125,4302100
2023-08-04,116.71343231201172,5719600
2023-08-07,114.76221466064453,3865100
2023-08-08,115.45458221435547,2958900
2023-08-09,117.62161254882812,3389200
2023-08-10,117.83741760253906,2342900
2023-08-11,118.98834991455078,1845500
2023-08-14,118.22405242919922,1438900
2023-08-15,116.1199722290039,1598200
2023-08-16,115.63442993164062,1820000
2023-08-17,116.65049743652344,1837500
2023-08-18,117.45977020263672,2046500
2023-08-21,117.22596740722656,1627400
2023-08-22,116.20990753173828,1892500
2023-08-23,115.89518737792969,1708200
2023-08-24,113.00882720947266,2811100
2023-08-25,114.2676773071289,2417400
2023-08-28,114.5733871459961,1836100
2023-08-29,114.96004486083984,2175000
2023-08-30,114.8880844116211,1642100
2023-08-31,115.65242004394531,2757400
2023-09-01,117.77449035644531,2462000
2023-09-05,119.94149780273438,3737700
2023-09-06,119.6987075805664,2015400
2023-09-07,118.28700256347656,1588700
2023-09-08,119.34803771972656,2398300
2023-09-11,117.04612731933594,2831300
2023-09-12,120.57089233398438,2442200
2023-09-13,119.50989532470703,1963400
2023-09-14,121.08344268798828,2370000
2023-09-15,118.85346984863281,4880300
2023-09-18,118.583740234375,1998900
2023-09-19,115.99410247802734,3671700
2023-09-20,112.84696197509766,3818600
2023-09-21,110.23036193847656,3614100
2023-09-22,110.2573471069336,3222700
2023-09-25,112.98184204101562,2710600
2023-09-26,114.08782196044922,3382000
2023-09-27,116.72244262695312,2735000
2023-09-28,116.41670989990234,2274200
2023-09-29,113.97993469238281,3374700
2023-10-02,111.1924819946289,2625100
2023-10-03,111.71400451660156,1917900
2023-10-04,107.32601928710938,2814200
2023-10-05,106.51675415039062,2526400
2023-10-06,108.51290893554688,3477800
2023-10-09,114.41152954101562,3720000
2023-10-10,113.9349594116211,2833700
2023-10-11,114.5284423828125,2447400
2023-10-12,115.9581298828125,3039000
2023-10-13,120.34613037109375,3573300
2023-10-16,121.26445770263672,1993600
2023-10-17,121.50872802734375,2670000
2023-10-18,122.82967376708984,2307600
2023-10-19,123.2549057006836,2421300
2023-10-20,120.54063415527344,3425300
2023-10-23,119.10206604003906,2281300
2023-10-24,117.56399536132812,1813900
2023-10-25,117.3740005493164,2421900
2023-10-26,115.7544937133789,2367500
2023-10-27,113.9902114868164,2779000
2023-10-30,113.50164794921875,2614600
2023-10-31,114.22544860839844,2368400
2023-11-01,112.38880157470703,3394600
2023-11-02,116.39685821533203,4313600
2023-11-03,115.95354461669922,5531600
2023-11-06,114.3792495727539,4344500
2023-11-07,110.95927429199219,3582100
2023-11-08,109.66548156738281,3840500
2023-11-09,109.74690246582031,1827000
2023-11-10,111.01356506347656,1934300
2023-11-13,111.33927917480469,2413500
2023-11-14,113.20307159423828,2556100
2023-11-15,111.34832763671875,3861900
2023-11-16,109.20404052734375,4075100
2023-11-17,112.18975067138672,3667500
2023-11-20,113.3025894165039,3133700
2023-11-21,112.41593933105469,2281200
2023-11-22,111.43880462646484,3369300
2023-11-24,111.73736572265625,1318100
2023-11-27,111.28498840332031,2384200
2023-11-28,111.86404418945312,3380900
2023-11-29,111.50212097167969,3000100
2023-11-30,111.34832763671875,5597800
2023-12-01,111.82783508300781,2990900
2023-12-04,111.28498840332031,3000900
2023-12-05,110.3349838256836,3478300
2023-12-06,108.34452819824219,4613900
2023-12-07,107.07787322998047,3524500
2023-12-08,107.62977600097656,3858400
2023-12-11,107.84691619873047,5004100
2023-12-12,106.46263885498047,3447800
2023-12-13,107.19550323486328,5765800
2023-12-14,110.5127182006836,4842400
2023-12-15,110.06368255615234,7429100
2023-12-18,111.44739532470703,2875500
2023-12-19,112.28126525878906,3498900
2023-12-20,111.27328491210938,3671100
2023-12-21,110.95256805419922,3841700
2023-12-22,112.04301452636719,1741900
2023-12-26,113.90322875976562,1852100
2023-12-27,113.87574005126953,2568300
2023-12-28,111.18165588378906,2137200
2023-12-29,110.83343505859375,1756600
2024-01-02,111.42906951904297,3023000
2024-01-03,114.52635955810547,2794000
2024-01-04,110.89756774902344,2847500
2024-01-05,110.31111145019531,2157100
2024-01-08,107.91940307617188,4244600
2024-01-09,106.36161804199219,3043300
2024-01-10,105.3719482421875,3128700
2024-01-11,105.36279296875,2134000
2024-01-12,106.34327697753906,3010800
2024-01-16,103.57247924804688,3420200
2024-01-17,102.17784881591797,3282300
2024-01-18,101.67911529541016,3378700
2024-01-19,101.75299835205078,2838400
2024-01-22,102.18708801269531,2482900
2024-01-23,101.9377212524414,2367700
2024-01-24,103.52629852294922,3527900
2024-01-25,106.07543182373047,2962500
2024-01-26,106.71271514892578,2683800
2024-01-29,106.17703247070312,2648500
2024-01-30,107.85799407958984,2947200
2024-01-31,105.0964126586914,3281900
2024-02-01,103.9973373413086,2569600
2024-02-02,102.38104248046875,2927300
2024-02-05,101.27272033691406,2957200
2024-02-06,103.33235168457031,3506400
2024-02-07,103.92344665527344,2986400
2024-02-08,104.42219543457031,3159600
2024-02-09,102.56578063964844,2607400
2024-02-12,104.22823333740234,3786900
2024-02-13,102.54729461669922,3933600
2024-02-14,102.52881622314453,2568000
2024-02-15,105.52127838134766,3082400
2024-02-16,104.88398742675781,4150900
2024-02-20,104.48684692382812,3674600
2024-02-21,107.4700698852539,3111600
2024-02-22,107.50701141357422,4753400
2024-02-23,103.31388854980469,6200500
2024-02-26,103.48937225341797,4035300
2024-02-27,105.2349624633789,4337100
2024-02-28,105.4473876953125,3162400
2024-02-29,105.71524810791016,4341300
2024-03-01,107.22994232177734,2998400
2024-03-04,106.98057556152344,5192400
2024-03-05,107.3222885131836,4264900
2024-03-06,107.59014129638672,3762700
2024-03-07,108.84625244140625,3482100
2024-03-08,109.6497802734375,3141400
2024-03-11,111.58934020996094,3784200
2024-03-12,111.60780334472656,4069300
2024-03-13,113.20564270019531,2941800
2024-03-14,114.33242797851562,2970100
2024-03-15,113.4088134765625,16696600
2024-03-18,114.12923431396484,2269800
2024-03-19,115.11749267578125,3304100
2024-03-20,116.09649658203125,3139300
2024-03-21,116.44746398925781,2675100
2024-03-22,115.30220794677734,3152700
2024-03-25,117.52806854248047,3245900
2024-03-26,116.17039489746094,2957000
2024-03-27,116.73377990722656,2197300
2024-03-28,118.07299041748047,3310500
2024-04-01,119.8463134765625,2800600
2024-04-02,122.13684844970703,3598800
2024-04-03,123.55919647216797,3485800
2024-04-04,123.79008483886719,3354300
2024-04-05,125.55416107177734,3458800
2024-04-08,125.10160827636719,3837600
2024-04-09,126.58856964111328,2807400
2024-04-10,127.41061401367188,3397400
2024-04-11,126.78255462646484,3430200
2024-04-12,124.95382690429688,2656100
2024-04-15,123.1033935546875,2979200
2024-04-16,123.63345336914062,3483700
2024-04-17,123.11270141601562,2642900
2024-04-18,122.51759338378906,2035800
2024-04-19,123.82869720458984,2489300
2024-04-22,124.50749206542969,2576800
2024-04-23,125.34434509277344,2055300
2024-04-24,126.08824920654297,1968200
2024-04-25,125.86507415771484,3444400
2024-04-26,126.18122863769531,1841100
2024-04-29,126.69264221191406,2786500
2024-04-30,122.86164855957031,3554500
2024-05-01,120.83454895019531,3408100
2024-05-02,122.5548095703125,4181400
2024-05-03,120.89965057373047,5660800
2024-05-06,121.3273696899414,3690900
2024-05-07,121.122802734375,3263600
2024-05-08,120.72299194335938,2805300
2024-05-09,121.40177917480469,3663100
2024-05-10,120.97403717041016,2821100
2024-05-13,120.3231430053711,3006000
2024-05-14,120.35102844238281,2342300
2024-05-15,120.0348892211914,2561400
2024-05-16,118.94695281982422,2615400
2024-05-17,120.82526397705078,2340100
2024-05-20,120.75086212158203,1933600
2024-05-21,119.85821533203125,2211000
2024-05-22,117.20812225341797,3617600
2024-05-23,115.32982635498047,3373600
2024-05-24,114.62313079833984,3730900
2024-05-28,117.02215576171875,3800000
2024-05-29,113.36782836914062,5506300
2024-05-30,113.67469024658203,3004400
2024-05-31,115.81334686279297,4082400
2024-06-03,111.24775695800781,3239500
2024-06-04,111.39654541015625,4499200
2024-06-05,111.87075805664062,3406600
2024-06-06,112.7076416015625,3399700
2024-06-07,111.75919342041016,2494300
2024-06-10,113.06098175048828,1717500
2024-06-11,113.4701156616211,2063500
2024-06-12,112.44728088378906,2129600
2024-06-13,110.74563598632812,2253800
2024-06-14,109.94596862792969,2850300
2024-06-17,110.72705078125,2388700
2024-06-18,111.11759185791016,2032400
2024-06-20,113.43291473388672,2469000
2024-06-21,113.48872375488281,7884300
2024-06-24,116.51075744628906,2784300
2024-06-25,116.74319458007812,1947600
2024-06-26,115.84125518798828,2297400
2024-06-27,115.81334686279297,1726700
2024-06-28,117.04075622558594,4029400
2024-07-01,117.66375732421875,2496100
2024-07-02,117.76605224609375,2274700
2024-07-03,117.87762451171875,1814100
2024-07-05,116.17598724365234,3354600
2024-07-08,116.81758117675781,2632000
2024-07-09,116.85479736328125,2859700
2024-07-10,117.3662109375,1835300
2024-07-11,119.1794204711914,2402800
2024-07-12,119.90469360351562,2032100
2024-07-15,123.34516143798828,3532200
2024-07-16,122.29444885253906,2925300
2024-07-17,123.95172882080078,2413500
2024-07-18,123.8113021850586,2155600
2024-07-19,121.02101135253906,3215700
2024-07-22,118.83937072753906,2088100
2024-07-23,116.94796752929688,3676600
2024-07-24,117.13524627685547,2209700
2024-07-25,118.95171356201172,2258400
2024-07-26,119.05471801757812,2214300
2024-07-29,117.21014404296875,2343600
2024-07-30,118.11839294433594,2306500
2024-07-31,118.72700500488281,3197300
2024-08-01,115.27194213867188,3083400
2024-08-02,115.09403228759766,6668900
2024-08-05,115.28131103515625,5001600
2024-08-06,114.48542022705078,3807700
2024-08-07,115.28131103515625,2726800
2024-08-08,118.71764373779297,2667200
2024-08-09,118.47418975830078,3070700
2024-08-12,120.57157897949219,2931800
2024-08-13,118.31503295898438,2975900
2024-08-14,118.48356628417969,2025700
2024-08-15,119.96295166015625,2037700
2024-08-16,119.90678405761719,2339800
2024-08-19,120.07532501220703,1985300
2024-08-20,117.27568817138672,2867300
2024-08-21,117.02288055419922,2668800
2024-08-22,117.24759674072266,2216200
2024-08-23,118.82063293457031,1995800
2024-08-26,121.7794418334961,2270000
2024-08-27,120.37495422363281,2150800
2024-08-28,120.5247802734375,1726100
2024-08-29,121.70455169677734,3152000
2024-08-30,120.618408203125,2820200
2024-09-03,115.75883483886719,3830700
2024-09-04,114.96293640136719,2732400
2024-09-05,113.81126403808594,3124900
2024-09-06,112.68765258789062,3144100
2024-09-09,112.82811737060547,4999300
2024-09-10,111.39551544189453,3928900
2024-09-11,110.39363861083984,3419100
2024-09-12,110.69326782226562,4709200
2024-09-13,111.77005004882812,4428300
2024-09-16,113.92361450195312,4484600
2024-09-17,115.34683990478516,4010200
2024-09-18,116.46107482910156,3965800
2024-09-19,117.22886657714844,4358100
2024-09-20,118.00602722167969,9400800
2024-09-23,119.5978012084961,3174900
2024-09-24,119.7569808959961,2110300
2024-09-25,116.62962341308594,3031700
2024-09-26,112.70638275146484,4907300
2024-09-27,114.64458465576172,3273000
2024-09-30,115.10340881347656,3566600
2024-10-01,118.87682342529297,3539900
2024-10-02,120.15959167480469,2636700
2024-10-03,122.46297454833984,2606300
2024-10-04,124.6446304321289,2720100
2024-10-07,125.69331359863281,2887700
2024-10-08,122.0697021484375,2566400
2024-10-09,122.62214660644531,2233900
2024-10-10,123.77384948730469,1637400
2024-10-11,124.01728057861328,1460800
2024-10-14,123.09968566894531,1702100
2024-10-15,119.17644500732422,2949200
2024-10-16,119.25135040283203,1939400
2024-10-17,119.8077621459961,2975600
2024-10-18,119.41168212890625,2990700
2024-10-21,118.55347442626953,2403000
2024-10-22,117.94990539550781,1709500
2024-10-23,117.62926483154297,1639700
2024-10-24,117.35577392578125,1927700
2024-10-25,116.15807342529297,3050800
2024-10-28,115.12069702148438,2390300
2024-10-29,113.6306381225586,2207100
2024-10-30,113.65894317626953,2467000
2024-10-31,115.01696014404297,2999200
2024-11-01,113.96072387695312,2256100
2024-11-04,115.93174743652344,1702100
2024-11-05,115.1584243774414,3281900
2024-11-06,119.95864868164062,3516600
2024-11-07,119.26078796386719,2309300
2024-11-08,126.48471069335938,5335100
2024-11-11,125.52278137207031,2987600
2024-11-12,125.55106353759766,2757700
2024-11-13,126.70159912109375,3578900
2024-11-14,127.4937973022461,2545800
2024-11-15,126.8996353149414,2279700
2024-11-18,128.7669219970703,3060700
2024-11-19,127.4843521118164,2903400
2024-11-20,128.47459411621094,2063000
2024-11-21,127.7861557006836,2875400
2024-11-22,128.58775329589844,2545800
2024-11-25,124.4665298461914,5440300
2024-11-26,124.99464416503906,3129600
2024-11-27,125.5133285522461,2004100
2024-11-29,125.67366790771484,1837700
2024-12-02,123.7686767578125,2835100
2024-12-03,124.29679870605469,2362100
2024-12-04,122.15601348876953,3222500
2024-12-05,122.61812591552734,2623900
2024-12-06,120.53392791748047,2927900
2024-12-09,120.5716552734375,3047000
2024-12-10,119.40223693847656,3440500
2024-12-11,120.29815673828125,5778600
2024-12-12,119.36451721191406,2169500
2024-12-13,119.55313873291016,1878800
2024-12-16,117.52552795410156,2898600
2024-12-17,116.13922119140625,3820100
2024-12-18,112.8196029663086,4506900
2024-12-19,111.48987579345703,3589700
2024-12-20,112.26319122314453,10044400
2024-12-23,113.02708435058594,2554600
2024-12-24,113.9512939453125,1325800
2024-12-26,113.55520629882812,2104000
2024-12-27,113.54576110839844,2048400
2024-12-30,113.71552276611328,3197100
2024-12-31,115.60166931152344,3302500
