date,close,volume
2014-01-02,31.12145233154297,2205500
2014-01-03,31.033241271972656,2309700
2014-01-06,31.08365249633789,3260200
2014-01-07,31.404935836791992,4606800
2014-01-08,30.833606719970703,5747800
2014-01-09,31.10658073425293,4565600
2014-01-10,31.29067611694336,2797700
2014-01-13,30.985950469970703,2674600
2014-01-14,30.97960662841797,4311800
2014-01-15,30.72568702697754,3929400
2014-01-16,30.801856994628906,3255100
2014-01-17,30.649499893188477,3790700
2014-01-21,30.81455421447754,3473800
2014-01-22,30.960573196411133,2986500
2014-01-23,30.922481536865234,3504100
2014-01-24,30.649499893188477,4033200
2014-01-27,30.808204650878906,3413400
2014-01-28,31.081195831298828,3129000
2014-01-29,30.43365478515625,5125700
2014-01-30,30.833606719970703,3290600
2014-01-31,30.484453201293945,3734200
2014-02-03,29.748048782348633,4716800
2014-02-04,29.894060134887695,2649200
2014-02-05,30.06545639038086,3004400
2014-02-06,30.255908966064453,3025100
2014-02-07,30.503482818603516,2376800
2014-02-10,30.668542861938477,1863000
2014-02-11,31.062143325805664,3307000
2014-02-12,30.808204650878906,2918400
2014-02-13,31.227201461791992,2607400
2014-02-14,31.67157745361328,3774600
2014-02-18,31.53825569152832,2825900
2014-02-19,31.277976989746094,2131600
2014-02-20,31.601747512817383,2436000
2014-02-21,31.43034553527832,2937200
2014-02-24,31.646177291870117,2828300
2014-02-25,31.773147583007812,2760400
2014-02-26,31.52556610107422,2141600
2014-02-27,31.601747512817383,2172300
2014-02-28,31.760456085205078,3337200
2014-03-03,31.65251922607422,3464600
2014-03-04,32.211181640625,3823600
2014-03-05,32.147682189941406,2317300
2014-03-06,32.16672897338867,1962100
2014-03-07,32.2492561340332,1808600
2014-03-10,32.027076721191406,2581800
2014-03-11,32.211181640625,2281100
2014-03-12,32.59842300415039,2964600
2014-03-13,32.3825798034668,3737200
2014-03-14,31.595401763916016,5782700
2014-03-17,32.01437759399414,3428800
2014-03-18,32.19213104248047,3077500
2014-03-19,32.211181640625,3425700
2014-03-20,32.4079704284668,3369600
2014-03-21,32.395267486572266,6460100
2014-03-24,32.19847869873047,3534500
2014-03-25,32.42702865600586,3425200
2014-03-26,32.43971252441406,4643700
2014-03-27,32.42702865600586,4844200
2014-03-28,32.56667709350586,1943100
2014-03-31,32.896793365478516,2995600
2014-04-01,32.87139129638672,2782200
2014-04-02,32.76982498168945,2339700
2014-04-03,33.15706253051758,3611400
2014-04-04,32.53495788574219,4452200
2014-04-07,32.915828704833984,5409100
2014-04-08,32.81346130371094,4559300
2014-04-09,32.807064056396484,3248000
2014-04-10,32.6342887878418,4626400
2014-04-11,32.730281829833984,4236400
2014-04-14,32.826255798339844,2618200
2014-04-15,32.79426193237305,4045300
2014-04-16,33.44053649902344,3755700
2014-04-17,33.33176040649414,2648800
2014-04-21,33.46614074707031,2039100
2014-04-22,33.395755767822266,2163100
2014-04-23,33.51093673706055,2660800
2014-04-24,33.549339294433594,2290600
2014-04-25,33.45973587036133,2205000
2014-04-28,34.022850036621094,3315500
2014-04-29,33.7924919128418,2055600
2014-04-30,33.92686080932617,2273400
2014-05-01,33.70929718017578,2115300
2014-05-02,33.75410461425781,1943300
2014-05-05,33.92045974731445,1773700
2014-05-06,33.82448959350586,2309100
2014-05-07,34.25959777832031,2637700
2014-05-08,34.34279251098633,2208800
2014-05-09,34.80990982055664,3889000
2014-05-12,34.72032165527344,2748200
2014-05-13,34.79071044921875,1788100
2014-05-14,34.61794662475586,1480600
2014-05-15,34.176414489746094,3143200
2014-05-16,34.432376861572266,2657400
2014-05-19,34.374786376953125,1241400
2014-05-20,34.22121047973633,2100900
2014-05-21,34.22121047973633,1842700
2014-05-22,34.38758850097656,1694000
2014-05-23,34.432376861572266,1317100
2014-05-27,34.70753860473633,2210000
2014-05-28,34.70753860473633,1899900
2014-05-29,35.001869201660156,1674500
2014-05-30,35.1490478515625,2516300
2014-06-02,35.13623809814453,1883300
2014-06-03,35.225833892822266,2100500
2014-06-04,35.552181243896484,2405100
2014-06-05,35.41141128540039,1776000
2014-06-06,35.4561882019043,1580200
2014-06-09,35.30263137817383,1815800
2014-06-10,35.29623031616211,1772200
2014-06-11,35.03386688232422,1559600
2014-06-12,34.68192672729492,2276700
2014-06-13,34.752315521240234,2414400
2014-06-16,34.68831253051758,2468400
2014-06-17,34.73952102661133,2379800
2014-06-18,34.98907470703125,3641600
2014-06-19,35.091468811035156,2506200
2014-06-20,34.96348190307617,4096900
2014-06-23,34.72673034667969,2761200
2014-06-24,34.36198425292969,4624000
2014-06-25,33.1205940246582,8822200
2014-06-26,33.29336929321289,5677200
2014-06-27,33.4725456237793,4480000
2014-06-30,33.61971664428711,4011100
2014-07-01,33.850067138671875,3924100
2014-07-02,33.92045974731445,2465300
2014-07-03,33.94605255126953,2975100
2014-07-07,34.18281936645508,2934100
2014-07-08,34.240840911865234,4049900
2014-07-09,34.344032287597656,2711900
2014-07-10,34.189266204833984,2737800
2014-07-11,34.11833190917969,2053400
2014-07-14,34.2021598815918,2280200
2014-07-15,34.13124465942383,2430200
2014-07-16,34.227962493896484,2831200
2014-07-17,34.03450393676758,2609500
2014-07-18,34.21506881713867,2869700
2014-07-21,34.08610153198242,1699300
2014-07-22,34.144134521484375,1770100
2014-07-23,34.111881256103516,2213300
2014-07-24,34.144134521484375,2051400
2014-07-25,34.053855895996094,1665300
2014-07-28,34.0925407409668,1900000
2014-07-29,33.86040115356445,1966900
2014-07-30,33.30583572387695,3684900
2014-07-31,32.33858108520508,5499600
2014-08-01,32.841552734375,4714400
2014-08-04,33.07369613647461,2926900
2014-08-05,32.80931854248047,2969400
2014-08-06,33.35098648071289,3270600
2014-08-07,33.0672607421875,1872200
2014-08-08,33.512176513671875,2113000
2014-08-11,33.81525421142578,2422600
2014-08-12,33.841060638427734,1908500
2014-08-13,33.88620376586914,1607700
2014-08-14,34.03450393676758,1696700
2014-08-15,33.957122802734375,1973200
2014-08-18,34.1699104309082,2166900
2014-08-19,34.324684143066406,1637400
2014-08-20,34.447200775146484,1662000
2014-08-21,34.318241119384766,2389600
2014-08-22,33.98936080932617,3286400
2014-08-25,34.07963562011719,2269700
2014-08-26,34.1634635925293,2242800
2014-08-27,34.344032287597656,1532600
2014-08-28,34.29888916015625,1380400
2014-08-29,34.42140579223633,2313700
2014-09-02,34.408512115478516,2045600
2014-09-03,34.52457809448242,2191300
2014-09-04,34.48588943481445,1882200
2014-09-05,34.70513153076172,1959800
2014-09-08,34.5052375793457,1365700
2014-09-09,34.2859992980957,3897200
2014-09-10,34.324684143066406,2233300
2014-09-11,34.3504753112793,2113300
2014-09-12,34.040958404541016,1951800
2014-09-15,34.29244613647461,2209300
2014-09-16,34.29244613647461,3174700
2014-09-17,32.77706527709961,11820900
2014-09-18,33.02855682373047,7498600
2014-09-19,33.0672607421875,4140100
2014-09-22,32.72548294067383,3550500
2014-09-23,32.5062370300293,4522800
2014-09-24,32.532039642333984,5138300
2014-09-25,32.31923294067383,4126500
2014-09-26,32.422401428222656,3002400
2014-09-29,32.64809799194336,2691400
2014-09-30,32.532039642333984,2822800
2014-10-01,32.22895431518555,3788400
2014-10-02,32.332130432128906,3471900
2014-10-03,32.544918060302734,2383700
2014-10-06,32.62230682373047,2866300
2014-10-07,32.35791778564453,3305600
2014-10-08,32.60498809814453,3417500
2014-10-09,32.43593978881836,3548000
2014-10-10,32.383941650390625,3800300
2014-10-13,32.03935623168945,2955900
2014-10-14,32.195396423339844,2621100
2014-10-15,31.928821563720703,4586100
2014-10-16,31.76630401611328,3742000
2014-10-17,32.04585647583008,3005500
2014-10-20,32.45545196533203,2614300
2014-10-21,32.8065299987793,3401400
2014-10-22,32.89755630493164,2170100
2014-10-23,32.83903503417969,1709700
2014-10-24,33.17711639404297,1744800
2014-10-27,33.26163101196289,1366300
2014-10-28,33.4046745300293,1370600
2014-10-29,33.09260177612305,2920300
2014-10-30,33.45018005371094,2055500
2014-10-31,33.781761169433594,2666300
2014-11-03,34.23686218261719,3457700
2014-11-04,34.36689758300781,3903800
2014-11-05,34.56843948364258,2398200
2014-11-06,34.63344192504883,1962600
2014-11-07,33.39167022705078,6440300
2014-11-10,33.07310104370117,4397400
2014-11-11,33.13811111450195,2570600
2014-11-12,33.1316032409668,2615800
2014-11-13,33.15760803222656,3048200
2014-11-14,33.04058837890625,2814100
2014-11-17,33.38515853881836,2196300
2014-11-18,33.541194915771484,2215300
2014-11-19,33.75574493408203,1920600
2014-11-20,33.573707580566406,1540100
2014-11-21,33.71023941040039,2508700
2014-11-24,33.48270034790039,2213600
2014-11-25,33.58020782470703,3555200
2014-11-26,33.71023941040039,1355500
2014-11-28,34.295379638671875,1664500
2014-12-01,34.21735763549805,2183900
2014-12-02,34.49040985107422,3093400
2014-12-03,34.483924865722656,4708000
2014-12-04,34.457908630371094,2933100
2014-12-05,34.53593063354492,2579300
2014-12-08,34.41240692138672,2878600
2014-12-09,33.989803314208984,2956600
2014-12-10,33.801265716552734,2518700
2014-12-11,34.11983871459961,4118200
2014-12-12,33.872772216796875,4610000
2014-12-15,33.46318817138672,3319100
2014-12-16,33.24213409423828,3904700
2014-12-17,33.931297302246094,4644500
2014-12-18,34.78948211669922,4622100
2014-12-19,34.984535217285156,4901900
2014-12-22,35.3551139831543,2552400
2014-12-23,35.3746223449707,2340700
2014-12-24,35.309608459472656,1214500
2014-12-26,35.3551139831543,1053800
2014-12-29,35.309608459472656,1486500
2014-12-30,35.335594177246094,1361600
2014-12-31,34.67246627807617,2516700
2015-01-02,34.52943420410156,2165000
2015-01-05,33.90528106689453,4149500
2015-01-06,33.82077407836914,3036200
2015-01-07,34.53593063354492,3204200
2015-01-08,35.09940719604492,3998400
2015-01-09,34.7455940246582,2051900
2015-01-12,34.496620178222656,2009400
2015-01-13,34.53593063354492,2967600
2015-01-14,34.67351531982422,4427800
2015-01-15,35.02078628540039,4532100
2015-01-16,34.99457550048828,4273100
2015-01-20,35.64322280883789,5217700
2015-01-21,35.433563232421875,3565500
2015-01-22,35.892215728759766,2986200
2015-01-23,35.74806594848633,2998800
2015-01-26,36.003597259521484,3717200
2015-01-27,36.10843276977539,4819600
2015-01-28,35.433563232421875,3116500
2015-01-29,35.13871765136719,4450100
2015-01-30,34.38523483276367,3919500
2015-02-02,34.77180099487305,3631400
2015-02-03,34.89630889892578,2632400
2015-02-04,34.870079040527344,2434800
2015-02-05,34.9880256652832,1948800
2015-02-06,34.83077621459961,1997100
2015-02-09,34.72593307495117,3168100
2015-02-10,34.87663650512695,2529900
2015-02-11,34.83077621459961,2523600
2015-02-12,34.68008041381836,3115600
2015-02-13,34.38523483276367,3464700
2015-02-17,34.29350662231445,3534100
2015-02-18,34.647300720214844,2572900
2015-02-19,35.02078628540039,3431700
2015-02-20,35.03388977050781,3113000
2015-02-23,35.04698944091797,1747200
2015-02-24,35.00113296508789,2463500
2015-02-25,35.079742431640625,1824200
2015-02-26,35.00113296508789,2099100
2015-02-27,35.24355697631836,3038300
2015-03-02,35.05352783203125,1518900
2015-03-03,35.040435791015625,1690700
2015-03-04,34.863521575927734,1993300
2015-03-05,34.90939712524414,1600700
2015-03-06,34.15590286254883,3430900
2015-03-09,34.39834213256836,2170100
2015-03-10,33.93313980102539,2280200
2015-03-11,33.874176025390625,2545100
2015-03-12,34.47696304321289,2501100
2015-03-13,34.16901397705078,2240100
2015-03-16,34.33937072753906,2811800
2015-03-17,34.10348892211914,2854500
2015-03-18,34.63420104980469,5122800
2015-03-19,34.42454528808594,2496000
2015-03-20,35.02078628540039,4070100
2015-03-23,35.210792541503906,2623000
2015-03-24,34.85697937011719,2854600
2015-03-25,35.210792541503906,6753300
2015-03-26,35.34182357788086,5693100
2015-03-27,36.029788970947266,4990800
2015-03-30,36.92086410522461,7165900
2015-03-31,37.084678649902344,7898300
2015-04-01,37.00606918334961,4627900
2015-04-02,37.05192565917969,3270800
2015-04-06,37.17641830444336,4173000
2015-04-07,36.74397277832031,3108600
2015-04-08,36.86945343017578,2874400
2015-04-09,37.06757354736328,2261000
2015-04-10,37.3053092956543,2962900
2015-04-13,37.265682220458984,2555800
2015-04-14,37.39775848388672,2443900
2015-04-15,37.27888870239258,2067600
2015-04-16,37.13359832763672,2704600
2015-04-17,37.04114532470703,2639300
2015-04-20,37.27888870239258,2276600
2015-04-21,37.054351806640625,1805700
2015-04-22,37.120384216308594,1891600
2015-04-23,37.1732292175293,2411700
2015-04-24,37.232666015625,1754800
2015-04-27,37.01473617553711,1696300
2015-04-28,37.047752380371094,1805500
2015-04-29,36.697750091552734,2069200
2015-04-30,36.54584884643555,1815600
2015-05-01,36.78360366821289,2573900
2015-05-04,36.88265609741211,1425600
2015-05-05,36.73737335205078,2097800
2015-05-06,36.51945114135742,2197800
2015-05-07,36.73737335205078,1620900
2015-05-08,37.1600227355957,1884800
2015-05-11,37.027950286865234,1351600
2015-05-12,37.245880126953125,1780100
2015-05-13,37.12700271606445,1735500
2015-05-14,37.536441802978516,2412600
2015-05-15,37.73455047607422,2170500
2015-05-18,37.54302978515625,2545300
2015-05-19,37.549652099609375,1566600
2015-05-20,37.62228775024414,1391100
2015-05-21,37.52323532104492,1572500
2015-05-22,37.325103759765625,1813500
2015-05-26,36.968502044677734,2141300
2015-05-27,37.29209899902344,1617200
2015-05-28,37.14680480957031,1841900
2015-05-29,37.080772399902344,3132300
2015-06-01,37.1732292175293,2285400
2015-06-02,36.88925552368164,1244900
2015-06-03,36.78360366821289,1820400
2015-06-04,36.360958099365234,2186300
2015-06-05,35.93830490112305,2454900
2015-06-08,35.898681640625,1609600
2015-06-09,35.95812225341797,2178500
2015-06-10,36.38076400756836,2287900
2015-06-11,36.39397048950195,1843200
2015-06-12,36.26850128173828,1342400
2015-06-15,35.92509460449219,2200400
2015-06-16,36.38076400756836,2302300
2015-06-17,36.48641586303711,2301500
2015-06-18,36.88265609741211,2999400
2015-06-19,37.06757354736328,4183700
2015-06-22,37.35813522338867,2174900
2015-06-23,37.351531982421875,2163000
2015-06-24,37.34492111206055,4657500
2015-06-25,37.3053092956543,3766700
2015-06-26,37.595863342285156,5394700
2015-06-29,37.02133560180664,3735900
2015-06-30,36.79681396484375,3432100
2015-07-01,37.7015380859375,10353200
2015-07-02,37.675132751464844,8850700
2015-07-06,37.371341705322266,3468700
2015-07-07,38.2298469543457,4285700
2015-07-08,37.897125244140625,3604000
2015-07-09,37.88380813598633,2234600
2015-07-10,38.110069274902344,2011000
2015-07-13,38.27642059326172,2412700
2015-07-14,38.09675598144531,3175400
2015-07-15,37.80396270751953,3591700
2015-07-16,37.95035934448242,2871500
2015-07-17,37.89046859741211,2514600
2015-07-20,37.81726837158203,4683500
2015-07-21,38.07012939453125,4491200
2015-07-22,38.3496208190918,2045300
2015-07-23,37.983642578125,1717900
2015-07-24,37.87716293334961,1994600
2015-07-27,37.90377426147461,2927000
2015-07-28,38.29639434814453,2846300
2015-07-29,38.2564582824707,3360300
2015-07-30,38.768856048583984,2716200
2015-07-31,38.73558807373047,3013900
2015-08-03,39.21470260620117,2593300
2015-08-04,39.254638671875,2502400
2015-08-05,39.5274772644043,2248000
2015-08-06,39.62727737426758,2583700
2015-08-07,39.33448791503906,2325200
2015-08-10,39.5274772644043,1895400
2015-08-11,39.35444641113281,1798000
2015-08-12,39.32783126831055,2881600
2015-08-13,39.18809127807617,2527200
2015-08-14,39.43431854248047,1440500
2015-08-17,39.45426940917969,1484600
2015-08-18,39.22135925292969,2180800
2015-08-19,38.94852828979492,3119500
2015-08-20,38.47606658935547,2668100
2015-08-21,37.40468978881836,4083600
2015-08-24,36.28009033203125,6846800
2015-08-25,36.47307205200195,5662300
2015-08-26,37.1917610168457,5065400
2015-08-27,37.90377426147461,4011200
2015-08-28,38.01689910888672,4289000
2015-08-31,37.770694732666016,3389400
2015-09-01,36.95219039916992,4629300
2015-09-02,37.81061553955078,5751700
2015-09-03,38.33632278442383,5217600
2015-09-04,37.657562255859375,4330200
2015-09-08,38.0368766784668,3844600
2015-09-09,37.125213623046875,4923700
2015-09-10,37.1917610168457,4112800
2015-09-11,37.57770538330078,2623200
2015-09-14,37.32483673095703,3336800
2015-09-15,37.757381439208984,2508100
2015-09-16,38.010250091552734,3031200
2015-09-17,38.24980926513672,2826300
2015-09-18,37.644256591796875,5248100
2015-09-21,37.790653228759766,4194400
2015-09-22,38.01689910888672,5960300
2015-09-23,38.20322036743164,4745600
2015-09-24,37.897125244140625,5120900
2015-09-25,38.21653366088867,4836000
2015-09-28,36.872344970703125,8991100
2015-09-29,36.97215270996094,4037000
2015-09-30,37.35145950317383,4474100
2015-10-01,37.25829315185547,3493600
2015-10-02,37.677528381347656,4062300
2015-10-05,38.07680130004883,4898100
2015-10-06,37.065311431884766,5045400
2015-10-07,37.373863220214844,4356900
2015-10-08,37.88362503051758,2836900
2015-10-09,37.97081756591797,2593900
2015-10-12,38.34644317626953,2357200
2015-10-13,37.95740509033203,2492300
2015-10-14,37.62202835083008,2330700
2015-10-15,37.82997131347656,2137100
2015-10-16,38.192169189453125,2331800
2015-10-19,38.017784118652344,1939100
2015-10-20,37.964111328125,2025200
2015-10-21,38.21898651123047,3316600
2015-10-22,39.728179931640625,4470000
2015-10-23,39.12449264526367,3335100
2015-10-26,39.11107635498047,2385000
2015-10-27,39.05071258544922,2765400
2015-10-28,38.98365020751953,2353700
2015-10-29,39.02389144897461,1620700
2015-10-30,38.9769287109375,2373700
2015-11-02,38.889739990234375,1842500
2015-11-03,38.440338134765625,3530000
2015-11-04,38.42692565917969,2485200
2015-11-05,38.64826965332031,2419200
2015-11-06,37.9506950378418,3318700
2015-11-09,37.85009002685547,3864500
2015-11-10,38.00436019897461,2460300
2015-11-11,38.31960678100586,1907700
2015-11-12,37.69581604003906,2378500
2015-11-13,37.434226989746094,3124800
2015-11-16,38.30619430541992,2771000
2015-11-17,37.68910217285156,4712300
2015-11-18,38.34644317626953,2636100
2015-11-19,38.17204666137695,3296800
2015-11-20,38.064727783203125,2643400
2015-11-23,38.77572250366211,2704700
2015-11-24,38.88304138183594,3217800
2015-11-25,39.06413650512695,1912300
2015-11-27,39.17816925048828,950200
2015-11-30,38.74216842651367,3706300
2015-12-01,39.07754898071289,3413900
2015-12-02,38.762306213378906,2674800
2015-12-03,38.41351318359375,4353500
2015-12-04,39.25194549560547,4048000
2015-12-07,39.29218673706055,3932200
2015-12-08,39.58060836791992,3421500
2015-12-09,39.29218673706055,3309300
2015-12-10,39.42633056640625,2635300
2015-12-11,38.970237731933594,3910400
2015-12-14,39.19157409667969,3637300
2015-12-15,39.27206802368164,3975000
2015-12-16,39.70132827758789,4610700
2015-12-17,38.386680603027344,7538800
2015-12-18,38.192169189453125,6772600
2015-12-21,38.50740432739258,4099300
2015-12-22,39.17816925048828,3037100
2015-12-23,39.520233154296875,3050500
2015-12-24,39.386085510253906,1252400
2015-12-28,39.29218673706055,2344500
2015-12-29,39.49341583251953,2187300
2015-12-30,39.27876663208008,1880600
2015-12-31,38.675113677978516,2341900
2016-01-04,38.540950775146484,4257500
2016-01-05,38.366554260253906,3653800
2016-01-06,38.051307678222656,4709400
2016-01-07,37.2536506652832,5417400
2016-01-08,37.37532043457031,4295600
2016-01-11,37.794429779052734,4830800
2016-01-12,38.105384826660156,3511300
2016-01-13,37.38208770751953,4001800
2016-01-14,37.41588592529297,4465100
2016-01-15,37.00353240966797,6695500
2016-01-19,37.463199615478516,4203700
2016-01-20,36.881858825683594,4257600
2016-01-21,36.58441925048828,4912300
2016-01-22,37.40237045288086,3452200
2016-01-25,37.04408645629883,2848000
2016-01-26,37.26716613769531,2716600
2016-01-27,37.13872146606445,2553500
2016-01-28,37.32124328613281,3283400
2016-01-29,38.20002746582031,4407700
2016-02-01,38.308189392089844,2415700
2016-02-02,37.7200813293457,3177700
2016-02-03,37.6321907043457,3277500
2016-02-04,37.260406494140625,3089100
2016-02-05,37.429405212402344,3245300
2016-02-08,37.665992736816406,3279100
2016-02-09,37.81471633911133,3983100
2016-02-10,37.91611099243164,2991400
2016-02-11,37.84175109863281,3302500
2016-02-12,38.4569091796875,3569800
2016-02-16,38.9774169921875,4095500
2016-02-17,39.3018798828125,5210800
2016-02-18,39.61283493041992,3141200
2016-02-19,39.6939582824707,2626300
2016-02-22,39.45736312866211,3887400
2016-02-23,39.76156997680664,2675300
2016-02-24,39.8561897277832,2683800
2016-02-25,40.65386962890625,3195700
2016-02-26,39.88323211669922,2774700
2016-02-29,39.781837463378906,2804200
2016-03-01,40.13336181640625,2869900
2016-03-02,40.241512298583984,2862700
2016-03-03,40.41726303100586,2272600
2016-03-04,40.694427490234375,2667300
2016-03-07,40.30234909057617,2242700
2016-03-08,40.525421142578125,3333500
2016-03-09,40.85665512084961,3051400
2016-03-10,40.91749954223633,2638800
2016-03-11,41.2757682800293,2794600
2016-03-14,41.160850524902344,1920300
2016-03-15,41.39744567871094,2387400
2016-03-16,41.49884033203125,2458800
2016-03-17,41.76247024536133,3229300
2016-03-18,41.76923370361328,8676300
2016-03-21,41.438011169433594,4670600
2016-03-22,41.09326171875,4229400
2016-03-23,41.241973876953125,5265200
2016-03-24,41.47856521606445,4916300
2016-03-28,41.83007049560547,3444500
2016-03-29,42.54663848876953,6390900
2016-03-30,42.79674530029297,4861200
2016-03-31,42.82378005981445,8874500
2016-04-01,43.91212844848633,7433900
2016-04-04,44.18251037597656,6174600
2016-04-05,43.452449798583984,4835500
2016-04-06,43.35780715942383,5110500
2016-04-07,42.97651672363281,4445900
2016-04-08,43.09908676147461,3470900
2016-04-11,42.8131217956543,3295900
2016-04-12,43.2080192565918,3606400
2016-04-13,42.68375778198242,2559100
2016-04-14,42.28884506225586,2687300
2016-04-15,42.52033996582031,2960500
2016-04-18,42.57481002807617,3185900
2016-04-19,42.472686767578125,2135100
2016-04-20,41.96883773803711,2464800
2016-04-21,40.93391418457031,3570000
2016-04-22,41.23349380493164,3207100
2016-04-25,41.5943489074707,2258700
2016-04-26,41.33563232421875,2164200
2016-04-27,41.6215934753418,2685500
2016-04-28,41.710113525390625,2166100
2016-04-29,41.76457214355469,2703200
2016-05-02,42.363739013671875,2848500
2016-05-03,41.97564697265625,2731500
2016-05-04,42.036922454833984,2648100
2016-05-05,42.26841735839844,3084800
2016-05-06,42.28884506225586,2271900
2016-05-09,42.71097183227539,2418900
2016-05-10,43.39186477661133,3245700
2016-05-11,43.58250427246094,3449800
2016-05-12,44.06591796875,2563800
2016-05-13,43.92974090576172,2763800
2016-05-16,43.96378707885742,2274800
2016-05-17,42.88800811767578,3497200
2016-05-18,42.479488372802734,3023600
2016-05-19,42.8403434753418,2577100
2016-05-20,42.52033996582031,3313300
2016-05-23,42.69055938720703,2127200
2016-05-24,42.48629379272461,4197400
2016-05-25,42.45907974243164,2631400
2016-05-26,42.80630874633789,1776300
2016-05-27,42.80630874633789,1634100
2016-05-31,42.745025634765625,3160700
2016-06-01,43.010562896728516,2538500
2016-06-02,43.051422119140625,1593600
2016-06-03,43.364627838134766,1979900
2016-06-06,43.28972625732422,1649200
2016-06-07,43.58929443359375,2000500
2016-06-08,43.86164474487305,2323200
2016-06-09,44.48806381225586,2460600
2016-06-10,44.53572463989258,2677100
2016-06-13,44.1544303894043,2400100
2016-06-14,44.283790588378906,2671400
2016-06-15,44.18165969848633,2042400
2016-06-16,44.787635803222656,2147100
2016-06-17,44.80805587768555,3331300
2016-06-20,44.8557243347168,2321600
2016-06-21,45.291473388671875,3132800
2016-06-22,45.20977783203125,2630200
2016-06-23,45.461708068847656,2107800
2016-06-24,45.03276443481445,4836000
2016-06-27,45.06678771972656,4252300
2016-06-28,44.77402114868164,4961400
2016-06-29,46.20384979248047,7759700
2016-06-30,48.55965805053711,12380000
2016-07-01,48.98180389404297,6075900
2016-07-05,49.0975341796875,4806000
2016-07-06,49.403934478759766,7086800
2016-07-07,49.362796783447266,4383900
2016-07-08,49.66437911987305,4234100
2016-07-11,49.21888732910156,3559900
2016-07-12,48.951576232910156,3486500
2016-07-13,49.3079833984375,2852100
2016-07-14,49.410789489746094,2689500
2016-07-15,49.362796783447266,2848900
2016-07-18,49.541011810302734,2217100
2016-07-19,49.78777313232422,1996200
2016-07-20,49.143470764160156,2841000
2016-07-21,48.807621002197266,3008800
2016-07-22,48.814491271972656,3079200
2016-07-25,49.136619567871094,2574700
2016-07-26,48.855621337890625,2592100
2016-07-27,48.35528564453125,4578300
2016-07-28,48.89673614501953,2724500
2016-07-29,49.27371597290039,2728800
2016-08-01,49.09550857543945,3417600
2016-08-02,48.64314270019531,4370300
2016-08-03,47.82752227783203,5387400
2016-08-04,48.31412887573242,4234700
2016-08-05,48.35528564453125,2539200
2016-08-08,48.410099029541016,2428700
2016-08-09,48.615718841552734,2333000
2016-08-10,48.704837799072266,2189600
2016-08-11,48.711673736572266,2212700
2016-08-12,48.78021240234375,1871300
2016-08-15,48.69110870361328,2096200
2016-08-16,48.32100296020508,2642300
2016-08-17,48.36212921142578,3923300
2016-08-18,48.848758697509766,2517000
2016-08-19,48.97212219238281,2543700
2016-08-22,49.04752731323242,2277400
2016-08-23,48.732234954833984,2270300
2016-08-24,48.663700103759766,2494700
2016-08-25,48.930999755859375,3197300
2016-08-26,48.57460021972656,1975300
2016-08-29,48.951576232910156,2489600
2016-08-30,48.32786178588867,4402700
2016-08-31,48.54032897949219,3776200
2016-09-01,48.053688049316406,4253500
2016-09-02,48.62257766723633,2446600
2016-09-06,48.595176696777344,3566500
2016-09-07,46.504676818847656,6769900
2016-09-08,46.244224548339844,4110500
2016-09-09,44.58553695678711,6391300
2016-09-12,45.42859649658203,4290800
2016-09-13,44.96250915527344,3536400
2016-09-14,44.880271911621094,3010700
2016-09-15,44.92139434814453,2821300
2016-09-16,44.68149948120117,3705300
2016-09-19,44.69519805908203,2546000
2016-09-20,44.34565734863281,3527600
2016-09-21,44.729488372802734,5468900
2016-09-22,44.59239959716797,4140200
2016-09-23,44.31139373779297,3252600
2016-09-26,43.79732131958008,3176500
2016-09-27,43.811031341552734,2693100
2016-09-28,43.92070007324219,2474900
2016-09-29,43.632835388183594,3006600
2016-09-30,43.78363037109375,3328400
2016-10-03,43.78363037109375,2758800
2016-10-04,43.21473693847656,3618000
2016-10-05,43.069705963134766,5118100
2016-10-06,43.11113739013672,3091400
2016-10-07,42.91084671020508,2759300
2016-10-10,43.12494659423828,2847000
2016-10-11,42.786529541015625,3007500
2016-10-12,42.91084671020508,2832500
2016-10-13,42.9730110168457,2683200
2016-10-14,42.669124603271484,3337200
2016-10-17,42.662208557128906,3404100
2016-10-18,42.75889587402344,5041300
2016-10-19,42.524078369140625,4423300
2016-10-20,42.13039016723633,4403100
2016-10-21,41.93010330200195,3710000
2016-10-24,42.054420471191406,3040500
2016-10-25,42.199459075927734,2012000
2016-10-26,42.01987838745117,1852600
2016-10-27,41.937007904052734,2277500
2016-10-28,42.58623504638672,2750100
2016-10-31,42.80724334716797,2745300
2016-11-01,42.56550979614258,3449700
2016-11-02,42.392845153808594,2889600
2016-11-03,42.21327590942383,2317100
2016-11-04,41.888668060302734,2578300
2016-11-07,42.70364761352539,3173900
2016-11-08,44.00209045410156,4599900
2016-11-09,43.3321533203125,4893200
2016-11-10,42.17874526977539,6338200
2016-11-11,42.15802001953125,3329700
2016-11-14,42.268531799316406,3466500
2016-11-15,42.33759689331055,3852400
2016-11-16,42.309967041015625,3284300
2016-11-17,42.3790397644043,2902900
2016-11-18,42.309967041015625,2227900
2016-11-21,42.56550979614258,2392800
2016-11-22,43.29071807861328,2739500
2016-11-23,42.46190643310547,2557400
2016-11-25,43.02825164794922,1069500
2016-11-28,42.876312255859375,2206300
2016-11-29,43.27689743041992,3143600
2016-11-30,42.08896255493164,5940000
2016-12-01,41.84722900390625,3215100
2016-12-02,42.08896255493164,2349200
2016-12-05,42.22018051147461,2133000
2016-12-06,42.151119232177734,1821400
2016-12-07,43.50481033325195,3564600
2016-12-08,43.152565002441406,2646200
2016-12-09,43.64985656738281,1938500
2016-12-12,44.11259460449219,1802600
2016-12-13,44.02280807495117,3113000
2016-12-14,43.421939849853516,2594100
2016-12-15,43.38739776611328,2963700
2016-12-16,43.8570442199707,3883900
2016-12-19,43.55317306518555,2913300
2016-12-20,42.44119644165039,6168100
2016-12-21,43.09041976928711,4290200
2016-12-22,43.138763427734375,2645300
2016-12-23,42.93157196044922,1460100
2016-12-27,42.95918273925781,1599700
2016-12-28,42.74508285522461,1701700
2016-12-29,43.069705963134766,1483300
2016-12-30,42.662208557128906,1937700
2017-01-03,42.88321304321289,2327900
2017-01-04,42.86941909790039,2137200
2017-01-05,42.99372482299805,2558500
2017-01-06,42.784912109375,2282000
2017-01-09,42.15153884887695,3408900
2017-01-10,42.07495880126953,3244300
2017-01-11,42.44386291503906,3374000
2017-01-12,42.645713806152344,2961800
2017-01-13,42.51347351074219,1853800
2017-01-17,43.1398811340332,2775100
2017-01-18,43.20949172973633,2116400
2017-01-19,42.91019821166992,2421500
2017-01-20,43.446144104003906,3104000
2017-01-23,43.23733139038086,2837400
2017-01-24,43.620147705078125,2632500
2017-01-25,43.8568000793457,2681400
2017-01-26,43.641029357910156,1957100
2017-01-27,43.65494918823242,1845100
2017-01-30,43.57143020629883,1692300
2017-01-31,43.48789596557617,3543600
2017-02-01,42.71531677246094,2644100
2017-02-02,42.958919525146484,2167900
2017-02-03,43.66190719604492,2532400
2017-02-06,42.7640380859375,2335600
2017-02-07,43.02851867675781,1622800
2017-02-08,43.30693435668945,1682200
2017-02-09,43.891605377197266,2509300
2017-02-10,43.68280029296875,1977900
2017-02-13,43.77327346801758,1843600
2017-02-14,43.912479400634766,3639700
2017-02-15,43.98208236694336,2651400
2017-02-16,42.833648681640625,6019600
2017-02-17,41.22581100463867,11680900
2017-02-21,42.471710205078125,7527700
2017-02-22,42.17240905761719,3327000
2017-02-23,42.304649353027344,2499900
2017-02-24,42.71531677246094,2594300
2017-02-27,41.71999740600586,3803800
2017-02-28,42.019283294677734,3654100
2017-03-01,42.14456558227539,3178700
2017-03-02,42.3951416015625,3826700
2017-03-03,42.26984405517578,1891300
2017-03-06,42.06104278564453,2246100
2017-03-07,41.935752868652344,2282400
2017-03-08,41.810482025146484,2114800
2017-03-09,42.200252532958984,2272100
2017-03-10,42.15848922729492,2745300
2017-03-13,42.12369155883789,2988300
2017-03-14,42.0819206237793,1710500
2017-03-15,42.56914520263672,4713100
2017-03-16,42.32553482055664,4250100
2017-03-17,42.221134185791016,10957800
2017-03-20,41.942710876464844,4817600
2017-03-21,41.59469985961914,5442300
2017-03-22,41.023963928222656,5135300
2017-03-23,41.32325744628906,2982100
2017-03-24,41.17708206176758,3070900
2017-03-27,40.919551849365234,3263800
2017-03-28,41.07267761230469,2517900
2017-03-29,41.371971130371094,2505500
2017-03-30,41.11444091796875,1936200
2017-03-31,41.07267761230469,2506800
2017-04-03,40.752506256103516,3398400
2017-04-04,40.634185791015625,3430300
2017-04-05,40.54369354248047,3185000
2017-04-06,40.48755645751953,3471100
2017-04-07,40.45948791503906,2217200
2017-04-10,40.36825180053711,2483400
2017-04-11,40.298072814941406,2494700
2017-04-12,40.410362243652344,3230500
2017-04-13,40.12260818481445,2226400
2017-04-17,40.42438507080078,2333100
2017-04-18,40.817405700683594,3223700
2017-04-19,40.59282684326172,2464100
2017-04-20,40.62089157104492,2967000
2017-04-21,40.515628814697266,2219700
2017-04-24,40.803375244140625,2638900
2017-04-25,40.87355422973633,2549800
2017-04-26,40.62089157104492,2401900
2017-04-27,40.291053771972656,2393000
2017-04-28,40.36124038696289,3564900
2017-05-01,39.72257614135742,3035900
2017-05-02,39.24534225463867,4419900
2017-05-03,39.33658218383789,3473900
2017-05-04,40.03839111328125,19747400
2017-05-05,40.21384048461914,3745900
2017-05-08,40.28402328491211,2982400
2017-05-09,39.5611686706543,4154600
2017-05-10,39.54011154174805,3914500
2017-05-11,39.48395919799805,3963700
2017-05-12,39.47694778442383,2316200
2017-05-15,39.554141998291016,2239100
2017-05-16,39.364646911621094,2303400
2017-05-17,39.32254409790039,2786700
2017-05-18,39.23832321166992,3304400
2017-05-19,39.46290969848633,3748600
2017-05-22,39.79977798461914,3703000
2017-05-23,39.785736083984375,2544200
2017-05-24,39.94013595581055,2388300
2017-05-25,39.884002685546875,2115500
2017-05-26,40.22787094116211,2920400
2017-05-30,39.7015266418457,5513700
2017-05-31,39.82084274291992,6567500
2017-06-01,40.3892936706543,3283900
2017-06-02,40.3892936706543,3544900
2017-06-05,40.31209182739258,2734200
2017-06-06,40.375267028808594,3384200
2017-06-07,40.49457931518555,3034700
2017-06-08,40.143680572509766,3650800
2017-06-09,40.06647491455078,2866000
2017-06-12,40.17174530029297,3851800
2017-06-13,40.824424743652344,4012700
2017-06-14,41.23147201538086,6702700
2017-06-15,41.28763198852539,4683600
2017-06-16,40.07349395751953,7376700
2017-06-19,40.08751678466797,3401000
2017-06-20,39.82084274291992,2313700
2017-06-21,39.448875427246094,2691100
2017-06-22,39.30149459838867,3037500
2017-06-23,39.25938415527344,5621900
2017-06-26,39.420806884765625,3095100
2017-06-27,38.96462631225586,4248800
2017-06-28,39.59624099731445,6688600
2017-06-29,38.578636169433594,6560700
2017-06-30,38.880401611328125,4250800
2017-07-03,38.72600555419922,2083100
2017-07-05,38.466346740722656,4845500
2017-07-06,38.11226272583008,5105600
2017-07-07,37.97771453857422,3825200
2017-07-10,37.814849853515625,3209300
2017-07-11,37.906898498535156,7055300
2017-07-12,37.843170166015625,3962400
2017-07-13,37.729862213134766,3247000
2017-07-14,38.05561447143555,2853600
2017-07-17,38.3459587097168,7040800
2017-07-18,38.00605392456055,3985800
2017-07-19,38.13351058959961,2880200
2017-07-20,38.360111236572266,3947500
2017-07-21,38.48757553100586,3664500
2017-07-24,38.57963943481445,4570000
2017-07-25,39.03285217285156,3129100
2017-07-26,39.03993225097656,3402100
2017-07-27,39.294857025146484,3837200
2017-07-28,39.18156433105469,2409500
2017-07-31,39.415252685546875,3782800
2017-08-01,39.089508056640625,3727900
2017-08-02,39.70558547973633,6152900
2017-08-03,39.81181716918945,3970600
2017-08-04,39.776405334472656,5578300
2017-08-07,39.925106048583984,3412600
2017-08-08,39.50021743774414,3124900
2017-08-09,39.49313735961914,2660400
2017-08-10,39.86137771606445,3668200
2017-08-11,40.073822021484375,3702000
2017-08-14,40.64741134643555,3509600
2017-08-15,40.58368682861328,4509500
2017-08-16,40.739479064941406,2792800
2017-08-17,40.76780700683594,4338300
2017-08-18,40.46329879760742,4595600
2017-08-21,40.56951904296875,2914800
2017-08-22,40.71822738647461,1926800
2017-08-23,40.845706939697266,3344100
2017-08-24,39.42941665649414,4606500
2017-08-25,38.962039947509766,3735600
2017-08-28,38.43800735473633,3675500
2017-08-29,38.19017791748047,4260900
2017-08-30,38.06269454956055,3923500
2017-08-31,37.71570587158203,6367700
2017-09-01,38.04145431518555,3912400
2017-09-05,38.04145431518555,4257200
2017-09-06,38.73543167114258,5716000
2017-09-07,38.70710754394531,4754100
2017-09-08,39.19572830200195,3388500
2017-09-11,39.50021743774414,2869500
2017-09-12,39.34443664550781,2900400
2017-09-13,39.15324020385742,2253800
2017-09-14,38.9832763671875,3128100
2017-09-15,39.51438903808594,4350200
2017-09-18,39.96051788330078,4519400
2017-09-19,39.21696472167969,6223900
2017-09-20,36.943824768066406,16077000
2017-09-21,36.60392379760742,6509600
2017-09-22,36.27817916870117,4499100
2017-09-25,37.014644622802734,4141400
2017-09-26,36.802207946777344,2782900
2017-09-27,37.12794494628906,4358800
2017-09-28,37.007564544677734,2755400
2017-09-29,36.65349197387695,4430700
2017-10-02,36.68889236450195,4336100
2017-10-03,36.34191131591797,3435800
2017-10-04,36.83051681518555,5458900
2017-10-05,36.88718032836914,3229900
2017-10-06,36.74420166015625,2606100
2017-10-09,35.87921142578125,4798000
2017-10-10,36.422508239746094,3458700
2017-10-11,36.36532211303711,3992800
2017-10-12,36.65127182006836,3399200
2017-10-13,36.83713150024414,3619400
2017-10-16,37.037288665771484,2650700
2017-10-17,36.95866012573242,3049500
2017-10-18,37.35184860229492,5962900
2017-10-19,37.19457244873047,3903800
2017-10-20,37.180274963378906,3372400
2017-10-23,36.937225341796875,2992300
2017-10-24,37.02299499511719,3049000
2017-10-25,36.83713150024414,2752200
2017-10-26,37.00156021118164,3248500
2017-10-27,36.8657341003418,2096700
2017-10-30,36.21520233154297,5329400
2017-10-31,37.115936279296875,4668300
2017-11-01,37.19457244873047,2647700
2017-11-02,37.00156021118164,2665400
2017-11-03,36.70130920410156,1955000
2017-11-06,35.81487274169922,3778900
2017-11-07,36.43682098388672,3655500
2017-11-08,37.34469223022461,3989900
2017-11-09,37.0158576965332,3907600
2017-11-10,38.08815383911133,5059000
2017-11-13,37.86655044555664,3453800
2017-11-14,38.68865203857422,5395400
2017-11-15,37.551998138427734,4864000
2017-11-16,38.366966247558594,3355300
2017-11-17,38.40270233154297,4463500
2017-11-20,38.77443313598633,3728100
2017-11-21,38.259727478027344,3928800
2017-11-22,38.35265350341797,2186500
2017-11-24,38.35265350341797,1036300
2017-11-27,38.638607025146484,3058000
2017-11-28,39.20335388183594,3947900
2017-11-29,40.275657653808594,5637700
2017-11-30,40.43292999267578,6381600
2017-12-01,40.361427307128906,4289500
2017-12-04,41.36225509643555,6296100
2017-12-05,40.926177978515625,4209800
2017-12-06,41.040557861328125,2973400
2017-12-07,40.52585220336914,3129900
2017-12-08,39.918212890625,3991000
2017-12-11,39.95395278930664,3303400
2017-12-12,40.07548904418945,2785900
2017-12-13,40.36858367919922,4274100
2017-12-14,40.12552261352539,2842700
2017-12-15,40.668827056884766,9335800
2017-12-18,41.31936264038086,5170400
2017-12-19,41.19782257080078,5604900
2017-12-20,42.00563430786133,6879100
2017-12-21,42.556087493896484,7547600
2017-12-22,42.98500442504883,6498100
2017-12-26,42.97785186767578,2224600
2017-12-27,43.020748138427734,2292400
2017-12-28,42.57038879394531,2237800
2017-12-29,42.38451385498047,2450700
2018-01-02,42.20579528808594,4103600
2018-01-03,41.98418045043945,3118800
2018-01-04,42.47029113769531,3211100
2018-01-05,42.83487319946289,2308100
2018-01-08,42.97785186767578,3332700
2018-01-09,42.754425048828125,2865600
2018-01-10,42.257110595703125,3097200
2018-01-11,41.86791229248047,2878400
2018-01-12,41.69493865966797,2585300
2018-01-16,42.11296081542969,3961500
2018-01-17,42.610267639160156,3186500
2018-01-18,42.27872848510742,2298800
2018-01-19,42.60306930541992,4130400
2018-01-22,43.078739166259766,3154700
2018-01-23,43.09317398071289,2682900
2018-01-24,43.042724609375,4391300
2018-01-25,43.34542465209961,2352100
2018-01-26,43.3886833190918,5439000
2018-01-29,42.94181442260742,2263400
2018-01-30,42.2210693359375,3177000
2018-01-31,42.15620422363281,3535200
2018-02-01,41.716552734375,3538500
2018-02-02,40.32551956176758,4130200
2018-02-05,38.927276611328125,4534600
2018-02-06,40.2029914855957,5553300
2018-02-07,39.38855743408203,3502600
2018-02-08,38.91286849975586,3359600
2018-02-09,39.43900680541992,3037500
2018-02-12,39.58315658569336,2589900
2018-02-13,39.48944854736328,2069600
2018-02-14,40.383174896240234,3233600
2018-02-15,41.003021240234375,2636600
2018-02-16,40.671470642089844,3423500
2018-02-20,40.32551956176758,4500200
2018-02-21,39.26603698730469,5077300
2018-02-22,39.60478210449219,3589500
2018-02-23,38.18491744995117,11895800
2018-02-26,37.060550689697266,10259900
2018-02-27,36.59928512573242,11478700
2018-02-28,36.433509826660156,7330400
2018-03-01,36.44792175292969,8649300
2018-03-02,36.714599609375,3815300
2018-03-05,36.48396682739258,5695200
2018-03-06,36.801090240478516,6230600
2018-03-07,36.801090240478516,4674400
2018-03-08,37.26236343383789,4088400
2018-03-09,37.082176208496094,2701800
2018-03-12,37.45697021484375,3644700
2018-03-13,37.47138595581055,4207500
2018-03-14,37.34164810180664,4577700
2018-03-15,36.7073860168457,5328700
2018-03-16,36.39027404785156,8455200
2018-03-19,36.18846130371094,4930800
2018-03-20,35.98665237426758,6444000
2018-03-21,32.800968170166016,25201900
2018-03-22,32.036983489990234,11606900
2018-03-23,31.864002227783203,10248600
2018-03-26,32.64962387084961,9082700
2018-03-27,32.656822204589844,9419100
2018-03-28,31.964900970458984,19133200
2018-03-29,32.476646423339844,7767500
2018-04-02,31.777515411376953,9616600
2018-04-03,31.928869247436523,6313900
2018-04-04,32.7000617980957,10253000
2018-04-05,32.74331283569336,5409500
2018-04-06,32.772151947021484,6369100
2018-04-09,32.75028991699219,5040700
2018-04-10,32.42970275878906,6704700
2018-04-11,32.69200134277344,4316300
2018-04-12,32.480709075927734,3888900
2018-04-13,32.6409912109375,4340400
2018-04-16,32.96158218383789,3585400
2018-04-17,32.97614669799805,3757600
2018-04-18,32.589996337890625,3768600
2018-04-19,32.07997512817383,8286900
2018-04-20,31.628250122070312,5464700
2018-04-23,32.46613693237305,5166100
2018-04-24,32.327701568603516,6492500
2018-04-25,32.0872688293457,5908600
2018-04-26,32.327701568603516,4440600
2018-04-27,32.436988830566406,3601900
2018-04-30,31.86869239807129,4635400
2018-05-01,31.730243682861328,4366000
2018-05-02,30.957948684692383,5543800
2018-05-03,30.025333404541016,9867100
2018-05-04,30.994380950927734,6150700
2018-05-07,30.848661422729492,4190800
2018-05-08,30.819507598876953,3704400
2018-05-09,30.972515106201172,2989900
2018-05-10,31.05265235900879,3703300
2018-05-11,31.081806182861328,3249400
2018-05-14,30.987079620361328,4398800
2018-05-15,30.957948684692383,4588600
2018-05-16,31.36595916748047,3468500
2018-05-17,31.191099166870117,3686700
2018-05-18,30.469791412353516,7512300
2018-05-21,30.4333553314209,4815600
2018-05-22,30.549930572509766,5184100
2018-05-23,30.812227249145508,3853300
2018-05-24,30.746660232543945,4104200
2018-05-25,31.067235946655273,3901400
2018-05-29,30.950654983520508,5404800
2018-05-30,31.25666618347168,5289200
2018-05-31,30.812227249145508,10900400
2018-06-01,31.038087844848633,4189800
2018-06-04,31.533533096313477,5105900
2018-06-05,30.957948684692383,6784300
2018-06-06,31.038087844848633,4650600
2018-06-07,30.7612361907959,8108400
2018-06-08,31.26395034790039,5084700
2018-06-11,32.36412811279297,8167600
2018-06-12,32.436988830566406,5146000
2018-06-13,32.50985336303711,5782400
2018-06-14,32.42970275878906,5219700
2018-06-15,33.10000991821289,12354100
2018-06-18,32.589996337890625,8514000
2018-06-19,32.77214813232422,4150000
2018-06-20,32.69200134277344,4102900
2018-06-21,32.764854431152344,3882200
2018-06-22,32.94701385498047,5853700
2018-06-25,33.52259826660156,6909700
2018-06-26,33.559024810791016,7207700
2018-06-27,33.3185920715332,11075500
2018-06-28,32.55356979370117,7967500
2018-06-29,32.24756622314453,6546600
2018-07-02,31.65010643005371,7075600
2018-07-03,31.715669631958008,3167600
2018-07-05,32.67013168334961,6755300
2018-07-06,32.81585693359375,4302600
2018-07-09,32.639076232910156,3777200
2018-07-10,32.91897201538086,6012200
2018-07-11,32.91897201538086,4057300
2018-07-12,32.837947845458984,4524800
2018-07-13,33.08103942871094,2922300
2018-07-16,32.38125228881836,3954200
2018-07-17,32.58015823364258,3485800
2018-07-18,31.74041175842285,4526400
2018-07-19,31.931913375854492,4363800
2018-07-20,31.939298629760742,3427400
2018-07-23,31.59308624267578,2988000
2018-07-24,31.74041175842285,4801600
2018-07-25,32.079254150390625,3375900
2018-07-26,32.53594970703125,3849900
2018-07-27,33.13260269165039,5342300
2018-07-30,33.82500076293945,5746400
2018-07-31,33.92814254760742,7127700
2018-08-01,33.20625686645508,5684200
2018-08-02,33.69242477416992,5298600
2018-08-03,34.79733657836914,8204100
2018-08-06,34.694210052490234,4034300
2018-08-07,34.23750686645508,4347400
2018-08-08,33.30939865112305,6007900
2018-08-09,33.34621810913086,2498100
2018-08-10,33.27992248535156,2566300
2018-08-13,33.49353790283203,3489500
2018-08-14,33.73661804199219,3093900
2018-08-15,34.05335235595703,4976800
2018-08-16,34.32589340209961,4127700
2018-08-17,34.77522659301758,3374000
2018-08-20,35.04777526855469,3717700
2018-08-21,33.97969436645508,3774600
2018-08-22,33.69978713989258,2936200
2018-08-23,33.5819206237793,2788000
2018-08-24,33.86920928955078,2231400
2018-08-27,33.78817367553711,2179700
2018-08-28,33.427249908447266,2499700
2018-08-29,33.648216247558594,2275500
2018-08-30,33.61875915527344,2681000
2018-08-31,33.89131546020508,3628900
2018-09-04,33.82500076293945,4056400
2018-09-05,33.552467346191406,6033200
2018-09-06,34.627906799316406,4913000
2018-09-07,35.025691986083984,3982900
2018-09-10,34.937286376953125,3285900
2018-09-11,34.436397552490234,4303600
2018-09-12,34.996219635009766,2651300
2018-09-13,35.05514907836914,3015900
2018-09-14,35.173004150390625,4884200
2018-09-17,35.18773651123047,7788400
2018-09-18,32.50648498535156,16268000
2018-09-19,32.60960006713867,10130000
2018-09-20,32.68326187133789,6018800
2018-09-21,32.74955749511719,8076200
2018-09-24,32.418094635009766,3365600
2018-09-25,32.24867248535156,3735500
2018-09-26,32.18974685668945,3669500
2018-09-27,31.696212768554688,4580400
2018-09-28,31.61518096923828,4950000
2018-10-01,31.431034088134766,5797200
2018-10-02,31.836166381835938,4008900
2018-10-03,31.674110412597656,4350500
2018-10-04,31.924564361572266,3368100
2018-10-05,32.03504943847656,4341100
2018-10-08,32.69799041748047,4931600
2018-10-09,32.243656158447266,3639200
2018-10-10,32.727787017822266,6114800
2018-10-11,31.91593360900879,5175900
2018-10-12,32.10212326049805,4272300
2018-10-15,32.45220947265625,3148600
2018-10-16,33.048072814941406,4004400
2018-10-17,32.817169189453125,2857200
2018-10-18,32.51179504394531,3092900
2018-10-19,33.174686431884766,3852000
2018-10-22,32.88420486450195,3436500
2018-10-23,33.137451171875,4377600
2018-10-24,33.38324737548828,4000800
2018-10-25,33.12255096435547,4140800
2018-10-26,32.41496658325195,5142600
2018-10-29,32.87675476074219,5483700
2018-10-30,33.88972091674805,7296600
2018-10-31,32.62351608276367,6805400
2018-11-01,33.01082229614258,4365500
2018-11-02,31.409440994262695,9583100
2018-11-05,32.00531768798828,5852700
2018-11-06,32.63842010498047,3773300
2018-11-07,32.66075897216797,3631700
2018-11-08,33.10020065307617,3676800
2018-11-09,33.748207092285156,4825500
2018-11-12,34.02378845214844,4211500
2018-11-13,33.87482833862305,3719500
2018-11-14,33.74076461791992,3837600
2018-11-15,33.68861770629883,4013400
2018-11-16,32.90657043457031,6056400
2018-11-19,32.94380187988281,6875900
2018-11-20,32.90657043457031,3717300
2018-11-21,32.258548736572266,4111900
2018-11-23,32.3032341003418,1114600
2018-11-26,31.565868377685547,4636800
2018-11-27,31.617996215820312,4094100
2018-11-28,31.193450927734375,5269500
2018-11-29,31.43923568725586,6458000
2018-11-30,31.513721466064453,6085200
2018-12-03,30.910411834716797,7978500
2018-12-04,29.994272232055664,8535300
2018-12-06,29.592056274414062,12064800
2018-12-07,28.661022186279297,10226800
2018-12-10,28.705711364746094,6664800
2018-12-11,28.84722900390625,6570100
2018-12-12,28.72061538696289,9250000
2018-12-13,28.39288902282715,7061000
2018-12-14,27.84172248840332,6719500
2018-12-17,27.365026473999023,8633300
2018-12-18,27.335229873657227,8108700
2018-12-19,28.713167190551758,14213500
2018-12-20,29.100475311279297,10024600
2018-12-21,28.906822204589844,13092200
2018-12-24,27.998130798339844,3958000
2018-12-26,28.6163330078125,6692700
2018-12-27,29.0706844329834,8036100
2018-12-28,28.869577407836914,5779600
2018-12-31,29.003644943237305,5292900
2019-01-02,28.623790740966797,6478900
2019-01-03,29.0706844329834,6359800
2019-01-04,29.65909767150879,6326100
2019-01-07,30.150680541992188,5695600
2019-01-08,30.605039596557617,6609400
2019-01-09,30.469341278076172,4521300
2019-01-10,31.22315788269043,8279800
2019-01-11,31.509618759155273,7417400
2019-01-14,31.502073287963867,3874400
2019-01-15,31.584993362426758,4486300
2019-01-16,31.863910675048828,4905600
2019-01-17,32.39158630371094,4664400
2019-01-18,32.76849365234375,5564800
2019-01-22,32.595115661621094,9260500
2019-01-23,33.17555618286133,5208600
2019-01-24,32.80618667602539,4700400
2019-01-25,32.63279724121094,7013900
2019-01-28,32.828792572021484,3552900
2019-01-29,32.85142135620117,3431900
2019-01-30,32.949405670166016,3140900
2019-01-31,33.499691009521484,4730000
2019-02-01,33.34892272949219,5061700
2019-02-04,33.03986358642578,3462400
2019-02-05,33.62784194946289,4625900
2019-02-06,33.0549430847168,3527100
2019-02-07,33.06248474121094,4021200
2019-02-08,33.13032531738281,3362000
2019-02-11,33.16048049926758,4027900
2019-02-12,33.80121994018555,4349500
2019-02-13,33.522308349609375,2993300
2019-02-14,33.56753158569336,2867700
2019-02-15,33.95197677612305,4188300
2019-02-19,34.47966766357422,5193200
2019-02-20,35.391788482666016,6591700
2019-02-21,35.391788482666016,5108200
2019-02-22,35.11286544799805,9796000
2019-02-25,34.826419830322266,6076800
2019-02-26,35.32394027709961,6002700
2019-02-27,35.497318267822266,5274500
2019-02-28,35.5274658203125,4245600
2019-03-01,35.595314025878906,3342400
2019-03-04,35.26362228393555,3450400
2019-03-05,35.29378128051758,3609800
2019-03-06,35.28623962402344,2905100
2019-03-07,34.977169036865234,3081700
2019-03-08,35.09779739379883,2440800
2019-03-11,35.361629486083984,3158700
2019-03-12,35.30131912231445,3066800
2019-03-13,35.489768981933594,3924200
2019-03-14,35.77622604370117,5222000
2019-03-15,35.81392288208008,8548000
2019-03-18,35.89683151245117,4196200
2019-03-19,35.610382080078125,5196900
2019-03-20,36.40190124511719,12337400
2019-03-21,37.72108459472656,7582700
2019-03-22,38.248748779296875,5314500
2019-03-25,38.51258087158203,3267600
2019-03-26,39.04780197143555,3734600
2019-03-27,38.67089080810547,4201300
2019-03-28,38.81412124633789,4718700
2019-03-29,39.01011657714844,4884900
2019-04-01,38.43720626831055,6089800
2019-04-02,38.429664611816406,4857300
2019-04-03,37.90953063964844,5171100
2019-04-04,37.88691329956055,3342600
2019-04-05,38.354286193847656,3686800
2019-04-08,38.67843246459961,3642500
2019-04-09,38.8382568359375,4412800
2019-04-10,39.234012603759766,4208800
2019-04-11,39.24163818359375,2666400
2019-04-12,39.25685119628906,1959900
2019-04-15,39.3634033203125,2331900
2019-04-16,39.173126220703125,3025000
2019-04-17,39.386234283447266,2420700
2019-04-18,39.3634033203125,2321800
2019-04-22,39.386234283447266,1732000
2019-04-23,38.82303237915039,4866400
2019-04-24,38.571876525878906,5687200
2019-04-25,38.221771240234375,4034800
2019-04-26,38.8839225769043,2812300
2019-04-29,38.76975631713867,2248400
2019-04-30,39.173126220703125,4730600
2019-05-01,39.05136489868164,3563700
2019-05-02,39.0132942199707,2978200
2019-05-03,38.952415466308594,2408000
2019-05-06,39.157901763916016,2224400
2019-05-07,38.96002960205078,3548000
2019-05-08,38.716487884521484,2645100
2019-05-09,39.12746810913086,3621400
2019-05-10,39.226409912109375,2921700
2019-05-13,39.416683197021484,3053600
2019-05-14,39.553688049316406,3254200
2019-05-15,39.888553619384766,2355800
2019-05-16,39.652618408203125,5230400
2019-05-17,39.88094711303711,3954400
2019-05-20,40.11687088012695,4319400
2019-05-21,39.873329162597656,3501400
2019-05-22,40.11687088012695,2876200
2019-05-23,40.664852142333984,6855600
2019-05-24,40.19300079345703,3033900
2019-05-28,38.8839225769043,7617100
2019-05-29,36.722442626953125,11266300
2019-05-30,37.1562614440918,5388800
2019-05-31,37.62812805175781,4499300
2019-06-03,38.54143142700195,4230400
2019-06-04,38.724090576171875,4467300
2019-06-05,39.028526306152344,4372200
2019-06-06,39.066585540771484,3412500
2019-06-07,39.43190383911133,2749000
2019-06-10,39.074195861816406,2718000
2019-06-11,39.85810470581055,4044800
2019-06-12,40.040775299072266,3151800
2019-06-13,40.329986572265625,2496800
2019-06-14,40.64964294433594,2449900
2019-06-17,40.32238006591797,2884000
2019-06-18,39.91899871826172,3015100
2019-06-19,40.58115005493164,3321800
2019-06-20,41.1139030456543,4221000
2019-06-21,40.92363357543945,7342100
2019-06-24,40.84752655029297,3151900
2019-06-25,40.87035369873047,5883400
2019-06-26,39.05136489868164,15537900
2019-06-27,39.74393844604492,5996800
2019-06-28,39.97227478027344,6302200
2019-07-01,40.58875274658203,5734200
2019-07-02,40.75619888305664,3700300
2019-07-03,41.35744857788086,4190800
2019-07-05,41.23567581176758,2955500
2019-07-08,41.1367301940918,3483200
2019-07-09,40.94473648071289,3767000
2019-07-10,41.858699798583984,5428000
2019-07-11,41.1367301940918,5411600
2019-07-12,41.04457092285156,3420500
2019-07-15,40.798797607421875,3792000
2019-07-16,40.59910583496094,5142900
2019-07-17,40.745033264160156,3595800
2019-07-18,40.921688079833984,3415900
2019-07-19,40.529972076416016,2322300
2019-07-22,40.291893005371094,2444400
2019-07-23,40.23811340332031,3013800
2019-07-24,40.583744049072266,3110000
2019-07-25,41.26730728149414,4329100
2019-07-26,41.198177337646484,2788300
2019-07-29,41.244266510009766,2632500
2019-07-30,41.22889709472656,2588500
2019-07-31,40.7911262512207,4185900
2019-08-01,41.48234939575195,4957300
2019-08-02,41.244266510009766,3521400
2019-08-05,40.56071090698242,3763000
2019-08-06,40.33028030395508,3499500
2019-08-07,40.64518356323242,3183200
2019-08-08,41.49005126953125,3147000
2019-08-09,41.41324234008789,2579200
2019-08-12,41.68204116821289,3347600
2019-08-13,41.76653289794922,2970100
2019-08-14,41.298030853271484,3562200
2019-08-15,41.72813415527344,3398600
2019-08-16,42.258087158203125,4339100
2019-08-19,42.39634704589844,4191800
2019-08-20,41.69741439819336,3067100
2019-08-21,41.76653289794922,2843300
2019-08-22,41.99695587158203,2022100
2019-08-23,41.19050598144531,2715900
2019-08-26,41.45931625366211,3758200
2019-08-27,39.86946487426758,6000000
2019-08-28,40.798797607421875,3444700
2019-08-29,40.97544860839844,2194300
2019-08-30,41.321067810058594,3400600
2019-09-03,41.70509338378906,3414900
2019-09-04,41.712772369384766,3766900
2019-09-05,41.59756088256836,2622500
2019-09-06,42.21200180053711,3391800
2019-09-09,42.69587707519531,6216000
2019-09-10,41.88174819946289,4662400
2019-09-11,41.720455169677734,4218100
2019-09-12,41.54380416870117,3246900
2019-09-13,41.45163345336914,2971200
2019-09-16,41.88943099975586,3409800
2019-09-17,42.265777587890625,4909300
2019-09-18,41.88174819946289,6600700
2019-09-19,41.77421951293945,4449200
2019-09-20,41.72813415527344,6122400
2019-09-23,41.397884368896484,2165300
2019-09-24,41.61293411254883,3315100
2019-09-25,41.60524368286133,2830700
2019-09-26,42.23504638671875,2417000
2019-09-27,42.14288330078125,2083500
2019-09-30,42.334896087646484,2609000
2019-10-01,41.77421951293945,2448400
2019-10-02,40.637508392333984,3764500
2019-10-03,40.99081039428711,2953700
2019-10-04,41.70509338378906,4293800
2019-10-07,41.858699798583984,2377900
2019-10-08,41.58988571166992,3465500
2019-10-09,41.977413177490234,3612000
2019-10-10,42.32619094848633,2623200
2019-10-11,42.12467956542969,3114200
2019-10-14,41.86115646362305,4744200
2019-10-15,41.55112838745117,3847800
2019-10-16,40.80707550048828,4073200
2019-10-17,41.047340393066406,3414300
2019-10-18,40.729576110839844,3064400
2019-10-21,40.69856262207031,1927000
2019-10-22,39.59796905517578,4014300
2019-10-23,39.66773223876953,2954300
2019-10-24,39.613468170166016,2314900
2019-10-25,39.148433685302734,2898000
2019-10-28,38.75315475463867,3350600
2019-10-29,39.10968780517578,3127900
2019-10-30,39.30344772338867,4417500
2019-10-31,39.41970443725586,3711000
2019-11-01,39.66773223876953,2746600
2019-11-04,39.82273483276367,2526300
2019-11-05,39.985504150390625,3022800
2019-11-06,40.66756057739258,4153600
2019-11-07,40.287776947021484,3273400
2019-11-08,40.69081497192383,2656300
2019-11-11,40.582305908203125,2362900
2019-11-12,40.582305908203125,1958700
2019-11-13,40.7683219909668,2407800
2019-11-14,40.71406173706055,1850000
2019-11-15,40.73731231689453,2098500
2019-11-18,40.99308395385742,1987400
2019-11-19,41.00859832763672,2484700
2019-11-20,41.21010208129883,2240100
2019-11-21,40.566802978515625,1797100
2019-11-22,40.838069915771484,2097600
2019-11-25,40.86133575439453,2496300
2019-11-26,41.310874938964844,2533900
2019-11-27,41.45037078857422,1884100
2019-11-29,41.32636642456055,1144300
2019-12-02,41.45037078857422,2339500
2019-12-03,41.5821418762207,3607400
2019-12-04,41.310874938964844,3146700
2019-12-05,41.775901794433594,3123800
2019-12-06,41.31861114501953,2815000
2019-12-09,41.20235824584961,2766900
2019-12-10,41.26435852050781,3566500
2019-12-11,39.97776412963867,5365200
2019-12-12,40.03976821899414,4398700
2019-12-13,39.993255615234375,4405300
2019-12-16,40.597808837890625,5553600
2019-12-17,40.43504333496094,4612600
2019-12-18,41.217857360839844,9596200
2019-12-19,41.23335647583008,5892200
2019-12-20,41.29536056518555,7900100
2019-12-23,40.86133575439453,3088500
2019-12-24,41.06284713745117,811200
2019-12-26,40.628814697265625,2843600
2019-12-27,41.22560501098633,2017400
2019-12-30,40.87683868408203,2578300
2019-12-31,41.51237869262695,3945800
2020-01-02,40.40403366088867,4422100
2020-01-03,40.25678253173828,4718900
2020-01-06,40.76057052612305,3884700
2020-01-07,40.481544494628906,4274300
2020-01-08,41.06284713745117,4143400
2020-01-09,40.97679138183594,3842000
2020-01-10,40.875099182128906,2274400
2020-01-13,41.50875473022461,3670300
2020-01-14,41.46181869506836,3351700
2020-01-15,41.75126266479492,3213100
2020-01-16,42.02506637573242,4395300
2020-01-17,42.126766204833984,3231500
2020-01-21,42.510101318359375,5254100
2020-01-22,42.22846984863281,2976800
2020-01-23,42.43186950683594,2905500
2020-01-24,42.017242431640625,2554400
2020-01-27,41.63393020629883,2547000
2020-01-28,41.469635009765625,2553700
2020-01-29,41.48527526855469,2680000
2020-01-30,42.032894134521484,2802500
2020-01-31,40.85161590576172,4695800
2020-02-03,41.45399856567383,4367100
2020-02-04,41.109798431396484,3889800
2020-02-05,41.11760330200195,4967400
2020-02-06,40.45265197753906,4006900
2020-02-07,40.601287841796875,2470800
2020-02-10,40.96114730834961,2147900
2020-02-11,41.2740592956543,2731900
2020-02-12,41.40706253051758,3174200
2020-02-13,41.45399856567383,2405900
2020-02-14,41.70432662963867,2525400
2020-02-18,41.88426208496094,3181500
2020-02-19,41.64957046508789,4543100
2020-02-20,42.34580993652344,4830500
2020-02-21,42.18153381347656,5010600
2020-02-24,42.02506637573242,4159600
2020-02-25,41.094139099121094,3947500
2020-02-26,40.789039611816406,3366700
2020-02-27,39.22444152832031,5097500
2020-02-28,38.332618713378906,10113000
2020-03-02,40.217960357666016,7603400
2020-03-03,40.40571975708008,7073000
2020-03-04,42.37710189819336,4298100
2020-03-05,42.47880935668945,5406600
2020-03-06,42.84648895263672,6130000
2020-03-09,42.3536376953125,8204100
2020-03-10,42.31451416015625,7927800
2020-03-11,41.36011505126953,8693500
2020-03-12,39.11491775512695,9145700
2020-03-13,41.837318420410156,9723900
2020-03-16,41.75908660888672,13060100
2020-03-17,46.67974090576172,17279000
2020-03-18,45.17772674560547,11170500
2020-03-19,41.99378204345703,7293600
2020-03-20,41.75126266479492,11007300
2020-03-23,36.9870719909668,8448300
2020-03-24,37.73025131225586,7348200
2020-03-25,37.276519775390625,6019500
2020-03-26,39.11491775512695,5600200
2020-03-27,40.538700103759766,6662000
2020-03-30,42.322349548339844,7425700
2020-03-31,41.281883239746094,5795300
2020-04-01,41.555686950683594,4669300
2020-04-02,42.93253707885742,4961400
2020-04-03,44.364139556884766,6876900
2020-04-06,45.13861846923828,6353700
2020-04-07,44.152923583984375,6516000
2020-04-08,43.97930145263672,4553900
2020-04-09,45.29719161987305,4270200
2020-04-13,45.510257720947266,2707300
2020-04-14,46.44144821166992,3999600
2020-04-15,46.59929275512695,3824200
2020-04-16,47.893489837646484,4632800
2020-04-17,47.87771224975586,4952300
2020-04-20,47.94873809814453,4189100
2020-04-21,47.17536926269531,2695000
2020-04-22,47.498924255371094,2816800
2020-04-23,47.1201286315918,3167900
2020-04-24,47.72776794433594,3215300
2020-04-27,47.33319854736328,3134100
2020-04-28,48.1065559387207,4588400
2020-04-29,47.58572006225586,4115100
2020-04-30,47.262168884277344,3263000
2020-05-01,47.017539978027344,2606300
2020-05-04,47.13591766357422,2266200
2020-05-05,47.19903564453125,2344500
2020-05-06,46.536155700683594,2791600
2020-05-07,46.378326416015625,2576100
2020-05-08,47.159584045410156,2039600
2020-05-11,47.98818588256836,2957900
2020-05-12,49.32973861694336,4541900
2020-05-13,50.15835952758789,5467300
2020-05-14,49.09300231933594,4164000
2020-05-15,49.31396484375,4684900
2020-05-18,48.59584426879883,3334300
2020-05-19,47.92505645751953,2579900
2020-05-20,48.082889556884766,2206100
2020-05-21,47.30952072143555,3384600
2020-05-22,47.317413330078125,2089500
2020-05-26,47.285850524902344,3530600
2020-05-27,47.9960823059082,3316500
2020-05-28,48.85625457763672,2793100
2020-05-29,49.74799346923828,5433800
2020-06-01,50.142574310302734,2524200
2020-06-02,50.04787063598633,3560400
2020-06-03,48.509037017822266,3509200
2020-06-04,47.94873809814453,5792000
2020-06-05,48.13812255859375,5489900
2020-06-08,49.037757873535156,4558400
2020-06-09,49.57438659667969,8080300
2020-06-10,49.542823791503906,4618500
2020-06-11,47.80668640136719,4042700
2020-06-12,47.46735382080078,4259000
2020-06-15,48.0355339050293,5598500
2020-06-16,48.76155471801758,3749000
2020-06-17,48.76944351196289,3290600
2020-06-18,48.737884521484375,2871700
2020-06-19,48.59584426879883,13648500
2020-06-22,48.548492431640625,2297600
2020-06-23,48.13812255859375,3234400
2020-06-24,47.57783126831055,4327600
2020-06-25,47.60939407348633,3076200
2020-06-26,46.725555419921875,5593400
2020-06-29,47.93295669555664,4282300
2020-06-30,48.65107345581055,5646500
2020-07-01,47.68831253051758,6906800
2020-07-02,48.51692199707031,5715000
2020-07-06,49.07721710205078,5791100
2020-07-07,49.700645446777344,4820100
2020-07-08,49.669071197509766,4059900
2020-07-09,49.74862289428711,3289600
2020-07-10,50.5439567565918,3640100
2020-07-13,50.551918029785156,5406300
2020-07-14,51.83241271972656,4604500
2020-07-15,51.37906265258789,3837900
2020-07-16,51.45065689086914,3268600
2020-07-17,51.41088104248047,5570200
2020-07-20,50.61552810668945,3519500
2020-07-21,51.29952621459961,2800200
2020-07-22,51.47451400756836,2030000
2020-07-23,51.689247131347656,2214000
2020-07-24,51.08478546142578,2779400
2020-07-27,50.965484619140625,3150900
2020-07-28,51.33134078979492,2950600
2020-07-29,51.19614028930664,2131000
2020-07-30,50.488285064697266,2663300
2020-07-31,50.321250915527344,7101800
2020-08-03,51.37906265258789,2580400
2020-08-04,52.28575134277344,3823900
2020-08-05,51.235897064208984,2837900
2020-08-06,51.045021057128906,1607200
2020-08-07,51.18022537231445,1847000
2020-08-10,50.703025817871094,2250700
2020-08-11,49.422523498535156,4117400
2020-08-12,50.15423583984375,2131400
2020-08-13,50.08266067504883,1241400
2020-08-14,50.321250915527344,2104000
2020-08-17,51.12455368041992,1910100
2020-08-18,51.40292739868164,2073800
2020-08-19,51.26771926879883,1665000
2020-08-20,51.068885803222656,1266600
2020-08-21,50.917762756347656,1786200
2020-08-24,51.00525665283203,1431000
2020-08-25,50.82233428955078,1735700
2020-08-26,51.1006965637207,2229900
2020-08-27,51.46654510498047,2158800
2020-08-28,50.41669464111328,2982900
2020-08-31,50.86209487915039,2646200
2020-09-01,50.201961517333984,2539000
2020-09-02,51.29952621459961,2669100
2020-09-03,50.08266067504883,3408500
2020-09-04,50.2258186340332,2566400
2020-09-08,47.33872985839844,5062200
2020-09-09,47.70458984375,4654500
2020-09-10,46.519527435302734,3399800
2020-09-11,46.55929946899414,3557400
2020-09-14,46.73426818847656,3679800
2020-09-15,46.94105911254883,2522900
2020-09-16,46.726322174072266,2432400
2020-09-17,45.79576110839844,4270100
2020-09-18,45.5889778137207,4671000
2020-09-21,46.02642059326172,3401200
2020-09-22,46.12186050415039,3821200
2020-09-23,45.9071159362793,5711100
2020-09-24,46.68654251098633,4351700
2020-09-25,47.458038330078125,5859800
2020-09-28,47.640953063964844,2781700
2020-09-29,47.60914611816406,2246100
2020-09-30,49.05667495727539,7706300
2020-10-01,49.764522552490234,6250800
2020-10-02,49.724754333496094,4497500
2020-10-05,49.85200881958008,2519900
2020-10-06,48.69876480102539,3363100
2020-10-07,48.985084533691406,3213400
2020-10-08,49.23369598388672,2459400
2020-10-09,49.618648529052734,3061500
2020-10-12,50.003597259521484,2232000
2020-10-13,50.30034255981445,2934800
2020-10-14,49.79508972167969,1759700
2020-10-15,50.284297943115234,2203100
2020-10-16,50.019649505615234,2884000
2020-10-19,49.153507232666016,2200900
2020-10-20,49.01716613769531,2332100
2020-10-21,48.89686584472656,1551700
2020-10-22,49.16954040527344,1836600
2020-10-23,49.546470642089844,1443600
2020-10-26,48.90488052368164,2652000
2020-10-27,49.01716613769531,2305400
2020-10-28,47.73400115966797,3556200
2020-10-29,47.4933967590332,2567600
2020-10-30,47.413204193115234,2501800
2020-11-02,47.902408599853516,2554700
2020-11-03,48.83271026611328,2149500
2020-11-04,48.495880126953125,2580000
2020-11-05,48.56806564331055,2466200
2020-11-06,48.97706604003906,1986700
2020-11-09,46.80369567871094,4560800
2020-11-10,47.252811431884766,6858600
2020-11-11,48.03071975708008,3771300
2020-11-12,48.51192092895508,4467100
2020-11-13,48.89686584472656,1907500
2020-11-16,49.0893440246582,3620600
2020-11-17,49.14548110961914,3657900
2020-11-18,49.02518081665039,4061800
2020-11-19,49.72291564941406,2551500
2020-11-20,49.20964431762695,3097000
2020-11-23,48.93696212768555,2957300
2020-11-24,48.57607650756836,3728700
2020-11-25,48.11894226074219,3285200
2020-11-27,48.22320556640625,1376100
2020-11-30,48.776580810546875,4468200
2020-12-01,49.16954040527344,3298400
2020-12-02,48.295379638671875,3716300
2020-12-03,48.47181701660156,3162000
2020-12-04,48.47181701660156,3298400
2020-12-07,47.910430908203125,3166600
2020-12-08,48.43974685668945,2626900
2020-12-09,47.58161926269531,3923100
2020-12-10,47.21269989013672,3685100
2020-12-11,47.5735969543457,2351800
2020-12-14,47.5976676940918,3582800
2020-12-15,47.34101867675781,3465200
2020-12-16,47.252811431884766,4057900
2020-12-17,47.878360748291016,5089900
2020-12-18,47.637760162353516,6367400
2020-12-21,47.30894088745117,3196900
2020-12-22,46.99617004394531,2771000
2020-12-23,47.30894088745117,2521100
2020-12-24,47.42122268676758,1127400
2020-12-28,47.5976676940918,2659000
2020-12-29,47.437259674072266,2328900
2020-12-30,46.96409225463867,1955600
2020-12-31,47.156558990478516,3378200
2021-01-04,47.34101867675781,4513500
2021-01-05,47.38914108276367,2739000
2021-01-06,47.26884841918945,3630200
2021-01-07,46.880531311035156,3395700
2021-01-08,45.626609802246094,6715100
2021-01-11,44.95514678955078,5552000
2021-01-12,43.984375,10158700
2021-01-13,44.80953598022461,8174900
2021-01-14,45.100772857666016,6436300
2021-01-15,45.49717330932617,8579300
2021-01-19,45.036048889160156,3898300
2021-01-20,44.76908874511719,4428400
2021-01-21,44.7286376953125,3058600
2021-01-22,45.278743743896484,4745400
2021-01-25,46.840084075927734,6958800
2021-01-26,47.83512878417969,6024900
2021-01-27,48.862545013427734,7344900
2021-01-28,48.02119064331055,7919100
2021-01-29,47.00188064575195,7118900
2021-02-01,46.556941986083984,5139500
2021-02-02,46.613563537597656,3811000
2021-02-03,45.96638107299805,3793400
2021-02-04,46.03110122680664,3195000
2021-02-05,46.43559646606445,3166900
2021-02-08,46.678287506103516,2990500
2021-02-09,46.654014587402344,1744100
2021-02-10,46.993797302246094,2704900
2021-02-11,46.039188385009766,2893100
2021-02-12,46.20907974243164,3422700
2021-02-16,45.537620544433594,4162300
2021-02-17,45.958290100097656,3022700
2021-02-18,46.93716812133789,3027600
2021-02-19,45.70750045776367,3381600
2021-02-22,45.4405403137207,3878900
2021-02-23,45.96638107299805,3249700
2021-02-24,45.46480941772461,3648400
2021-02-25,45.173580169677734,3846800
2021-02-26,44.50212478637695,5642500
2021-03-01,44.283695220947266,5634800
2021-03-02,44.55066680908203,4198600
2021-03-03,44.405052185058594,3459500
2021-03-04,44.7286376953125,5633900
2021-03-05,45.934024810791016,6444300
2021-03-08,46.72682189941406,3993600
2021-03-09,46.43559646606445,3634800
2021-03-10,47.3740119934082,6827700
2021-03-11,47.02615737915039,4993000
2021-03-12,47.52772521972656,4302300
2021-03-15,47.74614715576172,4426300
2021-03-16,48.03738021850586,3880900
2021-03-17,48.04546356201172,3536800
2021-03-18,48.458045959472656,4229700
2021-03-19,48.5955696105957,8212200
2021-03-22,49.71197509765625,6493600
2021-03-23,49.50164031982422,5231700
2021-03-24,47.422550201416016,10643100
2021-03-25,48.15872573852539,6369200
2021-03-26,49.32365798950195,5314600
2021-03-29,50.553314208984375,6452900
2021-03-30,49.98702621459961,4835700
2021-03-31,49.60680389404297,5734500
2021-04-01,49.28321075439453,7171200
2021-04-05,49.776695251464844,4473200
2021-04-06,49.94657897949219,4969600
2021-04-07,49.663429260253906,3846300
2021-04-08,49.72053146362305,3236700
2021-04-09,49.05161666870117,3895700
2021-04-12,49.736846923828125,3445700
2021-04-13,49.500274658203125,3403000
2021-04-14,49.443180084228516,3329900
2021-04-15,49.394229888916016,4159100
2021-04-16,50.00604248046875,9941800
2021-04-19,50.00604248046875,4160100
2021-04-20,50.82181167602539,5510900
2021-04-21,51.197059631347656,5046200
2021-04-22,50.601558685302734,3676400
2021-04-23,49.97342300415039,3117000
2021-04-26,49.386070251464844,4074200
2021-04-27,49.386070251464844,3804100
2021-04-28,49.598167419433594,2747700
2021-04-29,50.11209487915039,3489000
2021-04-30,49.647117614746094,4829000
2021-05-03,50.25078201293945,3128400
2021-05-04,50.4139289855957,3528500
2021-05-05,50.43840408325195,2877100
2021-05-06,51.9149284362793,7476900
2021-05-07,51.433631896972656,3574900
2021-05-10,52.069923400878906,2431600
2021-05-11,51.482574462890625,3651800
2021-05-12,51.3602180480957,3365600
2021-05-13,52.19227981567383,5330900
2021-05-14,51.71915817260742,3233300
2021-05-17,51.22153091430664,4006400
2021-05-18,51.33573913574219,3116100
2021-05-19,51.066524505615234,2743100
2021-05-20,51.3112678527832,3202100
2021-05-21,51.4988899230957,2701000
2021-05-24,51.433631896972656,1816300
2021-05-25,51.27047348022461,2596100
2021-05-26,51.25416564941406,2876800
2021-05-27,50.805484771728516,3535400
2021-05-28,51.278629302978516,2934400
2021-06-01,51.115482330322266,3239600
2021-06-02,51.792564392089844,5019700
2021-06-03,52.04545211791992,4176900
2021-06-04,52.23307800292969,4104500
2021-06-07,51.98019027709961,3493200
2021-06-08,51.54783248901367,2263100
2021-06-09,50.67497253417969,6910800
2021-06-10,51.04206466674805,2880700
2021-06-11,51.00128173828125,2602300
2021-06-14,51.10732650756836,2020300
2021-06-15,50.691287994384766,5381400
2021-06-16,49.88368606567383,3842600
2021-06-17,49.84290313720703,3149200
2021-06-18,48.749786376953125,5416900
2021-06-21,49.05977249145508,2926400
2021-06-22,49.11687088012695,3433000
2021-06-23,48.30111312866211,3058900
2021-06-24,48.252174377441406,3121400
2021-06-25,48.64373016357422,3047400
2021-06-28,49.394229888916016,4843300
2021-06-29,48.97003173828125,3715400
2021-06-30,49.7042121887207,7163600
2021-07-01,49.125030517578125,3446700
2021-07-02,49.125030517578125,3086200
2021-07-06,48.81503677368164,4172500
2021-07-07,49.26371765136719,3793600
2021-07-08,49.082706451416016,2755200
2021-07-09,49.11562728881836,3037300
2021-07-12,48.76185989379883,2775700
2021-07-13,48.64667892456055,3538500
2021-07-14,48.76185989379883,3681700
2021-07-15,49.18143844604492,2448700
2021-07-16,49.403560638427734,3324200
2021-07-19,49.963008880615234,4381400
2021-07-20,49.29661560058594,4422300
2021-07-21,48.531497955322266,4272600
2021-07-22,48.37518310546875,1934000
2021-07-23,48.868812561035156,2466400
2021-07-26,48.80298614501953,2171700
2021-07-27,48.99221420288086,2337600
2021-07-28,48.39163589477539,2844500
2021-07-29,48.46567916870117,2308000
2021-07-30,48.42454147338867,3325600
2021-08-02,48.84413146972656,3720500
2021-08-03,48.86058044433594,2623900
2021-08-04,47.41261672973633,4681100
2021-08-05,47.37148666381836,2899500
2021-08-06,47.61005783081055,3114100
2021-08-09,48.00495910644531,1958600
2021-08-10,48.120155334472656,2677300
2021-08-11,48.58086013793945,2435700
2021-08-12,48.498592376708984,2047500
2021-08-13,49.230796813964844,2206200
2021-08-16,49.46938705444336,2468400
2021-08-17,50.06996536254883,2880200
2021-08-18,48.77009201049805,3578300
2021-08-19,49.46938705444336,2620400
2021-08-20,49.60923767089844,3151700
2021-08-23,49.033348083496094,2275900
2021-08-24,48.06255340576172,3016800
2021-08-25,47.84865951538086,2539200
2021-08-26,47.14112091064453,4820200
2021-08-27,47.49489212036133,2878100
2021-08-30,47.37148666381836,2605300
2021-08-31,47.56071090698242,6098400
2021-09-01,47.4702033996582,2444700
2021-09-02,47.65119552612305,2579400
2021-09-03,47.527793884277344,2270900
2021-09-07,46.7215461730957,3925200
2021-09-08,48.852352142333984,9179900
2021-09-09,48.08723831176758,5723500
2021-09-10,48.0707893371582,3640700
2021-09-13,48.235321044921875,6841400
2021-09-14,48.35050582885742,7179200
2021-09-15,48.30936813354492,2506100
2021-09-16,48.30936813354492,2533200
2021-09-17,48.47391128540039,6750500
2021-09-20,48.33405303955078,3643200
2021-09-21,47.72523880004883,7307700
2021-09-22,49.29661560058594,5660300
2021-09-23,49.59278869628906,5039800
2021-09-24,49.80669403076172,3154500
2021-09-27,49.074493408203125,4018900
2021-09-28,48.81122589111328,3270100
2021-09-29,49.99591827392578,4632100
2021-09-30,49.214351654052734,4064500
2021-10-01,49.87251663208008,4769200
2021-10-04,50.55535888671875,4943700
2021-10-05,50.629398345947266,4137000
2021-10-06,51.114803314208984,3099900
2021-10-07,50.865943908691406,3872200
2021-10-08,50.982078552246094,2559900
2021-10-11,51.1728515625,2879800
2021-10-12,51.546142578125,4557300
2021-10-13,51.31388473510742,3198600
2021-10-14,51.728641510009766,2608500
2021-10-15,51.56273651123047,6426100
2021-10-18,51.03185272216797,3164200
2021-10-19,51.1728515625,1945300
2021-10-20,52.01896286010742,2645900
2021-10-21,51.83647918701172,2267700
2021-10-22,51.99409484863281,2028900
2021-10-25,51.338768005371094,3888400
2021-10-26,51.504669189453125,2600000
2021-10-27,50.84934616088867,2593100
2021-10-28,51.463199615478516,2473300
2021-10-29,51.26411056518555,2470400
2021-11-01,51.670570373535156,1964300
2021-11-02,51.952606201171875,2147000
2021-11-03,52.37565231323242,2196400
2021-11-04,52.01896286010742,2627400
2021-11-05,51.96919631958008,2048400
2021-11-08,51.96090316772461,1911700
2021-11-09,52.400550842285156,1780800
2021-11-10,52.69916915893555,2447300
2021-11-11,52.17658233642578,2726800
2021-11-12,52.45861053466797,2903900
2021-11-15,52.84019088745117,1751100
2021-11-16,52.47520446777344,2020100
2021-11-17,52.359066009521484,1925400
2021-11-18,52.17658233642578,1844100
2021-11-19,51.463199615478516,2656800
2021-11-22,52.15998840332031,1936600
2021-11-23,52.624507904052734,2026000
2021-11-24,52.50837707519531,1484500
2021-11-26,52.06044387817383,1704100
2021-11-29,52.690879821777344,3536300
2021-11-30,51.23923110961914,9085800
2021-12-01,50.95718765258789,3386500
2021-12-02,52.143394470214844,4692100
2021-12-03,53.27983856201172,4066800
2021-12-06,53.45402908325195,3516300
2021-12-07,53.561866760253906,2863800
2021-12-08,53.263248443603516,2484500
2021-12-09,53.064151763916016,2685700
2021-12-10,53.719478607177734,2784300
2021-12-13,54.69001388549805,4602000
2021-12-14,54.67341995239258,4487700
2021-12-15,55.859622955322266,4700700
2021-12-16,57.12049102783203,4705300
2021-12-17,56.116790771484375,6564800
2021-12-20,56.232906341552734,3891400
2021-12-21,53.96833419799805,6915200
2021-12-22,54.49922561645508,3885300
2021-12-23,54.739768981933594,2332100
2021-12-27,54.7978515625,2503100
2021-12-28,55.4863395690918,1929100
2021-12-29,55.594181060791016,1871400
2021-12-30,55.61907958984375,1822900
2021-12-31,55.89280700683594,2017300
2022-01-03,55.793270111083984,4013300
2022-01-04,56.31586456298828,4659000
2022-01-05,57.07072448730469,5202500
2022-01-06,56.813568115234375,4417200
2022-01-07,57.306663513183594,4973100
2022-01-10,57.47380828857422,4442100
2022-01-11,57.27323532104492,2891700
2022-01-12,57.10609436035156,2919200
2022-01-13,57.582462310791016,3010100
2022-01-14,58.41819381713867,3466600
2022-01-18,57.88333511352539,3332500
2022-01-19,57.79139709472656,2611700
2022-01-20,57.2314453125,3801600
2022-01-21,57.691104888916016,8034300
2022-01-24,57.28995132446289,4706900
2022-01-25,57.114437103271484,3968500
2022-01-26,56.663143157958984,3680400
2022-01-27,57.122806549072266,2608600
2022-01-28,57.983612060546875,3473700
2022-01-31,57.398597717285156,3856800
2022-02-01,57.03923034667969,3577700
2022-02-02,57.47380828857422,2898500
2022-02-03,57.70781707763672,3600900
2022-02-04,56.763431549072266,2823000
2022-02-07,56.947296142578125,3149600
2022-02-08,57.18965148925781,2466000
2022-02-09,56.97237014770508,2655200
2022-02-10,56.0614128112793,4477200
2022-02-11,56.880435943603516,4301500
2022-02-14,56.52106475830078,3001300
2022-02-15,55.99454879760742,2688500
2022-02-16,55.793968200683594,3060600
2022-02-17,56.65477752685547,3177000
2022-02-18,56.95565414428711,2942400
2022-02-22,56.278690338134766,3654300
2022-02-23,56.086483001708984,2849700
2022-02-24,54.791080474853516,4956500
2022-02-25,56.82194137573242,3892500
2022-02-28,56.35391616821289,6353700
2022-03-01,55.8441162109375,3474400
2022-03-02,56.378997802734375,3108200
2022-03-03,57.05593490600586,3754300
2022-03-04,56.93058395385742,4240400
2022-03-07,56.55449295043945,4374100
2022-03-08,53.2867546081543,6768800
2022-03-09,53.579261779785156,3761200
2022-03-10,52.73515701293945,3560300
2022-03-11,52.04149627685547,3535500
2022-03-14,52.2922248840332,3156200
2022-03-15,52.88560104370117,3143200
2022-03-16,52.35908508300781,3631300
2022-03-17,52.835453033447266,3712800
2022-03-18,52.158504486083984,7789800
2022-03-21,52.50115966796875,4519300
2022-03-22,52.38416290283203,5658200
2022-03-23,53.6795539855957,7668400
2022-03-24,55.45967102050781,5427200
2022-03-25,56.32048416137695,4047200
2022-03-28,55.87754821777344,2807400
2022-03-29,56.546138763427734,2568300
2022-03-30,56.780155181884766,2966300
2022-03-31,56.59627151489258,3027300
2022-04-01,57.54066848754883,2380600
2022-04-04,57.23980712890625,2542000
2022-04-05,57.79975509643555,3335800
2022-04-06,58.276126861572266,3944800
2022-04-07,58.72232437133789,3256100
2022-04-08,59.075923919677734,4041000
2022-04-11,59.36216354370117,3154600
2022-04-12,59.29481887817383,3677300
2022-04-13,59.505287170410156,3104600
2022-04-14,59.70733642578125,6956500
2022-04-18,59.63998031616211,2860700
2022-04-19,60.380859375,3297400
2022-04-20,61.31537628173828,2944800
2022-04-21,61.61846160888672,2728600
2022-04-22,61.03753662109375,3399800
2022-04-25,60.78497314453125,3814300
2022-04-26,59.79995346069336,3812200
2022-04-27,60.07777786254883,5876100
2022-04-28,60.843902587890625,3216300
2022-04-29,59.54739761352539,2771500
2022-05-02,58.49501037597656,4443300
2022-05-03,58.63812255859375,3703500
2022-05-04,59.6147346496582,3012500
2022-05-05,59.564212799072266,3169600
2022-05-06,60.11146545410156,2759600
2022-05-09,61.87942886352539,6105900
2022-05-10,60.3976936340332,3472300
2022-05-11,60.44821548461914,2656600
2022-05-12,60.79339599609375,3218200
2022-05-13,61.54268264770508,3366700
2022-05-16,61.84576416015625,3379000
2022-05-17,61.38272476196289,4173700
2022-05-18,56.88698959350586,5645600
2022-05-19,55.67465591430664,4364700
2022-05-20,56.41553497314453,4804100
2022-05-23,56.81122589111328,3504800
2022-05-24,58.20875930786133,2345800
2022-05-25,58.30979537963867,2876500
2022-05-26,58.47817611694336,2635900
2022-05-27,58.8401985168457,2667700
2022-05-31,58.806514739990234,5974000
2022-06-01,58.19193649291992,3431100
2022-06-02,57.821495056152344,3350400
2022-06-03,57.57734298706055,2410600
2022-06-06,57.89726638793945,2154000
2022-06-07,58.225608825683594,2630600
2022-06-08,58.006710052490234,2630100
2022-06-09,57.1900749206543,3121100
2022-06-10,57.56892013549805,3362300
2022-06-13,56.45761489868164,3834400
2022-06-14,55.94406509399414,3042200
2022-06-15,55.85144805908203,2869500
2022-06-16,56.19662857055664,3859000
2022-06-17,55.758853912353516,5405700
2022-06-21,57.12272262573242,3915200
2022-06-22,57.16482162475586,4137500
2022-06-23,58.074066162109375,3461400
2022-06-24,59.46320343017578,4449000
2022-06-27,59.80836868286133,2875600
2022-06-28,59.15169906616211,3694900
2022-06-29,62.90654754638672,10605400
2022-06-30,63.52113723754883,8255000
2022-07-01,63.807376861572266,5353500
2022-07-05,63.268577575683594,6006800
2022-07-06,64.16938781738281,5939900
2022-07-07,64.0252456665039,4474200
2022-07-08,64.05068969726562,2939100
2022-07-11,64.23723602294922,2232800
2022-07-12,64.3729019165039,2371400
2022-07-13,64.80533599853516,3462200
2022-07-14,63.338443756103516,4554700
2022-07-15,63.52497863769531,3177100
2022-07-18,62.7025146484375,2671700
2022-07-19,63.05863571166992,3019900
2022-07-20,62.23617935180664,3585400
2022-07-21,61.981807708740234,3215500
2022-07-22,62.431182861328125,2521500
2022-07-25,62.95689392089844,2436200
2022-07-26,63.092559814453125,2954900
2022-07-27,62.59230041503906,3515500
2022-07-28,63.253662109375,3087500
2022-07-29,63.414772033691406,6688100
2022-08-01,64.18635559082031,3769900
2022-08-02,64.16938018798828,5521500
2022-08-03,64.10155487060547,4030900
2022-08-04,64.03373718261719,2622600
2022-08-05,64.58485412597656,2266000
2022-08-08,64.7459716796875,2382000
2022-08-09,65.31404876708984,2758500
2022-08-10,65.78040313720703,2681100
2022-08-11,65.25471496582031,2762600
2022-08-12,65.28863525390625,2409400
2022-08-15,64.98338317871094,5688300
2022-08-16,65.66173553466797,6201300
2022-08-17,65.40734100341797,2387800
2022-08-18,65.71257019042969,2575600
2022-08-19,66.111083984375,2646200
2022-08-22,65.71257019042969,1742700
2022-08-23,66.02632141113281,2400400
2022-08-24,66.51809692382812,2488400
2022-08-25,66.05175018310547,3132500
2022-08-26,64.7120590209961,3846900
2022-08-29,65.47516632080078,2704100
2022-08-30,65.27167510986328,2475600
2022-08-31,65.11905670166016,4307200
2022-09-01,65.42428588867188,2695100
2022-09-02,65.05120849609375,3946500
2022-09-06,63.847190856933594,5333600
2022-09-07,64.67814636230469,4348600
2022-09-08,64.12700653076172,3620300
2022-09-09,64.36441040039062,2436100
2022-09-12,64.56791687011719,2513900
2022-09-13,63.04167556762695,3344800
2022-09-14,63.10103225708008,3604500
2022-09-15,63.65217971801758,4664700
2022-09-16,63.804805755615234,6718600
2022-09-19,64.29659271240234,2907400
2022-09-20,63.94046401977539,4802900
2022-09-21,67.59494018554688,14038700
2022-09-22,68.49369812011719,7096800
2022-09-23,67.12859344482422,4795400
2022-09-26,66.69615936279297,3561300
2022-09-27,66.111083984375,4108400
2022-09-28,66.80638885498047,3953700
2022-09-29,65.89063262939453,3515500
2022-09-30,64.95796203613281,4101000
2022-10-03,66.54351806640625,4069100
2022-10-04,66.56049346923828,4093500
2022-10-05,65.87369537353516,2795200
2022-10-06,64.0123062133789,5449200
2022-10-07,64.33676147460938,3755700
2022-10-10,65.2418441772461,3245800
2022-10-11,66.07859802246094,3173100
2022-10-12,66.05299377441406,3045600
2022-10-13,67.29959869384766,3396400
2022-10-14,66.35182189941406,2928700
2022-10-17,66.0956802368164,3490400
2022-10-18,66.82998657226562,2655100
2022-10-19,66.71043395996094,2282900
2022-10-20,65.4638442993164,3002800
2022-10-21,65.7797622680664,2907100
2022-10-24,66.27498626708984,3219100
2022-10-25,66.85560607910156,3389700
2022-10-26,66.90682220458984,3082000
2022-10-27,68.19613647460938,4727900
2022-10-28,69.64765930175781,2693800
2022-10-31,69.65619659423828,4106500
2022-11-01,68.55473327636719,8683500
2022-11-02,68.1448974609375,4252700
2022-11-03,67.3764419555664,3164800
2022-11-04,67.50450134277344,2856500
2022-11-07,67.61550903320312,2178400
2022-11-08,67.93144226074219,2869400
2022-11-09,68.59741973876953,3667700
2022-11-10,67.94851684570312,6696300
2022-11-11,65.95906066894531,6176900
2022-11-14,65.72001647949219,3980300
2022-11-15,66.12130737304688,3278100
2022-11-16,67.50450134277344,3954300
2022-11-17,68.1107406616211,2493500
2022-11-18,69.18656921386719,2981100
2022-11-21,69.99773406982422,3096600
2022-11-22,70.15995025634766,2718000
2022-11-23,70.68080139160156,2379300
2022-11-25,70.84302520751953,1319900
2022-11-28,70.80888366699219,2930900
2022-11-29,70.73202514648438,2936100
2022-11-30,72.83247375488281,15812000
2022-12-01,72.93492126464844,3802900
2022-12-02,73.8741683959961,3125800
2022-12-05,73.68630981445312,3119000
2022-12-06,72.9007797241211,3194800
2022-12-07,74.47184753417969,4279600
2022-12-08,74.75360870361328,2912800
2022-12-09,73.29354095458984,3100900
2022-12-12,74.14738464355469,3372200
2022-12-13,74.25839233398438,3818600
2022-12-14,74.56576538085938,4062800
2022-12-15,74.24130249023438,4681400
2022-12-16,74.22422790527344,8126400
2022-12-19,74.3864517211914,4570400
2022-12-20,70.9796371459961,8326500
2022-12-21,72.88369750976562,4221800
2022-12-22,72.72148132324219,2735800
2022-12-23,72.9263916015625,1477500
2022-12-27,73.37894439697266,2017400
2022-12-28,72.37139892578125,1707300
2022-12-29,72.04692840576172,2473100
2022-12-30,71.59439849853516,2477000
2023-01-03,71.05648803710938,3036500
2023-01-04,71.62857055664062,3445900
2023-01-05,72.07256317138672,2934100
2023-01-06,73.39599609375,2290900
2023-01-09,72.76016235351562,3010700
2023-01-10,72.2188491821289,2470100
2023-01-11,72.13291931152344,3113000
2023-01-12,70.91280364990234,3928400
2023-01-13,70.89562225341797,3442800
2023-01-17,70.33711242675781,3880300
2023-01-18,67.37274932861328,6451600
2023-01-19,66.54788208007812,3865500
2023-01-20,66.55648803710938,3961800
2023-01-23,66.50492095947266,2750000
2023-01-24,66.1698226928711,3959400
2023-01-25,66.90876770019531,3287800
2023-01-26,65.98939514160156,3376000
2023-01-27,66.92594146728516,4273400
2023-01-30,67.20089721679688,3117600
2023-01-31,67.32979583740234,4144900
2023-02-01,67.01187133789062,4141600
2023-02-02,65.2160873413086,7882500
2023-02-03,64.85519409179688,5555700
2023-02-06,66.31590270996094,4531400
2023-02-07,65.56835174560547,3276700
2023-02-08,65.0785903930664,2415500
2023-02-09,64.63178253173828,3308700
2023-02-10,65.37930297851562,2466700
2023-02-13,65.8175277709961,2425700
2023-02-14,64.74349212646484,2863500
2023-02-15,64.53727722167969,2264100
2023-02-16,64.53727722167969,2649700
2023-02-17,65.96361541748047,3978700
2023-02-21,68.87641143798828,7926300
2023-02-22,68.9795150756836,4089900
2023-02-23,68.99669647216797,2991900
2023-02-24,69.28886413574219,2786500
2023-02-27,69.58100891113281,2672700
2023-02-28,68.31790161132812,3862900
2023-03-01,67.75080871582031,3584600
2023-03-02,67.83672332763672,2374500
2023-03-03,68.39524841308594,2540000
2023-03-06,67.97422790527344,2676900
2023-03-07,67.9140853881836,2287800
2023-03-08,68.0257568359375,2017000
2023-03-09,67.57037353515625,2251300
2023-03-10,67.46727752685547,2663900
2023-03-13,68.55850982666016,3946800
2023-03-14,68.87641143798828,2983100
2023-03-15,69.55520629882812,3315700
2023-03-16,69.14276885986328,2402000
2023-03-17,68.55850982666016,8367800
2023-03-20,69.29744720458984,2849900
2023-03-21,69.38337707519531,2601400
2023-03-22,68.62725067138672,3516800
2023-03-23,70.5863037109375,6082900
2023-03-24,72.86328125,5328800
2023-03-27,72.93199920654297,4580900
2023-03-28,72.8375015258789,2806000
2023-03-29,73.0609130859375,2567300
2023-03-30,73.00076293945312,3209900
2023-03-31,73.43036651611328,3069900
2023-04-03,73.82563018798828,3380400
2023-04-04,73.95450592041016,4849100
2023-04-05,74.80514526367188,4624700
2023-04-06,75.13369750976562,3556200
2023-04-10,74.65817260742188,2390500
2023-04-11,75.27203369140625,2812700
2023-04-12,75.22881317138672,2492800
2023-04-13,75.17693328857422,2083400
2023-04-14,74.8397445678711,3491400
2023-04-17,75.2979736328125,1672900
2023-04-18,75.63516998291016,1902200
2023-04-19,75.33255004882812,2198600
2023-04-20,75.7129898071289,1833300
2023-04-21,75.60922241210938,1749500
2023-04-24,75.7562026977539,2123900
2023-04-25,76.51705932617188,2473300
2023-04-26,75.98100280761719,2259200
2023-04-27,76.76779174804688,2203100
2023-04-28,76.62945556640625,2383500
2023-05-01,77.2692642211914,2146200
2023-05-02,76.9493637084961,3320200
2023-05-03,76.8023681640625,3693500
2023-05-04,77.29519653320312,2123000
2023-05-05,77.64969635009766,2541500
2023-05-08,77.70156860351562,2229200
2023-05-09,77.45945739746094,2191700
2023-05-10,77.44219207763672,2470800
2023-05-11,78.03876495361328,1822600
2023-05-12,78.34137725830078,2145000
2023-05-15,78.06470489501953,2629700
2023-05-16,78.03876495361328,2191200
2023-05-17,77.68425750732422,2772700
2023-05-18,76.51705932617188,3395500
2023-05-19,75.76486206054688,4147400
2023-05-22,74.09619140625,3156200
2023-05-23,73.89732360839844,3018200
2023-05-24,73.55148315429688,2287000
2023-05-25,73.06730651855469,2490200
2023-05-26,72.78199005126953,2364000
2023-05-30,71.99519348144531,4495800
2023-05-31,72.76468658447266,8562500
2023-06-01,72.53125762939453,2608800
2023-06-02,73.136474609375,3403500
2023-06-05,73.69847106933594,2552800
2023-06-06,72.43614959716797,2754800
2023-06-07,70.46485900878906,5185400
2023-06-08,71.45915222167969,2877400
2023-06-09,71.15654754638672,2708800
2023-06-12,70.53401947021484,3854900
2023-06-13,69.79913330078125,5473500
2023-06-14,69.72994995117188,3623500
2023-06-15,69.78182983398438,3518700
2023-06-16,69.78182983398438,5349000
2023-06-20,69.72130584716797,3486600
2023-06-21,70.3611068725586,4784000
2023-06-22,70.29193878173828,2584600
2023-06-23,70.30923461914062,3925900
2023-06-26,70.77611541748047,3545200
2023-06-27,69.94609832763672,5391900
2023-06-28,66.33208465576172,11772300
2023-06-29,65.96894073486328,5836700
2023-06-30,66.31478118896484,4126000
2023-07-03,66.67793273925781,2756200
2023-07-05,66.84217834472656,4786500
2023-07-06,66.08134460449219,4261900
2023-07-07,65.49755096435547,4264600
2023-07-10,65.16644287109375,2961700
2023-07-11,65.41912841796875,3186200
2023-07-12,65.30586242675781,3783300
2023-07-13,65.16644287109375,4286900
2023-07-14,65.358154296875,2594200
2023-07-17,64.74822235107422,2814500
2023-07-18,64.74822235107422,3335800
2023-07-19,65.53241729736328,3410600
2023-07-20,66.53443145751953,3523800
2023-07-21,67.09207153320312,3548800
2023-07-24,67.30990600585938,2731500
2023-07-25,67.01365661621094,2308200
2023-07-26,65.99421691894531,3466300
2023-07-27,65.34943389892578,3160600
2023-07-28,65.74153137207031,2935900
2023-07-31,65.12287902832031,3378000
2023-08-01,64.77433776855469,3261400
2023-08-02,65.74153137207031,4355600
2023-08-03,64.93119812011719,3571600
2023-08-04,64.120849609375,2077600
2023-08-07,64.00759887695312,2500400
2023-08-08,62.17780303955078,4772200
2023-08-09,62.87485885620117,3546700
2023-08-10,63.06655502319336,3804500
2023-08-11,63.31924819946289,2480800
2023-08-14,62.97071075439453,2431900
2023-08-15,62.474056243896484,2633200
2023-08-16,62.160369873046875,2707300
2023-08-17,61.245479583740234,5586500
2023-08-18,61.17578125,5246500
2023-08-21,59.903648376464844,4741100
2023-08-22,59.6335334777832,3595700
2023-08-23,59.372127532958984,4313100
2023-08-24,59.258872985839844,3797700
2023-08-25,59.572547912597656,2698000
2023-08-28,59.72938537597656,3333900
2023-08-29,59.677093505859375,3230000
2023-08-30,59.49411392211914,2543700
2023-08-31,58.95389938354492,5681900
2023-09-01,57.72533416748047,4404600
2023-09-05,57.59463119506836,3952300
2023-09-06,57.394229888916016,4262700
2023-09-07,56.62745666503906,5309100
2023-09-08,57.63819885253906,4631300
2023-09-11,57.41165542602539,3776700
2023-09-12,57.063114166259766,3233700
2023-09-13,56.86272048950195,3042800
2023-09-14,57.82118606567383,3693600
2023-09-15,57.376792907714844,7635700
2023-09-18,57.59463119506836,4126700
2023-09-19,57.40293884277344,5740200
2023-09-20,57.394229888916016,6780900
2023-09-21,57.05440902709961,6014500
2023-09-22,56.479331970214844,6619900
2023-09-25,56.444480895996094,4420400
2023-09-26,56.827857971191406,5379300
2023-09-27,55.808414459228516,4865300
2023-09-28,55.860694885253906,5249100
2023-09-29,55.75613021850586,5329800
2023-10-02,54.527565002441406,6006100
2023-10-03,54.84123229980469,7922200
2023-10-04,54.98064422607422,5443400
2023-10-05,54.33586120605469,5095800
2023-10-06,54.96921920776367,5714200
2023-10-09,56.26230239868164,5511200
2023-10-10,55.64654541015625,6688200
2023-10-11,55.180335998535156,4108100
2023-10-12,54.124752044677734,5139100
2023-10-13,55.453025817871094,4564200
2023-10-16,55.63774871826172,3496500
2023-10-17,55.40025329589844,3931300
2023-10-18,55.59376525878906,3953600
2023-10-19,55.2946891784668,3396900
2023-10-20,55.62895202636719,3973700
2023-10-23,55.62015151977539,3759000
2023-10-24,55.98960494995117,3171000
2023-10-25,57.7489013671875,5299900
2023-10-26,57.83686065673828,6793700
2023-10-27,57.441036224365234,5292900
2023-10-30,57.027587890625,4952800
2023-10-31,57.38825225830078,3216800
2023-11-01,57.26510238647461,5220800
2023-11-02,58.26789474487305,3710300
2023-11-03,57.82807159423828,3164900
2023-11-06,57.37064743041992,3945800
2023-11-07,57.26510238647461,3345800
2023-11-08,57.4322395324707,3700800
2023-11-09,57.643348693847656,3566400
2023-11-10,57.423431396484375,3157300
2023-11-13,57.31787872314453,3414500
2023-11-14,57.309078216552734,4656000
2023-11-15,56.904449462890625,7324800
2023-11-16,57.19472122192383,9404700
2023-11-17,56.96602249145508,4623200
2023-11-20,56.411842346191406,3165000
2023-11-21,56.878055572509766,2910700
2023-11-22,57.06277847290039,2747600
2023-11-24,57.33546829223633,1262500
2023-11-27,55.928035736083984,4389000
2023-11-28,55.78728103637695,4572500
2023-11-29,55.057186126708984,4511000
2023-11-30,55.998409271240234,6840100
2023-12-01,56.411842346191406,3349200
2023-12-04,57.133148193359375,3381800
2023-12-05,56.75489807128906,2986200
2023-12-06,57.96002197265625,3568200
2023-12-07,58.399845123291016,3658200
2023-12-08,57.5905647277832,2452600
2023-12-11,58.12715148925781,3429200
2023-12-12,58.70772171020508,3841500
2023-12-13,59.675323486328125,4380900
2023-12-14,58.338260650634766,6086300
2023-12-15,57.37064743041992,11833600
2023-12-18,58.35586929321289,5446000
2023-12-19,58.68132781982422,4827900
2023-12-20,56.5877685546875,7992600
2023-12-21,56.48221206665039,4637800
2023-12-22,56.74610900878906,3211100
2023-12-26,56.91324234008789,3140200
2023-12-27,56.94842529296875,2580900
2023-12-28,57.1507453918457,2370500
2023-12-29,57.300289154052734,3808700
2024-01-02,58.71651840209961,5264000
2024-01-03,58.69892883300781,5477700
2024-01-04,57.82807159423828,3888000
2024-01-05,57.168338775634766,4016200
2024-01-08,56.86045455932617,4030900
2024-01-09,57.153419494628906,4779100
2024-01-10,56.06148147583008,4566000
2024-01-11,55.98158264160156,5727100
2024-01-12,56.274539947509766,4299600
2024-01-16,55.77740478515625,4101700
2024-01-17,56.00822067260742,4829300
2024-01-18,56.203529357910156,3860600
2024-01-19,56.06148147583008,3765900
2024-01-22,56.08811950683594,4328400
2024-01-23,57.48188400268555,4433600
2024-01-24,56.49648666381836,3491500
2024-01-25,57.23331069946289,3071100
2024-01-26,57.268829345703125,2821300
2024-01-29,57.04689025878906,3226500
2024-01-30,58.0145378112793,3020900
2024-01-31,57.62393569946289,4579600
2024-02-01,57.55290603637695,3855500
2024-02-02,57.52627944946289,4384300
2024-02-05,56.398834228515625,3259500
2024-02-06,57.55290603637695,4652300
2024-02-07,56.55862045288086,3651200
2024-02-08,56.86933517456055,4001700
2024-02-09,55.342411041259766,4260400
2024-02-12,55.99934768676758,3399100
2024-02-13,55.866180419921875,3866000
2024-02-14,55.36903762817383,4176900
2024-02-15,56.18577194213867,3097500
2024-02-16,56.904842376708984,5854900
2024-02-20,58.39627456665039,5978400
2024-02-21,58.24535369873047,3738600
2024-02-22,57.765960693359375,3113500
2024-02-23,57.9879035949707,2248900
2024-02-26,57.703834533691406,3641500
2024-02-27,57.00250244140625,3119900
2024-02-28,57.0823974609375,2554100
2024-02-29,56.97587203979492,4187500
2024-03-01,56.76280975341797,3382500
2024-03-04,57.1445426940918,2996900
2024-03-05,57.23331069946289,4031600
2024-03-06,57.91688537597656,4287200
2024-03-07,57.06464385986328,3963800
2024-03-08,57.93464279174805,4421200
2024-03-11,58.28974533081055,3350700
2024-03-12,58.3430061340332,3080400
2024-03-13,58.61820983886719,4530200
2024-03-14,58.19209289550781,4996100
2024-03-15,59.266258239746094,7997000
2024-03-18,60.13626480102539,7284600
2024-03-19,60.926361083984375,6426000
2024-03-20,61.63656234741211,8887600
2024-03-21,61.041778564453125,5036700
2024-03-22,61.34361267089844,5731700
2024-03-25,61.379112243652344,3955300
2024-03-26,60.668914794921875,5288900
2024-03-27,61.84075164794922,5332200
2024-03-28,62.11594772338867,5995300
2024-04-01,62.257991790771484,3204300
2024-04-02,62.63972091674805,3797000
2024-04-03,61.24595642089844,4382900
2024-04-04,62.479915618896484,4332100
2024-04-05,61.95615768432617,3630000
2024-04-08,62.1425895690918,4021100
2024-04-09,62.83195495605469,4424900
2024-04-10,61.6412239074707,4435000
2024-04-11,59.98491668701172,4935200
2024-04-12,59.268672943115234,3371900
2024-04-15,60.27140426635742,4510300
2024-04-16,60.73695755004883,4205200
2024-04-17,61.336814880371094,3664800
2024-04-18,61.85607147216797,3620400
2024-04-19,63.04684066772461,3992200
2024-04-22,63.71829605102539,3637500
2024-04-23,63.40495300292969,3690600
2024-04-24,64.11223602294922,4446100
2024-04-25,63.90631866455078,2875200
2024-04-26,63.413909912109375,4170400
2024-04-29,62.876731872558594,4179100
2024-04-30,63.0826530456543,3121600
2024-05-01,62.66185760498047,3396800
2024-05-02,63.25274658203125,3071000
2024-05-03,62.590232849121094,3444200
2024-05-06,61.900848388671875,3602100
2024-05-07,62.590232849121094,2453800
2024-05-08,62.250022888183594,2494500
2024-05-09,62.90358352661133,2397400
2024-05-10,63.29750442504883,2398700
2024-05-13,63.24380111694336,2897000
2024-05-14,63.43181228637695,3237300
2024-05-15,62.51859664916992,3847200
2024-05-16,63.92422103881836,2481000
2024-05-17,63.78097915649414,2753000
2024-05-20,63.95107650756836,2280200
2024-05-21,63.234840393066406,2541100
2024-05-22,62.98415756225586,3409900
2024-05-23,61.85607147216797,3083400
2024-05-24,61.14881896972656,3195900
2024-05-28,59.69842529296875,6350900
2024-05-29,59.52831268310547,6099800
2024-05-30,59.67156219482422,3679500
2024-05-31,61.55168914794922,7500900
2024-06-03,60.65638732910156,4232600
2024-06-04,61.00554275512695,2512000
2024-06-05,60.39674758911133,3294200
2024-06-06,60.33407974243164,2805100
2024-06-07,60.39674758911133,3373900
2024-06-10,59.895389556884766,4002700
2024-06-11,59.967010498046875,2999600
2024-06-12,58.45395278930664,4019100
2024-06-13,58.74045181274414,3639700
2024-06-14,58.641963958740234,2904100
2024-06-17,59.34925079345703,2964900
2024-06-18,59.680511474609375,4662800
2024-06-20,59.707374572753906,4989800
2024-06-21,60.056541442871094,6390800
2024-06-24,60.94287872314453,6248800
2024-06-25,60.21770095825195,6561300
2024-06-26,57.45122146606445,9908900
2024-06-27,57.03938293457031,6436900
2024-06-28,56.636505126953125,13274300
2024-07-01,56.67231369018555,3250500
2024-07-02,56.5559196472168,2949500
2024-07-03,56.4753532409668,2521800
2024-07-05,56.296295166015625,2671200
2024-07-08,55.956077575683594,2932800
2024-07-09,56.12618637084961,3826100
2024-07-10,56.64142990112305,3106100
2024-07-11,57.10244369506836,3377200
2024-07-12,56.97589874267578,3367700
2024-07-15,56.82222366333008,3720000
2024-07-16,56.85838317871094,3960500
2024-07-17,59.06401062011719,4090500
2024-07-18,59.226722717285156,2989000
2024-07-19,58.196224212646484,2361300
2024-07-22,58.39509201049805,2778300
2024-07-23,57.843685150146484,2662100
2024-07-24,59.21768569946289,3621600
2024-07-25,59.506954193115234,4020700
2024-07-26,59.949886322021484,2548100
2024-07-29,60.54649353027344,3135600
2024-07-30,61.51371765136719,3530800
2024-07-31,60.691131591796875,6477100
2024-08-01,61.17021942138672,4512500
2024-08-02,62.62556838989258,5271500
2024-08-05,61.72163009643555,3922900
2024-08-06,61.40524673461914,3475500
2024-08-07,62.236881256103516,2905300
2024-08-08,62.40863800048828,2441000
2024-08-09,62.480953216552734,1999400
2024-08-12,61.73971939086914,2099200
2024-08-13,62.55326461791992,2583800
2024-08-14,63.637996673583984,3857200
2024-08-15,62.146488189697266,3912400
2024-08-16,62.39958953857422,2320900
2024-08-19,63.11370849609375,4181200
2024-08-20,63.23121643066406,2962100
2024-08-21,63.84589767456055,2963900
2024-08-22,63.88206481933594,1823600
2024-08-23,64.02670288085938,1957300
2024-08-26,64.17131805419922,1839300
2024-08-27,64.20748901367188,1930200
2024-08-28,64.68658447265625,2687800
2024-08-29,64.50579071044922,3121600
2024-08-30,65.3464584350586,3645800
2024-09-03,65.65379333496094,4443300
2024-09-04,66.5125503540039,2895200
2024-09-05,67.35322570800781,4468600
2024-09-06,67.85039520263672,4057800
2024-09-09,67.9317626953125,3637400
2024-09-10,67.64249420166016,3270800
2024-09-11,66.09674072265625,3739100
2024-09-12,65.99730682373047,3810300
2024-09-13,66.63006591796875,3010300
2024-09-16,67.46170043945312,3324600
2024-09-17,67.34419250488281,4513600
2024-09-18,67.80520629882812,8032700
2024-09-19,67.70577239990234,4162700
2024-09-20,67.35322570800781,9129800
2024-09-23,67.06395721435547,3487400
2024-09-24,66.68431091308594,2720200
2024-09-25,66.67526245117188,2782900
2024-09-26,66.8831787109375,2896200
2024-09-27,67.23570251464844,2960500
2024-09-30,66.75662231445312,2904100
2024-10-01,67.4526596069336,4071900
2024-10-02,66.25945281982422,5958300
2024-10-03,66.02442932128906,3443600
2024-10-04,66.5396728515625,2413000
2024-10-07,65.75322723388672,2392100
2024-10-08,65.5272445678711,3328400
2024-10-09,65.1475830078125,2620600
2024-10-10,64.99263763427734,2578600
2024-10-11,64.54598236083984,2816000
2024-10-14,64.56421661376953,2221600
2024-10-15,64.92882537841797,3709900
2024-10-16,64.71916961669922,3240400
2024-10-17,64.42747497558594,3169700
2024-10-18,63.743831634521484,3867800
2024-10-21,62.68643569946289,3501800
2024-10-22,62.969024658203125,3378900
2024-10-23,62.513240814208984,3385000
2024-10-24,62.54059600830078,2369300
2024-10-25,62.25802230834961,2183900
2024-10-28,62.23066329956055,3029600
2024-10-29,61.9389762878418,2966100
2024-10-30,62.18510437011719,5067200
2024-10-31,62.00279235839844,4288800
2024-11-01,62.20332336425781,3495000
2024-11-04,62.06660079956055,2851900
2024-11-05,62.26713180541992,3202400
2024-11-06,60.15236282348633,5910500
2024-11-07,59.195255279541016,4534500
2024-11-08,59.723941802978516,3006000
2024-11-11,58.42955780029297,5010400
2024-11-12,58.57540512084961,4704500
2024-11-13,59.45960235595703,3233100
2024-11-14,58.985599517822266,3675100
2024-11-15,57.618289947509766,6785000
2024-11-18,57.317481994628906,4859800
2024-11-19,57.22632598876953,2847600
2024-11-20,58.15610122680664,4685900
2024-11-21,58.447792053222656,3659000
2024-11-22,59.24995040893555,3919700
2024-11-25,59.73305892944336,4852100
2024-11-26,60.15236282348633,3642500
2024-11-27,60.37113571166992,2678300
2024-11-29,60.398475646972656,1792500
2024-12-02,61.08213806152344,5151400
2024-12-03,60.3802490234375,4979200
2024-12-04,59.55986785888672,3152600
2024-12-05,59.75128936767578,2847000
2024-12-06,59.304630279541016,3708800
2024-12-09,60.06120681762695,3642000
2024-12-10,60.289100646972656,2993000
2024-12-11,59.70570755004883,5345300
2024-12-12,60.23440170288086,3368700
2024-12-13,60.79044723510742,3193300
2024-12-16,59.7968635559082,5620400
2024-12-17,60.09767150878906,6012200
2024-12-18,58.25636672973633,13262600
2024-12-19,58.3475227355957,6138100
2024-12-20,57.982906341552734,10672900
2024-12-23,57.9282112121582,3380200
2024-12-24,58.101409912109375,1220400
2024-12-26,58.11963653564453,2212100
2024-12-27,58.29283142089844,1984400
2024-12-30,57.764137268066406,2521100
2024-12-31,58.128753662109375,2634900
