date,close,volume
2014-01-02,139.08734130859375,1982100
2014-01-03,140.07806396484375,2147400
2014-01-06,141.0372772216797,2954000
2014-01-07,140.18807983398438,2734700
2014-01-08,140.3060302734375,2208600
2014-01-09,139.48828125,2149500
2014-01-10,140.26670837402344,2506500
2014-01-13,138.2931365966797,2823800
2014-01-14,138.8593292236328,2208800
2014-01-15,140.54981994628906,3540200
2014-01-16,137.73487854003906,4712200
2014-01-17,138.60763549804688,3451000
2014-01-21,136.18585205078125,5141200
2014-01-22,136.56333923339844,2476900
2014-01-23,134.25946044921875,3977700
2014-01-24,131.81411743164062,4156200
2014-01-27,129.49456787109375,5589600
2014-01-28,130.72119140625,3170400
2014-01-29,128.8733367919922,3473700
2014-01-30,130.3988037109375,2829400
2014-01-31,129.0463409423828,3415500
2014-02-03,125.665283203125,5079700
2014-02-04,127.19073486328125,3346600
2014-02-05,126.1370620727539,3212900
2014-02-06,127.1828384399414,3798000
2014-02-07,127.3243637084961,4879900
2014-02-10,126.5931396484375,4321700
2014-02-11,129.25863647460938,4996300
2014-02-12,128.55882263183594,3046600
2014-02-13,128.9991912841797,3119600
2014-02-14,128.73184204101562,3287900
2014-02-18,129.4630889892578,3399900
2014-02-19,128.37008666992188,3669700
2014-02-20,129.34515380859375,2631900
2014-02-21,129.34515380859375,2594500
2014-02-24,130.94920349121094,3242900
2014-02-25,128.54318237304688,3682300
2014-02-26,128.44058227539062,3978300
2014-02-27,130.47601318359375,3806600
2014-02-28,131.32020568847656,4291500
2014-03-03,129.97113037109375,3122900
2014-03-04,133.11900329589844,3400500
2014-03-05,135.6199493408203,4451200
2014-03-06,136.1722869873047,3403500
2014-03-07,137.4818878173828,4088900
2014-03-10,136.8902130126953,2179100
2014-03-11,134.0342254638672,3832300
2014-03-12,133.90008544921875,2550000
2014-03-13,131.51744079589844,3421400
2014-03-14,130.4523468017578,2762100
2014-03-17,131.62786865234375,3198000
2014-03-18,132.6140899658203,1941300
2014-03-19,132.68507385253906,3534100
2014-03-20,133.5056610107422,3950500
2014-03-21,131.71470642089844,4779100
2014-03-24,130.7443084716797,2723000
2014-03-25,128.79556274414062,4437500
2014-03-26,127.59635162353516,2590300
2014-03-27,128.03823852539062,3890200
2014-03-28,128.04611206054688,2630500
2014-03-31,129.2689208984375,2494300
2014-04-01,130.9020233154297,3325500
2014-04-02,131.96719360351562,2407600
2014-04-03,131.03611755371094,2337300
2014-04-04,128.7876739501953,3262500
2014-04-07,125.09544372558594,4650800
2014-04-08,123.51752471923828,6839900
2014-04-09,124.77982330322266,4010000
2014-04-10,123.05996704101562,4806600
2014-04-11,120.48792266845703,6460700
2014-04-14,122.08164978027344,3053700
2014-04-15,122.22364044189453,3639600
2014-04-16,124.0382080078125,3194200
2014-04-17,124.21180725097656,4525200
2014-04-21,124.49588012695312,4551700
2014-04-22,126.59440612792969,4547300
2014-04-23,126.58649444580078,2040600
2014-04-24,126.9021224975586,2934200
2014-04-25,124.84294128417969,3302100
2014-04-28,123.50171661376953,3897800
2014-04-29,124.84294128417969,2160500
2014-04-30,126.0895004272461,2745700
2014-05-01,126.52336883544922,2079500
2014-05-02,125.34785461425781,2561500
2014-05-05,123.35191345214844,3015700
2014-05-06,121.92384338378906,3073100
2014-05-07,122.69698333740234,3260900
2014-05-08,124.18029022216797,2719600
2014-05-09,124.02246856689453,2637000
2014-05-12,125.87652587890625,2256100
2014-05-13,126.45240783691406,1901500
2014-05-14,125.79756927490234,2128700
2014-05-15,123.58063507080078,2769300
2014-05-16,123.41493225097656,2845600
2014-05-19,124.39324951171875,1618000
2014-05-20,123.35191345214844,2034900
2014-05-21,125.71868133544922,4226300
2014-05-22,126.11317443847656,1645100
2014-05-23,126.35771942138672,1210200
2014-05-27,127.62797546386719,3248800
2014-05-28,127.60421752929688,1855200
2014-05-29,127.24799346923828,1779200
2014-05-30,126.51176452636719,2206300
2014-06-02,126.6859130859375,2162500
2014-06-03,128.08712768554688,2408600
2014-06-04,128.55418395996094,2098400
2014-06-05,128.70458984375,1859600
2014-06-06,131.56240844726562,3478100
2014-06-09,131.41197204589844,2377500
2014-06-10,131.69696044921875,1684500
2014-06-11,130.96070861816406,2004100
2014-06-12,131.3803253173828,2309900
2014-06-13,131.32489013671875,1761100
2014-06-16,131.29322814941406,1756400
2014-06-17,133.16940307617188,2450000
2014-06-18,134.46766662597656,2873200
2014-06-19,134.36477661132812,2306900
2014-06-20,134.45187377929688,4688200
2014-06-23,134.76852416992188,1738500
2014-06-24,133.17733764648438,1608000
2014-06-25,133.29612731933594,1601200
2014-06-26,133.00318908691406,2131200
2014-06-27,132.0294189453125,3111200
2014-06-30,132.5519561767578,1885200
2014-07-01,132.05319213867188,2947800
2014-07-02,132.1165313720703,1877600
2014-07-03,134.15103149414062,1801200
2014-07-07,132.8210906982422,1774000
2014-07-08,130.54910278320312,2422200
2014-07-09,130.3590850830078,1943800
2014-07-10,129.36949157714844,2204100
2014-07-11,130.46202087402344,2293300
2014-07-14,132.20361328125,3007700
2014-07-15,133.92147827148438,4802300
2014-07-16,134.9506378173828,3295100
2014-07-17,134.6893310546875,3815500
2014-07-18,135.74227905273438,2558600
2014-07-21,135.9401092529297,2227400
2014-07-22,138.55258178710938,3849500
2014-07-23,139.97756958007812,3436100
2014-07-24,139.53419494628906,2012800
2014-07-25,138.85340881347656,2114900
2014-07-28,139.28880310058594,2303400
2014-07-29,138.96421813964844,3055600
2014-07-30,139.13836669921875,2345600
2014-07-31,136.85055541992188,3797600
2014-08-01,134.7764129638672,3140000
2014-08-04,135.9163818359375,2103900
2014-08-05,134.11936950683594,2746200
2014-08-06,134.37271118164062,1711700
2014-08-07,133.86605834960938,1920900
2014-08-08,136.36766052246094,2250900
2014-08-11,136.5259552001953,2098000
2014-08-12,136.42303466796875,1362900
2014-08-13,136.45474243164062,1708200
2014-08-14,136.73968505859375,1431400
2014-08-15,136.08262634277344,2446000
2014-08-18,138.1804962158203,1877700
2014-08-19,137.71340942382812,1916100
2014-08-20,137.76882934570312,1755100
2014-08-21,138.6554412841797,2075200
2014-08-22,138.90878295898438,2682000
2014-08-25,140.80873107910156,3063500
2014-08-26,140.8324432373047,3110600
2014-08-27,141.19776916503906,2073700
2014-08-28,141.07069396972656,1961800
2014-08-29,142.23013305664062,2560600
2014-09-02,142.7541961669922,1986300
2014-09-03,142.61923217773438,2397700
2014-09-04,143.0003204345703,1678500
2014-09-05,142.73834228515625,2562800
2014-09-08,143.02420043945312,1746400
2014-09-09,140.8721466064453,2598500
2014-09-10,142.8336181640625,2457800
2014-09-11,143.73094177246094,1905300
2014-09-12,145.45413208007812,3358600
2014-09-15,146.0972900390625,2308000
2014-09-16,146.14492797851562,2137600
2014-09-17,146.764404296875,2820300
2014-09-18,149.20223999023438,3566600
2014-09-19,147.8602294921875,5442900
2014-09-22,147.1375732421875,1826100
2014-09-23,146.9787139892578,1977600
2014-09-24,149.13870239257812,2834200
2014-09-25,146.18467712402344,3074600
2014-09-26,147.00259399414062,1932500
2014-09-29,145.97821044921875,1745400
2014-09-30,145.77178955078125,2037700
2014-10-01,143.49267578125,4196300
2014-10-02,145.22378540039062,2782600
2014-10-03,149.3451385498047,3271400
2014-10-06,148.87669372558594,1934800
2014-10-07,145.95433044433594,2927100
2014-10-08,148.20960998535156,3154500
2014-10-09,143.94540405273438,4892900
2014-10-10,143.2385711669922,4405600
2014-10-13,141.9600830078125,3436500
2014-10-14,141.90451049804688,3557200
2014-10-15,140.74510192871094,6330500
2014-10-16,137.044677734375,7797500
2014-10-17,140.4830322265625,4951000
2014-10-20,141.22161865234375,2307900
2014-10-21,143.0797576904297,2649500
2014-10-22,140.41958618164062,3088300
2014-10-23,142.98443603515625,3397000
2014-10-24,145.59706115722656,2900900
2014-10-27,146.04176330566406,2383700
2014-10-28,147.95550537109375,3027700
2014-10-29,147.76495361328125,3379000
2014-10-30,148.4716033935547,2794800
2014-10-31,150.86985778808594,3357000
2014-11-03,151.536865234375,2298100
2014-11-04,151.09214782714844,2027300
2014-11-05,150.7506561279297,3141100
2014-11-06,151.671875,1915400
2014-11-07,151.44163513183594,1981400
2014-11-10,152.30709838867188,1553900
2014-11-11,152.37066650390625,1620100
2014-11-12,151.02069091796875,2322200
2014-11-13,151.06837463378906,1749600
2014-11-14,150.86190795898438,1691600
2014-11-17,150.8222198486328,1593400
2014-11-18,150.5918731689453,1810300
2014-11-19,150.23451232910156,2260100
2014-11-20,150.67921447753906,2850000
2014-11-21,150.5521697998047,2367900
2014-11-24,150.93336486816406,2028800
2014-11-25,149.97251892089844,3677900
2014-11-26,149.70248413085938,2024000
2014-11-28,150.0928192138672,1195200
2014-12-01,149.92556762695312,2469000
2014-12-02,151.5108184814453,3116100
2014-12-03,152.1162872314453,3049600
2014-12-04,152.9129180908203,3123400
2014-12-05,155.70115661621094,3625500
2014-12-08,156.6332244873047,2715000
2014-12-09,156.84823608398438,4568400
2014-12-10,152.95269775390625,6506700
2014-12-11,154.17955017089844,3179500
2014-12-12,150.41943359375,3838900
2014-12-15,147.80650329589844,4729100
2014-12-16,146.030029296875,4181900
2014-12-17,147.40020751953125,5074800
2014-12-18,152.64207458496094,4209600
2014-12-19,153.9724578857422,4798200
2014-12-22,154.8965606689453,3056400
2014-12-23,155.74093627929688,2346100
2014-12-24,156.05162048339844,694200
2014-12-26,155.70115661621094,1016300
2014-12-29,156.2906036376953,1219900
2014-12-30,155.9082794189453,1136200
2014-12-31,154.41055297851562,1566800
2015-01-02,154.87261962890625,1877700
2015-01-05,150.037109375,3413200
2015-01-06,147.00193786621094,3429200
2015-01-07,149.19259643554688,1896800
2015-01-08,151.57456970214844,1962500
2015-01-09,149.24842834472656,1980700
2015-01-12,147.43212890625,2084200
2015-01-13,147.320556640625,2745300
2015-01-14,143.576416015625,5204700
2015-01-15,142.1903076171875,3146000
2015-01-16,141.18650817871094,5124100
2015-01-20,139.9119415283203,3606600
2015-01-21,141.12281799316406,3737000
2015-01-22,145.0183563232422,6228200
2015-01-23,143.78353881835938,3123800
2015-01-26,143.727783203125,2736500
2015-01-27,140.59701538085938,3335600
2015-01-28,137.85659790039062,3017300
2015-01-29,140.19869995117188,2421400
2015-01-30,137.34677124023438,3037400
2015-02-02,139.8003692626953,2975300
2015-02-03,143.58438110351562,3766900
2015-02-04,142.4212646484375,2980500
2015-02-05,144.00660705566406,2434400
2015-02-06,146.1256103515625,3250900
2015-02-09,145.1617431640625,2421900
2015-02-10,147.02581787109375,2556300
2015-02-11,149.4873504638672,4079600
2015-02-12,151.1842498779297,3086700
2015-02-13,150.56288146972656,2720400
2015-02-17,151.3754425048828,2123300
2015-02-18,150.30001831054688,1850700
2015-02-19,150.6504669189453,1470400
2015-02-20,152.56239318847656,2317100
2015-02-23,151.60646057128906,1691100
2015-02-24,153.1280059814453,2627300
2015-02-25,152.729736328125,2775700
2015-02-26,153.5926971435547,2449300
2015-02-27,151.66683959960938,2572400
2015-03-02,153.26510620117188,1659400
2015-03-03,152.849609375,1487800
2015-03-04,151.57095336914062,1648500
2015-03-05,151.8985595703125,1330100
2015-03-06,149.36534118652344,4103600
2015-03-09,150.180419921875,2233700
2015-03-10,146.00901794433594,2768500
2015-03-11,147.18373107910156,2098600
2015-03-12,151.794677734375,3114800
2015-03-13,151.30722045898438,3095100
2015-03-16,153.3529815673828,2127700
2015-03-17,152.29017639160156,1883200
2015-03-18,153.68862915039062,2790100
2015-03-19,151.81065368652344,2097100
2015-03-20,154.3359375,3473800
2015-03-23,153.40097045898438,1590500
2015-03-24,152.85752868652344,1799100
2015-03-25,149.71697998046875,2542000
2015-03-26,149.62908935546875,2377200
2015-03-27,150.28439331054688,1539600
2015-03-30,152.6497802734375,2403800
2015-03-31,150.2124786376953,2146600
2015-04-01,153.61671447753906,4031400
2015-04-02,153.07330322265625,2296300
2015-04-06,153.4728240966797,1997000
2015-04-07,153.7445831298828,1778000
2015-04-08,153.88043212890625,1997300
2015-04-09,155.74237060546875,1986500
2015-04-10,156.34169006347656,1764800
2015-04-13,156.2938232421875,2196100
2015-04-14,158.00396728515625,3267400
2015-04-15,160.70501708984375,5066100
2015-04-16,159.9937286376953,5976900
2015-04-17,157.70828247070312,4578400
2015-04-20,158.30763244628906,2616600
2015-04-21,157.30067443847656,1868300
2015-04-22,158.4833984375,1938100
2015-04-23,159.2745361328125,2053400
2015-04-24,158.21971130371094,1445700
2015-04-27,157.04505920410156,1767100
2015-04-28,157.82017517089844,1909400
2015-04-29,158.67518615722656,2480600
2015-04-30,156.9650421142578,2732800
2015-05-01,157.85206604003906,2029500
2015-05-04,159.26654052734375,1581600
2015-05-05,157.66038513183594,2287500
2015-05-06,156.8292236328125,2433700
2015-05-07,157.74020385742188,1795300
2015-05-08,160.22552490234375,3192500
2015-05-11,161.20848083496094,1966700
2015-05-12,160.24954223632812,2247500
2015-05-13,160.96873474121094,2143300
2015-05-14,161.9196319580078,1957000
2015-05-15,162.19940185546875,1742900
2015-05-18,163.5499267578125,2164600
2015-05-19,164.1412811279297,2370100
2015-05-20,163.88560485839844,1831200
2015-05-21,163.7816619873047,2225000
2015-05-22,166.0592498779297,3040400
2015-05-26,164.9244384765625,3336300
2015-05-27,167.06607055664062,3011500
2015-05-28,167.12220764160156,3084900
2015-05-29,165.28646850585938,2255500
2015-06-01,166.58511352539062,2088200
2015-06-02,165.4788818359375,2230700
2015-06-03,166.9698944091797,2417000
2015-06-04,167.43478393554688,3462500
2015-06-05,168.701416015625,3225100
2015-06-08,168.17236328125,2180700
2015-06-09,167.5550537109375,2278800
2015-06-10,170.8496856689453,2677300
2015-06-11,171.49903869628906,2024100
2015-06-12,170.7936248779297,2006200
2015-06-15,169.7515106201172,1903800
2015-06-16,171.1944580078125,1954200
2015-06-17,170.68946838378906,1778400
2015-06-18,172.02816772460938,2167200
2015-06-19,170.89784240722656,4163400
2015-06-22,173.55918884277344,2006100
2015-06-23,175.07427978515625,2735600
2015-06-24,171.89181518554688,3945200
2015-06-25,170.60122680664062,2434700
2015-06-26,170.8817901611328,2762600
2015-06-29,166.4568634033203,3292800
2015-06-30,167.37071228027344,4167300
2015-07-01,168.2925567626953,2820300
2015-07-02,167.69937133789062,1816600
2015-07-06,166.76950073242188,2816800
2015-07-07,166.90574645996094,3304200
2015-07-08,163.57904052734375,2185100
2015-07-09,164.18023681640625,2256200
2015-07-10,166.08810424804688,1840600
2015-07-13,168.43690490722656,2041700
2015-07-14,170.0721435546875,2090700
2015-07-15,170.7134552001953,2536700
2015-07-16,169.28659057617188,4405200
2015-07-17,170.31265258789062,2849000
2015-07-20,170.2565460205078,2175400
2015-07-21,169.54312133789062,1985300
2015-07-22,170.94593811035156,2301300
2015-07-23,169.18235778808594,2192700
2015-07-24,166.21630859375,2453900
2015-07-27,164.34860229492188,2910500
2015-07-28,165.32656860351562,2018100
2015-07-29,165.80755615234375,1987300
2015-07-30,166.0961151123047,1342900
2015-07-31,164.388671875,1644000
2015-08-03,164.08407592773438,2075500
2015-08-04,164.46884155273438,1451500
2015-08-05,164.89366149902344,1535500
2015-08-06,164.4046630859375,1485800
2015-08-07,163.08201599121094,1691100
2015-08-10,165.11007690429688,1640300
2015-08-11,161.6871795654297,2554000
2015-08-12,161.23031616210938,2771900
2015-08-13,160.91766357421875,3353600
2015-08-14,161.9436798095703,3567100
2015-08-17,162.38458251953125,1600700
2015-08-18,161.27032470703125,1665400
2015-08-19,161.0859832763672,2721400
2015-08-20,157.71914672851562,3140000
2015-08-21,150.49661254882812,5406200
2015-08-24,143.85910034179688,7183600
2015-08-25,142.86509704589844,7204800
2015-08-26,147.81915283203125,5561800
2015-08-27,151.6749267578125,3798500
2015-08-28,151.0233917236328,2413100
2015-08-31,151.7071075439453,2858000
2015-09-01,146.49465942382812,5494500
2015-09-02,148.41714477539062,3043800
2015-09-03,148.85955810546875,2902200
2015-09-04,145.0950164794922,4295600
2015-09-08,149.51913452148438,3060100
2015-09-09,149.35833740234375,4756800
2015-09-10,149.5433349609375,3042600
2015-09-11,149.0285186767578,2536800
2015-09-14,147.95870971679688,2746000
2015-09-15,150.78207397460938,3092800
2015-09-16,151.73928833007812,2717800
2015-09-17,149.9776611328125,3712600
2015-09-18,145.54554748535156,6529900
2015-09-21,147.4840850830078,2947200
2015-09-22,144.564208984375,4166900
2015-09-23,144.3148193359375,2732600
2015-09-24,142.3038330078125,3910000
2015-09-25,144.6526641845703,3026500
2015-09-28,139.17478942871094,3898500
2015-09-29,138.2417449951172,4419100
2015-09-30,139.77005004882812,2931500
2015-10-01,141.5879669189453,3613000
2015-10-02,142.38426208496094,4469900
2015-10-05,145.3524627685547,3411900
2015-10-06,145.0468292236328,1859100
2015-10-07,146.58316040039062,2572200
2015-10-08,145.650146484375,3253400
2015-10-09,144.1378631591797,3334900
2015-10-12,144.97439575195312,3059800
2015-10-13,145.5696563720703,2918800
2015-10-14,144.39523315429688,3252000
2015-10-15,148.77911376953125,5720100
2015-10-16,148.95606994628906,2977500
2015-10-19,149.4065704345703,2665700
2015-10-20,149.22161865234375,2736200
2015-10-21,144.5480194091797,3613800
2015-10-22,147.6529998779297,2609600
2015-10-23,149.21348571777344,2935700
2015-10-26,150.4281463623047,2573700
2015-10-27,149.86502075195312,1932300
2015-10-28,153.89505004882812,3231900
2015-10-29,152.74481201171875,3068100
2015-10-30,150.82229614257812,2791600
2015-11-02,152.5758514404297,2531500
2015-11-03,153.3882598876953,2443200
2015-11-04,154.16050720214844,2174300
2015-11-05,154.45806884765625,2186300
2015-11-06,160.20948791503906,4270800
2015-11-09,158.2708740234375,2604400
2015-11-10,159.115478515625,2149900
2015-11-11,158.77767944335938,1637500
2015-11-12,155.0614013671875,3166900
2015-11-13,153.14697265625,2484000
2015-11-16,154.5707244873047,4626600
2015-11-17,153.291748046875,1783800
2015-11-18,155.77731323242188,2509200
2015-11-19,155.27052307128906,1835800
2015-11-20,154.01573181152344,2932100
2015-11-23,152.18165588378906,2671700
2015-11-24,151.76344299316406,2679400
2015-11-25,152.1495361328125,1495600
2015-11-27,153.21133422851562,1092700
2015-11-30,153.3727569580078,3415000
2015-12-01,155.83450317382812,4140900
2015-12-02,153.56643676757812,1817200
2015-12-03,149.4822998046875,3599000
2015-12-04,153.34854125976562,3517200
2015-12-07,149.7163848876953,3499900
2015-12-08,147.6420135498047,2663800
2015-12-09,145.85824584960938,3907500
2015-12-10,146.98828125,2212300
2015-12-11,142.50863647460938,3750100
2015-12-14,142.37942504882812,5102400
2015-12-15,146.90757751464844,3398700
2015-12-16,150.29751586914062,3191700
2015-12-17,147.3917999267578,2807900
2015-12-18,141.64500427246094,6740800
2015-12-21,143.4691162109375,2472900
2015-12-22,145.32554626464844,2312800
2015-12-23,147.666259765625,2367900
2015-12-24,147.27877807617188,1107600
2015-12-28,146.59274291992188,1723300
2015-12-29,148.13438415527344,1848900
2015-12-30,146.90757751464844,1514300
2015-12-31,145.4708251953125,1773900
2016-01-04,142.97674560546875,3745500
2016-01-05,140.51498413085938,4521600
2016-01-06,137.08465576171875,5539400
2016-01-07,132.87136840820312,5687900
2016-01-08,132.32249450683594,4929800
2016-01-11,133.7672576904297,4386500
2016-01-12,133.75119018554688,4441300
2016-01-13,128.32720947265625,5252500
2016-01-14,130.26431274414062,4272500
2016-01-15,125.59907531738281,6237200
2016-01-19,126.57571411132812,5860600
2016-01-20,124.09776306152344,9369100
2016-01-21,122.40271759033203,5738800
2016-01-22,126.60801696777344,5583800
2016-01-25,121.9749755859375,5051700
2016-01-26,124.66275787353516,5237700
2016-01-27,124.07354736328125,5153100
2016-01-28,126.76934814453125,4292900
2016-01-29,130.4015655517578,4887900
2016-02-01,128.8599090576172,2963500
2016-02-02,122.44314575195312,6316200
2016-02-03,123.23416137695312,5893200
2016-02-04,126.309326171875,4573100
2016-02-05,126.293212890625,4596100
2016-02-08,120.46566772460938,8680000
2016-02-09,119.65850067138672,6919400
2016-02-10,118.83521270751953,7609600
2016-02-11,113.5565414428711,10252200
2016-02-12,117.94738006591797,9009300
2016-02-16,120.27999877929688,10198000
2016-02-17,121.82972717285156,5578800
2016-02-18,119.23880767822266,5895500
2016-02-19,118.57691192626953,5257300
2016-02-22,120.09431457519531,4287900
2016-02-23,116.96268463134766,4249600
2016-02-24,117.48724365234375,5714700
2016-02-25,119.65850067138672,4299600
2016-02-26,121.2728042602539,5924500
2016-02-29,121.21601867675781,5506400
2016-03-01,125.36654663085938,6490400
2016-03-02,125.00175476074219,5047500
2016-03-03,125.91779327392578,3615800
2016-03-04,127.1418685913086,5256700
2016-03-07,125.93396759033203,2771900
2016-03-08,122.89410400390625,3830400
2016-03-09,121.52408599853516,3250900
2016-03-10,122.42388916015625,4631800
2016-03-11,124.79102325439453,4058700
2016-03-14,124.4261703491211,3317900
2016-03-15,123.24266052246094,3731400
2016-03-16,122.03479766845703,4310300
2016-03-17,123.95603942871094,4431700
2016-03-18,127.75794982910156,7413200
2016-03-21,126.69602966308594,4410200
2016-03-22,125.00175476074219,3521500
2016-03-23,124.90445709228516,3633400
2016-03-24,124.02898406982422,3693400
2016-03-28,124.70991516113281,2308600
2016-03-29,125.67459106445312,2919500
2016-03-30,126.86624908447266,3130600
2016-03-31,127.25536346435547,2927300
2016-04-01,129.5575408935547,3373400
2016-04-04,127.895751953125,2478100
2016-04-05,125.93396759033203,2822700
2016-04-06,125.80430603027344,2927400
2016-04-07,121.92938995361328,4786800
2016-04-08,121.82404327392578,3122200
2016-04-11,123.38043975830078,3464300
2016-04-12,125.09095001220703,2732900
2016-04-13,129.58189392089844,5151100
2016-04-14,130.441162109375,3067100
2016-04-15,128.50372314453125,3467900
2016-04-18,128.9091339111328,3031500
2016-04-19,131.85169982910156,5832200
2016-04-20,135.36180114746094,4802200
2016-04-21,134.01617431640625,4165100
2016-04-22,135.1753692626953,2680300
2016-04-25,133.82965087890625,2473000
2016-04-26,134.43768310546875,2251600
2016-04-27,135.3131561279297,3323600
2016-04-28,133.18116760253906,2528000
2016-04-29,133.03529357910156,2890800
2016-05-02,134.71327209472656,1998400
2016-05-03,132.2489471435547,2777000
2016-05-04,129.7602996826172,3203900
2016-05-05,129.32247924804688,2366200
2016-05-06,128.7712860107422,2307000
2016-05-09,127.68498992919922,2097900
2016-05-10,130.85458374023438,2379600
2016-05-11,129.23336791992188,2096900
2016-05-12,128.13897705078125,2448100
2016-05-13,125.92586517333984,2550100
2016-05-16,125.95832824707031,3177700
2016-05-17,125.36654663085938,2701500
2016-05-18,129.65484619140625,3653300
2016-05-19,125.40707397460938,4712000
2016-05-20,125.25300598144531,3247800
2016-05-23,126.01508331298828,2767600
2016-05-24,127.7498550415039,3038800
2016-05-25,130.7168426513672,3259900
2016-05-26,129.0712127685547,2576100
2016-05-27,129.8525848388672,2157000
2016-05-31,129.8118896484375,2916100
2016-06-01,130.2107391357422,2581600
2016-06-02,129.6490936279297,2257100
2016-06-03,126.71066284179688,4329300
2016-06-06,127.84204864501953,2540400
2016-06-07,126.3036880493164,2489700
2016-06-08,125.87229919433594,2426800
2016-06-09,124.67572784423828,2711700
2016-06-10,122.0059585571289,4335700
2016-06-13,120.98037719726562,3385800
2016-06-14,118.9942398071289,5069600
2016-06-15,118.96983337402344,2981400
2016-06-16,119.35240173339844,3499200
2016-06-17,118.54656219482422,4296500
2016-06-20,120.26400756835938,3338900
2016-06-21,120.75244140625,2424600
2016-06-22,120.58151245117188,2487600
2016-06-23,124.26062774658203,2940500
2016-06-24,115.46976470947266,9442200
2016-06-27,113.55693817138672,7381000
2016-06-28,115.91749572753906,5041500
2016-06-29,118.43258666992188,3804100
2016-06-30,120.93963623046875,4528600
2016-07-01,120.67102813720703,3096800
2016-07-05,117.57792663574219,3943000
2016-07-06,118.49774932861328,2941800
2016-07-07,119.65357208251953,2578300
2016-07-08,122.40480041503906,3281400
2016-07-11,123.87804412841797,3041600
2016-07-12,127.72811126708984,5110800
2016-07-13,128.5421142578125,4276400
2016-07-14,132.3026885986328,5087700
2016-07-15,131.5701141357422,3078400
2016-07-18,132.9457244873047,4734500
2016-07-19,131.38287353515625,5399700
2016-07-20,131.67593383789062,3547800
2016-07-21,130.27587890625,2855500
2016-07-22,130.5689239501953,1811700
2016-07-25,130.65028381347656,1956100
2016-07-26,131.17935180664062,2150100
2016-07-27,131.04098510742188,2317200
2016-07-28,130.66661071777344,2047400
2016-07-29,129.26654052734375,2388200
2016-08-01,128.7537078857422,2316300
2016-08-02,127.02814483642578,3182800
2016-08-03,128.8839569091797,2284700
2016-08-04,128.64791870117188,2005700
2016-08-05,131.93634033203125,2676100
2016-08-08,132.53871154785156,2266600
2016-08-09,133.0352020263672,1957400
2016-08-10,132.01776123046875,1656100
2016-08-11,133.3771209716797,1827700
2016-08-12,132.8805694580078,1440800
2016-08-15,134.75271606445312,2222200
2016-08-16,134.8341064453125,2523800
2016-08-17,134.85043334960938,2061700
2016-08-18,135.16778564453125,1750500
2016-08-19,135.30616760253906,1840900
2016-08-22,135.33059692382812,1448100
2016-08-23,135.18409729003906,1965500
2016-08-24,134.54922485351562,2035300
2016-08-25,135.03759765625,1441400
2016-08-26,135.0945587158203,2402200
2016-08-29,135.82717895507812,2620900
2016-08-30,138.40121459960938,2934100
2016-08-31,138.47470092773438,3688200
2016-09-01,137.69837951660156,2843300
2016-09-02,138.24594116210938,1747500
2016-09-06,138.3685302734375,2034900
2016-09-07,138.64627075195312,1584300
2016-09-08,140.2724609375,3031600
2016-09-09,137.74745178222656,3411800
2016-09-12,139.78211975097656,2647900
2016-09-13,136.4645538330078,2788200
2016-09-14,135.778076171875,1995900
2016-09-15,137.34707641601562,1645200
2016-09-16,135.64736938476562,4534900
2016-09-19,135.81893920898438,2030700
2016-09-20,136.0314178466797,1532900
2016-09-21,136.48904418945312,2333600
2016-09-22,137.2980194091797,2467700
2016-09-23,134.9364776611328,3421200
2016-09-26,131.95384216308594,2772200
2016-09-27,133.10601806640625,2602700
2016-09-28,133.56361389160156,1678100
2016-09-29,129.88644409179688,3733800
2016-09-30,131.78224182128906,4497200
2016-10-03,131.61874389648438,2444700
2016-10-04,132.599365234375,2469900
2016-10-05,135.97421264648438,2548200
2016-10-06,136.5870819091797,2858000
2016-10-07,138.77703857421875,3390200
2016-10-10,139.7657928466797,2532000
2016-10-11,138.13153076171875,2680000
2016-10-12,138.34400939941406,2404000
2016-10-13,136.8077392578125,2713700
2016-10-14,139.34088134765625,5282300
2016-10-17,138.0988311767578,3061400
2016-10-18,141.06509399414062,4482500
2016-10-19,142.6013946533203,3676000
2016-10-20,142.6013946533203,2471100
2016-10-21,142.7320556640625,2004400
2016-10-24,143.0997772216797,1943200
2016-10-25,143.451171875,2423300
2016-10-26,144.6933135986328,2533800
2016-10-27,145.24893188476562,3021900
2016-10-28,144.75045776367188,2042800
2016-10-31,145.6492919921875,1828200
2016-11-01,145.50225830078125,2900600
2016-11-02,144.2928466796875,2104800
2016-11-03,143.99049377441406,1972700
2016-11-04,143.75350952148438,1846500
2016-11-07,148.29689025878906,3338800
2016-11-08,148.65640258789062,2646200
2016-11-09,157.4081573486328,7823800
2016-11-10,164.14146423339844,11345400
2016-11-11,166.65016174316406,6290200
2016-11-14,170.93203735351562,8248100
2016-11-15,172.5745391845703,4893800
2016-11-16,168.5459442138672,5276200
2016-11-17,171.29971313476562,3572400
2016-11-18,171.8881378173828,4278200
2016-11-21,172.484619140625,2860200
2016-11-22,172.50917053222656,2945700
2016-11-23,173.48976135253906,3717400
2016-11-25,172.7297821044922,1974000
2016-11-28,171.8881378173828,3297400
2016-11-29,173.5684356689453,2577600
2016-11-30,179.74887084960938,6507900
2016-12-01,185.76541137695312,7606500
2016-12-02,183.08497619628906,5297400
2016-12-05,187.3391876220703,4599300
2016-12-06,189.65890502929688,5259300
2016-12-07,193.0851287841797,6595200
2016-12-08,197.9131317138672,7343700
2016-12-09,198.240966796875,5456000
2016-12-12,194.40484619140625,5022000
2016-12-13,195.53604125976562,4680500
2016-12-14,196.6671600341797,6172400
2016-12-15,199.18360900878906,4829700
2016-12-16,195.8229217529297,6876400
2016-12-19,195.9622802734375,3743300
2016-12-20,199.25743103027344,4487700
2016-12-21,197.90496826171875,3277800
2016-12-22,196.82293701171875,2636500
2016-12-23,197.51963806152344,2187500
2016-12-27,198.00323486328125,1998200
2016-12-28,197.25733947753906,3053000
2016-12-29,195.2327117919922,2619000
2016-12-30,196.2737274169922,2355500
2017-01-03,198.0115203857422,4384200
2017-01-04,199.29019165039062,2728700
2017-01-05,197.8065643310547,3562600
2017-01-06,200.7410430908203,3591100
2017-01-09,199.0934600830078,3022800
2017-01-10,198.8311309814453,3432900
2017-01-11,201.44595336914062,3532600
2017-01-12,199.87217712402344,4022300
2017-01-13,200.2492218017578,4186100
2017-01-17,193.2327117919922,6277200
2017-01-18,192.04417419433594,7590500
2017-01-19,189.68348693847656,4561800
2017-01-20,190.33102416992188,5211800
2017-01-23,190.71629333496094,3136200
2017-01-24,191.54417419433594,4448200
2017-01-25,194.4704132080078,3716800
2017-01-26,196.38026428222656,4195600
2017-01-27,194.2244873046875,3253100
2017-01-30,191.7244873046875,3803300
2017-01-31,187.9702911376953,5156400
2017-02-01,189.07687377929688,4024500
2017-02-02,188.86378479003906,2775700
2017-02-03,197.5032501220703,7381000
2017-02-06,196.7081756591797,4639200
2017-02-07,196.4130401611328,2660200
2017-02-08,194.86390686035156,2744700
2017-02-09,197.99508666992188,3550800
2017-02-10,198.9541015625,3072800
2017-02-13,201.86398315429688,2998200
2017-02-14,204.47886657714844,4141500
2017-02-15,205.36404418945312,4296600
2017-02-16,204.46240234375,2286300
2017-02-17,205.2329559326172,3262300
2017-02-21,206.3640899658203,2794900
2017-02-22,206.3394775390625,2378800
2017-02-23,205.89686584472656,2594700
2017-02-24,202.749267578125,3565400
2017-02-27,204.3722381591797,2372600
2017-02-28,203.86265563964844,3627100
2017-03-01,207.68423461914062,5218300
2017-03-02,206.32815551757812,3020000
2017-03-03,207.8321533203125,3163700
2017-03-06,207.10894775390625,2467000
2017-03-07,206.19668579101562,2497300
2017-03-08,205.65426635742188,3574400
2017-03-09,205.60496520996094,3061500
2017-03-10,204.12574768066406,3365900
2017-03-13,203.94485473632812,1801100
2017-03-14,203.58323669433594,2144200
2017-03-15,202.81076049804688,3427000
2017-03-16,203.99415588378906,2940600
2017-03-17,200.4767608642578,5438100
2017-03-20,198.99746704101562,2759100
2017-03-21,191.48599243164062,5660900
2017-03-22,189.89987182617188,6291300
2017-03-23,190.58200073242188,4770700
2017-03-24,187.71380615234375,6387300
2017-03-27,185.30580139160156,9194800
2017-03-28,188.4698486328125,4471200
2017-03-29,187.7466278076172,2636000
2017-03-30,190.02313232421875,3156800
2017-03-31,188.79039001464844,2858400
2017-04-03,188.16578674316406,3735600
2017-04-04,188.41233825683594,3042700
2017-04-05,187.09738159179688,5286900
2017-04-06,187.90280151367188,2927200
2017-04-07,187.27821350097656,2853300
2017-04-10,188.10821533203125,2653900
2017-04-11,187.1631317138672,3374700
2017-04-12,185.52777099609375,2947500
2017-04-13,183.53067016601562,3653700
2017-04-17,185.9468536376953,4190900
2017-04-18,177.1779327392578,12464000
2017-04-19,175.94517517089844,6428800
2017-04-20,179.20787048339844,5168200
2017-04-21,178.22169494628906,3845700
2017-04-24,183.44847106933594,5353500
2017-04-25,186.2509765625,3996900
2017-04-26,185.89755249023438,3765300
2017-04-27,185.57705688476562,2805800
2017-04-28,183.92518615722656,2936600
2017-05-01,184.78810119628906,3004800
2017-05-02,185.0099639892578,2602400
2017-05-03,185.98794555664062,3042200
2017-05-04,186.21803283691406,2935400
2017-05-05,186.44818115234375,2435800
2017-05-08,184.93600463867188,2316800
2017-05-09,183.8922576904297,2145400
2017-05-10,184.812744140625,2630400
2017-05-11,184.71408081054688,2440300
2017-05-12,183.1197509765625,2166100
2017-05-15,185.0099639892578,2468100
2017-05-16,185.4044647216797,1710700
2017-05-17,175.64114379882812,7525700
2017-05-18,176.82456970214844,4792400
2017-05-19,177.01358032226562,3747100
2017-05-22,177.53134155273438,2506100
2017-05-23,180.50631713867188,3308800
2017-05-24,183.94981384277344,4141600
2017-05-25,182.8320770263672,2640000
2017-05-26,183.7032928466797,1787100
2017-05-30,180.10800170898438,3097800
2017-05-31,174.20394897460938,8312000
2017-06-01,177.296142578125,4057900
2017-06-02,175.89431762695312,3692000
2017-06-05,176.45504760742188,2696600
2017-06-06,176.90037536621094,2891300
2017-06-07,177.93109130859375,2679400
2017-06-08,180.38836669921875,3765600
2017-06-09,183.42291259765625,4455400
2017-06-12,182.98590087890625,3388200
2017-06-13,184.87420654296875,2767800
2017-06-14,186.7789764404297,3652900
2017-06-15,184.0742950439453,3378900
2017-06-16,182.9033966064453,3758300
2017-06-19,186.4656524658203,2900900
2017-06-20,185.6162872314453,2264200
2017-06-21,183.46414184570312,3015300
2017-06-22,181.22125244140625,3344600
2017-06-23,179.09378051757812,4448700
2017-06-26,181.77371215820312,2589500
2017-06-27,181.6417694091797,2899400
2017-06-28,184.06607055664062,3482800
2017-06-29,185.04736328125,5063400
2017-06-30,182.97760009765625,3154300
2017-07-03,187.4138946533203,2846600
2017-07-05,188.0406494140625,2772000
2017-07-06,186.92738342285156,3076600
2017-07-07,185.7647705078125,2697600
2017-07-10,186.22659301757812,2357500
2017-07-11,187.141845703125,2742900
2017-07-12,187.50460815429688,2567300
2017-07-13,189.98670959472656,2852600
2017-07-14,188.50242614746094,3703600
2017-07-17,189.046630859375,2551800
2017-07-18,184.14028930664062,6400700
2017-07-19,183.77745056152344,4884600
2017-07-20,183.3074493408203,3497800
2017-07-21,181.55926513671875,3446600
2017-07-24,179.9101104736328,3123100
2017-07-25,182.7137451171875,3509500
2017-07-26,183.26622009277344,2792500
2017-07-27,182.63131713867188,2812500
2017-07-28,184.38766479492188,2483200
2017-07-31,185.8060302734375,1994900
2017-08-01,187.18307495117188,2986800
2017-08-02,186.58111572265625,1863300
2017-08-03,184.70101928710938,2106400
2017-08-04,189.48362731933594,3400300
2017-08-07,192.06466674804688,3809800
2017-08-08,191.34725952148438,3322500
2017-08-09,190.48968505859375,2571100
2017-08-10,185.94618225097656,3325500
2017-08-11,184.8329620361328,2956600
2017-08-14,187.4799346923828,2266100
2017-08-15,187.66957092285156,1867000
2017-08-16,186.0368194580078,2393900
2017-08-17,182.5818328857422,3460300
2017-08-18,183.1837921142578,3149300
2017-08-21,182.0623321533203,2203300
2017-08-22,184.36294555664062,2021300
2017-08-23,183.6702423095703,2568000
2017-08-24,183.8763885498047,2263000
2017-08-25,183.44766235351562,2232500
2017-08-28,181.6995086669922,2641600
2017-08-29,181.99740600585938,2369100
2017-08-30,184.03274536132812,2411400
2017-08-31,185.12498474121094,2240600
2017-09-01,186.89564514160156,2346900
2017-09-05,180.19358825683594,5646200
2017-09-06,181.0623779296875,3613600
2017-09-07,178.58843994140625,3594600
2017-09-08,179.7220001220703,3120900
2017-09-11,182.90753173828125,2971500
2017-09-12,186.95358276367188,3745800
2017-09-13,187.45826721191406,2383500
2017-09-14,187.69822692871094,1986600
2017-09-15,186.3495330810547,4365800
2017-09-18,188.26084899902344,2466800
2017-09-19,189.4026641845703,1858000
2017-09-20,190.1307830810547,2682300
2017-09-21,191.37193298339844,1800800
2017-09-22,191.1567840576172,1861800
2017-09-25,190.51966857910156,2261800
2017-09-26,190.2549285888672,1770000
2017-09-27,194.24301147460938,3072100
2017-09-28,194.83050537109375,2121800
2017-09-29,196.25364685058594,1902300
2017-10-02,199.11651611328125,2501300
2017-10-03,199.9191131591797,2010800
2017-10-04,198.83518981933594,1840400
2017-10-05,203.59275817871094,3521300
2017-10-06,203.5597686767578,2396100
2017-10-09,200.89544677734375,2165200
2017-10-10,200.72996520996094,2187100
2017-10-11,200.564453125,2175700
2017-10-12,198.41323852539062,2148200
2017-10-13,197.36239624023438,2491000
2017-10-16,200.57276916503906,2969200
2017-10-17,195.34353637695312,7088400
2017-10-18,200.25828552246094,4235900
2017-10-19,198.5703887939453,2710900
2017-10-20,202.49234008789062,3022800
2017-10-23,200.34104919433594,1963300
2017-10-24,202.58335876464844,2285300
2017-10-25,199.9935760498047,2904300
2017-10-26,200.00184631347656,1948800
2017-10-27,199.9935760498047,2111500
2017-10-30,199.3150634765625,1764400
2017-10-31,200.63067626953125,2658700
2017-11-01,202.1034393310547,2969600
2017-11-02,204.27125549316406,2509100
2017-11-03,202.21929931640625,1954600
2017-11-06,201.4663543701172,1744800
2017-11-07,198.42147827148438,2483900
2017-11-08,199.6129913330078,2349800
2017-11-09,199.2322998046875,2122400
2017-11-10,198.70278930664062,1845600
2017-11-13,198.8020782470703,1953900
2017-11-14,196.29505920410156,3000200
2017-11-15,196.60118103027344,2564100
2017-11-16,198.05740356445312,2304300
2017-11-17,196.94041442871094,2826400
2017-11-20,197.03146362304688,2000700
2017-11-21,196.94041442871094,2223800
2017-11-22,195.62484741210938,2177200
2017-11-24,195.2276611328125,1268500
2017-11-27,194.53265380859375,1999600
2017-11-28,198.09051513671875,3212900
2017-11-29,200.33152770996094,4500000
2017-11-30,205.54400634765625,6364600
2017-12-01,206.63134765625,4765400
2017-12-04,208.04234313964844,3326100
2017-12-05,206.11671447753906,2526800
2017-12-06,204.1412811279297,2331400
2017-12-07,206.30760192871094,2667000
2017-12-08,207.7934112548828,1959100
2017-12-11,207.6107635498047,1494200
2017-12-12,213.8773193359375,3464200
2017-12-13,212.1177215576172,3482300
2017-12-14,212.0513153076172,3353200
2017-12-15,213.45404052734375,5283400
2017-12-18,215.81951904296875,2575600
2017-12-19,212.88133239746094,2195500
2017-12-20,211.8022918701172,2052400
2017-12-21,216.64125061035156,3337800
2017-12-22,214.94801330566406,2100600
2017-12-26,213.91053771972656,1289300
2017-12-27,212.44142150878906,1567900
2017-12-28,212.89793395996094,1301000
2017-12-29,211.45372009277344,2519300
2018-01-02,212.2090301513672,2258300
2018-01-03,210.23353576660156,2988200
2018-01-04,213.1718292236328,2583200
2018-01-05,212.08450317382812,2594700
2018-01-08,209.00518798828125,2940500
2018-01-09,210.7730712890625,2637300
2018-01-10,211.09677124023438,2927200
2018-01-11,211.7607879638672,2422400
2018-01-12,213.33778381347656,2849200
2018-01-16,214.52471923828125,4445500
2018-01-17,210.5323486328125,8608100
2018-01-18,208.30795288085938,4984500
2018-01-19,212.58250427246094,4643400
2018-01-22,217.06459045410156,5264700
2018-01-23,215.8776397705078,4003600
2018-01-24,220.5174102783203,4314000
2018-01-25,223.29795837402344,5055000
2018-01-26,222.55921936035156,3535400
2018-01-29,226.1614990234375,3881100
2018-01-30,223.22329711914062,3970400
2018-01-31,222.35174560546875,3710200
2018-02-01,225.95401000976562,3388200
2018-02-02,215.836181640625,5913900
2018-02-05,206.7641143798828,6528500
2018-02-06,214.72393798828125,6739900
2018-02-07,213.3959197998047,4125000
2018-02-08,204.4733123779297,4166200
2018-02-09,206.92181396484375,5978600
2018-02-12,210.1256866455078,3692500
2018-02-13,212.09280395507812,2700500
2018-02-14,217.94439697265625,3793800
2018-02-15,222.1774444580078,3523100
2018-02-16,222.12765502929688,2602500
2018-02-20,219.86172485351562,2618400
2018-02-21,218.6250457763672,3017900
2018-02-22,216.9898681640625,2678900
2018-02-23,221.4221649169922,2507100
2018-02-26,225.14891052246094,2751400
2018-02-27,222.38494873046875,3140600
2018-02-28,218.8474884033203,3104300
2018-03-01,213.7285919189453,3483500
2018-03-02,214.84390258789062,3122800
2018-03-05,219.0056610107422,2445800
2018-03-06,222.1768341064453,2217300
2018-03-07,220.86175537109375,2509400
2018-03-08,221.68572998046875,2565400
2018-03-09,225.37303161621094,4410600
2018-03-12,227.54544067382812,3065600
2018-03-13,223.5085906982422,2288100
2018-03-14,220.09603881835938,2478700
2018-03-15,221.91046142578125,2255200
2018-03-16,222.73455810546875,4114400
2018-03-19,218.5145721435547,2426900
2018-03-20,219.0638885498047,1514800
2018-03-21,217.94859313964844,2817600
2018-03-22,210.24942016601562,4489300
2018-03-23,204.13995361328125,3634200
2018-03-26,212.14715576171875,3787200
2018-03-27,205.80470275878906,2981500
2018-03-28,207.56092834472656,2660200
2018-03-29,209.63348388671875,3073900
2018-04-02,205.87960815429688,3429900
2018-04-03,208.56809997558594,2488200
2018-04-04,210.26602172851562,2853200
2018-04-05,212.92120361328125,1924800
2018-04-06,208.0603790283203,3621900
2018-04-09,209.90818786621094,3256700
2018-04-10,213.5537872314453,3113900
2018-04-11,210.53236389160156,3322000
2018-04-12,216.06747436523438,3059100
2018-04-13,213.0127716064453,3026200
2018-04-16,214.64414978027344,3257400
2018-04-17,211.1067352294922,10134400
2018-04-18,211.41468811035156,4524800
2018-04-19,211.55618286132812,3990000
2018-04-20,209.7166748046875,2930600
2018-04-23,205.3135986328125,3775900
2018-04-24,201.83444213867188,4705100
2018-04-25,199.1209716796875,5041400
2018-04-26,199.8367919921875,2891100
2018-04-27,199.59547424316406,2136800
2018-04-30,198.37191772460938,2790500
2018-05-01,196.99024963378906,3269800
2018-05-02,194.80947875976562,3710900
2018-05-03,194.2768096923828,4511400
2018-05-04,195.55023193359375,2622300
2018-05-07,197.43136596679688,1979400
2018-05-08,197.26486206054688,3267000
2018-05-09,201.20184326171875,2434000
2018-05-10,202.6251678466797,2599000
2018-05-11,202.19235229492188,1540100
2018-05-14,203.01638793945312,1928500
2018-05-15,201.06031799316406,2165700
2018-05-16,200.56097412109375,1965200
2018-05-17,199.0127716064453,2462700
2018-05-18,197.26486206054688,2699000
2018-05-21,197.84751892089844,1951700
2018-05-22,198.09722900390625,2551500
2018-05-23,197.9390411376953,3114000
2018-05-24,196.5157470703125,2308700
2018-05-25,195.6084747314453,1985600
2018-05-29,188.9663848876953,5323600
2018-05-30,191.41380310058594,3348600
2018-05-31,188.67408752441406,5334900
2018-06-01,190.7372589111328,3330900
2018-06-04,192.0235595703125,2133600
2018-06-05,190.7289276123047,1986200
2018-06-06,193.97817993164062,2566400
2018-06-07,194.99717712402344,2905000
2018-06-08,194.94708251953125,2253100
2018-06-11,195.5317840576172,1936800
2018-06-12,194.312255859375,2080000
2018-06-13,195.31455993652344,3637400
2018-06-14,195.16421508789062,2899600
2018-06-15,193.71922302246094,4738100
2018-06-18,193.27647399902344,2327500
2018-06-19,190.71218872070312,3326600
2018-06-20,190.2945556640625,2678300
2018-06-21,189.59286499023438,3094600
2018-06-22,188.7910614013672,2731800
2018-06-25,185.04891967773438,3817700
2018-06-26,185.08236694335938,2692900
2018-06-27,183.91294860839844,3104200
2018-06-28,186.61927795410156,3072600
2018-06-29,184.23875427246094,3393700
2018-07-02,186.4856414794922,1723200
2018-07-03,184.08001708984375,1204400
2018-07-05,184.38072204589844,2218200
2018-07-06,185.2577667236328,1846400
2018-07-09,190.43653869628906,2743900
2018-07-10,189.4843292236328,2524800
2018-07-11,188.49032592773438,2527000
2018-07-12,189.79335021972656,2223100
2018-07-13,189.11680603027344,2541500
2018-07-16,193.31829833984375,3271200
2018-07-17,192.96749877929688,9280200
2018-07-18,193.15122985839844,6149900
2018-07-19,191.806396484375,4638500
2018-07-20,193.52706909179688,2683500
2018-07-23,195.256103515625,2788500
2018-07-24,197.0269317626953,2887400
2018-07-25,197.7035369873047,2181500
2018-07-26,198.05430603027344,1885500
2018-07-27,198.4970245361328,1998200
2018-07-30,199.59124755859375,2454100
2018-07-31,198.32159423828125,2503700
2018-08-01,197.1605682373047,2510500
2018-08-02,195.4482421875,2579700
2018-08-03,195.5317840576172,3053100
2018-08-06,197.06869506835938,2259600
2018-08-07,198.65576171875,2399500
2018-08-08,197.43626403808594,2522400
2018-08-09,195.2728271484375,2951900
2018-08-10,191.7897491455078,3863400
2018-08-13,189.49266052246094,2662700
2018-08-14,191.74794006347656,2359000
2018-08-15,191.489013671875,3218500
2018-08-16,194.6212921142578,2438300
2018-08-17,194.938720703125,2107200
2018-08-20,196.9434051513672,2604900
2018-08-21,199.3406982421875,2437300
2018-08-22,199.91702270507812,1870900
2018-08-23,197.4111328125,2064700
2018-08-24,196.3837890625,1948100
2018-08-27,202.6400604248047,4106900
2018-08-28,202.4479217529297,2951000
2018-08-29,202.305419921875,1911700
2018-08-30,200.62936401367188,1963700
2018-08-31,199.29681396484375,1965500
2018-09-04,199.17117309570312,2083500
2018-09-05,199.0873260498047,2092000
2018-09-06,196.53968811035156,2651400
2018-09-07,196.02847290039062,1952900
2018-09-10,194.3523712158203,1948100
2018-09-11,192.9276885986328,2719400
2018-09-12,191.2012939453125,3577700
2018-09-13,191.35214233398438,3003600
2018-09-14,192.11476135253906,2228300
2018-09-17,190.98336791992188,1918800
2018-09-18,191.82144165039062,2498100
2018-09-19,197.4280242919922,3716500
2018-09-20,198.95323181152344,2503000
2018-09-21,197.22689819335938,3760300
2018-09-24,195.1820068359375,2057000
2018-09-25,194.8468017578125,2003200
2018-09-26,191.81307983398438,2372700
2018-09-27,190.85768127441406,2451500
2018-09-28,187.9245147705078,3097800
2018-10-01,188.83795166015625,2451300
2018-10-02,189.45814514160156,2272700
2018-10-03,190.89120483398438,2573900
2018-10-04,190.63978576660156,2903600
2018-10-05,189.15647888183594,1722400
2018-10-08,188.854736328125,2522900
2018-10-09,186.8098602294922,1862900
2018-10-10,180.08872985839844,3955500
2018-10-11,178.4796600341797,6217400
2018-10-12,179.2339324951172,4161300
2018-10-15,180.36529541015625,3333800
2018-10-16,185.7958526611328,5924200
2018-10-17,191.31024169921875,4953700
2018-10-18,188.51951599121094,2995400
2018-10-19,190.20401000976562,2759100
2018-10-22,185.7121124267578,2736800
2018-10-23,183.1643829345703,3318200
2018-10-24,175.3034210205078,4152700
2018-10-25,179.35122680664062,3179700
2018-10-26,177.968505859375,3557900
2018-10-29,179.75350952148438,3278200
2018-10-30,183.76780700683594,3897400
2018-10-31,188.8715057373047,4369600
2018-11-01,190.21240234375,2557600
2018-11-02,192.4918975830078,3699000
2018-11-05,191.67898559570312,2565200
2018-11-06,191.24322509765625,2275600
2018-11-07,193.8243865966797,3514300
2018-11-08,194.1344757080078,2404800
2018-11-09,186.59197998046875,3721700
2018-11-12,172.68038940429688,11019400
2018-11-13,171.84230041503906,6984800
2018-11-14,169.69691467285156,5742500
2018-11-15,170.74447631835938,4260000
2018-11-16,169.38681030273438,2829600
2018-11-19,166.11842346191406,3419100
2018-11-20,160.3526153564453,5513800
2018-11-21,161.4085693359375,4111700
2018-11-23,158.47540283203125,1862600
2018-11-26,162.86676025390625,3143300
2018-11-27,162.2885284423828,2345400
2018-11-28,166.2273712158203,3762900
2018-11-29,163.95550537109375,2665700
2018-11-30,160.45509338378906,6220000
2018-12-03,161.2460174560547,4017000
2018-12-04,155.08663940429688,5797500
2018-12-06,154.90150451660156,5275500
2018-12-07,151.18231201171875,3921200
2018-12-10,150.4755401611328,4528300
2018-12-11,148.76739501953125,4713900
2018-12-12,148.68324279785156,3677300
2018-12-13,148.02691650390625,4008600
2018-12-14,145.37635803222656,5078300
2018-12-17,141.37112426757812,8395800
2018-12-18,144.30770874023438,5150800
2018-12-19,142.41445922851562,5316100
2018-12-20,141.7077178955078,6488200
2018-12-21,134.67320251464844,8960000
2018-12-24,131.5598907470703,3783500
2018-12-26,137.0965576171875,7054700
2018-12-27,139.183349609375,4973000
2018-12-28,137.18072509765625,4110500
2018-12-31,140.5633544921875,4550000
2019-01-02,144.75369262695312,3999400
2019-01-03,142.6332550048828,4060200
2019-01-04,147.29489135742188,3788300
2019-01-07,148.1110382080078,3152100
2019-01-08,147.56411743164062,2692700
2019-01-09,148.48968505859375,3321400
2019-01-10,148.09426879882812,2808700
2019-01-11,148.87680053710938,3182700
2019-01-14,150.3829803466797,3361700
2019-01-15,151.38429260253906,2911800
2019-01-16,165.83189392089844,15194200
2019-01-17,167.523193359375,8177000
2019-01-18,170.42617797851562,5650900
2019-01-22,166.33677673339844,4648500
2019-01-23,165.68043518066406,3410700
2019-01-24,166.43777465820312,2631800
2019-01-25,168.9115753173828,3275000
2019-01-28,168.0533447265625,2369600
2019-01-29,168.70962524414062,2694100
2019-01-30,170.37567138671875,2773300
2019-01-31,166.61444091796875,5604500
2019-02-01,165.37750244140625,3174200
2019-02-04,166.37039184570312,2400200
2019-02-05,166.61444091796875,2601000
2019-02-06,165.44485473632812,2063100
2019-02-07,162.45770263671875,2948800
2019-02-08,161.27967834472656,2757500
2019-02-11,160.99359130859375,2056500
2019-02-12,163.65257263183594,2392900
2019-02-13,163.82081604003906,2757300
2019-02-14,162.0032958984375,2865000
2019-02-15,167.0267791748047,3065400
2019-02-19,167.16978454589844,2558200
2019-02-20,167.11090087890625,2266000
2019-02-21,165.22607421875,2785900
2019-02-22,164.92311096191406,2626600
2019-02-25,167.1529541015625,3032200
2019-02-26,167.36334228515625,2499800
2019-02-27,167.3633575439453,1804200
2019-02-28,166.1805877685547,2964300
2019-03-01,167.44778442382812,2580500
2019-03-04,165.57228088378906,2683600
2019-03-05,165.58917236328125,2338600
2019-03-06,164.52468872070312,2247500
2019-03-07,162.8603057861328,3567800
2019-03-08,164.94708251953125,3162700
2019-03-11,165.56381225585938,2669000
2019-03-12,166.12144470214844,1977400
2019-03-13,166.6451873779297,1904500
2019-03-14,166.8310546875,1482300
2019-03-15,167.4984893798828,2985200
2019-03-18,171.05528259277344,3354900
2019-03-19,169.91473388671875,3284900
2019-03-20,164.16983032226562,5033500
2019-03-21,164.38949584960938,4031500
2019-03-22,159.64146423339844,5703100
2019-03-25,159.26129150390625,3751000
2019-03-26,161.10302734375,2910100
2019-03-27,160.54544067382812,2343800
2019-03-28,161.5170135498047,2343400
2019-03-29,162.2013397216797,2632800
2019-04-01,166.21435546875,3562600
2019-04-02,166.8564453125,2247000
2019-04-03,169.69509887695312,3227900
2019-04-04,170.85250854492188,2582300
2019-04-05,170.97927856445312,2447100
2019-04-08,171.1144561767578,1891500
2019-04-09,169.4923095703125,2400900
2019-04-10,171.48617553710938,1907100
2019-04-11,171.35943603515625,2802100
2019-04-12,175.59210205078125,5096600
2019-04-15,168.89251708984375,6617200
2019-04-16,170.52301025390625,4852600
2019-04-17,175.64279174804688,4195300
2019-04-18,173.9615478515625,2874300
2019-04-22,172.85479736328125,1591400
2019-04-23,172.4661407470703,2120900
2019-04-24,169.4247589111328,4606100
2019-04-25,170.15127563476562,2075300
2019-04-26,171.5706024169922,1543100
2019-04-29,174.8148193359375,2997000
2019-04-30,173.97003173828125,1833000
2019-05-01,172.9646453857422,1981800
2019-05-02,173.18429565429688,1514700
2019-05-03,175.3217315673828,1897600
2019-05-06,174.40081787109375,1927800
2019-05-07,171.1904296875,2839500
2019-05-08,169.77108764648438,1817600
2019-05-09,170.34561157226562,2333400
2019-05-10,170.700439453125,2089400
2019-05-13,164.71897888183594,3605600
2019-05-14,165.82569885253906,2463300
2019-05-15,165.92709350585938,2271100
2019-05-16,168.2419891357422,2008100
2019-05-17,166.7972412109375,1928300
2019-05-20,166.63673400878906,2483400
2019-05-21,168.21661376953125,2327600
2019-05-22,165.1836700439453,2427200
2019-05-23,162.18447875976562,3184100
2019-05-24,163.05462646484375,1637200
2019-05-28,160.0469512939453,3040000
2019-05-29,159.5886993408203,2815800
2019-05-30,159.01162719726562,1919300
2019-05-31,154.8701934814453,2640100
2019-06-03,155.46429443359375,2857800
2019-06-04,161.1417236328125,2420800
2019-06-05,159.919677734375,1967800
2019-06-06,161.0823516845703,1653500
2019-06-07,161.0823516845703,1838600
2019-06-10,164.74002075195312,2372000
2019-06-11,165.25765991210938,1632200
2019-06-12,161.4302520751953,2059400
2019-06-13,162.47412109375,1411400
2019-06-14,162.6523895263672,1403900
2019-06-17,161.9479522705078,1155600
2019-06-18,165.4698486328125,2363000
2019-06-19,166.0299835205078,2196800
2019-06-20,166.08090209960938,2749300
2019-06-21,166.28457641601562,3365500
2019-06-24,167.59996032714844,2069800
2019-06-25,166.38641357421875,1828300
2019-06-26,167.19259643554688,1649900
2019-06-27,169.15301513671875,2239200
2019-06-28,173.63389587402344,4854900
2019-07-01,175.5518341064453,2465700
2019-07-02,174.8050079345703,1621400
2019-07-03,174.85592651367188,978800
2019-07-05,176.4344482421875,1511400
2019-07-08,174.60983276367188,1853900
2019-07-09,176.32412719726562,1812100
2019-07-10,174.7965545654297,1779800
2019-07-11,179.36227416992188,3691600
2019-07-12,181.5602569580078,2626000
2019-07-15,179.55747985839844,2600200
2019-07-16,182.9011688232422,5283700
2019-07-17,181.01715087890625,2583500
2019-07-18,182.052490234375,2858100
2019-07-19,181.203857421875,1822300
2019-07-22,181.6112060546875,1907100
2019-07-23,186.21939086914062,3330600
2019-07-24,188.4258575439453,3180000
2019-07-25,186.6861114501953,2776700
2019-07-26,188.5191650390625,2304500
2019-07-29,186.97467041015625,1372800
2019-07-30,187.8911895751953,1644600
2019-07-31,186.81341552734375,1991100
2019-08-01,179.5743865966797,3070100
2019-08-02,177.6819610595703,2503000
2019-08-05,171.1558074951172,2794200
2019-08-06,174.83050537109375,2349400
2019-08-07,174.60133361816406,2454200
2019-08-08,175.67062377929688,2342200
2019-08-09,175.5857696533203,1790100
2019-08-12,171.02003479003906,1479300
2019-08-13,173.21804809570312,2115900
2019-08-14,165.96206665039062,3025100
2019-08-15,166.48826599121094,1981900
2019-08-16,169.2378387451172,1878700
2019-08-19,171.5971221923828,1646100
2019-08-20,169.713134765625,1545600
2019-08-21,170.30715942382812,1160800
2019-08-22,171.78378295898438,1275900
2019-08-23,166.5051727294922,2200500
2019-08-26,169.43307495117188,1441900
2019-08-27,168.09219360351562,1513300
2019-08-28,170.08651733398438,1437800
2019-08-29,173.7330322265625,1816800
2019-08-30,174.13436889648438,1529600
2019-09-03,169.91575622558594,2633600
2019-09-04,172.27267456054688,1720600
2019-09-05,176.8158721923828,2237900
2019-09-06,176.95248413085938,1438800
2019-09-09,181.0259552001953,2734500
2019-09-10,184.1429901123047,2615800
2019-09-11,185.1421356201172,1886300
2019-09-12,186.79881286621094,2913800
2019-09-13,187.78945922851562,2722400
2019-09-16,185.5008087158203,2205500
2019-09-17,184.3821258544922,2429100
2019-09-18,185.38125610351562,2474900
2019-09-19,183.80142211914062,1596200
2019-09-20,182.5289764404297,5458900
2019-09-23,182.2898406982422,1485500
2019-09-24,177.4136505126953,2837600
2019-09-25,179.3607177734375,1593400
2019-09-26,177.8150177001953,1685500
2019-09-27,178.45555114746094,1530900
2019-09-30,176.96958923339844,1794500
2019-10-01,173.092529296875,3156200
2019-10-02,169.30084228515625,3386800
2019-10-03,168.4383087158203,2914500
2019-10-04,171.47850036621094,3021100
2019-10-07,171.1369171142578,2202200
2019-10-08,168.54937744140625,2654900
2019-10-09,168.1053009033203,2443500
2019-10-10,170.6842803955078,2108000
2019-10-11,174.79190063476562,3334300
2019-10-14,175.76548767089844,2286100
2019-10-15,176.31201171875,8241900
2019-10-16,177.13182067871094,3405800
2019-10-17,176.31201171875,2876500
2019-10-18,176.3632354736328,2207000
2019-10-21,178.694580078125,1934900
2019-10-22,178.9935302734375,1868000
2019-10-23,180.4623565673828,1574500
2019-10-24,180.2317657470703,1266500
2019-10-25,182.9474334716797,2602100
2019-10-28,185.95339965820312,2707800
2019-10-29,185.85948181152344,2030800
2019-10-30,184.2966766357422,1584900
2019-10-31,182.22152709960938,1876200
2019-11-01,185.64596557617188,2112300
2019-11-04,187.7638397216797,2538100
2019-11-05,186.71340942382812,2525100
2019-11-06,186.5255889892578,1863000
2019-11-07,190.68443298339844,3748600
2019-11-08,190.35992431640625,1610800
2019-11-11,187.0464630126953,2754500
2019-11-12,188.2249755859375,1891600
2019-11-13,187.29417419433594,1756000
2019-11-14,187.38809204101562,1483100
2019-11-15,188.0883331298828,1693100
2019-11-18,187.64427185058594,1603400
2019-11-19,187.9089813232422,1817100
2019-11-20,186.09002685546875,2177700
2019-11-21,186.3633270263672,1677700
2019-11-22,188.11399841308594,1529100
2019-11-25,190.2232666015625,2181800
2019-11-26,189.9671173095703,1926300
2019-11-27,190.39407348632812,1614600
2019-11-29,190.09347534179688,770400
2019-12-02,186.9074249267578,2118500
2019-12-03,182.26991271972656,3207100
2019-12-04,185.4474334716797,1583600
2019-12-05,186.4779815673828,1329300
2019-12-06,192.89320373535156,4229400
2019-12-09,190.488525390625,2134600
2019-12-10,190.54864501953125,1854100
2019-12-11,189.9561309814453,1778600
2019-12-12,194.1298065185547,2974300
2019-12-13,193.22811889648438,1908200
2019-12-16,195.8388214111328,3218400
2019-12-17,198.50965881347656,3590000
2019-12-18,197.9085235595703,2280800
2019-12-19,197.4705352783203,2418100
2019-12-20,196.60316467285156,3715500
2019-12-23,196.74057006835938,1670400
2019-12-24,197.4447784423828,467700
2019-12-26,198.56117248535156,1704000
2019-12-27,198.0888671875,1343900
2019-12-30,197.35032653808594,1494500
2019-12-31,197.46194458007812,1447200
2020-01-02,201.23202514648438,3736300
2020-01-03,198.87896728515625,2274500
2020-01-06,200.91429138183594,3329300
2020-01-07,202.23684692382812,5255200
2020-01-08,204.186279296875,3564700
2020-01-09,208.3428497314453,3980700
2020-01-10,207.92198181152344,2248100
2020-01-13,210.58428955078125,3359200
2020-01-14,210.97071838378906,4302800
2020-01-15,210.58428955078125,5411200
2020-01-16,214.4574432373047,3968400
2020-01-17,214.23416137695312,3108400
2020-01-21,211.00509643554688,2492400
2020-01-22,212.16445922851562,2030900
2020-01-23,210.90208435058594,2806800
2020-01-24,207.75888061523438,2877400
2020-01-27,204.51263427734375,2506200
2020-01-28,208.32566833496094,3123000
2020-01-29,206.21298217773438,3711600
2020-01-30,209.6568145751953,3261700
2020-01-31,204.17771911621094,3482800
2020-02-03,205.259765625,2733000
2020-02-04,207.77603149414062,3052500
2020-02-05,209.80282592773438,3126600
2020-02-06,207.6729736328125,2225600
2020-02-07,204.39239501953125,3006500
2020-02-10,203.8427734375,2591300
2020-02-11,203.06983947753906,2238800
2020-02-12,204.9505615234375,2119200
2020-02-13,204.69296264648438,1461300
2020-02-14,203.60226440429688,1718700
2020-02-18,200.27874755859375,2736500
2020-02-19,203.81700134277344,2207100
2020-02-20,199.8665313720703,3183700
2020-02-21,198.05453491210938,3081600
2020-02-24,192.83306884765625,4139400
2020-02-25,186.88162231445312,5343100
2020-02-26,185.31004333496094,4171100
2020-02-27,176.64483642578125,5848200
2020-02-28,173.4738006591797,6727100
2020-03-02,180.99093627929688,5285500
2020-03-03,175.7721405029297,5677200
2020-03-04,180.36019897460938,3520400
2020-03-05,171.7629852294922,4151500
2020-03-06,166.63059997558594,5071900
2020-03-09,149.31517028808594,6443000
2020-03-10,159.28623962402344,6803900
2020-03-11,148.520263671875,5314000
2020-03-12,130.19393920898438,8357700
2020-03-13,153.08238220214844,6368400
2020-03-16,133.63275146484375,6888000
2020-03-17,137.09764099121094,6876300
2020-03-18,120.98326873779297,9543200
2020-03-19,129.16574096679688,6548200
2020-03-20,119.59212493896484,7561300
2020-03-23,116.61981964111328,5472600
2020-03-24,132.71690368652344,6647400
2020-03-25,134.03890991210938,8587800
2020-03-26,143.24960327148438,6762200
2020-03-27,136.81246948242188,4186700
2020-03-30,137.91845703125,4152800
2020-03-31,133.57235717773438,3588200
2020-04-01,125.53672790527344,4689100
2020-04-02,129.54591369628906,4446900
2020-04-03,126.95377349853516,2801600
2020-04-06,136.71742248535156,4689400
2020-04-07,143.4483184814453,4953500
2020-04-08,152.9009552001953,5194800
2020-04-09,159.2084503173828,6445800
2020-04-13,154.81912231445312,4774300
2020-04-14,153.99830627441406,4149600
2020-04-15,154.2489013671875,6042700
2020-04-16,152.97006225585938,4662200
2020-04-17,158.54315185546875,5426700
2020-04-20,155.8732147216797,4674800
2020-04-21,150.17916870117188,3819000
2020-04-22,152.05416870117188,2314500
2020-04-23,151.25064086914062,2013300
2020-04-24,152.93551635742188,2024400
2020-04-27,158.58631896972656,2743100
2020-04-28,161.5845947265625,3344700
2020-04-29,164.19395446777344,3086300
2020-04-30,158.48265075683594,2695400
2020-05-01,153.02191162109375,2650200
2020-05-04,152.09738159179688,2990100
2020-05-05,154.05874633789062,3272600
2020-05-06,152.8663787841797,2408700
2020-05-07,157.53219604492188,2480100
2020-05-08,160.1848602294922,2277500
2020-05-11,158.2580108642578,2212200
2020-05-12,153.116943359375,3549200
2020-05-13,148.44252014160156,3445300
2020-05-14,150.7322235107422,4176700
2020-05-15,148.5029754638672,2867800
2020-05-18,157.15203857421875,4505800
2020-05-19,153.6526641845703,2210500
2020-05-20,156.77182006835938,2599900
2020-05-21,155.61404418945312,2153500
2020-05-22,155.46714782714844,2176400
2020-05-26,169.40414428710938,5971200
2020-05-27,181.15518188476562,8182100
2020-05-28,173.8626251220703,4886100
2020-05-29,170.8369598388672,3822600
2020-06-01,173.82781982421875,2230800
2020-06-02,177.48818969726562,4128700
2020-06-03,183.07875061035156,3471900
2020-06-04,186.7738800048828,3522300
2020-06-05,189.46913146972656,4737600
2020-06-08,191.98184204101562,3260300
2020-06-09,189.6256561279297,2478400
2020-06-10,185.64356994628906,3091200
2020-06-11,168.78506469726562,4923400
2020-06-12,175.43630981445312,3380800
2020-06-15,179.37493896484375,3467400
2020-06-16,182.22666931152344,3099100
2020-06-17,179.27059936523438,1798300
2020-06-18,177.22740173339844,2051700
2020-06-19,175.305908203125,4962400
2020-06-22,176.86216735839844,1806900
2020-06-23,178.04464721679688,2451800
2020-06-24,172.16722106933594,2756700
2020-06-25,180.06178283691406,3466500
2020-06-26,164.49000549316406,9530700
2020-06-29,168.2112579345703,3736000
2020-06-30,171.81939697265625,3102800
2020-07-01,171.77598571777344,2620100
2020-07-02,171.62814331054688,2699400
2020-07-06,180.28781127929688,3567700
2020-07-07,173.33229064941406,2853500
2020-07-08,175.84494018554688,2789700
2020-07-09,171.13255310058594,3160100
2020-07-10,178.7228240966797,4414800
2020-07-13,181.60939025878906,4449600
2020-07-14,186.0696258544922,5202000
2020-07-15,188.58229064941406,12516700
2020-07-16,186.6434326171875,5769600
2020-07-17,183.80908203125,3614300
2020-07-20,184.0698699951172,2268700
2020-07-21,184.3394012451172,3393500
2020-07-22,179.1053466796875,4978400
2020-07-23,176.51443481445312,4088600
2020-07-24,175.16680908203125,3191500
2020-07-27,176.51443481445312,2601200
2020-07-28,175.2971954345703,2139600
2020-07-29,176.13189697265625,2635000
2020-07-30,173.4800567626953,3057900
2020-07-31,172.11505126953125,2399700
2020-08-03,173.3583984375,2294600
2020-08-04,175.3145751953125,1944700
2020-08-05,177.81858825683594,2232400
2020-08-06,177.58383178710938,1882400
2020-08-07,181.07899475097656,3075000
2020-08-10,182.04409790039062,2432800
2020-08-11,183.50477600097656,4042700
2020-08-12,184.43505859375,2439400
2020-08-13,181.1833038330078,2219900
2020-08-14,180.81817626953125,2287600
2020-08-17,176.55789184570312,3922600
2020-08-18,175.02769470214844,3067900
2020-08-19,176.51443481445312,2458500
2020-08-20,175.4971466064453,1764200
2020-08-21,176.00148010253906,1780900
2020-08-24,180.2704315185547,3097400
2020-08-25,179.1053466796875,2627600
2020-08-26,180.1660919189453,2563200
2020-08-27,182.7135467529297,3692400
2020-08-28,180.59210205078125,3697400
2020-08-31,179.20132446289062,3046200
2020-09-01,179.7174072265625,2457000
2020-09-02,183.72357177734375,3565200
2020-09-03,181.55430603027344,3533500
2020-09-04,184.51083374023438,3668900
2020-09-08,177.11073303222656,4574700
2020-09-09,176.88331604003906,4681400
2020-09-10,174.9502410888672,2510300
2020-09-11,175.74623107910156,2376400
2020-09-14,176.11358642578125,2756900
2020-09-15,173.19210815429688,3717600
2020-09-16,175.53628540039062,3571400
2020-09-17,170.41928100585938,4274800
2020-09-18,170.44549560546875,9066300
2020-09-21,169.69326782226562,4871300
2020-09-22,167.61148071289062,3355800
2020-09-23,162.800537109375,3116100
2020-09-24,170.6641845703125,5114600
2020-09-25,170.52423095703125,3106000
2020-09-28,174.12799072265625,3280100
2020-09-29,172.13369750976562,2400000
2020-09-30,175.7899932861328,3075800
2020-10-01,173.6731414794922,2288700
2020-10-02,174.85403442382812,2541200
2020-10-05,176.51596069335938,2551600
2020-10-06,175.89488220214844,2833100
2020-10-07,178.0904541015625,2326600
2020-10-08,181.9216766357422,2330600
2020-10-09,181.53683471679688,3040900
2020-10-12,187.29238891601562,3474200
2020-10-13,184.39707946777344,3317300
2020-10-14,184.7644805908203,7550100
2020-10-15,182.46397399902344,4325700
2020-10-16,180.37342834472656,3244500
2020-10-19,179.91856384277344,3235300
2020-10-20,181.96539306640625,3335500
2020-10-21,177.4868927001953,3083600
2020-10-22,179.6648712158203,2136900
2020-10-23,179.3500213623047,2110200
2020-10-26,175.9386444091797,3249700
2020-10-27,171.16273498535156,3430400
2020-10-28,165.9932861328125,4214600
2020-10-29,166.14195251464844,3581200
2020-10-30,165.35472106933594,3658800
2020-11-02,166.3693389892578,2459600
2020-11-03,173.13084411621094,4545500
2020-11-04,173.07838439941406,3868500
2020-11-05,177.5306396484375,2892800
2020-11-06,176.0436248779297,2475100
2020-11-09,188.00086975097656,6960500
2020-11-10,190.22262573242188,4166500
2020-11-11,190.72996520996094,2680700
2020-11-12,187.63351440429688,3005500
2020-11-13,191.6309051513672,2832100
2020-11-16,194.51747131347656,3004700
2020-11-17,196.50303649902344,2722900
2020-11-18,196.19688415527344,2856200
2020-11-19,196.4330596923828,1505200
2020-11-20,195.36590576171875,1848100
2020-11-23,200.15931701660156,3371300
2020-11-24,207.74301147460938,3915200
2020-11-25,206.90330505371094,2272800
2020-11-27,205.90614318847656,1050400
2020-11-30,201.69007873535156,2705400
2020-12-01,204.1085968017578,2577600
2020-12-02,209.00729370117188,2136300
2020-12-03,207.09002685546875,2142600
2020-12-04,210.7046661376953,2373000
2020-12-07,209.7108612060547,1788600
2020-12-08,210.05384826660156,1371800
2020-12-09,213.5541534423828,3552300
2020-12-10,214.9437255859375,2541700
2020-12-11,211.06527709960938,2077300
2020-12-14,209.13037109375,1927800
2020-12-15,213.21116638183594,2348000
2020-12-16,214.38967895507812,2400900
2020-12-17,214.97012329101562,2983600
2020-12-18,212.94732666015625,4088100
2020-12-21,226.00758361816406,7408500
2020-12-22,219.9479522705078,3599800
2020-12-23,225.54139709472656,3376100
2020-12-24,225.28634643554688,968100
2020-12-28,228.30291748046875,2793400
2020-12-29,226.9134063720703,1430900
2020-12-30,228.17987060546875,1566500
2020-12-31,231.92640686035156,2043100
2021-01-04,233.06094360351562,3572000
2021-01-05,238.27622985839844,4207100
2021-01-06,251.13414001464844,6383500
2021-01-07,256.49896240234375,4009700
2021-01-08,255.11814880371094,2800800
2021-01-11,258.4161682128906,2649700
2021-01-12,265.78619384765625,4814400
2021-01-13,266.4281921386719,2413800
2021-01-14,270.7640686035156,3192200
2021-01-15,264.7308349609375,3863700
2021-01-19,258.74169921875,6727800
2021-01-20,255.461181640625,4792600
2021-01-21,254.4937744140625,2516000
2021-01-22,254.5113067626953,2568800
2021-01-25,248.9266357421875,4575000
2021-01-26,247.8009490966797,3296800
2021-01-27,240.386962890625,3891800
2021-01-28,241.87327575683594,3778700
2021-01-29,238.48731994628906,3412000
2021-02-01,241.61822509765625,2324100
2021-02-02,252.38296508789062,5195500
2021-02-03,253.77261352539062,2712800
2021-02-04,258.3458557128906,2994700
2021-02-05,258.1260681152344,2938100
2021-02-08,263.9744873046875,2826200
2021-02-09,264.2471618652344,2071700
2021-02-10,267.6067199707031,3213700
2021-02-11,265.8829345703125,2159900
2021-02-12,269.40087890625,1977300
2021-02-16,274.361083984375,2792200
2021-02-17,275.047119140625,2333100
2021-02-18,272.54937744140625,2093300
2021-02-19,277.5800476074219,2749500
2021-02-22,278.6792907714844,3162300
2021-02-23,280.7373046875,2942500
2021-02-24,290.7897033691406,3934400
2021-02-25,288.2567443847656,4244000
2021-02-26,280.9747619628906,3732200
2021-03-01,291.2962646484375,2957800
2021-03-02,292.19671630859375,2850300
2021-03-03,295.2781982421875,3606300
2021-03-04,290.7399597167969,3647600
2021-03-05,289.04473876953125,3740200
2021-03-08,295.06634521484375,2998000
2021-03-09,291.8877258300781,3324800
2021-03-10,301.9796142578125,3153100
2021-03-11,302.05029296875,2756600
2021-03-12,307.9747009277344,2436700
2021-03-15,305.53790283203125,2276200
2021-03-16,301.70599365234375,2332600
2021-03-17,304.5666809082031,2710900
2021-03-18,307.2594909667969,3713000
2021-03-19,303.90447998046875,3513000
2021-03-22,299.6044921875,2094500
2021-03-23,292.9295959472656,2457500
2021-03-24,290.17498779296875,3332200
2021-03-25,291.85247802734375,2804700
2021-03-26,289.0623474121094,3082600
2021-03-29,287.5967102050781,4533200
2021-03-30,293.14154052734375,2717300
2021-03-31,288.7179870605469,2624500
2021-04-01,289.2831726074219,2659000
2021-04-05,285.6631164550781,3235000
2021-04-06,288.7710266113281,1801700
2021-04-07,288.32073974609375,2157300
2021-04-08,292.3734436035156,2402800
2021-04-09,292.08203125,2347100
2021-04-12,292.991455078125,2318800
2021-04-13,289.31842041015625,3575900
2021-04-14,296.0904846191406,9876800
2021-04-15,298.91595458984375,4354800
2021-04-16,302.23565673828125,4231900
2021-04-19,302.92437744140625,3228200
2021-04-20,293.0267333984375,3662300
2021-04-21,296.01983642578125,2733300
2021-04-22,292.11737060546875,2165200
2021-04-23,299.62225341796875,2163800
2021-04-26,303.3040466308594,2171500
2021-04-27,306.0499267578125,2088600
2021-04-28,307.35675048828125,2140900
2021-04-29,311.6477355957031,2584400
2021-04-30,307.6568908691406,2101100
2021-05-03,309.16668701171875,1871700
2021-05-04,308.88409423828125,2831400
2021-05-05,315.75341796875,2786800
2021-05-06,323.12579345703125,3048700
2021-05-07,327.4698486328125,3378100
2021-05-10,325.5185241699219,3396300
2021-05-11,317.78411865234375,3734300
2021-05-12,312.91033935546875,3309800
2021-05-13,316.80401611328125,2673900
2021-05-14,325.5980224609375,2732300
2021-05-17,326.0218505859375,1826100
2021-05-18,321.880859375,2018600
2021-05-19,316.42449951171875,3696000
2021-05-20,317.6604919433594,1919600
2021-05-21,323.3818359375,2657500
2021-05-24,325.1741638183594,1834300
2021-05-25,321.83673095703125,2631000
2021-05-26,324.388427734375,2121200
2021-05-27,327.8935546875,3897000
2021-05-28,329.5768737792969,2169700
2021-06-01,338.80804443359375,3644000
2021-06-02,339.6939697265625,2809700
2021-06-03,344.3716735839844,3003900
2021-06-04,346.7901611328125,2514100
2021-06-07,343.8754577636719,2188700
2021-06-08,340.81024169921875,2452600
2021-06-09,339.1093444824219,2025900
2021-06-10,331.2778015136719,3900800
2021-06-11,334.9189147949219,2117300
2021-06-14,330.37420654296875,2560500
2021-06-15,328.9389953613281,2302900
2021-06-16,328.6731872558594,3264200
2021-06-17,320.257080078125,4146300
2021-06-18,309.0325622558594,6290100
2021-06-21,316.7488708496094,2717300
2021-06-22,316.7400207519531,1870800
2021-06-23,319.85845947265625,1713100
2021-06-24,326.67999267578125,2716600
2021-06-25,326.6976318359375,2782400
2021-06-28,326.6445007324219,1833400
2021-06-29,330.10845947265625,2365900
2021-06-30,336.23004150390625,2238400
2021-07-01,332.20806884765625,2571000
2021-07-02,331.4727783203125,1598900
2021-07-06,327.6632995605469,2162900
2021-07-07,325.7231750488281,2012800
2021-07-08,317.98907470703125,2940500
2021-07-09,329.3465881347656,2641800
2021-07-12,337.08941650390625,4135900
2021-07-13,333.0851135253906,6466800
2021-07-14,331.68536376953125,3295700
2021-07-15,330.7551574707031,2183900
2021-07-16,323.1805725097656,2583300
2021-07-19,314.2506103515625,4394600
2021-07-20,323.1451416015625,2937900
2021-07-21,330.88800048828125,2398800
2021-07-22,330.1882019042969,1887100
2021-07-23,331.375244140625,1706900
2021-07-26,333.01422119140625,1559100
2021-07-27,332.0751953125,1791800
2021-07-28,331.5347595214844,1668900
2021-07-29,334.47589111328125,1296600
2021-07-30,332.110595703125,1474900
2021-08-02,335.0429992675781,2383200
2021-08-03,336.96539306640625,1494600
2021-08-04,334.75054931640625,1460500
2021-08-05,340.4558410644531,1583800
2021-08-06,352.4954528808594,3655800
2021-08-09,354.2584228515625,3319100
2021-08-10,361.4253234863281,3152300
2021-08-11,366.6699523925781,3000500
2021-08-12,367.65338134765625,2312800
2021-08-13,363.91485595703125,1980000
2021-08-16,361.76202392578125,1590700
2021-08-17,358.7676696777344,2077400
2021-08-18,353.3016357421875,2187800
2021-08-19,348.66827392578125,2241500
2021-08-20,350.70587158203125,1612100
2021-08-23,355.64923095703125,1857600
2021-08-24,361.94805908203125,1958400
2021-08-25,365.9878845214844,1845300
2021-08-26,365.3588562011719,2076500
2021-08-27,371.80828857421875,2174500
2021-08-30,366.41302490234375,2089400
2021-08-31,368.1134033203125,1958100
2021-09-01,368.2469177246094,1680400
2021-09-02,368.9947204589844,1830400
2021-09-03,366.15496826171875,1373600
2021-09-07,365.2735290527344,1557000
2021-09-08,360.53765869140625,1646200
2021-09-09,360.1637878417969,2424600
2021-09-10,359.1845397949219,1956000
2021-09-13,364.33001708984375,1802800
2021-09-14,359.3715515136719,3263200
2021-09-15,357.822509765625,3199800
2021-09-16,353.131103515625,2882900
2021-09-17,348.484130859375,3843700
2021-09-20,336.6175231933594,3834500
2021-09-21,334.57891845703125,2377300
2021-09-22,343.1517333984375,2991300
2021-09-23,348.8403015136719,2518000
2021-09-24,347.9410705566406,1789700
2021-09-27,355.9174499511719,2788500
2021-09-28,346.7393493652344,2609000
2021-09-29,342.6354064941406,1955000
2021-09-30,336.52850341796875,2665700
2021-10-01,338.2823181152344,2382300
2021-10-04,333.074462890625,2895600
2021-10-05,343.4543762207031,2508100
2021-10-06,345.4484558105469,2111800
2021-10-07,347.736328125,2348000
2021-10-08,349.6859130859375,1446700
2021-10-11,342.94696044921875,1787400
2021-10-12,344.0953674316406,2088200
2021-10-13,343.8995056152344,2391600
2021-10-14,348.2527160644531,3380900
2021-10-15,361.490234375,6451400
2021-10-18,368.273681640625,3832300
2021-10-19,366.9116516113281,2568300
2021-10-20,363.11041259765625,2453400
2021-10-21,362.8433532714844,2162100
2021-10-22,368.83453369140625,2411000
2021-10-25,369.21728515625,1824700
2021-10-26,371.7633056640625,1843300
2021-10-27,365.8700256347656,2067200
2021-10-28,369.2795715332031,1444700
2021-10-29,367.9709777832031,2061700
2021-11-01,370.953125,1820800
2021-11-02,377.3182067871094,3000800
2021-11-03,372.0214538574219,3542400
2021-11-04,363.2705993652344,3802300
2021-11-05,362.38934326171875,2105600
2021-11-08,363.510986328125,1728400
2021-11-09,360.8492431640625,2246900
2021-11-10,355.30322265625,2243900
2021-11-11,358.16973876953125,1252400
2021-11-12,360.4574890136719,1360100
2021-11-15,360.36846923828125,1436500
2021-11-16,358.83740234375,1311000
2021-11-17,348.56427001953125,2927000
2021-11-18,348.4040832519531,1847400
2021-11-19,344.8609924316406,2610400
2021-11-22,352.6681213378906,3058700
2021-11-23,361.7305603027344,2402300
2021-11-24,355.365478515625,2186300
2021-11-26,346.6413879394531,2687900
2021-11-29,344.10430908203125,2883400
2021-11-30,339.1636047363281,4570400
2021-12-01,336.9173583984375,2476000
2021-12-02,346.8150939941406,3343700
2021-12-03,342.5106201171875,2807500
2021-12-06,348.3901672363281,1990200
2021-12-07,358.06414794921875,2441000
2021-12-08,355.5674133300781,1635200
2021-12-09,354.8245849609375,2111500
2021-12-10,349.9651794433594,1893800
2021-12-13,344.2198181152344,2313300
2021-12-14,347.9605407714844,2788500
2021-12-15,348.93603515625,2802300
2021-12-16,355.61212158203125,3578200
2021-12-17,341.6783142089844,7058600
2021-12-20,332.55908203125,3735600
2021-12-21,340.353759765625,2942800
2021-12-22,342.152587890625,1487900
2021-12-23,344.57781982421875,1624000
2021-12-27,347.26263427734375,1430400
2021-12-28,346.877685546875,1528200
2021-12-29,345.6158752441406,1327800
2021-12-30,345.00732421875,1160100
2021-12-31,342.3494873046875,1601300
2022-01-03,353.78643798828125,3334300
2022-01-04,364.65972900390625,3916400
2022-01-05,356.73968505859375,3469600
2022-01-06,355.2182922363281,2960900
2022-01-07,355.7374267578125,2360700
2022-01-10,357.2229919433594,3009400
2022-01-11,360.6951904296875,1748800
2022-01-12,349.2940673828125,4158000
2022-01-13,349.7325134277344,2497800
2022-01-14,340.90863037109375,4685300
2022-01-18,317.1576232910156,13123500
2022-01-19,310.8216857910156,7426100
2022-01-20,311.5196838378906,4599900
2022-01-21,307.7699890136719,4904100
2022-01-24,307.30462646484375,6569800
2022-01-25,305.657958984375,3959300
2022-01-26,306.66925048828125,3745900
2022-01-27,305.1925964355469,2573400
2022-01-28,310.5442199707031,3714600
2022-01-31,317.4082336425781,3312400
2022-02-01,325.8025207519531,3303700
2022-02-02,324.9075927734375,2742400
2022-02-03,321.1668395996094,2372900
2022-02-04,328.97052001953125,3762300
2022-02-07,329.46270751953125,2635600
2022-02-08,331.2077941894531,3422300
2022-02-09,335.17230224609375,2250400
2022-02-10,331.62841796875,2406200
2022-02-11,324.9075927734375,3142100
2022-02-14,322.3838806152344,2585600
2022-02-15,325.6951599121094,1846400
2022-02-16,322.21392822265625,2165300
2022-02-17,312.3788146972656,3102400
2022-02-18,309.6761169433594,2910900
2022-02-22,308.0921325683594,2590800
2022-02-23,305.33587646484375,2217300
2022-02-24,304.44091796875,4564000
2022-02-25,313.3274841308594,2980500
2022-02-28,305.4253234863281,4245700
2022-03-01,295.44219970703125,5631500
2022-03-02,302.8057861328125,3469900
2022-03-03,300.1411437988281,2393700
2022-03-04,296.7654724121094,3293100
2022-03-07,289.7620544433594,3689900
2022-03-08,289.2939147949219,3596400
2022-03-09,300.294189453125,3202100
2022-03-10,296.97247314453125,2232600
2022-03-11,294.3619689941406,2613500
2022-03-14,292.5436706542969,2342200
2022-03-15,296.30645751953125,2140700
2022-03-16,306.74859619140625,3468500
2022-03-17,309.0080261230469,2403500
2022-03-18,310.90753173828125,5861900
2022-03-21,305.1642761230469,3401200
2022-03-22,308.77398681640625,2840200
2022-03-23,302.1125793457031,2196800
2022-03-24,302.6707458496094,1944100
2022-03-25,303.804931640625,1580800
2022-03-28,301.83349609375,2182600
2022-03-29,305.7583312988281,2378700
2022-03-30,302.0945129394531,2650200
2022-03-31,297.1525573730469,2632000
2022-04-01,297.26055908203125,2444800
2022-04-04,295.451171875,2569400
2022-04-05,291.6253662109375,2573900
2022-04-06,284.6939392089844,3151300
2022-04-07,282.7945861816406,3562600
2022-04-08,289.31195068359375,3294200
2022-04-11,288.7447814941406,2747700
2022-04-12,287.8625793457031,2365200
2022-04-13,289.8340148925781,3022900
2022-04-14,289.53692626953125,5460900
2022-04-18,296.95452880859375,3653400
2022-04-19,302.418701171875,2774800
2022-04-20,307.0186462402344,3040100
2022-04-21,300.933349609375,3097800
2022-04-22,287.8535461425781,3125200
2022-04-25,289.33892822265625,3093600
2022-04-26,281.8673095703125,2791700
2022-04-27,281.96636962890625,2469300
2022-04-28,286.6293640136719,2176000
2022-04-29,274.9989013671875,3129600
2022-05-02,279.43682861328125,2968100
2022-05-03,283.25360107421875,2606200
2022-05-04,291.7603759765625,2629400
2022-05-05,281.8224182128906,2622100
2022-05-06,281.72320556640625,2375600
2022-05-09,278.05950927734375,3234000
2022-05-10,274.6118469238281,2798400
2022-05-11,271.4521179199219,2320600
2022-05-12,269.52581787109375,3408300
2022-05-13,276.34918212890625,2152500
2022-05-16,273.15350341796875,1568800
2022-05-17,281.7323303222656,2096200
2022-05-18,276.11517333984375,2033200
2022-05-19,277.43841552734375,2108800
2022-05-20,276.1780700683594,2201100
2022-05-23,285.00897216796875,2653000
2022-05-24,282.61456298828125,1870900
2022-05-25,283.4697570800781,1929500
2022-05-26,291.3283386230469,2440400
2022-05-27,295.7843322753906,2106700
2022-05-31,296.0287780761719,2722900
2022-06-01,291.500244140625,2330200
2022-06-02,293.6739501953125,1957500
2022-06-03,288.62921142578125,1238900
2022-06-06,290.28668212890625,1099700
2022-06-07,291.1923522949219,2516800
2022-06-08,285.0063781738281,1438100
2022-06-09,275.5328063964844,2896500
2022-06-10,259.9547424316406,3866900
2022-06-13,256.60357666015625,4218100
2022-06-14,255.89712524414062,2487700
2022-06-15,262.7171325683594,2725800
2022-06-16,258.1070861816406,2777300
2022-06-17,253.4064483642578,5234400
2022-06-21,257.9530029296875,2506300
2022-06-22,257.70855712890625,2463100
2022-06-23,259.184814453125,2547000
2022-06-24,274.201416015625,3984300
2022-06-27,272.4171142578125,2091700
2022-06-28,271.2487487792969,2276600
2022-06-29,274.6814270019531,2475900
2022-06-30,269.01165771484375,2669500
2022-07-01,271.0133056640625,1749400
2022-07-05,269.1747131347656,2480900
2022-07-06,266.0591125488281,1774500
2022-07-07,270.4427185058594,2046500
2022-07-08,268.5135803222656,1438900
2022-07-11,265.5337829589844,1519400
2022-07-12,264.945068359375,1772600
2022-07-13,262.7895202636719,1884100
2022-07-14,255.03671264648438,3171900
2022-07-15,266.1587219238281,3457600
2022-07-18,272.8519287109375,6767900
2022-07-19,288.05865478515625,5641100
2022-07-20,291.13800048828125,3489800
2022-07-21,295.7480773925781,2518800
2022-07-22,293.3841857910156,1830300
2022-07-25,293.5561828613281,4024500
2022-07-26,288.511474609375,2054700
2022-07-27,293.9366455078125,2081900
2022-07-28,298.0756530761719,1820700
2022-07-29,301.9521484375,2112200
2022-08-01,300.7655944824219,1476500
2022-08-02,296.9616394042969,1862900
2022-08-03,301.75286865234375,1770600
2022-08-04,300.57537841796875,1533400
2022-08-05,303.1114196777344,1876400
2022-08-08,303.1204528808594,1460000
2022-08-09,304.8775329589844,1587900
2022-08-10,315.10296630859375,2459500
2022-08-11,318.51739501953125,2360800
2022-08-12,320.45556640625,2369000
2022-08-15,322.2941589355469,2045700
2022-08-16,321.4971618652344,1740900
2022-08-17,320.383056640625,1576300
2022-08-18,321.0895690917969,1102200
2022-08-19,316.3346862792969,1812300
2022-08-22,310.1306457519531,1723900
2022-08-23,308.1018981933594,1538000
2022-08-24,309.69586181640625,1530800
2022-08-25,313.8168029785156,1763900
2022-08-26,304.67828369140625,1703900
2022-08-29,302.4321594238281,1835600
2022-08-30,302.1694641113281,1830300
2022-08-31,303.5747985839844,2488000
2022-09-01,304.3322448730469,1575100
2022-09-02,302.48883056640625,2215400
2022-09-06,297.9352722167969,1578100
2022-09-07,301.6492919921875,1496600
2022-09-08,306.0477600097656,1755600
2022-09-09,310.35498046875,1445600
2022-09-12,312.6180725097656,1563200
2022-09-13,299.66912841796875,2242100
2022-09-14,298.6379089355469,1953300
2022-09-15,302.61663818359375,1489400
2022-09-16,297.6797790527344,2946800
2022-09-19,299.91546630859375,1652700
2022-09-20,294.98773193359375,1569900
2022-09-21,292.6607971191406,1796700
2022-09-22,285.5521240234375,2239900
2022-09-23,275.5597839355469,2918500
2022-09-26,268.8526306152344,2308800
2022-09-27,265.89599609375,2007400
2022-09-28,274.4830017089844,2289700
2022-09-29,270.2122802734375,1930800
2022-09-30,267.419921875,1970800
2022-10-03,272.98638916015625,1938800
2022-10-04,287.33154296875,2399500
2022-10-05,281.97503662109375,1992800
2022-10-06,278.023681640625,1367400
2022-10-07,274.74761962890625,1790100
2022-10-10,274.2548522949219,1309600
2022-10-11,268.4784240722656,2392800
2022-10-12,269.4822998046875,1763800
2022-10-13,280.2137756347656,2724900
2022-10-14,273.7530212402344,2397600
2022-10-17,279.88525390625,3118600
2022-10-18,286.4007568359375,6428600
2022-10-19,284.4936218261719,2363800
2022-10-20,283.6266174316406,2382300
2022-10-21,296.6668395996094,3545700
2022-10-24,299.9519958496094,2232600
2022-10-25,303.3283996582031,1837700
2022-10-26,306.33062744140625,2176700
2022-10-27,307.69036865234375,1998800
2022-10-28,311.924560546875,1677100
2022-10-31,314.3792724609375,2224000
2022-11-01,318.09332275390625,2316600
2022-11-02,319.1974792480469,3221200
2022-11-03,318.3578796386719,2515600
2022-11-04,326.6072692871094,3172700
2022-11-07,330.8506164550781,2526900
2022-11-08,332.18292236328125,3501300
2022-11-09,330.3395690917969,3047200
2022-11-10,345.22308349609375,3790400
2022-11-11,351.483154296875,3409100
2022-11-14,348.9189147949219,2609100
2022-11-15,349.39349365234375,3192400
2022-11-16,348.8915100097656,2303700
2022-11-17,346.5645446777344,2297600
2022-11-18,346.0352783203125,2384500
2022-11-21,346.9569396972656,1877500
2022-11-22,350.296875,2019400
2022-11-23,352.4686279296875,1865400
2022-11-25,354.85040283203125,1129300
2022-11-28,348.9189147949219,2232200
2022-11-29,350.1508483886719,1746900
2022-11-30,354.6883544921875,2964100
2022-12-01,352.5390625,1706300
2022-12-02,349.5721130371094,1932300
2022-12-05,341.2686767578125,2329600
2022-12-06,333.3418273925781,3081900
2022-12-07,330.5954284667969,2128200
2022-12-08,328.90533447265625,1967800
2022-12-09,329.8789978027344,1588800
2022-12-12,333.58984375,1750400
2022-12-13,338.6509094238281,3062600
2022-12-14,331.0179443359375,2519700
2022-12-15,321.3275146484375,3163700
2022-12-16,318.13104248046875,5008800
2022-12-19,316.5328369140625,1646700
2022-12-20,316.422607421875,1623000
2022-12-21,321.6306457519531,1923100
2022-12-22,317.4237365722656,1528900
2022-12-23,317.3594970703125,1062000
2022-12-27,314.1078796386719,1035000
2022-12-28,313.0975341796875,1117200
2022-12-29,315.4489440917969,1273600
2022-12-30,315.4029846191406,1031400
2023-01-03,318.01165771484375,1589700
2023-01-04,319.37109375,1881000
2023-01-05,315.7520751953125,1397800
2023-01-06,319.7200927734375,3097800
2023-01-09,324.2392578125,1989000
2023-01-10,328.2439880371094,1610100
2023-01-11,334.783935546875,2127000
2023-01-12,339.7990417480469,2103100
2023-01-13,343.52825927734375,3310200
2023-01-17,321.41021728515625,14448300
2023-01-18,320.6477966308594,5585200
2023-01-19,322.17254638671875,3100400
2023-01-20,313.988525390625,11247200
2023-01-23,320.6937561035156,4915700
2023-01-24,319.9497375488281,2372000
2023-01-25,321.1438293457031,1985200
2023-01-26,326.0487365722656,1919200
2023-01-27,324.88226318359375,2427400
2023-01-30,328.33587646484375,3184500
2023-01-31,336.00555419921875,2311500
2023-02-01,335.9136962890625,2889400
2023-02-02,339.36737060546875,2619600
2023-02-03,339.8082580566406,2243100
2023-02-06,340.5890197753906,1816200
2023-02-07,343.8956604003906,2205500
2023-02-08,344.5386657714844,1893200
2023-02-09,338.0079345703125,2052500
2023-02-10,341.0298767089844,1933400
2023-02-13,343.54669189453125,1570600
2023-02-14,341.4891662597656,2155500
2023-02-15,343.8406066894531,1687200
2023-02-16,340.0378723144531,1947800
2023-02-17,338.47637939453125,1857300
2023-02-21,331.6976623535156,2403000
2023-02-22,331.4864501953125,2203800
2023-02-23,333.9205322265625,1931400
2023-02-24,334.20526123046875,2428600
2023-02-27,335.7483825683594,2842400
2023-02-28,322.99920654296875,4945600
2023-03-01,320.2979736328125,2717400
2023-03-02,322.9530029296875,3259800
2023-03-03,330.3445129394531,2396200
2023-03-06,330.3074951171875,1614200
2023-03-07,320.1591796875,2048500
2023-03-08,323.12872314453125,1584600
2023-03-09,316.4679870605469,3177800
2023-03-10,303.1280517578125,4559700
2023-03-13,291.8788146972656,5660700
2023-03-14,298.021484375,3785900
2023-03-15,288.8074645996094,6596700
2023-03-16,291.4902648925781,4399100
2023-03-17,280.8053894042969,6369800
2023-03-20,286.34674072265625,3963700
2023-03-21,293.51629638671875,3242400
2023-03-22,290.1766662597656,2505900
2023-03-23,291.26824951171875,2585900
2023-03-24,289.1590270996094,2456700
2023-03-27,294.67266845703125,2300600
2023-03-28,294.58935546875,1224300
2023-03-29,296.69866943359375,1475900
2023-03-30,297.087158203125,1456300
2023-03-31,302.6100158691406,2281100
2023-04-03,302.0641784667969,1808800
2023-04-04,298.4841003417969,1536800
2023-04-05,297.4479064941406,1329300
2023-04-06,298.25274658203125,1311000
2023-04-10,300.62103271484375,1114400
2023-04-11,302.85064697265625,1559600
2023-04-12,305.5055236816406,1862400
2023-04-13,307.2539978027344,1765500
2023-04-14,311.68524169921875,2275700
2023-04-17,314.238525390625,3012100
2023-04-18,308.9007263183594,7549500
2023-04-19,311.6575012207031,2625400
2023-04-20,313.3411865234375,2217900
2023-04-21,316.07025146484375,2278900
2023-04-24,318.1979064941406,1966300
2023-04-25,314.0535583496094,2138200
2023-04-26,311.3521728515625,2041900
2023-04-27,316.0147705078125,1768200
2023-04-28,317.7169189453125,1714100
2023-05-01,315.0618591308594,1375000
2023-05-02,308.4011535644531,2397600
2023-05-03,304.0346374511719,1825400
2023-05-04,297.1981506347656,2965100
2023-05-05,302.52679443359375,2413400
2023-05-08,302.054931640625,1607300
2023-05-09,300.44525146484375,1253300
2023-05-10,298.3915710449219,1752200
2023-05-11,296.69866943359375,1515200
2023-05-12,295.5699462890625,1099100
2023-05-15,297.9475402832031,1178200
2023-05-16,296.7818298339844,1618900
2023-05-17,305.4500427246094,2098100
2023-05-18,304.89495849609375,1645400
2023-05-19,301.7218933105469,1546100
2023-05-22,300.5840759277344,1498900
2023-05-23,299.33514404296875,1550900
2023-05-24,295.8567199707031,1439100
2023-05-25,299.6219482421875,1618500
2023-05-26,307.1429748535156,2718700
2023-05-30,306.0513916015625,1998600
2023-05-31,301.92193603515625,2938000
2023-06-01,294.9308776855469,3339700
2023-06-02,301.6889343261719,3987700
2023-06-05,299.97381591796875,1462900
2023-06-06,304.6251525878906,1495600
2023-06-07,312.9678955078125,3382700
2023-06-08,312.7068786621094,2009500
2023-06-09,313.2195739746094,1702100
2023-06-12,316.4541015625,2290800
2023-06-13,319.25994873046875,1772400
2023-06-14,315.4567565917969,1819400
2023-06-15,316.68719482421875,3322700
2023-06-16,315.35418701171875,4544900
2023-06-20,308.2792053222656,3208100
2023-06-21,303.0125732421875,2158700
2023-06-22,297.8951110839844,2409100
2023-06-23,293.35552978515625,2612000
2023-06-26,291.1650085449219,2481000
2023-06-27,292.1811218261719,2156800
2023-06-28,292.3768005371094,2423500
2023-06-29,301.1669616699219,3553600
2023-06-30,300.65423583984375,2361800
2023-07-03,304.44805908203125,1106800
2023-07-05,298.33319091796875,2561000
2023-07-06,291.7615966796875,2896900
2023-07-07,293.7843933105469,2903100
2023-07-10,294.99615478515625,1775800
2023-07-11,299.10687255859375,2041700
2023-07-12,304.2523193359375,2741300
2023-07-13,306.377685546875,2787800
2023-07-14,304.05657958984375,1815200
2023-07-17,304.998046875,1777400
2023-07-18,314.384765625,3887400
2023-07-19,317.4421691894531,6037400
2023-07-20,327.0526428222656,3915000
2023-07-21,328.07794189453125,3217400
2023-07-24,334.57501220703125,3517500
2023-07-25,330.632080078125,2893000
2023-07-26,333.2980041503906,2281600
2023-07-27,330.4549255371094,2010800
2023-07-28,329.2618103027344,1827400
2023-07-31,331.72265625,1385500
2023-08-01,333.4471435546875,2024300
2023-08-02,327.2763671875,2106600
2023-08-03,329.196533203125,1840400
2023-08-04,329.2524719238281,1725300
2023-08-07,331.4337158203125,1260300
2023-08-08,324.6290588378906,1917300
2023-08-09,319.43695068359375,1326000
2023-08-10,317.30242919921875,1345900
2023-08-11,317.6099548339844,1256800
2023-08-14,314.82281494140625,1347000
2023-08-15,309.6680603027344,1657800
2023-08-16,306.7784423828125,3340300
2023-08-17,305.2963562011719,3135200
2023-08-18,302.88201904296875,1730500
2023-08-21,300.2068786621094,1983500
2023-08-22,297.15869140625,1810300
2023-08-23,300.45849609375,1429000
2023-08-24,298.2493591308594,1185600
2023-08-25,298.4263916015625,1159600
2023-08-28,303.85150146484375,1440100
2023-08-29,309.9850158691406,1831700
2023-08-30,308.8382873535156,1131500
2023-08-31,308.0205993652344,1271100
2023-09-01,307.729248046875,1201400
2023-09-05,304.29852294921875,1846000
2023-09-06,301.8359375,2120800
2023-09-07,302.6160888671875,1471100
2023-09-08,305.9621276855469,2026400
2023-09-11,305.1444396972656,1283100
2023-09-12,311.0189208984375,2054700
2023-09-13,314.85382080078125,2165000
2023-09-14,323.8675842285156,2822700
2023-09-15,321.9595947265625,3063900
2023-09-18,322.6927185058594,1356600
2023-09-19,321.3486633300781,1660200
2023-09-20,316.4704284667969,1224400
2023-09-21,310.3985595703125,1685100
2023-09-22,308.1897888183594,1669100
2023-09-25,309.0827331542969,833300
2023-09-26,304.3643493652344,1481800
2023-09-27,302.6067199707031,1493000
2023-09-28,305.66143798828125,1389600
2023-09-29,304.1293640136719,1403900
2023-10-02,299.3639831542969,1303800
2023-10-03,287.727783203125,3118600
2023-10-04,290.05877685546875,1872000
2023-10-05,291.8445739746094,1584600
2023-10-06,293.7057189941406,1595100
2023-10-09,293.8278503417969,1094400
2023-10-10,295.8580322265625,1193800
2023-10-11,294.21319580078125,1672500
2023-10-12,291.2336730957031,1727700
2023-10-13,290.71673583984375,1785200
2023-10-16,295.50091552734375,2273900
2023-10-17,290.77313232421875,4123000
2023-10-18,283.8177185058594,3460300
2023-10-19,281.214111328125,3211800
2023-10-20,282.02239990234375,2329000
2023-10-23,281.2423400878906,2959800
2023-10-24,281.2047119140625,1697100
2023-10-25,278.9301452636719,1809300
2023-10-26,279.14630126953125,2011200
2023-10-27,272.4916687011719,2601700
2023-10-30,282.7555847167969,3065200
2023-10-31,285.3685607910156,2611000
2023-11-01,288.70526123046875,2345400
2023-11-02,294.9088134765625,2597000
2023-11-03,307.9360046386719,3742000
2023-11-06,304.4489440917969,2087600
2023-11-07,304.4866027832031,1505000
2023-11-08,305.059814453125,1484400
2023-11-09,301.5069885253906,1787900
2023-11-10,305.9527587890625,1781400
2023-11-13,307.26861572265625,1403300
2023-11-14,318.36907958984375,3592700
2023-11-15,317.31640625,2534500
2023-11-16,316.4422912597656,1620400
2023-11-17,318.8108825683594,1465200
2023-11-20,319.0552062988281,3146000
2023-11-21,314.84442138671875,1900900
2023-11-22,318.2939453125,1235200
2023-11-24,318.7732238769531,460100
2023-11-27,317.4198303222656,1250500
2023-11-28,317.3634033203125,1419000
2023-11-29,322.4427490234375,2038100
2023-11-30,323.6557312011719,1903600
2023-12-01,330.1849060058594,3623300
2023-12-04,331.0946960449219,2178100
2023-12-05,323.854736328125,2429700
2023-12-06,324.0632019042969,1869300
2023-12-07,326.5744323730469,2162400
2023-12-08,332.459228515625,2238800
2023-12-11,333.340576171875,1636000
2023-12-12,334.14605712890625,1597600
2023-12-13,343.7361145019531,2876500
2023-12-14,363.39007568359375,5376300
2023-12-15,360.5850830078125,4522300
2023-12-18,356.6902770996094,2740900
2023-12-19,362.42352294921875,2091800
2023-12-20,357.75164794921875,1836500
2023-12-21,360.6419677734375,1301600
2023-12-22,360.7177429199219,1538200
2023-12-26,361.6274719238281,837300
2023-12-27,364.3472595214844,1367200
2023-12-28,366.1761169433594,1024700
2023-12-29,365.5696716308594,881300
2024-01-02,367.96722412109375,2263100
2024-01-03,361.798095703125,2265300
2024-01-04,362.8973083496094,1618300
2024-01-05,366.2045593261719,2913900
2024-01-08,368.4978332519531,1902600
2024-01-09,363.64593505859375,1708800
2024-01-10,361.959228515625,1547300
2024-01-11,359.8648986816406,2209900
2024-01-12,357.9696350097656,2223800
2024-01-16,360.52825927734375,3926600
2024-01-17,357.4294738769531,2415100
2024-01-18,357.173583984375,1771200
2024-01-19,362.1866760253906,2603300
2024-01-22,365.74969482421875,2922700
2024-01-23,360.8314514160156,3313300
2024-01-24,359.5332336425781,2235800
2024-01-25,362.66046142578125,2376300
2024-01-26,358.0075378417969,3464700
2024-01-29,360.6324462890625,1632300
2024-01-30,366.612060546875,3897900
2024-01-31,363.9018249511719,3421100
2024-02-01,363.750244140625,2138500
2024-02-02,367.5502014160156,2180900
2024-02-05,362.9636535644531,2231100
2024-02-06,364.8304748535156,1487800
2024-02-07,366.41302490234375,1963200
2024-02-08,364.87786865234375,1913700
2024-02-09,364.1387634277344,2028200
2024-02-12,372.0799560546875,2797200
2024-02-13,358.917236328125,3030800
2024-02-14,358.2444152832031,2041300
2024-02-15,365.2380065917969,2218900
2024-02-16,364.30926513671875,2376800
2024-02-20,364.38507080078125,2358900
2024-02-21,367.938720703125,1772500
2024-02-22,370.0235290527344,2326800
2024-02-23,370.5731506347656,2247400
2024-02-26,369.7866516113281,1797800
2024-02-27,370.345703125,1724900
2024-02-28,375.2320251464844,2572900
2024-02-29,371.2905578613281,3139100
2024-03-01,370.38397216796875,1697700
2024-03-04,374.344482421875,1955100
2024-03-05,373.065673828125,2697800
2024-03-06,371.7868347167969,2692400
2024-03-07,370.6988525390625,2033100
2024-03-08,369.3245849609375,1657200
2024-03-11,368.5325012207031,1654200
2024-03-12,370.4602966308594,1703900
2024-03-13,374.4017639160156,2370600
2024-03-14,370.87066650390625,3029500
2024-03-15,369.5345153808594,3763900
2024-03-18,366.82415771484375,2069000
2024-03-19,370.91839599609375,1858200
2024-03-20,378.3718566894531,2157400
2024-03-21,394.82489013671875,4613800
2024-03-22,388.2493896484375,2190300
2024-03-25,386.4552001953125,1683900
2024-03-26,387.63861083984375,1407000
2024-03-27,396.2945556640625,2353600
2024-03-28,398.6231994628906,2409700
2024-04-01,394.634033203125,1863900
2024-04-02,391.4273376464844,1976000
2024-04-03,395.1016845703125,1549200
2024-04-04,387.7054138183594,1704700
2024-04-05,389.4423522949219,1694900
2024-04-08,391.7995910644531,1181900
2024-04-09,391.9617919921875,1247200
2024-04-10,382.46600341796875,1903300
2024-04-11,379.33575439453125,2176200
2024-04-12,371.71044921875,2815800
2024-04-15,382.5805969238281,6177000
2024-04-16,378.74407958984375,3459700
2024-04-17,385.4721984863281,4373800
2024-04-18,384.708740234375,2776300
2024-04-19,385.5581359863281,2805500
2024-04-22,398.29876708984375,4165600
2024-04-23,404.6451416015625,2662300
2024-04-24,403.72900390625,1575900
2024-04-25,400.8754577636719,1970100
2024-04-26,408.05224609375,2322700
2024-04-29,411.1442565917969,2453000
2024-04-30,407.2314758300781,1829900
2024-05-01,407.4605407714844,2310100
2024-05-02,412.8239440917969,2087500
2024-05-03,418.1778259277344,2406300
2024-05-06,423.417236328125,1914300
2024-05-07,423.54132080078125,2058200
2024-05-08,426.5475769042969,2006700
2024-05-09,434.76446533203125,2710200
2024-05-10,433.9723815917969,1823900
2024-05-13,432.8558349609375,1579600
2024-05-14,437.5416564941406,2412900
2024-05-15,444.8138122558594,2217700
2024-05-16,443.3154602050781,2070300
2024-05-17,446.369384765625,1655900
2024-05-20,441.8075866699219,2591500
2024-05-21,448.9366149902344,2762600
2024-05-22,441.2732238769531,2729500
2024-05-23,437.23626708984375,2254500
2024-05-24,440.1279602050781,1932200
2024-05-28,438.82049560546875,1930800
2024-05-29,436.301025390625,2315700
2024-05-30,432.2780456542969,2135000
2024-05-31,438.3172302246094,2638300
2024-06-03,436.8386535644531,1930700
2024-06-04,437.14593505859375,1835000
2024-06-05,443.2715148925781,1678900
2024-06-06,439.8342590332031,1598000
2024-06-07,436.77142333984375,1736100
2024-06-10,435.46563720703125,1698600
2024-06-11,426.5556945800781,1938200
2024-06-12,430.8090515136719,1733000
2024-06-13,428.55279541015625,1849100
2024-06-14,428.6583251953125,1559100
2024-06-17,432.23004150390625,1531600
2024-06-18,439.1909484863281,1798400
2024-06-20,439.7862243652344,2080600
2024-06-21,432.23004150390625,3780800
2024-06-24,443.6651611328125,1882200
2024-06-25,439.1429748535156,1555900
2024-06-26,437.68353271484375,2131700
2024-06-27,428.17828369140625,2835200
2024-06-28,434.28472900390625,3839700
2024-07-01,445.172607421875,1850500
2024-07-02,447.0447998046875,1491800
2024-07-03,449.2626953125,993900
2024-07-05,446.2191162109375,1593800
2024-07-08,446.2863464355469,2214300
2024-07-09,453.9768981933594,4525100
2024-07-10,459.7953186035156,1946000
2024-07-11,460.12176513671875,2251400
2024-07-12,460.745849609375,2727800
2024-07-15,472.6033935546875,3568200
2024-07-16,482.963134765625,3981700
2024-07-17,482.1566467285156,3908900
2024-07-18,466.8234558105469,3320200
2024-07-19,465.594482421875,2032700
2024-07-22,467.620361328125,1792500
2024-07-23,472.5265808105469,2020500
2024-07-24,467.29388427734375,1598600
2024-07-25,472.1041564941406,1489700
2024-07-26,479.13226318359375,2249700
2024-07-29,473.0738220214844,1599500
2024-07-30,485.50750732421875,2642500
2024-07-31,488.7334899902344,2658900
2024-08-01,480.1788024902344,4006800
2024-08-02,451.874267578125,6115500
2024-08-05,440.717529296875,4177200
2024-08-06,451.47100830078125,2209300
2024-08-07,454.1497497558594,2587600
2024-08-08,466.4009704589844,1936400
2024-08-09,470.7119445800781,1622700
2024-08-12,466.1417236328125,1839300
2024-08-13,472.3249816894531,1243700
2024-08-14,478.8153991699219,1545600
2024-08-15,479.1227111816406,1732300
2024-08-16,484.1537170410156,1587000
2024-08-19,484.5570068359375,1027900
2024-08-20,477.5096740722656,2122700
2024-08-21,476.66473388671875,917100
2024-08-22,477.9032897949219,943800
2024-08-23,489.10797119140625,1751800
2024-08-26,487.6197509765625,1084200
2024-08-27,487.0340881347656,977900
2024-08-28,483.2607421875,1568100
2024-08-29,489.7608642578125,1566300
2024-08-30,492.8031311035156,1838900
2024-09-03,470.7923889160156,2373600
2024-09-04,473.8636779785156,1509400
2024-09-05,471.19805908203125,1828300
2024-09-06,463.2107849121094,1995600
2024-09-09,471.864501953125,1714200
2024-09-10,451.1575012207031,3583100
2024-09-11,455.0594482421875,2426500
2024-09-12,457.8505554199219,1480500
2024-09-13,462.6120300292969,1794500
2024-09-16,468.5710754394531,1500300
2024-09-17,468.79327392578125,1444900
2024-09-18,468.0108642578125,1699500
2024-09-19,486.6026916503906,3060700
2024-09-20,481.3873291015625,4452600
2024-09-23,480.4021911621094,953200
2024-09-24,480.9913024902344,1035400
2024-09-25,474.34661865234375,1763900
2024-09-26,479.928955078125,1378100
2024-09-27,481.4645690917969,1420100
2024-09-30,478.18084716796875,1602500
2024-10-01,473.4098205566406,1528600
2024-10-02,475.16754150390625,1445100
2024-10-03,469.4789123535156,1290600
2024-10-04,478.2291259765625,1721600
2024-10-07,477.7076110839844,1173300
2024-10-08,479.5909423828125,1296700
2024-10-09,487.9065246582031,1695900
2024-10-10,486.4964294433594,1309000
2024-10-11,498.64630126953125,2409700
2024-10-14,504.875732421875,2174900
2024-10-15,504.5184020996094,4525400
2024-10-16,511.7427062988281,2649000
2024-10-17,510.9120788574219,2123500
2024-10-18,510.4290771484375,1779200
2024-10-21,500.0950622558594,1752100
2024-10-22,500.57794189453125,1588000
2024-10-23,499.5155334472656,1263200
2024-10-24,506.5659484863281,2058200
2024-10-25,495.0727844238281,1633200
2024-10-28,505.67742919921875,1687100
2024-10-29,506.35345458984375,1281600
2024-10-30,506.4693603515625,1441600
2024-10-31,500.0852966308594,2061700
2024-11-01,501.5920104980469,1625000
2024-11-04,493.9814453125,1797800
2024-11-05,508.94183349609375,2169900
2024-11-06,575.6017456054688,8042800
2024-11-07,562.2640380859375,4475600
2024-11-08,569.1116333007812,2714000
2024-11-11,581.7442626953125,2510800
2024-11-12,572.3277587890625,2392900
2024-11-13,573.9019775390625,1763100
2024-11-14,568.48388671875,1670500
2024-11-15,573.2451782226562,2007700
2024-11-18,567.885009765625,1848900
2024-11-19,561.5010375976562,2217400
2024-11-20,562.0322265625,1528600
2024-11-21,575.727294921875,2281900
2024-11-22,582.1693725585938,1733700
2024-11-25,582.4107666015625,2940800
2024-11-26,584.7963256835938,2846500
2024-11-27,584.728759765625,1424500
2024-11-29,587.7614135742188,1170200
2024-12-02,584.014892578125,1804100
2024-12-03,584.3740234375,1718100
2024-12-04,581.1030883789062,1617300
2024-12-05,579.249267578125,1672800
2024-12-06,582.0445556640625,1405700
2024-12-09,576.6480102539062,1633200
2024-12-10,567.825439453125,2600800
2024-12-11,575.1339721679688,2195300
2024-12-12,574.2117919921875,1218400
2024-12-13,568.26220703125,1215000
2024-12-16,569.0872192382812,1713300
2024-12-17,557.7797241210938,2314100
2024-12-18,534.0681762695312,3271600
2024-12-19,537.6982421875,2753300
2024-12-20,549.4520263671875,4515900
2024-12-23,553.994384765625,1519500
2024-12-24,565.6511840820312,913400
2024-12-26,564.1370849609375,1092000
2024-12-27,559.2357177734375,1486000
2024-12-30,556.6829223632812,1265900
2024-12-31,555.7803344726562,1055800
