date,close,volume
2014-01-02,39.66808319091797,7414400
2014-01-03,39.76326370239258,5323500
2014-01-06,39.913970947265625,8426800
2014-01-07,39.81877517700195,7746900
2014-01-08,39.263545989990234,9136100
2014-01-09,39.35079574584961,7931400
2014-01-10,40.07261276245117,8833900
2014-01-13,39.32699966430664,6782800
2014-01-14,39.977439880371094,5998500
2014-01-15,40.16779708862305,6307800
2014-01-16,40.374019622802734,6671700
2014-01-17,40.18365478515625,9615200
2014-01-21,39.48564147949219,20956400
2014-01-22,40.088478088378906,9465400
2014-01-23,39.747413635253906,8907500
2014-01-24,38.557586669921875,12308400
2014-01-27,38.4624137878418,9199300
2014-01-28,38.33549118041992,7845300
2014-01-29,38.232383728027344,10183200
2014-01-30,39.21595764160156,9450500
2014-01-31,38.874874114990234,9205100
2014-02-03,38.33549118041992,9646000
2014-02-04,39.15249252319336,10563700
2014-02-05,39.08110809326172,9686300
2014-02-06,40.26297378540039,13018800
2014-02-07,41.222755432128906,13031400
2014-02-10,41.1434326171875,8101900
2014-02-11,42.70603942871094,12006000
2014-02-12,42.13494110107422,11083600
2014-02-13,42.404624938964844,8131500
2014-02-14,42.49187088012695,6746700
2014-02-18,42.93606948852539,8515000
2014-02-19,43.25335693359375,7914300
2014-02-20,43.92757797241211,8761100
2014-02-21,43.86412811279297,8785900
2014-02-24,44.71284484863281,9481900
2014-02-25,44.08621597290039,11065400
2014-02-26,43.75307083129883,6173000
2014-02-27,44.173458099365234,6897800
2014-02-28,45.212554931640625,10221500
2014-03-03,44.838775634765625,8840000
2014-03-04,45.25232696533203,6616700
2014-03-05,44.68765640258789,7542300
2014-03-06,45.26823806762695,5802400
2014-03-07,44.69562911987305,8816900
2014-03-10,44.91035842895508,6005400
2014-03-11,44.31388854980469,10055500
2014-03-12,44.05143356323242,8437700
2014-03-13,43.94009017944336,8788200
2014-03-14,43.89237594604492,7917400
2014-03-17,45.0296516418457,6121200
2014-03-18,45.25232696533203,5547500
2014-03-19,45.15688705444336,6058600
2014-03-20,45.618167877197266,5458000
2014-03-21,46.174869537353516,11955100
2014-03-24,45.95218276977539,6163100
2014-03-25,47.03379440307617,7398300
2014-03-26,46.42142868041992,6259000
2014-03-27,46.19873046875,10475700
2014-03-28,47.28828048706055,6106700
2014-03-31,46.83497619628906,7407300
2014-04-01,47.42348861694336,7968700
2014-04-02,47.66207504272461,6821800
2014-04-03,47.558685302734375,7054400
2014-04-04,47.16899490356445,8602100
2014-04-07,45.618167877197266,11201800
2014-04-08,46.53276443481445,8215000
2014-04-09,46.75543975830078,5946300
2014-04-10,46.05558395385742,8225300
2014-04-11,45.816986083984375,8030900
2014-04-14,46.986087799072266,7298700
2014-04-15,47.69388961791992,9410000
2014-04-16,48.11540603637695,6413500
2014-04-17,48.43352127075195,11675200
2014-04-21,50.040016174316406,13992300
2014-04-22,50.405853271484375,9373600
2014-04-23,51.471534729003906,13811600
2014-04-24,50.49332809448242,10324200
2014-04-25,49.99230194091797,7973200
2014-04-28,49.928672790527344,7738900
2014-04-29,50.111576080322266,8503100
2014-04-30,50.1592903137207,7502500
2014-05-01,50.03206253051758,5100200
2014-05-02,50.7875862121582,7514400
2014-05-05,50.82735061645508,4736200
2014-05-06,50.5172004699707,4927600
2014-05-07,51.48745346069336,6633000
2014-05-08,50.445613861083984,5927000
2014-05-09,50.501285552978516,5415500
2014-05-12,51.03412628173828,3994800
2014-05-13,50.97846221923828,5790800
2014-05-14,50.89097213745117,6044400
2014-05-15,49.602596282958984,9560800
2014-05-16,49.98434829711914,6699300
2014-05-19,50.2706413269043,4475800
2014-05-20,50.00821304321289,3910100
2014-05-21,50.23884201049805,4555300
2014-05-22,50.42970275878906,5045800
2014-05-23,50.90687942504883,4912200
2014-05-27,50.87507247924805,4178300
2014-05-28,50.45355987548828,5814500
2014-05-29,50.8989372253418,5780400
2014-05-30,51.40791702270508,6392200
2014-06-02,51.82244110107422,5784100
2014-06-03,52.26882553100586,5000800
2014-06-04,52.12535095214844,4478800
2014-06-05,52.52393341064453,4359800
2014-06-06,53.3928108215332,5387900
2014-06-09,53.54427719116211,5228100
2014-06-10,53.496437072753906,3518100
2014-06-11,53.36093521118164,3373100
2014-06-12,53.12178421020508,9660500
2014-06-13,53.871116638183594,5617700
2014-06-16,53.895015716552734,4491600
2014-06-17,53.895015716552734,3588500
2014-06-18,54.6044807434082,6269400
2014-06-19,54.98710632324219,4837200
2014-06-20,55.99151611328125,10044700
2014-06-23,56.09512710571289,5369200
2014-06-24,54.33345413208008,7037100
2014-06-25,55.35379409790039,9132800
2014-06-26,55.44147872924805,7733200
2014-06-27,56.17481231689453,6854500
2014-06-30,56.60531997680664,6255400
2014-07-01,56.47777557373047,5572700
2014-07-02,56.4538459777832,4907600
2014-07-03,56.57341003417969,2506600
2014-07-07,55.92774200439453,4446400
2014-07-08,55.5291633605957,5554900
2014-07-09,56.33427810668945,4460700
2014-07-10,55.28206253051758,5630800
2014-07-11,54.995079040527344,4651900
2014-07-14,55.6407585144043,5290100
2014-07-15,56.0074577331543,7133400
2014-07-16,57.28288650512695,7157000
2014-07-17,56.07918930053711,5844300
2014-07-18,56.541542053222656,7106500
2014-07-21,56.59733963012695,9449600
2014-07-22,58.42279815673828,11419100
2014-07-23,59.00471878051758,8126800
2014-07-24,58.518463134765625,6243600
2014-07-25,58.518463134765625,4506200
2014-07-28,57.90463638305664,4237600
2014-07-29,56.77271270751953,6508600
2014-07-30,56.39011001586914,6360700
2014-07-31,54.995079040527344,9979400
2014-08-01,54.779842376708984,9411900
2014-08-04,55.8719367980957,7051900
2014-08-05,53.982696533203125,9491900
2014-08-06,54.17399978637695,6468600
2014-08-07,53.70369338989258,6880600
2014-08-08,54.45302200317383,5645600
2014-08-11,55.337860107421875,6182100
2014-08-12,55.01899337768555,5067300
2014-08-13,55.43351745605469,3895800
2014-08-14,53.679771423339844,8358200
2014-08-15,54.54070281982422,6838800
2014-08-18,54.8994255065918,5016500
2014-08-19,54.819698333740234,5812300
2014-08-20,54.82768249511719,4444600
2014-08-21,54.47691345214844,4708500
2014-08-22,53.783416748046875,5123700
2014-08-25,54.64434051513672,5063400
2014-08-26,55.648738861083984,7822800
2014-08-27,54.588539123535156,15546000
2014-08-28,53.711666107177734,7429300
2014-08-29,54.0152587890625,5249900
2014-09-02,53.91938781738281,10644500
2014-09-03,53.991310119628906,8111500
2014-09-04,53.168399810791016,10185400
2014-09-05,53.887428283691406,8977100
2014-09-08,52.976654052734375,8816900
2014-09-09,52.593177795410156,5912500
2014-09-10,53.29624557495117,6107500
2014-09-11,53.5838508605957,6588500
2014-09-12,52.61714553833008,6309200
2014-09-15,52.95267868041992,5987700
2014-09-16,53.75960159301758,6331100
2014-09-17,52.92073059082031,6369900
2014-09-18,52.99264144897461,5754300
2014-09-19,53.13645553588867,8488500
2014-09-22,51.67441177368164,8763400
2014-09-23,51.770294189453125,5506500
2014-09-24,51.70637512207031,10409000
2014-09-25,50.85951614379883,6279800
2014-09-26,52.63312911987305,7892200
2014-09-29,52.41741943359375,8432300
2014-09-30,51.53859329223633,8893200
2014-10-01,49.90879440307617,9728700
2014-10-02,49.08588790893555,15763100
2014-10-03,49.42145538330078,7214700
2014-10-06,49.27763748168945,7164900
2014-10-07,48.90214157104492,7178700
2014-10-08,48.26301193237305,21106900
2014-10-09,45.76237487792969,17290000
2014-10-10,43.37359619140625,29437400
2014-10-13,40.1539192199707,25679600
2014-10-14,39.650596618652344,27479300
2014-10-15,40.45751190185547,30381000
2014-10-16,40.88094711303711,28459700
2014-10-17,42.023414611816406,26762400
2014-10-20,42.279052734375,19259800
2014-10-21,44.468116760253906,18924500
2014-10-22,43.48543167114258,17167100
2014-10-23,44.61991500854492,10908000
2014-10-24,44.56399154663086,11425800
2014-10-27,41.85563659667969,18783400
2014-10-28,42.550697326660156,13871400
2014-10-29,43.477455139160156,10994700
2014-10-30,43.07798767089844,7251400
2014-10-31,44.05268478393555,11120300
2014-11-03,43.0460319519043,11962100
2014-11-04,40.88893127441406,20019200
2014-11-05,41.839656829833984,13049200
2014-11-06,42.478790283203125,13579800
2014-11-07,43.030059814453125,10990300
2014-11-10,42.84629440307617,10217700
2014-11-11,42.918209075927734,10705200
2014-11-12,42.52674865722656,9600000
2014-11-13,42.97413635253906,35987500
2014-11-14,44.004756927490234,25499000
2014-11-17,39.33104705810547,80357800
2014-11-18,38.77978515625,43671700
2014-11-19,38.691890716552734,31694500
2014-11-20,39.31504440307617,23272300
2014-11-21,40.44952392578125,31224800
2014-11-24,39.85034942626953,21015100
2014-11-25,38.55607223510742,27170000
2014-11-26,37.821075439453125,22833500
2014-11-28,33.714595794677734,34472700
2014-12-01,32.92366409301758,40195000
2014-12-02,32.22860336303711,39448200
2014-12-03,32.702064514160156,33376500
2014-12-04,32.69404983520508,32537900
2014-12-05,32.39712905883789,30049700
2014-12-08,30.968671798706055,37381000
2014-12-09,31.698945999145508,33268800
2014-12-10,30.591489791870117,35185800
2014-12-11,30.679765701293945,22655600
2014-12-12,30.43901252746582,30147100
2014-12-15,30.350746154785156,25879300
2014-12-16,30.583465576171875,28370900
2014-12-17,31.65079689025879,31846800
2014-12-18,31.48225975036621,30803900
2014-12-19,32.493431091308594,24413800
2014-12-22,31.843400955200195,19035900
2014-12-23,32.00390625,15064000
2014-12-24,31.859451293945312,8362200
2014-12-26,31.883525848388672,10769600
2014-12-29,32.100196838378906,12499700
2014-12-30,31.72301483154297,12183500
2014-12-31,31.562511444091797,12110400
2015-01-02,31.6909236907959,11560200
2015-01-05,31.06496238708496,19738700
2015-01-06,30.760009765625,20456300
2015-01-07,31.586589813232422,17556300
2015-01-08,32.26871871948242,20043600
2015-01-09,31.939695358276367,17266100
2015-01-12,30.928546905517578,25755800
2015-01-13,30.727914810180664,22228300
2015-01-14,30.768041610717773,27990500
2015-01-15,29.957517623901367,19531200
2015-01-16,31.402015686035156,21782700
2015-01-20,31.963775634765625,25096100
2015-01-21,32.65392303466797,17611200
2015-01-22,32.75825119018555,17995500
2015-01-23,32.89468002319336,17692900
2015-01-26,33.2718505859375,15739700
2015-01-27,33.30394744873047,14271600
2015-01-28,31.674875259399414,20655200
2015-01-29,31.75511360168457,14800100
2015-01-30,32.0921745300293,19495900
2015-02-02,33.31198501586914,18129400
2015-02-03,34.76451873779297,24134000
2015-02-04,34.0181884765625,18881800
2015-02-05,34.78858947753906,15218300
2015-02-06,34.79661178588867,18303200
2015-02-09,34.91699981689453,15968700
2015-02-10,34.18670654296875,21869900
2015-02-11,33.825592041015625,15847500
2015-02-12,34.32315444946289,12946600
2015-02-13,35.46269989013672,17612700
2015-02-17,36.008399963378906,15546700
2015-02-18,35.62318420410156,12494400
2015-02-19,35.502838134765625,12861700
2015-02-20,34.79661178588867,17450600
2015-02-23,34.68427276611328,12880300
2015-02-24,34.60402297973633,19324300
2015-02-25,35.05341720581055,11817100
2015-02-26,34.26697540283203,15498900
2015-02-27,34.45956802368164,12293300
2015-03-02,34.644927978515625,13017300
2015-03-03,34.74160385131836,10721900
2015-03-04,34.70939254760742,11926900
2015-03-05,34.60462188720703,7833800
2015-03-06,34.15333557128906,12939000
2015-03-09,33.87931823730469,13436300
2015-03-10,33.291038513183594,15280100
2015-03-11,33.291038513183594,12911300
2015-03-12,33.03314971923828,11146400
2015-03-13,32.38037872314453,17913600
2015-03-16,32.654388427734375,15397200
2015-03-17,32.460975646972656,13337800
2015-03-18,33.51668930053711,16118000
2015-03-19,33.48444366455078,11622200
2015-03-20,34.5079231262207,21641900
2015-03-23,34.16945266723633,10688500
2015-03-24,34.274208068847656,8374500
2015-03-25,35.02368927001953,17250300
2015-03-26,34.79803466796875,17432500
2015-03-27,34.86249542236328,11093300
2015-03-30,35.313804626464844,8715000
2015-03-31,35.36214828491211,8360500
2015-04-01,35.313804626464844,14229000
2015-04-02,35.4266242980957,11130400
2015-04-06,36.97391891479492,23794200
2015-04-07,35.87791442871094,22218300
2015-04-08,35.636165618896484,14295800
2015-04-09,37.10285949707031,17869300
2015-04-10,37.280155181884766,10175700
2015-04-13,36.61932373046875,11811100
2015-04-14,37.23180389404297,12838700
2015-04-15,38.89191436767578,24186300
2015-04-16,38.54539489746094,15509100
2015-04-17,37.78786849975586,20213300
2015-04-20,38.561500549316406,26332400
2015-04-21,37.916805267333984,17264400
2015-04-22,37.96516036987305,14017300
2015-04-23,38.819393157958984,12865500
2015-04-24,38.68238830566406,16282100
2015-04-27,39.02892303466797,12488200
2015-04-28,39.157859802246094,9322400
2015-04-29,39.65752410888672,13575000
2015-04-30,39.44797897338867,11404100
2015-05-01,39.57692337036133,11002100
2015-05-04,39.64945602416992,10524500
2015-05-05,38.714637756347656,18671000
2015-05-06,38.41645431518555,13224500
2015-05-07,37.3526725769043,18428200
2015-05-08,38.771034240722656,14706800
2015-05-11,38.029632568359375,13486800
2015-05-12,38.271392822265625,8944200
2015-05-13,38.11021423339844,10709600
2015-05-14,37.42521286010742,14052700
2015-05-15,37.634742736816406,10842600
2015-05-18,37.6508674621582,7494400
2015-05-19,36.32115936279297,15193600
2015-05-20,36.240570068359375,13448000
2015-05-21,37.1995735168457,15714700
2015-05-22,36.99809265136719,7738600
2015-05-26,36.62738800048828,9214900
2015-05-27,36.76438903808594,11044200
2015-05-28,36.54679870605469,7455400
2015-05-29,36.58710479736328,9436300
2015-06-01,36.603271484375,7539300
2015-06-02,37.15345764160156,9798400
2015-06-03,36.91073226928711,7431200
2015-06-04,36.17445755004883,12418600
2015-06-05,36.99972152709961,12119200
2015-06-08,36.74890899658203,8923300
2015-06-09,36.635643005371094,8178300
2015-06-10,37.4123649597168,11791200
2015-06-11,36.91073226928711,6935900
2015-06-12,36.79745864868164,5403000
2015-06-15,36.854103088378906,9627800
2015-06-16,36.74890899658203,8342900
2015-06-17,36.98353958129883,8951400
2015-06-18,36.069278717041016,17903000
2015-06-19,35.478641510009766,17319800
2015-06-22,35.688995361328125,10744600
2015-06-23,35.99645233154297,10622300
2015-06-24,35.80228805541992,9833800
2015-06-25,35.19546127319336,8706000
2015-06-26,34.888004302978516,28337200
2015-06-29,34.54008102416992,11070900
2015-06-30,34.84755325317383,10645200
2015-07-01,33.625816345214844,16565000
2015-07-02,33.909000396728516,10453700
2015-07-06,32.94619369506836,13463900
2015-07-07,33.884735107421875,18273600
2015-07-08,33.12418746948242,15205100
2015-07-09,33.423545837402344,10740400
2015-07-10,33.439727783203125,10430800
2015-07-13,33.87664031982422,11084900
2015-07-14,34.43490982055664,10114500
2015-07-15,33.229366302490234,14552100
2015-07-16,32.53355407714844,15030800
2015-07-17,32.35556411743164,14966800
2015-07-20,32.94619369506836,19223300
2015-07-21,33.86854934692383,22068200
2015-07-22,33.60963439941406,47543000
2015-07-23,34.24881362915039,16688700
2015-07-24,33.755279541015625,11780200
2015-07-27,33.15654754638672,12239400
2015-07-28,33.91710662841797,16038500
2015-07-29,35.02555465698242,16896100
2015-07-30,34.216461181640625,10686100
2015-07-31,33.811912536621094,8715400
2015-08-03,32.46073532104492,19219500
2015-08-04,32.04000473022461,14913000
2015-08-05,32.85719299316406,14681700
2015-08-06,33.05137634277344,11875600
2015-08-07,32.169456481933594,7808000
2015-08-10,33.67436599731445,10614100
2015-08-11,33.94137191772461,12541500
2015-08-12,34.556278228759766,17473600
2015-08-13,33.787635803222656,11117600
2015-08-14,33.97372817993164,9011700
2015-08-17,33.40736770629883,9184900
2015-08-18,33.18081283569336,9655800
2015-08-19,31.79727554321289,15540700
2015-08-20,30.502729415893555,17242900
2015-08-21,28.876449584960938,28078600
2015-08-24,27.153095245361328,24757800
2015-08-25,27.08027458190918,14726600
2015-08-26,27.85700035095215,19270000
2015-08-27,30.777833938598633,21762400
2015-08-28,31.222808837890625,14974800
2015-08-31,31.986934661865234,14148100
2015-09-01,30.848888397216797,15096900
2015-09-02,31.027721405029297,11072100
2015-09-03,30.954578399658203,15369000
2015-09-04,29.95471954345703,10000500
2015-09-08,30.848888397216797,14942700
2015-09-09,30.19859504699707,11131200
2015-09-10,30.54813003540039,12533500
2015-09-11,30.239225387573242,12276700
2015-09-14,29.979116439819336,8653000
2015-09-15,30.08478355407715,11837700
2015-09-16,31.41792106628418,12643300
2015-09-17,31.45857048034668,12144700
2015-09-18,30.38555908203125,14347600
2015-09-21,30.44246482849121,11498500
2015-09-22,30.450576782226562,11490900
2015-09-23,30.32052230834961,7907000
2015-09-24,30.076656341552734,12938200
2015-09-25,29.832788467407227,10576500
2015-09-28,28.393997192382812,13185700
2015-09-29,28.190763473510742,12185100
2015-09-30,28.735401153564453,13868900
2015-10-01,28.377729415893555,14620300
2015-10-02,29.91408920288086,13385500
2015-10-05,30.653799057006836,13060600
2015-10-06,31.734943389892578,13680100
2015-10-07,32.40150451660156,16782100
2015-10-08,32.84857940673828,11382000
2015-10-09,32.230804443359375,11644700
2015-10-12,31.596742630004883,7424800
2015-10-13,31.27159881591797,6576600
2015-10-14,31.47481918334961,6361800
2015-10-15,31.913753509521484,8811400
2015-10-16,30.735095977783203,18878100
2015-10-19,30.369287490844727,12286800
2015-10-20,30.629413604736328,11762400
2015-10-21,31.214698791503906,13313300
2015-10-22,32.279571533203125,17261400
2015-10-23,31.873126983642578,16021100
2015-10-26,31.336620330810547,9832900
2015-10-27,30.466846466064453,11611700
2015-10-28,31.109027862548828,13206100
2015-10-29,31.04398536682129,8423400
2015-10-30,31.19843101501465,9626200
2015-11-02,31.938159942626953,9822700
2015-11-03,32.555946350097656,14462900
2015-11-04,31.873126983642578,14661600
2015-11-05,31.22281837463379,15071000
2015-11-06,31.986934661865234,12261000
2015-11-09,31.78371810913086,8446100
2015-11-10,31.6292667388916,8684300
2015-11-11,30.9708251953125,10686300
2015-11-12,30.4749755859375,8940600
2015-11-13,30.3936824798584,9423100
2015-11-16,31.287851333618164,9486500
2015-11-17,30.978954315185547,11371700
2015-11-18,31.604887008666992,13758200
2015-11-19,30.92205810546875,8808600
2015-11-20,30.889543533325195,9753800
2015-11-23,31.17404556274414,6498600
2015-11-24,32.303955078125,11009900
2015-11-25,31.954418182373047,5823400
2015-11-27,31.8080997467041,3766800
2015-11-30,32.393375396728516,11273700
2015-12-01,32.989471435546875,9062000
2015-12-02,31.80544090270996,13468900
2015-12-03,31.037870407104492,14444100
2015-12-04,30.948040008544922,13030400
2015-12-07,29.861997604370117,18434900
2015-12-08,29.617036819458008,16871100
2015-12-09,31.274669647216797,21179000
2015-12-10,31.152193069458008,15317800
2015-12-11,30.18047332763672,13094000
2015-12-14,29.845672607421875,20102700
2015-12-15,30.294790267944336,24600900
2015-12-16,29.282243728637695,21318000
2015-12-17,27.910398483276367,18732200
2015-12-18,27.30614471435547,17603600
2015-12-21,27.27347183227539,11274500
2015-12-22,27.779748916625977,10960000
2015-12-23,28.94744300842285,11337200
2015-12-24,28.702468872070312,3725100
2015-12-28,28.008384704589844,6844000
2015-12-29,28.171703338623047,5406100
2015-12-30,27.869565963745117,5682500
2015-12-31,27.79608154296875,6194500
2016-01-04,28.155370712280273,10032900
2016-01-05,28.09004783630371,8100900
2016-01-06,27.289806365966797,12337000
2016-01-07,26.873361587524414,11050900
2016-01-08,26.505897521972656,11570100
2016-01-11,25.762821197509766,13847600
2016-01-12,25.697492599487305,10981400
2016-01-13,24.872751235961914,16443800
2016-01-14,25.99962615966797,13952600
2016-01-15,25.191226959228516,13231800
2016-01-19,24.32564926147461,15218700
2016-01-20,23.25594139099121,21777800
2016-01-21,23.917367935180664,15261900
2016-01-22,24.652284622192383,18397300
2016-01-25,23.909204483032227,18800700
2016-01-26,23.631563186645508,17959900
2016-01-27,23.72955322265625,17157400
2016-01-28,24.864593505859375,17805300
2016-01-29,25.95879364013672,15029000
2016-02-01,25.81998062133789,10193600
2016-02-02,24.921754837036133,8965900
2016-02-03,26.097610473632812,12680200
2016-02-04,26.481401443481445,13726500
2016-02-05,25.599502563476562,11397800
2016-02-08,25.17489242553711,14704400
2016-02-09,24.162342071533203,13217500
2016-02-10,24.162342071533203,7693700
2016-02-11,23.517244338989258,13121000
2016-02-12,23.770381927490234,11992200
2016-02-16,24.448135375976562,9101600
2016-02-17,25.64033317565918,10719400
2016-02-18,25.689329147338867,11405400
2016-02-19,25.6158390045166,9163900
2016-02-22,26.84886360168457,13221300
2016-02-23,26.203767776489258,11914400
2016-02-24,26.505897521972656,10773400
2016-02-25,26.538558959960938,9301400
2016-02-26,26.791698455810547,9637400
2016-02-29,26.504318237304688,11111300
2016-03-01,27.111923217773438,9628900
2016-03-02,27.637405395507812,13588300
2016-03-03,28.056156158447266,13453100
2016-03-04,28.63911247253418,17727400
2016-03-07,29.427350997924805,17414600
2016-03-08,28.310688018798828,12300700
2016-03-09,28.48310661315918,9015300
2016-03-10,28.33531379699707,9873600
2016-03-11,29.657251358032227,12667600
2016-03-14,29.148191452026367,10556500
2016-03-15,28.729433059692383,9634900
2016-03-16,29.12354850769043,13004800
2016-03-17,29.87073516845703,10206400
2016-03-18,29.805044174194336,12220800
2016-03-21,29.87073516845703,7007400
2016-03-22,29.534093856811523,7025100
2016-03-23,28.76227378845215,7941400
2016-03-24,28.918285369873047,6331100
2016-03-28,28.811538696289062,5013200
2016-03-29,28.75406265258789,8153300
2016-03-30,29.575143814086914,11330600
2016-03-31,29.32882308959961,7426200
2016-04-01,28.811538696289062,9201400
2016-04-04,27.91656494140625,14100000
2016-04-05,28.245004653930664,17338900
2016-04-06,29.919994354248047,21612400
2016-04-07,29.76399803161621,9283200
2016-04-08,30.6507568359375,11885000
2016-04-11,30.560440063476562,8297400
2016-04-12,30.921703338623047,12394100
2016-04-13,31.45541000366211,11374800
2016-04-14,31.51288604736328,9829700
2016-04-15,31.422555923461914,7244900
2016-04-18,32.013736724853516,8725300
2016-04-19,32.87586975097656,11216800
2016-04-20,33.12218475341797,9703500
2016-04-21,33.11397933959961,16368700
2016-04-22,33.5327262878418,11220700
2016-04-25,32.87586975097656,13423800
2016-04-26,33.02366638183594,9782100
2016-04-27,33.69694519042969,11826400
2016-04-28,33.69694519042969,9288900
2016-04-29,33.91862869262695,10388800
2016-05-02,34.52622985839844,23540500
2016-05-03,33.20429229736328,19669200
2016-05-04,32.72806930541992,12638300
2016-05-05,32.793758392333984,12816300
2016-05-06,32.383216857910156,13827100
2016-05-09,31.767417907714844,8974100
2016-05-10,31.890579223632812,8276700
2016-05-11,32.46532440185547,10957000
2016-05-12,32.88409423828125,10437400
2016-05-13,32.07121658325195,8290400
2016-05-16,32.99082946777344,10721500
2016-05-17,33.803680419921875,10785500
2016-05-18,33.07292175292969,8378700
2016-05-19,32.95797348022461,7570700
2016-05-20,33.59020233154297,8365900
2016-05-23,34.041786193847656,11689300
2016-05-24,34.00894546508789,8235600
2016-05-25,34.85466003417969,7651800
2016-05-26,35.01066970825195,8919100
2016-05-27,35.1096076965332,6421400
2016-05-31,34.77978515625,9865000
2016-06-01,34.75505828857422,8131000
2016-06-02,34.738555908203125,6651700
2016-06-03,35.33222961425781,9015700
2016-06-06,37.01435470581055,13760900
2016-06-07,37.995574951171875,15583200
2016-06-08,38.16872024536133,11733300
2016-06-09,37.51731491088867,8514600
2016-06-10,36.593814849853516,10423800
2016-06-13,36.51134490966797,8504700
2016-06-14,36.27223587036133,9087300
2016-06-15,36.263980865478516,7981700
2016-06-16,35.612586975097656,10109200
2016-06-17,36.37118911743164,9387500
2016-06-20,36.107337951660156,7630500
2016-06-21,36.79169464111328,9233900
2016-06-22,36.82469177246094,11278000
2016-06-23,37.79767608642578,8136700
2016-06-24,36.214515686035156,12651400
2016-06-27,34.53242111206055,12223200
2016-06-28,35.67855453491211,9393500
2016-06-29,36.7669792175293,9788900
2016-06-30,37.344154357910156,9742100
2016-07-01,37.56679916381836,7718600
2016-07-05,35.8929328918457,12375700
2016-07-06,35.991886138916016,8206000
2016-07-07,35.909420013427734,8516300
2016-07-08,37.129756927490234,10482100
2016-07-11,36.67626953125,9053800
2016-07-12,37.954341888427734,11462700
2016-07-13,37.27819061279297,9077500
2016-07-14,37.772918701171875,6803700
2016-07-15,37.48433303833008,5704900
2016-07-18,37.60801696777344,6105900
2016-07-19,37.0967903137207,9756100
2016-07-20,36.51134490966797,16067200
2016-07-21,35.90117263793945,9210500
2016-07-22,36.14030838012695,8900200
2016-07-25,35.076629638671875,8241700
2016-07-26,35.65382385253906,7246500
2016-07-27,35.389957427978516,6385800
2016-07-28,35.26628112792969,7411800
2016-07-29,36.00012969970703,7437300
2016-08-01,34.862239837646484,8451000
2016-08-02,34.680843353271484,7866600
2016-08-03,35.406455993652344,7347000
2016-08-04,35.44767379760742,5156300
2016-08-05,36.041358947753906,6442700
2016-08-08,36.49486541748047,6606000
2016-08-09,36.32171630859375,4516400
2016-08-10,36.08259582519531,5182300
2016-08-11,36.34645080566406,5273300
2016-08-12,36.14855194091797,4345100
2016-08-15,36.65151596069336,4436100
2016-08-16,36.79169464111328,8288200
2016-08-17,37.18748092651367,6190300
2016-08-18,38.30889129638672,12196700
2016-08-19,38.63046646118164,8841200
2016-08-22,37.1710090637207,11337300
2016-08-23,37.0967903137207,7647900
2016-08-24,36.56907653808594,6439900
2016-08-25,36.75047302246094,4098900
2016-08-26,36.74222183227539,5249700
2016-08-29,36.89065170288086,4474200
2016-08-30,36.338199615478516,8194800
2016-08-31,35.46416091918945,9660000
2016-09-01,35.62907791137695,5274400
2016-09-02,35.869197845458984,5994000
2016-09-06,36.20869064331055,6003200
2016-09-07,36.076194763183594,5173500
2016-09-08,36.53160858154297,6212600
2016-09-09,34.73483657836914,9520000
2016-09-12,35.1074333190918,6986400
2016-09-13,34.039310455322266,11877300
2016-09-14,34.16350555419922,8061100
2016-09-15,34.58580017089844,6820400
2016-09-16,33.98135757446289,9673200
2016-09-19,34.18007278442383,6836500
2016-09-20,34.16350555419922,7771300
2016-09-21,35.37240982055664,7610200
2016-09-22,35.31443405151367,5924900
2016-09-23,34.64374923706055,7191700
2016-09-26,34.26286697387695,9322500
2016-09-27,33.906829833984375,11842900
2016-09-28,35.43036651611328,12551900
2016-09-29,36.581295013427734,15139000
2016-09-30,37.16089630126953,9195300
2016-10-03,37.17744827270508,6221400
2016-10-04,36.920772552490234,5035900
2016-10-05,37.856422424316406,7529500
2016-10-06,38.39461135864258,7624000
2016-10-07,38.303531646728516,7014500
2016-10-10,39.13154602050781,8799400
2016-10-11,38.618186950683594,9505000
2016-10-12,38.883148193359375,7565500
2016-10-13,38.93282699584961,7327900
2016-10-14,38.89142608642578,7353400
2016-10-17,38.35321044921875,8169300
2016-10-18,38.9742317199707,9834100
2016-10-19,40.6302375793457,19236500
2016-10-20,40.36526870727539,8613000
2016-10-21,40.10030746459961,6659000
2016-10-24,39.94298553466797,7399100
2016-10-25,39.5538215637207,7760200
2016-10-26,39.429622650146484,8619700
2016-10-27,39.37166976928711,6001200
2016-10-28,38.56850814819336,10411000
2016-10-31,38.08824920654297,7931200
2016-11-01,38.27870559692383,6869900
2016-11-02,38.03028869628906,8158100
2016-11-03,38.56850814819336,7378000
2016-11-04,38.40289306640625,7031600
2016-11-07,39.28057861328125,5504400
2016-11-08,39.015621185302734,5320300
2016-11-09,39.59523391723633,12189800
2016-11-10,40.414947509765625,11520000
2016-11-11,39.7525520324707,7635100
2016-11-14,39.86017990112305,8395500
2016-11-15,41.201541900634766,11770300
2016-11-16,40.37355422973633,7835200
2016-11-17,40.241085052490234,7953800
2016-11-18,40.828956604003906,6663000
2016-11-21,41.48307418823242,8011200
2016-11-22,41.267791748046875,7699500
2016-11-23,40.9614372253418,3979200
2016-11-25,40.99455642700195,2736300
2016-11-28,40.40666961669922,6968500
2016-11-29,39.57038879394531,12332000
2016-11-30,43.95882034301758,32232000
2016-12-01,44.0830192565918,11775300
2016-12-02,44.85305404663086,7174900
2016-12-05,44.77830123901367,9235300
2016-12-06,44.877986907958984,9056100
2016-12-07,44.479225158691406,8987100
2016-12-08,45.218597412109375,9037500
2016-12-09,45.027523040771484,6003100
2016-12-12,45.26845932006836,10575100
2016-12-13,45.60905838012695,8600700
2016-12-14,44.454280853271484,9068000
2016-12-15,44.686927795410156,8359300
2016-12-16,44.853057861328125,12707800
2016-12-19,44.628753662109375,5563800
2016-12-20,44.30475616455078,8164300
2016-12-21,45.65890884399414,10087800
2016-12-22,45.75028991699219,5370500
2016-12-23,45.5592155456543,3168000
2016-12-27,45.617374420166016,3609800
2016-12-28,45.1106071472168,4956800
2016-12-29,44.89460372924805,4237500
2016-12-30,44.93614959716797,4655700
2017-01-03,46.25706481933594,10531700
2017-01-04,46.431522369384766,6265900
2017-01-05,46.69736099243164,7083300
2017-01-06,47.07121276855469,7899500
2017-01-09,46.5810546875,9080500
2017-01-10,45.393062591552734,9774100
2017-01-11,46.01612854003906,9995100
2017-01-12,45.841670989990234,5954000
2017-01-13,45.30998611450195,5995600
2017-01-17,45.700435638427734,7712600
2017-01-18,45.80013656616211,6156300
2017-01-19,45.97458267211914,9144400
2017-01-20,46.89674758911133,14793600
2017-01-23,45.52597427368164,17718700
2017-01-24,47.0379638671875,11276700
2017-01-25,47.69429016113281,9837100
2017-01-26,48.23427963256836,8989800
2017-01-27,48.35890197753906,6893000
2017-01-30,46.921669006347656,10361100
2017-01-31,46.99644088745117,5849500
2017-02-01,46.713993072509766,7083000
2017-02-02,46.76382827758789,6183400
2017-02-03,47.004737854003906,5344500
2017-02-06,46.60597229003906,4745200
2017-02-07,45.59244918823242,8395900
2017-02-08,46.057682037353516,9849500
2017-02-09,47.08782958984375,9320900
2017-02-10,46.63090515136719,7937500
2017-02-13,46.78874206542969,7161800
2017-02-14,46.97150802612305,8102300
2017-02-15,46.33182907104492,5978500
2017-02-16,45.11891174316406,10925600
2017-02-17,44.620452880859375,9055800
2017-02-21,44.72844696044922,7496900
2017-02-22,44.08045959472656,7736100
2017-02-23,44.18844985961914,7971000
2017-02-24,43.92259979248047,6489600
2017-02-27,44.347747802734375,6902500
2017-02-28,44.56448745727539,6503700
2017-03-01,45.59815216064453,7176400
2017-03-02,44.906253814697266,5772100
2017-03-03,44.906253814697266,4092800
2017-03-06,44.847896575927734,5656100
2017-03-07,44.15601348876953,7246400
2017-03-08,42.75556182861328,14736900
2017-03-09,42.422119140625,14967400
2017-03-10,42.43878173828125,7711100
2017-03-13,42.41377639770508,6272400
2017-03-14,41.51348114013672,13128100
2017-03-15,42.96396255493164,9993000
2017-03-16,42.44711685180664,7336000
2017-03-17,42.330421447753906,8131400
2017-03-20,42.213714599609375,7763200
2017-03-21,41.805259704589844,7673000
2017-03-22,41.538490295410156,7544900
2017-03-23,41.4384651184082,5620000
2017-03-24,41.188385009765625,9607400
2017-03-27,39.82960510253906,14193700
2017-03-28,40.02968215942383,10606800
2017-03-29,41.029991149902344,10831200
2017-03-30,40.863277435302734,11840200
2017-03-31,41.02165222167969,6392600
2017-04-03,41.080013275146484,6870700
2017-04-04,41.30508804321289,6288700
2017-04-05,41.55516052246094,12281900
2017-04-06,41.805259704589844,5773200
2017-04-07,41.4134521484375,6212000
2017-04-10,41.655208587646484,5588100
2017-04-11,41.68854904174805,6766900
2017-04-12,41.12169647216797,7358000
2017-04-13,40.32976531982422,6762400
2017-04-17,40.71323013305664,5249000
2017-04-18,40.454803466796875,4703300
2017-04-19,39.5378532409668,9432800
2017-04-20,39.75458908081055,6425000
2017-04-21,39.22941589355469,13268900
2017-04-24,38.97098922729492,11843600
2017-04-25,39.19607162475586,8032500
2017-04-26,39.17106628417969,7921900
2017-04-27,38.679237365722656,12907600
2017-04-28,38.245758056640625,7352400
2017-05-01,38.154048919677734,4640700
2017-05-02,37.762264251708984,7739700
2017-05-03,37.720584869384766,7261300
2017-05-04,37.178749084472656,13768700
2017-05-05,37.99567794799805,11907100
2017-05-08,37.81229019165039,8283100
2017-05-09,37.53719711303711,8453900
2017-05-10,38.187416076660156,10051500
2017-05-11,38.020694732666016,7942100
2017-05-12,37.6288948059082,8969300
2017-05-15,38.77092361450195,12600700
2017-05-16,38.99600601196289,8862700
2017-05-17,38.62922286987305,8064500
2017-05-18,38.82929611206055,9072300
2017-05-19,39.82960510253906,13304600
2017-05-22,39.279422760009766,9495500
2017-05-23,39.679561614990234,11837500
2017-05-24,39.77125549316406,10331900
2017-05-25,37.853965759277344,18438700
2017-05-26,38.14571762084961,9938800
2017-05-30,37.637229919433594,8476200
2017-05-31,37.67056655883789,9938200
2017-06-01,37.92066192626953,9067200
2017-06-02,37.762264251708984,9598300
2017-06-05,37.92965316772461,5920000
2017-06-06,38.49876403808594,9345500
2017-06-07,37.15968322753906,16379300
2017-06-08,36.933712005615234,10363800
2017-06-09,37.53630065917969,11389400
2017-06-12,37.59487533569336,9591600
2017-06-13,38.3648567199707,12214200
2017-06-14,37.5195426940918,13733100
2017-06-15,36.89186096191406,8839800
2017-06-16,37.05087661743164,10776800
2017-06-19,36.799800872802734,8613800
2017-06-20,36.32274627685547,11237600
2017-06-21,35.343544006347656,18500700
2017-06-22,35.067352294921875,11881200
2017-06-23,34.73258590698242,19487600
2017-06-26,34.899967193603516,5517100
2017-06-27,34.7576904296875,7244100
2017-06-28,35.15941619873047,8331800
2017-06-29,35.502559661865234,7879800
2017-06-30,35.745269775390625,7160800
2017-07-03,36.59056854248047,5754800
2017-07-05,35.87080383300781,9475900
2017-07-06,35.167781829833984,9338600
2017-07-07,34.966915130615234,10193200
2017-07-10,35.41886520385742,6132100
2017-07-11,35.745269775390625,5400900
2017-07-12,35.80385208129883,5692300
2017-07-13,36.63241958618164,8674800
2017-07-14,37.00902557373047,7946900
2017-07-17,36.91697311401367,6880500
2017-07-18,36.82489776611328,8182300
2017-07-19,38.14727020263672,12052200
2017-07-20,37.97986602783203,10591700
2017-07-21,37.1429443359375,11819200
2017-07-24,35.5778923034668,22394900
2017-07-25,35.728538513183594,13843600
2017-07-26,36.25579071044922,11246800
2017-07-27,36.06330108642578,10452300
2017-07-28,35.92939376831055,8895600
2017-07-31,35.51929473876953,8185400
2017-08-01,35.52766036987305,14301500
2017-08-02,35.86243438720703,9983300
2017-08-03,35.1761589050293,7944800
2017-08-04,35.142677307128906,6534100
2017-08-07,34.69074249267578,7546700
2017-08-08,34.33921432495117,9244700
2017-08-09,34.55683135986328,6396700
2017-08-10,33.904022216796875,6988600
2017-08-11,33.493919372558594,5519600
2017-08-14,33.401878356933594,7282300
2017-08-15,33.1005744934082,7691300
2017-08-16,32.90807342529297,6662700
2017-08-17,32.38081359863281,8145400
2017-08-18,32.63188934326172,8868200
2017-08-21,32.42266082763672,5084500
2017-08-22,32.35569763183594,6032800
2017-08-23,32.665367126464844,4623500
2017-08-24,32.464500427246094,7345900
2017-08-25,32.64863586425781,6167200
2017-08-28,32.464500427246094,7348300
2017-08-29,32.40591812133789,5120500
2017-08-30,32.36407470703125,4481900
2017-08-31,32.615150451660156,7303700
2017-09-01,32.70764923095703,5199500
2017-09-05,33.489593505859375,16722100
2017-09-06,34.48176193237305,14240600
2017-09-07,34.734004974365234,8303700
2017-09-08,33.876365661621094,9178200
2017-09-11,34.16224670410156,10529800
2017-09-12,34.691959381103516,6736900
2017-09-13,35.14599609375,10385100
2017-09-14,35.46550750732422,10484000
2017-09-15,35.57481384277344,8173000
2017-09-18,35.83546447753906,6479000
2017-09-19,35.99521255493164,7023900
2017-09-20,36.66787338256836,12057100
2017-09-21,36.558563232421875,9634300
2017-09-22,37.205989837646484,9209100
2017-09-25,37.57594680786133,11540100
2017-09-26,37.533912658691406,6067000
2017-09-27,38.324283599853516,11317000
2017-09-28,38.53447341918945,12198100
2017-09-29,38.70263671875,6683300
2017-10-02,38.2822380065918,7408900
2017-10-03,37.777748107910156,8635500
2017-10-04,37.98794937133789,7061100
2017-10-05,37.91228485107422,5485800
2017-10-06,37.626407623291016,11162200
2017-10-09,37.777748107910156,3709100
2017-10-10,37.86183166503906,6522000
2017-10-11,38.26542282104492,5749500
2017-10-12,37.63481521606445,5783500
2017-10-13,37.60117721557617,4730000
2017-10-16,37.50868606567383,4114200
2017-10-17,37.3825569152832,7556600
2017-10-18,36.80240249633789,7481700
2017-10-19,36.508121490478516,9024600
2017-10-20,36.432437896728516,10522600
2017-10-23,35.515953063964844,12842900
2017-10-24,34.784446716308594,14280500
2017-10-25,34.86012268066406,8965200
2017-10-26,34.67514419555664,8211300
2017-10-27,35.67570877075195,12555700
2017-10-30,36.09611892700195,7615600
2017-10-31,35.93636703491211,6243400
2017-11-01,36.197021484375,7257600
2017-11-02,35.894325256347656,6218200
2017-11-03,36.34835433959961,9575000
2017-11-06,37.90386962890625,10277400
2017-11-07,38.063636779785156,9507100
2017-11-08,37.9375,6728900
2017-11-09,37.84501266479492,5760700
2017-11-10,37.48345947265625,4565200
2017-11-13,37.17236328125,5350500
2017-11-14,36.10451889038086,7938400
2017-11-15,35.053504943847656,10470500
2017-11-16,34.902164459228516,5721200
2017-11-17,35.12078094482422,5902500
2017-11-20,34.95261001586914,5806100
2017-11-21,34.616275787353516,11601600
2017-11-22,34.834903717041016,4916000
2017-11-24,34.96101760864258,3352700
2017-11-27,34.53219985961914,5376400
2017-11-28,34.490169525146484,8102800
2017-11-29,34.7255859375,7383600
2017-11-30,35.12917709350586,13390400
2017-12-01,36.20542907714844,18066400
2017-12-04,36.90330505371094,13897200
2017-12-05,36.68468475341797,8993000
2017-12-06,36.6255989074707,8807700
2017-12-07,36.6931266784668,6269400
2017-12-08,37.14060974121094,8178200
2017-12-11,38.12843322753906,11262900
2017-12-12,38.19597244262695,9823500
2017-12-13,37.790714263916016,7717100
2017-12-14,37.495216369628906,7172900
2017-12-15,37.6640739440918,9721600
2017-12-18,38.39860916137695,7610800
2017-12-19,38.72787857055664,8005300
2017-12-20,40.03654479980469,9148900
2017-12-21,40.66975784301758,10710600
2017-12-22,40.5346794128418,6767800
2017-12-26,41.17634963989258,4983900
2017-12-27,41.21856689453125,5409900
2017-12-28,41.007476806640625,3884200
2017-12-29,41.26077651977539,5194800
2018-01-02,41.885562896728516,7269200
2018-01-03,42.63697052001953,11181900
2018-01-04,43.59103012084961,10142700
2018-01-05,43.751441955566406,8617300
2018-01-08,44.14826965332031,7611900
2018-01-09,43.99629592895508,8587400
2018-01-10,44.30025100708008,9714200
2018-01-11,45.026336669921875,9086700
2018-01-12,44.86591339111328,9026800
2018-01-16,44.013187408447266,10231600
2018-01-17,44.62107849121094,8479900
2018-01-18,44.20737838745117,8388000
2018-01-19,44.75615692138672,10388000
2018-01-22,47.61832809448242,17802800
2018-01-23,47.98137664794922,13756800
2018-01-24,46.723365783691406,12321200
2018-01-25,46.60517883300781,9436100
2018-01-26,46.95133590698242,7495100
2018-01-29,46.26744842529297,8567500
2018-01-30,45.71022033691406,10719500
2018-01-31,45.338722229003906,8580800
2018-02-01,46.022613525390625,8530400
2018-02-02,44.0638313293457,14070800
2018-02-05,42.24860382080078,12398500
2018-02-06,42.746742248535156,11153200
2018-02-07,41.95310592651367,8631600
2018-02-08,40.02810287475586,13885400
2018-02-09,39.42865753173828,17765800
2018-02-12,40.45869445800781,12278300
2018-02-13,40.01121139526367,6857700
2018-02-14,40.41646957397461,8741200
2018-02-15,39.58906555175781,15759700
2018-02-16,40.10408401489258,12205900
2018-02-20,39.8170280456543,7426100
2018-02-21,39.302005767822266,9845900
2018-02-22,39.79169845581055,8273000
2018-02-23,40.90617752075195,9069900
2018-02-26,40.72042465209961,8123000
2018-02-27,40.20541000366211,5941300
2018-02-28,39.19224548339844,10558600
2018-03-01,38.86297607421875,10113100
2018-03-02,38.86297607421875,6151500
2018-03-05,39.05716323852539,11767900
2018-03-06,38.921546936035156,5634400
2018-03-07,38.84526062011719,7735400
2018-03-08,38.99782180786133,9826000
2018-03-09,39.82848358154297,7326000
2018-03-12,39.769134521484375,5319900
2018-03-13,39.07410430908203,6439100
2018-03-14,39.192771911621094,5988300
2018-03-15,38.38755798339844,6871700
2018-03-16,38.91307067871094,8624700
2018-03-19,37.87053298950195,9488200
2018-03-20,38.55708694458008,6657400
2018-03-21,39.930179595947266,9667300
2018-03-22,39.31143569946289,11574700
2018-03-23,39.3622932434082,11514900
2018-03-26,40.014949798583984,8960800
2018-03-27,39.735233306884766,9574800
2018-03-28,39.0317268371582,9719600
2018-03-29,39.786094665527344,12284400
2018-04-02,39.06563949584961,9091600
2018-04-03,39.66742706298828,7615400
2018-04-04,39.65047836303711,7857200
2018-04-05,40.41331481933594,8644700
2018-04-06,39.83695602416992,9877900
2018-04-09,39.46400451660156,9558500
2018-04-10,41.37955856323242,10241400
2018-04-11,42.03221893310547,9195000
2018-04-12,42.55773162841797,8303700
2018-04-13,43.04085159301758,7340800
2018-04-16,43.02391052246094,6540700
2018-04-17,43.13409423828125,6101300
2018-04-18,44.15119934082031,12603800
2018-04-19,44.08338928222656,11319100
2018-04-20,44.04100799560547,13149800
2018-04-23,44.1172981262207,7555400
2018-04-24,43.540931701660156,8459900
2018-04-25,43.86302947998047,6377000
2018-04-26,44.58346939086914,7121500
2018-04-27,44.77842712402344,5969700
2018-04-30,44.91404342651367,7944800
2018-05-01,44.44786071777344,5590600
2018-05-02,44.61738586425781,5203000
2018-05-03,44.33767318725586,4814300
2018-05-04,44.235965728759766,6262400
2018-05-07,44.10035705566406,5559900
2018-05-08,43.96472930908203,8970400
2018-05-09,44.668235778808594,8434900
2018-05-10,44.67671203613281,6965900
2018-05-11,44.312252044677734,8541300
2018-05-14,44.49872589111328,8174300
2018-05-15,44.6851921081543,5075200
2018-05-16,44.897090911865234,6262200
2018-05-17,46.08372497558594,10191400
2018-05-18,46.041343688964844,6602700
2018-05-21,46.10914611816406,5544600
2018-05-22,45.125946044921875,6167200
2018-05-23,44.85470199584961,6704300
2018-05-24,44.30377197265625,6354400
2018-05-25,42.540771484375,12915400
2018-05-29,42.176300048828125,6863800
2018-05-30,42.72724914550781,5673500
2018-05-31,42.15936279296875,7275400
2018-06-01,41.59994888305664,9214200
2018-06-04,40.64216995239258,11494700
2018-06-05,40.72725296020508,8358200
2018-06-06,41.09307861328125,10921700
2018-06-07,41.62908172607422,7431700
2018-06-08,40.922916412353516,9377500
2018-06-11,40.718727111816406,7526300
2018-06-12,40.718727111816406,9443300
2018-06-13,40.55707550048828,8709600
2018-06-14,40.6081428527832,6875700
2018-06-15,39.64673614501953,15150700
2018-06-18,39.66374969482422,5972800
2018-06-19,39.229854583740234,8345700
2018-06-20,38.8895378112793,8669300
2018-06-21,38.21742248535156,9286800
2018-06-22,39.32344055175781,14098300
2018-06-25,38.48966979980469,9564600
2018-06-26,38.57474899291992,8455100
2018-06-27,39.00013732910156,8636400
2018-06-28,38.821475982666016,7432400
2018-06-29,38.3365364074707,8623800
2018-07-02,37.83456039428711,7527400
2018-07-03,37.885623931884766,4651900
2018-07-05,37.81754684448242,5408200
2018-07-06,38.22592544555664,5642000
2018-07-09,38.99163055419922,6632300
2018-07-10,39.35748291015625,8631800
2018-07-11,38.37055587768555,8082400
2018-07-12,38.21742248535156,6793100
2018-07-13,38.5832405090332,4607300
2018-07-16,38.2514533996582,5280800
2018-07-17,38.3365364074707,7282000
2018-07-18,38.11532211303711,6856800
2018-07-19,38.2514533996582,6387800
2018-07-20,38.45563888549805,10584000
2018-07-23,35.34175109863281,31042400
2018-07-24,34.329322814941406,24846300
2018-07-25,33.87839889526367,22149400
2018-07-26,35.14607620239258,17273200
2018-07-27,35.562950134277344,10563200
2018-07-30,35.97983932495117,9024700
2018-07-31,36.0904426574707,10245300
2018-08-01,35.78417205810547,9216500
2018-08-02,35.65654373168945,6558300
2018-08-03,35.77565002441406,7336300
2018-08-06,35.699073791503906,5123500
2018-08-07,35.75864028930664,6557700
2018-08-08,35.75864028930664,5250800
2018-08-09,35.316226959228516,6172500
2018-08-10,35.68206024169922,3932500
2018-08-13,34.75469970703125,8411800
2018-08-14,34.601566314697266,5138900
2018-08-15,33.776302337646484,9293400
2018-08-16,33.83585739135742,6828300
2018-08-17,34.00602340698242,6072300
2018-08-20,34.37184524536133,5479600
2018-08-21,34.805747985839844,5361700
2018-08-22,35.052486419677734,4564500
2018-08-23,34.73768997192383,4873200
2018-08-24,34.72067642211914,5121100
2018-08-27,34.890838623046875,5127000
2018-08-28,34.601566314697266,6639700
2018-08-29,34.64409255981445,5691600
2018-08-30,34.218711853027344,7597600
2018-08-31,33.937950134277344,6108300
2018-09-04,33.74138259887695,5145000
2018-09-05,31.73296356201172,20306500
2018-09-06,31.502212524414062,13673200
2018-09-07,31.45093536376953,10740900
2018-09-10,31.356924057006836,7632100
2018-09-11,31.920974731445312,12547100
2018-09-12,32.596160888671875,11335300
2018-09-13,32.84400177001953,9940500
2018-09-14,33.01493453979492,9220400
2018-09-17,33.08330535888672,6988800
2018-09-18,33.46790313720703,6657800
2018-09-19,34.23707580566406,9132400
2018-09-20,34.51911544799805,7675700
2018-09-21,34.79258728027344,12451300
2018-09-24,35.09172058105469,7406400
2018-09-25,35.348121643066406,8039800
2018-09-26,35.10881805419922,10391200
2018-09-27,34.69004440307617,10919700
2018-09-28,34.63875198364258,9517400
2018-10-01,35.08317565917969,6731100
2018-10-02,35.6472282409668,8534000
2018-10-03,35.724159240722656,8876400
2018-10-04,35.80107498168945,6341400
2018-10-05,35.89508819580078,8358000
2018-10-08,35.90363311767578,7125400
2018-10-09,36.014739990234375,9496600
2018-10-10,34.73276901245117,9084100
2018-10-11,33.97213363647461,12017900
2018-10-12,33.84392547607422,7816900
2018-10-15,34.014869689941406,11180000
2018-10-16,34.25416564941406,7822000
2018-10-17,33.809757232666016,8723800
2018-10-18,32.47650146484375,16491600
2018-10-19,32.0833625793457,16521400
2018-10-22,31.10906982421875,15887600
2018-10-23,30.42535400390625,14431300
2018-10-24,29.25450325012207,15161400
2018-10-25,29.690372467041016,11681300
2018-10-26,30.03221893310547,12585400
2018-10-29,29.416881561279297,11743300
2018-10-30,29.963851928710938,10404400
2018-10-31,29.63908576965332,10625500
2018-11-01,29.716001510620117,10371000
2018-11-02,29.827116012573242,7762000
2018-11-05,30.553565979003906,8974800
2018-11-06,30.57065200805664,7199200
2018-11-07,31.11762809753418,8772700
2018-11-08,30.22879409790039,8076600
2018-11-09,29.895471572875977,9356800
2018-11-12,29.19467544555664,9957400
2018-11-13,27.57939338684082,21537000
2018-11-14,27.562297821044922,15648700
2018-11-15,27.733226776123047,13292400
2018-11-16,27.741769790649414,7905100
2018-11-19,28.19473648071289,12194600
2018-11-20,26.870037078857422,12667100
2018-11-21,27.288814544677734,5358200
2018-11-23,26.237594604492188,7920200
2018-11-26,27.17771339416504,18206600
2018-11-27,27.246076583862305,12510100
2018-11-28,27.49391746520996,9467700
2018-11-29,27.254629135131836,8943300
2018-11-30,26.861492156982422,10940700
2018-12-03,27.912700653076172,11352800
2018-12-04,26.870037078857422,13617600
2018-12-06,25.606473922729492,18911100
2018-12-07,25.51192283630371,14265700
2018-12-10,25.1680965423584,12882700
2018-12-11,24.755504608154297,13488600
2018-12-12,25.451757431030273,10506100
2018-12-13,25.709625244140625,15027300
2018-12-14,24.92741584777832,17021100
2018-12-17,25.004776000976562,15925500
2018-12-18,24.91022300720215,15300200
2018-12-19,23.758405685424805,18010600
2018-12-20,23.32862663269043,13922500
2018-12-21,22.219783782958984,21135400
2018-12-24,21.609495162963867,8496000
2018-12-26,22.71833610534668,14755100
2018-12-27,22.658164978027344,12775500
2018-12-28,22.74411964416504,8990100
2018-12-31,22.847267150878906,9885800
2019-01-02,23.466154098510742,7805400
2019-01-03,23.320030212402344,11693600
2019-01-04,24.428869247436523,15701000
2019-01-07,24.7726993560791,10997300
2019-01-08,25.099334716796875,8621700
2019-01-09,25.786985397338867,10328500
2019-01-10,26.534809112548828,10433500
2019-01-11,26.388681411743164,11392400
2019-01-14,26.105022430419922,8247100
2019-01-15,26.087833404541016,7746100
2019-01-16,26.09642791748047,10084300
2019-01-17,26.560588836669922,12746500
2019-01-18,27.721010208129883,16457300
2019-01-22,26.87003517150879,16986900
2019-01-23,26.68953514099121,12503900
2019-01-24,26.827056884765625,11264500
2019-01-25,27.592071533203125,10357300
2019-01-28,26.844249725341797,10076500
2019-01-29,26.51761245727539,6375500
2019-01-30,27.13650131225586,7975800
2019-01-31,26.955997467041016,7494700
2019-02-01,27.609262466430664,7776100
2019-02-04,27.721010208129883,6164700
2019-02-05,27.763986587524414,6061500
2019-02-06,27.53190040588379,5471400
2019-02-07,26.216766357421875,9466200
2019-02-08,25.52911376953125,9856100
2019-02-11,25.958900451660156,7912200
2019-02-12,26.509021759033203,9440900
2019-02-13,26.99037742614746,7146400
2019-02-14,27.162290573120117,8271100
2019-02-15,27.37718391418457,8249100
2019-02-19,27.248247146606445,5434300
2019-02-20,27.75539207458496,14461700
2019-02-21,26.973180770874023,7680800
2019-02-22,26.921615600585938,6207800
2019-02-25,27.291227340698242,9977300
2019-02-26,27.110715866088867,7107800
2019-02-27,26.86144256591797,8237600
2019-02-28,26.38008689880371,8639200
2019-03-01,26.586383819580078,10827800
2019-03-04,26.62935447692871,11119500
2019-03-05,26.18842315673828,11444600
2019-03-06,24.934762954711914,13930200
2019-03-07,24.147985458374023,13403200
2019-03-08,23.750276565551758,13408400
2019-03-11,24.113405227661133,11469800
2019-03-12,24.28632164001465,10351000
2019-03-13,24.640798568725586,10434700
2019-03-14,24.6148681640625,11150500
2019-03-15,24.182571411132812,12211800
2019-03-18,24.960702896118164,8630300
2019-03-19,25.297893524169922,13381300
2019-03-20,26.024150848388672,13823600
2019-03-21,25.972274780273438,9167300
2019-03-22,24.839658737182617,10438000
2019-03-25,24.4160099029541,9254700
2019-03-26,24.6148681640625,6093500
2019-03-27,24.69268226623535,6746400
2019-03-28,25.23737144470215,8155900
2019-03-29,25.332477569580078,7680600
2019-04-01,26.05872917175293,11365500
2019-04-02,25.88581657409668,11866500
2019-04-03,25.877166748046875,8063000
2019-04-04,26.300817489624023,9072200
2019-04-05,26.776338577270508,8285800
2019-04-08,27.053007125854492,6805200
2019-04-09,26.638004302978516,7704200
2019-04-10,26.83686065673828,4913400
2019-04-11,26.97519302368164,5744500
2019-04-12,27.087587356567383,7024200
2019-04-15,27.053007125854492,6961100
2019-04-16,27.50259017944336,5614300
2019-04-17,27.31238555908203,10626300
2019-04-18,26.914674758911133,9759200
2019-04-22,26.880084991455078,22164600
2019-04-23,26.931962966918945,13363800
2019-04-24,26.032794952392578,11444000
2019-04-25,25.263307571411133,8840400
2019-04-26,24.94341278076172,9934500
2019-04-29,24.874242782592773,6507100
2019-04-30,24.493820190429688,10142700
2019-05-01,23.854022979736328,8826500
2019-05-02,23.983715057373047,10142700
2019-05-03,24.009654998779297,8127700
2019-05-06,23.888607025146484,7067800
2019-05-07,23.29204750061035,10469600
2019-05-08,22.911624908447266,11995500
2019-05-09,22.470678329467773,12767700
2019-05-10,21.92599105834961,14085600
2019-05-13,21.3121395111084,17946700
2019-05-14,21.986513137817383,9745500
2019-05-15,22.124847412109375,8288200
2019-05-16,22.375577926635742,8362800
2019-05-17,21.77036476135254,7923900
2019-05-20,21.68390655517578,7073000
2019-05-21,22.124847412109375,8764900
2019-05-22,21.38994789123535,13154000
2019-05-23,20.326501846313477,23565700
2019-05-24,19.8596248626709,10217300
2019-05-28,19.876914978027344,11673400
2019-05-29,19.894210815429688,12559400
2019-05-30,19.167949676513672,12157000
2019-05-31,18.407108306884766,16450300
2019-06-03,18.675138473510742,10669300
2019-06-04,19.14594078063965,9992700
2019-06-05,18.474605560302734,21224800
2019-06-06,18.788469314575195,16250700
2019-06-07,18.85822296142578,15266500
2019-06-10,18.97156524658203,10838300
2019-06-11,19.25056266784668,10124300
2019-06-12,18.36998748779297,18406400
2019-06-13,18.884382247924805,23940000
2019-06-14,18.640256881713867,10687900
2019-06-17,19.1546573638916,12372800
2019-06-18,19.372617721557617,12887800
2019-06-19,19.015155792236328,11726500
2019-06-20,19.948043823242188,14720600
2019-06-21,19.913166046142578,19469700
2019-06-24,19.62545394897461,17465300
2019-06-25,19.616741180419922,8246600
2019-06-26,20.227039337158203,14331500
2019-06-27,19.8172664642334,9923000
2019-06-28,19.825986862182617,36268900
2019-07-01,20.009075164794922,11586900
2019-07-02,19.747514724731445,14286700
2019-07-03,19.913166046142578,6255300
2019-07-05,20.07882308959961,8454700
2019-07-08,20.270627975463867,14363000
2019-07-09,20.54961585998535,13350800
2019-07-10,20.575780868530273,15516200
2019-07-11,20.793743133544922,12268800
2019-07-12,20.70655632019043,11853900
2019-07-15,20.453716278076172,13114400
2019-07-16,19.948043823242188,9675800
2019-07-17,18.98900032043457,12759600
2019-07-18,18.901817321777344,12674400
2019-07-19,18.962844848632812,17145600
2019-07-22,20.697843551635742,28286300
2019-07-23,20.78502655029297,18363400
2019-07-24,20.74142837524414,12981900
2019-07-25,20.244470596313477,12426200
2019-07-26,20.07882308959961,6551500
2019-07-29,19.337749481201172,12261500
2019-07-30,20.227039337158203,17794400
2019-07-31,20.052669525146484,13557400
2019-08-01,18.884382247924805,16509400
2019-08-02,18.3089542388916,14128600
2019-08-05,17.707380294799805,13777200
2019-08-06,17.39350700378418,14552800
2019-08-07,17.1319522857666,16661000
2019-08-08,17.37607192993164,17492900
2019-08-09,17.018611907958984,13613200
2019-08-12,16.922704696655273,10673200
2019-08-13,16.983736038208008,12404600
2019-08-14,15.981106758117676,18264700
2019-08-15,15.911352157592773,21154700
2019-08-16,16.451906204223633,14359600
2019-08-19,16.852956771850586,13001000
2019-08-20,16.6175537109375,8284200
2019-08-21,16.216506958007812,10964700
2019-08-22,16.277530670166016,13271100
2019-08-23,15.44926929473877,14091600
2019-08-26,15.257461547851562,12999100
2019-08-27,15.09181022644043,10316700
2019-08-28,15.69339370727539,14771300
2019-08-29,16.155475616455078,13070400
2019-08-30,16.425750732421875,12154600
2019-09-03,16.513776779174805,13125600
2019-09-04,16.513776779174805,12794000
2019-09-05,16.725034713745117,12560800
2019-09-06,16.804262161254883,10921200
2019-09-09,17.561288833618164,13565300
2019-09-10,17.631710052490234,16748500
2019-09-11,17.64931869506836,14736400
2019-09-12,17.385236740112305,13410400
2019-09-13,17.842973709106445,10717200
2019-09-16,19.79716682434082,36553100
2019-09-17,18.511980056762695,19353900
2019-09-18,18.318317413330078,15049000
2019-09-19,18.415151596069336,12901700
2019-09-20,17.99262237548828,15934600
2019-09-23,18.14226531982422,11085400
2019-09-24,17.1563720703125,18536300
2019-09-25,17.112356185913086,10550700
2019-09-26,16.962711334228516,10841000
2019-09-27,16.48737335205078,14587700
2019-09-30,16.59299659729004,9884200
2019-10-01,16.35532569885254,12198100
2019-10-02,15.994420051574707,12056800
2019-10-03,16.408143997192383,10074200
2019-10-04,16.328920364379883,7944900
2019-10-07,16.161666870117188,8287800
2019-10-08,16.064838409423828,11337600
2019-10-09,16.082447052001953,11083800
2019-10-10,16.22328758239746,9799100
2019-10-11,16.6810245513916,10477700
2019-10-14,16.513776779174805,9185800
2019-10-15,16.460962295532227,11120800
2019-10-16,16.108856201171875,9417800
2019-10-17,16.29370880126953,13595800
2019-10-18,16.22328758239746,26677300
2019-10-21,17.26200294494629,27859700
2019-10-22,17.517276763916016,14548100
2019-10-23,17.790159225463867,11784100
2019-10-24,17.526081085205078,9416900
2019-10-25,18.027833938598633,13148300
2019-10-28,17.869380950927734,12464800
2019-10-29,17.939804077148438,11592000
2019-10-30,17.112356185913086,13151500
2019-10-31,16.945104598999023,10693300
2019-11-01,17.684532165527344,11548200
2019-11-04,18.54718780517578,16301100
2019-11-05,18.529582977294922,14116000
2019-11-06,18.133464813232422,11389800
2019-11-07,18.450361251831055,8367700
2019-11-08,18.732044219970703,9603400
2019-11-11,18.705638885498047,6712900
2019-11-12,18.511980056762695,6971200
2019-11-13,18.15106773376465,7355600
2019-11-14,17.895790100097656,6247700
2019-11-15,18.027833938598633,9152100
2019-11-18,17.74614715576172,8836400
2019-11-19,17.517276763916016,10244400
2019-11-20,18.07184410095215,12520300
2019-11-21,18.60000228881836,10522600
2019-11-22,18.476764678955078,7404000
2019-11-25,18.784860610961914,7804800
2019-11-26,18.33592414855957,10678100
2019-11-27,18.846479415893555,9061900
2019-11-29,18.476764678955078,6437400
2019-12-02,18.7408447265625,10234100
2019-12-03,18.30071449279785,13049600
2019-12-04,19.064350128173828,12904400
2019-12-05,19.01995849609375,10274500
2019-12-06,19.82798957824707,13910800
2019-12-09,20.041101455688477,12210900
2019-12-10,20.236454010009766,13220800
2019-12-11,20.760339736938477,13972800
2019-12-12,21.577260971069336,16237100
2019-12-13,21.301992416381836,14103500
2019-12-16,21.621658325195312,13360600
2019-12-17,21.923561096191406,24723100
2019-12-18,21.790369033813477,14949200
2019-12-19,21.737091064453125,13319500
2019-12-20,21.745973587036133,16971100
2019-12-23,22.101152420043945,11847800
2019-12-24,22.074512481689453,5828500
2019-12-26,21.790369033813477,10144900
2019-12-27,21.66605567932129,8452600
2019-12-30,21.80812644958496,9078400
2019-12-31,21.72821044921875,10702100
2020-01-02,21.91468048095703,9125500
2020-01-03,21.985719680786133,11562600
2020-01-06,22.545127868652344,14422600
2020-01-07,21.905799865722656,12406300
2020-01-08,21.355274200439453,14021100
2020-01-09,21.479585647583008,13480200
2020-01-10,21.381912231445312,8385000
2020-01-13,21.088882446289062,11442700
2020-01-14,21.25759506225586,13325200
2020-01-15,20.92905616760254,9940800
2020-01-16,21.14216423034668,10188100
2020-01-17,21.27535057067871,14378500
2020-01-21,21.106643676757812,21047800
2020-01-22,21.248716354370117,12042500
2020-01-23,20.93794059753418,12567900
2020-01-24,20.51171875,11684500
2020-01-27,19.224185943603516,18996600
2020-01-28,19.606008529663086,8773600
2020-01-29,19.2064266204834,10328600
2020-01-30,19.49057388305664,10652100
2020-01-31,19.36625862121582,12501900
2020-02-03,19.09099578857422,11481700
2020-02-04,19.241945266723633,11941000
2020-02-05,20.049985885620117,12034200
2020-02-06,19.765840530395508,8205500
2020-02-07,19.35738182067871,10241400
2020-02-10,19.002195358276367,10099000
2020-02-11,19.29521942138672,12984000
2020-02-12,19.84575080871582,9893900
2020-02-13,19.70368003845215,10072300
2020-02-14,19.641525268554688,8415500
2020-02-18,19.410655975341797,8500200
2020-02-19,19.783597946166992,7035300
2020-02-20,19.49057388305664,7202300
2020-02-21,18.877885818481445,11631000
2020-02-24,17.608110427856445,12540100
2020-02-25,16.87999153137207,13040400
2020-02-26,16.338336944580078,16143400
2020-02-27,15.441505432128906,20069300
2020-02-28,15.059682846069336,27295500
2020-03-02,15.290550231933594,20530300
2020-03-03,14.312460899353027,26031300
2020-03-04,13.809954643249512,30188600
2020-03-05,13.2266845703125,28694400
2020-03-06,11.728142738342285,30003000
2020-03-09,7.313262939453125,74704100
2020-03-10,7.770904064178467,62821800
2020-03-11,7.026115894317627,35888800
2020-03-12,5.760876178741455,38621400
2020-03-13,6.415931224822998,43906600
2020-03-16,5.330157279968262,37973700
2020-03-17,5.5096235275268555,36224500
2020-03-18,4.136704444885254,45137200
2020-03-19,4.307198524475098,39826500
2020-03-20,4.531530380249023,49166700
2020-03-23,4.702024459838867,27219200
2020-03-24,5.949317455291748,48419800
2020-03-25,6.074943542480469,51372200
2020-03-26,6.326196670532227,32866100
2020-03-27,5.733957767486572,33438800
2020-03-30,5.716010570526123,28100100
2020-03-31,6.146730422973633,34498500
2020-04-01,5.922396183013916,27200600
2020-04-02,6.747943878173828,51270900
2020-04-03,6.828703880310059,35876800
2020-04-06,7.097903728485107,28269000
2020-04-07,7.2145562171936035,40153500
2020-04-08,7.8516621589660645,27550400
2020-04-09,7.367103099822998,62286900
2020-04-13,7.044064521789551,46429300
2020-04-14,6.846649646759033,37407700
2020-04-15,6.23646354675293,34865300
2020-04-16,5.985210418701172,26960600
2020-04-17,6.801783084869385,34351200
2020-04-20,6.846649646759033,41649500
2020-04-21,6.694103240966797,34791200
2020-04-22,7.385049819946289,39590700
2020-04-23,8.0042085647583,43765500
2020-04-24,7.9503679275512695,46122800
2020-04-27,7.995237350463867,27910700
2020-04-28,8.542611122131348,28508700
2020-04-29,9.888611793518066,37511600
2020-04-30,9.42199420928955,45404700
2020-05-01,8.757969856262207,28085800
2020-05-04,9.000249862670898,25440100
2020-05-05,8.847702026367188,30398500
2020-05-06,8.57850170135498,19837800
2020-05-07,8.982301712036133,20163200
2020-05-08,9.601462364196777,21288400
2020-05-11,9.493782997131348,17674300
2020-05-12,9.413023948669434,21854000
2020-05-13,8.560556411743164,24155200
2020-05-14,8.928461074829102,22312000
2020-05-15,8.811808586120605,22989200
2020-05-18,10.328301429748535,40033000
2020-05-19,10.005261421203613,26264000
2020-05-20,10.723127365112305,28188200
2020-05-21,10.750045776367188,22874800
2020-05-22,10.4000883102417,19319100
2020-05-26,10.65134334564209,23319700
2020-05-27,10.938488006591797,20093700
2020-05-28,10.866698265075684,19018700
2020-05-29,10.543661117553711,28707100
2020-06-01,10.803888320922852,20750000
2020-06-02,11.429875373840332,21763900
2020-06-03,11.781145095825195,24102100
2020-06-04,11.880223274230957,22497000
2020-06-05,13.078156471252441,27776900
2020-06-08,14.771468162536621,36372000
2020-06-09,13.89778995513916,23805800
2020-06-10,13.069149017333984,26440800
2020-06-11,11.060586929321289,27855000
2020-06-12,11.51093864440918,20073300
2020-06-15,11.736111640930176,19678100
2020-06-16,12.18646240234375,23520500
2020-06-17,11.673062324523926,15676200
2020-06-18,11.880223274230957,14375100
2020-06-19,11.745121955871582,29721000
2020-06-22,11.727105140686035,12853300
2020-06-23,11.709091186523438,13303300
2020-06-24,10.682291984558105,18726000
2020-06-25,11.19569206237793,12866700
2020-06-26,10.745342254638672,16419700
2020-06-29,11.186684608459473,16714300
2020-06-30,11.691075325012207,21171100
2020-07-01,11.231720924377441,15603200
2020-07-02,11.321789741516113,15125100
2020-07-06,11.736111640930176,13644000
2020-07-07,11.177679061889648,10967300
2020-07-08,11.231720924377441,13122400
2020-07-09,10.610239028930664,16112800
2020-07-10,10.862434387207031,12895000
2020-07-13,10.619248390197754,13306800
2020-07-14,11.240730285644531,15884100
2020-07-15,11.709091186523438,18202100
2020-07-16,11.790154457092285,12747200
2020-07-17,11.781145095825195,16463500
2020-07-20,12.078375816345215,28342500
2020-07-21,12.8980131149292,32616200
2020-07-22,12.771915435791016,17933100
2020-07-23,13.285316467285156,19508600
2020-07-24,13.249284744262695,21901700
2020-07-27,13.420419692993164,15134100
2020-07-28,13.195245742797852,14961000
2020-07-29,13.573537826538086,13723700
2020-07-30,13.213260650634766,14688100
2020-07-31,12.907020568847656,18013100
2020-08-03,13.08716106414795,11183500
2020-08-04,13.609566688537598,15746200
2020-08-05,13.798714637756348,13469000
2020-08-06,13.348363876342773,11389600
2020-08-07,13.41141128540039,12918500
2020-08-10,14.059917449951172,10490600
2020-08-11,14.537285804748535,25789800
2020-08-12,15.050684928894043,20495500
2020-08-13,14.996641159057617,13456900
2020-08-14,14.978626251220703,12244200
2020-08-17,14.996641159057617,12312500
2020-08-18,14.816506385803223,10542900
2020-08-19,14.852534294128418,11929100
2020-08-20,14.420198440551758,13361200
2020-08-21,14.177008628845215,9806400
2020-08-24,14.672394752502441,14722400
2020-08-25,14.546294212341309,10201200
2020-08-26,14.240056037902832,8954800
2020-08-27,14.429203033447266,8343400
2020-08-28,14.654378890991211,8505200
2020-08-31,14.573315620422363,9810500
2020-09-01,14.659120559692383,11040300
2020-09-02,14.677184104919434,10415400
2020-09-03,14.559767723083496,15884500
2020-09-04,14.442349433898926,12968800
2020-09-08,13.37656021118164,15783600
2020-09-09,13.602364540100098,12272500
2020-09-10,12.897857666015625,15727100
2020-09-11,12.888826370239258,10846300
2020-09-14,12.943018913269043,10765000
2020-09-15,13.04237174987793,7930400
2020-09-16,13.611394882202148,14990800
2020-09-17,13.385592460632324,12584200
2020-09-18,13.05140495300293,12507600
2020-09-21,11.94045352935791,19709700
2020-09-22,12.039807319641113,10214600
2020-09-23,11.42562484741211,15910300
2020-09-24,11.308205604553223,24020300
2020-09-25,11.172725677490234,18480300
2020-09-28,11.52497673034668,16598400
2020-09-29,10.901761054992676,13391900
2020-09-30,10.883697509765625,12139900
2020-10-01,10.088871002197266,27032500
2020-10-02,10.21532154083252,17883400
2020-10-05,10.775312423706055,13796400
2020-10-06,10.703055381774902,20036300
2020-10-07,10.775312423706055,13292300
2020-10-08,11.570136070251465,13712800
2020-10-09,11.362399101257324,13564600
2020-10-12,11.497881889343262,10810700
2020-10-13,11.32627010345459,9264000
2020-10-14,11.488847732543945,12221800
2020-10-15,11.804972648620605,12268200
2020-10-16,11.064338684082031,18401100
2020-10-19,10.992081642150879,20524100
2020-10-20,11.506914138793945,18730800
2020-10-21,11.443687438964844,11946900
2020-10-22,11.777875900268555,10765500
2020-10-23,12.02174186706543,17743500
2020-10-26,11.552072525024414,16611700
2020-10-27,11.299173355102539,11873100
2020-10-28,10.314671516418457,18266900
2020-10-29,10.495315551757812,15084800
2020-10-30,10.892728805541992,16135900
2020-11-02,11.561107635498047,15822600
2020-11-03,11.732715606689453,13231800
2020-11-04,11.479813575744629,19084400
2020-11-05,11.35336685180664,11946800
2020-11-06,11.091436386108398,10871300
2020-11-09,12.988178253173828,25174500
2020-11-10,12.988178253173828,14627600
2020-11-11,12.807537078857422,8998400
2020-11-12,12.572702407836914,9915500
2020-11-13,12.943018913269043,9683900
2020-11-16,13.963648796081543,12832200
2020-11-17,14.279772758483887,10451700
2020-11-18,13.900422096252441,12951400
2020-11-19,14.45138168334961,12055800
2020-11-20,14.361062049865723,7826600
2020-11-23,15.643621444702148,17849200
2020-11-24,16.176515579223633,15620900
2020-11-25,16.131357192993164,11051000
2020-11-27,15.86038589477539,4548200
2020-11-30,14.984278678894043,15727300
2020-12-01,15.426847457885742,9603700
2020-12-02,15.94757080078125,9738700
2020-12-03,16.318866729736328,11624700
2020-12-04,17.595752716064453,14895800
2020-12-07,17.179180145263672,12267800
2020-12-08,17.89459991455078,12226800
2020-12-09,17.66820526123047,16962300
2020-12-10,18.102890014648438,11667800
2020-12-11,17.95799446105957,10482700
2020-12-14,17.170124053955078,11775700
2020-12-15,18.175338745117188,15665700
2020-12-16,18.238725662231445,13388100
2020-12-17,18.18439292907715,9508600
2020-12-18,17.822158813476562,15807500
2020-12-21,17.523305892944336,8714800
2020-12-22,17.315013885498047,6426000
2020-12-23,17.641035079956055,9276600
2020-12-24,17.39652442932129,2895500
2020-12-28,17.106731414794922,6525700
2020-12-29,16.880332946777344,9828800
2020-12-30,17.315013885498047,7746500
2020-12-31,17.11578941345215,6940500
2021-01-04,17.052398681640625,8898700
2021-01-05,18.483240127563477,15912300
2021-01-06,18.854534149169922,16165100
2021-01-07,18.428905487060547,13680500
2021-01-08,18.220619201660156,8343300
2021-01-11,18.62813377380371,11405600
2021-01-12,20.040870666503906,15816300
2021-01-13,19.53373146057129,10586600
2021-01-14,19.70579719543457,10215400
2021-01-15,18.78209114074707,12252400
2021-01-19,18.600969314575195,16808900
2021-01-20,18.18439292907715,13376100
2021-01-21,17.57764434814453,12080300
2021-01-22,17.423690795898438,14149600
2021-01-25,16.87127685546875,12581800
2021-01-26,16.48187255859375,9965600
2021-01-27,15.648721694946289,16088400
2021-01-28,16.54526710510254,11646800
2021-01-29,15.965683937072754,11373200
2021-02-01,16.173967361450195,8551800
2021-02-02,16.318866729736328,8862800
2021-02-03,17.03428840637207,9751500
2021-02-04,17.305965423583984,8881400
2021-02-05,17.188234329223633,12027500
2021-02-08,18.14817237854004,9163400
2021-02-09,17.92176628112793,14852700
2021-02-10,18.347402572631836,9761000
2021-02-11,17.595752716064453,9644300
2021-02-12,18.26589584350586,9487900
2021-02-16,18.655303955078125,10700400
2021-02-17,18.61002540588379,9239900
2021-02-18,17.722537994384766,11379800
2021-02-19,18.293066024780273,7533400
2021-02-22,19.135271072387695,12612300
2021-02-23,18.963211059570312,10620100
2021-02-24,20.16765022277832,14926400
2021-02-25,19.950307846069336,13896200
2021-02-26,19.76919174194336,12612800
2021-03-01,20.837797164916992,12624000
2021-03-02,20.216243743896484,9704600
2021-03-03,20.216243743896484,12317100
2021-03-04,20.034774780273438,17516100
2021-03-05,21.631742477416992,16439000
2021-03-08,22.10357666015625,14469600
2021-03-09,21.29601287841797,11555600
2021-03-10,21.903953552246094,8827100
2021-03-11,21.631742477416992,9177800
2021-03-12,21.795066833496094,7245300
2021-03-15,21.749704360961914,8136400
2021-03-16,20.7515926361084,11014000
2021-03-17,21.187129974365234,11645300
2021-03-18,20.116430282592773,11327100
2021-03-19,19.771631240844727,23241100
2021-03-22,19.544788360595703,11003900
2021-03-23,18.88240623474121,11882500
2021-03-24,19.327016830444336,9751800
2021-03-25,19.23628044128418,11137300
2021-03-26,19.771631240844727,9763500
2021-03-29,19.272579193115234,6864200
2021-03-30,19.508493423461914,7878500
2021-03-31,19.472196578979492,6526800
2021-04-01,19.889589309692383,7419000
2021-04-05,19.34516716003418,7572700
2021-04-06,19.290721893310547,7135900
2021-04-07,19.4359073638916,5875500
2021-04-08,19.372385025024414,7057700
2021-04-09,19.118324279785156,4708100
2021-04-12,19.072952270507812,4839800
2021-04-13,18.764448165893555,5474800
2021-04-14,19.65367317199707,9667000
2021-04-15,19.127395629882812,6516600
2021-04-16,18.77352523803711,8430600
2021-04-19,18.7553768157959,6721100
2021-04-20,17.975034713745117,10589300
2021-04-21,17.3308048248291,19098900
2021-04-22,17.439687728881836,11119100
2021-04-23,17.29450035095215,12328900
2021-04-26,17.630233764648438,9396600
2021-04-27,17.530420303344727,9372500
2021-04-28,18.27446937561035,9161600
2021-04-29,18.474088668823242,9489100
2021-04-30,17.748193740844727,8428300
2021-05-03,18.746299743652344,9550500
2021-05-04,19.018512725830078,9996200
2021-05-05,19.962181091308594,12368400
2021-05-06,20.116430282592773,10781400
2021-05-07,20.824180603027344,12249400
2021-05-10,20.633636474609375,9825800
2021-05-11,20.515674591064453,9101600
2021-05-12,20.53382682800293,11139700
2021-05-13,20.29790687561035,8773600
2021-05-14,20.923992156982422,7659000
2021-05-17,21.577299118041992,8384000
2021-05-18,21.132688522338867,8574200
2021-05-19,20.45216178894043,9944500
2021-05-20,20.30698013305664,8067700
2021-05-21,20.379566192626953,6088400
2021-05-24,20.424938201904297,4422400
2021-05-25,19.907737731933594,7403700
2021-05-26,20.216243743896484,6775900
2021-05-27,20.43401336669922,7733100
2021-05-28,20.370500564575195,4709500
2021-06-01,21.22059440612793,7880700
2021-06-02,22.138877868652344,14759400
2021-06-03,22.45709800720215,12619800
2021-06-04,22.47528076171875,10380000
2021-06-07,22.09341812133789,5643600
2021-06-08,22.19343376159668,6459300
2021-06-09,22.057050704956055,5067900
2021-06-10,21.738834381103516,5863600
2021-06-11,21.847938537597656,4832100
2021-06-14,21.456981658935547,5402300
2021-06-15,21.993408203125,10108100
2021-06-16,21.91158103942871,8582500
2021-06-17,20.656892776489258,12237900
2021-06-18,19.993181228637695,11542200
2021-06-21,21.229686737060547,9360000
2021-06-22,21.356971740722656,5495400
2021-06-23,21.375160217285156,8914400
2021-06-24,21.638822555541992,7406100
2021-06-25,21.7661075592041,7052200
2021-06-28,20.64780044555664,8073800
2021-06-29,20.61143684387207,6486300
2021-06-30,21.02057456970215,6027600
2021-07-01,21.638822555541992,8785800
2021-07-02,21.620637893676758,5886300
2021-07-06,20.211389541625977,11093800
2021-07-07,19.656780242919922,11298900
2021-07-08,19.647689819335938,8139700
2021-07-09,20.347763061523438,7624600
2021-07-12,20.384136199951172,6528000
2021-07-13,20.08409881591797,5851900
2021-07-14,19.502216339111328,8623800
2021-07-15,18.811227798461914,10354700
2021-07-16,18.238435745239258,9972900
2021-07-19,17.602001190185547,15725000
2021-07-20,18.247526168823242,14655300
2021-07-21,18.88396644592285,14650800
2021-07-22,18.683944702148438,8388000
2021-07-23,18.283899307250977,12404500
2021-07-26,18.811227798461914,8904700
2021-07-27,18.765766143798828,10540600
2021-07-28,19.174907684326172,12236800
2021-07-29,19.32038116455078,6322700
2021-07-30,18.802139282226562,8744200
2021-08-02,18.329357147216797,10261800
2021-08-03,18.520288467407227,11351700
2021-08-04,17.45652961730957,15275900
2021-08-05,17.711103439331055,8275900
2021-08-06,18.183883666992188,7102600
2021-08-09,17.90203285217285,7579400
2021-08-10,18.374814987182617,6891200
2021-08-11,18.756683349609375,5926900
2021-08-12,18.58392906188965,6859100
2021-08-13,18.30207633972168,6133600
2021-08-16,17.865671157836914,6993700
2021-08-17,17.42926025390625,6375200
2021-08-18,17.183774948120117,7223300
2021-08-19,16.501873016357422,12278900
2021-08-20,16.556425094604492,6870500
2021-08-23,17.465620040893555,8109900
2021-08-24,18.22934341430664,9608500
2021-08-25,18.338449478149414,6311700
2021-08-26,17.974773406982422,4930500
2021-08-27,18.683944702148438,6450700
2021-08-30,18.329357147216797,5833000
2021-08-31,18.206340789794922,8305000
2021-09-01,17.942081451416016,5499900
2021-09-02,18.643728256225586,6887000
2021-09-03,18.379472732543945,4740500
2021-09-07,18.142553329467773,6024700
2021-09-08,17.632266998291016,6859800
2021-09-09,17.604928970336914,7402800
2021-09-10,17.79628562927246,5719500
2021-09-13,18.625503540039062,7631600
2021-09-14,18.288352966308594,6438900
2021-09-15,18.95354652404785,9577400
2021-09-16,18.762189865112305,5919400
2021-09-17,18.470592498779297,12225900
2021-09-20,17.86007308959961,7875800
2021-09-21,17.750722885131836,6127000
2021-09-22,17.996755599975586,8456500
2021-09-23,18.962657928466797,7937100
2021-09-24,19.135791778564453,6122100
2021-09-27,20.174589157104492,10981700
2021-09-28,20.40239906311035,10461200
2021-09-29,20.192821502685547,7058100
2021-09-30,19.70075225830078,9729800
2021-10-01,20.302165985107422,7394900
2021-10-04,20.976472854614258,14845100
2021-10-05,21.33185386657715,11167200
2021-10-06,20.94913673400879,12047100
2021-10-07,21.304515838623047,9325200
2021-10-08,21.81480598449707,8003300
2021-10-11,22.489110946655273,14863900
2021-10-12,22.31597900390625,15736100
2021-10-13,22.31597900390625,9252700
2021-10-14,22.59846305847168,7297100
2021-10-15,23.701045989990234,17449600
2021-10-18,23.701045989990234,15290300
2021-10-19,23.783056259155273,14843700
2021-10-20,24.111099243164062,10692000
2021-10-21,23.099637985229492,12488000
2021-10-22,23.591697692871094,8899900
2021-10-25,23.892404556274414,9246800
2021-10-26,23.837732315063477,6875100
2021-10-27,22.890052795410156,12535100
2021-10-28,23.33655548095703,8239900
2021-10-29,22.77159309387207,9670300
2021-11-01,23.30921745300293,10798600
2021-11-02,23.12697410583496,5936300
2021-11-03,22.525564193725586,9905600
2021-11-04,22.34331703186035,10025800
2021-11-05,22.49822425842285,7423300
2021-11-08,22.890052795410156,5664900
2021-11-09,22.853605270385742,7214200
2021-11-10,21.714570999145508,10645400
2021-11-11,21.614334106445312,8241500
2021-11-12,21.47764778137207,7195700
2021-11-15,21.322738647460938,5997500
2021-11-16,21.514101028442383,7794700
2021-11-17,20.9309139251709,8582700
2021-11-18,20.739551544189453,8167600
2021-11-19,20.083471298217773,14475900
2021-11-22,20.311275482177734,10262000
2021-11-23,20.9309139251709,11722800
2021-11-24,21.158716201782227,6717300
2021-11-26,19.728090286254883,10950300
2021-11-29,20.27482795715332,9665400
2021-11-30,19.67341423034668,16082000
2021-12-01,19.272476196289062,10210000
2021-12-02,20.065244674682617,11238400
2021-12-03,20.047025680541992,9155300
2021-12-06,20.575532913208008,9493500
2021-12-07,21.322738647460938,7886300
2021-12-08,21.719890594482422,7290700
2021-12-09,21.445993423461914,7036600
2021-12-10,21.847705841064453,9503400
2021-12-13,20.733867645263672,9398800
2021-12-14,20.52387809753418,11354300
2021-12-15,20.332149505615234,9060500
2021-12-16,20.5969181060791,6603300
2021-12-17,20.18607521057129,14672800
2021-12-20,19.90304946899414,8292600
2021-12-21,20.688215255737305,7126600
2021-12-22,20.75212287902832,5262100
2021-12-23,20.733867645263672,3455600
2021-12-27,21.15383529663086,6267200
2021-12-28,21.044282913208008,4107600
2021-12-29,20.943851470947266,7203600
2021-12-30,20.779516220092773,5751300
2021-12-31,20.87994384765625,4953600
2022-01-03,21.902484893798828,9199200
2022-01-04,23.217180252075195,17741700
2022-01-05,22.988937377929688,11741400
2022-01-06,23.381521224975586,8984600
2022-01-07,23.755844116210938,8115100
2022-01-10,23.60064125061035,10612600
2022-01-11,24.86968231201172,13232400
2022-01-12,25.052282333374023,12482900
2022-01-13,25.499645233154297,14906400
2022-01-14,26.239164352416992,13120200
2022-01-18,26.111343383789062,12294200
2022-01-19,25.91048240661621,10423300
2022-01-20,25.69136619567871,12387500
2022-01-21,25.143577575683594,14362800
2022-01-24,26.102209091186523,18874000
2022-01-25,27.928180694580078,25380400
2022-01-26,28.11990737915039,18761200
2022-01-27,28.147294998168945,16949000
2022-01-28,28.63117790222168,14485000
2022-01-31,28.065128326416016,12508000
2022-02-01,28.64030647277832,14072700
2022-02-02,28.67682456970215,12755900
2022-02-03,28.50336265563965,16588200
2022-02-04,29.16071128845215,16881900
2022-02-07,29.681108474731445,12434900
2022-02-08,28.99637222290039,10958100
2022-02-09,29.808931350708008,10080800
2022-02-10,29.58980941772461,10066700
2022-02-11,30.603219985961914,12741000
2022-02-14,29.544160842895508,9479100
2022-02-15,29.69024085998535,10817000
2022-02-16,30.648874282836914,13077800
2022-02-17,30.10108757019043,11197900
2022-02-18,29.452857971191406,12592500
2022-02-22,28.722476959228516,14712800
2022-02-23,28.9233341217041,7237100
2022-02-24,28.731609344482422,18274800
2022-02-25,29.69936752319336,13779600
2022-02-28,30.612350463867188,16550700
2022-03-01,29.42121696472168,19567300
2022-03-02,30.17255210876465,19015000
2022-03-03,30.557376861572266,11668400
2022-03-04,31.272071838378906,14759500
2022-03-07,33.20537567138672,28036700
2022-03-08,33.68183135986328,34358000
2022-03-09,31.92261505126953,26474500
2022-03-10,34.77219009399414,22872500
2022-03-11,34.27740478515625,17629200
2022-03-14,33.315330505371094,12967700
2022-03-15,31.885955810546875,13809100
2022-03-16,31.152956008911133,14868500
2022-03-17,32.88468551635742,13939500
2022-03-18,33.022125244140625,17078400
2022-03-21,34.433170318603516,12884800
2022-03-22,33.98419952392578,10002400
2022-03-23,34.88214874267578,10499600
2022-03-24,34.52479553222656,10037600
2022-03-25,35.64263916015625,10793000
2022-03-28,34.194942474365234,9451300
2022-03-29,34.68054962158203,10126800
2022-03-30,35.29446792602539,8930100
2022-03-31,34.69889450073242,9123900
2022-04-01,35.34944152832031,7676200
2022-04-04,35.523529052734375,9924300
2022-04-05,34.38735580444336,8857400
2022-04-06,34.22243118286133,9379100
2022-04-07,34.58893585205078,7681600
2022-04-08,36.59555435180664,11838800
2022-04-11,35.78923797607422,14079700
2022-04-12,36.219879150390625,10348800
2022-04-13,36.82461166381836,7568200
2022-04-14,37.34688186645508,7579000
2022-04-18,38.15319061279297,13188000
2022-04-19,37.850830078125,16778100
2022-04-20,36.28402328491211,19888400
2022-04-21,35.688453674316406,14413400
2022-04-22,34.533958435058594,13347500
2022-04-25,32.371578216552734,19492300
2022-04-26,32.17916488647461,11378600
2022-04-27,32.93050003051758,11122600
2022-04-28,33.64518356323242,9165000
2022-04-29,32.63729476928711,9381900
2022-05-02,32.94882583618164,8988100
2022-05-03,33.599365234375,7055400
2022-05-04,34.89130401611328,10352600
2022-05-05,33.61769485473633,12199800
2022-05-06,34.22243118286133,9853200
2022-05-09,30.566539764404297,13821400
2022-05-10,31.427833557128906,9371600
2022-05-11,31.78516960144043,9595100
2022-05-12,31.666059494018555,10336800
2022-05-13,33.07710266113281,10121800
2022-05-16,34.42400360107422,12427800
2022-05-17,34.70805740356445,12765400
2022-05-18,32.98548126220703,9556300
2022-05-19,33.040443420410156,8485600
2022-05-20,33.626861572265625,9703100
2022-05-23,35.120365142822266,9574200
2022-05-24,35.2578125,7852200
2022-05-25,35.53268814086914,8889900
2022-05-26,36.797142028808594,10446700
2022-05-27,37.89664840698242,9138800
2022-05-31,37.21664047241211,30406800
2022-06-01,38.043678283691406,10391100
2022-06-02,37.71285629272461,9015800
2022-06-03,38.5490837097168,6737600
2022-06-06,37.97016525268555,7125900
2022-06-07,39.082061767578125,8768800
2022-06-08,39.48640441894531,10255100
2022-06-09,38.78801727294922,9186400
2022-06-10,37.20745086669922,9898100
2022-06-13,34.4874153137207,12311100
2022-06-14,33.69713592529297,10376300
2022-06-15,32.72306823730469,12875000
2022-06-16,30.75657081604004,19974800
2022-06-17,29.120872497558594,21819800
2022-06-21,30.830081939697266,14023000
2022-06-22,29.488445281982422,15917000
2022-06-23,27.604637145996094,14893300
2022-06-24,28.440866470336914,22959700
2022-06-27,29.617090225219727,11575700
2022-06-28,30.499265670776367,11890300
2022-06-29,29.571142196655273,9285300
2022-06-30,28.817626953125,10977100
2022-07-01,28.8819522857666,8517500
2022-07-05,26.547870635986328,17819200
2022-07-06,26.106781005859375,14351300
2022-07-07,27.466798782348633,9223500
2022-07-08,27.42085075378418,6284000
2022-07-11,26.979766845703125,7612600
2022-07-12,26.281383514404297,10269900
2022-07-13,26.005699157714844,8662100
2022-07-14,25.123525619506836,11050500
2022-07-15,25.60137367248535,10278700
2022-07-18,26.5111141204834,12646600
2022-07-19,27.071657180786133,16731900
2022-07-20,26.88787269592285,13300300
2022-07-21,25.858671188354492,11546500
2022-07-22,25.233797073364258,10616400
2022-07-25,26.1159725189209,9141700
2022-07-26,25.76677703857422,8695000
2022-07-27,26.547870635986328,7809800
2022-07-28,26.318138122558594,8007800
2022-07-29,26.924631118774414,9664200
2022-08-01,25.90462303161621,11263300
2022-08-02,26.281383514404297,7424000
2022-08-03,26.125160217285156,11012700
2022-08-04,25.059202194213867,11034300
2022-08-05,25.53704833984375,8575900
2022-08-08,25.730018615722656,5707100
2022-08-09,26.014890670776367,6534300
2022-08-10,26.106781005859375,7760100
2022-08-11,27.172740936279297,8372000
2022-08-12,27.15436553955078,8558300
2022-08-15,26.16191864013672,8387700
2022-08-16,25.92299461364746,9049900
2022-08-17,25.913808822631836,12248100
2022-08-18,27.411663055419922,11030400
2022-08-19,27.007335662841797,8623200
2022-08-22,26.823549270629883,9124200
2022-08-23,28.688974380493164,18146900
2022-08-24,29.093307495117188,10129100
2022-08-25,29.286279678344727,8741700
2022-08-26,28.578702926635742,5724400
2022-08-29,29.313846588134766,9402700
2022-08-30,27.889509201049805,9635300
2022-08-31,27.68734359741211,11257000
2022-09-01,26.59381103515625,8294800
2022-09-02,27.577072143554688,9110400
2022-09-06,27.23570442199707,7688700
2022-09-07,26.460702896118164,9500100
2022-09-08,26.211591720581055,7873100
2022-09-09,27.364866256713867,7863200
2022-09-12,27.936893463134766,11434200
2022-09-13,26.894329071044922,7105700
2022-09-14,28.047605514526367,7892400
2022-09-15,27.12498664855957,6846800
2022-09-16,26.008617401123047,16844900
2022-09-19,26.17469024658203,7382800
2022-09-20,25.482723236083984,8066200
2022-09-21,24.98451042175293,6740100
2022-09-22,24.83689308166504,6881700
2022-09-23,22.677968978881836,15514000
2022-09-26,21.506242752075195,11477600
2022-09-27,21.921415328979492,12769100
2022-09-28,22.825584411621094,11711400
2022-09-29,22.733322143554688,9360800
2022-09-30,22.714866638183594,9344900
2022-10-03,24.33867835998535,10265100
2022-10-04,25.94403648376465,17512000
2022-10-05,26.97736930847168,14897500
2022-10-06,27.50326156616211,13545400
2022-10-07,28.05682945251465,17472200
2022-10-10,27.263378143310547,9532600
2022-10-11,27.272605895996094,10885500
2022-10-12,27.494035720825195,8909200
2022-10-13,28.702665328979492,14018900
2022-10-14,27.13421058654785,11190100
2022-10-17,27.66933250427246,7869200
2022-10-18,28.102962493896484,8804700
2022-10-19,29.48689079284668,12343400
2022-10-20,29.210105895996094,11097400
2022-10-21,31.258319854736328,17571100
2022-10-24,31.904151916503906,17108500
2022-10-25,32.27320098876953,21453900
2022-10-26,33.65712356567383,17036000
2022-10-27,33.46337890625,14543000
2022-10-28,33.16813659667969,10736500
2022-10-31,33.60176467895508,9793700
2022-11-01,33.67557907104492,9626600
2022-11-02,33.02051544189453,10202400
2022-11-03,34.00771713256836,8436500
2022-11-04,35.50236892700195,12184700
2022-11-07,36.4803352355957,9744300
2022-11-08,36.3234977722168,9019000
2022-11-09,33.96159744262695,9982200
2022-11-10,34.88420867919922,7807000
2022-11-11,35.74224853515625,8436700
2022-11-14,35.10564422607422,8572900
2022-11-15,35.89909362792969,8484700
2022-11-16,34.921112060546875,5940900
2022-11-17,34.570518493652344,7607200
2022-11-18,33.86932373046875,9446600
2022-11-21,33.33421325683594,14297100
2022-11-22,34.55206298828125,14076500
2022-11-23,33.7309455871582,7527400
2022-11-25,33.54641342163086,2930400
2022-11-28,33.10355758666992,8653200
2022-11-29,34.28451156616211,8222100
2022-11-30,34.9580192565918,13149100
2022-12-01,34.9580192565918,6426200
2022-12-02,35.862186431884766,7488500
2022-12-05,33.970821380615234,10768400
2022-12-06,33.39878845214844,10399600
2022-12-07,32.44533157348633,15603700
2022-12-08,32.278709411621094,8834000
2022-12-09,30.556928634643555,12705900
2022-12-12,31.751062393188477,11083600
2022-12-13,34.250423431396484,14566200
2022-12-14,33.8338623046875,9942200
2022-12-15,33.96345520019531,7296900
2022-12-16,33.18587875366211,12321000
2022-12-19,33.38028335571289,5394100
2022-12-20,34.63921356201172,9059000
2022-12-21,35.75929641723633,7662700
2022-12-22,34.75029373168945,8713200
2022-12-23,36.18510818481445,6041500
2022-12-27,36.351741790771484,6278200
2022-12-28,35.25017547607422,6178600
2022-12-29,35.9814567565918,4544400
2022-12-30,36.42578887939453,5227000
2023-01-03,34.86137771606445,6941200
2023-01-04,35.57415771484375,7446900
2023-01-05,36.055519104003906,8773400
2023-01-06,37.22187805175781,8136800
2023-01-09,37.434791564941406,13191700
2023-01-10,37.89763259887695,7755900
2023-01-11,37.94392013549805,9881200
2023-01-12,39.036216735839844,10369600
2023-01-13,39.48980712890625,6660300
2023-01-17,39.36947250366211,9622100
2023-01-18,37.5828971862793,11739800
2023-01-19,37.203369140625,9945900
2023-01-20,37.66621017456055,8615200
2023-01-23,37.55512237548828,10789900
2023-01-24,36.87937545776367,11912100
2023-01-25,37.055259704589844,10474700
2023-01-26,37.95317077636719,8879700
2023-01-27,37.50884246826172,10399200
2023-01-30,37.342220306396484,8922400
2023-01-31,38.156822204589844,7549600
2023-02-01,37.80506134033203,13876700
2023-02-02,35.694496154785156,13518000
2023-02-03,35.70375061035156,12724000
2023-02-06,35.46307373046875,7887400
2023-02-07,36.12957000732422,6368300
2023-02-08,36.360992431640625,6181500
2023-02-09,34.86137771606445,13780700
2023-02-10,36.12031173706055,8129400
2023-02-13,36.351741790771484,6827500
2023-02-14,36.06477355957031,5844500
2023-02-15,35.129825592041016,7489500
2023-02-16,35.713016510009766,8013200
2023-02-17,33.787574768066406,9565100
2023-02-21,33.695011138916016,6049000
2023-02-22,33.0562858581543,7377700
2023-02-23,33.53764724731445,5403300
2023-02-24,34.241172790527344,8757500
2023-02-27,34.41704559326172,7597200
2023-02-28,33.68259811401367,11298100
2023-03-01,34.872596740722656,6128600
2023-03-02,35.69071960449219,6917400
2023-03-03,36.15556335449219,5885800
2023-03-06,36.1276741027832,5164100
2023-03-07,35.18868637084961,5195800
2023-03-08,34.54720687866211,5565200
2023-03-09,33.06900405883789,7695600
2023-03-10,32.10212707519531,8529500
2023-03-13,31.032983779907227,11090100
2023-03-14,31.070167541503906,8145700
2023-03-15,28.27181053161621,23463100
2023-03-16,28.820329666137695,15457400
2023-03-17,27.844154357910156,17666200
2023-03-20,28.532123565673828,12240900
2023-03-21,29.694229125976562,12423000
2023-03-22,28.318296432495117,9846700
2023-03-23,27.35141944885254,9860600
2023-03-24,27.51876449584961,11349900
2023-03-27,28.429859161376953,9123100
2023-03-28,29.089935302734375,6983900
2023-03-29,29.145721435546875,9118500
2023-03-30,28.876110076904297,8661400
2023-03-31,29.415327072143555,10579600
2023-04-03,31.702360153198242,23958200
2023-04-04,30.89353370666504,13291500
2023-04-05,30.73548698425293,7919400
2023-04-06,30.410091400146484,5832700
2023-04-10,30.76337432861328,6514000
2023-04-11,31.35837173461914,7355700
2023-04-12,31.228212356567383,7510500
2023-04-13,31.432756423950195,5582700
2023-04-14,31.265405654907227,6845800
2023-04-17,31.088762283325195,6513900
2023-04-18,31.497825622558594,8243600
2023-04-19,31.711658477783203,8736600
2023-04-20,31.4885311126709,7708800
2023-04-21,31.05157470703125,10337000
2023-04-24,32.046348571777344,10320400
2023-04-25,30.912128448486328,15761500
2023-04-26,29.489704132080078,10696500
2023-04-27,29.750017166137695,11327500
2023-04-28,30.44727897644043,8328500
2023-05-01,30.26134490966797,9324900
2023-05-02,27.760482788085938,12164500
2023-05-03,27.10040283203125,9849200
2023-05-04,26.979543685913086,10565800
2023-05-05,27.779075622558594,8595100
2023-05-08,27.844154357910156,5887700
2023-05-09,27.983606338500977,8923600
2023-05-10,27.48157501220703,9392300
2023-05-11,26.4868106842041,10903600
2023-05-12,26.598373413085938,9589400
2023-05-15,27.053918838500977,7121300
2023-05-16,25.91969871520996,8574300
2023-05-17,26.905168533325195,9419100
2023-05-18,27.7697811126709,10857800
2023-05-19,28.048686981201172,9637400
2023-05-22,28.095172882080078,8872700
2023-05-23,28.429859161376953,9699400
2023-05-24,28.652982711791992,11404700
2023-05-25,28.188138961791992,10320000
2023-05-26,28.076576232910156,9841800
2023-05-30,27.63962173461914,11485800
2023-05-31,26.63555908203125,23229500
2023-06-01,27.890640258789062,10855300
2023-06-02,29.415327072143555,12556200
2023-06-05,28.969078063964844,11175400
2023-06-06,29.184009552001953,8636500
2023-06-07,30.417530059814453,12005700
2023-06-08,30.04373550415039,7361400
2023-06-09,30.22128677368164,6962400
2023-06-12,29.6512508392334,6719800
2023-06-13,30.55770492553711,10079200
2023-06-14,29.950288772583008,7689100
2023-06-15,30.567045211791992,7427000
2023-06-16,30.44556427001953,10393800
2023-06-20,29.417633056640625,8474300
2023-06-21,29.828805923461914,8443200
2023-06-22,29.221384048461914,6098000
2023-06-23,28.86627960205078,14259300
2023-06-26,29.595178604125977,6366100
2023-06-27,30.296043395996094,8213000
2023-06-28,30.42687225341797,6937100
2023-06-29,31.015602111816406,7678400
2023-06-30,30.828704833984375,7597200
2023-07-03,31.42677116394043,3888000
2023-07-05,31.024948120117188,6503500
2023-07-06,30.847394943237305,5064100
2023-07-07,33.249027252197266,13874300
2023-07-10,33.64150619506836,10005100
2023-07-11,35.06193542480469,14227900
2023-07-12,35.43571472167969,10014900
2023-07-13,35.27686309814453,11088500
2023-07-14,34.47319793701172,10054700
2023-07-17,34.912410736083984,7165300
2023-07-18,35.61326599121094,10090600
2023-07-19,34.58533477783203,15315700
2023-07-20,34.06203079223633,16801600
2023-07-21,34.51992416381836,10798200
2023-07-24,35.753440856933594,9980600
2023-07-25,35.90296173095703,8579900
2023-07-26,35.706722259521484,7207200
2023-07-27,35.445068359375,8023100
2023-07-28,35.65999984741211,6448100
2023-07-31,36.51972961425781,8726200
2023-08-01,36.69728088378906,6478600
2023-08-02,36.472999572753906,6003300
2023-08-03,37.089759826660156,8055200
2023-08-04,36.95893096923828,8516400
2023-08-07,36.996315002441406,5471600
2023-08-08,37.17387390136719,6971800
2023-08-09,37.80931091308594,9005800
2023-08-10,37.71586608886719,6919500
2023-08-11,38.033592224121094,6466000
2023-08-14,37.66914749145508,5140100
2023-08-15,36.902862548828125,5698200
2023-08-16,36.71596908569336,7092200
2023-08-17,36.69728088378906,4501500
2023-08-18,36.81875991821289,6631500
2023-08-21,36.44496154785156,6803600
2023-08-22,36.052486419677734,7403800
2023-08-23,36.183311462402344,6202600
2023-08-24,35.73475646972656,4365000
2023-08-25,35.650657653808594,5922600
2023-08-28,36.1739616394043,4747900
2023-08-29,36.21134948730469,3945200
2023-08-30,36.360862731933594,7221600
2023-08-31,36.089866638183594,8361600
2023-09-01,37.201900482177734,8629600
2023-09-05,38.18707275390625,8428300
2023-09-06,38.35595703125,5467800
2023-09-07,38.543609619140625,7347200
2023-09-08,38.73126220703125,9033800
2023-09-11,38.76879119873047,6512500
2023-09-12,39.74457931518555,8072900
2023-09-13,39.31298065185547,6227900
2023-09-14,39.60383987426758,5731900
2023-09-15,39.51001739501953,11078600
2023-09-18,40.007286071777344,5135200
2023-09-19,38.87199783325195,7511600
2023-09-20,38.74064254760742,4928300
2023-09-21,38.24336242675781,5243200
2023-09-22,38.121395111083984,4673800
2023-09-25,38.44977951049805,4243700
2023-09-26,38.271514892578125,5599300
2023-09-27,39.43494415283203,5787200
2023-09-28,39.209774017333984,5174100
2023-09-29,37.999420166015625,8529800
2023-10-02,37.31448745727539,6581200
2023-10-03,37.586585998535156,7272700
2023-10-04,35.9071044921875,8684600
2023-10-05,35.71007537841797,5538000
2023-10-06,36.30116653442383,5605800
2023-10-09,38.7594108581543,9903000
2023-10-10,38.609291076660156,6024000
2023-10-11,39.069026947021484,6052100
2023-10-12,39.153472900390625,5969200
2023-10-13,39.81025695800781,7413300
2023-10-16,39.74457931518555,5982300
2023-10-17,40.382598876953125,6340900
2023-10-18,40.467037200927734,8251100
2023-10-19,40.589012145996094,7749700
2023-10-20,39.51001739501953,9437200
2023-10-23,39.07841110229492,7764500
2023-10-24,37.74608612060547,10122100
2023-10-25,37.88682556152344,9022800
2023-10-26,37.014251708984375,8470700
2023-10-27,37.154991149902344,7357400
2023-10-30,36.98610305786133,6783100
2023-10-31,36.911033630371094,6359800
2023-11-01,36.98610305786133,4995200
2023-11-02,38.083858489990234,5385800
2023-11-03,37.80238723754883,4748200
2023-11-06,37.07992172241211,5415900
2023-11-07,35.60686111450195,6552300
2023-11-08,35.45674133300781,7036100
2023-11-09,35.46612548828125,4658400
2023-11-10,35.92586898803711,4292000
2023-11-13,36.27302169799805,3605400
2023-11-14,36.76092529296875,5498700
2023-11-15,36.066612243652344,6696800
2023-11-16,34.88440704345703,8186800
2023-11-17,35.64439010620117,6189300
2023-11-20,35.8414306640625,6056300
2023-11-21,35.85080337524414,4322300
2023-11-22,35.550567626953125,4816800
2023-11-24,35.71007537841797,2266100
2023-11-27,35.3629150390625,7736600
2023-11-28,35.20341110229492,6057500
2023-11-29,34.99699401855469,5812100
2023-11-30,34.74366760253906,13769000
2023-12-01,35.38167953491211,6670500
2023-12-04,35.06267547607422,6133900
2023-12-05,34.08689498901367,7064800
2023-12-06,32.85232925415039,10186300
2023-12-07,32.43767166137695,11219300
2023-12-08,32.91830062866211,6459800
2023-12-11,32.767520904541016,6837600
2023-12-12,32.45651626586914,8380000
2023-12-13,32.69212341308594,6337200
2023-12-14,33.82301712036133,8861700
2023-12-15,33.757049560546875,15661200
2023-12-18,34.12458419799805,6800700
2023-12-19,34.6994514465332,5810100
2023-12-20,34.36018371582031,6653800
2023-12-21,34.52981948852539,4252800
2023-12-22,34.48270034790039,3627000
2023-12-26,34.916202545166016,3594500
2023-12-27,34.548667907714844,4267500
2023-12-28,34.12458419799805,4179200
2023-12-29,34.06804275512695,4759000
2024-01-02,34.03976821899414,5503400
2024-01-03,34.46385192871094,6926000
2024-01-04,33.719337463378906,7153300
2024-01-05,33.89840316772461,4473700
2024-01-08,33.18217086791992,8938300
2024-01-09,32.52248764038086,7036000
2024-01-10,32.107826232910156,5756600
2024-01-11,32.220916748046875,5973900
2024-01-12,32.49421691894531,6783400
2024-01-16,31.580080032348633,6656000
2024-01-17,31.325639724731445,6985400
2024-01-18,31.391603469848633,6635600
2024-01-19,32.01359176635742,8909000
2024-01-22,32.44709777832031,11147100
2024-01-23,33.266998291015625,15096900
2024-01-24,34.70887756347656,14417400
2024-01-25,34.869083404541016,11492100
2024-01-26,35.368560791015625,8835500
2024-01-29,35.04814147949219,5857600
2024-01-30,34.69002914428711,18937100
2024-01-31,33.596832275390625,12417800
2024-02-01,33.389503479003906,7803800
2024-02-02,32.767520904541016,7243700
2024-02-05,32.54133224487305,7251300
2024-02-06,32.814632415771484,5298100
2024-02-07,32.7392463684082,7588000
2024-02-08,33.01253890991211,5445500
2024-02-09,32.52248764038086,4668400
2024-02-12,32.54133224487305,8691200
2024-02-13,32.09840774536133,7038000
2024-02-14,32.23033905029297,6578700
2024-02-15,33.3046875,9206700
2024-02-16,33.27641677856445,7266700
2024-02-20,33.10677719116211,7906400
2024-02-21,33.10677719116211,6190800
2024-02-22,33.266998291015625,6449600
2024-02-23,33.18217086791992,6489900
2024-02-26,32.89945602416992,5076500
2024-02-27,32.946563720703125,5954600
2024-02-28,32.93714904785156,5557900
2024-02-29,33.05023956298828,9270300
2024-03-01,33.5874137878418,5703500
2024-03-04,33.15390396118164,5974300
2024-03-05,33.314884185791016,4846700
2024-03-06,33.47587585449219,7840600
2024-03-07,34.27133560180664,6568000
2024-03-08,34.290287017822266,5601800
2024-03-11,34.71642303466797,6561200
2024-03-12,34.80165100097656,6193800
2024-03-13,34.593318939208984,13037200
2024-03-14,35.61606216430664,10038100
2024-03-15,35.729698181152344,14419300
2024-03-18,35.71075439453125,5540100
2024-03-19,36.43047332763672,5649100
2024-03-20,36.19371795654297,5711200
2024-03-21,36.42099380493164,5623600
2024-03-22,36.35470962524414,5011600
2024-03-25,36.76191329956055,6020200
2024-03-26,36.278953552246094,4408900
2024-03-27,36.7713737487793,3537700
2024-03-28,37.330101013183594,5828600
2024-04-01,37.813072204589844,5012900
2024-04-02,37.79412078857422,5715200
2024-04-03,38.67481994628906,5700700
2024-04-04,38.49489212036133,5672000
2024-04-05,39.05360794067383,4629900
2024-04-08,38.7884521484375,5982100
2024-04-09,38.807395935058594,4204100
2024-04-10,38.93050765991211,5466100
2024-04-11,38.76951217651367,4353500
2024-04-12,37.56684875488281,7875700
2024-04-15,37.02706527709961,5376600
2024-04-16,36.40205764770508,6349600
2024-04-17,36.02326202392578,4702900
2024-04-18,36.600921630859375,6806200
2024-04-19,37.00812530517578,6634500
2024-04-22,36.667213439941406,6650000
2024-04-23,36.54410171508789,9378300
2024-04-24,36.667213439941406,7778100
2024-04-25,36.667213439941406,6082900
2024-04-26,36.49675750732422,5056600
2024-04-29,36.8187255859375,3936700
2024-04-30,35.48347854614258,7441100
2024-05-01,34.403926849365234,7796400
2024-05-02,34.75429916381836,5034200
2024-05-03,34.78270721435547,3899000
2024-05-06,34.962646484375,5528500
2024-05-07,35.22779846191406,4533700
2024-05-08,35.07627868652344,4167200
2024-05-09,35.49295425415039,5883900
2024-05-10,35.10468673706055,4942300
2024-05-13,35.36037063598633,4721200
2024-05-14,35.5687141418457,5502800
2024-05-15,35.37931823730469,4578300
2024-05-16,35.49295425415039,3612800
2024-05-17,35.89068603515625,3639400
2024-05-20,35.94750213623047,5844300
2024-05-21,35.6349983215332,4093900
2024-05-22,34.441802978515625,7000400
2024-05-23,34.072471618652344,7214400
2024-05-24,34.19558334350586,4022000
2024-05-28,34.58384323120117,4840200
2024-05-29,33.91148376464844,6275500
2024-05-30,34.05353546142578,4293600
2024-05-31,34.75429916381836,9384200
2024-06-03,32.898216247558594,7969000
2024-06-04,32.0743408203125,8608900
2024-06-05,31.864953994750977,7989900
2024-06-06,32.18854904174805,9083200
2024-06-07,32.43601608276367,7534800
2024-06-10,32.84526062011719,6262400
2024-06-11,32.81671142578125,4872400
2024-06-12,32.89285659790039,6997400
2024-06-13,32.140968322753906,5759600
2024-06-14,31.33196258544922,7004200
2024-06-17,31.798328399658203,8363800
2024-06-18,31.35099983215332,11520200
2024-06-20,31.722192764282227,12583700
2024-06-21,32.01723861694336,43586100
2024-06-24,32.683467864990234,10900000
2024-06-25,32.9499626159668,6827800
2024-06-26,32.388423919677734,7334400
2024-06-27,31.988683700561523,9507000
2024-06-28,32.150482177734375,19130600
2024-07-01,31.817359924316406,6184400
2024-07-02,31.998201370239258,7591800
2024-07-03,32.150482177734375,3917100
2024-07-05,31.503284454345703,6890400
2024-07-08,31.607973098754883,4909100
2024-07-09,31.246309280395508,6681300
2024-07-10,31.427139282226562,5927600
2024-07-11,31.998201370239258,8381100
2024-07-12,32.30276107788086,6790800
2024-07-15,33.53053283691406,11872900
2024-07-16,34.225318908691406,12012500
2024-07-17,34.60602569580078,9098200
2024-07-18,34.682167053222656,11484300
2024-07-19,32.740577697753906,18696900
2024-07-22,31.779294967651367,13880800
2024-07-23,31.874469757080078,10264500
2024-07-24,31.398590087890625,10136200
2024-07-25,32.512149810791016,10808400
2024-07-26,32.740577697753906,6737800
2024-07-29,32.245662689208984,4742300
2024-07-30,32.6453971862793,7215400
2024-07-31,33.0070686340332,8096800
2024-08-01,31.63652992248535,8402800
2024-08-02,30.2850284576416,11237000
2024-08-05,29.3903751373291,9560200
2024-08-06,29.43796157836914,7760500
2024-08-07,29.25712776184082,8365200
2024-08-08,29.723491668701172,6142400
2024-08-09,29.504587173461914,4846600
2024-08-12,29.866252899169922,5072700
2024-08-13,29.590246200561523,6076200
2024-08-14,29.380861282348633,8870900
2024-08-15,29.771076202392578,10671800
2024-08-16,29.866252899169922,6481400
2024-08-19,30.313583374023438,6224100
2024-08-20,29.580726623535156,6250100
2024-08-21,29.70445442199707,6201800
2024-08-22,29.647348403930664,4860200
2024-08-23,30.227924346923828,5391700
2024-08-26,30.33262062072754,4848700
2024-08-27,30.09467887878418,5710500
2024-08-28,29.504587173461914,6303400
2024-08-29,29.866252899169922,5204400
2024-08-30,29.590246200561523,11287300
2024-09-03,28.41006088256836,11025300
2024-09-04,28.16118621826172,9277600
2024-09-05,27.826162338256836,7792600
2024-09-06,27.366703033447266,9271200
2024-09-09,27.452850341796875,8090300
2024-09-10,27.098678588867188,7294300
2024-09-11,26.773225784301758,11045200
2024-09-12,26.821088790893555,14506700
2024-09-13,26.677507400512695,9063900
2024-09-16,27.194400787353516,10182100
2024-09-17,28.046321868896484,9993200
2024-09-18,27.85487937927246,6342800
2024-09-19,28.266477584838867,9759800
2024-09-20,28.20904541015625,14496200
2024-09-23,28.66851043701172,6835700
2024-09-24,28.687652587890625,6292400
2024-09-25,27.634719848632812,14353300
2024-09-26,26.620075225830078,19291600
2024-09-27,27.424131393432617,14732500
2024-09-30,27.807018280029297,10730300
2024-10-01,28.649362564086914,18446400
2024-10-02,28.591930389404297,11321400
2024-10-03,29.415136337280273,16453700
2024-10-04,29.759733200073242,9164700
2024-10-07,29.759733200073242,7498500
2024-10-08,28.764230728149414,9479800
2024-10-09,29.060964584350586,6988500
2024-10-10,29.415136337280273,5679800
2024-10-11,29.501283645629883,4921900
2024-10-14,29.27155113220215,5665100
2024-10-15,27.97931480407715,9345300
2024-10-16,28.046321868896484,6688300
2024-10-17,27.70172691345215,11655200
2024-10-18,27.11782455444336,12660600
2024-10-21,27.050819396972656,9489100
2024-10-22,27.031675338745117,6389100
2024-10-23,26.620075225830078,7436500
2024-10-24,26.658363342285156,8633100
2024-10-25,27.04124641418457,9251900
2024-10-28,26.696653366088867,7333800
2024-10-29,26.342483520507812,8494500
2024-10-30,26.505207061767578,7158000
2024-10-31,26.553068161010742,7114300
2024-11-01,26.495635986328125,8203400
2024-11-04,26.92638397216797,8110000
2024-11-05,27.30927085876465,9488100
2024-11-06,29.194974899291992,22611800
2024-11-07,28.28562355041504,15920700
2024-11-08,27.97931480407715,9742000
2024-11-11,28.840805053710938,9789100
2024-11-12,28.89824104309082,8953000
2024-11-13,28.89824104309082,11280300
2024-11-14,28.82166290283203,9113200
2024-11-15,28.419633865356445,8990300
2024-11-18,29.147117614746094,9278300
2024-11-19,29.166259765625,9375700
2024-11-20,29.84587860107422,9639700
2024-11-21,30.506359100341797,11476300
2024-11-22,30.573362350463867,9522500
2024-11-25,30.621219635009766,15280500
2024-11-26,30.44892120361328,11141900
2024-11-27,30.515926361083984,7877100
2024-11-29,30.496784210205078,3484100
2024-12-02,30.209617614746094,6996800
2024-12-03,30.362773895263672,7442000
2024-12-04,29.448524475097656,7616700
2024-12-05,28.890350341796875,7722300
2024-12-06,27.697011947631836,10347200
2024-12-09,27.985721588134766,8137900
2024-12-10,27.976097106933594,6596300
2024-12-11,28.101207733154297,10506100
2024-12-12,27.802871704101562,6485900
2024-12-13,27.60077476501465,6643500
2024-12-16,26.821252822875977,8770000
2024-12-17,26.166841506958008,12767200
2024-12-18,25.16597557067871,11454800
2024-12-19,24.800275802612305,14175900
2024-12-20,24.992752075195312,18035900
2024-12-23,25.271835327148438,7714300
2024-12-24,25.830013275146484,4461700
2024-12-26,25.79151725769043,5562500
2024-12-27,25.78189468383789,5379400
2024-12-30,25.94549560546875,10335300
2024-12-31,26.166841506958008,7647900
