date,close,volume
2014-01-02,108.25218963623047,4755639
2014-01-03,108.89986419677734,4250107
2014-01-06,108.52642822265625,4254919
2014-01-07,110.69112396240234,6205186
2014-01-08,109.6759033203125,4815470
2014-01-09,109.3316421508789,4520080
2014-01-10,109.26166534423828,4207430
2014-01-13,107.45283508300781,6050796
2014-01-14,108.47976684570312,4831683
2014-01-15,109.54170989990234,5038059
2014-01-16,110.1368408203125,4989734
2014-01-17,110.912841796875,7996252
2014-01-21,109.94429779052734,11585810
2014-01-22,106.33845520019531,14430721
2014-01-23,106.6185073852539,7294699
2014-01-24,104.81552124023438,7207568
2014-01-27,103.8002700805664,5448196
2014-01-28,103.18763732910156,5578632
2014-01-29,102.92510986328125,5199561
2014-01-30,103.48526000976562,5076970
2014-01-31,103.08846282958984,5432296
2014-02-03,100.8829345703125,7517393
2014-02-04,100.84783935546875,4549891
2014-02-05,101.66476440429688,4929066
2014-02-06,102.47439575195312,4489641
2014-02-07,103.98799896240234,4908773
2014-02-10,103.9234390258789,3703258
2014-02-11,105.4253158569336,4861076
2014-02-12,105.74217987060547,4166218
2014-02-13,106.68083953857422,4688172
2014-02-14,107.76619720458984,4874255
2014-02-18,107.4728775024414,4639219
2014-02-19,107.33208465576172,4886389
2014-02-20,108.10061645507812,5196737
2014-02-21,107.23820495605469,5961468
2014-02-24,107.62538146972656,4806684
2014-02-25,107.49632263183594,4081806
2014-02-26,107.98328399658203,3912772
2014-02-27,108.69316101074219,4003879
2014-02-28,108.63445281982422,4882623
2014-03-03,108.10061645507812,4131805
2014-03-04,109.37956237792969,4950718
2014-03-05,109.79023742675781,3645519
2014-03-06,110.08353424072266,3992896
2014-03-07,110.10704040527344,4307219
2014-03-10,109.3502197265625,4802395
2014-03-11,109.5672836303711,4424057
2014-03-12,109.25048065185547,5055318
2014-03-13,107.8894271850586,5139207
2014-03-14,106.89791107177734,5742854
2014-03-17,109.00994873046875,5165253
2014-03-18,109.59664154052734,4143520
2014-03-19,108.36457061767578,4522799
2014-03-20,110.23607635498047,5295480
2014-03-21,109.51448822021484,13111819
2014-03-24,110.44140625,6002471
2014-03-25,114.4249267578125,11414684
2014-03-26,113.00515747070312,7166878
2014-03-27,111.36840057373047,7079014
2014-03-28,111.73210906982422,5433342
2014-03-31,112.92890167236328,8930016
2014-04-01,114.10816192626953,5642229
2014-04-02,113.55079650878906,5150609
2014-04-03,113.04623413085938,4279291
2014-04-04,112.50653076171875,6370035
2014-04-07,114.1198501586914,7050563
2014-04-08,113.39826202392578,5360750
2014-04-09,115.36363220214844,5732185
2014-04-10,114.80045318603516,8805123
2014-04-11,114.5129623413086,5057410
2014-04-14,116.02656555175781,5680931
2014-04-15,115.58650970458984,5597460
2014-04-16,115.22280883789062,8919556
2014-04-17,111.47398376464844,11767082
2014-04-21,112.79985046386719,5669006
2014-04-22,112.7294692993164,4057016
2014-04-23,112.48302459716797,4954274
2014-04-24,111.59716796875,4609827
2014-04-25,111.25108337402344,4049066
2014-04-28,113.3102798461914,5897662
2014-04-29,114.46604919433594,4839110
2014-04-30,115.26386260986328,4400313
2014-05-01,113.53910827636719,3843004
2014-05-02,112.31291961669922,3190195
2014-05-05,112.20735931396484,2324317
2014-05-06,111.48570251464844,3335380
2014-05-07,111.70405578613281,3996766
2014-05-08,111.47392272949219,2543767
2014-05-09,112.16431427001953,2365634
2014-05-12,113.63361358642578,3951160
2014-05-13,113.40941619873047,2329024
2014-05-14,111.36176300048828,5493069
2014-05-15,110.0281982421875,4395501
2014-05-16,110.38225555419922,4131177
2014-05-19,110.34685516357422,3421152
2014-05-20,109.10176086425781,3165719
2014-05-21,109.98689270019531,3125448
2014-05-22,109.5678482055664,2320028
2014-05-23,109.7213363647461,2680793
2014-05-27,109.03685760498047,5014315
2014-05-28,108.03369903564453,3892794
2014-05-29,108.43495178222656,2886855
2014-05-30,108.78900909423828,4833043
2014-06-02,109.57382202148438,3347723
2014-06-03,108.79488372802734,2632887
2014-06-04,108.87748718261719,2486133
2014-06-05,109.74495697021484,2983401
2014-06-06,109.97506713867188,3448348
2014-06-09,109.88656616210938,2853906
2014-06-10,108.74768829345703,4346025
2014-06-11,107.54393768310547,4248538
2014-06-12,106.93610382080078,4628864
2014-06-13,107.72683715820312,2901186
2014-06-16,107.60293579101562,3719785
2014-06-17,107.5498046875,2574101
2014-06-18,108.34049987792969,4112663
2014-06-19,107.88026428222656,3714451
2014-06-20,107.13087463378906,11178393
2014-06-23,107.47900390625,3380358
2014-06-24,106.73548889160156,4053668
2014-06-25,106.64105987548828,2889889
2014-06-26,106.43456268310547,3408391
2014-06-27,107.22526550292969,4785973
2014-06-30,106.9655990600586,4418095
2014-07-01,109.9632568359375,6948683
2014-07-02,111.16706085205078,5327278
2014-07-03,111.24962615966797,2533830
2014-07-07,110.96052551269531,3094800
2014-07-08,110.47666931152344,3279315
2014-07-09,111.18478393554688,3461842
2014-07-10,110.75990295410156,3323979
2014-07-11,110.93690490722656,2513015
2014-07-14,112.03451538085938,4708151
2014-07-15,111.22606658935547,5088476
2014-07-16,113.50971984863281,8171980
2014-07-17,113.58641815185547,9280426
2014-07-18,113.59235382080078,8542054
2014-07-21,112.61865997314453,4345502
2014-07-22,114.53054809570312,5076238
2014-07-23,114.2591552734375,3749073
2014-07-24,115.2092056274414,3778884
2014-07-25,114.71353149414062,3531714
2014-07-28,115.52783203125,3391550
2014-07-29,114.81381225585938,3414249
2014-07-30,114.47745513916016,4125215
2014-07-31,113.1025390625,4401045
2014-08-01,111.61557006835938,5419431
2014-08-04,111.9046401977539,2223691
2014-08-05,110.40584564208984,3460063
2014-08-06,110.38803100585938,4023962
2014-08-07,109.396728515625,2833196
2014-08-08,110.77979278564453,2909449
2014-08-11,111.27839660644531,2643451
2014-08-12,111.20127868652344,1944096
2014-08-13,111.56331634521484,1877570
2014-08-14,111.52178192138672,2018257
2014-08-15,111.22496795654297,2944281
2014-08-18,112.40027618408203,2531634
2014-08-19,112.82172393798828,2133945
2014-08-20,112.83948516845703,2277770
2014-08-21,113.51024627685547,2611339
2014-08-22,113.0235366821289,2029554
2014-08-25,113.46871185302734,1802886
2014-08-26,114.55500793457031,3321468
2014-08-27,114.1156997680664,2290949
2014-08-28,113.96730041503906,1572766
2014-08-29,114.14542388916016,3043232
2014-09-02,113.70618438720703,2802966
2014-09-03,113.9376220703125,1906649
2014-09-04,113.18377685546875,2996790
2014-09-05,113.49248504638672,2364169
2014-09-08,112.86328125,2640313
2014-09-09,112.77420806884766,2514166
2014-09-10,113.69428253173828,2891144
2014-09-11,113.8011474609375,2404231
2014-09-12,113.53994750976562,3034446
2014-09-15,113.85457611083984,2569394
2014-09-16,114.53717041015625,2679329
2014-09-17,114.44225311279297,3358497
2014-09-18,115.0060806274414,3099612
2014-09-19,115.1544418334961,9259192
2014-09-22,114.6261978149414,3470628
2014-09-23,113.74175262451172,3453683
2014-09-24,114.15132904052734,3224400
2014-09-25,112.19252014160156,4342364
2014-09-26,112.8157958984375,2608619
2014-09-29,112.56647491455078,2443770
2014-09-30,112.67925262451172,3067500
2014-10-01,111.10032653808594,3894467
2014-10-02,110.94602966308594,2388123
2014-10-03,111.99070739746094,3212789
2014-10-06,112.2103271484375,2196077
2014-10-07,110.23368835449219,3128900
2014-10-08,112.40027618408203,3122101
2014-10-09,110.65516662597656,2746168
2014-10-10,110.36429595947266,5324349
2014-10-13,108.93378448486328,3762148
2014-10-14,109.09998321533203,4105236
2014-10-15,107.8831558227539,7213007
2014-10-16,106.74938201904297,5835216
2014-10-17,108.06123352050781,4550309
2014-10-20,100.37435913085938,24493659
2014-10-21,96.89005279541016,21913491
2014-10-22,96.03528594970703,11594701
2014-10-23,96.26679229736328,7948972
2014-10-24,96.20740509033203,6958097
2014-10-27,96.08275604248047,5218599
2014-10-28,97.10964965820312,8258484
2014-10-29,97.02657318115234,4957308
2014-10-30,97.5548324584961,4075216
2014-10-31,97.58451843261719,6085628
2014-11-03,97.56079864501953,4903857
2014-11-04,96.5457534790039,4442257
2014-11-05,96.05306243896484,4293516
2014-11-06,96.49532318115234,4254710
2014-11-07,96.85990905761719,3655561
2014-11-10,97.70854187011719,5186277
2014-11-11,97.59502410888672,3696982
2014-11-12,96.7702407836914,3533597
2014-11-13,97.29017639160156,3388726
2014-11-14,98.10897064208984,5207406
2014-11-17,98.10897064208984,5019649
2014-11-18,96.7523193359375,5658965
2014-11-19,96.47740173339844,3977520
2014-11-20,96.00528717041016,4375523
2014-11-21,96.17264556884766,4264437
2014-11-24,96.90770721435547,6923474
2014-11-25,96.67462158203125,4249270
2014-11-26,96.78817749023438,4148436
2014-11-28,96.9197006225586,2516153
2014-12-01,96.54315185546875,4360146
2014-12-02,97.21849060058594,3625122
2014-12-03,98.3240966796875,6724839
2014-12-04,98.04324340820312,4036932
2014-12-05,97.57709503173828,3152121
2014-12-08,96.7343978881836,2982146
2014-12-09,97.40975952148438,4038815
2014-12-10,95.9275894165039,4260149
2014-12-11,96.26225280761719,4173122
2014-12-12,92.86168670654297,9007838
2014-12-15,91.47515106201172,6799314
2014-12-16,90.48902130126953,7094600
2014-12-17,90.7998046875,5367026
2014-12-18,94.23622131347656,7638310
2014-12-19,94.73230743408203,9272685
2014-12-22,96.4833755493164,4897895
2014-12-23,96.96149444580078,4229292
2014-12-24,96.71046447753906,1954033
2014-12-26,97.0212631225586,2000161
2014-12-29,95.9275894165039,3485063
2014-12-30,95.65265655517578,2960075
2014-12-31,95.88573455810547,4196447
2015-01-02,96.8539047241211,5779673
2015-01-05,95.32994842529297,5104898
2015-01-06,93.2740707397461,6429448
2015-01-07,92.6644287109375,4918083
2015-01-08,94.67852020263672,4431693
2015-01-09,95.09087371826172,4694762
2015-01-12,93.49517059326172,4380230
2015-01-13,93.71630859375,4578865
2015-01-14,93.11268615722656,4906054
2015-01-15,92.37760925292969,4443826
2015-01-16,93.91354370117188,6020776
2015-01-20,93.79996490478516,8778869
2015-01-21,90.89546203613281,12444367
2015-01-22,92.86766052246094,6401625
2015-01-23,93.15452575683594,5057201
2015-01-26,93.44735717773438,8250953
2015-01-27,91.83970642089844,5919942
2015-01-28,90.57270050048828,4702711
2015-01-29,92.92144012451172,8703557
2015-01-30,91.62454223632812,6865526
2015-02-02,92.43135833740234,4928961
2015-02-03,94.70841217041016,5794212
2015-02-04,93.80593872070312,3847711
2015-02-05,94.37371826171875,5495266
2015-02-06,94.319580078125,3406299
2015-02-09,93.7358169555664,3198354
2015-02-10,95.42692565917969,4644868
2015-02-11,95.21027374267578,3793528
2015-02-12,95.40287017822266,3486423
2015-02-13,96.53430938720703,3877417
2015-02-17,96.8713150024414,3027647
2015-02-18,97.61154174804688,4558886
2015-02-19,98.63469696044922,3665602
2015-02-20,98.49028015136719,3507238
2015-02-23,98.044921875,2839262
2015-02-24,99.200439453125,4917874
2015-02-25,97.98471069335938,4188812
2015-02-26,96.8171615600586,7437897
2015-02-27,97.46114349365234,4612860
2015-03-02,96.58247375488281,6190123
2015-03-03,96.91343688964844,3383182
2015-03-04,95.94449615478516,3800746
2015-03-05,97.00373840332031,3966118
2015-03-06,95.39081573486328,4749049
2015-03-09,96.7569808959961,5432819
2015-03-10,94.97554016113281,4812646
2015-03-11,94.36767578125,5972555
2015-03-12,95.07784271240234,4777396
2015-03-13,92.85106658935547,6343049
2015-03-16,94.53621673583984,3922082
2015-03-17,94.4639663696289,3464038
2015-03-18,96.1792221069336,6002785
2015-03-19,96.1792221069336,4057016
2015-03-20,98.02685546875,9420694
2015-03-23,99.08006286621094,6202885
2015-03-24,98.09909057617188,4546021
2015-03-25,95.8121109008789,5678629
2015-03-26,96.648681640625,4598216
2015-03-27,96.53430938720703,3637883
2015-03-30,97.90046691894531,4328348
2015-03-31,96.5944595336914,4451148
2015-04-01,95.80005645751953,3871037
2015-04-02,96.56438446044922,4886494
2015-04-06,97.52130126953125,3625122
2015-04-07,97.53936004638672,3292808
2015-04-08,97.40699005126953,2640418
2015-04-09,97.70183563232422,2367621
2015-04-10,98.01480865478516,2631422
2015-04-13,97.72591400146484,4046869
2015-04-14,97.67778015136719,2844388
2015-04-15,98.77916717529297,3659745
2015-04-16,98.17729949951172,3281197
2015-04-17,96.69680786132812,4512862
2015-04-20,100.00083923339844,10051223
2015-04-21,98.85738372802734,10129046
2015-04-22,99.5193862915039,4209941
2015-04-23,102.45635986328125,8614438
2015-04-24,102.17949676513672,4067266
2015-04-27,102.75125122070312,3314356
2015-04-28,104.67111206054688,6084268
2015-04-29,104.96002197265625,4726246
2015-04-30,103.08829498291016,5295793
2015-05-01,104.52069091796875,3464457
2015-05-04,104.70123291015625,4213288
2015-05-05,104.16555786132812,3758906
2015-05-06,103.11650848388672,3778780
2015-05-07,103.6865234375,2585712
2015-05-08,104.71131134033203,3234860
2015-05-11,103.76532745361328,2783406
2015-05-12,103.419677734375,3098670
2015-05-13,104.4687728881836,2570545
2015-05-14,105.5420913696289,2551299
2015-05-15,105.06299591064453,3050764
2015-05-18,104.94174194335938,2061248
2015-05-19,105.1964340209961,2639058
2015-05-20,105.36621856689453,2406114
2015-05-21,105.11153411865234,2401198
2015-05-22,104.43238830566406,2980786
2015-05-26,103.16503143310547,4031493
2015-05-27,104.29898071289062,2891562
2015-05-28,104.12312316894531,1811044
2015-05-29,102.87399291992188,4280232
2015-06-01,103.19534301757812,3122833
2015-06-02,102.87399291992188,2689684
2015-06-03,103.03766632080078,2229026
2015-06-04,102.1038818359375,3220948
2015-06-05,101.50960540771484,3243123
2015-06-08,100.26040649414062,3931600
2015-06-09,100.46656799316406,3552111
2015-06-10,102.4312973022461,4895803
2015-06-11,102.34637451171875,3623344
2015-06-12,101.26097106933594,3206095
2015-06-15,100.81826782226562,4441002
2015-06-16,101.17000579833984,3399291
2015-06-17,101.37012481689453,2994698
2015-06-18,102.02501678466797,3484121
2015-06-19,101.26097106933594,7399404
2015-06-22,101.70964813232422,2443247
2015-06-23,102.24932861328125,3871874
2015-06-24,101.24883270263672,3711313
2015-06-25,100.70913696289062,2519709
2015-06-26,100.33317565917969,9357516
2015-06-29,98.82325744628906,3467176
2015-06-30,98.63529205322266,3762776
2015-07-01,99.7449722290039,3362367
2015-07-02,100.10881805419922,2983924
2015-07-06,99.8905029296875,3221471
2015-07-07,100.05424499511719,3713195
2015-07-08,98.9384994506836,2904010
2015-07-09,99.35688781738281,4392886
2015-07-10,101.23670196533203,4747062
2015-07-13,102.71021270751953,4423534
2015-07-14,102.24332427978516,3164464
2015-07-15,102.19478607177734,2089908
2015-07-16,103.69257354736328,3692275
2015-07-17,104.60823059082031,4556794
2015-07-20,105.03876495361328,7717179
2015-07-21,98.88391876220703,14384906
2015-07-22,97.23456573486328,7512163
2015-07-23,98.07135772705078,5265773
2015-07-24,96.87068939208984,3951997
2015-07-27,96.45831298828125,3876685
2015-07-28,97.0526123046875,2846166
2015-07-29,97.68325805664062,3533806
2015-07-30,97.60443115234375,2086456
2015-07-31,98.22898864746094,3744889
2015-08-03,96.24005889892578,4828022
2015-08-04,95.56695556640625,5502588
2015-08-05,95.74888610839844,3632549
2015-08-06,95.57767486572266,3143021
2015-08-07,94.84397888183594,3969465
2015-08-10,95.84060668945312,4825616
2015-08-11,95.08242797851562,3312787
2015-08-12,95.47984313964844,3724074
2015-08-13,94.81340789794922,2649936
2015-08-14,95.22919464111328,3374814
2015-08-17,95.57157135009766,2353082
2015-08-18,95.38811492919922,2111142
2015-08-19,94.12246704101562,4399894
2015-08-20,93.33988189697266,4196029
2015-08-21,91.0103759765625,7700757
2015-08-24,87.72090148925781,10658426
2015-08-25,86.18621063232422,7398567
2015-08-26,89.69580841064453,6508003
2015-08-27,90.82078552246094,5205524
2015-08-28,90.47842407226562,4263810
2015-08-31,90.42337799072266,4281383
2015-09-01,87.23790740966797,5514512
2015-09-02,88.68692779541016,4447592
2015-09-03,89.74471282958984,3769261
2015-09-04,87.86152648925781,4394351
2015-09-08,90.01983642578125,4114232
2015-09-09,88.68692779541016,3564559
2015-09-10,89.39006042480469,3620938
2015-09-11,90.1054458618164,3258395
2015-09-14,89.05379486083984,3375128
2015-09-15,90.20329284667969,2842087
2015-09-16,90.74131774902344,2927963
2015-09-17,90.57625579833984,4187138
2015-09-18,88.35677337646484,8342687
2015-09-21,89.561279296875,4000950
2015-09-22,88.307861328125,3728049
2015-09-23,87.83706665039062,2797213
2015-09-24,88.29563903808594,3431194
2015-09-25,88.91317749023438,3634222
2015-09-28,87.14004516601562,4515896
2015-09-29,87.10946655273438,4982621
2015-09-30,88.63802337646484,4127725
2015-10-01,87.79425048828125,4059421
2015-10-02,88.39956665039062,3194902
2015-10-05,91.12649536132812,5367863
2015-10-06,90.96754455566406,3156933
2015-10-07,91.76852416992188,3117917
2015-10-08,93.1075210571289,5014942
2015-10-09,93.17484283447266,3693531
2015-10-12,92.41051483154297,3376070
2015-10-13,91.48113250732422,4095822
2015-10-14,91.71958923339844,3507238
2015-10-15,91.76852416992188,3636105
2015-10-16,91.95195007324219,3643950
2015-10-19,91.2365951538086,8320616
2015-10-20,85.99056243896484,16762778
2015-10-21,86.16175079345703,7312168
2015-10-22,88.09996795654297,5840027
2015-10-23,88.4607162475586,5617438
2015-10-26,87.83706665039062,3649912
2015-10-27,84.29080200195312,15698891
2015-10-28,86.10673522949219,8902924
2015-10-29,85.93553161621094,3881078
2015-10-30,85.64815521240234,4167264
2015-11-02,85.82548522949219,3998021
2015-11-03,86.74873352050781,4549472
2015-11-04,86.59586334228516,3678677
2015-11-05,85.5320053100586,5331357
2015-11-06,85.32217407226562,4963165
2015-11-09,83.5077133178711,8447078
2015-11-10,83.60645294189453,4728757
2015-11-11,83.32875061035156,3310381
2015-11-12,82.10676574707031,4917664
2015-11-13,81.31061553955078,4826035
2015-11-16,82.520263671875,4383577
2015-11-17,82.58814239501953,2944595
2015-11-18,83.82244110107422,4340063
2015-11-19,84.39025115966797,4972266
2015-11-20,85.47647857666016,5414514
2015-11-23,85.4517593383789,5374243
2015-11-24,85.53815460205078,3564454
2015-11-25,85.1678466796875,3387157
2015-11-27,85.4517593383789,1480927
2015-11-30,86.04421997070312,4754698
2015-12-01,87.19214630126953,4388075
2015-12-02,86.21704864501953,3896768
2015-12-03,85.73566436767578,6181442
2015-12-04,86.66754913330078,4781894
2015-12-07,86.12447357177734,3430252
2015-12-08,85.19872283935547,4084839
2015-12-09,84.3100357055664,4827290
2015-12-10,84.4149398803711,4416526
2015-12-11,83.05101776123047,5579155
2015-12-14,83.89034271240234,5380415
2015-12-15,85.03827667236328,4433471
2015-12-16,85.9640121459961,4545393
2015-12-17,84.39642333984375,4277617
2015-12-18,83.25469207763672,10487301
2015-12-21,83.6249771118164,5875905
2015-12-22,85.12467956542969,4459935
2015-12-23,85.5011215209961,5402485
2015-12-24,85.32217407226562,1563979
2015-12-28,84.92719268798828,3287996
2015-12-29,86.26643371582031,4125110
2015-12-30,85.99485778808594,3126912
2015-12-31,84.93335723876953,3621357
2016-01-04,83.90270233154297,5469952
2016-01-05,83.84098815917969,4105341
2016-01-06,83.42129516601562,4509201
2016-01-07,81.99568176269531,7348987
2016-01-08,81.23656463623047,4981784
2016-01-11,82.2240219116211,5203222
2016-01-12,82.02037811279297,5312320
2016-01-13,80.95265197753906,4916305
2016-01-14,82.02652740478516,5972242
2016-01-15,80.2491226196289,9422891
2016-01-19,79.06415557861328,10438662
2016-01-20,75.2069320678711,16901059
2016-01-21,75.85496520996094,9258774
2016-01-22,75.6019058227539,9663366
2016-01-25,75.34269714355469,5696516
2016-01-26,75.657470703125,4830219
2016-01-27,74.65151977539062,5257614
2016-01-28,75.42910766601562,4123855
2016-01-29,77.01524353027344,8627513
2016-02-01,77.03990173339844,3739345
2016-02-02,75.87346649169922,3438516
2016-02-03,76.97200775146484,6509781
2016-02-04,78.78028869628906,5508759
2016-02-05,79.34805297851562,7507874
2016-02-08,79.1672592163086,7702744
2016-02-09,77.35299682617188,6231231
2016-02-10,74.93395233154297,6766679
2016-02-11,73.47503662109375,7643750
2016-02-12,75.4638900756836,5163579
2016-02-16,76.5237808227539,4248224
2016-02-17,78.61862182617188,5042766
2016-02-18,82.57758331298828,10409374
2016-02-19,82.97038269042969,5361064
2016-02-22,83.40057373046875,4662440
2016-02-23,82.54643249511719,3597926
2016-02-24,82.79581451416016,4312240
2016-02-25,83.8556900024414,4558782
2016-02-26,82.31575775146484,4587965
2016-02-29,81.69227600097656,4631688
2016-03-01,83.7746353149414,3962771
2016-03-02,84.97795104980469,5457191
2016-03-03,85.91312408447266,5393594
2016-03-04,85.91312408447266,4150946
2016-03-07,87.37826538085938,5408866
2016-03-08,86.70492553710938,5835739
2016-03-09,87.54037475585938,4609199
2016-03-10,87.40321350097656,4205548
2016-03-11,88.75611114501953,4625307
2016-03-14,89.01798248291016,4235045
2016-03-15,89.13017272949219,3878045
2016-03-16,90.2711181640625,4416107
2016-03-17,91.67389678955078,6089394
2016-03-18,91.70509338378906,12645826
2016-03-21,92.66522979736328,3892794
2016-03-22,92.33479309082031,4269667
2016-03-23,90.65144348144531,4983353
2016-03-24,92.24127197265625,5276547
2016-03-28,92.52184295654297,3415295
2016-03-29,93.10164642333984,3282871
2016-03-30,92.52803802490234,3484435
2016-03-31,94.42339324951172,7092508
2016-04-01,95.09046936035156,4106073
2016-04-04,94.80994415283203,4112035
2016-04-05,93.51940155029297,3490502
2016-04-06,93.5318374633789,4387552
2016-04-07,92.42832946777344,3831498
2016-04-08,93.11412811279297,3445315
2016-04-11,93.0517807006836,4023021
2016-04-12,93.2886734008789,3761207
2016-04-13,94.28621673583984,3314146
2016-04-14,94.24259948730469,3322619
2016-04-15,94.59172821044922,3825850
2016-04-18,95.09671783447266,6884458
2016-04-19,89.77857208251953,13796949
2016-04-20,91.09410858154297,7064998
2016-04-21,93.08295440673828,6294514
2016-04-22,92.58418273925781,5430727
2016-04-25,92.7774658203125,2979949
2016-04-26,92.94580078125,3116871
2016-04-27,93.81238555908203,3254315
2016-04-28,91.69261932373047,3965909
2016-04-29,90.98809814453125,4420187
2016-05-02,90.57038116455078,3663510
2016-05-03,89.8596420288086,3749178
2016-05-04,89.93448638916016,2695647
2016-05-05,91.31851959228516,6800255
2016-05-06,92.71597290039062,5121007
2016-05-09,92.74747467041016,4500310
2016-05-10,94.40299224853516,4176364
2016-05-11,93.76091766357422,3235278
2016-05-12,93.69168090820312,3398663
2016-05-13,92.98664855957031,2508308
2016-05-16,94.08195495605469,3210279
2016-05-17,93.16290283203125,3651168
2016-05-18,92.74747467041016,2605691
2016-05-19,91.23042297363281,3855138
2016-05-20,92.6908187866211,3840389
2016-05-23,92.388671875,2200575
2016-05-24,93.3580322265625,3064048
2016-05-25,95.48565673828125,4555644
2016-05-26,95.95777893066406,3203793
2016-05-27,96.20962524414062,2570127
2016-05-31,96.77611541748047,6105084
2016-06-01,96.00186157226562,2785916
2016-06-02,96.62504577636719,2764160
2016-06-03,96.2410659790039,2435402
2016-06-06,96.140380859375,2488120
2016-06-07,96.51803588867188,4670390
2016-06-08,96.93980407714844,3070010
2016-06-09,96.57467651367188,2114803
2016-06-10,95.91374206542969,3264148
2016-06-13,95.22763061523438,3776478
2016-06-14,95.08912658691406,2997627
2016-06-15,94.84991455078125,2364378
2016-06-16,95.08912658691406,2561759
2016-06-17,95.67453002929688,4878439
2016-06-20,96.69432067871094,3736417
2016-06-21,96.97126007080078,2887274
2016-06-22,96.25996398925781,2964050
2016-06-23,97.7895736694336,4151992
2016-06-24,92.27532958984375,9500609
2016-06-27,90.33028411865234,5248723
2016-06-28,91.71510314941406,4181594
2016-06-29,93.45248413085938,3522614
2016-06-30,95.5423355102539,4149587
2016-07-01,95.9011459350586,2780582
2016-07-05,95.47940063476562,2578599
2016-07-06,95.91374206542969,2687592
2016-07-07,96.05850982666016,2236766
2016-07-08,97.2293472290039,3180468
2016-07-11,97.7770004272461,2964050
2016-07-12,98.8534164428711,4020615
2016-07-13,99.47032928466797,2872734
2016-07-14,100.89290618896484,4850930
2016-07-15,100.57817077636719,4682733
2016-07-18,100.62853240966797,7039266
2016-07-19,100.45233154296875,7447520
2016-07-20,101.57274627685547,4577610
2016-07-21,100.99990844726562,3680769
2016-07-22,102.0196762084961,2636025
2016-07-25,102.38478088378906,2933612
2016-07-26,102.0511703491211,3027752
2016-07-27,101.86862182617188,2262184
2016-07-28,101.57905578613281,2448058
2016-07-29,101.10697937011719,3710685
2016-08-01,101.6293716430664,2953486
2016-08-02,101.08177185058594,3222621
2016-08-03,101.13843536376953,2993338
2016-08-04,101.69232177734375,2603599
2016-08-05,102.91987609863281,3987770
2016-08-08,102.88175201416016,3179108
2016-08-09,102.7103500366211,2863425
2016-08-10,102.9071273803711,2580168
2016-08-11,103.82781219482422,9171956
2016-08-12,102.82462310791016,2660083
2016-08-15,102.78016662597656,3107038
2016-08-16,102.03095245361328,2311869
2016-08-17,101.86588287353516,3374291
2016-08-18,102.44999694824219,3819992
2016-08-19,101.6119155883789,2944699
2016-08-22,101.58651733398438,2133108
2016-08-23,101.7515869140625,2968653
2016-08-24,100.98335266113281,3813507
2016-08-25,100.71670532226562,2693450
2016-08-26,100.5198745727539,2613849
2016-08-29,101.40874481201172,2589791
2016-08-30,101.20555877685547,1896712
2016-08-31,100.87542724609375,2430486
2016-09-01,101.29444885253906,2466886
2016-09-02,101.30081176757812,2421908
2016-09-06,101.80875396728516,3131829
2016-09-07,102.62777709960938,2999196
2016-09-08,100.95160675048828,4145507
2016-09-09,98.85003662109375,5424556
2016-09-12,100.50081634521484,4568405
2016-09-13,98.92623138427734,3803988
2016-09-14,97.80876159667969,4038188
2016-09-15,98.83097839355469,3813298
2016-09-16,97.67545318603516,6760926
2016-09-19,98.32941436767578,2562805
2016-09-20,98.06275177001953,2258419
2016-09-21,98.7484359741211,2587699
2016-09-22,99.11669921875,2814891
2016-09-23,98.39926147460938,2826501
2016-09-26,97.7643051147461,2649832
2016-09-27,99.53573608398438,3124611
2016-09-28,100.50081634521484,3462260
2016-09-29,100.38652801513672,3530041
2016-09-30,100.85637664794922,3762357
2016-10-03,100.06906127929688,2330279
2016-10-04,99.33894348144531,3016769
2016-10-05,99.73257446289062,1761987
2016-10-06,99.60555267333984,2039805
2016-10-07,98.83735656738281,2794807
2016-10-10,99.69448852539062,2595440
2016-10-11,98.27860260009766,3034760
2016-10-12,97.96115112304688,3100344
2016-10-13,97.59925842285156,3043755
2016-10-14,98.06275177001953,4558677
2016-10-17,98.26590728759766,6161358
2016-10-18,95.69447326660156,13358048
2016-10-19,96.0373764038086,4846013
2016-10-20,96.20244598388672,4208163
2016-10-21,95.00243377685547,4617253
2016-10-24,95.59927368164062,2789368
2016-10-25,95.79610443115234,2769285
2016-10-26,96.38656616210938,2941038
2016-10-27,97.36433410644531,4423848
2016-10-28,96.8945083618164,3822607
2016-10-31,97.5802001953125,3716647
2016-11-01,97.00875854492188,3338727
2016-11-02,96.47543334960938,3215822
2016-11-03,96.74211120605469,3011225
2016-11-04,96.78024291992188,2584038
2016-11-07,98.86908721923828,3979925
2016-11-08,99.41366577148438,4102307
2016-11-09,99.18301391601562,5652270
2016-11-10,102.64906311035156,8070727
2016-11-11,103.32180786132812,4651144
2016-11-14,101.36131286621094,5435539
2016-11-15,101.656005859375,3636942
2016-11-16,102.05320739746094,2356429
2016-11-17,102.3799819946289,2365215
2016-11-18,102.75797271728516,3118754
2016-11-21,104.28276824951172,4850407
2016-11-22,104.2187271118164,2898257
2016-11-23,103.77666473388672,2356324
2016-11-25,104.51983642578125,1679144
2016-11-28,105.40396881103516,4654072
2016-11-29,104.76969909667969,3293017
2016-11-30,103.93043518066406,4600099
2016-12-01,102.39276885986328,4848942
2016-12-02,102.52095031738281,2866981
2016-12-05,102.40558624267578,3605667
2016-12-06,102.73234558105469,2990514
2016-12-07,105.57699584960938,4639115
2016-12-08,105.9421615600586,3416654
2016-12-09,106.68529510498047,3291657
2016-12-12,106.03182220458984,3548346
2016-12-13,107.8193359375,6205186
2016-12-14,107.96025085449219,4313913
2016-12-15,107.6463394165039,3544476
2016-12-16,106.81986236572266,7448148
2016-12-19,106.78784942626953,3091871
2016-12-20,107.37727355957031,2274632
2016-12-21,107.20428466796875,3740182
2016-12-22,107.03130340576172,2931520
2016-12-23,106.80704498291016,1779455
2016-12-27,107.08255004882812,1461785
2016-12-28,106.4738998413086,1838345
2016-12-29,106.73657989501953,1740021
2016-12-30,106.34574127197266,3088629
2017-01-03,107.11457061767578,3069278
2017-01-04,108.44078063964844,3536944
2017-01-05,108.08199310302734,2805686
2017-01-06,108.61376190185547,3080993
2017-01-09,107.40929412841797,3336635
2017-01-10,106.04460906982422,4308160
2017-01-11,107.47337341308594,3765077
2017-01-12,107.60150909423828,3062165
2017-01-13,107.2106704711914,3007668
2017-01-17,107.56304931640625,3468222
2017-01-18,106.86473846435547,4192159
2017-01-19,106.87108612060547,7283716
2017-01-20,109.26727294921875,13273740
2017-01-23,109.57476806640625,5730197
2017-01-24,112.6948471069336,7272210
2017-01-25,114.22611236572266,6194935
2017-01-26,114.46309661865234,3204839
2017-01-27,113.5917739868164,3642486
2017-01-30,112.63078308105469,4283161
2017-01-31,111.81074523925781,4329394
2017-02-01,111.66336059570312,2924302
2017-02-02,111.84915161132812,2741043
2017-02-03,112.64360809326172,3461528
2017-02-06,112.66922760009766,2772737
2017-02-07,114.3349609375,4051681
2017-02-08,113.76029968261719,3047103
2017-02-09,114.43184661865234,3232872
2017-02-10,115.38106536865234,3065512
2017-02-13,115.8201904296875,3235696
2017-02-14,116.31739044189453,2904219
2017-02-15,117.31832122802734,3048358
2017-02-16,117.15691375732422,3401069
2017-02-17,116.66612243652344,3715915
2017-02-21,116.40135955810547,4686394
2017-02-22,116.97608184814453,3159443
2017-02-23,117.29894256591797,2387495
2017-02-24,117.105224609375,3451905
2017-02-27,115.84602355957031,3861100
2017-02-28,116.11721801757812,3423976
2017-03-01,117.49268341064453,3143858
2017-03-02,116.57569885253906,3052437
2017-03-03,116.26578521728516,1905812
2017-03-06,116.53693389892578,3351802
2017-03-07,116.47882843017578,3117603
2017-03-08,115.87830352783203,3721040
2017-03-09,114.4124984741211,5694529
2017-03-10,114.83224487304688,3242914
2017-03-13,113.94754791259766,3642381
2017-03-14,113.46965789794922,3292285
2017-03-15,113.52781677246094,3991013
2017-03-16,114.45122528076172,4510143
2017-03-17,113.42448425292969,6193366
2017-03-20,113.456787109375,2590001
2017-03-21,112.28150939941406,4108374
2017-03-22,112.86270141601562,3609223
2017-03-23,112.88853454589844,3912040
2017-03-24,112.24925231933594,3369898
2017-03-27,112.21049499511719,3408914
2017-03-28,112.68830871582031,3685999
2017-03-29,112.32026672363281,3227538
2017-03-30,112.26862335205078,3314042
2017-03-31,112.44940948486328,3047730
2017-04-03,112.68187713623047,4483679
2017-04-04,112.6948013305664,3251909
2017-04-05,111.63577270507812,6525889
2017-04-06,111.35811614990234,3593428
2017-04-07,111.15791320800781,3753362
2017-04-10,110.55094909667969,3964235
2017-04-11,110.15057373046875,5116927
2017-04-12,110.20221710205078,3427637
2017-04-13,109.47257232666016,3352953
2017-04-17,110.48641204833984,3891329
2017-04-18,109.80830383300781,6637393
2017-04-19,104.40991973876953,20171378
2017-04-20,104.80384063720703,6785193
2017-04-21,103.56401824951172,5865759
2017-04-24,103.8029556274414,5565348
2017-04-25,103.57044982910156,5083978
2017-04-26,103.3573989868164,4526879
2017-04-27,103.52526092529297,4312240
2017-04-28,103.50589752197266,4345189
2017-05-01,102.56958770751953,5162324
2017-05-02,102.73748016357422,3355777
2017-05-03,102.43396759033203,4176992
2017-05-04,102.70518493652344,4477508
2017-05-05,100.12223052978516,13097280
2017-05-08,99.78317260742188,7836632
2017-05-09,99.18328094482422,7168238
2017-05-10,98.62252807617188,5229895
2017-05-11,98.23128509521484,5886783
2017-05-12,98.04869842529297,3886204
2017-05-15,98.7920150756836,4440793
2017-05-16,100.20697021484375,5767330
2017-05-17,98.41386413574219,5430309
2017-05-18,98.31607055664062,3424813
2017-05-19,99.0985107421875,5902578
2017-05-22,99.52886199951172,3453997
2017-05-23,99.13108825683594,2682467
2017-05-24,99.44409942626953,3904090
2017-05-25,99.89401245117188,2701504
2017-05-26,99.43104553222656,2555692
2017-05-30,98.93550109863281,3834636
2017-05-31,99.5223617553711,3706396
2017-06-01,99.54840850830078,3052333
2017-06-02,99.14412689208984,3750642
2017-06-05,99.37887573242188,4157955
2017-06-06,99.35279846191406,3971871
2017-06-07,98.44646453857422,5089522
2017-06-08,99.17675018310547,3879614
2017-06-09,100.48084259033203,4562129
2017-06-12,101.18505096435547,6769189
2017-06-13,100.57865905761719,3685581
2017-06-14,100.291748046875,3189359
2017-06-15,100.55909729003906,4868398
2017-06-16,101.31546020507812,7052132
2017-06-19,100.96336364746094,4842457
2017-06-20,101.03510284423828,4687858
2017-06-21,100.27869415283203,4141846
2017-06-22,100.67643737792969,2485819
2017-06-23,100.48738098144531,3433181
2017-06-26,101.21766662597656,2252561
2017-06-27,100.90467834472656,2496279
2017-06-28,101.27633666992188,2323166
2017-06-29,100.50043487548828,3412261
2017-06-30,100.30479431152344,3735789
2017-07-03,101.44587707519531,2952335
2017-07-05,100.2004623413086,3728362
2017-07-06,99.34627532958984,2884345
2017-07-07,99.72447967529297,2573265
2017-07-10,100.03744506835938,3353685
2017-07-11,99.88749694824219,3606085
2017-07-12,100.22000885009766,3240403
2017-07-13,100.17440795898438,2590001
2017-07-14,100.5721435546875,3406194
2017-07-17,99.77010345458984,4981680
2017-07-18,100.4156494140625,7914873
2017-07-19,96.1968765258789,14951106
2017-07-20,96.28165435791016,7543961
2017-07-21,95.90345001220703,6808937
2017-07-24,95.1927261352539,4055970
2017-07-25,95.32313537597656,4402509
2017-07-26,94.78193664550781,4113290
2017-07-27,94.59283447265625,6726617
2017-07-28,94.08422088623047,3195321
2017-07-31,94.33202362060547,4556062
2017-08-01,94.74282836914062,3367597
2017-08-02,94.18855285644531,3703781
2017-08-03,94.50807189941406,3175028
2017-08-04,94.6514892578125,2666672
2017-08-07,93.54954528808594,4830742
2017-08-08,93.64183044433594,3450440
2017-08-09,93.41777038574219,3060387
2017-08-10,93.4638900756836,4733568
2017-08-11,93.4638900756836,3142184
2017-08-14,93.78020477294922,2352036
2017-08-15,93.61544799804688,4896849
2017-08-16,93.8987808227539,3439039
2017-08-17,92.71271514892578,4625517
2017-08-18,92.05375671386719,4343724
2017-08-21,92.4688949584961,3337472
2017-08-22,92.91698455810547,2661442
2017-08-23,93.66156768798828,4234522
2017-08-24,94.188720703125,3757441
2017-08-25,94.71585083007812,3005053
2017-08-28,93.90541076660156,5319956
2017-08-29,94.32052612304688,3147937
2017-08-30,93.9383544921875,2861856
2017-08-31,94.24803161621094,3824594
2017-09-01,94.93991088867188,3505878
2017-09-05,94.25463104248047,3239985
2017-09-06,94.76859283447266,3423872
2017-09-07,94.16239166259766,4380857
2017-09-08,93.8658676147461,3521045
2017-09-11,95.4538803100586,4825616
2017-09-12,96.04693603515625,5479053
2017-09-13,96.19849395751953,4289646
2017-09-14,95.9019775390625,3929717
2017-09-15,95.42754364013672,7737471
2017-09-18,95.2496109008789,3158397
2017-09-19,95.14417266845703,3623762
2017-09-20,96.12602233886719,5698085
2017-09-21,95.71747589111328,2673158
2017-09-22,95.63180541992188,2920746
2017-09-25,96.11941528320312,5452903
2017-09-26,96.57408142089844,4695076
2017-09-27,95.98104858398438,3663824
2017-09-28,95.98104858398438,2902441
2017-09-29,95.5988540649414,2776816
2017-10-02,96.63997650146484,3109967
2017-10-03,96.71903228759766,2408624
2017-10-04,96.5213851928711,2347642
2017-10-05,96.67951202392578,2810079
2017-10-06,96.5213851928711,2743867
2017-10-09,97.12102508544922,2806000
2017-10-10,97.85243225097656,4218100
2017-10-11,97.27256774902344,3872501
2017-10-12,96.8837890625,3414458
2017-10-13,96.92991638183594,2621904
2017-10-16,96.75198364257812,3192497
2017-10-17,96.5609130859375,6665530
2017-10-18,105.12052917480469,31892749
2017-10-19,106.02325439453125,10370253
2017-10-20,106.79422760009766,8230765
2017-10-23,105.13372802734375,6045252
2017-10-24,102.71539306640625,8571656
2017-10-25,101.14714050292969,7239471
2017-10-26,101.2130126953125,4498323
2017-10-27,101.26573181152344,5120379
2017-10-30,101.71379089355469,4404078
2017-10-31,101.51611328125,4527402
2017-11-01,101.49634552001953,3389249
2017-11-02,101.04828643798828,3553890
2017-11-03,99.8819580078125,4635663
2017-11-06,99.39434051513672,4705326
2017-11-07,99.73042297363281,3871351
2017-11-08,99.87535095214844,4847582
2017-11-09,100.02842712402344,4996219
2017-11-10,99.2697525024414,4505436
2017-11-13,98.76393127441406,5342445
2017-11-14,99.09004974365234,3930868
2017-11-15,97.89875793457031,4992872
2017-11-16,99.24312591552734,5697039
2017-11-17,99.14329528808594,5142659
2017-11-20,100.16820526123047,5937619
2017-11-21,101.12655639648438,3928985
2017-11-22,101.00675964355469,3361426
2017-11-24,101.0533218383789,1247878
2017-11-27,101.14652252197266,3529204
2017-11-28,101.4726333618164,4156490
2017-11-29,102.19140625,5333240
2017-11-30,102.47090911865234,6799837
2017-12-01,102.99668884277344,5824023
2017-12-04,104.1280746459961,4878858
2017-12-05,103.38933563232422,5301128
2017-12-06,102.55744934082031,3567592
2017-12-07,102.20470428466797,3944571
2017-12-08,103.02996826171875,3682234
2017-12-11,103.42927551269531,4291424
2017-12-12,104.3144302368164,6612603
2017-12-13,102.4310073852539,5922034
2017-12-14,102.49089050292969,4850720
2017-12-15,101.49260711669922,11798775
2017-12-18,102.04498291015625,5327069
2017-12-19,101.97843933105469,4305754
2017-12-20,101.79209899902344,3959842
2017-12-21,100.82705688476562,4344979
2017-12-22,101.49260711669922,3128168
2017-12-26,101.71223449707031,2593034
2017-12-27,101.91189575195312,2248168
2017-12-28,102.51750946044922,2811230
2017-12-29,102.10487365722656,3480147
2018-01-02,102.65726470947266,4395815
2018-01-03,105.47911834716797,9875914
2018-01-04,107.61544799804688,7903785
2018-01-05,108.14117431640625,5434807
2018-01-08,108.79341125488281,5478425
2018-01-09,109.03300476074219,4541523
2018-01-10,109.26592254638672,4366109
2018-01-11,109.27923583984375,3969047
2018-01-12,108.57378387451172,5263367
2018-01-16,109.04629516601562,8152733
2018-01-17,112.24079132080078,12248660
2018-01-18,112.55361938476562,14915228
2018-01-19,108.06134796142578,22146435
2018-01-22,108.21441650390625,8870917
2018-01-23,110.64356231689453,7809645
2018-01-24,110.05789184570312,5904670
2018-01-25,110.12445068359375,3454415
2018-01-26,111.36901092529297,3962143
2018-01-29,111.00961303710938,3678782
2018-01-30,108.89320373535156,5127806
2018-01-31,108.94648742675781,4260149
2018-02-01,108.08130645751953,4638173
2018-02-02,105.83848571777344,5493487
2018-02-05,101.51258850097656,9148944
2018-02-06,103.3826904296875,10321614
2018-02-07,102.39105987548828,6432063
2018-02-08,99.19197845458984,7090939
2018-02-09,100.48236083984375,8188402
2018-02-12,101.75257873535156,6151944
2018-02-13,101.31572723388672,5115986
2018-02-14,104.01077270507812,5731034
2018-02-15,104.85084533691406,5882286
2018-02-16,104.96514129638672,4479913
2018-02-20,104.27959442138672,4696122
2018-02-21,103.47310638427734,3900116
2018-02-22,102.9488754272461,4209732
2018-02-23,104.52153778076172,3405881
2018-02-26,106.5781021118164,3776374
2018-02-27,105.21379089355469,4432216
2018-02-28,104.7298812866211,3978461
2018-03-01,103.3722915649414,4225108
2018-03-02,103.82933044433594,3411111
2018-03-05,105.48259735107422,3839448
2018-03-06,104.65596008300781,3855242
2018-03-07,106.40337371826172,4819654
2018-03-08,104.98529815673828,6752558
2018-03-09,107.06871795654297,5253221
2018-03-12,107.7071762084961,5296421
2018-03-13,107.0754165649414,4378138
2018-03-14,106.26896667480469,3798863
2018-03-15,107.27034759521484,4048648
2018-03-16,107.7071762084961,9688784
2018-03-19,105.75142669677734,5734172
2018-03-20,104.97857666015625,4536188
2018-03-21,105.3078842163086,3642381
2018-03-22,102.21630859375,4964630
2018-03-23,100.06565856933594,4645181
2018-03-26,103.07656860351562,4292679
2018-03-27,102.0953369140625,4062350
2018-03-28,102.50531768798828,3833381
2018-03-29,103.11688995361328,3577320
2018-04-02,100.85871887207031,5387318
2018-04-03,100.71087646484375,4325942
2018-04-04,103.58064270019531,5026344
2018-04-05,103.52013397216797,3331928
2018-04-06,101.19477081298828,3841853
2018-04-09,102.61957550048828,4616207
2018-04-10,104.43414306640625,3981494
2018-04-11,104.41402435302734,3458599
2018-04-12,106.23535919189453,5898812
2018-04-13,105.3213119506836,4243727
2018-04-16,106.1143569946289,4379393
2018-04-17,108.1440658569336,10677045
2018-04-18,99.99845123291016,21319258
2018-04-19,99.2658920288086,8458061
2018-04-20,97.38409423828125,8645818
2018-04-23,98.029296875,5560118
2018-04-24,97.82764434814453,5142659
2018-04-25,98.08304595947266,7663414
2018-04-26,98.60726165771484,4462027
2018-04-27,98.44593811035156,3352953
2018-04-30,97.42438507080078,4618613
2018-05-01,97.45130157470703,4637336
2018-05-02,95.73747253417969,5433865
2018-05-03,95.42833709716797,5249456
2018-05-04,96.7187271118164,4604701
2018-05-07,96.25498962402344,3825222
2018-05-08,96.10713958740234,5616079
2018-05-09,96.90897369384766,4389016
2018-05-10,98.01663970947266,3898024
2018-05-11,97.94868469238281,3214567
2018-05-14,98.05740356445312,3364041
2018-05-15,97.67687225341797,4277512
2018-05-16,98.28165435791016,3314460
2018-05-17,98.19329833984375,3292494
2018-05-18,97.90791320800781,2805581
2018-05-21,98.8660659790039,3027856
2018-05-22,98.5942153930664,2389064
2018-05-23,98.30884552001953,3618846
2018-05-24,97.90113067626953,3555040
2018-05-25,97.60887908935547,5140358
2018-05-29,95.96443939208984,4746330
2018-05-30,96.915771484375,5353951
2018-05-31,96.02560424804688,7144494
2018-06-01,96.46048736572266,4034945
2018-06-04,97.20120239257812,3174924
2018-06-05,97.64968872070312,2966456
2018-06-06,98.33601379394531,3368225
2018-06-07,98.77771759033203,4515059
2018-06-08,99.3077392578125,5450183
2018-06-11,99.60675048828125,3409960
2018-06-12,99.80381774902344,2761963
2018-06-13,99.450439453125,3104737
2018-06-14,98.66900634765625,3479310
2018-06-15,98.79811096191406,9535336
2018-06-18,98.1797103881836,4483574
2018-06-19,97.78559875488281,3647402
2018-06-20,96.9225845336914,3483075
2018-06-21,95.98480987548828,4066534
2018-06-22,96.00521850585938,5869420
2018-06-25,94.31314086914062,9348207
2018-06-26,94.51021575927734,4329917
2018-06-27,93.42294311523438,4290483
2018-06-28,95.1625747680664,4731790
2018-06-29,94.9315185546875,3880765
2018-07-02,95.04024505615234,3562048
2018-07-03,94.84319305419922,2053507
2018-07-05,96.10714721679688,3916956
2018-07-06,96.82063293457031,2980054
2018-07-09,98.1185531616211,4084316
2018-07-10,98.33601379394531,3950742
2018-07-11,98.4923324584961,3688824
2018-07-12,99.5184097290039,3262997
2018-07-13,99.14464569091797,3203480
2018-07-16,98.84566497802734,3628365
2018-07-17,97.5069580078125,5331148
2018-07-18,98.20689392089844,7254324
2018-07-19,101.41432189941406,15329967
2018-07-20,99.450439453125,6709672
2018-07-23,99.00875854492188,4077203
2018-07-24,99.4708480834961,4070614
2018-07-25,99.63394927978516,3797921
2018-07-26,99.69506072998047,4997788
2018-07-27,98.6350326538086,3921768
2018-07-30,98.8660659790039,3774177
2018-07-31,98.48551177978516,5726013
2018-08-01,97.5137939453125,3544266
2018-08-02,97.14680480957031,4018104
2018-08-03,100.36781311035156,8424066
2018-08-06,99.23300170898438,4093730
2018-08-07,99.89895629882812,3670205
2018-08-08,99.81739044189453,3745831
2018-08-09,99.43960571289062,3235801
2018-08-10,99.24041748046875,3141243
2018-08-13,98.02464294433594,2989991
2018-08-14,98.47110748291016,2991560
2018-08-15,98.84889221191406,4436609
2018-08-16,99.8311538696289,5492232
2018-08-17,100.32569122314453,2801816
2018-08-20,100.63481140136719,2614686
2018-08-21,100.26387023925781,3249817
2018-08-22,99.76243591308594,2498894
2018-08-23,99.85173034667969,2322538
2018-08-24,100.31194305419922,2904324
2018-08-27,100.75843048095703,3652214
2018-08-28,100.68974304199219,2568244
2018-08-29,101.34226989746094,3298875
2018-08-30,100.23640441894531,3494058
2018-08-31,100.61418151855469,3648971
2018-09-04,100.06468963623047,3479205
2018-09-05,100.73780059814453,3270319
2018-09-06,100.55237579345703,4444245
2018-09-07,99.90668487548828,4908983
2018-09-10,100.0440673828125,3784742
2018-09-11,100.62105560302734,3529936
2018-09-12,100.67601776123047,4714008
2018-09-13,102.31077575683594,5592439
2018-09-14,101.8849105834961,3610897
2018-09-17,101.61705780029297,3715287
2018-09-18,102.04290008544922,3796352
2018-09-19,102.38630676269531,4441525
2018-09-20,103.82192993164062,6226001
2018-09-21,103.9593276977539,20865085
2018-09-24,103.05261993408203,4461190
2018-09-25,102.28329467773438,4599785
2018-09-26,104.13787078857422,7742387
2018-09-27,104.06231689453125,3637570
2018-09-28,103.86310577392578,3457867
2018-10-01,105.09262084960938,3930240
2018-10-02,105.6077880859375,3169275
2018-10-03,105.24372863769531,3467804
2018-10-04,103.93183135986328,4432843
2018-10-05,102.36571502685547,4813901
2018-10-08,101.92613220214844,3388308
2018-10-09,101.13622283935547,3809950
2018-10-10,98.01091766357422,5802894
2018-10-11,95.49005126953125,9111183
2018-10-12,96.74705505371094,6865316
2018-10-15,96.93937683105469,5193913
2018-10-16,99.68001556396484,9095493
2018-10-17,92.0762710571289,20359344
2018-10-18,89.67218780517578,10472238
2018-10-19,88.67621612548828,8150014
2018-10-22,89.30814361572266,5982597
2018-10-23,90.12554931640625,6760926
2018-10-24,87.37801361083984,5972974
2018-10-25,86.8559799194336,10778298
2018-10-26,85.71573638916016,9170282
2018-10-29,82.17832946777344,21391118
2018-10-30,79.26594543457031,22445696
2018-10-31,79.28656768798828,22640670
2018-11-01,80.24817657470703,14253528
2018-11-02,79.45140075683594,11079964
2018-11-05,82.466796875,9565252
2018-11-06,84.56865692138672,10038880
2018-11-07,85.75009155273438,12952304
2018-11-08,85.82662200927734,10874634
2018-11-09,85.93792724609375,7282043
2018-11-12,84.10147094726562,5626539
2018-11-13,84.05970001220703,4272282
2018-11-14,83.6145248413086,4981366
2018-11-15,84.47708129882812,5447463
2018-11-16,84.56752014160156,4263810
2018-11-19,83.69104766845703,4321235
2018-11-20,81.52763366699219,6520555
2018-11-21,82.48064422607422,5581247
2018-11-23,81.52069854736328,2442096
2018-11-26,83.1693344116211,5241611
2018-11-27,83.49626922607422,5129375
2018-11-28,85.5622787475586,5339307
2018-11-29,84.50493621826172,5439305
2018-11-30,86.44571685791016,7585174
2018-12-03,87.16918182373047,6115334
2018-12-04,84.58839416503906,6276732
2018-12-06,86.19530487060547,7257148
2018-12-07,83.01628112792969,7342502
2018-12-10,84.261474609375,6850777
2018-12-11,84.09452819824219,5275083
2018-12-12,84.28233337402344,3724283
2018-12-13,83.98321533203125,4177306
2018-12-14,83.40584564208984,4763693
2018-12-17,80.76245880126953,7713727
2018-12-18,81.1450424194336,6579549
2018-12-19,80.99201202392578,7300871
2018-12-20,78.61990356445312,8843302
2018-12-21,77.1729965209961,10864279
2018-12-24,74.8287353515625,3997184
2018-12-26,77.48603057861328,6951507
2018-12-27,79.14859008789062,6323698
2018-12-28,78.62684631347656,5352905
2018-12-31,79.07206726074219,5212009
2019-01-02,80.14334869384766,4434935
2019-01-03,78.54338073730469,4546648
2019-01-04,81.6111068725586,4683779
2019-01-07,82.1884765625,3923755
2019-01-08,83.3571548461914,4982726
2019-01-09,83.95538330078125,3800850
2019-01-10,84.72058868408203,4089860
2019-01-11,84.49102020263672,3893630
2019-01-14,83.74669647216797,5469220
2019-01-15,84.67881774902344,3668845
2019-01-16,84.6023178100586,4017791
2019-01-17,84.99883270263672,5261275
2019-01-18,86.1327133178711,6284891
2019-01-22,85.2283706665039,10514810
2019-01-23,92.44203186035156,23078630
2019-01-24,92.19161224365234,6613753
2019-01-25,93.19332885742188,5969940
2019-01-28,93.40200805664062,5604154
2019-01-29,93.44375610351562,5268807
2019-01-30,93.47853088378906,4707941
2019-01-31,93.5063705444336,5108664
2019-02-01,93.28376770019531,3981076
2019-02-04,94.04197692871094,4149064
2019-02-05,94.29242706298828,5647249
2019-02-06,94.82806396484375,5104166
2019-02-07,93.73025512695312,4580852
2019-02-08,94.09619140625,3399291
2019-02-11,94.293212890625,3237475
2019-02-12,95.74290466308594,3469791
2019-02-13,96.77738189697266,4448638
2019-02-14,96.04550170898438,2917712
2019-02-15,97.13630676269531,4020929
2019-02-19,97.60779571533203,3541442
2019-02-20,97.11518859863281,3976892
2019-02-21,97.00257110595703,3072416
2019-02-22,97.99483489990234,3256930
2019-02-25,98.14265441894531,3341133
2019-02-26,98.32560729980469,3201178
2019-02-27,97.93855285644531,2647321
2019-02-28,97.20667266845703,3616859
2019-03-01,97.95966339111328,3169380
2019-03-04,97.41780853271484,3563617
2019-03-05,97.03074645996094,4445814
2019-03-06,96.39737701416016,2895642
2019-03-07,95.25733184814453,4559305
2019-03-08,95.06732177734375,3947186
2019-03-11,96.91110229492188,4120508
2019-03-12,97.31221771240234,4136616
2019-03-13,97.50927734375,3319167
2019-03-14,97.67113494873047,2864576
2019-03-15,98.12152099609375,7482770
2019-03-18,98.6704330444336,3418851
2019-03-19,98.86750030517578,3642486
2019-03-20,98.24115753173828,3817377
2019-03-21,99.53604125976562,3771248
2019-03-22,98.13560485839844,4055551
2019-03-25,97.9455795288086,2970431
2019-03-26,98.67748260498047,2671170
2019-03-27,97.98782348632812,3240717
2019-03-28,98.46636962890625,2786439
2019-03-29,99.29674530029297,3244064
2019-04-01,100.844970703125,4167578
2019-04-02,100.63384246826172,2515421
2019-04-03,101.07720184326172,2804535
2019-04-04,100.47904205322266,2898571
2019-04-05,100.8309097290039,2857463
2019-04-08,100.90831756591797,2215637
2019-04-09,100.0075454711914,3178271
2019-04-10,100.64794158935547,2801188
2019-04-11,101.1827621459961,3077332
2019-04-12,101.58387756347656,3032249
2019-04-15,101.26722717285156,3768947
2019-04-16,102.13983154296875,6591578
2019-04-17,97.8963394165039,13101882
2019-04-18,98.75489044189453,5188160
2019-04-22,97.74150085449219,4700724
2019-04-23,98.8322982788086,4667461
2019-04-24,98.48747253417969,2902545
2019-04-25,97.55855560302734,3043965
2019-04-26,98.12855529785156,2426511
2019-04-29,97.85411071777344,3094382
2019-04-30,98.712646484375,4852185
2019-05-01,98.91675567626953,3194170
2019-05-02,98.234130859375,3704304
2019-05-03,98.69857025146484,2698575
2019-05-06,98.79007720947266,2921792
2019-05-07,96.86184692382812,4944233
2019-05-08,97.11518859863281,3994569
2019-05-09,96.37461853027344,4385564
2019-05-10,96.36036682128906,4160570
2019-05-13,93.58320617675781,5186068
2019-05-14,94.92906188964844,3431298
2019-05-15,95.70524597167969,2668346
2019-05-16,96.75914764404297,3156096
2019-05-17,95.64826965332031,2739579
2019-05-20,96.21793365478516,3414667
2019-05-21,97.1650161743164,2618661
2019-05-22,97.09381866455078,1934891
2019-05-23,94.27393341064453,5589196
2019-05-24,94.19559478759766,2715521
2019-05-28,92.89960479736328,5134605
2019-05-29,92.35128021240234,3848234
2019-05-30,92.2658462524414,2868027
2019-05-31,90.42866516113281,3702108
2019-06-03,91.34012603759766,4463177
2019-06-04,94.48756408691406,4093521
2019-06-05,93.633056640625,3306720
2019-06-06,94.15287780761719,2403917
2019-06-07,94.92906188964844,2670856
2019-06-10,95.94735717773438,3045220
2019-06-11,96.80897521972656,3564036
2019-06-12,96.03994750976562,2358416
2019-06-13,96.67369842529297,3091244
2019-06-14,96.23930358886719,2294192
2019-06-17,96.0969009399414,2295029
2019-06-18,97.11518096923828,3048776
2019-06-19,97.61365509033203,2491990
2019-06-20,98.87405395507812,3212266
2019-06-21,99.123291015625,5531980
2019-06-24,99.2301025390625,2286556
2019-06-25,98.52510070800781,2930055
2019-06-26,98.63907623291016,2389692
2019-06-27,98.63907623291016,2248691
2019-06-28,98.19757843017578,6436979
2019-07-01,99.60750579833984,3533074
2019-07-02,99.84963989257812,2520546
2019-07-03,100.78960418701172,2019198
2019-07-05,100.6756591796875,2232896
2019-07-08,100.09884643554688,2505484
2019-07-09,99.21585845947266,3519999
2019-07-10,100.02765655517578,2629539
2019-07-11,100.5759506225586,2231013
2019-07-12,101.64409637451172,2914365
2019-07-15,102.05713653564453,2477242
2019-07-16,102.20664978027344,3634536
2019-07-17,101.87908935546875,6343258
2019-07-18,106.55042266845703,13276460
2019-07-19,106.58605194091797,7626072
2019-07-22,106.62874603271484,4280860
2019-07-23,107.08448028564453,3914341
2019-07-24,106.83524322509766,3088210
2019-07-25,107.09159088134766,3244797
2019-07-26,107.78230285644531,3037898
2019-07-29,107.44053649902344,2170973
2019-07-30,106.6501235961914,2753804
2019-07-31,105.56060791015625,3894153
2019-08-01,107.041748046875,6635824
2019-08-02,104.85563659667969,8474378
2019-08-05,100.2341537475586,7442185
2019-08-06,100.2127914428711,5303952
2019-08-07,99.05921173095703,6204767
2019-08-08,100.93965911865234,5503111
2019-08-09,98.07933044433594,5485852
2019-08-12,96.30694580078125,4271759
2019-08-13,97.8343734741211,4730117
2019-08-14,94.56338500976562,5349453
2019-08-15,95.0461196899414,3910889
2019-08-16,96.37181091308594,3150552
2019-08-19,97.29402160644531,3310695
2019-08-20,95.82422637939453,3157456
2019-08-21,96.72482299804688,2934762
2019-08-22,96.77525329589844,2818865
2019-08-23,93.35296630859375,5040046
2019-08-26,93.65557861328125,2964259
2019-08-27,94.5057373046875,4945488
2019-08-28,95.65131378173828,2838426
2019-08-29,97.17874145507812,3108503
2019-08-30,97.64703369140625,3096788
2019-09-03,96.61676025390625,2957983
2019-09-04,98.21623992919922,2351303
2019-09-05,101.56648254394531,5242134
2019-09-06,101.27826690673828,2695333
2019-09-09,102.74087524414062,4421024
2019-09-10,104.50605773925781,5208766
2019-09-11,103.46136474609375,4047706
2019-09-12,103.47576141357422,2620648
2019-09-13,103.51177978515625,2308104
2019-09-16,102.6543960571289,2017211
2019-09-17,102.45268249511719,3068127
2019-09-18,102.46707916259766,2074846
2019-09-19,103.00745391845703,3232035
2019-09-20,102.22211456298828,5432296
2019-09-23,102.35899353027344,1901523
2019-09-24,102.07801818847656,3380254
2019-09-25,103.14433288574219,2642928
2019-09-26,103.42532348632812,2416051
2019-09-27,103.20195770263672,2465213
2019-09-30,104.77263641357422,4171866
2019-10-01,103.50459289550781,3096997
2019-10-02,102.0852279663086,3494477
2019-10-03,102.3229751586914,3063525
2019-10-04,103.0218505859375,2524626
2019-10-07,101.78983306884766,2538119
2019-10-08,99.70042419433594,3373768
2019-10-09,100.62984466552734,2741357
2019-10-10,101.68177032470703,2713010
2019-10-11,102.85616302490234,3134653
2019-10-14,102.33738708496094,2415737
2019-10-15,103.02906036376953,3164673
2019-10-16,102.38784790039062,5577900
2019-10-17,96.73200225830078,16484751
2019-10-18,96.60955810546875,7507665
2019-10-21,95.52162170410156,6596181
2019-10-22,96.51590728759766,4353034
2019-10-23,96.81852722167969,3777001
2019-10-24,96.59514617919922,2718031
2019-10-25,97.58221435546875,2697739
2019-10-28,97.96405792236328,3374501
2019-10-29,96.4150161743164,4352092
2019-10-30,97.44532775878906,2356638
2019-10-31,96.35018920898438,3569057
2019-11-01,97.64703369140625,3231931
2019-11-04,99.18890380859375,3488828
2019-11-05,99.3473892211914,3153690
2019-11-06,99.98860931396484,4683256
2019-11-07,100.3749771118164,4261195
2019-11-08,100.3166732788086,2383206
2019-11-11,98.7566146850586,2686128
2019-11-12,98.84410858154297,3186639
2019-11-13,98.034912109375,3052646
2019-11-14,97.68500518798828,4425940
2019-11-15,97.97660827636719,3412575
2019-11-18,97.91099548339844,3358078
2019-11-19,98.0640869140625,3132770
2019-11-20,97.101806640625,4328557
2019-11-21,97.5683822631836,3499184
2019-11-22,97.93286895751953,3449185
2019-11-25,99.1211166381836,2709245
2019-11-26,98.47958374023438,3967687
2019-11-27,97.517333984375,3431821
2019-11-29,98.01304626464844,1909264
2019-12-02,96.8904037475586,3208187
2019-12-03,96.31449890136719,3810055
2019-12-04,96.21973419189453,3692380
2019-12-05,96.16141510009766,3760788
2019-12-06,97.11637878417969,3595625
2019-12-09,97.62667083740234,3105051
2019-12-10,97.61939239501953,3640498
2019-12-11,97.51005554199219,4135152
2019-12-12,98.64726257324219,5046009
2019-12-13,97.8381118774414,2651610
2019-12-16,97.77976989746094,3189463
2019-12-17,97.84539031982422,3040931
2019-12-18,97.98387908935547,3244483
2019-12-19,98.0932388305664,4044359
2019-12-20,98.84410858154297,7438943
2019-12-23,98.81494140625,2932147
2019-12-24,98.39942932128906,1257397
2019-12-26,98.34838104248047,2227666
2019-12-27,98.61083984375,2878801
2019-12-30,96.81751251220703,4308369
2019-12-31,97.71416473388672,3951265
2020-01-02,98.72016906738281,3293436
2020-01-03,97.93286895751953,2482890
2020-01-06,97.75790405273438,2537073
2020-01-07,97.82350158691406,3232977
2020-01-08,98.63998413085938,4545916
2020-01-09,99.68244171142578,3902208
2020-01-10,99.64599609375,3405148
2020-01-13,99.58038330078125,3693426
2020-01-14,99.01174926757812,3850326
2020-01-15,99.5949935913086,4232011
2020-01-16,100.5864028930664,4519661
2020-01-17,100.82694244384766,5881972
2020-01-21,101.45388793945312,7577329
2020-01-22,104.89473724365234,17228038
2020-01-23,104.15116882324219,5918059
2020-01-24,102.46720886230469,5836889
2020-01-27,101.0529556274414,4358264
2020-01-28,101.73090362548828,3610374
2020-01-29,100.3749771118164,3194275
2020-01-30,99.7043228149414,5290563
2020-01-31,104.7780990600586,19868352
2020-02-03,106.6297607421875,9295488
2020-02-04,108.70006561279297,5879566
2020-02-05,113.96342468261719,15048593
2020-02-06,114.27687072753906,8786923
2020-02-07,113.00253295898438,6718876
2020-02-10,113.7538833618164,5480831
2020-02-11,113.05411529541016,4011515
2020-02-12,114.40211486816406,4641939
2020-02-13,113.66548156738281,3996452
2020-02-14,111.00635528564453,6379763
2020-02-18,111.30097961425781,3496778
2020-02-19,111.12421417236328,2858613
2020-02-20,111.38936614990234,3013003
2020-02-21,110.37287139892578,3699597
2020-02-24,107.86102294921875,5703210
2020-02-25,104.38426971435547,6497229
2020-02-26,102.94052124023438,5656663
2020-02-27,98.0494613647461,8808471
2020-02-28,95.8691177368164,13607832
2020-03-02,98.92601013183594,8923844
2020-03-03,94.9483642578125,8259321
2020-03-04,98.86711120605469,5226234
2020-03-05,95.42716979980469,5696725
2020-03-06,94.0865478515625,8570192
2020-03-09,86.77942657470703,11252345
2020-03-10,91.90618896484375,11935592
2020-03-11,86.89727020263672,8835039
2020-03-12,75.73031616210938,13088284
2020-03-13,79.51649475097656,13077197
2020-03-16,72.98280334472656,11054128
2020-03-17,78.55890655517578,9684182
2020-03-18,76.27545166015625,9176035
2020-03-19,73.91094207763672,8782739
2020-03-20,70.26473236083984,11031639
2020-03-23,69.80805206298828,10176952
2020-03-24,77.69709014892578,8340699
2020-03-25,77.9696273803711,9052084
2020-03-26,83.15534210205078,7482561
2020-03-27,79.57540130615234,6718458
2020-03-30,83.18476104736328,5820467
2020-03-31,81.71159362792969,6635092
2020-04-01,77.44664764404297,6394093
2020-04-02,81.02651977539062,6619820
2020-04-03,78.33056640625,4747585
2020-04-06,84.57696533203125,7357773
2020-04-07,84.66535186767578,5852684
2020-04-08,87.86958312988281,5395896
2020-04-09,89.49748229980469,5832705
2020-04-13,89.23968505859375,5355206
2020-04-14,91.27269744873047,5322780
2020-04-15,87.42761993408203,5896616
2020-04-16,85.24727630615234,6754650
2020-04-17,88.48098754882812,5194436
2020-04-20,88.69459533691406,8558058
2020-04-21,86.00596618652344,15009054
2020-04-22,87.88432312011719,7412479
2020-04-23,89.38700103759766,7198154
2020-04-24,91.8693618774414,5215251
2020-04-27,92.75328063964844,5150295
2020-04-28,93.01110076904297,4997893
2020-04-29,94.79365539550781,5499450
2020-04-30,92.48810577392578,6941047
2020-05-01,89.7700424194336,5152073
2020-05-04,89.63005828857422,4202723
2020-05-05,90.29300689697266,4078772
2020-05-06,90.72763061523438,4042372
2020-05-07,90.49620819091797,4615580
2020-05-08,91.81002807617188,5232615
2020-05-11,91.51142120361328,3697924
2020-05-12,89.7721176147461,5004587
2020-05-13,86.39054107666016,6153409
2020-05-14,87.3012466430664,5501332
2020-05-15,87.32363891601562,5006470
2020-05-18,90.74254608154297,4399162
2020-05-19,89.79450988769531,3390191
2020-05-20,90.60819244384766,4017372
2020-05-21,88.92113494873047,4184941
2020-05-22,88.37620544433594,4373117
2020-05-26,90.891845703125,5720888
2020-05-27,93.71355438232422,5990965
2020-05-28,92.9595947265625,4095404
2020-05-29,93.23580169677734,8294675
2020-06-01,93.22835540771484,3003798
2020-06-02,94.05695343017578,3115093
2020-06-03,96.33372497558594,4097914
2020-06-04,96.21427917480469,4042581
2020-06-05,98.58061981201172,6163764
2020-06-08,101.33515930175781,5617543
2020-06-09,98.43878173828125,5641706
2020-06-10,96.94580841064453,4952601
2020-06-11,88.092529296875,12304726
2020-06-12,91.00382232666016,6506434
2020-06-15,90.80972290039062,5385959
2020-06-16,93.42241668701172,5864608
2020-06-17,92.67594146728516,3302013
2020-06-18,92.68340301513672,2997208
2020-06-19,91.42184448242188,8471554
2020-06-22,90.37677001953125,4993081
2020-06-23,89.1375961303711,6937700
2020-06-24,86.90562438964844,7061546
2020-06-25,88.85393524169922,6412608
2020-06-26,87.48041534423828,11244605
2020-06-29,89.39142608642578,4350837
2020-06-30,90.15282440185547,4099797
2020-07-01,88.48815155029297,4869967
2020-07-02,89.35406494140625,3919362
2020-07-06,89.71986389160156,4231488
2020-07-07,87.77154541015625,4474893
2020-07-08,87.86859130859375,5431669
2020-07-09,86.3756332397461,4982098
2020-07-10,88.3463363647461,4482842
2020-07-13,88.98085021972656,4864632
2020-07-14,90.02590942382812,4742982
2020-07-15,91.81748962402344,4679176
2020-07-16,92.57142639160156,4530121
2020-07-17,93.39256286621094,4167892
2020-07-20,94.33316040039062,10384374
2020-07-21,94.1017074584961,16063004
2020-07-22,96.05003356933594,8572388
2020-07-23,95.04975128173828,4414225
2020-07-24,93.90018463134766,3693531
2020-07-27,94.21370697021484,3905136
2020-07-28,92.9148178100586,4370397
2020-07-29,93.54933166503906,2963109
2020-07-30,91.74281311035156,4171553
2020-07-31,91.77269744873047,5519847
2020-08-03,92.79536437988281,3688301
2020-08-04,93.93750762939453,3625541
2020-08-05,93.64634704589844,3786102
2020-08-06,94.14651489257812,3574287
2020-08-07,94.50194549560547,3818946
2020-08-10,96.12789916992188,4150842
2020-08-11,95.85567474365234,5231255
2020-08-12,95.81784057617188,3692066
2020-08-13,94.55490112304688,3317180
2020-08-14,94.73638916015625,3099716
2020-08-17,94.10869598388672,3514665
2020-08-18,94.47169494628906,3014990
2020-08-19,93.65494537353516,3916119
2020-08-20,93.13313293457031,2679015
2020-08-21,93.14070129394531,3540815
2020-08-24,95.04644775390625,4258057
2020-08-25,94.25995635986328,3114674
2020-08-26,93.90450286865234,3544162
2020-08-27,94.26750946044922,3580144
2020-08-28,94.58513641357422,3242182
2020-08-31,93.25411987304688,5049983
2020-09-01,93.32219696044922,3300444
2020-09-02,96.93708038330078,6895650
2020-09-03,94.11627197265625,5979773
2020-09-04,92.49030303955078,6295037
2020-09-08,91.66598510742188,5449974
2020-09-09,92.46005249023438,3944152
2020-09-10,91.1744155883789,4161406
2020-09-11,91.85505676269531,3711313
2020-09-14,92.33148193359375,3809009
2020-09-15,92.59618377685547,3049299
2020-09-16,93.94232940673828,3962666
2020-09-17,94.47169494628906,3317180
2020-09-18,92.83818817138672,5639614
2020-09-21,90.93999481201172,5555724
2020-09-22,91.13661193847656,3093859
2020-09-23,89.86608123779297,4120612
2020-09-24,89.30644989013672,3709325
2020-09-25,89.95684051513672,3089570
2020-09-28,92.05921936035156,3670623
2020-09-29,91.4617919921875,2203504
2020-09-30,92.01387786865234,3411111
2020-10-01,91.57523345947266,3359438
2020-10-02,91.18199157714844,3059759
2020-10-05,92.27098083496094,3190823
2020-10-06,92.24073028564453,4050426
2020-10-07,93.8288803100586,2944908
2020-10-08,99.44031524658203,26452189
2020-10-09,96.64215850830078,8737970
2020-10-12,96.20352172851562,4848315
2020-10-13,94.60782623291016,5654781
2020-10-14,95.24308013916016,3899593
2020-10-15,94.44901275634766,3541024
2020-10-16,95.23551177978516,4927078
2020-10-19,94.92545318603516,7822720
2020-10-20,88.76197052001953,22490151
2020-10-21,87.01499938964844,10204044
2020-10-22,87.54438781738281,8217167
2020-10-23,87.72588348388672,4072496
2020-10-26,84.86721801757812,7534756
2020-10-27,83.61184692382812,6209161
2020-10-28,80.65486907958984,9860956
2020-10-29,82.36402893066406,7071169
2020-10-30,84.4437255859375,8285889
2020-11-02,85.38904571533203,5555829
2020-11-03,86.3343734741211,4397698
2020-11-04,84.62522888183594,6066905
2020-11-05,86.79569244384766,5127701
2020-11-06,86.24361419677734,5490663
2020-11-09,88.63736724853516,9405841
2020-11-10,90.46334075927734,5881449
2020-11-11,89.91862487792969,4486922
2020-11-12,87.84710693359375,6797117
2020-11-13,89.65010070800781,4898000
2020-11-16,90.80860137939453,5536896
2020-11-17,90.30223083496094,4324687
2020-11-18,89.5887222290039,4818713
2020-11-19,89.90328216552734,3597822
2020-11-20,89.7191390991211,5255418
2020-11-23,92.1358871459961,5910318
2020-11-24,95.45796203613281,8109115
2020-11-25,95.28919219970703,4326151
2020-11-27,95.40426635742188,2187395
2020-11-30,94.7674789428711,6263448
2020-12-01,94.49126434326172,5553319
2020-12-02,95.61144256591797,3860472
2020-12-03,94.83651733398438,4757417
2020-12-04,97.59085083007812,5776849
2020-12-07,95.67280578613281,8701151
2020-12-08,96.44767761230469,5643170
2020-12-09,97.27629089355469,6813121
2020-12-10,95.87227630615234,5024147
2020-12-11,95.3428955078125,4687544
2020-12-14,94.77511596679688,5282300
2020-12-15,96.61648559570312,4556585
2020-12-16,96.32493591308594,4738485
2020-12-17,96.32493591308594,3962248
2020-12-18,96.55511474609375,7900229
2020-12-21,94.667724609375,6397022
2020-12-22,94.83651733398438,4535561
2020-12-23,95.05901336669922,2817819
2020-12-24,95.66510772705078,1842111
2020-12-28,95.76486206054688,3781499
2020-12-29,94.9822998046875,3647402
2020-12-30,95.3966064453125,3535794
2020-12-31,96.57811737060547,3738822
2021-01-04,95.08971405029297,5417443
2021-01-05,96.77758026123047,6395872
2021-01-06,99.1943588256836,8322708
2021-01-07,98.96417999267578,4714740
2021-01-08,98.61126708984375,4891305
2021-01-11,98.64964294433594,5859587
2021-01-12,99.13298034667969,3921663
2021-01-13,97.37603759765625,8030874
2021-01-14,98.9488296508789,7848347
2021-01-15,98.50386810302734,5131153
2021-01-19,98.9872055053711,5646308
2021-01-20,99.80045318603516,5856240
2021-01-21,101.00498962402344,13116003
2021-01-22,91.00041198730469,39814421
2021-01-25,90.9773941040039,14315974
2021-01-26,93.97724914550781,11186656
2021-01-27,93.96188354492188,12705239
2021-01-28,92.12823486328125,8455969
2021-01-29,91.384033203125,12369473
2021-02-01,92.48113250732422,6538023
2021-02-02,91.63721466064453,6633627
2021-02-03,91.39170837402344,7024308
2021-02-04,92.84941864013672,4771957
2021-02-05,93.4401626586914,4775722
2021-02-08,94.83651733398438,6158848
2021-02-09,94.92982482910156,4933982
2021-02-10,95.03865814208984,5090673
2021-02-11,94.00462341308594,5629154
2021-02-12,93.91910552978516,4049275
2021-02-16,93.35154724121094,6945231
2021-02-17,93.27379608154297,4141219
2021-02-18,93.86466979980469,5646413
2021-02-19,92.51187896728516,6881320
2021-02-22,93.96573638916016,6149643
2021-02-23,93.84912109375,4739740
2021-02-24,95.79283905029297,6087720
2021-02-25,95.21748352050781,5953623
2021-02-26,92.4652328491211,9467346
2021-03-01,93.8724365234375,5977367
2021-03-02,93.55369567871094,4732418
2021-03-03,95.13197326660156,7744898
2021-03-04,93.38262939453125,8439651
2021-03-05,95.49738311767578,7268968
2021-03-08,97.03677368164062,7572203
2021-03-09,96.5469741821289,5867014
2021-03-10,99.4158706665039,7581199
2021-03-11,98.8482894897461,5383657
2021-03-12,99.21371459960938,4194565
2021-03-15,99.96784973144531,3577948
2021-03-16,99.70353698730469,4867247
2021-03-17,100.3177261352539,4488804
2021-03-18,101.11854553222656,6104142
2021-03-19,100.2166519165039,10297870
2021-03-22,101.49949645996094,4356485
2021-03-23,101.42951965332031,4556794
2021-03-24,101.55391693115234,4189230
2021-03-25,103.458740234375,5809484
2021-03-26,106.03217315673828,5823710
2021-03-29,105.62789154052734,4835344
2021-03-30,104.74156188964844,5010758
2021-03-31,103.60645294189453,5172575
2021-04-01,103.58312225341797,4261404
2021-04-05,105.68230438232422,5722980
2021-04-06,104.35282135009766,3787566
2021-04-07,104.90483856201172,3112896
2021-04-08,105.05255889892578,4275211
2021-04-09,105.52684020996094,3162999
2021-04-12,104.64049530029297,3926684
2021-04-13,101.98929595947266,8403041
2021-04-14,103.11663818359375,6137928
2021-04-15,103.07776641845703,4062664
2021-04-16,103.86302185058594,5535223
2021-04-19,103.49761199951172,8575736
2021-04-20,107.41610717773438,16192708
2021-04-21,111.60670471191406,12456814
2021-04-22,109.84183502197266,7428064
2021-04-23,110.73591613769531,4765576
2021-04-26,110.0672607421875,4927497
2021-04-27,110.40937805175781,4062664
2021-04-28,111.17906951904297,3941433
2021-04-29,112.14313507080078,4554179
2021-04-30,110.30830383300781,9280321
2021-05-03,112.53965759277344,5997241
2021-05-04,113.31713104248047,6642623
2021-05-05,112.90507507324219,5229895
2021-05-06,115.39299011230469,7848661
2021-05-07,114.35526275634766,7325661
2021-05-10,114.91340637207031,7304636
2021-05-11,113.38040161132812,7454214
2021-05-12,111.08482360839844,6233742
2021-05-13,113.34111785888672,4807207
2021-05-14,113.74205780029297,2873780
2021-05-17,114.0801010131836,4471755
2021-05-18,113.13671112060547,4000009
2021-05-19,112.5706787109375,4498532
2021-05-20,113.11311340332031,4301675
2021-05-21,113.7892074584961,4219041
2021-05-24,113.77350616455078,3449290
2021-05-25,113.04236602783203,4118311
2021-05-26,112.72004699707031,3225655
2021-05-27,113.06596374511719,5889294
2021-05-28,113.00306701660156,2651192
2021-06-01,113.3568344116211,2528705
2021-06-02,114.5596694946289,2915097
2021-06-03,114.42597961425781,4320608
2021-06-04,115.89613342285156,3261323
2021-06-07,116.36783599853516,3621984
2021-06-08,117.19331359863281,5313785
2021-06-09,118.45118713378906,5547252
2021-06-10,118.34899139404297,4977391
2021-06-11,118.93074798583984,3596462
2021-06-14,117.94802856445312,3498661
2021-06-15,117.4212875366211,2628912
2021-06-16,116.21846008300781,4057329
2021-06-17,114.46533203125,4568300
2021-06-18,112.5156478881836,9577699
2021-06-21,115.29078674316406,4482633
2021-06-22,115.06282043457031,2549102
2021-06-23,113.68700408935547,3349920
2021-06-24,114.33954620361328,3775746
2021-06-25,115.4401626586914,3759533
2021-06-28,114.22161102294922,4067789
2021-06-29,114.42597961425781,2540211
2021-06-30,115.24362182617188,3394375
2021-07-01,115.4401626586914,2809661
2021-07-02,110.07853698730469,17584515
2021-07-06,109.10369110107422,8466010
2021-07-07,109.92129516601562,4246446
2021-07-08,110.64457702636719,5739820
2021-07-09,111.25778198242188,4083689
2021-07-12,110.78607940673828,3496360
2021-07-13,110.28295135498047,3309858
2021-07-14,109.92129516601562,4606061
2021-07-15,110.41658020019531,3807126
2021-07-16,109.19802856445312,4298328
2021-07-19,108.42759704589844,8977086
2021-07-20,110.03922271728516,14237838
2021-07-21,111.08482360839844,5024984
2021-07-22,110.6209945678711,3466653
2021-07-23,111.11625671386719,4680013
2021-07-26,112.240478515625,4441630
2021-07-27,112.22476196289062,3281302
2021-07-28,111.45430755615234,2660815
2021-07-29,111.58012390136719,2793761
2021-07-30,110.81755065917969,3698238
2021-08-02,111.17916870117188,3064257
2021-08-03,113.26248168945312,4272596
2021-08-04,112.23263549804688,2960285
2021-08-05,112.240478515625,2884240
2021-08-06,113.2782211303711,4002833
2021-08-09,112.32395935058594,5129689
2021-08-10,112.42735290527344,5543695
2021-08-11,113.02374267578125,4455960
2021-08-12,113.77122497558594,2184780
2021-08-13,113.85871887207031,1997965
2021-08-16,114.18475341796875,2913319
2021-08-17,113.25436401367188,3215195
2021-08-18,110.90848541259766,3672192
2021-08-19,109.75540924072266,4351465
2021-08-20,110.6222152709961,2780059
2021-08-23,111.02774810791016,3179422
2021-08-24,111.20269775390625,2474418
2021-08-25,111.21861267089844,2105389
2021-08-26,110.35977172851562,2613640
2021-08-27,110.86077117919922,2572637
2021-08-30,110.51087188720703,2087293
2021-08-31,111.6003189086914,4429915
2021-09-01,110.7732925415039,2588327
2021-09-02,111.33787536621094,2840413
2021-09-03,110.99595642089844,2009575
2021-09-07,109.78722381591797,3436110
2021-09-08,110.27229309082031,3122728
2021-09-09,109.53276062011719,3669682
2021-09-10,108.96022033691406,4157955
2021-09-13,109.85881042480469,4334729
2021-09-14,108.32404327392578,4659198
2021-09-15,109.10334014892578,3403579
2021-09-16,108.49102020263672,2765624
2021-09-17,107.53677368164062,5890340
2021-09-20,106.80519104003906,4990152
2021-09-21,105.73958587646484,4261927
2021-09-22,107.05965423583984,3767901
2021-09-23,108.72958374023438,3151807
2021-09-24,109.33394622802734,3100762
2021-09-27,110.18484497070312,3459017
2021-09-28,109.31806182861328,4513072
2021-09-29,110.67788696289062,3947499
2021-09-30,110.47907257080078,6090230
2021-10-01,113.97008514404297,6907889
2021-10-04,114.59827423095703,7689251
2021-10-05,113.8348617553711,7297524
2021-10-06,113.2066650390625,5573506
2021-10-07,112.7692642211914,3999695
2021-10-08,113.89053344726562,3902940
2021-10-11,113.26232147216797,2921792
2021-10-12,111.7037124633789,3293436
2021-10-13,111.93431854248047,3013003
2021-10-14,114.02574920654297,4410668
2021-10-15,114.99583435058594,3371049
2021-10-18,113.17483520507812,6437189
2021-10-19,112.90447235107422,4539117
2021-10-20,112.84082794189453,6474008
2021-10-21,102.04979705810547,32913959
2021-10-22,101.69196319580078,12114981
2021-10-25,101.5010986328125,6667204
2021-10-26,101.09554290771484,8912861
2021-10-27,99.53691101074219,7294176
2021-10-28,100.06969451904297,6802138
2021-10-29,99.48125457763672,6188973
2021-11-01,100.41960906982422,6177153
2021-11-02,100.34009552001953,4722062
2021-11-03,101.09554290771484,5670784
2021-11-04,100.52228546142578,7208700
2021-11-05,102.81802368164062,6790500
2021-11-08,103.59159851074219,5625300
2021-11-09,101.86365509033203,7236600
2021-11-10,101.33263397216797,6270300
2021-11-11,101.37478637695312,4643300
2021-11-12,100.27059173583984,5418300
2021-11-15,100.19473266601562,5046300
2021-11-16,99.84913635253906,4750800
2021-11-17,99.51197814941406,4043300
2021-11-18,98.3319320678711,5046900
2021-11-19,97.8177719116211,5380200
2021-11-22,98.17178344726562,6416200
2021-11-23,98.44151306152344,4912800
2021-11-24,98.39095306396484,3220800
2021-11-26,97.615478515625,3322000
2021-11-29,99.88285064697266,8949800
2021-11-30,98.70280456542969,9252700
2021-12-01,98.55108642578125,5958300
2021-12-02,98.53422546386719,5267100
2021-12-03,100.16944122314453,6630100
2021-12-06,101.07135009765625,4785600
2021-12-07,102.4789810180664,5194000
2021-12-08,103.69274139404297,5483900
2021-12-09,104.15633392333984,4601100
2021-12-10,104.59464263916016,4966900
2021-12-13,103.32186126708984,6847500
2021-12-14,104.31648254394531,5716100
2021-12-15,103.76860046386719,4990000
2021-12-16,106.14556884765625,7280500
2021-12-17,107.3846206665039,10379000
2021-12-20,107.0980224609375,4941400
2021-12-21,108.70797729492188,4856000
2021-12-22,109.36540222167969,3923200
2021-12-23,110.10716247558594,3649000
2021-12-27,110.94160461425781,4293900
2021-12-28,111.79293823242188,3445200
2021-12-29,112.39982604980469,4239900
2021-12-30,112.87183380126953,3158100
2021-12-31,112.6611328125,3362100
2022-01-03,114.66720581054688,4605900
2022-01-04,116.33615112304688,7300000
2022-01-05,116.50473022460938,8956900
2022-01-06,114.07720184326172,9908100
2022-01-07,113.6473159790039,5238100
2022-01-10,113.81587219238281,5432800
2022-01-11,111.9952392578125,11105300
2022-01-12,112.60213470458984,5352000
2022-01-13,113.58829498291016,4868300
2022-01-14,113.12472534179688,5310300
2022-01-18,112.05422973632812,5246700
2022-01-19,110.90791320800781,4103700
2022-01-20,110.26730346679688,5278200
2022-01-21,109.02825927734375,5907000
2022-01-24,108.58153533935547,13484000
2022-01-25,114.71778106689453,19715700
2022-01-26,113.16686248779297,8336000
2022-01-27,111.70022583007812,5497300
2022-01-28,113.36917114257812,5471500
2022-01-31,112.58528900146484,5859000
2022-02-01,114.23731994628906,6206400
2022-02-02,115.68710327148438,5357200
2022-02-03,116.13385772705078,6100800
2022-02-04,115.6028060913086,4142000
2022-02-07,115.67869567871094,3759000
2022-02-08,115.49324035644531,4181800
2022-02-09,116.14228057861328,5393500
2022-02-10,113.89877319335938,5978600
2022-02-11,113.19071960449219,4176200
2022-02-14,111.02397918701172,5345300
2022-02-15,110.84486389160156,4394000
2022-02-16,110.19652557373047,4875600
2022-02-17,106.60521697998047,6797000
2022-02-18,106.07632446289062,4609200
2022-02-22,105.70951080322266,5349700
2022-02-23,104.13137817382812,4086400
2022-02-24,104.04606628417969,6563200
2022-02-25,105.93130493164062,4460900
2022-02-28,104.50672912597656,6757300
2022-03-01,103.5171890258789,4873300
2022-03-02,105.65833282470703,4891400
2022-03-03,107.42413330078125,5206600
2022-03-04,108.01274871826172,4402400
2022-03-07,107.5435562133789,5047400
2022-03-08,107.21086883544922,4887600
2022-03-09,107.67152404785156,4403500
2022-03-10,106.07632446289062,5326800
2022-03-11,105.74363708496094,4119600
2022-03-14,105.7265853881836,3289200
2022-03-15,107.17675018310547,4021200
2022-03-16,108.37102508544922,4292800
2022-03-17,109.15581512451172,3671900
2022-03-18,109.83824157714844,7466000
2022-03-21,109.27526092529297,3384600
2022-03-22,110.09417724609375,2690200
2022-03-23,109.44585418701172,2924500
2022-03-24,110.25625610351562,2971100
2022-03-25,112.04765319824219,3530200
2022-03-28,112.15001678466797,2483500
2022-03-29,112.55094146728516,5791000
2022-03-30,112.7130355834961,2622900
2022-03-31,110.91310119628906,4274000
2022-04-01,111.02397918701172,4012400
2022-04-04,111.1263656616211,2809800
2022-04-05,109.94915771484375,3107200
2022-04-06,110.37567138671875,3958100
2022-04-07,109.65912628173828,3538300
2022-04-08,108.9596176147461,3143300
2022-04-11,107.79949951171875,3202500
2022-04-12,107.46678924560547,2691000
2022-04-13,107.60327911376953,3064900
2022-04-14,107.96155548095703,6384200
2022-04-18,107.62885284423828,4884200
2022-04-19,110.17093658447266,7971400
2022-04-20,117.9933853149414,17859200
2022-04-21,119.29853820800781,9922300
2022-04-22,117.93367767333984,6508600
2022-04-25,118.65876770019531,5748300
2022-04-26,116.1763916015625,4956200
2022-04-27,115.21244049072266,4369100
2022-04-28,115.79252624511719,4474300
2022-04-29,112.78126525878906,5078700
2022-05-02,113.48928833007812,4213500
2022-05-03,113.04571533203125,3688600
2022-05-04,117.20858764648438,5932600
2022-05-05,115.94605255126953,5957400
2022-05-06,117.43892669677734,7306400
2022-05-09,116.07472229003906,7647900
2022-05-10,111.49011993408203,8642400
2022-05-11,112.88880157470703,5301100
2022-05-12,114.74510955810547,5384800
2022-05-13,115.34950256347656,4195100
2022-05-16,116.58412170410156,4250400
2022-05-17,119.46788024902344,4372900
2022-05-18,114.7796401977539,6003000
2022-05-19,111.94771575927734,5819700
2022-05-20,110.92890930175781,6914500
2022-05-23,113.25145721435547,3591500
2022-05-24,115.52217102050781,4189700
2022-05-25,116.03156280517578,3299300
2022-05-26,118.1900634765625,3929300
2022-05-27,120.24491882324219,4608000
2022-05-31,119.8736572265625,7978100
2022-06-01,120.38308715820312,3796500
2022-06-02,121.00470733642578,3734800
2022-06-03,121.89399719238281,4352200
2022-06-06,123.36178588867188,4766900
2022-06-07,123.27545928955078,2887100
2022-06-08,121.59185791015625,3005700
2022-06-09,119.11390686035156,3591000
2022-06-10,117.58567810058594,4659500
2022-06-13,116.65319061279297,6486000
2022-06-14,117.17987823486328,4607800
2022-06-15,118.33683776855469,4606900
2022-06-16,117.13672637939453,5386400
2022-06-17,116.57550811767578,12968500
2022-06-21,119.01892852783203,4089300
2022-06-22,118.35409545898438,3791500
2022-06-23,119.52831268310547,4547900
2022-06-24,122.65380859375,11493000
2022-06-27,123.29269409179688,3936000
2022-06-28,122.48112487792969,4064800
2022-06-29,121.48823547363281,4161500
2022-06-30,121.90264892578125,4878000
2022-07-01,121.84219360351562,4011900
2022-07-05,118.82032012939453,6273400
2022-07-06,119.21748352050781,3237000
2022-07-07,121.59185791015625,3897100
2022-07-08,121.28101348876953,2820800
2022-07-11,121.73861694335938,3904700
2022-07-12,120.16722869873047,3235400
2022-07-13,118.44042205810547,4123200
2022-07-14,120.06362915039062,5298400
2022-07-15,120.8061294555664,4519300
2022-07-18,119.26065826416016,8231700
2022-07-19,113.00105285644531,29690500
2022-07-20,111.53327178955078,9882000
2022-07-21,109.78060150146484,11975400
2022-07-22,110.7303237915039,6467200
2022-07-25,110.98072052001953,4702400
2022-07-26,110.58354949951172,3645300
2022-07-27,111.48147583007812,4175600
2022-07-28,111.56782531738281,3913700
2022-07-29,112.92333221435547,5786800
2022-08-01,114.00260162353516,4142100
2022-08-02,113.80401611328125,4403600
2022-08-03,114.26160430908203,3088500
2022-08-04,113.65723419189453,3179800
2022-08-05,114.38246154785156,2586500
2022-08-08,114.4947280883789,3821200
2022-08-09,113.19207763671875,3496000
2022-08-10,114.96684265136719,3664000
2022-08-11,115.8760757446289,3501900
2022-08-12,117.1612548828125,2766900
2022-08-15,117.965576171875,2791200
2022-08-16,119.3906478881836,4313600
2022-08-17,120.46601867675781,3667600
2022-08-18,121.58506774902344,3177700
2022-08-19,120.97309875488281,3155800
2022-08-22,118.50764465332031,3093600
2022-08-23,117.79947662353516,4141800
2022-08-24,116.47933197021484,2855400
2022-08-25,117.13500213623047,2706000
2022-08-26,113.98766326904297,4185300
2022-08-29,113.92645263671875,2783000
2022-08-30,113.28823852539062,2407900
2022-08-31,112.30030059814453,3490400
2022-09-01,113.35818481445312,3396200
2022-09-02,111.72329711914062,3040600
2022-09-06,110.78781127929688,3347100
2022-09-07,111.65333557128906,2401500
2022-09-08,112.31779479980469,2964600
2022-09-09,112.947265625,3291900
2022-09-12,114.23246002197266,3741100
2022-09-13,111.25116729736328,4565600
2022-09-14,111.63584899902344,3819100
2022-09-15,109.71247100830078,5141700
2022-09-16,111.26866149902344,9839700
2022-09-19,111.67082214355469,3981600
2022-09-20,110.42060852050781,2837500
2022-09-21,109.22286987304688,3389500
2022-09-22,109.55509185791016,4046600
2022-09-23,107.28199005126953,5195600
2022-09-26,106.66999053955078,3987800
2022-09-27,106.4339370727539,4117200
2022-09-28,107.32569122314453,4996400
2022-09-29,106.33775329589844,3817700
2022-09-30,103.87232208251953,5346100
2022-10-03,106.23284912109375,4261700
2022-10-04,109.7212142944336,4566100
2022-10-05,109.9310302734375,3212900
2022-10-06,106.8623275756836,5074600
2022-10-07,103.88105773925781,4499700
2022-10-10,102.94560241699219,5990000
2022-10-11,102.98931884765625,4043100
2022-10-12,102.78821563720703,3338800
2022-10-13,106.47765350341797,5837500
2022-10-14,104.94766998291016,3762400
2022-10-17,106.2416000366211,5458600
2022-10-18,107.48304748535156,5120300
2022-10-19,107.10713958740234,5906600
2022-10-20,112.1691665649414,13623100
2022-10-21,113.56798553466797,7201300
2022-10-24,116.00721740722656,5610900
2022-10-25,116.21704864501953,5957600
2022-10-26,118.03555297851562,5139000
2022-10-27,117.82573699951172,3993200
2022-10-28,121.09549713134766,5965500
2022-10-31,120.90315246582031,4915300
2022-11-01,120.824462890625,3590600
2022-11-02,119.626708984375,5360500
2022-11-03,117.56342315673828,4442400
2022-11-04,119.7403793334961,4178000
2022-11-07,120.94685363769531,4043100
2022-11-08,122.43309020996094,5042800
2022-11-09,121.54841613769531,4720000
2022-11-10,124.94564819335938,5389000
2022-11-11,126.6619873046875,5871300
2022-11-14,127.57321166992188,5293500
2022-11-15,127.69708251953125,4727100
2022-11-16,127.85630798339844,3445200
2022-11-17,129.24525451660156,3954000
2022-11-18,130.61651611328125,4661700
2022-11-21,129.76722717285156,3476200
2022-11-22,131.90823364257812,7062100
2022-11-23,131.59857177734375,3658200
2022-11-25,131.26239013671875,2075200
2022-11-28,129.3249053955078,3538100
2022-11-29,129.59918212890625,2754700
2022-11-30,131.7312469482422,6377600
2022-12-01,131.9613037109375,4495900
2022-12-02,131.52780151367188,2900000
2022-12-05,130.4130859375,2784600
2022-12-06,130.49273681640625,2847600
2022-12-07,130.28924560546875,3971300
2022-12-08,130.7404327392578,2665700
2022-12-09,130.0946044921875,3047600
2022-12-12,132.0055694580078,4032800
2022-12-13,133.20872497558594,8811500
2022-12-14,132.58058166503906,4205900
2022-12-15,125.94534301757812,6687000
2022-12-16,123.99906158447266,9834400
2022-12-19,122.85777282714844,5282900
2022-12-20,124.9898910522461,5156500
2022-12-21,125.75074005126953,3793700
2022-12-22,124.63603210449219,3337100
2022-12-23,125.3172378540039,2092500
2022-12-27,125.99842834472656,2742400
2022-12-28,123.87521362304688,2539500
2022-12-29,124.7952651977539,2337200
2022-12-30,124.64488983154297,2858000
2023-01-03,125.22877502441406,3338600
2023-01-04,126.1576919555664,3869200
2023-01-05,124.83949279785156,2866600
2023-01-06,127.13084411621094,3574000
2023-01-09,126.99816131591797,3987700
2023-01-10,128.10406494140625,2152100
2023-01-11,128.51097106933594,3268700
2023-01-12,128.76756286621094,2715900
2023-01-13,129.068359375,2455700
2023-01-17,128.44906616210938,2986500
2023-01-18,124.22022247314453,6445600
2023-01-19,124.40602111816406,4833900
2023-01-20,124.91912841796875,7153300
2023-01-23,125.50304412841797,5898400
2023-01-24,125.17570495605469,4407600
2023-01-25,124.52983093261719,7347500
2023-01-26,118.94741821289062,17548500
2023-01-27,118.89434051513672,8143100
2023-01-30,119.69940185546875,5375700
2023-01-31,119.19512939453125,7206400
2023-02-01,119.51361846923828,5428900
2023-02-02,120.66372680664062,6107800
2023-02-03,121.15031433105469,3755700
2023-02-06,120.47794342041016,4841300
2023-02-07,120.1771469116211,3737600
2023-02-08,120.3010025024414,4593700
2023-02-09,119.78158569335938,3918800
2023-02-10,121.4383773803711,5049600
2023-02-13,123.005615234375,4403000
2023-02-14,121.80553436279297,3202200
2023-02-15,122.15480041503906,2506700
2023-02-16,120.90104675292969,2965500
2023-02-17,120.91895294189453,3466200
2023-02-21,117.95464324951172,4257200
2023-02-22,117.29190063476562,3200200
2023-02-23,117.13069915771484,3725600
2023-02-24,116.93370056152344,3015800
2023-02-27,116.8620376586914,2761300
2023-02-28,115.79634094238281,5143100
2023-03-01,114.80224609375,3760700
2023-03-02,115.46497344970703,3340100
2023-03-03,116.1008071899414,2860300
2023-03-06,116.5933837890625,3131200
2023-03-07,114.85598754882812,3530400
2023-03-08,114.67687225341797,2778800
2023-03-09,112.98426055908203,5478300
2023-03-10,112.34839630126953,5990900
2023-03-13,112.46482849121094,8188400
2023-03-14,111.6319580078125,8114800
2023-03-15,110.405029296875,5989300
2023-03-16,111.6767349243164,6438700
2023-03-17,110.77222442626953,37400200
2023-03-20,112.7872314453125,4588300
2023-03-21,113.3514404296875,3856300
2023-03-22,111.0946273803711,3549000
2023-03-23,110.48563385009766,4651900
2023-03-24,112.20512390136719,3812300
2023-03-27,115.80528259277344,6524100
2023-03-28,115.8321533203125,2888900
2023-03-29,116.16349029541016,3279600
2023-03-30,115.72468566894531,3561800
2023-03-31,117.39938354492188,4524700
2023-04-03,118.26807403564453,3840100
2023-04-04,117.85613250732422,3382800
2023-04-05,118.33971405029297,2898700
2023-04-06,116.87100219726562,3050600
2023-04-10,117.34565734863281,2614400
2023-04-11,116.79934692382812,3132400
2023-04-12,115.1156997680664,3957500
2023-04-13,114.54252624511719,5621500
2023-04-14,114.75747680664062,4180600
2023-04-17,114.47089385986328,3662700
2023-04-18,114.43505859375,3193800
2023-04-19,113.1275405883789,7014400
2023-04-20,113.16336059570312,9749600
2023-04-21,112.59917449951172,6725400
2023-04-24,112.30363464355469,4043900
2023-04-25,112.74243927001953,4275400
2023-04-26,112.70663452148438,4070200
2023-04-27,113.70967864990234,3204900
2023-04-28,113.20813751220703,5061200
2023-05-01,112.92156982421875,2725000
2023-05-02,112.08869934082031,4445300
2023-05-03,110.55728149414062,4554200
2023-05-04,109.76917266845703,4468200
2023-05-05,110.73638153076172,4971900
2023-05-08,110.51250457763672,3663800
2023-05-09,109.99507141113281,4540000
2023-05-10,110.76667785644531,4189200
2023-05-11,109.7499771118164,3446500
2023-05-12,111.51104736328125,4564800
2023-05-15,111.98309326171875,2915700
2023-05-16,112.07388305664062,2748400
2023-05-17,114.11636352539062,4515100
2023-05-18,114.51579284667969,3797900
2023-05-19,115.52340698242188,4306700
2023-05-22,115.74127960205078,2806800
2023-05-23,116.35855865478516,4592300
2023-05-24,114.08914184570312,3915500
2023-05-25,115.06954956054688,4102900
2023-05-26,117.00308227539062,5612600
2023-05-30,117.53868103027344,3741100
2023-05-31,116.73075103759766,11590200
2023-06-01,117.84732818603516,4136100
2023-06-02,120.20752716064453,5375800
2023-06-05,120.40725708007812,3993500
2023-06-06,120.45265197753906,3298000
2023-06-07,121.9867935180664,5772000
2023-06-08,122.0140151977539,4128500
2023-06-09,122.82192993164062,3981500
2023-06-12,123.83863830566406,4494500
2023-06-13,124.9098129272461,3927300
2023-06-14,124.54669189453125,4514900
2023-06-15,125.63603210449219,3812600
2023-06-16,124.80086517333984,7473700
2023-06-20,123.42105102539062,4271300
2023-06-21,121.36039733886719,5501300
2023-06-22,119.07282257080078,6012800
2023-06-23,117.49327850341797,11324700
2023-06-26,119.22714233398438,4845600
2023-06-27,120.1349105834961,3219900
2023-06-28,119.60840606689453,2753800
2023-06-29,121.69627380371094,3639800
2023-06-30,121.4693374633789,4236700
2023-07-03,121.34223175048828,1477100
2023-07-05,121.85969543457031,2955100
2023-07-06,119.97152709960938,3507700
2023-07-07,119.89888763427734,2982700
2023-07-10,120.64324188232422,2369200
2023-07-11,122.04124450683594,2924000
2023-07-12,120.58879089355469,3732200
2023-07-13,121.56920623779297,3221400
2023-07-14,121.09715270996094,2861500
2023-07-17,121.85969543457031,3167400
2023-07-18,122.87638854980469,3852100
2023-07-19,122.98531341552734,5520000
2023-07-20,125.61790466308594,10896300
2023-07-21,126.12621307373047,5858600
2023-07-24,126.6708755493164,3475200
2023-07-25,127.38803100585938,3770800
2023-07-26,128.0597686767578,4046400
2023-07-27,129.78457641601562,6331600
2023-07-28,130.22030639648438,6686400
2023-07-31,130.8829345703125,6138100
2023-08-01,130.1113739013672,4797700
2023-08-02,130.8739013671875,4957400
2023-08-03,131.12808227539062,3951900
2023-08-04,130.93743896484375,4223100
2023-08-07,132.69850158691406,3438700
2023-08-08,132.4534149169922,4654600
2023-08-09,130.83734130859375,4072900
2023-08-10,131.5352020263672,4735800
2023-08-11,131.4158172607422,2526400
2023-08-14,130.3047637939453,4226400
2023-08-15,130.26803588867188,3656600
2023-08-16,129.1386260986328,3285300
2023-08-17,129.15699768066406,3742100
2023-08-18,129.84564208984375,3915500
2023-08-21,130.64453125,2937800
2023-08-22,129.91912841796875,3557500
2023-08-23,131.68209838867188,2559100
2023-08-24,131.81065368652344,2900200
2023-08-25,133.46347045898438,3660100
2023-08-28,134.07867431640625,3561100
2023-08-29,134.47348022460938,2778100
2023-08-30,134.8499755859375,2245400
2023-08-31,134.8224334716797,3885900
2023-09-01,135.84165954589844,2727800
2023-09-05,136.01609802246094,3731300
2023-09-06,135.95184326171875,2932200
2023-09-07,135.4560089111328,3332900
2023-09-08,135.60292053222656,3722800
2023-09-11,136.2456817626953,3273600
2023-09-12,134.33575439453125,4457700
2023-09-13,134.56533813476562,2627800
2023-09-14,135.29991149902344,2723100
2023-09-15,134.05111694335938,6234000
2023-09-18,133.22470092773438,2508100
2023-09-19,134.53778076171875,3945400
2023-09-20,137.5770721435547,9632400
2023-09-21,135.3274688720703,4944600
2023-09-22,134.89585876464844,2562000
2023-09-25,134.5010528564453,2694200
2023-09-26,131.5260009765625,4824700
2023-09-27,131.46173095703125,4439800
2023-09-28,130.0017547607422,5783200
2023-09-29,128.82643127441406,5704000
2023-10-02,129.28553771972656,3275300
2023-10-03,128.90907287597656,3284400
2023-10-04,129.53347778320312,2637600
2023-10-05,129.94668579101562,3223900
2023-10-06,130.41494750976562,3511100
2023-10-09,130.57106018066406,2354400
2023-10-10,130.48841857910156,3015800
2023-10-11,131.51681518554688,2511500
2023-10-12,129.6895751953125,3921100
2023-10-13,127.13688659667969,4582800
2023-10-16,127.82559204101562,3361500
2023-10-17,128.84481811523438,4172800
2023-10-18,128.5234375,3330000
2023-10-19,126.72371673583984,5314200
2023-10-20,125.94322967529297,4865600
2023-10-23,125.22698974609375,3457500
2023-10-24,126.52169799804688,3698000
2023-10-25,125.86975860595703,6472500
2023-10-26,132.0034637451172,11130200
2023-10-27,130.8648681640625,5469200
2023-10-30,130.9658966064453,4204100
2023-10-31,132.8115234375,6591800
2023-11-01,133.50936889648438,4750100
2023-11-02,134.98768615722656,3902700
2023-11-03,135.80490112304688,3510500
2023-11-06,136.78741455078125,4597200
2023-11-07,136.6588592529297,3549900
2023-11-08,135.92430114746094,3618600
2023-11-09,136.15646362304688,3412700
2023-11-10,138.38519287109375,3179000
2023-11-13,137.53082275390625,2647200
2023-11-14,139.67599487304688,4321900
2023-11-15,141.6911163330078,4632500
2023-11-16,142.13685607910156,3519200
2023-11-17,141.97900390625,4426500
2023-11-20,143.33480834960938,3658500
2023-11-21,142.9261932373047,2859500
2023-11-22,144.05914306640625,3044700
2023-11-24,144.10552978515625,1799200
2023-11-27,144.4677276611328,4053100
2023-11-28,144.5420379638672,2666200
2023-11-29,145.24777221679688,3568900
2023-11-30,147.2443389892578,6740600
2023-12-01,149.0923309326172,4871900
2023-12-04,149.60308837890625,5779000
2023-12-05,149.87240600585938,4556700
2023-12-06,148.8415985107422,3555900
2023-12-07,148.785888671875,3665500
2023-12-08,150.40170288085938,4561300
2023-12-11,151.84109497070312,6077200
2023-12-12,152.95547485351562,5292300
2023-12-13,151.9432373046875,4989100
2023-12-14,151.28392028808594,6129800
2023-12-15,150.65243530273438,11016100
2023-12-18,151.1260528564453,3677300
2023-12-19,150.03024291992188,3766600
2023-12-20,148.6280517578125,4865800
2023-12-21,149.305908203125,2982900
2023-12-22,150.56884765625,2442700
2023-12-26,151.56251525878906,1772400
2023-12-27,151.79464721679688,3234600
2023-12-28,152.06396484375,2071300
2023-12-29,151.8782196044922,2526200
2024-01-02,149.97454833984375,3825000
2024-01-03,148.6744384765625,4086100
2024-01-04,149.38021850585938,3212000
2024-01-05,147.80154418945312,4199400
2024-01-08,149.64022827148438,3321700
2024-01-09,148.65589904785156,2617200
2024-01-10,149.7238006591797,2967800
2024-01-11,150.5874481201172,3778200
2024-01-12,153.96766662597656,4958300
2024-01-16,155.0448760986328,4869600
2024-01-17,154.22767639160156,4288600
2024-01-18,154.93344116210938,3776900
2024-01-19,159.24232482910156,6929100
2024-01-22,160.49598693847656,4926000
2024-01-23,161.52674865722656,3983500
2024-01-24,161.51744079589844,9097800
2024-01-25,176.8399200439453,29596200
2024-01-26,174.04473876953125,9895900
2024-01-29,173.78472900390625,6107900
2024-01-30,174.46263122558594,4575100
2024-01-31,170.5531005859375,8876100
2024-02-01,173.56185913085938,4669400
2024-02-02,172.53106689453125,4055400
2024-02-05,170.33021545410156,4379600
2024-02-06,170.32095336914062,3337600
2024-02-07,170.62738037109375,4841200
2024-02-08,172.76397705078125,5161200
2024-02-09,174.61941528320312,5064600
2024-02-12,174.45074462890625,4724000
2024-02-13,172.14549255371094,4290500
2024-02-14,172.02366638183594,3173400
2024-02-15,175.1160888671875,4714300
2024-02-16,175.83766174316406,4842800
2024-02-20,171.90184020996094,4247200
2024-02-21,168.39707946777344,4723700
2024-02-22,172.6234130859375,5078400
2024-02-23,174.0384521484375,3433800
2024-02-26,172.54844665527344,4620800
2024-02-27,173.2418975830078,3641400
2024-02-28,173.64483642578125,3216300
2024-02-29,173.39181518554688,6458500
2024-03-01,176.36244201660156,4018400
2024-03-04,180.91673278808594,7938300
2024-03-05,179.87657165527344,5653600
2024-03-06,183.82177734375,6945800
2024-03-07,184.1778564453125,4604500
2024-03-08,183.62498474121094,3943100
2024-03-11,179.67041015625,4725100
2024-03-12,185.33985900878906,5880100
2024-03-13,184.3278045654297,3993300
2024-03-14,181.2634735107422,4109600
2024-03-15,179.0519256591797,8828200
2024-03-18,179.63291931152344,5410600
2024-03-19,181.1791229248047,5317300
2024-03-20,181.76014709472656,3238600
2024-03-21,179.8297119140625,6013600
2024-03-22,178.8363800048828,3988400
2024-03-25,176.91531372070312,3718300
2024-03-26,176.64356994628906,4229500
2024-03-27,178.7989044189453,3693300
2024-03-28,178.9488525390625,3742200
2024-04-01,177.88990783691406,2364300
2024-04-02,176.9996795654297,2693500
2024-04-03,178.89259338378906,2826200
2024-04-04,176.11880493164062,2983900
2024-04-05,177.24331665039062,2014300
2024-04-08,177.88055419921875,2678300
2024-04-09,177.40264892578125,2794200
2024-04-10,174.3383026123047,3081700
2024-04-11,174.20709228515625,2861700
2024-04-12,170.805419921875,3547400
2024-04-15,169.84959411621094,3528100
2024-04-16,172.19232177734375,4473700
2024-04-17,171.58322143554688,3003000
2024-04-18,170.05577087402344,2886700
2024-04-19,170.15882873535156,3038000
2024-04-22,170.4586944580078,3076500
2024-04-23,170.73045349121094,5950200
2024-04-24,172.52032470703125,7616600
2024-04-25,158.2857666015625,16702200
2024-04-26,156.61770629882812,8983800
2024-04-29,156.8988494873047,5242200
2024-04-30,155.7462158203125,6011600
2024-05-01,154.08753967285156,4029900
2024-05-02,154.3311767578125,3829900
2024-05-03,155.2870330810547,3400400
2024-05-06,158.0045928955078,4222300
2024-05-07,157.78909301757812,3155300
2024-05-08,159.21347045898438,3522000
2024-05-09,157.35855102539062,4266600
2024-05-10,158.1913604736328,2255400
2024-05-13,158.5793914794922,2414900
2024-05-14,158.3900909423828,2601000
2024-05-15,159.2418670654297,4468800
2024-05-16,159.913818359375,3492300
2024-05-17,159.97059631347656,2956400
2024-05-20,160.8129119873047,2726300
2024-05-21,164.17262268066406,6459800
2024-05-22,164.38084411621094,3294900
2024-05-23,161.52268981933594,3341300
2024-05-24,161.73092651367188,2587400
2024-05-28,160.56683349609375,2629500
2024-05-29,158.09674072265625,4206600
2024-05-30,156.75283813476562,3842400
2024-05-31,157.90745544433594,4905000
2024-06-03,156.42161560058594,2776100
2024-06-04,156.92318725585938,2594200
2024-06-05,158.40904235839844,3049400
2024-06-06,159.18508911132812,2207100
2024-06-07,160.8980712890625,3475500
2024-06-10,161.24826049804688,3440000
2024-06-11,160.2450714111328,2951300
2024-06-12,159.94224548339844,3522700
2024-06-13,160.0557861328125,3525700
2024-06-14,160.14097595214844,2777700
2024-06-17,160.4154052734375,3239800
2024-06-18,161.4091339111328,3386400
2024-06-20,164.59852600097656,4723100
2024-06-21,163.21676635742188,10181500
2024-06-24,165.63009643554688,4864700
2024-06-25,163.34927368164062,4069800
2024-06-26,162.6583709716797,2779000
2024-06-27,161.69305419921875,2894000
2024-06-28,163.68051147460938,4193300
2024-07-01,165.71527099609375,3321000
2024-07-02,167.79736328125,2883300
2024-07-03,166.31150817871094,1649000
2024-07-05,166.58595275878906,2086000
2024-07-08,168.119140625,2503000
2024-07-09,167.0213165283203,2512700
2024-07-10,168.3083953857422,3462200
2024-07-11,168.7532501220703,2806800
2024-07-12,173.0309600830078,4785600
2024-07-15,173.0783233642578,2925700
2024-07-16,175.85125732421875,3374500
2024-07-17,177.4033660888672,4225300
2024-07-18,175.2928466796875,3487800
2024-07-19,173.42848205566406,3816000
2024-07-22,174.2802276611328,2488500
2024-07-23,174.23291015625,2180200
2024-07-24,174.15719604492188,6962100
2024-07-25,181.6905975341797,9532800
2024-07-26,181.472900390625,4294900
2024-07-29,181.23631286621094,3336800
2024-07-30,180.80093383789062,3065000
2024-07-31,181.84197998046875,5558400
2024-08-01,179.4949188232422,4085400
2024-08-02,178.9838409423828,4548800
2024-08-05,173.4852294921875,4975000
2024-08-06,176.78819274902344,3632500
2024-08-07,176.78819274902344,3801900
2024-08-08,182.2868194580078,3712700
2024-08-09,182.77369689941406,2773700
2024-08-12,180.89297485351562,2290300
2024-08-13,182.33453369140625,2178900
2024-08-14,183.60427856445312,1895100
2024-08-15,185.160400390625,2472000
2024-08-16,184.99810791015625,2494400
2024-08-19,185.90504455566406,2361400
2024-08-20,187.14613342285156,1790400
2024-08-21,188.27267456054688,2579300
2024-08-22,187.0792999267578,1969500
2024-08-23,187.2129669189453,2322000
2024-08-26,189.0077362060547,2567200
2024-08-27,189.72377014160156,2617100
2024-08-28,189.4660186767578,2645200
2024-08-29,189.88607788085938,2989600
2024-08-30,192.9696807861328,4751000
2024-09-03,192.15821838378906,3874700
2024-09-04,194.8599395751953,3142500
2024-09-05,193.40884399414062,3229200
2024-09-06,191.64268493652344,3304500
2024-09-09,194.30621337890625,3705000
2024-09-10,196.01512145996094,3070600
2024-09-11,200.37802124023438,5554300
2024-09-12,202.02008056640625,4615300
2024-09-13,205.05593872070312,4572300
2024-09-16,207.31854248046875,4176100
2024-09-17,204.42584228515625,5635200
2024-09-18,205.19915771484375,3482800
2024-09-19,204.1967315673828,5279600
2024-09-20,207.8340606689453,9958800
2024-09-23,210.50717163085938,4074800
2024-09-24,210.9558868408203,3183900
2024-09-25,211.20408630371094,2537800
2024-09-26,213.3043975830078,2673200
2024-09-27,210.83177185058594,3830300
2024-09-30,211.06088256835938,3543400
2024-10-01,209.4093017578125,3548400
2024-10-02,209.7720947265625,3343400
2024-10-03,212.62657165527344,3788300
2024-10-04,215.7579345703125,3553800
2024-10-07,216.8271484375,3458000
2024-10-08,218.25918579101562,3245100
2024-10-09,223.68177795410156,5083600
2024-10-10,222.4597930908203,3142000
2024-10-11,222.6888885498047,3469200
2024-10-14,224.5982666015625,2524400
2024-10-15,222.4025115966797,3350600
2024-10-16,223.08030700683594,2846700
2024-10-17,222.3261260986328,5040100
2024-10-18,221.6769561767578,4715700
2024-10-21,221.24734497070312,2733300
2024-10-22,221.7246856689453,3180800
2024-10-23,222.20201110839844,5791000
2024-10-24,208.49281311035156,11193400
2024-10-25,204.94139099121094,8482200
2024-10-28,203.26113891601562,4993300
2024-10-29,200.89353942871094,5258400
2024-10-30,195.61415100097656,6956600
2024-10-31,197.3516845703125,5925300
2024-11-01,198.81234741210938,3334100
2024-11-04,196.96981811523438,2593900
2024-11-05,198.16314697265625,2441500
2024-11-06,203.9198760986328,3934400
2024-11-07,204.0058135986328,3675800
2024-11-08,204.0344696044922,3201000
2024-11-11,203.8912353515625,3013000
2024-11-12,202.8905487060547,2817800
2024-11-13,202.9482879638672,3247800
2024-11-14,201.0912322998047,6372900
2024-11-15,197.24240112304688,3986500
2024-11-18,200.2252197265625,3405900
2024-11-19,202.30360412597656,2860700
2024-11-20,206.48922729492188,4562900
2024-11-21,213.99440002441406,5236400
2024-11-22,214.54286193847656,5320700
2024-11-25,217.58343505859375,7189300
2024-11-26,220.18138122558594,4449500
2024-11-27,218.34356689453125,2995100
2024-11-29,218.81504821777344,2640300
2024-12-02,218.79580688476562,2655900
2024-12-03,220.34494018554688,3163800
2024-12-04,224.6652374267578,4104200
2024-12-05,225.8776397705078,4791100
2024-12-06,229.04327392578125,4028400
2024-12-09,221.30715942382812,4970400
2024-12-10,222.96214294433594,4769500
2024-12-11,221.422607421875,3872700
2024-12-12,223.48171997070312,4515700
2024-12-13,222.09617614746094,2757400
2024-12-16,220.66249084472656,3610300
2024-12-17,220.3160858154297,3651300
2024-12-18,211.8486785888672,4152500
2024-12-19,215.4569549560547,4427200
2024-12-20,214.91810607910156,12423200
2024-12-23,213.5421600341797,2988100
2024-12-24,215.92843627929688,1186200
2024-12-26,216.39027404785156,3286500
2024-12-27,214.36004638671875,1810800
2024-12-30,211.92564392089844,2095600
2024-12-31,211.5215301513672,2270200
