date,close,volume
2014-01-02,19.178794860839844,31833300
2014-01-03,19.171358108520508,27796700
2014-01-06,18.93338966369629,28682300
2014-01-07,19.030059814453125,19665100
2014-01-08,18.911083221435547,29680500
2014-01-09,18.821842193603516,20878000
2014-01-10,18.985445022583008,30588800
2014-01-13,18.963136672973633,40274500
2014-01-14,19.71422576904297,74142900
2014-01-15,19.833209991455078,58277700
2014-01-16,19.736534118652344,48960800
2014-01-17,19.22341537475586,111758900
2014-01-21,19.030059814453125,42286400
2014-01-22,18.821842193603516,48749900
2014-01-23,18.687990188598633,40241000
2014-01-24,18.450016021728516,34838700
2014-01-27,18.383081436157227,32564900
2014-01-28,18.516942977905273,32453800
2014-01-29,18.35334014892578,27145700
2014-01-30,18.397960662841797,24610100
2014-01-31,18.249231338500977,28623300
2014-02-03,17.81047248840332,52868200
2014-02-04,17.71379852294922,50816300
2014-02-05,17.657489776611328,32476200
2014-02-06,18.010347366333008,28008400
2014-02-07,18.175506591796875,30808400
2014-02-10,18.235565185546875,24571300
2014-02-11,18.37070083618164,17911700
2014-02-12,18.430755615234375,25874100
2014-02-13,18.54336929321289,22922000
2014-02-14,18.588420867919922,20539700
2014-02-18,18.588420867919922,17738100
2014-02-19,18.393224716186523,25686000
2014-02-20,18.573402404785156,20193800
2014-02-21,18.333160400390625,30579800
2014-02-24,18.49081802368164,24145500
2014-02-25,18.48331069946289,21539100
2014-02-26,18.61844253540039,19820200
2014-02-27,18.588420867919922,20863900
2014-02-28,18.588420867919922,23482700
2014-03-03,18.393224716186523,25728500
2014-03-04,18.475801467895508,23661200
2014-03-05,18.393224716186523,21036200
2014-03-06,18.49081802368164,22371700
2014-03-07,18.49832534790039,25373400
2014-03-10,18.648475646972656,24908100
2014-03-11,18.565889358520508,26656800
2014-03-12,18.588420867919922,21244800
2014-03-13,18.445775985717773,26243300
2014-03-14,18.393224716186523,21807200
2014-03-17,18.54336929321289,18525800
2014-03-18,18.63346290588379,26344000
2014-03-19,18.783607482910156,34229400
2014-03-20,19.09141731262207,37009100
2014-03-21,18.896224975585938,56861900
2014-03-24,18.858678817749023,36950600
2014-03-25,19.113937377929688,32317400
2014-03-26,19.053876876831055,26442800
2014-03-27,19.00132942199707,27201100
2014-03-28,19.23405647277832,22884500
2014-03-31,19.376693725585938,29336300
2014-04-01,19.511829376220703,23778700
2014-04-02,19.436750411987305,22464700
2014-04-03,19.827138900756836,38581300
2014-04-04,19.639455795288086,47918000
2014-04-07,19.8872013092041,49813500
2014-04-08,20.202510833740234,56699500
2014-04-09,20.255064010620117,34481800
2014-04-10,19.8421630859375,40478200
2014-04-11,19.654470443725586,36121100
2014-04-14,19.93975830078125,26957900
2014-04-15,20.097410202026367,45074400
2014-04-16,20.217529296875,59033600
2014-04-17,20.30010986328125,38108500
2014-04-21,20.232545852661133,20398600
2014-04-22,20.14996337890625,29601600
2014-04-23,20.0823917388916,25574300
2014-04-24,20.0823917388916,25432800
2014-04-25,19.714529037475586,33614400
2014-04-28,19.76708221435547,33472800
2014-04-29,19.87969398498535,22146000
2014-04-30,20.037349700927734,25863900
2014-05-01,19.857173919677734,19755200
2014-05-02,19.827138900756836,24235200
2014-05-05,19.81578254699707,20738900
2014-05-06,19.838504791259766,21818000
2014-05-07,19.967222213745117,24692800
2014-05-08,19.94450569152832,24166900
2014-05-09,19.91421890258789,20324400
2014-05-12,19.967222213745117,20607800
2014-05-13,20.027799606323242,20525000
2014-05-14,19.936935424804688,17811900
2014-05-15,19.694637298583984,31752700
2014-05-16,19.550762176513672,30017200
2014-05-19,19.71735382080078,22679600
2014-05-20,19.71735382080078,22292600
2014-05-21,19.838504791259766,18721300
2014-05-22,19.800643920898438,15926500
2014-05-23,19.906644821166992,17172200
2014-05-27,20.22467041015625,27271900
2014-05-28,20.3533935546875,27150100
2014-05-29,20.413969039916992,20638900
2014-05-30,20.686555862426758,43641000
2014-06-02,20.641128540039062,20264900
2014-06-03,20.944000244140625,33256300
2014-06-04,20.898574829101562,21612500
2014-06-05,20.944000244140625,26546200
2014-06-06,21.330167770385742,34795600
2014-06-09,21.133298873901367,39933000
2014-06-10,21.383176803588867,34256900
2014-06-11,21.14845085144043,27747700
2014-06-12,21.171161651611328,31211400
2014-06-13,22.617403030395508,122194300
2014-06-16,22.723413467407227,36407800
2014-06-17,22.6779842376709,28440600
2014-06-18,22.6628360748291,34412300
2014-06-19,22.78398895263672,27166600
2014-06-20,22.86727523803711,39826400
2014-06-23,22.889995574951172,26528900
2014-06-24,23.09443473815918,53397600
2014-06-25,23.382173538208008,44293300
2014-06-26,23.30644989013672,26722300
2014-06-27,23.420032501220703,30776300
2014-06-30,23.397310256958008,21558400
2014-07-01,23.45789337158203,28240000
2014-07-02,23.45789337158203,16831200
2014-07-03,23.579038619995117,20437600
2014-07-07,23.495750427246094,22233400
2014-07-08,23.31402015686035,37608700
2014-07-09,23.389747619628906,28302400
2014-07-10,23.669898986816406,32455100
2014-07-11,23.662334442138672,20045000
2014-07-14,23.84406089782715,24244600
2014-07-15,24.01064109802246,61006100
2014-07-16,26.236791610717773,135834600
2014-07-17,25.517457962036133,70591100
2014-07-18,25.517457962036133,46528800
2014-07-21,25.790050506591797,32097200
2014-07-22,26.342798233032227,42915100
2014-07-23,26.123214721679688,26077000
2014-07-24,25.93391990661621,33180400
2014-07-25,25.93391990661621,31614000
2014-07-28,25.918781280517578,30972200
2014-07-29,25.888479232788086,26141700
2014-07-30,26.00963592529297,32782800
2014-07-31,25.661327362060547,35431200
2014-08-01,25.547754287719727,33472400
2014-08-04,25.782472610473633,27250100
2014-08-05,25.016433715820312,49845100
2014-08-06,25.0393009185791,27923900
2014-08-07,24.90972328186035,27820100
2014-08-08,24.848739624023438,35484000
2014-08-11,25.16888427734375,27718600
2014-08-12,25.252727508544922,24805600
2014-08-13,25.992094039916992,36291000
2014-08-14,25.870136260986328,25458000
2014-08-15,26.04544448852539,28577600
2014-08-18,26.2283878326416,27232200
2014-08-19,26.175025939941406,29281900
2014-08-20,26.296985626220703,27140300
2014-08-21,26.792436599731445,37164900
2014-08-22,26.632366180419922,21196700
2014-08-25,26.533275604248047,18614500
2014-08-26,26.525651931762695,19664700
2014-08-27,26.518028259277344,17168900
2014-08-28,26.41131591796875,18908900
2014-08-29,26.617116928100586,32302800
2014-09-02,26.350339889526367,32094800
2014-09-03,26.350339889526367,26668800
2014-09-04,26.609506607055664,27632400
2014-09-05,26.6781063079834,20841900
2014-09-08,26.929637908935547,24859600
2014-09-09,26.609506607055664,22333100
2014-09-10,26.69333839416504,19964200
2014-09-11,26.69333839416504,21949000
2014-09-12,26.388446807861328,26732600
2014-09-15,26.32746696472168,22438000
2014-09-16,26.62474822998047,20875700
2014-09-17,26.662857055664062,26278900
2014-09-18,26.807676315307617,23809600
2014-09-19,26.540897369384766,46851900
2014-09-22,26.457050323486328,25447700
2014-09-23,26.236003875732422,25690700
2014-09-24,26.487548828125,18829000
2014-09-25,26.022579193115234,34639700
2014-09-26,26.11404800415039,25882300
2014-09-29,26.601871490478516,29003100
2014-09-30,26.540897369384766,35274600
2014-10-01,25.908248901367188,35086600
2014-10-02,25.54999542236328,32910800
2014-10-03,25.938732147216797,25834600
2014-10-06,25.999717712402344,24321100
2014-10-07,25.511886596679688,25972100
2014-10-08,26.121675491333008,34960600
2014-10-09,25.626218795776367,28185700
2014-10-10,24.32280731201172,80917600
2014-10-13,23.987422943115234,42110200
2014-10-14,24.498111724853516,68671000
2014-10-15,23.84259796142578,92305200
2014-10-16,23.514842987060547,47787400
2014-10-17,23.9188232421875,37504500
2014-10-20,24.071269989013672,30523700
2014-10-21,24.856365203857422,33278400
2014-10-22,24.597206115722656,26725600
2014-10-23,24.917343139648438,22254900
2014-10-24,25.290843963623047,27814300
2014-10-27,25.30608367919922,23751900
2014-10-28,25.717695236206055,21857800
2014-10-29,25.854890823364258,24615200
2014-10-30,24.833492279052734,55217900
2014-10-31,25.92348861694336,52089700
2014-11-03,26.15216064453125,28703600
2014-11-04,26.32746696472168,34695900
2014-11-05,25.901660919189453,34705500
2014-11-06,25.94770050048828,25240600
2014-11-07,25.763565063476562,27604500
2014-11-10,25.518047332763672,30653600
2014-11-11,25.556411743164062,19676600
2014-11-12,25.61011505126953,22864200
2014-11-13,25.84027862548828,26449300
2014-11-14,26.047435760498047,18104600
2014-11-17,26.269933700561523,17646300
2014-11-18,26.630523681640625,30674800
2014-11-19,26.354326248168945,21289600
2014-11-20,27.58189582824707,61994700
2014-11-21,27.305688858032227,56721600
2014-11-24,27.81205940246582,33321100
2014-11-25,27.865768432617188,29093200
2014-11-26,28.31075668334961,24060000
2014-11-28,28.57929229736328,19128500
2014-12-01,28.517913818359375,30904000
2014-12-02,28.847820281982422,28361100
2014-12-03,28.717397689819336,30660800
2014-12-04,28.740407943725586,23359100
2014-12-05,28.901527404785156,20527600
2014-12-08,28.540929794311523,28134800
2014-12-09,28.303083419799805,28487300
2014-12-10,27.942489624023438,27499900
2014-12-11,28.15731430053711,25088200
2014-12-12,27.79671287536621,29322500
2014-12-15,27.558874130249023,30633400
2014-12-16,27.282678604125977,31166300
2014-12-17,27.80439567565918,31637700
2014-12-18,28.402828216552734,32128100
2014-12-19,27.90412712097168,76786800
2014-12-22,28.54859733581543,29227100
2014-12-23,28.717397689819336,22169700
2014-12-24,28.725065231323242,12109100
2014-12-26,28.809467315673828,14037200
2014-12-29,28.525592803955078,12203300
2014-12-30,28.20335578918457,15214100
2014-12-31,27.842761993408203,20393600
2015-01-02,27.89645767211914,23605600
2015-01-05,27.58189582824707,32785000
2015-01-06,27.06785011291504,30847600
2015-01-07,27.635597229003906,27725200
2015-01-08,28.149633407592773,31765400
2015-01-09,28.20335578918457,22850500
2015-01-12,28.080589294433594,29400800
2015-01-13,28.00387191772461,31478000
2015-01-14,27.888790130615234,34250300
2015-01-15,27.766029357910156,47181800
2015-01-16,27.965511322021484,62812200
2015-01-20,27.689298629760742,35929400
2015-01-21,27.988529205322266,27442600
2015-01-22,28.31842613220215,31809900
2015-01-23,27.965511322021484,27427100
2015-01-26,27.4744815826416,30906800
2015-01-27,26.231571197509766,58456200
2015-01-28,25.917003631591797,34929100
2015-01-29,26.246910095214844,29569400
2015-01-30,25.349262237548828,38719700
2015-02-02,25.817264556884766,38733800
2015-02-03,25.855627059936523,36038300
2015-02-04,25.963815689086914,25052800
2015-02-05,26.226539611816406,20491400
2015-02-06,25.731992721557617,29342400
2015-02-09,25.446073532104492,28705500
2015-02-10,26.04108238220215,20200000
2015-02-11,25.925174713134766,18364200
2015-02-12,26.373355865478516,20056700
2015-02-13,26.55109405517578,18037900
2015-02-17,26.844728469848633,19374100
2015-02-18,26.481538772583008,19992900
2015-02-19,26.43517303466797,11017500
2015-02-20,26.58973503112793,20955600
2015-02-23,26.08745002746582,25565500
2015-02-24,26.58973503112793,29607500
2015-02-25,26.234262466430664,24686300
2015-02-26,26.002445220947266,25928400
2015-02-27,25.693359375,24427300
2015-03-02,26.319265365600586,25406400
2015-03-03,26.350177764892578,27332000
2015-03-04,26.365631103515625,23005800
2015-03-05,26.064268112182617,21225800
2015-03-06,25.646989822387695,32373100
2015-03-09,25.283809661865234,33058800
2015-03-10,24.495620727539062,50278900
2015-03-11,24.982440948486328,49683600
2015-03-12,23.800159454345703,107402400
2015-03-13,23.90061378479004,47954700
2015-03-16,23.823341369628906,33074600
2015-03-17,23.637889862060547,29215600
2015-03-18,23.869701385498047,39834100
2015-03-19,23.753795623779297,27414200
2015-03-20,24.194252014160156,64777100
2015-03-23,24.109249114990234,29694000
2015-03-24,23.79243278503418,28471400
2015-03-25,23.096975326538086,37691000
2015-03-26,23.24380111694336,45450100
2015-03-27,24.727434158325195,73857200
2015-03-30,24.310161590576172,51391500
2015-03-31,24.16335105895996,32098500
2015-04-01,23.80788803100586,31532100
2015-04-02,23.80788803100586,20909600
2015-04-06,23.98560905456543,21490900
2015-04-07,24.155616760253906,23258300
2015-04-08,24.194252014160156,18250300
2015-04-09,24.140165328979492,34167600
2015-04-10,24.673341751098633,28084900
2015-04-13,24.518810272216797,23489000
2015-04-14,24.33333969116211,39754000
2015-04-15,25.368810653686523,61083500
2015-04-16,25.39971160888672,28903200
2015-04-17,25.090618133544922,30593600
2015-04-20,25.291534423828125,20649300
2015-04-21,25.059715270996094,19023800
2015-04-22,25.268354415893555,21144200
2015-04-23,24.997894287109375,23775300
2015-04-24,24.78925895690918,22759900
2015-04-27,25.113811492919922,25869600
2015-04-28,25.515628814697266,29572800
2015-04-29,25.415176391601562,21819000
2015-04-30,25.152437210083008,22013300
2015-05-01,25.82472038269043,27091200
2015-05-04,25.832443237304688,21397300
2015-05-05,25.404369354248047,29779200
2015-05-06,25.077472686767578,31985400
2015-05-07,25.09304428100586,21475300
2015-05-08,25.528898239135742,26926500
2015-05-11,25.44328498840332,18358600
2015-05-12,25.100826263427734,24530200
2015-05-13,25.404369354248047,20470800
2015-05-14,25.66122055053711,21098900
2015-05-15,25.67678451538086,17149700
2015-05-18,26.003679275512695,23689500
2015-05-19,25.801311492919922,21867100
2015-05-20,25.972543716430664,21359800
2015-05-21,26.11264419555664,21269800
2015-05-22,26.034807205200195,20845000
2015-05-26,25.762392044067383,28594500
2015-05-27,26.237173080444336,30172700
2015-05-28,26.470666885375977,27065700
2015-05-29,26.8209171295166,43545500
2015-06-01,26.392837524414062,46734500
2015-06-02,25.89471435546875,36351100
2015-06-03,25.47442626953125,38138700
2015-06-04,25.147520065307617,33761800
2015-06-05,24.781721115112305,27778500
2015-06-08,24.361421585083008,38171600
2015-06-09,24.322505950927734,33976700
2015-06-10,24.766143798828125,33336800
2015-06-11,24.789499282836914,24293600
2015-06-12,24.376989364624023,31629800
2015-06-15,24.43147087097168,23175000
2015-06-16,24.626047134399414,20254500
2015-06-17,24.867326736450195,28194200
2015-06-18,25.202009201049805,27722400
2015-06-19,24.960731506347656,39008400
2015-06-22,25.10860824584961,23608400
2015-06-23,24.976299285888672,17995900
2015-06-24,24.836193084716797,23313900
2015-06-25,24.89846420288086,22743300
2015-06-26,24.143491744995117,62157200
2015-06-29,23.653146743774414,35194500
2015-06-30,23.676498413085938,34412200
2015-07-01,23.489707946777344,27178900
2015-07-02,23.785465240478516,27105200
2015-07-06,23.380735397338867,32468100
2015-07-07,23.27176856994629,43833700
2015-07-08,22.960447311401367,45223800
2015-07-09,22.516801834106445,47167800
2015-07-10,22.70359992980957,31423800
2015-07-13,23.13945198059082,26452400
2015-07-14,23.077194213867188,39778300
2015-07-15,23.108325958251953,47852500
2015-07-16,23.27176856994629,81166700
2015-07-17,22.937091827392578,43697600
2015-07-20,22.649118423461914,33812900
2015-07-21,22.35335350036621,45191000
2015-07-22,22.267736434936523,36387200
2015-07-23,22.259960174560547,33775200
2015-07-24,21.83966827392578,31621000
2015-07-27,22.065378189086914,42161100
2015-07-28,22.540145874023438,33182400
2015-07-29,22.579069137573242,26470200
2015-07-30,22.501237869262695,26582400
2015-07-31,22.532367706298828,27158800
2015-08-03,22.61020278930664,26213600
2015-08-04,22.672462463378906,25741700
2015-08-05,22.852964401245117,23622700
2015-08-06,22.766643524169922,27958200
2015-08-07,22.66461753845215,25606100
2015-08-10,23.261056900024414,22807400
2015-08-11,22.735248565673828,23758900
2015-08-12,23.11979103088379,33589100
2015-08-13,22.65677261352539,18821900
2015-08-14,22.774486541748047,14302700
2015-08-17,22.821578979492188,15548300
2015-08-18,22.68816566467285,19182600
2015-08-19,22.25652313232422,30530100
2015-08-20,21.60515594482422,31936600
2015-08-21,20.843915939331055,52288400
2015-08-24,20.600631713867188,83234200
2015-08-25,20.302410125732422,59371900
2015-08-26,21.424657821655273,47386700
2015-08-27,21.7542667388916,38649400
2015-08-28,22.303613662719727,43452400
2015-08-31,22.397794723510742,42401800
2015-09-01,21.832752227783203,44144000
2015-09-02,22.44487762451172,34618800
2015-09-03,22.821578979492188,38665900
2015-09-04,22.382097244262695,29116500
2015-09-08,23.15118408203125,27805000
2015-09-09,22.947139739990234,30774100
2015-09-10,22.97068977355957,25195800
2015-09-11,23.12763786315918,21786900
2015-09-14,23.06485939025879,24065100
2015-09-15,23.33167839050293,29819000
2015-09-16,23.36307716369629,25957800
2015-09-17,23.315988540649414,29805200
2015-09-18,22.774486541748047,60693400
2015-09-21,22.88435935974121,24417100
2015-09-22,22.49981117248535,28576200
2015-09-23,22.55474853515625,25984000
2015-09-24,22.3507022857666,32754700
2015-09-25,22.60968589782715,29192300
2015-09-28,22.57044792175293,42291000
2015-09-29,22.947139739990234,34169600
2015-09-30,23.653444290161133,41051700
2015-10-01,23.543581008911133,29832800
2015-10-02,23.943817138671875,27901500
2015-10-05,24.493167877197266,34842500
2015-10-06,24.909101486206055,34899800
2015-10-07,25.36427879333496,36930100
2015-10-08,25.521240234375,27794600
2015-10-09,25.223018646240234,24209900
2015-10-12,25.2779541015625,18795000
2015-10-13,25.14454460144043,35588600
2015-10-14,25.740976333618164,75954800
2015-10-15,25.701740264892578,37634800
2015-10-16,25.92932891845703,29371300
2015-10-19,26.360960006713867,37624000
2015-10-20,26.243247985839844,24416100
2015-10-21,26.18830680847168,31928800
2015-10-22,26.99663734436035,39572600
2015-10-23,27.38903045654297,42796600
2015-10-26,27.145753860473633,22646900
2015-10-27,27.05156898498535,22630100
2015-10-28,27.239913940429688,21908400
2015-10-29,26.706262588500977,21325200
2015-10-30,26.57284927368164,24693900
2015-11-02,26.7690486907959,21743100
2015-11-03,26.925996780395508,18167000
2015-11-04,26.989234924316406,20762100
2015-11-05,26.870681762695312,16486100
2015-11-06,26.744232177734375,23701700
2015-11-09,26.356975555419922,24168700
2015-11-10,26.246337890625,22451700
2015-11-11,25.969724655151367,19864700
2015-11-12,25.60618019104004,23265400
2015-11-13,25.37699317932129,23673200
2015-11-16,25.369083404541016,29899700
2015-11-17,25.795856475830078,22636400
2015-11-18,26.206817626953125,18619800
2015-11-19,27.107784271240234,45381600
2015-11-20,27.39229965209961,41137700
2015-11-23,27.250036239624023,20152900
2015-11-24,27.155200958251953,21413500
2015-11-25,27.226327896118164,17939400
2015-11-27,27.234228134155273,6620900
2015-11-30,27.47922706604004,21785800
2015-12-01,27.73213005065918,23560200
2015-12-02,27.52665138244629,18688200
2015-12-03,26.902294158935547,30131100
2015-12-04,27.613571166992188,24901000
2015-12-07,27.653091430664062,17731900
2015-12-08,27.463422775268555,13380200
2015-12-09,27.510841369628906,22548300
2015-12-10,27.47922706604004,17400700
2015-12-11,27.08406639099121,21251400
2015-12-14,27.242128372192383,19357100
2015-12-15,27.80325698852539,24365900
2015-12-16,27.898096084594727,23257900
2015-12-17,27.589868545532227,24963600
2015-12-18,26.767946243286133,41336600
2015-12-21,27.06035614013672,18006800
2015-12-22,27.447620391845703,18422000
2015-12-23,27.6610050201416,12526500
2015-12-24,27.645193099975586,5893800
2015-12-28,27.605670928955078,9449400
2015-12-29,28.008729934692383,14188600
2015-12-30,27.653091430664062,11566800
2015-12-31,27.226327896118164,14736700
2016-01-04,26.862775802612305,27882200
2016-01-05,26.736330032348633,16709500
2016-01-06,26.14359474182129,25491300
2016-01-07,25.163606643676758,37680500
2016-01-08,24.902799606323242,29953800
2016-01-11,25.337472915649414,27732400
2016-01-12,25.827463150024414,28587700
2016-01-13,25.21892547607422,34445700
2016-01-14,25.874893188476562,48728200
2016-01-15,23.519750595092773,76373900
2016-01-19,23.55136489868164,28878100
2016-01-20,23.38539695739746,39598200
2016-01-21,23.44072723388672,30157400
2016-01-22,23.65410614013672,25326500
2016-01-25,23.393301010131836,26441000
2016-01-26,23.662006378173828,24754900
2016-01-27,23.559267044067383,26384100
2016-01-28,23.685718536376953,22028100
2016-01-29,24.515548706054688,38311400
2016-02-01,24.357486724853516,19015100
2016-02-02,23.55136489868164,24994300
2016-02-03,23.39190673828125,44660100
2016-02-04,23.734737396240234,29257800
2016-02-05,23.152727127075195,27957500
2016-02-08,22.977331161499023,28725900
2016-02-09,22.96935272216797,22902600
2016-02-10,22.506938934326172,27267800
2016-02-11,22.49896812438965,28450200
2016-02-12,22.833818435668945,19699000
2016-02-16,22.945438385009766,30705200
2016-02-17,23.495555877685547,27691700
2016-02-18,23.455690383911133,20623300
2016-02-19,22.88962745666504,42056700
2016-02-22,23.39988136291504,23893100
2016-02-23,22.961383819580078,26638200
2016-02-24,23.272321701049805,21593600
2016-02-25,23.615142822265625,17571400
2016-02-26,23.75865364074707,19902200
2016-02-29,23.59122657775879,22903100
2016-03-01,24.213092803955078,25502600
2016-03-02,24.3486385345459,23779800
2016-03-03,24.380523681640625,25625200
2016-03-04,24.420387268066406,20356800
2016-03-07,24.66754150390625,18858200
2016-03-08,24.364578247070312,19104900
2016-03-09,24.61172866821289,14707800
2016-03-10,24.914697647094727,29584800
2016-03-11,25.321304321289062,22811200
2016-03-14,25.05820655822754,17438600
2016-03-15,25.233600616455078,16927700
2016-03-16,25.26549530029297,26298400
2016-03-17,25.49669647216797,22865300
2016-03-18,26.05478858947754,49934200
2016-03-21,25.783720016479492,21760900
2016-03-22,25.76777458190918,22200400
2016-03-23,25.51264762878418,18765300
2016-03-24,25.416973114013672,14211900
2016-03-28,25.432920455932617,11433000
2016-03-29,25.81561279296875,15313200
2016-03-30,26.07870864868164,16598000
2016-03-31,25.79169273376465,17880000
2016-04-01,25.871421813964844,18049700
2016-04-04,25.51264762878418,21581600
2016-04-05,25.432920455932617,20080000
2016-04-06,25.576433181762695,15740600
2016-04-07,25.153873443603516,23738200
2016-04-08,25.2176513671875,17031900
2016-04-11,25.24954605102539,19707700
2016-04-12,25.40103530883789,16774200
2016-04-13,25.616294860839844,19968100
2016-04-14,25.353191375732422,21620900
2016-04-15,25.082117080688477,28782800
2016-04-18,25.233600616455078,21566600
2016-04-19,25.19373893737793,33619300
2016-04-20,25.51264762878418,57629800
2016-04-21,25.488725662231445,28431400
2016-04-22,25.225629806518555,29625600
2016-04-25,25.02631187438965,19315700
2016-04-26,25.034284591674805,20976400
2016-04-27,25.313331604003906,20006200
2016-04-28,24.80307388305664,25146400
2016-04-29,24.14134979248047,36443700
2016-05-02,24.40443992614746,21086600
2016-05-03,24.205123901367188,27111100
2016-05-04,24.004091262817383,23278800
2016-05-05,24.04429054260254,23393300
2016-05-06,24.156877517700195,19632200
2016-05-09,23.963878631591797,16888300
2016-05-10,24.237295150756836,17013800
2016-05-11,24.172962188720703,15754200
2016-05-12,23.931711196899414,20826700
2016-05-13,24.052339553833008,19999600
2016-05-16,24.438329696655273,21826100
2016-05-17,24.108625411987305,25709900
2016-05-18,24.116668701171875,22469900
2016-05-19,23.827171325683594,21740900
2016-05-20,24.245330810546875,22777300
2016-05-23,24.309661865234375,20881900
2016-05-24,24.97711753845215,23699200
2016-05-25,25.24248695373535,18359600
2016-05-26,25.322900772094727,12692300
2016-05-27,25.387237548828125,13341300
2016-05-31,25.4033203125,23040200
2016-06-01,25.459606170654297,17753500
2016-06-02,25.540027618408203,14140100
2016-06-03,25.42743682861328,15777500
2016-06-06,25.475696563720703,15139600
2016-06-07,25.636518478393555,19339100
2016-06-08,25.644563674926758,12732100
2016-06-09,25.684772491455078,11276800
2016-06-10,25.76519012451172,35749100
2016-06-13,25.869726181030273,23004800
2016-06-14,25.84560203552246,18754300
2016-06-15,25.419401168823242,23783300
2016-06-16,25.483734130859375,18547900
2016-06-17,25.540027618408203,27047900
2016-06-20,25.869726181030273,21961600
2016-06-21,25.990352630615234,15476500
2016-06-22,25.966228485107422,18304800
2016-06-23,26.529138565063477,22048800
2016-06-24,25.37114906311035,38094300
2016-06-27,24.703706741333008,34965100
2016-06-28,25.081655502319336,23693900
2016-06-29,25.676738739013672,22771100
2016-06-30,26.3763484954834,34528900
2016-07-01,26.33614158630371,17084600
2016-07-05,26.279848098754883,20107200
2016-07-06,26.513051986694336,21070200
2016-07-07,26.69801139831543,26119400
2016-07-08,27.341337203979492,23341900
2016-07-11,27.646913528442383,23820700
2016-07-12,28.097238540649414,28064100
2016-07-13,28.15353012084961,29120900
2016-07-14,28.306325912475586,25296400
2016-07-15,28.201791763305664,23661900
2016-07-18,28.185697555541992,19347200
2016-07-19,28.266117095947266,20395400
2016-07-20,28.70036506652832,42994200
2016-07-21,27.558456420898438,63708600
2016-07-22,27.872087478637695,33033700
2016-07-25,27.896207809448242,20277700
2016-07-26,28.21787452697754,29644400
2016-07-27,28.008792877197266,23601800
2016-07-28,27.960540771484375,21667400
2016-07-29,28.032915115356445,18171200
2016-08-01,28.02486801147461,18824400
2016-08-02,27.791664123535156,20057300
2016-08-03,27.751144409179688,18388800
2016-08-04,28.018529891967773,16362600
2016-08-05,28.342636108398438,20046200
2016-08-08,28.39124870300293,19497300
2016-08-09,28.294021606445312,12578900
2016-08-10,27.97801399230957,19579000
2016-08-11,28.099559783935547,16364100
2016-08-12,28.01042938232422,15708300
2016-08-15,28.285919189453125,18931100
2016-08-16,28.528989791870117,16320900
2016-08-17,28.375043869018555,18221600
2016-08-18,28.334529876708984,16085200
2016-08-19,28.55330467224121,16417600
2016-08-22,28.65053367614746,14941400
2016-08-23,28.682939529418945,18316000
2016-08-24,28.48038101196289,16343500
2016-08-25,28.4317684173584,12428000
2016-08-26,28.569507598876953,14469900
2016-08-29,28.804473876953125,15264300
2016-08-30,28.926023483276367,15183200
2016-08-31,29.07996940612793,20562700
2016-09-01,29.185302734375,18925800
2016-09-02,29.23390769958496,16726700
2016-09-06,29.63093376159668,22337800
2016-09-07,29.541797637939453,18495600
2016-09-08,29.52560043334961,20356500
2016-09-09,28.715341567993164,29457900
2016-09-12,29.23390769958496,22796600
2016-09-13,28.853097915649414,23591300
2016-09-14,28.861194610595703,14074500
2016-09-15,29.62283706665039,23736000
2016-09-16,30.522205352783203,74577900
2016-09-19,30.108989715576172,30531700
2016-09-20,30.09278106689453,24796900
2016-09-21,30.343957901000977,21233700
2016-09-22,30.42498207092285,17013400
2016-09-23,30.13329315185547,18062500
2016-09-26,29.695755004882812,25518800
2016-09-27,30.125194549560547,22391600
2016-09-28,30.335853576660156,19020800
2016-09-29,30.238624572753906,17675000
2016-09-30,30.587026596069336,24279300
2016-10-03,30.514118194580078,14113600
2016-10-04,30.416887283325195,14393100
2016-10-05,30.78148651123047,22420800
2016-10-06,30.846324920654297,15171400
2016-10-07,30.870620727539062,16942500
2016-10-10,30.80580711364746,14954300
2016-10-11,30.1981143951416,27650500
2016-10-12,30.084678649902344,14053900
2016-10-13,29.955039978027344,16936000
2016-10-14,30.343957901000977,19123900
2016-10-17,30.214319229125977,15788100
2016-10-18,30.587026596069336,42907800
2016-10-19,28.77206802368164,75229000
2016-10-20,28.707256317138672,25669500
2016-10-21,28.48038101196289,20813200
2016-10-24,28.569507598876953,21524700
2016-10-25,28.439863204956055,17860300
2016-10-26,28.294021606445312,19977600
2016-10-27,28.20488929748535,14634700
2016-10-28,28.148174285888672,22296400
2016-10-31,28.25349998474121,19188600
2016-11-01,27.96992301940918,25368200
2016-11-02,28.034744262695312,21416400
2016-11-03,27.70001792907715,19400000
2016-11-04,27.438766479492188,21914700
2016-11-07,28.320476531982422,19296600
2016-11-08,28.36129379272461,14833100
2016-11-09,28.369461059570312,25999400
2016-11-10,28.165363311767578,28249900
2016-11-11,28.25516700744629,22665000
2016-11-14,28.14903450012207,22558900
2016-11-15,28.500080108642578,20676100
2016-11-16,28.442934036254883,18565500
2016-11-17,28.589885711669922,15748500
2016-11-18,28.53273582458496,16806900
2016-11-21,28.557228088378906,14259500
2016-11-22,28.965417861938477,22327400
2016-11-23,28.736839294433594,15843100
2016-11-25,28.93276023864746,6372800
2016-11-28,28.989913940429688,13549000
2016-11-29,28.826635360717773,19581000
2016-11-30,28.328643798828125,27016100
2016-12-01,27.561235427856445,29618700
2016-12-02,27.887784957885742,21492500
2016-12-05,28.0755615234375,14462000
2016-12-06,28.344968795776367,15297700
2016-12-07,28.98175048828125,21710300
2016-12-08,29.145034790039062,19966500
2016-12-09,29.194007873535156,16326900
2016-12-12,29.365447998046875,21985800
2016-12-13,30.043046951293945,35773600
2016-12-14,29.838951110839844,30819400
2016-12-15,30.034894943237305,23721500
2016-12-16,29.64301300048828,38212800
2016-12-19,30.116518020629883,18744300
2016-12-20,30.377771377563477,18551800
2016-12-21,30.189998626708984,14323600
2016-12-22,30.14918327331543,10793900
2016-12-23,30.18183135986328,6287300
2016-12-27,30.263473510742188,9033700
2016-12-28,29.904272079467773,12868600
2016-12-29,29.92875862121582,8447300
2016-12-30,29.61036491394043,17468000
2017-01-03,29.87977409362793,20196500
2017-01-04,29.72466468811035,15915700
2017-01-05,29.675687789916992,13986000
2017-01-06,29.781808853149414,15114000
2017-01-09,29.887943267822266,19461400
2017-01-10,29.830799102783203,15918800
2017-01-11,30.165515899658203,22398400
2017-01-12,29.969575881958008,20391900
2017-01-13,30.034894943237305,15072200
2017-01-17,30.043046951293945,20195200
2017-01-18,30.010391235351562,15382500
2017-01-19,29.85528564453125,13654500
2017-01-20,30.1573486328125,23950900
2017-01-23,30.01856803894043,27752600
2017-01-24,30.712472915649414,35140900
2017-01-25,30.85943031311035,32276400
2017-01-26,30.663515090942383,34144800
2017-01-27,31.006389617919922,44368600
2017-01-30,30.549213409423828,23954700
2017-01-31,30.059371948242188,27059100
2017-02-01,29.814464569091797,28380600
2017-02-02,29.945093154907227,31916900
2017-02-03,30.027318954467773,21038100
2017-02-06,29.821760177612305,21427000
2017-02-07,29.887529373168945,18581900
2017-02-08,29.91219711303711,20807400
2017-02-09,29.155759811401367,47802700
2017-02-10,29.057090759277344,44106500
2017-02-13,29.435312271118164,28180600
2017-02-14,29.542200088500977,25734800
2017-02-15,29.64086151123047,18452200
2017-02-16,29.936864852905273,21317500
2017-02-17,29.994417190551758,18909900
2017-02-21,30.027318954467773,20556000
2017-02-22,29.657312393188477,29904400
2017-02-23,29.747756958007812,22775000
2017-02-24,30.03553009033203,18617600
2017-02-27,30.019079208374023,14065200
2017-02-28,29.764196395874023,24977000
2017-03-01,29.542200088500977,34085900
2017-03-02,29.525754928588867,23602100
2017-03-03,29.51753044128418,17538100
2017-03-06,29.246196746826172,24416700
2017-03-07,29.435312271118164,23434900
2017-03-08,29.287309646606445,20920100
2017-03-09,29.451759338378906,23616800
2017-03-10,29.525754928588867,25402300
2017-03-13,28.909093856811523,53582900
2017-03-14,28.925539016723633,28586900
2017-03-15,28.859760284423828,27996100
2017-03-16,28.892654418945312,19616100
2017-03-17,28.999536514282227,30778900
2017-03-20,29.131092071533203,17322300
2017-03-21,28.8104248046875,22814500
2017-03-22,29.08176040649414,19144500
2017-03-23,28.999536514282227,20640400
2017-03-24,28.909093856811523,22188000
2017-03-27,29.098203659057617,16992200
2017-03-28,29.270877838134766,18398100
2017-03-29,29.246196746826172,17202600
2017-03-30,29.39419937133789,16433000
2017-03-31,29.657312393188477,21438400
2017-04-03,29.731307983398438,32013600
2017-04-04,29.82997703552246,18918000
2017-04-05,29.780651092529297,22455500
2017-04-06,29.624425888061523,20198200
2017-04-07,29.624425888061523,15689500
2017-04-10,29.435312271118164,19973700
2017-04-11,29.3859806060791,22711800
2017-04-12,29.295534133911133,19289800
2017-04-13,28.983091354370117,15764000
2017-04-17,29.172204971313477,12560700
2017-04-18,29.41065216064453,12321100
2017-04-19,29.525754928588867,16594600
2017-04-20,29.747756958007812,22968300
2017-04-21,29.862863540649414,20390500
2017-04-24,30.216419219970703,26305800
2017-04-25,30.315086364746094,22066800
2017-04-26,30.36441993713379,27241000
2017-04-27,30.7755126953125,39890000
2017-04-28,29.72308921813965,56769300
2017-05-01,29.854633331298828,24825600
2017-05-02,30.397306442260742,35813000
2017-05-03,30.6317195892334,22040300
2017-05-04,30.524036407470703,16437100
2017-05-05,30.499191284179688,18119200
2017-05-08,30.267257690429688,17660200
2017-05-09,30.126432418823242,17819100
2017-05-10,29.82823944091797,25133800
2017-05-11,29.56316566467285,21508900
2017-05-12,29.430641174316406,19730800
2017-05-15,29.51348114013672,22120100
2017-05-16,29.670852661132812,22291800
2017-05-17,29.024755477905273,26670200
2017-05-18,29.173852920532227,17171900
2017-05-19,29.32295799255371,18340100
2017-05-22,29.629446029663086,14638100
2017-05-23,29.703998565673828,16903700
2017-05-24,29.919347763061523,20640600
2017-05-25,30.035316467285156,13148500
2017-05-26,30.035316467285156,11145500
2017-05-30,29.969053268432617,13026900
2017-05-31,29.911069869995117,17741900
2017-06-01,29.919347763061523,17510900
2017-06-02,30.08501625061035,19127400
2017-06-05,30.10158920288086,11685700
2017-06-06,29.927640914916992,18420900
2017-06-07,30.035316467285156,17192000
2017-06-08,30.21755599975586,17154200
2017-06-09,29.57974624633789,33322100
2017-06-12,29.596298217773438,28488300
2017-06-13,29.720561981201172,20588200
2017-06-14,29.430641174316406,19149000
2017-06-15,29.2484130859375,20410000
2017-06-16,29.165569305419922,30762800
2017-06-19,29.41407585144043,21583800
2017-06-20,28.87565803527832,21536500
2017-06-21,28.64373207092285,27138500
2017-06-22,28.461496353149414,24602900
2017-06-23,28.3206787109375,29260900
2017-06-26,28.221281051635742,18854800
2017-06-27,27.873376846313477,27078900
2017-06-28,28.32895278930664,25940100
2017-06-29,27.782258987426758,25215700
2017-06-30,27.94792938232422,24432000
2017-07-03,27.715993881225586,12676900
2017-07-05,28.444927215576172,30010800
2017-07-06,27.8568115234375,20733200
2017-07-07,28.063894271850586,18304500
2017-07-10,27.873376846313477,29918400
2017-07-11,28.097021102905273,25737500
2017-07-12,28.37037467956543,23768300
2017-07-13,28.362085342407227,15046200
2017-07-14,28.72655487060547,16316400
2017-07-17,28.552608489990234,21044400
2017-07-18,28.60230827331543,14362800
2017-07-19,28.62716293334961,17036200
2017-07-20,28.78453826904297,17506200
2017-07-21,28.767974853515625,22245000
2017-07-24,28.577457427978516,16146300
2017-07-25,28.718273162841797,18096700
2017-07-26,28.78453826904297,15499300
2017-07-27,28.966779708862305,43062800
2017-07-28,29.2484130859375,36291500
2017-07-31,29.38094139099121,27057000
2017-08-01,30.10987091064453,38710200
2017-08-02,30.35009002685547,35004300
2017-08-03,30.452741622924805,26611300
2017-08-04,30.294174194335938,20520300
2017-08-07,30.402667999267578,18169300
2017-08-08,30.385967254638672,22819900
2017-08-09,30.536191940307617,22796800
2017-08-10,30.160648345947266,22693300
2017-08-11,29.935314178466797,19275100
2017-08-14,30.327556610107422,18469400
2017-08-15,30.04380226135254,21706600
2017-08-16,29.8852481842041,22014000
2017-08-17,29.35112762451172,19525000
2017-08-18,29.21760368347168,16231400
2017-08-21,29.142494201660156,26493300
2017-08-22,28.917165756225586,26097800
2017-08-23,28.92551040649414,19648100
2017-08-24,28.967248916625977,14301900
2017-08-25,28.933855056762695,14726800
2017-08-28,28.917165756225586,20712900
2017-08-29,28.98393440246582,15843700
2017-08-30,29.11745834350586,18565000
2017-08-31,29.267681121826172,16366800
2017-09-01,29.28436851501465,12822000
2017-09-05,29.225948333740234,18772000
2017-09-06,29.84351348876953,28076400
2017-09-07,29.659923553466797,16297100
2017-09-08,29.36782455444336,14125000
2017-09-11,29.851858139038086,20037600
2017-09-12,30.11892318725586,19489900
2017-09-13,30.319211959838867,15509800
2017-09-14,30.44439125061035,18093900
2017-09-15,30.87835693359375,33596100
2017-09-18,30.87835693359375,19393800
2017-09-19,31.07030487060547,23850500
2017-09-20,30.93677520751953,23957500
2017-09-21,31.045269012451172,22954200
2017-09-22,31.0285701751709,21631800
2017-09-25,31.011899948120117,23180800
2017-09-26,31.270599365234375,29790400
2017-09-27,31.329017639160156,25981400
2017-09-28,31.5710391998291,21171400
2017-09-29,31.779674530029297,23217300
2017-10-02,32.58085250854492,37394500
2017-10-03,32.864593505859375,34002200
2017-10-04,32.831207275390625,28368800
2017-10-05,32.98977279663086,17710300
2017-10-06,33.07322692871094,18887500
2017-10-09,33.265174865722656,18494100
2017-10-10,33.08991622924805,29890000
2017-10-11,32.79780960083008,30754700
2017-10-12,32.70602798461914,18286900
2017-10-13,33.10660934448242,16829400
2017-10-16,33.181705474853516,12489100
2017-10-17,33.206756591796875,15532800
2017-10-18,33.59064483642578,21424600
2017-10-19,33.45711898803711,19222700
2017-10-20,33.74085998535156,18335700
2017-10-23,34.07468795776367,28647000
2017-10-24,34.17483901977539,19652400
2017-10-25,34.032955169677734,24031700
2017-10-26,34.50865173339844,38247400
2017-10-27,37.05402374267578,90028300
2017-10-30,37.028995513916016,48161500
2017-10-31,37.96369171142578,47000900
2017-11-01,38.981834411621094,47813700
2017-11-02,39.30731201171875,44602300
2017-11-03,38.673065185546875,39298100
2017-11-06,39.20445251464844,34035000
2017-11-07,39.27162170410156,24461400
2017-11-08,39.20445251464844,21565800
2017-11-09,38.86866760253906,25570400
2017-11-10,38.26423645019531,24095400
2017-11-13,38.40693664550781,18999000
2017-11-14,38.4992790222168,22201200
2017-11-15,38.163482666015625,17157200
2017-11-16,38.32299041748047,26439400
2017-11-17,37.46670150756836,63798000
2017-11-20,37.458309173583984,22420000
2017-11-21,37.7269401550293,21871000
2017-11-22,37.483497619628906,19538300
2017-11-24,37.56744384765625,6465800
2017-11-27,37.349178314208984,18202100
2017-11-28,37.5506591796875,20194100
2017-11-29,36.895851135253906,27036900
2017-11-30,37.64299774169922,34145300
2017-12-01,37.50867462158203,26656300
2017-12-04,37.349178314208984,28000800
2017-12-05,36.46769332885742,30626900
2017-12-06,36.47610092163086,27710800
2017-12-07,36.165489196777344,32708400
2017-12-08,36.392154693603516,23154700
2017-12-11,36.65239715576172,20425900
2017-12-12,36.375362396240234,16557400
2017-12-13,36.383750915527344,21399500
2017-12-14,36.316593170166016,19644900
2017-12-15,37.407936096191406,47477000
2017-12-18,38.8350830078125,50369300
2017-12-19,39.489891052246094,41421100
2017-12-20,39.926414489746094,40935000
2017-12-21,39.254825592041016,42963500
2017-12-22,39.20445251464844,33913500
2017-12-26,38.68396759033203,15533300
2017-12-27,38.70915222167969,13359700
2017-12-28,38.80149841308594,9504400
2017-12-29,38.75113296508789,17394500
2018-01-02,39.330387115478516,23370800
2018-01-03,37.99557876586914,116479000
2018-01-04,37.29880905151367,89209100
2018-01-05,37.55905532836914,41824000
2018-01-08,37.55905532836914,33733800
2018-01-09,36.61882019042969,44282300
2018-01-10,35.6785774230957,45735000
2018-01-11,36.4425163269043,35371500
2018-01-12,36.299800872802734,29973600
2018-01-16,36.215858459472656,38367200
2018-01-17,37.26522445678711,32368600
2018-01-18,37.340782165527344,26826500
2018-01-19,37.6262092590332,25780200
2018-01-22,38.40693664550781,27706800
2018-01-23,38.66718292236328,22135100
2018-01-24,38.2054557800293,32464200
2018-01-25,38.02915954589844,36758700
2018-01-26,42.04196548461914,86916100
2018-01-29,41.9579963684082,46304000
2018-01-30,40.959014892578125,32814600
2018-01-31,40.413333892822266,41619900
2018-02-01,40.001983642578125,28840400
2018-02-02,38.74274444580078,28663000
2018-02-05,37.37436294555664,47869000
2018-02-06,37.95754623413086,58145400
2018-02-07,38.2026481628418,37508400
2018-02-08,36.13193130493164,43151300
2018-02-09,37.14615249633789,49301100
2018-02-12,37.889930725097656,28379500
2018-02-13,37.57720947265625,19517600
2018-02-14,38.35478591918945,19922000
2018-02-15,38.81118392944336,23536800
2018-02-16,38.50691223144531,21475200
2018-02-20,39.149261474609375,25512000
2018-02-21,38.82808303833008,27527500
2018-02-22,38.70976638793945,16946400
2018-02-23,40.34098434448242,26040900
2018-02-26,41.507347106933594,26992300
2018-02-27,42.18349075317383,43624100
2018-02-28,41.659481048583984,35541200
2018-03-01,40.43395233154297,36326600
2018-03-02,41.39746856689453,33310600
2018-03-05,42.04825973510742,30826500
2018-03-06,42.859649658203125,39132300
2018-03-07,43.375213623046875,31801900
2018-03-08,42.885009765625,29481200
2018-03-09,44.110530853271484,32727900
2018-03-12,43.54425048828125,32044400
2018-03-13,43.763999938964844,45573900
2018-03-14,43.83161544799805,24993500
2018-03-15,43.003334045410156,25631200
2018-03-16,43.24843215942383,42559800
2018-03-19,42.9610710144043,31115200
2018-03-20,43.569610595703125,22215000
2018-03-21,43.57806396484375,23239500
2018-03-22,42.9610710144043,30916000
2018-03-23,41.7186393737793,37683900
2018-03-26,44.355648040771484,39306200
2018-03-27,43.26533508300781,38777000
2018-03-28,41.92148971557617,37970900
2018-03-29,44.01756286621094,45265800
2018-04-02,41.34675979614258,67187800
2018-04-03,42.04825973510742,39432400
2018-04-04,42.25111389160156,30370000
2018-04-05,42.58074951171875,25115400
2018-04-06,41.23689270019531,28215200
2018-04-09,41.87923049926758,31437000
2018-04-10,43.33296585083008,25906400
2018-04-11,43.18927001953125,17568400
2018-04-12,44.55849838256836,29781400
2018-04-13,43.83161544799805,20884900
2018-04-16,44.288028717041016,18855500
2018-04-17,45.25154495239258,21228700
2018-04-18,45.310707092285156,22164700
2018-04-19,44.13588333129883,25422400
2018-04-20,43.552696228027344,26910100
2018-04-23,43.18927001953125,21706700
2018-04-24,43.48509979248047,42494700
2018-04-25,43.425933837890625,25752800
2018-04-26,44.83740234375,39575000
2018-04-27,44.566932678222656,69888100
2018-04-30,43.62876892089844,36417400
2018-05-01,45.07405471801758,27600800
2018-05-02,44.21196365356445,25778300
2018-05-03,44.18659210205078,28561000
2018-05-04,44.86665344238281,25642500
2018-05-07,45.33420181274414,20285700
2018-05-08,45.58921813964844,21026800
2018-05-09,46.19276809692383,19827500
2018-05-10,46.73680877685547,18715900
2018-05-11,46.47330093383789,15405000
2018-05-14,46.66880416870117,21878200
2018-05-15,45.835731506347656,21712600
2018-05-16,46.447776794433594,16260500
2018-05-17,46.5922966003418,16872600
2018-05-18,45.47870635986328,23679900
2018-05-21,46.17576217651367,25367400
2018-05-22,46.2862663269043,19009600
2018-05-23,46.93232345581055,20555400
2018-05-24,46.541290283203125,19667100
2018-05-25,47.12784194946289,18550000
2018-05-29,47.02582550048828,24253500
2018-05-30,47.33186340332031,24711500
2018-05-31,46.923824310302734,30962100
2018-06-01,48.5219612121582,31183200
2018-06-04,48.30944061279297,22538100
2018-06-05,48.054420471191406,21687000
2018-06-06,48.47944641113281,22955400
2018-06-07,47.501869201660156,27596100
2018-06-08,46.79631423950195,30822900
2018-06-11,46.34577178955078,25752400
2018-06-12,46.600791931152344,23294900
2018-06-13,46.7793083190918,22631400
2018-06-14,47.21284866333008,23419800
2018-06-15,46.84732437133789,39194700
2018-06-18,45.240699768066406,40764400
2018-06-19,44.99416732788086,31780900
2018-06-20,45.44470977783203,21403000
2018-06-21,44.365116119384766,44435600
2018-06-22,44.62863540649414,34682100
2018-06-25,43.10700988769531,45356500
2018-06-26,42.22294235229492,37543000
2018-06-27,41.44936752319336,33338800
2018-06-28,41.865909576416016,29055700
2018-06-29,42.25694274902344,28906500
2018-07-02,42.67347717285156,23755500
2018-07-03,42.05292892456055,16327900
2018-07-05,43.14102554321289,26163500
2018-07-06,43.668067932128906,19968000
2018-07-09,44.084598541259766,21361600
2018-07-10,44.3396110534668,17362900
2018-07-11,43.523555755615234,18665600
2018-07-12,44.50112533569336,20292700
2018-07-13,44.390621185302734,13749300
2018-07-16,44.21209716796875,15951500
2018-07-17,43.991085052490234,15754500
2018-07-18,43.96558380126953,14649000
2018-07-19,44.18659210205078,15954600
2018-07-20,44.127098083496094,17380500
2018-07-23,44.467124938964844,15945500
2018-07-24,44.35661697387695,17788700
2018-07-25,44.56913757324219,19854800
2018-07-26,44.3396110534668,28282500
2018-07-27,40.531307220458984,67816700
2018-07-30,40.53980255126953,35696600
2018-07-31,40.888328552246094,36581200
2018-08-01,41.49187469482422,28060700
2018-08-02,42.06143569946289,26452500
2018-08-03,42.18893051147461,22008200
2018-08-06,42.16327667236328,26669000
2018-08-07,42.505374908447266,28322700
2018-08-08,42.72774124145508,21990600
2018-08-09,42.881683349609375,23795600
2018-08-10,41.77842712402344,28712400
2018-08-13,41.43632888793945,17070600
2018-08-14,41.15409851074219,23061600
2018-08-15,40.58964157104492,26739900
2018-08-16,40.34162139892578,24358000
2018-08-17,40.28175354003906,26382000
2018-08-20,39.768619537353516,24334000
2018-08-21,40.72647476196289,19254300
2018-08-22,40.23899841308594,23182500
2018-08-23,40.17912292480469,31343200
2018-08-24,40.76068878173828,18214700
2018-08-27,41.35079574584961,17170300
2018-08-28,41.53895950317383,13472400
2018-08-29,41.69289016723633,13479100
2018-08-30,41.25672149658203,16418800
2018-08-31,41.41922378540039,16484000
2018-09-04,41.01726150512695,15682900
2018-09-05,40.81201171875,20857200
2018-09-06,40.41858673095703,19318100
2018-09-07,39.72584915161133,25958300
2018-09-10,39.59756851196289,21522400
2018-09-11,38.42588806152344,32455300
2018-09-12,38.42588806152344,29778700
2018-09-13,38.973243713378906,18657100
2018-09-14,38.94758224487305,22998700
2018-09-17,38.84495544433594,17603200
2018-09-18,39.426517486572266,20528100
2018-09-19,39.46928787231445,15918900
2018-09-20,40.36728286743164,21999300
2018-09-21,39.905452728271484,52650600
2018-09-24,40.11925506591797,17847000
2018-09-25,39.2640266418457,23389900
2018-09-26,39.08442306518555,23957700
2018-09-27,39.23836135864258,15415500
2018-09-28,40.44424819946289,46223500
2018-10-01,39.72584915161133,23796200
2018-10-02,41.136993408203125,42121100
2018-10-03,41.70144271850586,39211900
2018-10-04,41.16265106201172,30108300
2018-10-05,40.22188949584961,28901400
2018-10-08,40.22188949584961,19376800
2018-10-09,39.811378479003906,23285700
2018-10-10,38.31470489501953,43109500
2018-10-11,37.82722473144531,43648800
2018-10-12,38.383121490478516,32087400
2018-10-15,38.08378601074219,21633000
2018-10-16,39.2896728515625,21472000
2018-10-17,39.24691390991211,23124400
2018-10-18,38.46009826660156,26638800
2018-10-19,37.630523681640625,28368500
2018-10-22,38.49430465698242,34508800
2018-10-23,38.058128356933594,38590300
2018-10-24,36.27924346923828,33631800
2018-10-25,37.89563751220703,48255300
2018-10-26,39.075870513916016,67280400
2018-10-29,38.82784652709961,35732200
2018-10-30,40.84621047973633,43975200
2018-10-31,40.09360122680664,33369100
2018-11-01,41.239620208740234,28335300
2018-11-02,40.290313720703125,30759800
2018-11-05,41.02581024169922,23751200
2018-11-06,40.66435241699219,23839600
2018-11-07,41.92947006225586,29913200
2018-11-08,42.16183090209961,26581700
2018-11-09,41.40448760986328,21761400
2018-11-12,40.147972106933594,24412800
2018-11-13,40.78483200073242,29315900
2018-11-14,40.52664566040039,25632700
2018-11-15,41.40448760986328,29581000
2018-11-16,42.024139404296875,31670600
2018-11-19,41.309814453125,26859000
2018-11-20,40.78483200073242,29200800
2018-11-21,40.475013732910156,19011400
2018-11-23,40.05331802368164,8906900
2018-11-26,40.836490631103516,20723000
2018-11-27,41.37005615234375,27621000
2018-11-28,42.049957275390625,28003200
2018-11-29,41.05162811279297,23592500
2018-11-30,42.437225341796875,43313700
2018-12-03,43.1429328918457,30870400
2018-12-04,41.09467697143555,35397700
2018-12-06,41.62824630737305,31661700
2018-12-07,39.79512405395508,34016400
2018-12-10,40.62993240356445,23289000
2018-12-11,40.7762336730957,23851000
2018-12-12,41.16351318359375,31305000
2018-12-13,41.55939483642578,19526000
2018-12-14,41.1893310546875,26372100
2018-12-17,40.51805114746094,26598700
2018-12-18,41.0860481262207,29014300
2018-12-19,39.21851348876953,39717600
2018-12-20,39.19268798828125,37750900
2018-12-21,38.59025955200195,52768300
2018-12-24,37.514488220214844,19241600
2018-12-26,39.75209426879883,28677600
2018-12-27,39.898399353027344,29970700
2018-12-28,40.234046936035156,24758700
2018-12-31,40.388954162597656,20490400
2019-01-02,40.51805114746094,18774600
2019-01-03,38.28904342651367,32267300
2019-01-04,40.63853073120117,35447300
2019-01-07,40.82787322998047,22736800
2019-01-08,41.0860481262207,22749200
2019-01-09,41.318424224853516,22554500
2019-01-10,41.79176712036133,27202600
2019-01-11,42.11019515991211,21751300
2019-01-14,41.61103057861328,19193900
2019-01-15,41.8261833190918,22480800
2019-01-16,41.421695709228516,19057700
2019-01-17,41.71430969238281,17448700
2019-01-18,42.33395767211914,29874600
2019-01-22,41.54219055175781,25940700
2019-01-23,41.2581787109375,18960700
2019-01-24,42.82450866699219,50578300
2019-01-25,40.48361587524414,86455700
2019-01-28,40.19961166381836,35928700
2019-01-29,40.05331802368164,20988300
2019-01-30,40.91393280029297,26931700
2019-01-31,40.552467346191406,43051300
2019-02-01,41.93806076049805,37442900
2019-02-04,42.35977554321289,20905000
2019-02-05,43.0396614074707,31641600
2019-02-06,43.21721267700195,21647800
2019-02-07,42.63694381713867,27825900
2019-02-08,42.29917526245117,18851200
2019-02-11,42.23854064941406,18004100
2019-02-12,43.312477111816406,18050100
2019-02-13,43.710880279541016,17712800
2019-02-14,44.00534439086914,17545400
2019-02-15,44.74150466918945,22520400
2019-02-19,44.516319274902344,15611800
2019-02-20,44.50766372680664,21607700
2019-02-21,44.52499008178711,16162100
2019-02-22,45.46034622192383,31934100
2019-02-25,45.9886589050293,20711800
2019-02-26,46.10124969482422,16082200
2019-02-27,46.109901428222656,17590300
2019-02-28,45.86738967895508,18388800
2019-03-01,46.161861419677734,18359300
2019-03-04,46.71616744995117,21706100
2019-03-05,46.490970611572266,21057700
2019-03-06,45.858741760253906,14740500
2019-03-07,45.55561828613281,17803000
2019-03-08,45.451690673828125,16793900
2019-03-11,46.205169677734375,18963000
2019-03-12,46.395713806152344,20782100
2019-03-13,47.08857345581055,25522300
2019-03-14,46.283111572265625,26647100
2019-03-15,47.053924560546875,46512500
2019-03-18,46.854732513427734,16274000
2019-03-19,46.91535186767578,18274800
2019-03-20,46.61222839355469,24325300
2019-03-21,47.32240676879883,19127200
2019-03-22,46.127227783203125,21438400
2019-03-25,45.71150588989258,16971400
2019-03-26,46.283111572265625,17724300
2019-03-27,46.04061508178711,19656000
2019-03-28,45.997314453125,13607900
2019-03-29,46.50830841064453,18736100
2019-04-01,47.209815979003906,17830400
2019-04-02,47.07990646362305,13704500
2019-04-03,48.04991912841797,24552800
2019-04-04,48.43099594116211,16520500
2019-04-05,48.15385055541992,19268400
2019-04-08,48.2231330871582,11758800
2019-04-09,47.911346435546875,13339700
2019-04-10,48.28375244140625,13084000
2019-04-11,48.32706832885742,10845800
2019-04-12,48.8640251159668,12910200
2019-04-15,48.74277877807617,11676900
2019-04-16,49.11519241333008,30301900
2019-04-17,50.717437744140625,38788400
2019-04-18,50.656803131103516,20464200
2019-04-22,50.9426155090332,12327500
2019-04-23,50.907981872558594,17739900
2019-04-24,50.85600662231445,17723700
2019-04-25,49.8946647644043,27949900
2019-04-26,45.40837478637695,72364500
2019-04-29,44.265167236328125,42142300
2019-04-30,44.20453643798828,27130900
2019-05-01,43.9620246887207,20467600
2019-05-02,43.7801628112793,22655400
2019-05-03,44.81945037841797,25656600
2019-05-06,44.632102966308594,26245200
2019-05-07,43.98728561401367,29713400
2019-05-08,42.90677261352539,36812400
2019-05-09,40.62375259399414,59642200
2019-05-10,40.257774353027344,42522800
2019-05-13,39.00299072265625,39091900
2019-05-14,39.36024475097656,24706500
2019-05-15,39.75237274169922,23407900
2019-05-16,39.673954010009766,19954700
2019-05-17,39.116268157958984,22500400
2019-05-20,37.957332611083984,28675000
2019-05-21,38.7415771484375,25543400
2019-05-22,38.34074020385742,16932500
2019-05-23,38.80256652832031,35783900
2019-05-24,38.83742141723633,27168100
2019-05-28,37.96604919433594,34779900
2019-05-29,38.54115295410156,28450300
2019-05-30,38.97684860229492,21618900
2019-05-31,38.3755989074707,25532500
2019-06-03,37.87019729614258,31155700
2019-06-04,39.02912521362305,28094900
2019-06-05,38.81999969482422,20802000
2019-06-06,39.29925537109375,19076200
2019-06-07,40.10963439941406,24370300
2019-06-10,40.78060531616211,20806100
2019-06-11,40.82417678833008,18415500
2019-06-12,40.362342834472656,15900600
2019-06-13,40.693458557128906,12267600
2019-06-14,40.24905776977539,15381100
2019-06-17,40.19676971435547,12643300
2019-06-18,41.277286529541016,25732300
2019-06-19,41.01587677001953,17436400
2019-06-20,41.12043762207031,20126800
2019-06-21,41.35569763183594,31096300
2019-06-24,41.503841400146484,14479900
2019-06-25,40.82417678833008,16665600
2019-06-26,41.991825103759766,21886300
2019-06-27,41.35569763183594,23062900
2019-06-28,41.712982177734375,26646200
2019-07-01,41.869834899902344,27423300
2019-07-02,41.930824279785156,15381600
2019-07-03,42.27937316894531,10739100
2019-07-05,41.895973205566406,14339200
2019-07-08,41.66941452026367,16564300
2019-07-09,41.60841369628906,17853200
2019-07-10,42.00925064086914,16032300
2019-07-11,42.349082946777344,16615100
2019-07-12,43.49931716918945,20148700
2019-07-15,43.673580169677734,14345100
2019-07-16,42.84576416015625,17131400
2019-07-17,43.037471771240234,11928600
2019-07-18,43.51673126220703,15671600
2019-07-19,43.80429458618164,29141100
2019-07-22,44.745391845703125,21688000
2019-07-23,45.09393310546875,18413500
2019-07-24,46.11344909667969,20896400
2019-07-25,45.45120620727539,27765400
2019-07-26,44.95451354980469,36401500
2019-07-29,45.75619125366211,21897500
2019-07-30,45.05036163330078,16487700
2019-07-31,44.048282623291016,24169800
2019-08-01,43.133331298828125,34020800
2019-08-02,42.418800354003906,27881600
2019-08-05,40.92873764038086,38936600
2019-08-06,41.19630432128906,26119600
2019-08-07,40.99454116821289,29440400
2019-08-08,41.380523681640625,30643700
2019-08-09,40.336585998535156,24975500
2019-08-12,40.00322341918945,18494300
2019-08-13,41.091041564941406,28959500
2019-08-14,40.24009323120117,25650200
2019-08-15,40.0909423828125,21896000
2019-08-16,40.792762756347656,22701800
2019-08-19,41.433162689208984,21403600
2019-08-20,40.880489349365234,23113300
2019-08-21,41.36298370361328,15915000
2019-08-22,41.03840255737305,19783000
2019-08-23,39.441776275634766,32814000
2019-08-26,39.96813201904297,22080500
2019-08-27,40.16990661621094,16925500
2019-08-28,40.16990661621094,14888800
2019-08-29,41.117347717285156,17803800
2019-08-30,41.5910758972168,16922600
2019-09-03,41.21385192871094,15003800
2019-09-04,42.91573715209961,23450700
2019-09-05,43.95091247558594,30014200
2019-09-06,44.67026138305664,17067900
2019-09-09,45.258033752441406,20749700
2019-09-10,45.459800720214844,18532000
2019-09-11,46.31075668334961,18968900
2019-09-12,46.503746032714844,23308700
2019-09-13,46.0914306640625,18010800
2019-09-16,45.79316711425781,13354600
2019-09-17,45.5738525390625,19641100
2019-09-18,45.389625549316406,14906800
2019-09-19,45.2404899597168,11428400
2019-09-20,44.494815826416016,37067900
2019-09-23,44.65272521972656,18916600
2019-09-24,43.70528793334961,28197400
2019-09-25,44.75799560546875,19486700
2019-09-26,44.67026138305664,11351800
2019-09-27,44.54744338989258,14845700
2019-09-30,45.20539474487305,13652100
2019-10-01,44.529903411865234,18413100
2019-10-02,43.32805633544922,20078700
2019-10-03,43.889503479003906,16320100
2019-10-04,44.67026138305664,12644900
2019-10-07,44.40709686279297,12081400
2019-10-08,43.62632751464844,17409100
2019-10-09,44.284278869628906,11834900
2019-10-10,44.836944580078125,13907900
2019-10-11,45.69666290283203,24072500
2019-10-14,45.30189895629883,15016800
2019-10-15,46.18793487548828,18878100
2019-10-16,46.012481689453125,14769300
2019-10-17,45.494895935058594,16533900
2019-10-18,45.05626678466797,16974100
2019-10-21,45.731754302978516,12189000
2019-10-22,45.62648391723633,13114300
2019-10-23,45.37207794189453,15887500
2019-10-24,45.81948471069336,23413000
2019-10-25,49.530311584472656,59767700
2019-10-28,49.79348373413086,32307500
2019-10-29,49.42503356933594,18155800
2019-10-30,49.65312576293945,15248000
2019-10-31,49.59171676635742,19249700
2019-11-01,49.57416534423828,17953500
2019-11-04,50.539161682128906,19068000
2019-11-05,50.48652648925781,20865400
2019-11-06,50.80848693847656,17721000
2019-11-07,51.20543670654297,16962800
2019-11-08,51.39949417114258,11888900
2019-11-11,51.47005844116211,11228900
2019-11-12,51.33774948120117,11952500
2019-11-13,51.06429672241211,15332700
2019-11-14,50.99373245239258,12119000
2019-11-15,51.126041412353516,16112100
2019-11-18,51.38185119628906,16097500
2019-11-19,51.47005844116211,17061900
2019-11-20,51.073123931884766,18542300
2019-11-21,51.35539245605469,16139000
2019-11-22,50.81730651855469,15690200
2019-11-25,51.87582778930664,15011700
2019-11-26,51.95520782470703,22338700
2019-11-27,51.61119842529297,18184200
2019-11-29,51.20543670654297,9481100
2019-12-02,50.86141586303711,19154500
2019-12-03,49.45888900756836,25737400
2019-12-04,49.41478729248047,18881400
2019-12-05,49.467716217041016,17673700
2019-12-06,50.111637115478516,16476800
2019-12-09,49.86465835571289,14298600
2019-12-10,49.917572021484375,16157900
2019-12-11,50.340980529785156,20051100
2019-12-12,50.7643928527832,27883300
2019-12-13,50.97608947753906,22795200
2019-12-16,50.89670944213867,19131200
2019-12-17,50.54386520385742,21653100
2019-12-18,50.4291877746582,28261000
2019-12-19,51.126041412353516,18865100
2019-12-20,51.99931335449219,49953000
2019-12-23,52.246299743652344,23593000
2019-12-24,52.40507888793945,6313200
2019-12-26,52.7667350769043,11480300
2019-12-27,52.99607467651367,14085800
2019-12-30,52.59031295776367,12750500
2019-12-31,52.793190002441406,14432900
2020-01-02,53.66646957397461,18056000
2020-01-03,53.01372146606445,15293900
2020-01-06,52.86376953125,17755200
2020-01-07,51.9816780090332,21876100
2020-01-08,52.0169563293457,23133500
2020-01-09,52.30805587768555,18813300
2020-01-10,51.9904899597168,15200600
2020-01-13,52.5638542175293,16453300
2020-01-14,52.422725677490234,17051200
2020-01-15,51.9904899597168,18498800
2020-01-16,52.625606536865234,21365500
2020-01-17,52.57267761230469,21803400
2020-01-21,53.41065979003906,28358500
2020-01-22,55.333621978759766,29475100
2020-01-23,55.85405731201172,42778700
2020-01-24,60.39683532714844,84711000
2020-01-27,57.94462203979492,30764000
2020-01-28,59.37360763549805,30915400
2020-01-29,58.5091552734375,18055800
2020-01-30,58.63264083862305,18522400
2020-01-31,56.39213943481445,25268400
2020-02-03,56.824363708496094,16646600
2020-02-04,57.74173355102539,20970800
2020-02-05,59.400054931640625,23401400
2020-02-06,59.470970153808594,17408000
2020-02-07,58.522491455078125,18134600
2020-02-10,58.8504753112793,22299300
2020-02-11,59.75464630126953,17975600
2020-02-12,59.79896545410156,15586600
2020-02-13,59.781219482421875,11602700
2020-02-14,59.63053512573242,13405500
2020-02-18,58.628875732421875,12758400
2020-02-19,59.48870849609375,13551200
2020-02-20,58.01722717285156,26452600
2020-02-21,57.03327941894531,20775900
2020-02-24,54.74627685546875,26903100
2020-02-25,52.94681167602539,34495700
2020-02-26,52.87590789794922,26190100
2020-02-27,49.489715576171875,42226900
2020-02-28,49.21491622924805,60721700
2020-03-02,51.57284164428711,43140300
2020-03-03,49.61381912231445,49740300
2020-03-04,52.01606369018555,29223100
2020-03-05,50.49138641357422,29099200
2020-03-06,49.436527252197266,36259200
2020-03-09,45.07526397705078,56197000
2020-03-10,47.84981155395508,36569000
2020-03-11,45.793277740478516,38563500
2020-03-12,40.36829376220703,50661700
2020-03-13,48.24871063232422,48805100
2020-03-16,39.543907165527344,53878900
2020-03-17,44.39270782470703,52085200
2020-03-18,42.20321273803711,49309900
2020-03-19,40.72285842895508,44538000
2020-03-20,40.62534713745117,52344000
2020-03-23,43.949493408203125,46698500
2020-03-24,46.44923782348633,50019800
2020-03-25,45.438697814941406,41106100
2020-03-26,49.23264694213867,41459800
2020-03-27,46.422637939453125,31633500
2020-03-30,49.18832778930664,31628600
2020-03-31,47.97390365600586,48074700
2020-04-01,45.98828887939453,29586600
2020-04-02,48.17779541015625,27810000
2020-04-03,47.98277282714844,23906100
2020-04-06,51.7944450378418,32323400
2020-04-07,51.767860412597656,41410000
2020-04-08,52.28199005126953,26719500
2020-04-09,50.65093994140625,40499700
2020-04-13,52.03377914428711,23251900
2020-04-14,53.77119827270508,25674000
2020-04-15,52.18448257446289,22841600
2020-04-16,53.886436462402344,24433500
2020-04-17,53.505271911621094,27385600
2020-04-20,52.45927047729492,26420300
2020-04-21,49.95951843261719,25248000
2020-04-22,53.27479553222656,23350400
2020-04-23,52.33517074584961,35092000
2020-04-24,52.53018569946289,50187000
2020-04-27,52.71633529663086,25902200
2020-04-28,52.078102111816406,28784700
2020-04-29,54.78173065185547,30451500
2020-04-30,53.168418884277344,26279900
2020-05-01,50.94347381591797,21194800
2020-05-04,51.404415130615234,18957200
2020-05-05,52.078102111816406,17252100
2020-05-06,52.75559997558594,17848700
2020-05-07,52.7466926574707,14733500
2020-05-08,53.19241714477539,20384500
2020-05-11,53.602474212646484,18684400
2020-05-12,52.05136489868164,16754900
2020-05-13,51.471923828125,21065000
2020-05-14,52.66645812988281,21569400
2020-05-15,51.953304290771484,21373300
2020-05-18,53.4152717590332,20428700
2020-05-19,53.74510192871094,21865000
2020-05-20,56.250064849853516,30584000
2020-05-21,55.251644134521484,20987700
2020-05-22,55.501243591308594,14103000
2020-05-26,55.572566986083984,20933600
2020-05-27,56.660125732421875,19886300
2020-05-28,55.00204086303711,17253500
2020-05-29,56.098514556884766,33393900
2020-06-01,55.14467239379883,14317700
2020-06-02,55.37644577026367,20702400
2020-06-03,55.20707321166992,16737300
2020-06-04,56.13417434692383,22010100
2020-06-05,57.35544204711914,26813100
2020-06-08,56.75818634033203,21546200
2020-06-09,56.19657516479492,23594100
2020-06-10,56.93647384643555,21367800
2020-06-11,53.219146728515625,26998200
2020-06-12,52.88931655883789,30419800
2020-06-15,53.57572555541992,29651700
2020-06-16,53.843170166015625,23226600
2020-06-17,53.92338943481445,20454800
2020-06-18,53.55790328979492,24899700
2020-06-19,53.14783477783203,60336100
2020-06-22,53.56681823730469,22846000
2020-06-23,53.4152717590332,22809600
2020-06-24,52.67538070678711,27764500
2020-06-25,52.15833282470703,21906900
2020-06-26,51.257972717285156,38477500
2020-06-29,51.944393157958984,22150300
2020-06-30,53.33504104614258,31542100
2020-07-01,52.4257698059082,14748100
2020-07-02,52.71102523803711,15578600
2020-07-06,53.07652282714844,20536700
2020-07-07,51.98004913330078,15996500
2020-07-08,52.24748229980469,13277900
2020-07-09,52.07810592651367,20683700
2020-07-10,53.06760787963867,17742300
2020-07-13,52.22073745727539,19082900
2020-07-14,52.57731628417969,24190900
2020-07-15,52.62188720703125,19986300
2020-07-16,52.71994400024414,12425900
2020-07-17,53.48658752441406,16322800
2020-07-20,54.51174545288086,16868700
2020-07-21,54.11060333251953,19803700
2020-07-22,54.422603607177734,18959900
2020-07-23,53.843170166015625,43518600
2020-07-24,45.09811019897461,182269900
2020-07-27,44.188838958740234,107526500
2020-07-28,43.89466857910156,62362600
2020-07-29,42.85166931152344,60500800
2020-07-30,42.780357360839844,39735200
2020-07-31,42.548580169677734,46536000
2020-08-03,43.05670166015625,31767100
2020-08-04,43.796607971191406,29045800
2020-08-05,43.60939407348633,29438600
2020-08-06,43.59144973754883,23795500
2020-08-07,43.10680389404297,36765200
2020-08-10,44.17481994628906,37442600
2020-08-11,43.25040054321289,35348100
2020-08-12,44.147891998291016,30659800
2020-08-13,43.58247375488281,24774500
2020-08-14,43.87864303588867,22321200
2020-08-17,43.9145393371582,20018300
2020-08-18,43.663246154785156,19251400
2020-08-19,43.37604522705078,27775000
2020-08-20,44.12993621826172,55081300
2020-08-21,44.228668212890625,34621500
2020-08-24,44.1030158996582,36295300
2020-08-25,44.36330032348633,38384300
2020-08-26,44.47099304199219,28616600
2020-08-27,44.336368560791016,24420600
2020-08-28,45.26079177856445,35384700
2020-08-31,45.72748565673828,46114100
2020-09-01,45.58389663696289,30472800
2020-09-02,46.89423751831055,53000700
2020-09-03,45.224884033203125,47394300
2020-09-04,44.9466667175293,43318400
2020-09-08,43.8965950012207,39752700
2020-09-09,44.53382110595703,33437300
2020-09-10,43.941471099853516,32649100
2020-09-11,44.228668212890625,29333600
2020-09-14,44.3453483581543,27212500
2020-09-15,44.87487030029297,27598300
2020-09-16,45.206932067871094,26531400
2020-09-17,45.16206741333008,26959900
2020-09-18,44.77614212036133,50123500
2020-09-21,44.623573303222656,27377100
2020-09-22,44.82999801635742,22290900
2020-09-23,43.815818786621094,30078800
2020-09-24,44.1209716796875,29343400
2020-09-25,44.821014404296875,26633400
2020-09-28,46.158287048339844,29652200
2020-09-29,45.94287872314453,19558200
2020-09-30,46.472415924072266,27711300
2020-10-01,46.8852653503418,22127600
2020-10-02,45.78134536743164,25811800
2020-10-05,46.39163589477539,20883200
2020-10-06,46.10443115234375,25642800
2020-10-07,47.271183013916016,21978700
2020-10-08,47.89942932128906,22369500
2020-10-09,47.40580749511719,24343900
2020-10-12,48.35715103149414,27303500
2020-10-13,48.31228256225586,20005800
2020-10-14,48.06098175048828,21874200
2020-10-15,48.33023452758789,18272900
2020-10-16,48.608455657958984,23414400
2020-10-19,48.98541259765625,43537200
2020-10-20,47.95328140258789,27224900
2020-10-21,48.016109466552734,21866000
2020-10-22,48.37510681152344,41522700
2020-10-23,43.25938415527344,97322500
2020-10-26,41.93107604980469,54161300
2020-10-27,40.9617805480957,50130500
2020-10-28,39.714256286621094,45066000
2020-10-29,39.58860778808594,36796800
2020-10-30,39.741180419921875,46781300
2020-11-02,39.902740478515625,33856700
2020-11-03,40.25275802612305,34349500
2020-11-04,41.015628814697266,34748200
2020-11-05,41.29588317871094,31103200
2020-11-06,41.03371047973633,36233700
2020-11-09,41.22355270385742,48481700
2020-11-10,41.07891082763672,39224500
2020-11-11,41.901573181152344,31496900
2020-11-12,40.63593673706055,42881300
2020-11-13,41.096988677978516,30884700
2020-11-16,41.756919860839844,36306300
2020-11-17,41.1602783203125,31118000
2020-11-18,40.735374450683594,32817900
2020-11-19,41.24163055419922,29469100
2020-11-20,41.03371047973633,24199300
2020-11-23,41.639404296875,35489600
2020-11-24,42.49822998046875,33901200
2020-11-25,42.534393310546875,28126900
2020-11-27,42.89600372314453,15921400
2020-11-30,43.709617614746094,46332700
2020-12-01,44.803497314453125,57768000
2020-12-02,45.11086654663086,33753500
2020-12-03,46.096248626708984,50261200
2020-12-04,47.000282287597656,39767700
2020-12-07,45.38207244873047,51040300
2020-12-08,45.82503890991211,28956500
2020-12-09,45.26455307006836,34068400
2020-12-10,45.436309814453125,33706000
2020-12-11,44.95717239379883,29398800
2020-12-14,45.626155853271484,33436400
2020-12-15,45.80695343017578,25465600
2020-12-16,46.21377182006836,28351000
2020-12-17,45.78888702392578,26399000
2020-12-18,42.90504455566406,119298400
2020-12-21,41.91061019897461,53775700
2020-12-22,41.73884201049805,32171200
2020-12-23,42.10045623779297,22564200
2020-12-24,42.55247116088867,11865600
2020-12-28,42.55247116088867,21269200
2020-12-29,44.649810791015625,84531400
2020-12-30,44.07123565673828,37385400
2020-12-31,45.038536071777344,28576800
2021-01-04,44.90293884277344,46102500
2021-01-05,45.75271987915039,24866600
2021-01-06,46.1956901550293,36809600
2021-01-07,47.18107604980469,32092300
2021-01-08,46.69291305541992,34625400
2021-01-11,46.59347152709961,32925000
2021-01-12,48.13030242919922,39883900
2021-01-13,51.48423767089844,124070700
2021-01-14,53.563499450683594,74680900
2021-01-15,52.053775787353516,50265400
2021-01-19,52.424434661865234,35647100
2021-01-20,53.03916549682617,28701300
2021-01-21,56.465415954589844,86519500
2021-01-22,51.22206497192383,85729300
2021-01-25,50.119163513183594,61968500
2021-01-26,49.911231994628906,31485900
2021-01-27,48.44671630859375,49722900
2021-01-28,50.68870544433594,49202600
2021-01-29,50.18244171142578,37256200
2021-02-01,51.24919128417969,26926600
2021-02-02,52.433467864990234,23580900
2021-02-03,52.1441764831543,21893200
2021-02-04,53.47024154663086,29853800
2021-02-05,52.91544723510742,23432600
2021-02-08,53.80677032470703,34358300
2021-02-09,53.461151123046875,28754100
2021-02-10,53.533912658691406,16325100
2021-02-11,55.17103576660156,27539100
2021-02-12,56.21697998046875,26214200
2021-02-16,56.817264556884766,26326300
2021-02-17,56.253353118896484,21055400
2021-02-18,56.03507614135742,17846100
2021-02-19,57.30838394165039,28290100
2021-02-22,55.21650314331055,32288200
2021-02-23,55.589412689208984,27374600
2021-02-24,57.472103118896484,24669900
2021-02-25,54.9345703125,36394000
2021-02-26,55.280174255371094,38216800
2021-03-01,57.19015884399414,28495400
2021-03-02,55.69855499267578,23320000
2021-03-03,54.47980499267578,28740400
2021-03-04,53.05187225341797,40210400
2021-03-05,55.24380111694336,39511700
2021-03-08,54.43433380126953,33112400
2021-03-09,56.99915313720703,36387500
2021-03-10,56.61716842651367,27160300
2021-03-11,57.58124542236328,30701800
2021-03-12,57.20835876464844,20173000
2021-03-15,58.01781463623047,21247400
2021-03-16,58.9182243347168,30186600
2021-03-17,59.82773971557617,32394700
2021-03-18,57.96324157714844,30094200
2021-03-19,57.99052047729492,54951700
2021-03-22,59.69130325317383,34380100
2021-03-23,57.73585891723633,35160000
2021-03-24,56.426170349121094,74584700
2021-03-25,56.40797805786133,35401400
2021-03-26,59.000083923339844,34705800
2021-03-29,58.66356658935547,26161600
2021-03-30,57.999629974365234,20709500
2021-03-31,58.20881271362305,33013200
2021-04-01,58.709049224853516,31416300
2021-04-05,60.518978118896484,27947500
2021-04-06,59.62764358520508,28771400
2021-04-07,60.25521469116211,17793300
2021-04-08,60.98283004760742,22224200
2021-04-09,62.08332824707031,27177100
2021-04-12,59.491233825683594,51266900
2021-04-13,59.31841278076172,26822000
2021-04-14,58.381622314453125,25768400
2021-04-15,59.13650894165039,24927700
2021-04-16,58.89094924926758,24625500
2021-04-19,57.87229919433594,23997700
2021-04-20,57.02644729614258,19872100
2021-04-21,57.93595886230469,24364200
2021-04-22,56.908199310302734,38257600
2021-04-23,53.8795280456543,77479500
2021-04-26,53.44295883178711,39645900
2021-04-27,52.724449157714844,38167700
2021-04-28,52.406124114990234,30387400
2021-04-29,53.00639724731445,23290600
2021-04-30,52.32426071166992,30731800
2021-05-03,52.078697204589844,22281700
2021-05-04,51.75127029418945,35323600
2021-05-05,51.70579147338867,21001900
2021-05-06,52.33539581298828,25529300
2021-05-07,52.7746467590332,19959000
2021-05-10,51.218955993652344,35046500
2021-05-11,50.367897033691406,35968100
2021-05-12,49.06843948364258,30232300
2021-05-13,49.425331115722656,29192500
2021-05-14,50.651588439941406,28158300
2021-05-17,50.6332893371582,20010200
2021-05-18,50.18487548828125,18703400
2021-05-19,50.660736083984375,23769700
2021-05-20,51.200660705566406,23145200
2021-05-21,51.319618225097656,17723100
2021-05-24,52.12491226196289,19164400
2021-05-25,52.04255294799805,22309900
2021-05-26,52.08831787109375,15173600
2021-05-27,52.829551696777344,32387600
2021-05-28,52.271339416503906,20303900
2021-06-01,52.06085968017578,20326400
2021-06-02,52.600772857666016,18483600
2021-06-03,51.466026306152344,21831300
2021-06-04,52.500118255615234,21493800
2021-06-07,52.2438850402832,17364400
2021-06-08,52.16151428222656,33254500
2021-06-09,52.16151428222656,13904800
2021-06-10,52.50926971435547,26738100
2021-06-11,52.939369201660156,18119700
2021-06-14,53.25050735473633,21784500
2021-06-15,53.067481994628906,20806500
2021-06-16,52.362850189208984,21879700
2021-06-17,52.32624435424805,21498800
2021-06-18,50.94441604614258,55118300
2021-06-21,51.12744903564453,19254600
2021-06-22,51.12744903564453,18682800
2021-06-23,50.56922149658203,20287900
2021-06-24,51.31046676635742,21209700
2021-06-25,51.1640510559082,21101200
2021-06-28,52.600772857666016,22480900
2021-06-29,51.932743072509766,26360000
2021-06-30,51.37453079223633,29891600
2021-07-01,51.25555419921875,24871600
2021-07-02,51.94189453125,17219400
2021-07-06,51.32876968383789,26186600
2021-07-07,51.20980453491211,14857400
2021-07-08,50.68818283081055,19162000
2021-07-09,51.23725891113281,18708000
2021-07-12,51.9144401550293,15392800
2021-07-13,52.04255294799805,15716000
2021-07-14,51.72227096557617,16263600
2021-07-15,51.072540283203125,18917000
2021-07-16,50.303836822509766,25263800
2021-07-19,50.00185012817383,27007700
2021-07-20,50.55091857910156,19867000
2021-07-21,51.45688247680664,18497200
2021-07-22,51.20980453491211,36691000
2021-07-23,48.50106430053711,67742300
2021-07-26,49.69986343383789,32881200
2021-07-27,48.6657829284668,39878000
2021-07-28,48.56512451171875,28478800
2021-07-29,49.14165115356445,16886600
2021-07-30,49.159942626953125,16465700
2021-08-02,49.12333679199219,18098100
2021-08-03,49.47109603881836,16375900
2021-08-04,49.324676513671875,17612700
2021-08-05,49.635986328125,15310000
2021-08-06,49.66361618041992,19256000
2021-08-09,49.783348083496094,14670100
2021-08-10,49.682037353515625,16215700
2021-08-11,49.866249084472656,18590800
2021-08-12,49.31361770629883,15070100
2021-08-13,49.26755905151367,15281100
2021-08-16,49.2491340637207,17690300
2021-08-17,48.53070831298828,22014900
2021-08-18,48.07017517089844,15061700
2021-08-19,48.30044937133789,22999400
2021-08-20,47.904388427734375,25728300
2021-08-23,49.028079986572266,23976300
2021-08-24,49.56230545043945,20348800
2021-08-25,49.56230545043945,15048400
2021-08-26,48.93598175048828,19570000
2021-08-27,49.635986328125,16525000
2021-08-30,49.682037353515625,14581300
2021-08-31,49.792572021484375,22350100
2021-09-01,49.433349609375,18615000
2021-09-02,49.48861312866211,15869500
2021-09-03,49.285980224609375,13456200
2021-09-07,49.41493606567383,13915000
2021-09-08,49.34123992919922,18235100
2021-09-09,49.184669494628906,13495800
2021-09-10,49.589935302734375,20324700
2021-09-13,50.6491584777832,22639200
2021-09-14,50.21625900268555,22072700
2021-09-15,50.768898010253906,18796200
2021-09-16,50.50178909301758,19863100
2021-09-17,49.97677993774414,35359200
2021-09-20,48.79782485961914,35051900
2021-09-21,48.696495056152344,17968900
2021-09-22,49.27676773071289,18594100
2021-09-23,49.764930725097656,16474300
2021-09-24,49.93994140625,12976200
2021-09-27,50.34519958496094,13899900
2021-09-28,49.7373046875,24691300
2021-09-29,49.26755905151367,20514300
2021-09-30,49.07413864135742,20534100
2021-10-01,49.60835266113281,19895100
2021-10-04,49.2491340637207,27353300
2021-10-05,49.691246032714844,18129400
2021-10-06,49.71887969970703,20059600
2021-10-07,49.90308380126953,20704400
2021-10-08,49.56230545043945,16068000
2021-10-11,49.22150802612305,14398800
2021-10-12,48.05176544189453,32784300
2021-10-13,48.13465118408203,18534000
2021-10-14,49.645198822021484,26586700
2021-10-15,50.16098403930664,25231100
2021-10-18,50.170204162597656,22407600
2021-10-19,50.85179138183594,18392900
2021-10-20,50.99915313720703,16850300
2021-10-21,51.57942581176758,38390900
2021-10-22,45.55568313598633,109971900
2021-10-25,45.50963592529297,43178800
2021-10-26,44.46882629394531,68405400
2021-10-27,44.109619140625,41081500
2021-10-28,44.28462600708008,31317200
2021-10-29,45.131996154785156,42301000
2021-11-01,45.63857650756836,28013700
2021-11-02,45.924110412597656,27193300
2021-11-03,46.41227722167969,23962100
2021-11-04,46.66083526611328,24806000
2021-11-05,47.226585388183594,36816200
2021-11-08,47.81089401245117,31647800
2021-11-09,47.48628234863281,22508400
2021-11-10,47.07819366455078,25040700
2021-11-11,46.86487579345703,25420000
2021-11-12,46.66083526611328,23884800
2021-11-15,46.670108795166016,24695800
2021-11-16,46.93907928466797,30927800
2021-11-17,46.586631774902344,23546900
2021-11-18,46.076534271240234,30658200
2021-11-19,45.92812728881836,27607600
2021-11-22,46.21565246582031,33389600
2021-11-23,45.538597106933594,44713300
2021-11-24,46.15072250366211,26035800
2021-11-26,45.24180603027344,25269000
2021-11-29,46.373313903808594,31478900
2021-11-30,45.631351470947266,49460800
2021-12-01,45.074867248535156,35093500
2021-12-02,45.90959167480469,37240800
2021-12-03,45.67771911621094,32224900
2021-12-06,47.2915153503418,40336000
2021-12-07,48.75690841674805,91731500
2021-12-08,47.99637985229492,37143400
2021-12-09,46.81849670410156,31694200
2021-12-10,46.9205207824707,23783600
2021-12-13,46.373313903808594,35726900
2021-12-14,46.09507751464844,34120400
2021-12-15,46.99471664428711,32590300
2021-12-16,47.143123626708984,33132300
2021-12-17,46.9483528137207,50102300
2021-12-20,46.0023307800293,30140300
2021-12-21,47.08747482299805,31956300
2021-12-22,47.2729606628418,23307900
2021-12-23,47.58829879760742,25198200
2021-12-27,48.17259979248047,20985400
2021-12-28,48.00565719604492,19290400
2021-12-29,48.07058334350586,14174800
2021-12-30,47.98711395263672,18359400
2021-12-31,47.764522552490234,16319000
2022-01-03,49.35047912597656,33857600
2022-01-04,49.285560607910156,45681400
2022-01-05,49.96261215209961,59109300
2022-01-06,50.09245681762695,35757900
2022-01-07,49.56380081176758,30717200
2022-01-10,51.205421447753906,49260800
2022-01-11,51.854644775390625,39795200
2022-01-12,51.69697952270508,29136800
2022-01-13,50.95500183105469,29605400
2022-01-14,51.65987777709961,30151500
2022-01-18,50.78805923461914,35313800
2022-01-19,49.730743408203125,30595100
2022-01-20,48.265350341796875,28582600
2022-01-21,48.265350341796875,46372400
2022-01-24,48.17259979248047,64198400
2022-01-25,47.30078887939453,44095400
2022-01-26,47.940738677978516,54895400
2022-01-27,44.564754486083984,89642800
2022-01-28,44.26797103881836,61945400
2022-01-31,45.278907775878906,51828400
2022-02-01,45.399478912353516,35386100
2022-02-02,45.918861389160156,37962700
2022-02-03,44.778072357177734,42145800
2022-02-04,44.866859436035156,32431500
2022-02-07,45.02572250366211,27558500
2022-02-08,45.61448287963867,28051200
2022-02-09,46.6424674987793,35217300
2022-02-10,45.66120910644531,32762700
2022-02-11,44.51173400878906,37208200
2022-02-14,44.46501159667969,28456900
2022-02-15,45.268707275390625,35837900
2022-02-16,45.07245635986328,26022900
2022-02-17,44.455665588378906,32030600
2022-02-18,42.09129333496094,76520100
2022-02-22,41.76421356201172,57093300
2022-02-23,41.726837158203125,38176700
2022-02-24,43.661312103271484,72740100
2022-02-25,44.58649444580078,39266300
2022-02-28,44.577152252197266,41946100
2022-03-01,43.754764556884766,53853000
2022-03-02,45.67055130004883,46936500
2022-03-03,44.792091369628906,36389900
2022-03-04,44.922935485839844,38310700
2022-03-07,44.55846405029297,43813700
2022-03-08,44.39023971557617,44813900
2022-03-09,44.51173400878906,36076500
2022-03-10,43.60523986816406,36456000
2022-03-11,42.8295783996582,27082100
2022-03-14,41.49319839477539,35993900
2022-03-15,41.8763542175293,34448900
2022-03-16,43.577205657958984,38885500
2022-03-17,44.05381393432617,28555000
2022-03-18,44.34352111816406,46237100
2022-03-21,44.28744888305664,32910900
2022-03-22,45.22197723388672,27923300
2022-03-23,45.109840393066406,37126400
2022-03-24,48.24051284790039,51677900
2022-03-25,48.436771392822266,33239800
2022-03-28,48.13771057128906,22932400
2022-03-29,48.82926559448242,27303700
2022-03-30,48.062957763671875,24623300
2022-03-31,46.31538391113281,43698300
2022-04-01,44.9603157043457,46598600
2022-04-04,45.97895050048828,23784900
2022-04-05,44.979000091552734,25779200
2022-04-06,44.4276237487793,31518700
2022-04-07,44.446319580078125,24117000
2022-04-08,43.941673278808594,22167300
2022-04-11,43.52113723754883,30352500
2022-04-12,43.45571517944336,29861400
2022-04-13,43.932315826416016,22171300
2022-04-14,42.68004608154297,36181800
2022-04-18,43.5865478515625,25593100
2022-04-19,44.792091369628906,31483100
2022-04-20,44.9603157043457,22787100
2022-04-21,44.39023971557617,27316900
2022-04-22,43.49309539794922,28219900
2022-04-25,43.97905349731445,35999300
2022-04-26,42.53987503051758,35356600
2022-04-27,42.25951385498047,28320900
2022-04-28,43.77345657348633,41097000
2022-04-29,40.73622512817383,70765900
2022-05-02,42.01653289794922,45446500
2022-05-03,42.109989166259766,40158400
2022-05-04,43.49309539794922,44625600
2022-05-05,42.009578704833984,52996700
2022-05-06,41.72699737548828,40916600
2022-05-09,40.56843948364258,44925800
2022-05-10,41.45384979248047,42770000
2022-05-11,40.342384338378906,40351700
2022-05-12,40.3517951965332,42329600
2022-05-13,41.06765365600586,32034100
2022-05-16,40.577857971191406,25071900
2022-05-17,41.82119369506836,28596600
2022-05-18,39.8902587890625,35218400
2022-05-19,39.57000732421875,29181000
2022-05-20,39.23091506958008,44802300
2022-05-23,39.560585021972656,27199500
2022-05-24,39.249752044677734,29837500
2022-05-25,39.74897003173828,26283100
2022-05-26,40.954627990722656,28826700
2022-05-27,41.96247482299805,30553300
2022-05-31,41.84002685546875,41111500
2022-06-01,41.548038482666016,29885500
2022-06-02,42.235633850097656,28727600
2022-06-03,40.86985397338867,33174700
2022-06-06,40.82276153564453,25437100
2022-06-07,41.0017204284668,25168700
2022-06-08,38.83530807495117,59649900
2022-06-09,37.68616485595703,39047200
2022-06-10,36.90437698364258,43066200
2022-06-13,35.57626724243164,50335900
2022-06-14,35.72697448730469,31351700
2022-06-15,36.405155181884766,37652300
2022-06-16,35.17124557495117,45576500
2022-06-17,34.8227424621582,71393200
2022-06-21,35.538597106933594,34004900
2022-06-22,35.20891571044922,32571000
2022-06-23,35.2371826171875,30163000
2022-06-24,36.36748123168945,38159900
2022-06-27,36.38632583618164,29585300
2022-06-28,35.58568572998047,37824200
2022-06-29,35.124149322509766,25437200
2022-06-30,35.2371826171875,35141000
2022-07-01,34.22932434082031,40596300
2022-07-05,34.558990478515625,33215000
2022-07-06,34.841575622558594,26258300
2022-07-07,35.924774169921875,33165400
2022-07-08,35.78349685668945,22566300
2022-07-11,35.03937530517578,25904300
2022-07-12,35.048789978027344,30546300
2022-07-13,35.048789978027344,27059200
2022-07-14,35.51975631713867,36690700
2022-07-15,36.37689971923828,32892300
2022-07-18,36.461669921875,30814400
2022-07-19,37.883968353271484,53095300
2022-07-20,38.2042236328125,36387900
2022-07-21,38.25132369995117,29661200
2022-07-22,36.923213958740234,41350000
2022-07-25,36.88553237915039,32263400
2022-07-26,36.69715118408203,35925500
2022-07-27,37.84628677368164,42571600
2022-07-28,37.40359115600586,56662300
2022-07-29,34.20106887817383,125292400
2022-08-01,34.813316345214844,52513400
2022-08-02,33.918495178222656,53929400
2022-08-03,34.39887237548828,59513900
2022-08-04,33.927913665771484,54046300
2022-08-05,33.6710319519043,40205100
2022-08-08,33.66151428222656,41534600
2022-08-09,32.843284606933594,48202300
2022-08-10,33.65199661254883,42243300
2022-08-11,33.86131286621094,35569700
2022-08-12,34.35606002807617,37675200
2022-08-15,34.57488250732422,25400600
2022-08-16,34.43217086791992,25000200
2022-08-17,34.042083740234375,29176100
2022-08-18,34.44168472290039,24598200
2022-08-19,33.66151428222656,31425500
2022-08-22,32.19631576538086,51006100
2022-08-23,32.30097198486328,30687100
2022-08-24,32.2153434753418,25105700
2022-08-25,33.195316314697266,29799100
2022-08-26,31.73963165283203,44851500
2022-08-29,31.340028762817383,32976800
2022-08-30,30.69305992126465,40182500
2022-08-31,30.36957359313965,44074500
2022-09-01,30.217348098754883,36440700
2022-09-02,29.703577041625977,34893300
2022-09-06,28.885347366333008,46989600
2022-09-07,29.16126251220703,37329500
2022-09-08,29.256404876708984,37359500
2022-09-09,29.931915283203125,34069500
2022-09-12,30.02705955505371,38305500
2022-09-13,27.867321014404297,71417900
2022-09-14,27.762664794921875,40767200
2022-09-15,27.439176559448242,39919100
2022-09-16,27.819747924804688,72748000
2022-09-19,28.010034561157227,33151900
2022-09-20,27.553346633911133,31129000
2022-09-21,27.087146759033203,39977300
2022-09-22,26.70657730102539,36092700
2022-09-23,26.183290481567383,43491100
2022-09-26,25.66000747680664,44786400
2022-09-27,25.583894729614258,44121400
2022-09-28,25.81223487854004,40433400
2022-09-29,25.098665237426758,41831300
2022-09-30,24.51829719543457,43821000
2022-10-03,25.66000747680664,44096200
2022-10-04,26.354551315307617,42427500
2022-10-05,26.297462463378906,30120000
2022-10-06,25.859806060791016,33985100
2022-10-07,24.470720291137695,57215500
2022-10-10,23.975980758666992,43409300
2022-10-11,23.823753356933594,48134900
2022-10-12,24.09966468811035,39634100
2022-10-13,25.136722564697266,62447000
2022-10-14,24.651491165161133,48185400
2022-10-17,25.136722564697266,39416500
2022-10-18,24.61343765258789,51126900
2022-10-19,24.737119674682617,33882300
2022-10-20,24.813236236572266,33247700
2022-10-21,25.66000747680664,53058700
2022-10-24,25.859806060791016,43831600
2022-10-25,26.078636169433594,32205300
2022-10-26,25.888349533081055,37111100
2022-10-27,24.994007110595703,56305100
2022-10-28,27.658002853393555,91695700
2022-10-31,27.04909324645996,59507700
2022-11-01,26.925405502319336,44418700
2022-11-02,26.088150024414062,51956100
2022-11-03,26.059606552124023,39678200
2022-11-04,27.1926326751709,43051900
2022-11-07,27.395130157470703,34389800
2022-11-08,27.462629318237305,36258000
2022-11-09,26.536924362182617,30544800
2022-11-10,28.69690704345703,62943900
2022-11-11,29.342973709106445,49826500
2022-11-14,29.265830993652344,39395300
2022-11-15,29.61296844482422,40933200
2022-11-16,28.475122451782227,35582800
2022-11-17,28.8222599029541,31983300
2022-11-18,28.802978515625,27122200
2022-11-21,27.906198501586914,36086800
2022-11-22,28.754762649536133,25584100
2022-11-23,28.61012077331543,23143900
2022-11-25,28.291912078857422,11314900
2022-11-28,27.70370101928711,28267900
2022-11-29,27.867626190185547,24361500
2022-11-30,28.99582862854004,72072500
2022-12-01,28.764406204223633,38896300
2022-12-02,28.35940933227539,31546000
2022-12-05,28.12798309326172,34040400
2022-12-06,27.578346252441406,27701200
2022-12-07,27.317989349365234,28239900
2022-12-08,27.424060821533203,28486100
2022-12-09,27.231203079223633,25641300
2022-12-12,27.665130615234375,35117900
2022-12-13,27.70370101928711,58546800
2022-12-14,27.250490188598633,37141100
2022-12-15,26.180139541625977,45682700
2022-12-16,25.958358764648438,81104200
2022-12-19,25.833003997802734,37662500
2022-12-20,25.495502471923828,31863300
2022-12-21,25.871572494506836,28100900
2022-12-22,25.042293548583984,47478300
2022-12-23,25.15800666809082,23600900
2022-12-27,25.01336669921875,29548100
2022-12-28,24.627655029296875,26176900
2022-12-29,25.273717880249023,30944800
2022-12-30,25.485862731933594,31030100
2023-01-03,25.775148391723633,31308000
2023-01-04,26.691207885742188,37665200
2023-01-05,26.57549285888672,33552600
2023-01-06,27.70370101928711,31788600
2023-01-09,28.26297950744629,37493200
2023-01-10,28.388338088989258,23008100
2023-01-11,28.783693313598633,30375400
2023-01-12,29.207975387573242,28963900
2023-01-13,29.03440284729004,31361900
2023-01-17,28.54262351989746,34759100
2023-01-18,27.780841827392578,44199600
2023-01-19,27.404773712158203,36886600
2023-01-20,28.17619514465332,35158500
2023-01-23,29.188688278198242,38795800
2023-01-24,28.8511905670166,24855100
2023-01-25,28.63905143737793,28268000
2023-01-26,29.015117645263672,56088100
2023-01-27,27.154062271118164,148548200
2023-01-30,26.95156478881836,55145800
2023-01-31,27.250490188598633,52621600
2023-02-01,28.031553268432617,63330600
2023-02-02,29.111547470092773,62230700
2023-02-03,29.236902236938477,57603100
2023-02-06,28.002227783203125,48726400
2023-02-07,28.353593826293945,50780800
2023-02-08,27.563013076782227,36479100
2023-02-09,27.06524085998535,43906400
2023-02-10,27.133562088012695,31232500
2023-02-13,27.865583419799805,32347500
2023-02-14,27.95342445373535,27928900
2023-02-15,28.158390045166016,23359400
2023-02-16,27.52397346496582,28972500
2023-02-17,26.948118209838867,32086200
2023-02-21,25.435274124145508,63668400
2023-02-22,24.85941505432129,89195300
2023-02-23,24.996061325073242,56473200
2023-02-24,24.537330627441406,44089900
2023-02-27,24.303083419799805,37657000
2023-02-28,24.33236312866211,50255300
2023-03-01,24.722774505615234,47823400
2023-03-02,25.571918487548828,48309300
2023-03-03,25.76712417602539,36744900
2023-03-06,25.36695098876953,37879800
2023-03-07,24.91798210144043,43164600
2023-03-08,25.35719108581543,36071900
2023-03-09,25.806163787841797,54886100
2023-03-10,26.567462921142578,65187000
2023-03-13,26.30394172668457,50977000
2023-03-14,27.338529586791992,47689800
2023-03-15,27.728939056396484,49322800
2023-03-16,29.45650863647461,75779500
2023-03-17,29.095375061035156,80628500
2023-03-20,28.46095848083496,38780100
2023-03-21,27.777740478515625,55650800
2023-03-22,27.455650329589844,37415500
2023-03-23,28.334075927734375,43785500
2023-03-24,28.65616798400879,55912100
2023-03-27,28.480480194091797,34758200
2023-03-28,28.58784294128418,37407900
2023-03-29,30.76438331604004,85556200
2023-03-30,31.320720672607422,70077600
2023-03-31,31.886812210083008,59765000
2023-04-03,32.101539611816406,57038300
2023-04-04,32.30651092529297,55714100
2023-04-05,32.04298400878906,39615700
2023-04-06,32.02346420288086,28551900
2023-04-10,31.74040985107422,30534400
2023-04-11,31.57448387145996,27059100
2023-04-12,31.252399444580078,37070800
2023-04-13,31.35976219177246,29722300
2023-04-14,31.12551498413086,24623600
2023-04-17,31.369522094726562,29601100
2023-04-18,31.066953659057617,26041400
2023-04-19,30.40325164794922,25746600
2023-04-20,30.12020492553711,30255100
2023-04-21,29.573631286621094,28655800
2023-04-24,28.948970794677734,38732500
2023-04-25,28.187667846679688,38289900
2023-04-26,28.353593826293945,41218800
2023-04-27,29.14417839050293,60186200
2023-04-28,30.315410614013672,80252400
2023-05-01,29.573631286621094,36918500
2023-05-02,29.056337356567383,33463400
2023-05-03,29.915241241455078,45554500
2023-05-04,30.61595916748047,46104000
2023-05-05,30.37095069885254,35024600
2023-05-08,30.155345916748047,30882800
2023-05-09,29.49873161315918,30706500
2023-05-10,29.371328353881836,40526500
2023-05-11,28.283498764038086,47144400
2023-05-12,28.371702194213867,24153800
2023-05-15,29.204723358154297,28717500
2023-05-16,28.636308670043945,22812000
2023-05-17,28.293298721313477,41667300
2023-05-18,29.087120056152344,36529200
2023-05-19,29.33212661743164,40683000
2023-05-22,29.67513656616211,28693400
2023-05-23,28.920516967773438,29400900
2023-05-24,28.420703887939453,28045800
2023-05-25,26.852664947509766,78009400
2023-05-26,28.420703887939453,71910600
2023-05-30,29.390928268432617,54874800
2023-05-31,30.811965942382812,136243800
2023-06-01,30.508153915405273,52667400
2023-06-02,30.684558868408203,36521000
2023-06-05,29.263525009155273,48244100
2023-06-06,30.341550827026367,42295300
2023-06-07,30.655160903930664,39098000
2023-06-08,31.184371948242188,35199000
2023-06-09,30.713960647583008,40218000
2023-06-12,32.409400939941406,59881600
2023-06-13,33.23262405395508,51990000
2023-06-14,34.86927032470703,74404300
2023-06-15,35.104469299316406,67676300
2023-06-16,35.64348220825195,110240300
2023-06-20,34.30084991455078,65970200
2023-06-21,32.242801666259766,70973500
2023-06-22,32.05659103393555,45740300
2023-06-23,32.34080123901367,46327100
2023-06-26,32.67400360107422,38952400
2023-06-27,33.4188232421875,33038900
2023-06-28,32.899417877197266,33906900
2023-06-29,32.25259780883789,38313000
2023-06-30,32.772010803222656,33811300
2023-07-03,32.94841384887695,15753000
2023-07-05,31.86058807373047,37664700
2023-07-06,31.331377029418945,41693600
2023-07-07,31.213775634765625,28356300
2023-07-10,32.086002349853516,36305700
2023-07-11,32.63480758666992,28148800
2023-07-12,33.30122756958008,37762200
2023-07-13,33.19342041015625,32745800
2023-07-14,32.48780822753906,30438700
2023-07-17,33.683433532714844,34111200
2023-07-18,33.81083679199219,29662200
2023-07-19,33.77163314819336,26486700
2023-07-20,32.70341110229492,37878000
2023-07-21,33.340431213378906,79737000
2023-07-24,32.95821762084961,25225800
2023-07-25,33.4188232421875,31771100
2023-07-26,33.67363739013672,32643200
2023-07-27,33.859840393066406,58890800
2023-07-28,36.094295501708984,90863000
2023-07-31,35.05546951293945,55630700
2023-08-01,35.08486557006836,24702200
2023-08-02,33.70303726196289,39052000
2023-08-03,34.17344284057617,24817900
2023-08-04,34.56195068359375,26674900
2023-08-07,34.65046691894531,22486900
2023-08-08,34.44392395019531,34753600
2023-08-09,33.716094970703125,28720200
2023-08-10,34.10951614379883,30957300
2023-08-11,34.31605911254883,28783700
2023-08-14,35.09306716918945,36896100
2023-08-15,34.198036193847656,27420300
2023-08-16,32.978431701660156,35757300
2023-08-17,32.044063568115234,39906700
2023-08-18,32.21126174926758,23701100
2023-08-21,32.5948486328125,43718200
2023-08-22,32.348960876464844,23425300
2023-08-23,33.4210319519043,32324300
2023-08-24,32.053897857666016,37931000
2023-08-25,32.70303726196289,27324800
2023-08-28,33.066951751708984,22341800
2023-08-29,33.745601654052734,29943600
2023-08-30,33.96198272705078,26279200
2023-08-31,34.56195068359375,48157600
2023-09-01,36.00777053833008,43808500
2023-09-05,36.10612106323242,43379400
2023-09-06,36.37167739868164,39643400
2023-09-07,37.55194091796875,67659700
2023-09-08,37.384735107421875,44255200
2023-09-11,37.955196380615234,36349300
2023-09-12,38.220760345458984,55326600
2023-09-13,38.07322311401367,35407800
2023-09-14,38.033878326416016,30616500
2023-09-15,37.256874084472656,68881200
2023-09-18,37.36506652832031,29322200
2023-09-19,35.742210388183594,53288100
2023-09-20,34.11935043334961,57660800
2023-09-21,34.08000946044922,45240600
2023-09-22,33.617740631103516,29232700
2023-09-25,33.725929260253906,21729400
2023-09-26,33.273502349853516,34198300
2023-09-27,34.040672302246094,44369100
2023-09-28,34.60129165649414,32265300
2023-09-29,34.96520233154297,28763700
2023-10-02,34.87668228149414,26086200
2023-10-03,35.10289764404297,45292600
2023-10-04,35.338951110839844,39842200
2023-10-05,35.29960632324219,25771200
2023-10-06,35.59467697143555,33262200
2023-10-09,35.466819763183594,19376100
2023-10-10,35.830726623535156,24044100
2023-10-11,36.2733268737793,19262600
2023-10-12,36.23398208618164,23639200
2023-10-13,35.3782958984375,28390100
2023-10-16,35.95859146118164,29555800
2023-10-17,35.466819763183594,24993600
2023-10-18,35.05372619628906,22086000
2023-10-19,35.083229064941406,29201800
2023-10-20,34.34556198120117,32303300
2023-10-23,33.29316711425781,53924700
2023-10-24,34.020999908447266,52673900
2023-10-25,32.28995132446289,44658500
2023-10-26,31.98504638671875,59142500
2023-10-27,34.95537185668945,84128200
2023-10-30,35.10289764404297,36656300
2023-10-31,35.899574279785156,41185200
2023-11-01,36.67658233642578,41710700
2023-11-02,37.079837799072266,35440000
2023-11-03,37.512596130371094,30502700
2023-11-06,37.448455810546875,23877200
2023-11-07,38.25761795043945,32052000
2023-11-08,37.418853759765625,33483400
2023-11-09,37.30044174194336,48955800
2023-11-10,38.346435546875,38862500
2023-11-13,37.72475814819336,24558300
2023-11-14,38.889163970947266,45457400
2023-11-15,40.07330322265625,47392100
2023-11-16,42.77709197998047,86405700
2023-11-17,43.231014251708984,49735000
2023-11-20,44.14872360229492,44564900
2023-11-21,43.063262939453125,37252100
2023-11-22,43.09286117553711,31481200
2023-11-24,43.3790283203125,13037100
2023-11-27,43.4974479675293,33339900
2023-11-28,43.64546203613281,24548900
2023-11-29,44.3460807800293,38982000
2023-11-30,44.1092529296875,46263000
2023-12-01,43.16194152832031,43928400
2023-12-04,41.79030990600586,50417600
2023-12-05,41.365989685058594,31859300
2023-12-06,40.72458267211914,31992300
2023-12-07,41.59295654296875,29118700
2023-12-08,42.135684967041016,42815000
2023-12-11,43.95136642456055,48288200
2023-12-12,43.45797348022461,31452200
2023-12-13,43.98097229003906,35216100
2023-12-14,44.582908630371094,70620800
2023-12-15,45.549957275390625,84583400
2023-12-18,45.08616256713867,27895700
2023-12-19,46.04335021972656,35358800
2023-12-20,45.155242919921875,38159100
2023-12-21,46.457801818847656,28320500
2023-12-22,47.365638732910156,30095700
2023-12-26,49.83259963989258,60287400
2023-12-27,50.08916091918945,52148000
2023-12-28,49.724056243896484,27705200
2023-12-29,49.58590316772461,29288700
2024-01-02,47.16828536987305,45905700
2024-01-03,46.428192138671875,35858400
2024-01-04,46.25057601928711,47797800
2024-01-05,46.27030944824219,34344000
2024-01-08,47.809696197509766,42135100
2024-01-09,47.41497802734375,30097000
2024-01-10,46.842647552490234,31480200
2024-01-11,47.01039505004883,31707900
2024-01-12,46.49726486206055,27587900
2024-01-16,46.43806838989258,43720700
2024-01-17,45.45127868652344,33488000
2024-01-18,46.122291564941406,46681300
2024-01-19,47.51365661621094,55979800
2024-01-22,47.582733154296875,45639500
2024-01-23,48.24387741088867,37224100
2024-01-24,48.44123458862305,49375800
2024-01-25,48.89515686035156,84845100
2024-01-26,43.07312774658203,127665300
2024-01-29,43.260616302490234,51790900
2024-01-30,42.35277557373047,47958800
2024-01-31,42.51066207885742,51584200
2024-02-01,42.786964416503906,38819900
2024-02-02,42.0369987487793,53683500
2024-02-05,42.20475769042969,28890300
2024-02-06,42.29877853393555,34068200
2024-02-07,42.33836364746094,34269200
2024-02-08,42.061256408691406,33206500
2024-02-09,42.862892150878906,51193000
2024-02-12,43.57545852661133,51107300
2024-02-13,42.714439392089844,36622200
2024-02-14,43.73380661010742,36186200
2024-02-15,43.595252990722656,44024500
2024-02-16,43.060829162597656,29975300
2024-02-20,44.060401916503906,61514100
2024-02-21,43.021244049072266,57485200
2024-02-22,42.53630065917969,62809300
2024-02-23,42.54619598388672,33810700
2024-02-26,42.54619598388672,27035400
2024-02-27,42.28887939453125,25126400
2024-02-28,41.5565185546875,26928500
2024-02-29,42.60557556152344,48875100
2024-03-01,43.36763000488281,41426100
2024-03-04,45.13915252685547,59990800
2024-03-05,42.714439392089844,56655100
2024-03-06,44.05050277709961,52652000
2024-03-07,45.67357635498047,50378200
2024-03-08,43.54576873779297,54916600
2024-03-11,44.39689254760742,35051000
2024-03-12,44.772972106933594,31795800
2024-03-13,42.78371810913086,53195900
2024-03-14,42.30867385864258,38100000
2024-03-15,42.199806213378906,66952900
2024-03-18,42.26908874511719,27668300
2024-03-19,41.61589813232422,34673000
2024-03-20,41.76435089111328,74865000
2024-03-21,41.982078552246094,50807600
2024-03-22,42.130531311035156,28503100
2024-03-25,41.39817428588867,47276500
2024-03-26,41.5565185546875,39109700
2024-03-27,43.318145751953125,51017800
2024-03-28,43.714012145996094,54204200
2024-04-01,44.060401916503906,31712600
2024-04-02,43.486385345458984,32748400
2024-04-03,39.91366195678711,83718000
2024-04-04,39.31985092163086,57307200
2024-04-05,38.31038284301758,67263000
2024-04-08,37.58791732788086,56967800
2024-04-09,37.934303283691406,78671700
2024-04-10,36.81597137451172,51108400
2024-04-11,37.24153137207031,41909100
2024-04-12,35.321556091308594,80254800
2024-04-15,35.935157775878906,50751600
2024-04-16,35.88566970825195,30607500
2024-04-17,35.31166076660156,41173300
2024-04-18,34.67826843261719,42334400
2024-04-19,33.84693908691406,59070300
2024-04-22,34.054771423339844,39909900
2024-04-23,33.92611312866211,46834000
2024-04-24,34.14384078979492,53261100
2024-04-25,34.74754333496094,66549400
2024-04-26,31.55088996887207,119742500
2024-04-29,31.036258697509766,58533300
2024-04-30,30.155445098876953,72346400
2024-05-01,30.05647850036621,60654800
2024-05-02,30.195032119750977,50899400
2024-05-03,30.581005096435547,36794800
2024-05-06,30.774776458740234,36185600
2024-05-07,30.486604690551758,44683400
2024-05-08,29.81089210510254,63734600
2024-05-09,29.90032386779785,45003400
2024-05-10,29.66183853149414,42931300
2024-05-13,30.317676544189453,51459100
2024-05-14,30.854272842407227,47759900
2024-05-15,31.072887420654297,36992900
2024-05-16,31.828094482421875,47752800
2024-05-17,31.629356384277344,41449800
2024-05-20,31.897653579711914,31989000
2024-05-21,31.5399227142334,42975400
2024-05-22,31.221940994262695,36706400
2024-05-23,29.8903865814209,62014500
2024-05-24,30.526351928710938,42434500
2024-05-28,30.86421012878418,36799100
2024-05-29,29.94007110595703,35848600
2024-05-30,29.99969482421875,33351000
2024-05-31,30.655534744262695,95797500
2024-06-03,30.099063873291016,35544900
2024-06-04,29.8407039642334,51027200
2024-06-05,30.585975646972656,44161700
2024-06-06,30.22824478149414,34248100
2024-06-07,30.546226501464844,34085500
2024-06-10,30.71515464782715,37396500
2024-06-11,30.7250919342041,25326900
2024-06-12,30.56610107421875,51323900
2024-06-13,30.26799201965332,33787200
2024-06-14,30.258056640625,28125900
2024-06-17,30.784713745117188,36235300
2024-06-18,30.436920166015625,33294700
2024-06-20,30.426984786987305,43826300
2024-06-21,30.894020080566406,90795200
2024-06-24,30.37729835510254,40611800
2024-06-25,30.546226501464844,29323600
2024-06-26,30.347488403320312,30743000
2024-06-27,30.397172927856445,30184300
2024-06-28,30.774776458740234,41467700
2024-07-01,30.645597457885742,32401800
2024-07-02,30.874147415161133,35999300
2024-07-03,31.033138275146484,24065700
2024-07-05,31.818159103393555,45309400
2024-07-08,33.77574157714844,82315900
2024-07-09,34.3719596862793,97546900
2024-07-10,34.65019226074219,52256200
2024-07-11,33.2888298034668,55213700
2024-07-12,34.27259063720703,62792600
2024-07-15,34.242774963378906,39847900
2024-07-16,34.12353515625,28409900
2024-07-17,34.242774963378906,112304200
2024-07-18,34.65019226074219,84188600
2024-07-19,32.7721061706543,69628700
2024-07-22,33.15964889526367,48503700
2024-07-23,32.7422981262207,29466400
2024-07-24,31.50017547607422,62216700
2024-07-25,30.90395736694336,49774000
2024-07-26,31.152381896972656,38352500
2024-07-29,30.63566017150879,32342200
2024-07-30,29.94007110595703,48256600
2024-07-31,30.546226501464844,56110600
2024-08-01,28.866878509521484,107672500
2024-08-02,21.3445987701416,300895900
2024-08-05,19.983234405517578,147385700
2024-08-06,19.704999923706055,106670400
2024-08-07,18.989999771118164,97972300
2024-08-08,20.489999771118164,96836800
2024-08-09,19.709999084472656,76394500
2024-08-12,19.360000610351562,54677600
2024-08-13,20.469999313354492,77511300
2024-08-14,19.920000076293945,56758200
2024-08-15,20.690000534057617,84814900
2024-08-16,20.8700008392334,48582700
2024-08-19,21.520000457763672,65956300
2024-08-20,20.989999771118164,84161300
2024-08-21,21.40999984741211,57028900
2024-08-22,20.100000381469727,81444700
2024-08-23,20.540000915527344,73398400
2024-08-26,20.1299991607666,58534800
2024-08-27,20.06999969482422,43862000
2024-08-28,19.610000610351562,50144900
2024-08-29,20.1299991607666,64529700
2024-08-30,22.040000915527344,177785400
2024-09-03,20.100000381469727,115305500
2024-09-04,19.43000030517578,85871900
2024-09-05,19.399999618530273,65388800
2024-09-06,18.889999389648438,92686500
2024-09-09,19.06999969482422,64244100
2024-09-10,18.979999542236328,55621300
2024-09-11,19.639999389648438,71403100
2024-09-12,19.360000610351562,51520600
2024-09-13,19.65999984741211,44236300
2024-09-16,20.90999984741211,149337000
2024-09-17,21.469999313354492,196249800
2024-09-18,20.770000457763672,118727900
2024-09-19,21.139999389648438,99829200
2024-09-20,21.84000015258789,260377900
2024-09-23,22.559999465942383,184439100
2024-09-24,22.809999465942383,113082500
2024-09-25,23.540000915527344,117013400
2024-09-26,23.920000076293945,95416900
2024-09-27,23.90999984741211,85883300
2024-09-30,23.459999084472656,66308200
2024-10-01,22.690000534057617,86344400
2024-10-02,22.389999389648438,59033900
2024-10-03,22.260000228881836,49565900
2024-10-04,22.59000015258789,49845500
2024-10-07,22.3799991607666,54928700
2024-10-08,23.31999969482422,58650500
2024-10-09,23.459999084472656,44759000
2024-10-10,23.219999313354492,44874600
2024-10-11,23.559999465942383,43585300
2024-10-14,23.440000534057617,35403600
2024-10-15,22.65999984741211,68900600
2024-10-16,22.309999465942383,62151800
2024-10-17,22.440000534057617,43807600
2024-10-18,22.770000457763672,39971700
2024-10-21,22.84000015258789,39727000
2024-10-22,22.399999618530273,50160400
2024-10-23,21.979999542236328,45799100
2024-10-24,22.34000015258789,40554400
2024-10-25,22.68000030517578,67503000
2024-10-28,22.920000076293945,41915000
2024-10-29,22.899999618530273,83422200
2024-10-30,22.299999237060547,50941200
2024-10-31,21.520000457763672,112485500
2024-11-01,23.200000762939453,173471100
2024-11-04,22.520000457763672,84616300
2024-11-05,23.31999969482422,59153300
2024-11-06,25.049999237060547,116760500
2024-11-07,26.229999542236328,101489300
2024-11-08,26.200000762939453,76428000
2024-11-11,25.049999237060547,80185300
2024-11-12,24.15999984741211,62539700
2024-11-13,24.920000076293945,58202000
2024-11-14,25.030000686645508,49252100
2024-11-15,24.350000381469727,55104900
2024-11-18,24.84000015258789,59589500
2024-11-19,24.200000762939453,61190900
2024-11-20,24.010000228881836,50191500
2024-11-21,24.440000534057617,58928400
2024-11-22,24.5,36784700
2024-11-25,24.8700008392334,91128400
2024-11-26,24.049999237060547,69613600
2024-11-27,23.649999618530273,53992300
2024-11-29,24.049999237060547,36616800
2024-12-02,23.93000030517578,150497900
2024-12-03,22.469999313354492,138160500
2024-12-04,21.959999084472656,104649000
2024-12-05,20.799999237060547,167993500
2024-12-06,20.920000076293945,78539100
2024-12-09,20.809999465942383,68818200
2024-12-10,20.15999984741211,90004800
2024-12-11,20.1200008392334,75209300
2024-12-12,20.780000686645508,77695000
2024-12-13,20.34000015258789,55104100
2024-12-16,20.829999923706055,73832900
2024-12-17,20.440000534057617,51767200
2024-12-18,19.299999237060547,86041200
2024-12-19,19.059999465942383,69117800
2024-12-20,19.520000457763672,108453700
2024-12-23,20.200000762939453,57988400
2024-12-24,20.399999618530273,29884000
2024-12-26,20.440000534057617,39846200
2024-12-27,20.299999237060547,48260800
2024-12-30,19.81999969482422,59608100
2024-12-31,20.049999237060547,49846700
