date,close,volume
2014-01-02,41.79456329345703,15627600
2014-01-03,42.11767578125,14214100
2014-01-06,42.361793518066406,17550700
2014-01-07,41.87355041503906,17851200
2014-01-08,42.268455505371094,14687400
2014-01-09,42.189453125,13242500
2014-01-10,41.9956169128418,12694900
2014-01-13,41.42838668823242,20711600
2014-01-14,41.45711135864258,30272400
2014-01-15,42.71360397338867,35186600
2014-01-16,42.354618072509766,21689400
2014-01-17,41.72277069091797,20997900
2014-01-21,41.76584243774414,19548300
2014-01-22,41.34941101074219,15433500
2014-01-23,40.545257568359375,26234600
2014-01-24,39.55441665649414,26833100
2014-01-27,39.55441665649414,23935000
2014-01-28,40.021114349365234,18041000
2014-01-29,39.870338439941406,25459000
2014-01-30,40.207794189453125,17031100
2014-01-31,39.74827575683594,18174000
2014-02-03,38.994380950927734,28549900
2014-02-04,39.45390319824219,20709300
2014-02-05,39.64057540893555,19491600
2014-02-06,40.552433013916016,20881600
2014-02-07,40.6529541015625,23388500
2014-02-10,40.73912048339844,14715200
2014-02-11,41.234527587890625,18774100
2014-02-12,41.29915237426758,13437900
2014-02-13,41.66532516479492,16605500
2014-02-14,41.751487731933594,13067300
2014-02-18,41.9956169128418,14983800
2014-02-19,41.112464904785156,18669900
2014-02-20,41.34223556518555,12457000
2014-02-21,41.36376953125,16790100
2014-02-24,41.66532516479492,16151400
2014-02-25,40.94732666015625,17991800
2014-02-26,40.74629592895508,23661700
2014-02-27,40.703216552734375,16277500
2014-02-28,40.796546936035156,18599000
2014-03-03,40.35856628417969,19151000
2014-03-04,41.112464904785156,17157000
2014-03-05,41.75865936279297,17761500
2014-03-06,42.28998947143555,19420600
2014-03-07,42.64899444580078,18602200
2014-03-10,42.50538635253906,16945200
2014-03-11,41.78019714355469,19420000
2014-03-12,41.58634567260742,17932100
2014-03-13,41.22734069824219,17192500
2014-03-14,40.78219223022461,18635800
2014-03-17,41.34223556518555,13581400
2014-03-18,41.68687438964844,12554800
2014-03-19,41.85917663574219,21450700
2014-03-20,43.15876388549805,33736500
2014-03-21,43.20183563232422,35144100
2014-03-24,43.8480339050293,25810500
2014-03-25,43.74752426147461,24053500
2014-03-26,43.00797653198242,22745200
2014-03-27,43.02235412597656,24632600
2014-03-28,43.1085090637207,14708700
2014-03-31,43.589569091796875,15216700
2014-04-01,43.56083297729492,14584400
2014-04-02,43.69811248779297,14012200
2014-04-03,43.82817840576172,11925200
2014-04-04,43.21403503417969,16966900
2014-04-07,42.6287956237793,18685700
2014-04-08,42.520408630371094,16956500
2014-04-09,42.8238639831543,15308400
2014-04-10,41.47275161743164,29977200
2014-04-11,39.9554557800293,47241300
2014-04-14,39.70979690551758,31081500
2014-04-15,39.59419250488281,26691400
2014-04-16,39.92655563354492,27049400
2014-04-17,39.89765930175781,17955400
2014-04-21,39.76036834716797,12384800
2014-04-22,40.323944091796875,16257600
2014-04-23,40.49734878540039,11379000
2014-04-24,40.598506927490234,15360600
2014-04-25,40.24446105957031,15937700
2014-04-28,40.09272384643555,21394100
2014-04-29,40.533470153808594,13453400
2014-04-30,40.44676971435547,14388100
2014-05-01,40.258914947509766,12744600
2014-05-02,40.15776062011719,15153800
2014-05-05,39.175140380859375,25232300
2014-05-06,38.53931427001953,25327400
2014-05-07,39.05229187011719,18502600
2014-05-08,39.27627944946289,16090800
2014-05-09,39.02338409423828,12366500
2014-05-12,39.4858283996582,12825500
2014-05-13,39.464141845703125,12310700
2014-05-14,39.27627944946289,10325800
2014-05-15,38.66214370727539,19763000
2014-05-16,38.517635345458984,19992400
2014-05-19,38.89334487915039,12068900
2014-05-20,38.813873291015625,16888200
2014-05-21,39.10288619995117,13210200
2014-05-22,39.4135627746582,11800900
2014-05-23,39.39910888671875,10876500
2014-05-27,39.839847564697266,14503700
2014-05-28,40.0638427734375,11374900
2014-05-29,40.258914947509766,11741000
2014-05-30,40.150535583496094,11991900
2014-06-02,39.99159240722656,9440000
2014-06-03,40.172210693359375,9131500
2014-06-04,40.230003356933594,9727800
2014-06-05,40.916412353515625,16803400
2014-06-06,41.16205978393555,15399800
2014-06-09,41.4871940612793,11999700
2014-06-10,41.83401870727539,11609200
2014-06-11,41.37881851196289,14232200
2014-06-12,41.21263885498047,11670200
2014-06-13,41.21263885498047,12040800
2014-06-16,41.089820861816406,11199100
2014-06-17,41.4871940612793,11200500
2014-06-18,41.7473030090332,13729400
2014-06-19,41.40050506591797,11624400
2014-06-20,41.58114242553711,17124800
2014-06-23,42.04353713989258,16007700
2014-06-24,41.4871940612793,12322900
2014-06-25,41.56666946411133,14836600
2014-06-26,41.465518951416016,11854400
2014-06-27,41.56666946411133,10178600
2014-06-30,41.63170623779297,11549000
2014-07-01,41.8863525390625,14472200
2014-07-02,41.44980239868164,19189900
2014-07-03,41.508018493652344,12599800
2014-07-07,41.231544494628906,13916100
2014-07-08,40.5694465637207,18343400
2014-07-09,40.758628845214844,10914300
2014-07-10,40.42393493652344,12436600
2014-07-11,40.59856033325195,10230000
2014-07-14,40.95505905151367,14004400
2014-07-15,42.39565658569336,36178000
2014-07-16,42.71579360961914,20507500
2014-07-17,42.097347259521484,17013500
2014-07-18,42.366554260253906,12803300
2014-07-21,42.37381362915039,9141400
2014-07-22,42.686683654785156,10375200
2014-07-23,42.92678451538086,11122100
2014-07-24,43.050472259521484,9844100
2014-07-25,42.93406295776367,10500600
2014-07-28,43.065025329589844,12382800
2014-07-29,42.664852142333984,13498800
2014-07-30,42.861289978027344,11815700
2014-07-31,41.959102630615234,15955900
2014-08-01,41.09331130981445,23915400
2014-08-04,41.216976165771484,13543900
2014-08-05,40.7877311706543,16863300
2014-08-06,40.911407470703125,12190600
2014-08-07,40.6785888671875,11743800
2014-08-08,40.9914436340332,12213200
2014-08-11,40.976890563964844,9066800
2014-08-12,40.99870300292969,11289600
2014-08-13,41.267913818359375,7012600
2014-08-14,41.45708084106445,8275900
2014-08-15,41.28974914550781,12727400
2014-08-18,41.63897705078125,8881400
2014-08-19,41.87907409667969,9040500
2014-08-20,41.93729019165039,8121400
2014-08-21,42.56299591064453,12745500
2014-08-22,42.55572509765625,10228600
2014-08-25,43.17416000366211,13996800
2014-08-26,43.465187072753906,10281100
2014-08-27,43.35604476928711,11410900
2014-08-28,43.04318618774414,9096100
2014-08-29,43.254188537597656,8897900
2014-09-02,43.414249420166016,8671100
2014-09-03,43.43608474731445,11791800
2014-09-04,43.44336700439453,9811900
2014-09-05,43.58887481689453,9600900
2014-09-08,43.57431411743164,8090000
2014-09-09,42.97045135498047,14868700
2014-09-10,43.08684158325195,9153800
2014-09-11,43.479732513427734,11467000
2014-09-12,43.676185607910156,14359100
2014-09-15,43.61070251464844,10685600
2014-09-16,43.64707946777344,10947900
2014-09-17,43.879905700683594,15091800
2014-09-18,44.61476135253906,16973700
2014-09-19,44.46196365356445,18739300
2014-09-22,44.31645584106445,13225200
2014-09-23,44.33828353881836,14328800
2014-09-24,44.840293884277344,13728200
2014-09-25,43.76348876953125,16340100
2014-09-26,44.06179428100586,11948900
2014-09-29,43.89446258544922,10686500
2014-09-30,43.82896423339844,14384800
2014-10-01,43.487003326416016,18995800
2014-10-02,43.09880065917969,24559100
2014-10-03,44.168212890625,18321100
2014-10-06,44.080322265625,11578000
2014-10-07,43.413761138916016,14542000
2014-10-08,44.2414665222168,15834100
2014-10-09,43.274593353271484,19189500
2014-10-10,42.86442565917969,16689400
2014-10-13,42.60071563720703,17169300
2014-10-14,42.47621154785156,29096800
2014-10-15,40.67431640625,37866900
2014-10-16,40.344696044921875,31965100
2014-10-17,41.16507339477539,20183500
2014-10-20,41.48005294799805,10807600
2014-10-21,42.432254791259766,14020400
2014-10-22,42.08066940307617,13750700
2014-10-23,42.5274772644043,12641900
2014-10-24,43.02554702758789,13758000
2014-10-27,42.952308654785156,11087100
2014-10-28,43.677459716796875,13625000
2014-10-29,43.42841339111328,16712100
2014-10-30,43.50166320800781,14709800
2014-10-31,44.30006790161133,18347600
2014-11-03,44.593055725097656,11841200
2014-11-04,44.13159942626953,15295800
2014-11-05,44.790828704833984,14063800
2014-11-06,44.84941482543945,10421600
2014-11-07,45.02522277832031,12384600
2014-11-10,45.362144470214844,10801000
2014-11-11,44.951961517333984,12539800
2014-11-12,44.35866165161133,17219600
2014-11-13,44.116947174072266,12240400
2014-11-14,44.153564453125,6803400
2014-11-17,44.226802825927734,9017600
2014-11-18,44.33668899536133,8897800
2014-11-19,44.38796615600586,9210100
2014-11-20,44.036373138427734,10917300
2014-11-21,44.27811050415039,12340500
2014-11-24,44.651649475097656,8335000
2014-11-25,44.168212890625,14802600
2014-11-26,44.197505950927734,7626600
2014-11-28,44.065670013427734,6759600
2014-12-01,43.948463439941406,12771600
2014-12-02,44.739559173583984,12546600
2014-12-03,45.076480865478516,12115500
2014-12-04,44.959293365478516,11515200
2014-12-05,45.9261589050293,20071100
2014-12-08,45.9041862487793,15528200
2014-12-09,45.7430419921875,19676400
2014-12-10,44.446556091308594,29620600
2014-12-11,44.783504486083984,16886200
2014-12-12,43.977783203125,17405400
2014-12-15,43.33319091796875,19209900
2014-12-16,42.798484802246094,20709700
2014-12-17,43.779998779296875,17856400
2014-12-18,45.03254318237305,18173400
2014-12-19,45.362144470214844,22756400
2014-12-22,45.369468688964844,17073400
2014-12-23,45.765010833740234,13552600
2014-12-24,45.765010833740234,7412500
2014-12-26,45.816280364990234,6086500
2014-12-29,46.1165885925293,10601200
2014-12-30,46.255767822265625,7518100
2014-12-31,45.838260650634766,18529400
2015-01-02,46.06678771972656,12600000
2015-01-05,44.63664627075195,20100600
2015-01-06,43.47925567626953,29074100
2015-01-07,43.54560470581055,23843200
2015-01-08,44.5186882019043,16971100
2015-01-09,43.7446403503418,15396200
2015-01-12,43.368690490722656,15455200
2015-01-13,43.37605285644531,21644700
2015-01-14,41.87955856323242,49602300
2015-01-15,40.53788375854492,42458100
2015-01-16,41.23085021972656,29368900
2015-01-20,41.06865310668945,23477700
2015-01-21,41.20134735107422,21842400
2015-01-22,42.454559326171875,31423500
2015-01-23,41.78373336791992,15458300
2015-01-26,41.85008239746094,12577700
2015-01-27,41.429893493652344,15220500
2015-01-28,40.36095428466797,24354400
2015-01-29,41.03917694091797,20393300
2015-01-30,40.08820724487305,26943700
2015-02-02,40.89173126220703,20308900
2015-02-03,41.8132209777832,18812500
2015-02-04,41.56258010864258,14934100
2015-02-05,41.85008239746094,11293900
2015-02-06,42.67573165893555,25214000
2015-02-09,42.62411880493164,14372400
2015-02-10,43.09592819213867,16367300
2015-02-11,43.02958297729492,13061900
2015-02-12,43.91419982910156,23211300
2015-02-13,43.9879150390625,16479100
2015-02-17,44.3049201965332,15308800
2015-02-18,43.76676940917969,14278100
2015-02-19,43.663551330566406,11256500
2015-02-20,44.08374786376953,15379000
2015-02-23,43.752017974853516,16814000
2015-02-24,44.8356819152832,22937700
2015-02-25,45.071598052978516,18307900
2015-02-26,45.39594268798828,15444800
2015-02-27,45.17478561401367,15225900
2015-03-02,45.536014556884766,13047300
2015-03-03,45.683448791503906,13706900
2015-03-04,45.8014030456543,16625500
2015-03-05,45.70555877685547,10931300
2015-03-06,44.887290954589844,22719200
2015-03-09,45.33697509765625,13001500
2015-03-10,44.201698303222656,16357700
2015-03-11,44.40811538696289,13015600
2015-03-12,45.24114227294922,18159600
2015-03-13,44.968387603759766,16506200
2015-03-16,45.59498596191406,15182900
2015-03-17,45.41807174682617,11718300
2015-03-18,45.52126693725586,15697900
2015-03-19,45.11581802368164,11523800
2015-03-20,45.52126693725586,18368300
2015-03-23,45.071598052978516,15112900
2015-03-24,44.57029342651367,12128700
2015-03-25,43.943702697753906,14950900
2015-03-26,43.89208221435547,14039600
2015-03-27,43.89945983886719,11755800
2015-03-30,44.93888473510742,20656500
2015-03-31,44.658756256103516,17346700
2015-04-01,44.48807144165039,18100600
2015-04-02,44.91106033325195,12697800
2015-04-06,44.87396240234375,12025200
2015-04-07,45.155948638916016,11505500
2015-04-08,45.30437088012695,11734000
2015-04-09,45.616065979003906,11728500
2015-04-10,45.7867317199707,9869700
2015-04-13,46.06131362915039,15468700
2015-04-14,46.78113555908203,33775400
2015-04-15,47.64936828613281,28732200
2015-04-16,47.35253143310547,16640500
2015-04-17,46.6327018737793,20221200
2015-04-20,46.92954635620117,12755300
2015-04-21,46.23940658569336,14985100
2015-04-22,46.70691680908203,14484700
2015-04-23,46.6030158996582,12851300
2015-04-24,46.454612731933594,9597500
2015-04-27,46.26166915893555,11146400
2015-04-28,46.57333755493164,12307800
2015-04-29,47.19668960571289,17601200
2015-04-30,46.944393157958984,16840900
2015-05-01,47.204124450683594,11640100
2015-05-04,48.027828216552734,14972500
2015-05-05,47.79035949707031,17692400
2015-05-06,47.43415451049805,18087900
2015-05-07,47.864559173583984,15039900
2015-05-08,48.599239349365234,16802600
2015-05-11,48.569549560546875,13798800
2015-05-12,48.50276565551758,12762200
2015-05-13,48.62149429321289,11874100
2015-05-14,49.01481246948242,11855500
2015-05-15,48.88864517211914,11152100
2015-05-18,49.28937530517578,10510900
2015-05-19,49.72721862792969,14282700
2015-05-20,49.33391189575195,12446000
2015-05-21,49.46004867553711,12934500
2015-05-22,49.326473236083984,9296900
2015-05-26,48.77735137939453,15571300
2015-05-27,49.326473236083984,10963700
2015-05-28,49.126121520996094,11797400
2015-05-29,48.8144416809082,14310700
2015-06-01,49.03707504272461,11899300
2015-06-02,48.99253463745117,12784200
2015-06-03,49.497161865234375,12927300
2015-06-04,49.22257995605469,13863300
2015-06-05,50.03145980834961,20801100
2015-06-08,49.638160705566406,14558700
2015-06-09,49.853363037109375,13263500
2015-06-10,50.654815673828125,17478900
2015-06-11,50.8477668762207,13739900
2015-06-12,50.647403717041016,11804700
2015-06-15,50.4544563293457,14082300
2015-06-16,50.7364501953125,11692800
2015-06-17,50.56576156616211,14521900
2015-06-18,51.04072189331055,16759600
2015-06-19,50.5212516784668,21606400
2015-06-22,51.17427444458008,14306700
2015-06-23,51.76051330566406,15736900
2015-06-24,51.218807220458984,16995000
2015-06-25,50.9442253112793,13314300
2015-06-26,51.16685485839844,14489200
2015-06-29,49.868202209472656,19934400
2015-06-30,50.28377914428711,20677400
2015-07-01,50.843990325927734,13964400
2015-07-02,50.43317413330078,12822900
2015-07-06,50.29124450683594,13527100
2015-07-07,49.895355224609375,22421500
2015-07-08,48.8720588684082,17707200
2015-07-09,49.379981994628906,14984700
2015-07-10,50.08211898803711,12356100
2015-07-13,50.8588981628418,16175600
2015-07-14,51.568504333496094,20185100
2015-07-15,51.6805419921875,16891600
2015-07-16,51.95690155029297,18035700
2015-07-17,51.69548034667969,14040700
2015-07-20,51.732845306396484,11512900
2015-07-21,51.613311767578125,11659900
2015-07-22,52.34532165527344,15493000
2015-07-23,52.01666259765625,14331800
2015-07-24,51.47140884399414,12413900
2015-07-27,50.799156188964844,16801600
2015-07-28,50.82904052734375,14932400
2015-07-29,51.49380111694336,13059200
2015-07-30,51.568504333496094,10197200
2015-07-31,51.18756866455078,11911800
2015-08-03,51.18756866455078,9980600
2015-08-04,51.135276794433594,10964000
2015-08-05,51.33696746826172,11302900
2015-08-06,50.978431701660156,10803400
2015-08-07,50.82904052734375,11453300
2015-08-10,51.45647048950195,12661400
2015-08-11,50.96349334716797,14800300
2015-08-12,50.22400665283203,21069000
2015-08-13,50.455562591552734,11930600
2015-08-14,50.709537506103516,11248800
2015-08-17,50.843990325927734,10326500
2015-08-18,50.94855499267578,10617500
2015-08-19,50.4929084777832,15198200
2015-08-20,49.25300216674805,20972300
2015-08-21,47.505165100097656,28235500
2015-08-24,45.0029296875,36339100
2015-08-25,44.748966217041016,31772500
2015-08-26,46.98978805541992,33576800
2015-08-27,48.16248321533203,29045700
2015-08-28,47.90105056762695,16687300
2015-08-31,47.87863540649414,14223400
2015-09-01,45.89925765991211,23637300
2015-09-02,46.73582077026367,17757900
2015-09-03,46.817996978759766,17065400
2015-09-04,45.93661117553711,20189000
2015-09-08,47.17652130126953,13385100
2015-09-09,46.44451904296875,13889500
2015-09-10,46.803043365478516,15751100
2015-09-11,46.72835159301758,12766700
2015-09-14,46.59390640258789,10202800
2015-09-15,47.490238189697266,14023500
2015-09-16,47.908512115478516,12235900
2015-09-17,46.79558181762695,21249200
2015-09-18,45.518314361572266,31008000
2015-09-21,45.89925765991211,13136400
2015-09-22,45.49591827392578,14811900
2015-09-23,45.29423904418945,11712200
2015-09-24,44.98052978515625,17293400
2015-09-25,45.91420364379883,18384300
2015-09-28,44.8012580871582,17452200
2015-09-29,44.696685791015625,19334900
2015-09-30,45.54074478149414,18743800
2015-10-01,45.87685012817383,16863200
2015-10-02,45.748958587646484,20435100
2015-10-05,46.659263610839844,13471100
2015-10-06,46.68183898925781,12134800
2015-10-07,46.74203872680664,12773100
2015-10-08,46.74203872680664,13964600
2015-10-09,46.59156036376953,12112000
2015-10-12,46.43357849121094,10857400
2015-10-13,46.3056640625,15621900
2015-10-14,45.132041931152344,28989400
2015-10-15,46.56147003173828,18147900
2015-10-16,46.96772003173828,17456600
2015-10-19,46.809722900390625,14510400
2015-10-20,47.035430908203125,11545100
2015-10-21,46.68936538696289,12113400
2015-10-22,47.53948974609375,15295700
2015-10-23,48.05106735229492,16985200
2015-10-26,48.073646545410156,13880200
2015-10-27,47.87803649902344,8831900
2015-10-28,49.27735900878906,17962000
2015-10-29,49.0591926574707,12753700
2015-10-30,48.33696365356445,15731400
2015-11-02,49.30745315551758,15253300
2015-11-03,49.488006591796875,11519500
2015-11-04,49.540679931640625,11388400
2015-11-05,49.98454666137695,12715900
2015-11-06,51.504241943359375,23262700
2015-11-09,50.699256896972656,17143800
2015-11-10,50.91743087768555,13239700
2015-11-11,50.669166564941406,8513900
2015-11-12,49.653526306152344,13576900
2015-11-13,49.32250213623047,11837000
2015-11-16,50.037208557128906,11041100
2015-11-17,49.75132751464844,12354800
2015-11-18,50.74440002441406,12911400
2015-11-19,50.902374267578125,12839500
2015-11-20,50.81210708618164,11209600
2015-11-23,50.31557846069336,11339000
2015-11-24,50.240333557128906,10910000
2015-11-25,50.30051803588867,7772000
2015-11-27,50.53374481201172,4052500
2015-11-30,50.16510772705078,15147500
2015-12-01,50.864776611328125,12708800
2015-12-02,50.150062561035156,13440900
2015-12-03,49.503055572509766,14626900
2015-12-04,51.0754280090332,17786000
2015-12-07,50.40583801269531,11686000
2015-12-08,49.62343215942383,13084500
2015-12-09,49.24726486206055,16770200
2015-12-10,49.3601188659668,12839000
2015-12-11,48.20153045654297,17889300
2015-12-14,48.35200119018555,17638200
2015-12-15,49.7287483215332,18126600
2015-12-16,50.80458068847656,21720000
2015-12-17,49.86418151855469,18122100
2015-12-18,48.44979476928711,23819600
2015-12-21,49.30745315551758,18869300
2015-12-22,49.412784576416016,12149500
2015-12-23,50.20273208618164,12524500
2015-12-24,50.10491180419922,4468200
2015-12-28,49.93940734863281,6610600
2015-12-29,50.45853042602539,9820800
2015-12-30,50.09739685058594,7190700
2015-12-31,49.676090240478516,14654300
2016-01-04,48.18407440185547,25393200
2016-01-05,48.26737976074219,16566700
2016-01-06,47.57060623168945,22961500
2016-01-07,45.64686584472656,27630900
2016-01-08,44.624412536621094,22373300
2016-01-11,44.55625534057617,20925500
2016-01-12,44.65471267700195,22971600
2016-01-13,43.42775344848633,28808100
2016-01-14,44.07910919189453,31296300
2016-01-15,43.200557708740234,38131700
2016-01-19,43.17782974243164,22818900
2016-01-20,42.041770935058594,34646100
2016-01-21,41.84485626220703,31301100
2016-01-22,43.13240051269531,22732200
2016-01-25,42.155372619628906,21114400
2016-01-26,43.23085403442383,17535700
2016-01-27,43.200557708740234,20560000
2016-01-28,43.382328033447266,15497900
2016-01-29,45.06368637084961,26992200
2016-02-01,44.57896041870117,16807900
2016-02-02,43.19298553466797,22448200
2016-02-03,43.48078536987305,31543200
2016-02-04,44.230594635009766,21651300
2016-02-05,43.738277435302734,22001300
2016-02-08,42.82187271118164,28267600
2016-02-09,42.56435775756836,26300000
2016-02-10,42.04935836791992,22389600
2016-02-11,40.19378662109375,44334700
2016-02-12,43.54137420654297,37011400
2016-02-16,44.19270706176758,23730700
2016-02-17,44.510807037353516,21580100
2016-02-18,43.78373718261719,17037800
2016-02-19,43.791297912597656,15658200
2016-02-22,44.35933303833008,14882800
2016-02-23,42.5037841796875,31772500
2016-02-24,42.5189208984375,25560100
2016-02-25,43.17782974243164,14473300
2016-02-26,43.57925033569336,20947500
2016-02-29,42.64009475708008,19554100
2016-03-01,44.836483001708984,23958100
2016-03-02,45.260597229003906,20943100
2016-03-03,45.412086486816406,15790600
2016-03-04,45.48024368286133,18459000
2016-03-07,45.396934509277344,12832400
2016-03-08,44.51838684082031,14132900
2016-03-09,44.77588653564453,13238800
2016-03-10,44.38963317871094,21139200
2016-03-11,44.942508697509766,21055000
2016-03-14,44.77588653564453,13436100
2016-03-15,44.836483001708984,10910500
2016-03-16,44.624412536621094,17423900
2016-03-17,44.49565505981445,19405700
2016-03-18,45.80591583251953,29570200
2016-03-21,45.790771484375,12684400
2016-03-22,45.6241569519043,12042700
2016-03-23,45.396934509277344,11658700
2016-03-24,45.04853820800781,12921200
2016-03-28,44.98795700073242,11159700
2016-03-29,44.70772933959961,15933400
2016-03-30,45.22273635864258,13307100
2016-03-31,44.85162353515625,14904700
2016-04-01,45.34391784667969,15417500
2016-04-04,45.168434143066406,12305000
2016-04-05,44.527523040771484,12886600
2016-04-06,44.870872497558594,12167900
2016-04-07,43.73403549194336,19226800
2016-04-08,44.05449676513672,13547700
2016-04-11,44.405460357666016,17627800
2016-04-12,45.229469299316406,17779200
2016-04-13,47.14454650878906,37516800
2016-04-14,47.75494384765625,24249900
2016-04-15,47.20558547973633,19290700
2016-04-18,47.51077651977539,13813100
2016-04-19,48.311920166015625,19255600
2016-04-20,49.01386260986328,14594400
2016-04-21,48.525550842285156,15395800
2016-04-22,48.8078498840332,12444700
2016-04-25,48.525550842285156,10687200
2016-04-26,48.77732467651367,12048000
2016-04-27,48.91466522216797,15284100
2016-04-28,48.525550842285156,12852500
2016-04-29,48.22035598754883,16376400
2016-05-02,48.67050552368164,10247300
2016-05-03,47.73204040527344,19120300
2016-05-04,46.9766845703125,17030200
2016-05-05,46.72490692138672,14033900
2016-05-06,46.99958801269531,11057900
2016-05-09,46.702022552490234,11197100
2016-05-10,47.33531188964844,11897200
2016-05-11,47.15982437133789,11254000
2016-05-12,47.12928771972656,11071700
2016-05-13,46.69440460205078,15122300
2016-05-16,47.04536437988281,10951300
2016-05-17,47.04536437988281,12180900
2016-05-18,48.86125564575195,24007100
2016-05-19,48.36532974243164,16076200
2016-05-20,48.456871032714844,11862000
2016-05-23,48.418731689453125,9347500
2016-05-24,49.24275207519531,13839400
2016-05-25,49.990474700927734,18935200
2016-05-26,49.61661911010742,9428400
2016-05-27,49.92179870605469,10116000
2016-05-31,49.799720764160156,15139400
2016-06-01,50.12016677856445,14031000
2016-06-02,50.21174240112305,10637600
2016-06-03,49.31904602050781,20261700
2016-06-06,49.807350158691406,13193500
2016-06-07,49.639495849609375,9924100
2016-06-08,49.78446960449219,9428000
2016-06-09,49.40297317504883,10817800
2016-06-10,48.70866775512695,16678400
2016-06-13,48.27375793457031,14314900
2016-06-14,47.365814208984375,19509300
2016-06-15,47.281898498535156,16982100
2016-06-16,47.47263717651367,16791200
2016-06-17,47.51840591430664,15751500
2016-06-20,47.58708572387695,12213200
2016-06-21,48.02960968017578,11611600
2016-06-22,47.84648895263672,12643500
2016-06-23,48.868892669677734,16583600
2016-06-24,45.47362518310547,44108700
2016-06-27,43.955284118652344,37300700
2016-06-28,45.4125862121582,29088700
2016-06-29,46.69440460205078,21483000
2016-06-30,47.411598205566406,21343600
2016-07-01,47.10403060913086,14217800
2016-07-05,45.78915786743164,23357700
2016-07-06,46.281272888183594,20429800
2016-07-07,46.58115768432617,13771400
2016-07-08,47.54230880737305,16998800
2016-07-11,47.88063049316406,13151400
2016-07-12,48.59573745727539,16588100
2016-07-13,48.564971923828125,18526900
2016-07-14,49.30314254760742,28985900
2016-07-15,49.34927749633789,17607100
2016-07-18,49.18012237548828,10824400
2016-07-19,49.103206634521484,9737400
2016-07-20,49.15704345703125,10411100
2016-07-21,48.972503662109375,9808700
2016-07-22,49.24162673950195,8195700
2016-07-25,49.11090850830078,8168300
2016-07-26,49.310829162597656,8067800
2016-07-27,49.46460723876953,11806800
2016-07-28,49.287750244140625,10013400
2016-07-29,49.187801361083984,13210400
2016-08-01,49.057071685791016,11422600
2016-08-02,48.94174575805664,13550000
2016-08-03,49.718353271484375,13122300
2016-08-04,49.64146423339844,9873000
2016-08-05,50.979373931884766,20752700
2016-08-08,50.82560348510742,11359200
2016-08-09,50.648746490478516,10097000
2016-08-10,50.1950798034668,11556100
2016-08-11,50.33348083496094,9604500
2016-08-12,50.22583770751953,7685400
2016-08-15,50.53339767456055,8371600
2016-08-16,50.52570724487305,10128900
2016-08-17,50.66412353515625,11868100
2016-08-18,50.710269927978516,9313600
2016-08-19,50.64105987548828,9084900
2016-08-22,50.59490966796875,9055600
2016-08-23,50.57185363769531,8949600
2016-08-24,50.710269927978516,10167200
2016-08-25,50.80253219604492,9978700
2016-08-26,50.91786193847656,14038600
2016-08-29,51.47917938232422,14583100
2016-08-30,51.90209197998047,13791200
2016-08-31,51.90209197998047,14952300
2016-09-01,51.67910385131836,12226500
2016-09-02,51.89440155029297,13720700
2016-09-06,51.855953216552734,16649400
2016-09-07,51.64065170288086,10070400
2016-09-08,51.709861755371094,12253000
2016-09-09,51.24850845336914,19686900
2016-09-12,51.56377029418945,16453000
2016-09-13,51.15623474121094,18876100
2016-09-14,51.056278228759766,12648600
2016-09-15,51.24081039428711,12531300
2016-09-16,50.61030197143555,25161500
2016-09-19,50.89480972290039,13466900
2016-09-20,51.10240173339844,10092200
2016-09-21,51.39459228515625,14116800
2016-09-22,51.8175163269043,12781700
2016-09-23,51.709861755371094,13967400
2016-09-26,50.57954406738281,16408100
2016-09-27,51.02552795410156,13711400
2016-09-28,51.29462814331055,11278000
2016-09-29,50.47959518432617,18727200
2016-09-30,51.20237350463867,21680100
2016-10-03,51.1408576965332,14901700
2016-10-04,51.58232879638672,17226900
2016-10-05,52.426551818847656,16280000
2016-10-06,52.56596755981445,17485000
2016-10-07,52.7518424987793,18497000
2016-10-10,53.16233444213867,13027500
2016-10-11,52.90673065185547,15657100
2016-10-12,52.767330169677734,11899800
2016-10-13,52.465267181396484,17890000
2016-10-14,52.29486846923828,24163800
2016-10-17,52.02378463745117,14963400
2016-10-18,52.43428039550781,11870300
2016-10-19,52.937713623046875,12705800
2016-10-20,52.868011474609375,14122000
2016-10-21,53.0461540222168,12175700
2016-10-24,53.34048080444336,10197100
2016-10-25,53.286251068115234,9945100
2016-10-26,53.54183578491211,9801300
2016-10-27,53.61928176879883,14210700
2016-10-28,53.526336669921875,12766500
2016-10-31,53.642513275146484,14336300
2016-11-01,53.41791534423828,15564500
2016-11-02,53.193302154541016,12449800
2016-11-03,52.960941314697266,10369700
2016-11-04,52.48075866699219,13571300
2016-11-07,54.122711181640625,16515100
2016-11-08,54.23888397216797,17531700
2016-11-09,56.732818603515625,50948400
2016-11-10,59.36613082885742,56192300
2016-11-11,59.39713668823242,27574300
2016-11-14,61.581233978271484,46130700
2016-11-15,61.465084075927734,28126300
2016-11-16,59.947025299072266,26054900
2016-11-17,60.42721176147461,19306700
2016-11-18,60.1871223449707,19770000
2016-11-21,60.45046615600586,11983500
2016-11-22,60.822200775146484,14410100
2016-11-23,61.07781219482422,13373700
2016-11-25,61.05458068847656,6185700
2016-11-28,60.65958023071289,13007200
2016-11-29,61.124290466308594,14144100
2016-11-30,62.09242630004883,25351900
2016-12-01,63.34712600708008,23823600
2016-12-02,63.19997024536133,16931500
2016-12-05,64.48566436767578,18529800
2016-12-06,64.81868743896484,16130000
2016-12-07,65.11299896240234,18996900
2016-12-08,65.92623901367188,20844900
2016-12-09,66.21281433105469,14567200
2016-12-12,65.62419128417969,14511300
2016-12-13,65.64741516113281,16669000
2016-12-14,65.62419128417969,22622600
2016-12-15,66.60779571533203,19438900
2016-12-16,65.78681945800781,23008500
2016-12-19,66.16633605957031,21685100
2016-12-20,67.018310546875,14587300
2016-12-21,67.1886978149414,11400500
2016-12-22,67.29711151123047,13924200
2016-12-23,67.42105865478516,10759400
2016-12-27,67.48300170898438,6946400
2016-12-28,66.99504852294922,9455600
2016-12-29,66.52262878417969,14689000
2016-12-30,66.8324203491211,13617800
2017-01-03,67.56047058105469,20550700
2017-01-04,67.68506622314453,15266600
2017-01-05,67.06204986572266,14300800
2017-01-06,67.06982421875,12893300
2017-01-09,67.11653900146484,12806600
2017-01-10,67.31123352050781,13989000
2017-01-11,67.81745910644531,14713100
2017-01-12,67.16326141357422,21337400
2017-01-13,67.52149963378906,28296000
2017-01-17,65.06830596923828,30024600
2017-01-18,65.37202453613281,21270100
2017-01-19,64.87360382080078,16555600
2017-01-20,65.1617660522461,18436800
2017-01-23,65.19292449951172,12179200
2017-01-24,65.97947692871094,15175300
2017-01-25,66.99971771240234,17551000
2017-01-26,67.56045532226562,15962800
2017-01-27,67.70064544677734,12535400
2017-01-30,66.99971771240234,13661900
2017-01-31,65.9094009399414,15655100
2017-02-01,66.15863037109375,15430900
2017-02-02,65.87828063964844,11081400
2017-02-03,67.89534759521484,17885200
2017-02-06,67.57603454589844,11828400
2017-02-07,67.53709411621094,9392800
2017-02-08,66.94518280029297,13970900
2017-02-09,67.9109115600586,13749100
2017-02-10,67.75514221191406,10992500
2017-02-13,68.65076446533203,18739100
2017-02-14,69.74887084960938,17932100
2017-02-15,70.551025390625,17381800
2017-02-16,70.50428771972656,17672700
2017-02-17,70.27067565917969,15776600
2017-02-21,70.87812042236328,14068300
2017-02-22,70.91707611083984,11839000
2017-02-23,70.9715805053711,11067000
2017-02-24,70.34854125976562,15062300
2017-02-27,70.42642211914062,12361000
2017-02-28,70.57440948486328,15183500
2017-03-01,72.89517974853516,24451400
2017-03-02,71.75816345214844,16862500
2017-03-03,72.27216339111328,12817500
2017-03-06,71.58682250976562,15059200
2017-03-07,71.18964385986328,11156800
2017-03-08,71.03388977050781,17378400
2017-03-09,71.3142318725586,13726200
2017-03-10,71.08839416503906,13729900
2017-03-13,71.15069580078125,10004300
2017-03-14,71.26752471923828,10237700
2017-03-15,71.43885040283203,16601400
2017-03-16,71.36876678466797,14492000
2017-03-17,70.62112426757812,21734700
2017-03-20,70.11490631103516,14623600
2017-03-21,68.0588607788086,33089200
2017-03-22,68.16792297363281,21741000
2017-03-23,68.0588607788086,16090100
2017-03-24,67.98099517822266,16093200
2017-03-27,67.94207000732422,16689300
2017-03-28,69.001220703125,16264400
2017-03-29,68.74422454833984,10207600
2017-03-30,69.33610534667969,11631000
2017-03-31,68.40934753417969,16987600
2017-04-03,68.16011047363281,19831800
2017-04-04,68.38726043701172,14280800
2017-04-05,67.51001739501953,17635500
2017-04-06,67.7371597290039,14379600
2017-04-07,67.502197265625,13097100
2017-04-10,67.26720428466797,15081600
2017-04-11,67.14971160888672,14690500
2017-04-12,66.89124298095703,14730600
2017-04-13,66.10797119140625,30529800
2017-04-17,67.25154876708984,19071700
2017-04-18,66.70326232910156,14127000
2017-04-19,66.15496826171875,17588500
2017-04-20,67.00871276855469,15635800
2017-04-21,66.20196533203125,19820600
2017-04-24,68.53609466552734,25468300
2017-04-25,69.13137817382812,18253800
2017-04-26,69.2645492553711,12832200
2017-04-27,68.62226867675781,13329000
2017-04-28,68.14448547363281,10755600
2017-05-01,68.19145965576172,15712300
2017-05-02,67.7528305053711,14414200
2017-05-03,68.14448547363281,11540500
2017-05-04,68.2227783203125,11540100
2017-05-05,68.14448547363281,9436000
2017-05-08,68.2227783203125,8162200
2017-05-09,67.9486312866211,10273900
2017-05-10,68.48125457763672,8334900
2017-05-11,68.26979064941406,10907400
2017-05-12,68.08180236816406,8738800
2017-05-15,68.41075897216797,8835600
2017-05-16,68.62226867675781,9795000
2017-05-17,66.00613403320312,24679700
2017-05-18,65.7633056640625,23350100
2017-05-19,66.40560913085938,13412900
2017-05-22,66.34294128417969,11636000
2017-05-23,67.17323303222656,11753000
2017-05-24,67.13401794433594,9833800
2017-05-25,66.85205078125,12238500
2017-05-26,66.85989379882812,8113500
2017-05-30,65.7163314819336,12603200
2017-05-31,64.3456039428711,28327900
2017-06-01,65.05836486816406,17123500
2017-06-02,64.72942352294922,14998500
2017-06-05,64.84690856933594,9080200
2017-06-06,64.98003387451172,12196800
2017-06-07,65.72415924072266,13711100
2017-06-08,66.53874969482422,17951000
2017-06-09,68.11311340332031,19120200
2017-06-12,68.12881469726562,16053400
2017-06-13,68.35594940185547,12557200
2017-06-14,68.21495819091797,16175700
2017-06-15,67.80766296386719,12509700
2017-06-16,67.502197265625,16936600
2017-06-19,68.9825439453125,15972300
2017-06-20,68.55176544189453,11197800
2017-06-21,68.23844909667969,10005900
2017-06-22,68.16011047363281,12180600
2017-06-23,68.0347900390625,18812000
2017-06-26,68.33244323730469,10082400
2017-06-27,68.96692657470703,15415200
2017-06-28,70.35327911376953,17466200
2017-06-29,71.39503479003906,27697800
2017-06-30,71.59083557128906,16892700
2017-07-03,73.04786682128906,13208100
2017-07-05,73.78031921386719,17535400
2017-07-06,73.54405212402344,16596100
2017-07-07,73.91419219970703,12817800
2017-07-10,73.3943862915039,13987200
2017-07-11,73.11087799072266,13262300
2017-07-12,72.85884857177734,13540100
2017-07-13,73.32352447509766,12820100
2017-07-14,72.65408325195312,22235200
2017-07-17,71.97675323486328,14374200
2017-07-18,71.72473907470703,14719400
2017-07-19,71.82711029052734,11651200
2017-07-20,71.82711029052734,11561700
2017-07-21,71.58296966552734,10971300
2017-07-24,71.89010620117188,10725100
2017-07-25,73.08722686767578,16447700
2017-07-26,72.40203094482422,11815500
2017-07-27,72.10279083251953,12332400
2017-07-28,71.89010620117188,9351900
2017-07-31,72.29965209960938,11520300
2017-08-01,73.26840209960938,12523700
2017-08-02,73.33138275146484,10165600
2017-08-03,72.85098266601562,11078800
2017-08-04,73.76455688476562,14324000
2017-08-07,74.04810333251953,7978300
2017-08-08,73.78031921386719,13745400
2017-08-09,73.66217803955078,11214400
2017-08-10,72.60684967041016,13252300
2017-08-11,72.0003662109375,10679500
2017-08-14,72.84309387207031,10994800
2017-08-15,73.03213500976562,8812700
2017-08-16,72.52806091308594,11085400
2017-08-17,71.39395904541016,13837500
2017-08-18,71.46485137939453,13040700
2017-08-21,71.3781967163086,11502100
2017-08-22,72.11065673828125,9211800
2017-08-23,72.1972885131836,8811300
2017-08-24,72.07913208007812,8623200
2017-08-25,72.37055206298828,11794600
2017-08-28,72.14216613769531,7292900
2017-08-29,71.74835968017578,10886100
2017-08-30,71.91376495361328,9165300
2017-08-31,71.58296966552734,13217400
2017-09-01,72.22091674804688,9815800
2017-09-05,70.49613189697266,16897300
2017-09-06,70.96867370605469,11845700
2017-09-07,69.72428894042969,14592300
2017-09-08,69.63764190673828,14242200
2017-09-11,70.71663665771484,13219000
2017-09-12,71.58296966552734,14003800
2017-09-13,71.78775787353516,12485400
2017-09-14,71.64598846435547,10562800
2017-09-15,72.15790557861328,18171800
2017-09-18,73.18173217773438,11318700
2017-09-19,73.9850845336914,12626100
2017-09-20,74.5048828125,15311600
2017-09-21,74.84355926513672,10851500
2017-09-22,74.68601989746094,8358300
2017-09-25,74.12684631347656,10463400
2017-09-26,73.79605865478516,9358100
2017-09-27,74.96167755126953,15090200
2017-09-28,75.11918640136719,10270400
2017-09-29,75.22160339355469,11438400
2017-10-02,76.26907348632812,13797200
2017-10-03,76.67076110839844,9633500
2017-10-04,75.89103698730469,12166600
2017-10-05,76.9129409790039,14236200
2017-10-06,76.77825927734375,10231900
2017-10-09,76.37425231933594,7765100
2017-10-10,76.94462585449219,10631500
2017-10-11,76.71490478515625,14283600
2017-10-12,76.04154205322266,18251600
2017-10-13,75.93854522705078,13190600
2017-10-16,77.5070571899414,12434000
2017-10-17,77.3327865600586,10335700
2017-10-18,77.62588500976562,10158600
2017-10-19,77.7209701538086,9133900
2017-10-20,78.83000946044922,15326600
2017-10-23,78.69535827636719,9238600
2017-10-24,79.94697570800781,13000800
2017-10-25,80.02620697021484,14632700
2017-10-26,80.5965805053711,13054400
2017-10-27,80.62035369873047,10400400
2017-10-30,80.33516693115234,8839500
2017-10-31,79.70143127441406,8690200
2017-11-01,79.94697570800781,8418200
2017-11-02,80.47773742675781,8731800
2017-11-03,80.33516693115234,7103500
2017-11-06,79.83610534667969,8121500
2017-11-07,78.22796630859375,18822600
2017-11-08,77.34864044189453,18524700
2017-11-09,77.3406982421875,13697800
2017-11-10,77.24565887451172,9314000
2017-11-13,77.52291107177734,9303100
2017-11-14,77.0555191040039,11043800
2017-11-15,77.78433990478516,15384100
2017-11-16,78.00614929199219,9808000
2017-11-17,77.74473571777344,9017900
2017-11-20,78.43394470214844,9483200
2017-11-21,78.37053680419922,13389400
2017-11-22,78.14081573486328,7342200
2017-11-24,77.88734436035156,3680000
2017-11-27,77.57837677001953,13076200
2017-11-28,80.29556274414062,16773000
2017-11-29,82.17301940917969,21105500
2017-11-30,82.798828125,23945900
2017-12-01,83.01273345947266,19683500
2017-12-04,84.7238540649414,23576600
2017-12-05,83.74947357177734,17193900
2017-12-06,83.12364196777344,15476200
2017-12-07,82.87808990478516,13371800
2017-12-08,83.91580963134766,13506900
2017-12-11,83.67025756835938,10591200
2017-12-12,84.6446533203125,15508800
2017-12-13,83.5831069946289,15020300
2017-12-14,82.90975952148438,13034200
2017-12-15,84.0821762084961,29350600
2017-12-18,84.7317886352539,12713100
2017-12-19,84.37528991699219,12149900
2017-12-20,84.0821762084961,13091500
2017-12-21,85.42096710205078,12323700
2017-12-22,85.11993408203125,14573400
2017-12-26,84.7792739868164,7403700
2017-12-27,84.93775939941406,9496500
2017-12-28,85.38926696777344,7440600
2017-12-29,84.71593475341797,8925700
2018-01-02,85.51603698730469,13578800
2018-01-03,85.60317993164062,11901000
2018-01-04,86.8294906616211,12953700
2018-01-05,86.2720947265625,14155000
2018-01-08,86.39947509765625,12466500
2018-01-09,86.83747100830078,13292300
2018-01-10,87.79304504394531,15834500
2018-01-11,88.26283264160156,13676800
2018-01-12,89.72010040283203,18884200
2018-01-16,89.40155029296875,22703300
2018-01-17,89.97491455078125,14940300
2018-01-18,90.18991088867188,14572900
2018-01-19,89.9908447265625,18785500
2018-01-22,91.04195404052734,12475700
2018-01-23,90.9463882446289,12320800
2018-01-24,92.10901641845703,15904500
2018-01-25,92.13289642333984,13510000
2018-01-26,92.6266098022461,13883900
2018-01-29,92.53107452392578,11679900
2018-01-30,91.6630630493164,14279100
2018-01-31,92.10901641845703,13141400
2018-02-01,93.06456756591797,13800600
2018-02-02,91.00214385986328,16477300
2018-02-05,86.63839721679688,30097600
2018-02-06,89.27420043945312,33114800
2018-02-07,89.87935638427734,21878300
2018-02-08,85.90576171875,27425800
2018-02-09,87.62580871582031,28188000
2018-02-12,88.97953796386719,18043300
2018-02-13,89.52896118164062,16358200
2018-02-14,91.59940338134766,15186900
2018-02-15,91.98161315917969,12130200
2018-02-16,91.32069396972656,13214300
2018-02-20,91.34456634521484,13461500
2018-02-21,91.72679901123047,14212500
2018-02-22,91.5595474243164,17070400
2018-02-23,93.41495513916016,12162500
2018-02-26,94.57756042480469,16511200
2018-02-27,93.45477294921875,17563300
2018-02-28,91.9736328125,17735600
2018-03-01,90.3252944946289,18690000
2018-03-02,90.2376708984375,18353700
2018-03-05,91.62328338623047,13933000
2018-03-06,91.70288848876953,10674400
2018-03-07,91.36048889160156,13006500
2018-03-08,91.36844635009766,11173700
2018-03-09,93.99626159667969,15366600
2018-03-12,93.69367218017578,12339300
2018-03-13,92.57087707519531,13312300
2018-03-14,91.53564453125,12905100
2018-03-15,91.7666015625,8748000
2018-03-16,91.92585754394531,19888900
2018-03-19,91.20123291015625,13214900
2018-03-20,91.28882598876953,9921200
2018-03-21,91.36844635009766,13633000
2018-03-22,87.55412292480469,22550400
2018-03-23,85.21298217773438,23081500
2018-03-26,87.8408203125,20217500
2018-03-27,86.13668060302734,18039900
2018-03-28,86.00132751464844,19189300
2018-03-29,87.570068359375,13274600
2018-04-02,85.88187408447266,18822500
2018-04-03,87.06040954589844,14050700
2018-04-04,88.38227844238281,15302600
2018-04-05,89.54280090332031,16627000
2018-04-06,87.309814453125,18906000
2018-04-09,88.35828399658203,15974300
2018-04-10,90.0469970703125,13951400
2018-04-11,88.53434753417969,14503300
2018-04-12,90.73529815673828,16435500
2018-04-13,88.27824401855469,39152800
2018-04-16,88.20620727539062,16580500
2018-04-17,88.20620727539062,15501400
2018-04-18,87.49390411376953,16081400
2018-04-19,89.41471862792969,17911000
2018-04-20,89.21465301513672,15584400
2018-04-23,88.78247833251953,11285800
2018-04-24,88.36630249023438,16453100
2018-04-25,88.03014373779297,13548200
2018-04-26,88.11817932128906,10299500
2018-04-27,87.55793762207031,9384000
2018-04-30,87.06170654296875,13744900
2018-05-01,87.06170654296875,10503400
2018-05-02,86.37339782714844,12162100
2018-05-03,85.82918548583984,15379100
2018-05-04,86.7815933227539,11967900
2018-05-07,87.5339126586914,9356700
2018-05-08,88.83047485351562,12543200
2018-05-09,90.76732635498047,11368100
2018-05-10,91.47161865234375,9159700
2018-05-11,91.1274642944336,10253000
2018-05-14,91.15949249267578,8710700
2018-05-15,90.46320343017578,11536200
2018-05-16,90.71131896972656,7571100
2018-05-17,90.40716552734375,8617200
2018-05-18,88.94253540039062,11806300
2018-05-21,89.75888061523438,9441900
2018-05-22,90.44719696044922,11507600
2018-05-23,90.03099822998047,11453900
2018-05-24,89.02256774902344,14084800
2018-05-25,88.56637573242188,8283500
2018-05-29,84.78072357177734,30643800
2018-05-30,86.71757507324219,17490800
2018-05-31,85.64509582519531,19808200
2018-06-01,86.75757598876953,13594200
2018-06-04,86.79759216308594,9415400
2018-06-05,86.30938720703125,10415200
2018-06-06,88.32624816894531,15453600
2018-06-07,88.67840576171875,13444400
2018-06-08,88.92650604248047,10383200
2018-06-11,88.7024154663086,12642900
2018-06-12,88.19021606445312,15294100
2018-06-13,88.01412963867188,14979700
2018-06-14,86.46145629882812,20487300
2018-06-15,86.35740661621094,26028600
2018-06-18,86.5815200805664,9786800
2018-06-19,86.07727813720703,12707200
2018-06-20,86.06929779052734,8876900
2018-06-21,86.04527282714844,11048700
2018-06-22,84.63665008544922,19478900
2018-06-25,83.86833190917969,16907600
2018-06-26,83.92436981201172,17086800
2018-06-27,82.62779235839844,16276800
2018-06-28,83.98038482666016,14491300
2018-06-29,83.39612579345703,18972400
2018-07-02,84.10042572021484,11130000
2018-07-03,82.92390441894531,8311700
2018-07-05,83.46308135986328,10723400
2018-07-06,83.73665618896484,12173700
2018-07-09,86.3277816772461,13900800
2018-07-10,85.79668426513672,14575900
2018-07-11,85.61160278320312,10186500
2018-07-12,85.98177337646484,12456800
2018-07-13,85.58747100830078,21289100
2018-07-16,88.98329162597656,24662600
2018-07-17,88.91890716552734,14821900
2018-07-18,89.74776458740234,14244900
2018-07-19,88.42803192138672,16775300
2018-07-20,89.54656982421875,13578100
2018-07-23,91.21229553222656,18140000
2018-07-24,91.85606384277344,14000400
2018-07-25,92.68487548828125,13329100
2018-07-26,92.4193344116211,11897800
2018-07-27,93.36888122558594,12802700
2018-07-30,93.93215942382812,13411600
2018-07-31,92.49982452392578,15843800
2018-08-01,93.0711441040039,13531600
2018-08-02,93.4654541015625,11058100
2018-08-03,94.22184753417969,11016100
2018-08-06,94.24597930908203,9857400
2018-08-07,94.59201049804688,10562100
2018-08-08,94.7851333618164,8997100
2018-08-09,94.05287170410156,9694200
2018-08-10,93.1274642944336,12630600
2018-08-13,91.64683532714844,10336300
2018-08-14,92.25840759277344,10597600
2018-08-15,91.49392700195312,10152100
2018-08-16,92.35496520996094,10118600
2018-08-17,92.35496520996094,8505100
2018-08-20,92.23423767089844,8618700
2018-08-21,92.79755401611328,10976700
2018-08-22,92.51589965820312,8314700
2018-08-23,92.32278442382812,9265400
2018-08-24,92.28253936767578,8845700
2018-08-27,93.91606903076172,13768000
2018-08-28,93.45738220214844,8302600
2018-08-29,93.151611328125,7221700
2018-08-30,92.69292449951172,8991800
2018-08-31,92.20206451416016,13065700
2018-09-04,92.66073608398438,10174200
2018-09-05,92.21012115478516,11462400
2018-09-06,91.8157958984375,9877600
2018-09-07,91.99284362792969,10955600
2018-09-10,91.50196838378906,8276900
2018-09-11,92.08133697509766,9333800
2018-09-12,90.99502563476562,10800800
2018-09-13,91.3490982055664,12470800
2018-09-14,91.3330078125,10337900
2018-09-17,91.6065902709961,9561300
2018-09-18,91.97674560546875,7944200
2018-09-19,94.64834594726562,16052800
2018-09-20,95.4610824584961,15590000
2018-09-21,94.83341217041016,24788200
2018-09-24,93.92411041259766,12492500
2018-09-25,93.6585693359375,9308300
2018-09-26,92.5561294555664,14023600
2018-09-27,92.15375518798828,13283000
2018-09-28,90.80189514160156,15815100
2018-10-01,91.3330078125,10146300
2018-10-02,91.71119689941406,13753100
2018-10-03,92.57223510742188,17142000
2018-10-04,93.4068603515625,16357400
2018-10-05,92.8801498413086,13777600
2018-10-08,93.4473876953125,14370900
2018-10-09,92.79910278320312,14069500
2018-10-10,90.32762908935547,23086400
2018-10-11,87.62110900878906,33705600
2018-10-12,86.66490173339844,32075700
2018-10-15,86.17060852050781,18903200
2018-10-16,88.01817321777344,19302800
2018-10-17,88.9986572265625,18794500
2018-10-18,87.58868408203125,17582500
2018-10-19,87.44282531738281,15234500
2018-10-22,86.18681335449219,16199100
2018-10-23,85.28736877441406,21407500
2018-10-24,83.69910430908203,23168900
2018-10-25,84.9713134765625,17464700
2018-10-26,83.80443572998047,19174900
2018-10-29,84.96319580078125,18445200
2018-10-30,86.46231842041016,18019700
2018-10-31,88.34229278564453,20860000
2018-11-01,88.30989837646484,13065000
2018-11-02,87.82369995117188,19009200
2018-11-05,88.3990249633789,10276400
2018-11-06,88.81228637695312,10825000
2018-11-07,90.33570861816406,12679600
2018-11-08,91.06501007080078,11662500
2018-11-09,90.1817626953125,10432200
2018-11-12,88.28556823730469,13279700
2018-11-13,88.8041763305664,13746100
2018-11-14,86.97283935546875,18361400
2018-11-15,89.19315338134766,19100000
2018-11-16,89.12831115722656,13798600
2018-11-19,89.80899810791016,13987000
2018-11-20,87.8803939819336,18936200
2018-11-21,87.22403717041016,10619600
2018-11-23,86.42181396484375,6488400
2018-11-26,88.5367660522461,13948300
2018-11-27,88.9095230102539,9238200
2018-11-28,89.89814758300781,13977300
2018-11-29,89.18505096435547,11144300
2018-11-30,90.1007080078125,18652700
2018-12-03,90.9515609741211,16034500
2018-12-04,86.89179992675781,23555900
2018-12-06,85.23872375488281,27213900
2018-12-07,83.69910430908203,19248600
2018-12-10,82.13516998291016,23636400
2018-12-11,81.33293914794922,16860700
2018-12-12,81.85963439941406,22621500
2018-12-13,81.94068145751953,17250900
2018-12-14,81.26811218261719,19879500
2018-12-17,80.23088073730469,25113500
2018-12-18,79.8499984741211,20837200
2018-12-19,78.83708953857422,28767900
2018-12-20,78.15641021728516,31825200
2018-12-21,76.30889892578125,41313900
2018-12-24,74.66388702392578,17009300
2018-12-26,77.75936889648438,22542900
2018-12-27,78.63452911376953,20304700
2018-12-28,78.46437072753906,17963300
2018-12-31,79.10453796386719,13237200
2019-01-02,80.47398376464844,15670900
2019-01-03,79.3302993774414,16286400
2019-01-04,82.25482940673828,16935200
2019-01-07,82.3120346069336,15430700
2019-01-08,82.15680694580078,13578800
2019-01-09,82.0179443359375,14230300
2019-01-10,82.00978088378906,14376100
2019-01-11,81.61766052246094,15439900
2019-01-14,82.45906829833984,21258500
2019-01-15,83.06356048583984,26504900
2019-01-16,83.73345184326172,18533000
2019-01-17,84.07657623291016,14247600
2019-01-18,85.44080352783203,16428700
2019-01-22,84.0928955078125,17083700
2019-01-23,83.8805160522461,12146700
2019-01-24,83.92952728271484,11296800
2019-01-25,84.46049499511719,14369400
2019-01-28,84.86078643798828,12283100
2019-01-29,85.09769439697266,9743300
2019-01-30,85.29376983642578,12526300
2019-01-31,84.55036926269531,17520600
2019-02-01,84.86078643798828,13000800
2019-02-04,85.16304779052734,9871500
2019-02-05,84.78727722167969,12763000
2019-02-06,84.74644470214844,8745000
2019-02-07,83.63542938232422,13177500
2019-02-08,82.80217742919922,12892600
2019-02-11,82.41007232666016,10978500
2019-02-12,83.81514739990234,12852300
2019-02-13,84.21541595458984,10754100
2019-02-14,83.6680908203125,11518500
2019-02-15,86.22504425048828,14716900
2019-02-19,85.92279815673828,12764900
2019-02-20,86.33940887451172,10030300
2019-02-21,86.1596908569336,8400100
2019-02-22,85.77574157714844,10647300
2019-02-25,86.67432403564453,11230700
2019-02-26,86.01264190673828,15465400
2019-02-27,85.90646362304688,9968800
2019-02-28,85.25292205810547,15156900
2019-03-01,85.31010437011719,13813300
2019-03-04,85.11405181884766,12466300
2019-03-05,85.0486831665039,10856600
2019-03-06,84.73011016845703,9070800
2019-03-07,84.11738586425781,12705700
2019-03-08,84.15008544921875,10582400
2019-03-11,85.24473571777344,9763200
2019-03-12,84.9914779663086,10219100
2019-03-13,85.27743530273438,13022200
2019-03-14,86.05348205566406,10926500
2019-03-15,87.04197692871094,24811700
2019-03-18,87.56478881835938,12935500
2019-03-19,87.24618530273438,12889300
2019-03-20,85.38360595703125,14920700
2019-03-21,84.0357437133789,19751000
2019-03-22,81.4951400756836,31115200
2019-03-25,80.81707000732422,21032300
2019-03-26,81.62582397460938,15987100
2019-03-27,81.34806823730469,12753200
2019-03-28,82.27118682861328,12454100
2019-03-29,82.69599914550781,14523400
2019-04-01,85.48164367675781,17499300
2019-04-02,85.8901138305664,10295400
2019-04-03,86.0616455078125,11499200
2019-04-04,86.89305877685547,11952100
2019-04-05,86.68724822998047,9933700
2019-04-08,86.9671401977539,8056300
2019-04-09,86.32508087158203,9092200
2019-04-10,86.71195220947266,10882300
2019-04-11,87.4445571899414,11183800
2019-04-12,91.54393005371094,25834100
2019-04-15,90.4985122680664,15163800
2019-04-16,91.45337677001953,11583200
2019-04-17,94.08749389648438,17791900
2019-04-18,93.39602661132812,12501900
2019-04-22,93.51126861572266,7975900
2019-04-23,93.62651824951172,9193100
2019-04-24,93.47012329101562,9245700
2019-04-25,93.51953125,9311800
2019-04-26,94.22743225097656,7889300
2019-04-29,95.58565521240234,14242200
2019-04-30,95.52803039550781,11389100
2019-05-01,94.7954330444336,10412900
2019-05-02,95.00118255615234,8613300
2019-05-03,95.58565521240234,8185400
2019-05-06,94.73778533935547,9387000
2019-05-07,93.19024658203125,15017700
2019-05-08,92.69633483886719,9575800
2019-05-09,92.62226867675781,12205900
2019-05-10,92.61402893066406,13189000
2019-05-13,90.09514617919922,13783700
2019-05-14,90.81131744384766,10503600
2019-05-15,90.46559143066406,10142000
2019-05-16,91.62622833251953,9672700
2019-05-17,91.18172454833984,9570100
2019-05-20,91.6591796875,8518200
2019-05-21,91.97196960449219,7967900
2019-05-22,91.22289276123047,7918900
2019-05-23,89.42840576171875,14558000
2019-05-24,90.3091812133789,8537300
2019-05-28,89.3296127319336,11665500
2019-05-29,89.08267974853516,9966400
2019-05-30,88.12781524658203,10367800
2019-05-31,87.22233581542969,10952800
2019-06-03,87.6339111328125,11680700
2019-06-04,90.33384704589844,12858600
2019-06-05,90.65491485595703,8340500
2019-06-06,90.85249328613281,8726700
2019-06-07,89.85643768310547,10618900
2019-06-10,90.82776641845703,11380600
2019-06-11,91.10765075683594,9847700
2019-06-12,89.94698333740234,9670500
2019-06-13,90.16925048828125,8406900
2019-06-14,90.39973449707031,9077400
2019-06-17,89.90584564208984,8128600
2019-06-18,91.13235473632812,11057300
2019-06-19,90.47378540039062,13126500
2019-06-20,90.70430755615234,13638000
2019-06-21,90.08694458007812,27089500
2019-06-24,89.44486236572266,13039600
2019-06-25,88.70401763916016,18660100
2019-06-26,89.29671478271484,10324600
2019-06-27,89.59302520751953,10906600
2019-06-28,92.02960205078125,21634700
2019-07-01,93.5771255493164,12724500
2019-07-02,93.6759262084961,10174900
2019-07-03,93.52668762207031,6849400
2019-07-05,94.08210754394531,7929400
2019-07-08,93.56814575195312,6917200
2019-07-09,93.96604919433594,8947300
2019-07-10,93.69248962402344,9242300
2019-07-11,94.58779907226562,11595200
2019-07-12,95.58258056640625,10783400
2019-07-15,94.4219970703125,12946600
2019-07-16,95.4333724975586,16945000
2019-07-17,94.49662017822266,13120900
2019-07-18,95.06031799316406,9397200
2019-07-19,94.12355041503906,10402800
2019-07-22,94.72874450683594,9061100
2019-07-23,96.4613265991211,12752200
2019-07-24,96.85095977783203,10011000
2019-07-25,95.92247772216797,10138400
2019-07-26,96.34526062011719,12800400
2019-07-29,96.03852844238281,8500400
2019-07-30,95.82300567626953,7121100
2019-07-31,96.16288757324219,13648000
2019-08-01,93.62615966796875,15664500
2019-08-02,93.61788940429688,11025500
2019-08-05,90.83248901367188,15855300
2019-08-06,91.54541778564453,10203500
2019-08-07,89.55582427978516,17320900
2019-08-08,91.07289123535156,10903300
2019-08-09,90.973388671875,9980800
2019-08-12,89.26567077636719,9393700
2019-08-13,90.64180755615234,12124700
2019-08-14,86.8781967163086,19491800
2019-08-15,87.20980072021484,13365600
2019-08-16,89.2988510131836,11830600
2019-08-19,90.10296630859375,8265400
2019-08-20,88.9589614868164,8374000
2019-08-21,89.2076644897461,8189300
2019-08-22,90.12783813476562,9343400
2019-08-23,87.88956451416016,14762300
2019-08-26,88.59422302246094,8209500
2019-08-27,87.65743255615234,14331800
2019-08-28,88.53617858886719,10585500
2019-08-29,90.54235076904297,10002200
2019-08-30,91.07289123535156,10170300
2019-09-03,89.99518585205078,9868800
2019-09-04,91.08118438720703,6929200
2019-09-05,93.15367126464844,13224700
2019-09-06,93.35259246826172,7836600
2019-09-09,95.66548919677734,13985100
2019-09-10,96.88410949707031,14333100
2019-09-11,97.14936828613281,9919200
2019-09-12,97.74626159667969,12283500
2019-09-13,99.66954040527344,16257200
2019-09-16,98.78250122070312,11993900
2019-09-17,98.29338836669922,10735400
2019-09-18,99.27987670898438,10665600
2019-09-19,98.9648666381836,9382600
2019-09-20,98.56694030761719,21862800
2019-09-23,98.5503921508789,9135100
2019-09-24,97.26544952392578,11696500
2019-09-25,97.82086181640625,9389400
2019-09-26,97.0167236328125,9899200
2019-09-27,97.58875274658203,10207800
2019-09-30,97.56388854980469,9755000
2019-10-01,95.78985595703125,11250300
2019-10-02,93.88314819335938,12548700
2019-10-03,93.74945068359375,12735200
2019-10-04,95.78004455566406,9453100
2019-10-07,95.57112121582031,6771600
2019-10-08,93.44027709960938,10806300
2019-10-09,94.11711883544922,7273700
2019-10-10,95.43743133544922,10994100
2019-10-11,97.05020904541016,15076500
2019-10-14,97.30924987792969,8779000
2019-10-15,100.24231719970703,23379000
2019-10-16,100.00833892822266,11087700
2019-10-17,100.5682144165039,10818500
2019-10-18,100.74369049072266,10417400
2019-10-21,103.24224090576172,12714600
2019-10-22,104.27841186523438,12549100
2019-10-23,104.5541763305664,8828300
2019-10-24,104.47895812988281,8020500
2019-10-25,105.31460571289062,9055700
2019-10-28,105.7156982421875,9522200
2019-10-29,105.64884185791016,9797300
2019-10-30,105.06391906738281,8513700
2019-10-31,104.38703918457031,11589100
2019-11-01,106.79366302490234,11682600
2019-11-04,107.6460189819336,9159900
2019-11-05,107.87998962402344,13747600
2019-11-06,108.04713439941406,11231100
2019-11-07,108.6320571899414,13528900
2019-11-08,108.9496078491211,9293400
2019-11-11,108.56519317626953,8679000
2019-11-12,107.93012237548828,9099000
2019-11-13,107.36188507080078,8023300
2019-11-14,107.46219635009766,8483400
2019-11-15,108.23930358886719,10163600
2019-11-18,109.15013122558594,8749300
2019-11-19,109.11671447753906,8824500
2019-11-20,108.3228759765625,11782800
2019-11-21,108.57353210449219,7705500
2019-11-22,109.2922134399414,8167900
2019-11-25,109.87715911865234,10068500
2019-11-26,110.0275650024414,10490700
2019-11-27,110.35348510742188,6607900
2019-11-29,110.10275268554688,5712000
2019-12-02,109.86041259765625,8615600
2019-12-03,108.44822692871094,10361300
2019-12-04,110.58741760253906,10318200
2019-12-05,111.18907928466797,9587400
2019-12-06,112.84361267089844,10170600
2019-12-09,112.31719207763672,8498200
2019-12-10,112.39239501953125,7532900
2019-12-11,112.12499237060547,9011900
2019-12-12,115.33380889892578,13717400
2019-12-13,114.32270812988281,10592100
2019-12-16,114.7656021118164,11372000
2019-12-17,115.46751403808594,11546800
2019-12-18,115.35053253173828,10381500
2019-12-19,114.77395629882812,9350400
2019-12-20,114.68203735351562,29992600
2019-12-23,114.64859771728516,9738400
2019-12-24,114.96613311767578,3324300
2019-12-26,116.18616485595703,6770900
2019-12-27,116.26974487304688,7868200
2019-12-30,115.84354400634766,6963000
2019-12-31,116.48698425292969,7201600
2020-01-02,117.89918518066406,10803700
2020-01-03,116.3433609008789,10386800
2020-01-06,116.2508316040039,10259000
2020-01-07,114.27449035644531,10531300
2020-01-08,115.16595458984375,9695300
2020-01-09,115.58647155761719,9469000
2020-01-10,114.4343032836914,10190900
2020-01-13,115.38462829589844,12355200
2020-01-14,116.73020935058594,24906000
2020-01-15,114.9809341430664,16293400
2020-01-16,115.42669677734375,10783800
2020-01-17,116.22560119628906,14697700
2020-01-21,115.08184814453125,8474200
2020-01-22,114.94730377197266,7549100
2020-01-23,114.82955169677734,9345700
2020-01-24,111.97859191894531,15166400
2020-01-27,111.03668212890625,12860500
2020-01-28,113.05504608154297,13062800
2020-01-29,112.88687133789062,9326000
2020-01-30,114.28292083740234,9048900
2020-01-31,111.31420135498047,12785200
2020-02-03,112.16360473632812,10021100
2020-02-04,113.77833557128906,9157100
2020-02-05,115.71260833740234,10150700
2020-02-06,115.72944641113281,8992300
2020-02-07,115.35938262939453,6379800
2020-02-10,115.83877563476562,5960700
2020-02-11,116.05742645263672,6578600
2020-02-12,116.05742645263672,7958000
2020-02-13,115.95651245117188,7447500
2020-02-14,115.60328674316406,6627600
2020-02-18,114.07264709472656,8996400
2020-02-19,115.62852478027344,7071200
2020-02-20,115.62852478027344,7422800
2020-02-21,114.21564483642578,9772800
2020-02-24,111.14602661132812,13618400
2020-02-25,106.18412780761719,20797200
2020-02-26,106.50370025634766,24825600
2020-02-27,102.0716552734375,23005500
2020-02-28,97.64801788330078,45931400
2020-03-02,102.19779968261719,27355400
2020-03-03,98.36287689208984,32547700
2020-03-04,100.79335021972656,25795900
2020-03-05,95.8482894897461,25025600
2020-03-06,90.89482879638672,38159400
2020-03-09,78.58265686035156,40352000
2020-03-10,84.68826293945312,31102700
2020-03-11,80.70195007324219,38127000
2020-03-12,74.04969024658203,49725200
2020-03-13,87.38787841796875,38543300
2020-03-16,74.31038665771484,38589700
2020-03-17,78.85176086425781,35239800
2020-03-18,70.55110931396484,41525600
2020-03-19,71.73695373535156,32175100
2020-03-20,70.22315979003906,30150800
2020-03-23,66.46389770507812,32536600
2020-03-24,74.36925506591797,34363200
2020-03-25,77.14456176757812,38111700
2020-03-26,82.51850891113281,29826300
2020-03-27,76.63994598388672,30041500
2020-03-30,78.63310241699219,21656900
2020-03-31,75.71484375,23379300
2020-04-01,70.94641876220703,28029600
2020-04-02,73.59554290771484,24018000
2020-04-03,71.42021942138672,21199400
2020-04-06,76.01728820800781,26820800
2020-04-07,77.01998901367188,22563800
2020-04-08,80.13001251220703,22903300
2020-04-09,87.31877136230469,42055900
2020-04-13,83.43548583984375,26911900
2020-04-14,81.14968872070312,46151300
2020-04-15,77.14743041992188,30118600
2020-04-16,74.20735168457031,32449600
2020-04-17,80.87776184082031,30191900
2020-04-20,77.92919158935547,23679400
2020-04-21,75.66889953613281,23035000
2020-04-22,75.91529083251953,16662400
2020-04-23,75.95782470703125,16638800
2020-04-24,77.0794448852539,15809200
2020-04-27,80.40191650390625,22870200
2020-04-28,80.97125244140625,20238900
2020-04-29,83.15506744384766,20462600
2020-04-30,81.3706283569336,19127600
2020-05-01,79.2377700805664,18547700
2020-05-04,78.2945556640625,15725900
2020-05-05,78.17560577392578,18064100
2020-05-06,76.70556640625,20978000
2020-05-07,77.50431823730469,16771900
2020-05-08,78.77041625976562,20487800
2020-05-11,76.4506607055664,31907600
2020-05-12,73.95242309570312,27962900
2020-05-13,71.40322875976562,35451600
2020-05-14,74.36882019042969,35152500
2020-05-15,72.99223327636719,26099000
2020-05-18,76.8585205078125,30504400
2020-05-19,75.34601593017578,19597300
2020-05-20,77.6063003540039,20552400
2020-05-21,76.62059783935547,14621400
2020-05-22,76.02579498291016,13557900
2020-05-26,81.4216079711914,41233900
2020-05-27,86.13763427734375,39402000
2020-05-28,84.85454559326172,24713900
2020-05-29,82.68769836425781,26526400
2020-06-01,83.78386688232422,15176800
2020-06-02,84.06427764892578,21195000
2020-06-03,88.60186767578125,25941100
2020-06-04,90.44579315185547,26784700
2020-06-05,94.51600646972656,42231000
2020-06-08,96.40242004394531,24881800
2020-06-09,93.92970275878906,17031100
2020-06-10,90.12289428710938,24913300
2020-06-11,82.60272979736328,36259200
2020-06-12,84.86302947998047,24856800
2020-06-15,86.03565216064453,22153600
2020-06-16,86.72394561767578,22193600
2020-06-17,84.5316390991211,15639800
2020-06-18,84.07278442382812,16591900
2020-06-19,83.11256408691406,40371200
2020-06-22,82.21186065673828,16216900
2020-06-23,83.21455383300781,15381400
2020-06-24,80.43590545654297,22919800
2020-06-25,83.24002838134766,25743600
2020-06-26,78.67697143554688,41896300
2020-06-29,79.02534484863281,18499700
2020-06-30,79.92608642578125,19137000
2020-07-01,79.24629974365234,18755700
2020-07-02,79.50370788574219,27845600
2020-07-06,81.51142883300781,18625300
2020-07-07,79.21196746826172,25757200
2020-07-08,80.05281829833984,18762200
2020-07-09,78.31962585449219,25600800
2020-07-10,82.60111999511719,28954200
2020-07-13,83.7851791381836,32079200
2020-07-14,84.26567077636719,42731700
2020-07-15,85.56986236572266,22508400
2020-07-16,85.81008911132812,16886900
2020-07-17,84.22274780273438,16137700
2020-07-20,83.48487091064453,14458100
2020-07-21,85.29528045654297,17798100
2020-07-22,84.6775131225586,14271200
2020-07-23,84.92633819580078,12870200
2020-07-24,84.32573699951172,12744200
2020-07-27,83.14164733886719,11959100
2020-07-28,83.50202178955078,11754300
2020-07-29,85.52696228027344,12743500
2020-07-30,83.24464416503906,14834800
2020-07-31,82.91859436035156,14535000
2020-08-03,82.45523834228516,12962800
2020-08-04,81.98336791992188,13366200
2020-08-05,83.40765380859375,15260900
2020-08-06,83.43338775634766,10482100
2020-08-07,85.26953887939453,14743700
2020-08-10,86.35066223144531,14989900
2020-08-11,89.07913208007812,31518600
2020-08-12,88.32405090332031,19240800
2020-08-13,87.83500671386719,13598600
2020-08-14,87.86934661865234,12134400
2020-08-17,85.55270385742188,14988000
2020-08-18,84.36006164550781,13246500
2020-08-19,84.55741882324219,13533000
2020-08-20,83.54496765136719,13672600
2020-08-21,83.50202178955078,12228300
2020-08-24,85.85298919677734,17898300
2020-08-25,86.23053741455078,13648900
2020-08-26,85.02072143554688,12052400
2020-08-27,87.81784057617188,22163900
2020-08-28,88.17822265625,13756700
2020-08-31,85.96455383300781,14219400
2020-09-01,85.9216537475586,11595600
2020-09-02,87.21725463867188,14475700
2020-09-03,86.94268798828125,23281200
2020-09-04,88.82173919677734,26325500
2020-09-08,85.73287200927734,22108600
2020-09-09,86.54798889160156,13434000
2020-09-10,85.6556625366211,15922800
2020-09-11,86.71958923339844,13784300
2020-09-14,87.92081451416016,19017400
2020-09-15,85.18374633789062,23683000
2020-09-16,85.54410552978516,19270600
2020-09-17,84.56597900390625,18290100
2020-09-18,84.38577270507812,20121600
2020-09-21,81.77743530273438,28378800
2020-09-22,80.88507843017578,19257000
2020-09-23,79.57229614257812,19952700
2020-09-24,79.50370788574219,18366500
2020-09-25,80.19867706298828,13293100
2020-09-28,82.50672912597656,20894100
2020-09-29,81.8117446899414,12848200
2020-09-30,82.60111999511719,16400600
2020-10-01,83.20172882080078,15778700
2020-10-02,83.99110412597656,15149600
2020-10-05,85.76634979248047,13871900
2020-10-06,84.88307189941406,19220400
2020-10-07,86.36389923095703,16358500
2020-10-08,88.1391372680664,15659000
2020-10-09,87.6368637084961,13689100
2020-10-12,88.71067810058594,16058000
2020-10-13,87.2731704711914,21697300
2020-10-14,86.78821563720703,15204100
2020-10-15,88.087158203125,17171200
2020-10-16,87.90532684326172,13275000
2020-10-19,86.42450714111328,11725700
2020-10-20,86.91810607910156,11257100
2020-10-21,86.05213928222656,10730500
2020-10-22,89.09170532226562,14837200
2020-10-23,89.89705657958984,15087600
2020-10-26,87.6715316772461,12410700
2020-10-27,86.01751708984375,10391700
2020-10-28,83.60142517089844,16389500
2020-10-29,84.1469955444336,14208800
2020-10-30,84.90038299560547,15194500
2020-11-02,86.814208984375,15011600
2020-11-03,89.55068969726562,17482600
2020-11-04,86.814208984375,18886500
2020-11-05,90.36468505859375,17837400
2020-11-06,89.16099548339844,12552800
2020-11-09,101.23271179199219,47792400
2020-11-10,100.90362548828125,20539300
2020-11-11,99.3968276977539,14443400
2020-11-12,98.17581939697266,22063000
2020-11-13,98.79066467285156,11847900
2020-11-16,101.57910919189453,19858600
2020-11-17,100.54859161376953,14553200
2020-11-18,99.8038558959961,12571200
2020-11-19,100.07229614257812,10202500
2020-11-20,99.2149887084961,12718900
2020-11-23,102.07270050048828,13209200
2020-11-24,106.79228973388672,20121600
2020-11-25,105.6751708984375,11715600
2020-11-27,104.97371673583984,5983600
2020-11-30,102.08137512207031,14411800
2020-12-01,103.69207763671875,12668900
2020-12-02,105.6838150024414,10811300
2020-12-03,104.99103546142578,12904400
2020-12-04,105.94361114501953,13583700
2020-12-07,105.54527282714844,9724300
2020-12-08,105.64920043945312,9592100
2020-12-09,104.82653045654297,13073900
2020-12-10,104.15104675292969,13668400
2020-12-11,103.53619384765625,9981600
2020-12-14,102.44509887695312,12112400
2020-12-15,104.19435119628906,12590200
2020-12-16,104.49745178222656,11169400
2020-12-17,103.63147735595703,11618000
2020-12-18,103.12054443359375,28954800
2020-12-21,106.99147033691406,28323600
2020-12-22,105.3634033203125,11788200
2020-12-23,108.30775451660156,14973200
2020-12-24,107.83145904541016,4164900
2020-12-28,108.54155731201172,8072600
2020-12-29,108.25579071044922,8389200
2020-12-30,108.55887603759766,7398000
2020-12-31,110.03970336914062,8580200
2021-01-04,109.00052642822266,16819900
2021-01-05,109.59364318847656,13731200
2021-01-06,114.73971557617188,24909100
2021-01-07,118.50765991210938,21940400
2021-01-08,118.63847351074219,12035100
2021-01-11,120.4090576171875,15937900
2021-01-12,122.30177307128906,18033500
2021-01-13,122.4151840209961,14816800
2021-01-14,123.1303939819336,18565600
2021-01-15,120.92369079589844,27881000
2021-01-19,120.40036010742188,19843800
2021-01-20,118.5948486328125,16028800
2021-01-21,117.60054779052734,13411700
2021-01-22,116.69343566894531,12933200
2021-01-25,115.23684692382812,14212800
2021-01-26,114.765869140625,11307800
2021-01-27,111.52122497558594,17603900
2021-01-28,113.48370361328125,13761800
2021-01-29,112.22770690917969,14808100
2021-02-01,113.0562973022461,11080700
2021-02-02,116.53645324707031,12253600
2021-02-03,117.87093353271484,10600800
2021-02-04,120.58351135253906,12419500
2021-02-05,120.34803009033203,10051300
2021-02-08,122.23199462890625,10136400
2021-02-09,121.7435531616211,8614800
2021-02-10,121.81333923339844,10323200
2021-02-11,121.47318267822266,9201000
2021-02-12,123.20014953613281,8324600
2021-02-16,126.16570281982422,12130600
2021-02-17,126.55819702148438,10810100
2021-02-18,126.9855728149414,10587800
2021-02-19,129.1050567626953,11969800
2021-02-22,130.31741333007812,11488400
2021-02-23,131.36404418945312,16234400
2021-02-24,133.67544555664062,15061400
2021-02-25,131.86122131347656,18127700
2021-02-26,128.36363220214844,19829200
2021-03-01,131.2681427001953,14845500
2021-03-02,130.84075927734375,14221700
2021-03-03,133.3701629638672,14324100
2021-03-04,131.32046508789062,20093900
2021-03-05,131.62576293945312,18465100
2021-03-08,133.3701629638672,17133300
2021-03-09,132.42816162109375,16238800
2021-03-10,135.30648803710938,14342200
2021-03-11,134.6000213623047,11771500
2021-03-12,136.1961212158203,12849500
2021-03-15,135.51580810546875,12101100
2021-03-16,133.8935089111328,12805600
2021-03-17,135.27157592773438,13952400
2021-03-18,137.50448608398438,21898500
2021-03-19,135.31521606445312,54418800
2021-03-22,131.67803955078125,19944800
2021-03-23,130.36105346679688,17076300
2021-03-24,131.37281799316406,13079800
2021-03-25,133.05618286132812,15608300
2021-03-26,135.27157592773438,16754400
2021-03-29,133.1695556640625,17570300
2021-03-30,134.73956298828125,13184300
2021-03-31,132.77706909179688,16736700
2021-04-01,134.06793212890625,16561500
2021-04-05,134.77857971191406,13508000
2021-04-06,133.8310546875,13071600
2021-04-07,135.9279327392578,16903500
2021-04-08,136.0946044921875,12335500
2021-04-09,137.11236572265625,12122400
2021-04-12,136.8227996826172,12273400
2021-04-13,135.19094848632812,16113600
2021-04-14,132.66416931152344,19939600
2021-04-15,133.5064697265625,17694100
2021-04-16,134.49783325195312,13773400
2021-04-19,133.92752075195312,11900200
2021-04-20,130.96212768554688,13716700
2021-04-21,132.07632446289062,12236700
2021-04-22,129.29518127441406,15256100
2021-04-23,131.769287109375,14041900
2021-04-26,132.09390258789062,10799100
2021-04-27,132.6992950439453,12821200
2021-04-28,133.55908203125,8943700
2021-04-29,136.15603637695312,12976900
2021-04-30,134.9452667236328,11705100
2021-05-03,134.5504913330078,11801100
2021-05-04,136.4104461669922,12977700
2021-05-05,138.20030212402344,10506700
2021-05-06,140.98147583007812,13542400
2021-05-07,141.46401977539062,14257800
2021-05-10,141.44647216796875,14014300
2021-05-11,139.0951385498047,15451700
2021-05-12,138.1388702392578,14381700
2021-05-13,141.692138671875,15395000
2021-05-14,143.89427185058594,10584000
2021-05-17,144.47329711914062,9886800
2021-05-18,142.43788146972656,11098100
2021-05-19,141.34996032714844,13278900
2021-05-20,141.10427856445312,10426000
2021-05-21,142.7098388671875,10249000
2021-05-24,143.48191833496094,9440300
2021-05-25,141.9992218017578,12609100
2021-05-26,141.9816436767578,13058300
2021-05-27,144.19259643554688,15707500
2021-05-28,144.09605407714844,10291300
2021-06-01,145.68405151367188,9445400
2021-06-02,145.69284057617188,10498600
2021-06-03,145.7893524169922,13354400
2021-06-04,146.0261993408203,8510800
2021-06-07,145.34188842773438,7267200
2021-06-08,144.76284790039062,10370700
2021-06-09,142.95547485351562,12377400
2021-06-10,140.72702026367188,12119400
2021-06-11,140.63050842285156,13683800
2021-06-14,138.24412536621094,19917900
2021-06-15,136.14724731445312,24485500
2021-06-16,137.1035614013672,25321200
2021-06-17,133.14671325683594,29722400
2021-06-18,129.77767944335938,43595700
2021-06-21,131.97982788085938,18664800
2021-06-22,131.78688049316406,14251200
2021-06-23,132.58523559570312,12733300
2021-06-24,133.8047332763672,13733200
2021-06-25,135.1558837890625,15484900
2021-06-28,135.40150451660156,14125800
2021-06-29,135.23483276367188,14528700
2021-06-30,136.463134765625,12531000
2021-07-01,137.814208984375,10479400
2021-07-02,137.681884765625,11424000
2021-07-06,135.36997985839844,15083400
2021-07-07,135.52877807617188,12271800
2021-07-08,133.1904296875,17834600
2021-07-09,137.4524688720703,13694500
2021-07-12,139.42018127441406,19940400
2021-07-13,137.34654235839844,22671700
2021-07-14,136.8788604736328,14622800
2021-07-15,137.1789093017578,11539300
2021-07-16,134.04637145996094,14002700
2021-07-19,129.687255859375,22172900
2021-07-20,132.10508728027344,15385200
2021-07-21,134.88462829589844,12356700
2021-07-22,133.1815948486328,9913300
2021-07-23,132.92568969726562,9666100
2021-07-26,133.81692504882812,8208000
2021-07-27,133.64044189453125,11218700
2021-07-28,133.86105346679688,9217300
2021-07-29,135.00820922851562,9063500
2021-07-30,133.931640625,9805200
2021-08-02,133.3933563232422,10203200
2021-08-03,134.91110229492188,10394800
2021-08-04,133.4551544189453,10155000
2021-08-05,135.1405029296875,9151500
2021-08-06,138.97900390625,13328800
2021-08-09,138.8290252685547,9516900
2021-08-10,140.5320281982422,8667000
2021-08-11,142.20860290527344,9156500
2021-08-12,142.76455688476562,8844200
2021-08-13,141.1674041748047,8980900
2021-08-16,140.24085998535156,8755800
2021-08-17,138.54660034179688,9347200
2021-08-18,137.2847442626953,8065500
2021-08-19,136.13763427734375,9517700
2021-08-20,136.52593994140625,6974100
2021-08-23,138.27308654785156,7934600
2021-08-24,139.1289825439453,7670900
2021-08-25,141.99688720703125,11335000
2021-08-26,142.729248046875,11027500
2021-08-27,143.87635803222656,8780200
2021-08-30,141.57327270507812,7937600
2021-08-31,141.14089965820312,12340800
2021-09-01,140.9379425048828,8729900
2021-09-02,141.5908966064453,8813300
2021-09-03,140.7349853515625,7959700
2021-09-07,140.48794555664062,9285600
2021-09-08,139.86141967773438,7852700
2021-09-09,140.47024536132812,7904300
2021-09-10,138.8554229736328,8311600
2021-09-13,141.0615234375,10052800
2021-09-14,138.5995635986328,11685600
2021-09-15,139.5614013671875,11691500
2021-09-16,139.49964904785156,10880900
2021-09-17,139.1378631591797,25581600
2021-09-20,134.97288513183594,15819900
2021-09-21,134.9905242919922,8999900
2021-09-22,137.57598876953125,11236200
2021-09-23,142.22625732421875,12336100
2021-09-24,143.86752319335938,10102400
2021-09-27,147.34420776367188,13220900
2021-09-28,146.550048828125,13387900
2021-09-29,146.43536376953125,7777100
2021-09-30,144.44110107421875,13161200
2021-10-01,147.47657775878906,11285000
2021-10-04,147.31771850585938,14120000
2021-10-05,149.72349548339844,12292900
2021-10-06,150.04306030273438,8692600
2021-10-07,150.99290466308594,10195400
2021-10-08,151.1083221435547,8190100
2021-10-11,147.9302978515625,12154700
2021-10-12,146.79400634765625,13032600
2021-10-13,142.9235076904297,22753500
2021-10-14,145.1162109375,15176800
2021-10-15,147.90365600585938,14267400
2021-10-18,147.8504180908203,12672900
2021-10-19,149.64356994628906,8053900
2021-10-20,151.65870666503906,8185600
2021-10-21,150.4691925048828,8415200
2021-10-22,152.49314880371094,8817900
2021-10-25,151.7474822998047,10159200
2021-10-26,152.15585327148438,8015100
2021-10-27,148.9866485595703,9847000
2021-10-28,151.2326202392578,7212900
2021-10-29,150.8153533935547,8140100
2021-11-01,150.7355194091797,7435500
2021-11-02,151.33026123046875,7173800
2021-11-03,151.3834991455078,8402700
2021-11-04,149.39501953125,9574200
2021-11-05,149.1819305419922,7975600
2021-11-08,150.0785675048828,6413700
2021-11-09,148.94227600097656,7990300
2021-11-10,148.8002471923828,6999200
2021-11-11,148.7913818359375,5815300
2021-11-12,148.12557983398438,8113400
2021-11-15,147.8592529296875,6492500
2021-11-16,146.79400634765625,9706100
2021-11-17,146.00392150878906,9909600
2021-11-18,144.74334716796875,8122500
2021-11-19,142.8525390625,12193600
2021-11-22,145.89739990234375,14549900
2021-11-23,149.38612365722656,12354400
2021-11-24,148.21435546875,9629800
2021-11-26,143.74911499023438,13619300
2021-11-29,143.12770080566406,12104400
2021-11-30,140.9971466064453,18922600
2021-12-01,140.16268920898438,12253400
2021-12-02,143.1099090576172,12969900
2021-12-03,140.517822265625,12681800
2021-12-06,142.17784118652344,11186500
2021-12-07,144.31723022460938,9851600
2021-12-08,142.6660919189453,11705700
2021-12-09,142.44412231445312,11189600
2021-12-10,141.8759765625,10405400
2021-12-13,140.1893310546875,12069000
2021-12-14,141.26345825195312,12563600
2021-12-15,140.20709228515625,14014200
2021-12-16,142.39974975585938,19542800
2021-12-17,139.15957641601562,28082000
2021-12-20,136.65618896484375,15148000
2021-12-21,138.5647735595703,11291300
2021-12-22,139.10630798339844,7273000
2021-12-23,139.60340881347656,8055200
2021-12-27,140.4023895263672,6188100
2021-12-28,140.8284454345703,6342300
2021-12-29,140.75746154785156,6398900
2021-12-30,140.68646240234375,6948200
2021-12-31,140.571044921875,5805900
2022-01-03,143.544921875,13120900
2022-01-04,148.9866485595703,20195800
2022-01-05,146.26290893554688,17539400
2022-01-06,147.81678771972656,14047500
2022-01-07,149.28138732910156,13913300
2022-01-10,149.42428588867188,12922500
2022-01-11,149.57608032226562,11854100
2022-01-12,150.42446899414062,12568000
2022-01-13,150.23692321777344,13623400
2022-01-14,141.0028533935547,40158400
2022-01-18,135.09091186523438,32324800
2022-01-19,133.00115966796875,22380000
2022-01-20,131.86700439453125,14860800
2022-01-21,129.56295776367188,20705400
2022-01-24,129.4468536376953,28471400
2022-01-25,130.85789489746094,18915900
2022-01-26,132.09918212890625,20709100
2022-01-27,129.768310546875,17536800
2022-01-28,130.92930603027344,14117000
2022-01-31,132.70648193359375,13985700
2022-02-01,134.98370361328125,14584900
2022-02-02,133.9031524658203,12441100
2022-02-03,132.79579162597656,12474900
2022-02-04,136.24290466308594,16654400
2022-02-07,136.6983642578125,12572300
2022-02-08,139.27032470703125,20411400
2022-02-09,139.850830078125,9131100
2022-02-10,139.27032470703125,16455600
2022-02-11,137.45748901367188,16830000
2022-02-14,136.180419921875,17026500
2022-02-15,138.17190551757812,9500000
2022-02-16,138.4219512939453,9076500
2022-02-17,135.23377990722656,11367500
2022-02-18,135.86782836914062,11733300
2022-02-22,135.6266632080078,11333500
2022-02-23,132.7868194580078,11799000
2022-02-24,129.0896453857422,25655100
2022-02-25,132.14385986328125,18367700
2022-02-28,126.63371276855469,31315300
2022-03-01,121.85594177246094,36840400
2022-03-02,124.38328552246094,19405600
2022-03-03,123.49916076660156,16640800
2022-03-04,120.02522277832031,21016000
2022-03-07,115.39031982421875,27560100
2022-03-08,114.57764434814453,19207800
2022-03-09,119.16789245605469,17536200
2022-03-10,117.75690460205078,15604200
2022-03-11,115.10455322265625,20061800
2022-03-14,116.24764251708984,15786900
2022-03-15,118.31057739257812,15096600
2022-03-16,123.5973892211914,20354900
2022-03-17,125.16021728515625,17050500
2022-03-18,125.11556243896484,23656500
2022-03-21,124.71370697021484,12676100
2022-03-22,127.36603546142578,13548600
2022-03-23,124.82982635498047,12093200
2022-03-24,125.6424560546875,10017600
2022-03-25,126.74093627929688,8383500
2022-03-28,125.80321502685547,10818100
2022-03-29,126.0800552368164,11316500
2022-03-30,125.50849914550781,8771000
2022-03-31,121.7398910522461,17353900
2022-04-01,120.837890625,15721300
2022-04-04,121.37371063232422,17416400
2022-04-05,119.96125030517578,12110300
2022-04-06,118.296875,12914700
2022-04-07,117.93700408935547,12994200
2022-04-08,120.09619140625,13126900
2022-04-11,119.6553726196289,10466400
2022-04-12,118.34184265136719,12989900
2022-04-13,114.52727508544922,30838000
2022-04-14,113.46568298339844,18835200
2022-04-18,115.57089233398438,11834400
2022-04-19,117.96398162841797,15015400
2022-04-20,118.37784576416016,13430200
2022-04-21,117.46017456054688,12174200
2022-04-22,114.08643341064453,14318800
2022-04-25,114.05046081542969,17149000
2022-04-26,110.67671966552734,17209500
2022-04-27,109.23725891113281,17215200
2022-04-28,110.96461486816406,13015600
2022-04-29,107.38394927978516,14874800
2022-05-02,108.36457824707031,18545000
2022-05-03,110.68569946289062,15720900
2022-05-04,114.34735107421875,17128500
2022-05-05,111.48641204833984,15055400
2022-05-06,111.30648040771484,14417900
2022-05-09,109.63310241699219,14312300
2022-05-10,106.96111297607422,16382400
2022-05-11,106.28634643554688,14630300
2022-05-12,106.19638061523438,16318800
2022-05-13,107.14102935791016,10443200
2022-05-16,106.39432525634766,10269000
2022-05-17,109.92098999023438,11160200
2022-05-18,108.04068756103516,12664900
2022-05-19,106.43927764892578,12765800
2022-05-20,105.56661224365234,13150100
2022-05-23,112.09817504882812,24376700
2022-05-24,113.68159484863281,19324900
2022-05-25,114.4732894897461,12780400
2022-05-26,116.45256805419922,15990900
2022-05-27,118.09893798828125,11177800
2022-05-31,118.96260070800781,17015000
2022-06-01,116.87540435791016,10768000
2022-06-02,118.7557144165039,8374800
2022-06-03,117.1003189086914,8596000
2022-06-06,116.71347045898438,11323500
2022-06-07,117.01933288574219,6722200
2022-06-08,115.15704345703125,8422100
2022-06-09,112.7369384765625,13560100
2022-06-10,107.55487823486328,12945200
2022-06-13,104.3520736694336,16805600
2022-06-14,102.61570739746094,13357900
2022-06-15,103.83026123046875,14083500
2022-06-16,102.04891967773438,16724900
2022-06-17,101.6890640258789,30919900
2022-06-21,104.20812225341797,11680500
2022-06-22,103.62334442138672,9842700
2022-06-23,102.48977661132812,11851500
2022-06-24,105.54863739013672,14841100
2022-06-27,104.70293426513672,11280500
2022-06-28,104.19913482666016,11590900
2022-06-29,103.7313003540039,9338400
2022-06-30,101.31121826171875,15172600
2022-07-01,102.60673522949219,10573600
2022-07-05,102.2164535522461,12514200
2022-07-06,101.55388641357422,10656200
2022-07-07,104.12244415283203,10347400
2022-07-08,103.79571533203125,8807800
2022-07-11,102.43426513671875,7939500
2022-07-12,102.53411102294922,11250900
2022-07-13,101.57203674316406,12979900
2022-07-14,98.02322387695312,26204800
2022-07-15,102.51597595214844,18863900
2022-07-18,101.46311950683594,13977900
2022-07-19,103.97722625732422,11862300
2022-07-20,103.9590835571289,11667500
2022-07-21,104.66703033447266,11595900
2022-07-22,104.15875244140625,7645500
2022-07-25,104.57626342773438,9394000
2022-07-26,102.94253540039062,10675100
2022-07-27,104.59441375732422,9337400
2022-07-28,104.20413970947266,10384800
2022-07-29,104.70331573486328,12944500
2022-08-01,103.6595687866211,14740400
2022-08-02,102.04397583007812,14942900
2022-08-03,103.114990234375,14394500
2022-08-04,101.98046112060547,18033900
2022-08-05,105.06639862060547,14174600
2022-08-08,103.7866439819336,10332500
2022-08-09,104.72147369384766,10233800
2022-08-10,107.45342254638672,12847300
2022-08-11,109.04177856445312,11684900
2022-08-12,110.84793853759766,9906700
2022-08-15,111.14746856689453,8456200
2022-08-16,112.20936584472656,9555000
2022-08-17,111.26542663574219,8149300
2022-08-18,110.4031982421875,9531800
2022-08-19,107.6712646484375,13464500
2022-08-22,105.8923110961914,8967600
2022-08-23,104.84855651855469,7607000
2022-08-24,105.10269165039062,9771300
2022-08-25,107.59864807128906,10758900
2022-08-26,104.07707214355469,11276200
2022-08-29,103.82292938232422,8117300
2022-08-30,103.84110260009766,10745400
2022-08-31,103.22390747070312,10738300
2022-09-01,103.9318618774414,9979800
2022-09-02,103.20574951171875,10666600
2022-09-06,103.23297119140625,9751900
2022-09-07,105.19345092773438,10647900
2022-09-08,107.64402770996094,11435000
2022-09-09,108.16136169433594,9299700
2022-09-12,109.44112396240234,8614600
2022-09-13,105.63818359375,12904600
2022-09-14,105.39313507080078,9345700
2022-09-15,106.98146057128906,10821400
2022-09-16,106.26444244384766,14844100
2022-09-19,107.24467468261719,8201300
2022-09-20,105.12991333007812,9619000
2022-09-21,102.09846496582031,12606300
2022-09-22,100.93669891357422,11684500
2022-09-23,99.05793762207031,18138600
2022-09-26,96.92500305175781,15753600
2022-09-27,96.07183837890625,12793600
2022-09-28,98.01414489746094,12762600
2022-09-29,96.35320281982422,12713900
2022-09-30,94.84654998779297,15973400
2022-10-03,97.77818298339844,12248100
2022-10-04,102.35258483886719,16013600
2022-10-05,101.08887481689453,10943500
2022-10-06,99.02845764160156,11521400
2022-10-07,97.05044555664062,11681100
2022-10-10,96.14384460449219,8931700
2022-10-11,93.3691635131836,12739700
2022-10-12,94.88014221191406,13181000
2022-10-13,100.1548080444336,22398700
2022-10-14,101.82146453857422,33387100
2022-10-17,106.09798431396484,22276300
2022-10-18,108.82688903808594,21539700
2022-10-19,106.6932144165039,17072000
2022-10-20,106.34522247314453,12207400
2022-10-21,111.93126678466797,20593300
2022-10-24,112.06863403320312,12624200
2022-10-25,112.3616714477539,11289100
2022-10-26,113.6528549194336,11667000
2022-10-27,114.1015853881836,10727600
2022-10-28,115.45687866210938,11859500
2022-10-31,115.27371978759766,13295200
2022-11-01,117.35245513916016,13386900
2022-11-02,116.27188110351562,16546100
2022-11-03,116.48249816894531,12474400
2022-11-04,119.66929626464844,14953200
2022-11-07,120.30116271972656,12011200
2022-11-08,120.37440490722656,9884100
2022-11-09,118.80848693847656,9494000
2022-11-10,123.69857788085938,16351600
2022-11-11,123.90003204345703,10704700
2022-11-14,122.62713623046875,11085600
2022-11-15,121.73886108398438,14038300
2022-11-16,121.90370178222656,7893400
2022-11-17,121.37256622314453,8820200
2022-11-18,122.56303405761719,9468500
2022-11-21,121.83959197998047,7800500
2022-11-22,123.66190338134766,9185700
2022-11-23,124.98059844970703,7316200
2022-11-25,125.21867370605469,3220500
2022-11-28,123.0300521850586,9906900
2022-11-29,125.05384826660156,7925300
2022-11-30,126.53736877441406,14761200
2022-12-01,124.76081848144531,8858500
2022-12-02,123.7718276977539,8931900
2022-12-05,120.30116271972656,10154500
2022-12-06,120.50262451171875,13966700
2022-12-07,120.42020416259766,11739400
2022-12-08,121.68391418457031,8907300
2022-12-09,121.02457427978516,7957800
2022-12-12,122.90187072753906,8841600
2022-12-13,122.7828140258789,10025400
2022-12-14,122.1692886352539,9966100
2022-12-15,119.13815307617188,12087800
2022-12-16,118.39640808105469,21133700
2022-12-19,119.10152435302734,9017200
2022-12-20,119.6784439086914,8549900
2022-12-21,121.02457427978516,8051700
2022-12-22,119.65098571777344,8648200
2022-12-23,120.21875762939453,5091900
2022-12-27,120.63997650146484,5411000
2022-12-28,121.29933166503906,8827700
2022-12-29,121.99525451660156,6585200
2022-12-30,122.8011474609375,9292500
2023-01-03,123.73519897460938,11054800
2023-01-04,124.88900756835938,11687600
2023-01-05,124.86135864257812,8381300
2023-01-06,127.25064086914062,10029100
2023-01-09,126.72480773925781,8482300
2023-01-10,127.8594970703125,9048700
2023-01-11,128.8096923828125,8703700
2023-01-12,128.68052673339844,11001700
2023-01-13,131.92776489257812,20200000
2023-01-17,129.88900756835938,14292900
2023-01-18,125.98683166503906,13392600
2023-01-19,124.30784606933594,13303400
2023-01-20,124.61229705810547,13092500
2023-01-23,126.632568359375,10487100
2023-01-24,127.72113037109375,6945000
2023-01-25,128.33920288085938,8967000
2023-01-26,129.13253784179688,7487600
2023-01-27,129.4462127685547,7489900
2023-01-30,128.3484649658203,6729300
2023-01-31,129.11410522460938,9188700
2023-02-01,128.77279663085938,8841800
2023-02-02,128.17315673828125,11822100
2023-02-03,130.1565399169922,11501200
2023-02-06,130.92222595214844,8406200
2023-02-07,132.51815795898438,10447900
2023-02-08,131.58642578125,6958000
2023-02-09,129.5384521484375,6443100
2023-02-10,130.1103973388672,6582900
2023-02-13,131.5218505859375,7134600
2023-02-14,132.10302734375,9249400
2023-02-15,132.6565399169922,6728300
2023-02-16,130.8300018310547,8165300
2023-02-17,131.21742248535156,7948800
2023-02-21,128.8096923828125,9996300
2023-02-22,127.82257080078125,11107500
2023-02-23,128.84658813476562,8068000
2023-02-24,130.00892639160156,9126900
2023-02-27,131.14361572265625,10014700
2023-02-28,132.2414093017578,11019800
2023-03-01,131.50338745117188,7139200
2023-03-02,130.13809204101562,11106800
2023-03-03,132.5273895263672,9513100
2023-03-06,131.7524871826172,9261300
2023-03-07,127.87794494628906,11747600
2023-03-08,127.12151336669922,10002500
2023-03-09,120.2396011352539,25888100
2023-03-10,123.2930679321289,37599700
2023-03-13,121.0790786743164,42901100
2023-03-14,124.1878890991211,29648100
2023-03-15,118.3207778930664,34280600
2023-03-16,120.61781311035156,24558500
2023-03-17,116.06063079833984,38396000
2023-03-20,117.2875747680664,22875500
2023-03-21,120.43331909179688,17807800
2023-03-22,117.324462890625,17250200
2023-03-23,117.01080322265625,16677600
2023-03-24,115.23038482666016,22311100
2023-03-27,118.532958984375,18853900
2023-03-28,118.89273834228516,10820500
2023-03-29,119.13257598876953,14595300
2023-03-30,118.77278900146484,12134700
2023-03-31,120.2119140625,13105200
2023-04-03,120.07353210449219,11775400
2023-04-04,118.4683837890625,11579900
2023-04-05,118.64502716064453,9614700
2023-04-06,118.51486206054688,8760200
2023-04-10,118.90536499023438,9477300
2023-04-11,119.49109649658203,10516300
2023-04-12,119.47249603271484,11821000
2023-04-13,119.92807006835938,12450200
2023-04-14,128.98382568359375,43931300
2023-04-17,130.00653076171875,16050500
2023-04-18,131.46624755859375,13760100
2023-04-19,131.2988739013672,9158100
2023-04-20,130.91769409179688,10586200
2023-04-21,130.66664123535156,11842500
2023-04-24,130.84329223632812,7567500
2023-04-25,127.99827575683594,10629300
2023-04-26,125.72968292236328,14416100
2023-04-27,127.42183685302734,9041100
2023-04-28,128.52822875976562,9887300
2023-05-01,131.2802734375,20415800
2023-05-02,129.1604766845703,14113400
2023-05-03,126.42699432373047,12930900
2023-05-04,124.69768524169922,17089200
2023-05-05,127.13360595703125,11261400
2023-05-08,127.4404296875,7484900
2023-05-09,126.8267822265625,7343600
2023-05-10,126.89189147949219,8133400
2023-05-11,126.49208068847656,7057300
2023-05-12,124.67908477783203,9988600
2023-05-15,125.72968292236328,7639500
2023-05-16,124.88365173339844,6477200
2023-05-17,128.7234649658203,12711500
2023-05-18,129.69970703125,10999600
2023-05-19,129.4021759033203,13492200
2023-05-22,128.33299255371094,11402500
2023-05-23,126.994140625,9514900
2023-05-24,125.83194732666016,8578000
2023-05-25,126.13878631591797,8472500
2023-05-26,127.3195571899414,8579900
2023-05-30,127.80303192138672,7399900
2023-05-31,126.17598724365234,14219900
2023-06-01,127.91459655761719,12248100
2023-06-02,130.60159301757812,12922500
2023-06-05,129.3185272216797,8511900
2023-06-06,129.5509490966797,9329500
2023-06-07,130.80612182617188,9281400
2023-06-08,130.84329223632812,7368100
2023-06-09,131.10360717773438,7249100
2023-06-12,131.09432983398438,7596600
2023-06-13,132.04269409179688,7701600
2023-06-14,131.54989624023438,9068700
2023-06-15,133.03749084472656,9343100
2023-06-16,133.19557189941406,13813500
2023-06-20,132.516845703125,8428600
2023-06-21,132.3216094970703,9926500
2023-06-22,129.7740936279297,10075200
2023-06-23,129.09536743164062,9919500
2023-06-26,129.4114990234375,8429700
2023-06-27,129.4207763671875,8154000
2023-06-28,128.85365295410156,7558600
2023-06-29,133.35362243652344,15423200
2023-06-30,135.22242736816406,14212800
2023-07-03,136.3102264404297,8021600
2023-07-05,135.40216064453125,8934900
2023-07-06,134.06350708007812,9709500
2023-07-07,135.1212921142578,8981500
2023-07-10,135.87960815429688,9100100
2023-07-11,138.004638671875,11260900
2023-07-12,138.68797302246094,11323200
2023-07-13,139.3620147705078,11234900
2023-07-14,140.2045440673828,27028400
2023-07-17,143.58396911621094,17262400
2023-07-18,143.8461151123047,13491700
2023-07-19,144.3983917236328,12510000
2023-07-20,146.17706298828125,9935900
2023-07-21,145.05368041992188,10636400
2023-07-24,147.90887451171875,14381400
2023-07-25,146.8042755126953,9944700
2023-07-26,147.6842041015625,8728600
2023-07-27,146.05535888671875,10778400
2023-07-28,146.88851928710938,9103800
2023-07-31,147.87147521972656,8892700
2023-08-01,147.14126586914062,6853900
2023-08-02,145.47494506835938,8299400
2023-08-03,146.36428833007812,6084000
2023-08-04,146.05535888671875,6209400
2023-08-07,146.7480926513672,7251800
2023-08-08,145.92428588867188,8623400
2023-08-09,143.9677734375,6277800
2023-08-10,143.75244140625,5995100
2023-08-11,144.58563232421875,5180700
2023-08-14,144.8851776123047,5044300
2023-08-15,141.1968231201172,10300300
2023-08-16,140.59771728515625,6978200
2023-08-17,139.1373748779297,9953900
2023-08-18,139.45562744140625,8517500
2023-08-21,139.93304443359375,8327000
2023-08-22,137.03103637695312,9673300
2023-08-23,137.95782470703125,7858000
2023-08-24,137.8267364501953,6534000
2023-08-25,137.65826416015625,6695500
2023-08-28,138.1356658935547,5094100
2023-08-29,139.25901794433594,6337000
2023-08-30,138.69737243652344,6277300
2023-08-31,136.98422241210938,10933900
2023-09-01,137.44296264648438,7903500
2023-09-05,135.9263916015625,7854700
2023-09-06,135.70172119140625,8629200
2023-09-07,134.5409393310547,8373700
2023-09-08,134.64389038085938,7107900
2023-09-11,135.2336883544922,6854200
2023-09-12,136.9936065673828,8363200
2023-09-13,137.0591278076172,8325900
2023-09-14,139.71775817871094,10034900
2023-09-15,139.30584716796875,19863400
2023-09-18,139.59603881835938,6512400
2023-09-19,139.4181671142578,7943400
2023-09-20,138.82839965820312,7332000
2023-09-21,137.74249267578125,8052400
2023-09-22,136.42254638671875,7071700
2023-09-25,137.09657287597656,7044700
2023-09-26,135.67367553710938,7468400
2023-09-27,136.4693603515625,6717800
2023-09-28,138.1637725830078,8868100
2023-09-29,135.75791931152344,11917800
2023-10-02,134.58773803710938,9170600
2023-10-03,133.59544372558594,9431100
2023-10-04,134.19454956054688,8128700
2023-10-05,134.7603759765625,8576200
2023-10-06,136.83506774902344,10270600
2023-10-09,136.52389526367188,6964900
2023-10-10,137.35372924804688,11288800
2023-10-11,137.82525634765625,8698200
2023-10-12,137.50462341308594,10484400
2023-10-13,139.56985473632812,29427000
2023-10-16,139.4284210205078,12663500
2023-10-17,139.1266632080078,11482700
2023-10-18,137.59893798828125,9620300
2023-10-19,137.0142364501953,11143600
2023-10-20,134.8075408935547,13332900
2023-10-23,132.96861267089844,10133400
2023-10-24,133.12892150878906,8881400
2023-10-25,132.4027862548828,8242600
2023-10-26,132.7422637939453,9109400
2023-10-27,127.96110534667969,17434700
2023-10-30,129.59251403808594,9855500
2023-10-31,131.13909912109375,9672500
2023-11-01,131.0259552001953,9432000
2023-11-02,133.36468505859375,10186200
2023-11-03,134.85467529296875,9538700
2023-11-06,135.87319946289062,7625100
2023-11-07,135.80715942382812,6297900
2023-11-08,136.47671508789062,7618200
2023-11-09,136.07119750976562,7992500
2023-11-10,138.0893096923828,7983300
2023-11-13,137.47633361816406,6676300
2023-11-14,139.98484802246094,9927700
2023-11-15,141.21075439453125,8365300
2023-11-16,142.82337951660156,8126200
2023-11-17,144.11537170410156,7812400
2023-11-20,144.55857849121094,7019000
2023-11-21,144.25682067871094,7083500
2023-11-22,144.5962677001953,5174500
2023-11-24,144.7943115234375,3496900
2023-11-27,144.46426391601562,6259100
2023-11-28,144.7943115234375,6582700
2023-11-29,145.5299072265625,9126100
2023-11-30,147.1896514892578,9869800
2023-12-01,147.90638732910156,8916000
2023-12-04,148.99085998535156,9607500
2023-12-05,148.9720001220703,9135600
2023-12-06,147.4065399169922,9366000
2023-12-07,147.8591766357422,8130900
2023-12-08,149.49069213867188,7369400
2023-12-11,150.03762817382812,8093900
2023-12-12,151.37673950195312,10223000
2023-12-13,151.885986328125,12379100
2023-12-14,154.6490936279297,13643000
2023-12-15,155.81846618652344,20309300
2023-12-18,156.761474609375,8469600
2023-12-19,158.8550567626953,10345700
2023-12-20,157.06329345703125,10734700
2023-12-21,157.9591522216797,7601700
2023-12-22,157.8648681640625,6576300
2023-12-26,158.79847717285156,4683600
2023-12-27,159.7509307861328,6428600
2023-12-28,160.59967041015625,6320100
2023-12-29,160.41107177734375,6435100
2024-01-02,162.27830505371094,9977400
2024-01-03,161.57101440429688,9852300
2024-01-04,162.64321899414062,11972500
2024-01-05,163.459228515625,10066000
2024-01-08,163.22203063964844,11229900
2024-01-09,161.9315643310547,9923600
2024-01-10,162.27316284179688,9670200
2024-01-11,161.58998107910156,11919500
2024-01-12,160.4039306640625,19436500
2024-01-16,159.3981475830078,17206400
2024-01-17,158.54415893554688,11107500
2024-01-18,158.85728454589844,9382300
2024-01-19,161.5994873046875,13115700
2024-01-22,161.40972900390625,12837500
2024-01-23,160.3470001220703,8360800
2024-01-24,161.77975463867188,9967100
2024-01-25,164.094970703125,8873500
2024-01-26,163.46871948242188,7443000
2024-01-29,163.89572143554688,6971200
2024-01-30,167.254638671875,10822100
2024-01-31,165.4423370361328,11521800
2024-02-01,164.84454345703125,9354800
2024-02-02,165.7934112548828,8607600
2024-02-05,165.5751953125,7820200
2024-02-06,166.1444854736328,6764800
2024-02-07,166.45762634277344,7225500
2024-02-08,165.8598175048828,6060300
2024-02-09,166.05909729003906,6296700
2024-02-12,166.7991943359375,8539300
2024-02-13,165.34744262695312,8397600
2024-02-14,167.0269317626953,7056700
2024-02-15,170.6705322265625,8723400
2024-02-16,169.87347412109375,8152600
2024-02-20,170.5376739501953,9668000
2024-02-21,171.64785766601562,7024000
2024-02-22,173.7068634033203,9296500
2024-02-23,174.57981872558594,7105800
2024-02-26,173.98202514648438,7145400
2024-02-27,174.0674285888672,5717100
2024-02-28,174.94989013671875,6131600
2024-02-29,176.5439453125,9643000
2024-03-01,175.8133087158203,6311800
2024-03-04,177.13223266601562,7063600
2024-03-05,178.9066162109375,6617800
2024-03-06,179.83644104003906,7572900
2024-03-07,178.26136779785156,7618300
2024-03-08,178.59344482421875,6172200
2024-03-11,178.65988159179688,5762600
2024-03-12,180.1305694580078,5708400
2024-03-13,181.59185791015625,7795500
2024-03-14,178.3562469482422,10310900
2024-03-15,180.5670928955078,17214200
2024-03-18,182.806396484375,9013800
2024-03-19,183.87857055664062,8478700
2024-03-20,186.28868103027344,9367000
2024-03-21,188.87904357910156,11203800
2024-03-22,186.5638427734375,8108800
2024-03-25,184.8559112548828,8620000
2024-03-26,185.71934509277344,5961500
2024-03-27,189.31553649902344,8725800
2024-03-28,190.05563354492188,8628300
2024-04-01,188.7651824951172,7309000
2024-04-02,188.68927001953125,7014700
2024-04-03,188.1579132080078,9353400
2024-04-04,186.7263641357422,9243800
2024-04-05,188.44422912597656,6532300
2024-04-08,189.42726135253906,8001000
2024-04-09,188.15792846679688,7351500
2024-04-10,186.5545654296875,7681400
2024-04-11,186.51637268066406,10137700
2024-04-12,174.45289611816406,31532300
2024-04-15,174.54832458496094,14766600
2024-04-16,172.55364990234375,16451800
2024-04-17,171.86648559570312,9017100
2024-04-18,172.98312377929688,9557700
2024-04-19,177.32559204101562,13402300
2024-04-22,180.7709503173828,11529700
2024-04-23,183.37646484375,9144400
2024-04-24,184.2735595703125,6964900
2024-04-25,184.55032348632812,9802300
2024-04-26,184.6648712158203,6413700
2024-04-29,184.46444702148438,5387800
2024-04-30,182.99468994140625,8153700
2024-05-01,183.1092071533203,7445300
2024-05-02,182.9183349609375,6501700
2024-05-03,181.82077026367188,8922800
2024-05-06,183.24282836914062,7911100
2024-05-07,183.00421142578125,7688800
2024-05-08,186.7263641357422,9227600
2024-05-09,188.49195861816406,7977300
2024-05-10,189.70404052734375,7529800
2024-05-13,189.6658477783203,7049200
2024-05-14,192.3190460205078,8596200
2024-05-15,192.89169311523438,8370000
2024-05-16,193.2352752685547,8497900
2024-05-17,195.449462890625,9260500
2024-05-20,186.65951538085938,17373300
2024-05-21,190.41983032226562,14420800
2024-05-22,189.2650146484375,9425300
2024-05-23,187.93841552734375,8069400
2024-05-24,191.55557250976562,7356200
2024-05-28,190.4007568359375,6910200
2024-05-29,189.07415771484375,6120000
2024-05-30,190.23851013183594,6829100
2024-05-31,193.38796997070312,14417900
2024-06-03,192.61492919921875,6444300
2024-06-04,190.0762481689453,6848300
2024-06-05,188.2628936767578,8351600
2024-06-06,187.92889404296875,7640300
2024-06-07,190.83021545410156,6964500
2024-06-10,190.5057373046875,6070800
2024-06-11,185.4951629638672,9235300
2024-06-12,182.79425048828125,12751300
2024-06-13,184.8271026611328,8587800
2024-06-14,184.94161987304688,6874000
2024-06-17,186.08688354492188,8725400
2024-06-18,188.01478576660156,9023000
2024-06-20,189.6085968017578,8731100
2024-06-21,187.34669494628906,20972100
2024-06-24,189.80905151367188,9785900
2024-06-25,189.03594970703125,6862500
2024-06-26,188.42515563964844,7758600
2024-06-27,190.08578491210938,7913500
2024-06-28,193.03485107421875,15307600
2024-07-01,196.07936096191406,10205800
2024-07-02,199.30519104003906,7802900
2024-07-03,199.1715850830078,5560900
2024-07-05,196.532470703125,8093100
2024-07-08,196.89715576171875,8707000
2024-07-09,199.25796508789062,9058900
2024-07-10,199.42108154296875,8328500
2024-07-11,199.085205078125,10658100
2024-07-12,196.6764373779297,15443400
2024-07-15,201.5803680419922,10719700
2024-07-16,205.00640869140625,11557000
2024-07-17,208.12538146972656,11572500
2024-07-18,201.51318359375,12415100
2024-07-19,201.32125854492188,8095900
2024-07-22,201.8011016845703,7663200
2024-07-23,201.84909057617188,5557300
2024-07-24,200.17926025390625,7119000
2024-07-25,200.25601196289062,6403800
2024-07-26,203.6820831298828,8027800
2024-07-29,202.34811401367188,6533600
2024-07-30,206.51312255859375,8850700
2024-07-31,204.21949768066406,9071600
2024-08-01,199.57464599609375,10918600
2024-08-02,191.11029052734375,18041700
2024-08-05,187.041259765625,13927000
2024-08-06,192.2618865966797,10605800
2024-08-07,192.31947326660156,9204400
2024-08-08,195.8319091796875,7761200
2024-08-09,197.50173950195312,5540200
2024-08-12,197.8760223388672,6936000
2024-08-13,199.55545043945312,6387800
2024-08-14,201.7626953125,6999800
2024-08-15,203.01988220214844,7001000
2024-08-16,205.34230041503906,7931200
2024-08-19,206.7626495361328,6090800
2024-08-20,205.8701629638672,5640000
2024-08-21,205.9468994140625,5202300
2024-08-22,207.8950653076172,5247100
2024-08-23,209.50732421875,7214000
2024-08-26,210.33262634277344,5105200
2024-08-27,211.30189514160156,5185200
2024-08-28,212.3671417236328,6506400
2024-08-29,213.2500457763672,6416100
2024-08-30,215.7356414794922,8574100
2024-09-03,211.41708374023438,8956100
2024-09-04,210.4861602783203,7389500
2024-09-05,208.854736328125,8067900
2024-09-06,203.89321899414062,7777000
2024-09-09,208.06781005859375,8935100
2024-09-10,197.2714385986328,28406900
2024-09-11,198.87408447265625,13658700
2024-09-12,198.2694854736328,9054400
2024-09-13,196.0814208984375,10226700
2024-09-16,199.47866821289062,8634900
2024-09-17,200.81263732910156,7573300
2024-09-18,199.1619873046875,8259900
2024-09-19,201.9930419921875,11635200
2024-09-20,202.57843017578125,20885000
2024-09-23,202.91429138183594,7223500
2024-09-24,203.0582733154297,7323200
2024-09-25,201.71473693847656,8976500
2024-09-26,201.32125854492188,7807500
2024-09-27,202.01223754882812,7032500
2024-09-30,202.3577423095703,8663800
2024-10-01,198.6917266845703,8540100
2024-10-02,198.931640625,5810900
2024-10-03,196.95474243164062,7251300
2024-10-04,203.94537353515625,10211700
2024-10-07,203.66534423828125,6718900
2024-10-08,203.49156188964844,6021800
2024-10-09,206.069580078125,7024000
2024-10-10,205.50958251953125,7927100
2024-10-11,214.63409423828125,18320700
2024-10-14,213.8520050048828,9048900
2024-10-15,214.7306671142578,9235800
2024-10-16,215.93760681152344,6382500
2024-10-17,216.6907501220703,6470200
2024-10-18,217.60801696777344,7000500
2024-10-21,215.3196258544922,5870000
2024-10-22,216.40106201171875,9586800
2024-10-23,215.7155303955078,6180500
2024-10-24,217.23146057128906,6002200
2024-10-25,214.65341186523438,6369700
2024-10-28,217.73355102539062,6843000
2024-10-29,215.2230987548828,6580000
2024-10-30,216.68109130859375,7110900
2024-10-31,214.27684020996094,7829900
2024-11-01,215.26171875,6923500
2024-11-04,212.21055603027344,8229600
2024-11-05,213.86166381835938,5600700
2024-11-06,238.55099487304688,23987800
2024-11-07,228.2388458251953,16451100
2024-11-08,228.8181610107422,9502100
2024-11-11,231.04859924316406,9017100
2024-11-12,231.30931091308594,6861000
2024-11-13,232.85423278808594,11472600
2024-11-14,233.5397491455078,10172200
2024-11-15,236.86126708984375,11518800
2024-11-18,236.59091186523438,9051400
2024-11-19,234.7177276611328,6792700
2024-11-20,232.48728942871094,9015300
2024-11-21,236.33021545410156,8783500
2024-11-22,239.9897003173828,7997300
2024-11-25,241.6697540283203,10295400
2024-11-26,241.36077880859375,6212100
2024-11-27,241.1869659423828,5472300
2024-11-29,241.11940002441406,5494800
2024-12-02,237.76889038085938,8899700
2024-12-03,236.38816833496094,6657700
2024-12-04,235.0170440673828,7346300
2024-12-05,237.02542114257812,6572500
2024-12-06,238.84066772460938,5519700
2024-12-09,235.41293334960938,7076500
2024-12-10,234.4956512451172,9108300
2024-12-11,235.142578125,7884400
2024-12-12,233.2114715576172,6113800
2024-12-13,231.6762237548828,10392700
2024-12-16,231.32859802246094,9032000
2024-12-17,230.150634765625,8083600
2024-12-18,222.4358367919922,11322400
2024-12-19,224.9366455078125,11790800
2024-12-20,229.4168243408203,32348400
2024-12-23,230.17959594726562,8611500
2024-12-24,233.964599609375,3729100
2024-12-26,234.76600646972656,4451800
2024-12-27,232.86386108398438,5730200
2024-12-30,231.0775909423828,5723800
2024-12-31,231.45416259765625,4871000
