date,close,volume
2014-01-02,64.85519409179688,1494515
2014-01-03,65.17374420166016,1402001
2014-01-06,65.17996978759766,1647419
2014-01-07,64.94264221191406,1755369
2014-01-08,64.50544738769531,1933722
2014-01-09,64.78651428222656,1513706
2014-01-10,65.49226379394531,1755160
2014-01-13,65.41107940673828,1956459
2014-01-14,65.8482666015625,2056379
2014-01-15,65.81702423095703,1525805
2014-01-16,66.23550415039062,1350372
2014-01-17,65.86701202392578,2863035
2014-01-21,66.47283172607422,2058048
2014-01-22,66.21047973632812,1702802
2014-01-23,65.84203338623047,2381795
2014-01-24,67.07866668701172,3493007
2014-01-27,67.10989379882812,2097682
2014-01-28,67.85935974121094,1956877
2014-01-29,66.83507537841797,2861679
2014-01-30,67.7032470703125,2396188
2014-01-31,68.30905151367188,3294316
2014-02-03,65.88571166992188,2788773
2014-02-04,65.92943572998047,2598426
2014-02-05,65.95442962646484,1839226
2014-02-06,66.42285919189453,1791457
2014-02-07,66.76636505126953,1613730
2014-02-10,67.20980834960938,1897321
2014-02-11,67.8218994140625,1778315
2014-02-12,67.42842864990234,1855497
2014-02-13,67.92182159423828,1504945
2014-02-14,68.8524398803711,1547395
2014-02-18,68.5339126586914,1619570
2014-02-19,67.94055938720703,1704262
2014-02-20,68.68380737304688,1852994
2014-02-21,68.60885620117188,1716778
2014-02-24,68.80248260498047,1912966
2014-02-25,68.69628143310547,1385313
2014-02-26,67.80316925048828,1806163
2014-02-27,68.01551818847656,1868952
2014-02-28,68.921142578125,2044489
2014-03-03,68.10297393798828,1472507
2014-03-04,69.23966979980469,1828796
2014-03-05,68.37118530273438,1545413
2014-03-06,68.84320068359375,1770180
2014-03-07,68.56627655029297,1806893
2014-03-10,68.70471954345703,1218015
2014-03-11,68.62920379638672,1334727
2014-03-12,69.06974029541016,2252984
2014-03-13,68.6480712890625,2102688
2014-03-14,69.01313018798828,1682672
2014-03-17,69.8879165649414,1504736
2014-03-18,69.73056030273438,1375821
2014-03-19,69.13896942138672,1460304
2014-03-20,69.08235931396484,1421713
2014-03-21,69.32776641845703,2408600
2014-03-24,69.64244079589844,1662959
2014-03-25,69.57952117919922,2073901
2014-03-26,69.62986755371094,1987854
2014-03-27,69.00051879882812,2156090
2014-03-28,69.11380767822266,1907125
2014-03-31,69.38441467285156,2109780
2014-04-01,68.97535705566406,2113640
2014-04-02,68.91241455078125,2011321
2014-04-03,69.06974029541016,1610809
2014-04-04,69.08235931396484,1863632
2014-04-07,69.29631042480469,2241303
2014-04-08,69.69277954101562,1898156
2014-04-09,70.00119018554688,2358745
2014-04-10,69.90046691894531,2635140
2014-04-11,69.06974029541016,2176324
2014-04-14,69.4536361694336,1672138
2014-04-15,69.5732192993164,2250377
2014-04-16,70.74378967285156,1944882
2014-04-17,70.8255844116211,3012810
2014-04-21,69.81865692138672,2935211
2014-04-22,68.22012329101562,4678689
2014-04-23,68.41524505615234,2451050
2014-04-24,68.61661529541016,1952392
2014-04-25,68.74879455566406,1910776
2014-04-28,70.00119018554688,2943450
2014-04-29,69.9256362915039,1941649
2014-04-30,70.64311981201172,2106443
2014-05-01,70.00119018554688,1818679
2014-05-02,69.87529754638672,1322524
2014-05-05,69.37186431884766,1253269
2014-05-06,69.13896942138672,1546248
2014-05-07,69.82493591308594,1694458
2014-05-08,69.67391204833984,1316579
2014-05-09,69.73685455322266,1338065
2014-05-12,69.35295104980469,1523510
2014-05-13,70.03262329101562,1237728
2014-05-14,69.86901092529297,919509
2014-05-15,69.69277954101562,1252747
2014-05-16,69.89418029785156,1275589
2014-05-19,69.05085754394531,2122818
2014-05-20,68.95014953613281,1385730
2014-05-21,69.23966979980469,1129152
2014-05-22,69.30889129638672,927227
2014-05-23,69.6865005493164,873200
2014-05-27,69.57952117919922,1302186
2014-05-28,69.56693267822266,1053534
2014-05-29,70.02006530761719,1036742
2014-05-30,70.70602416992188,1618840
2014-06-02,70.53608703613281,959143
2014-06-03,69.91937255859375,1246385
2014-06-04,70.61690521240234,1629166
2014-06-05,70.45204162597656,1287584
2014-06-06,70.80712127685547,1178590
2014-06-09,71.01006317138672,1157104
2014-06-10,70.72470092773438,1000446
2014-06-11,70.4457015991211,847750
2014-06-12,69.83689880371094,1236789
2014-06-13,70.17300415039062,1073769
2014-06-16,70.3505630493164,1121642
2014-06-17,70.45204162597656,1022557
2014-06-18,71.02908325195312,1262969
2014-06-19,71.72662353515625,1468127
2014-06-20,71.44126892089844,2596966
2014-06-23,70.9656982421875,1045816
2014-06-24,70.76275634765625,1060940
2014-06-25,70.64224243164062,1080757
2014-06-26,70.29349517822266,1136140
2014-06-27,70.62325286865234,1298744
2014-06-30,70.52811431884766,1254520
2014-07-01,70.71837615966797,1197364
2014-07-02,70.6676254272461,950590
2014-07-03,70.94661712646484,896354
2014-07-07,71.11151123046875,837320
2014-07-08,71.3334732055664,1172749
2014-07-09,71.69491577148438,1110065
2014-07-10,71.53636932373047,955805
2014-07-11,71.40955352783203,841075
2014-07-14,71.6695556640625,1278509
2014-07-15,72.1578369140625,1684236
2014-07-16,72.44319152832031,1495141
2014-07-17,71.4476089477539,1360176
2014-07-18,71.84076690673828,1432352
2014-07-21,71.21931457519531,2419760
2014-07-22,69.01889038085938,4394055
2014-07-23,69.43741607666016,2444166
2014-07-24,69.43107604980469,2126781
2014-07-25,68.82231140136719,1542076
2014-07-28,68.68277740478516,1165031
2014-07-29,67.90916442871094,1732840
2014-07-30,67.2813720703125,2641710
2014-07-31,65.86724090576172,2242241
2014-08-01,66.52037048339844,2809321
2014-08-04,66.72968292236328,2279789
2014-08-05,66.34285736083984,1459991
2014-08-06,67.66817474365234,2733599
2014-08-07,67.33209228515625,1600588
2014-08-08,68.04866027832031,1445911
2014-08-11,68.5242691040039,1431100
2014-08-12,68.2452392578125,1082530
2014-08-13,68.44816589355469,1146883
2014-08-14,68.53695678710938,964462
2014-08-15,68.30867767333984,1268288
2014-08-18,68.89205169677734,1345157
2014-08-19,68.7779312133789,910643
2014-08-20,68.84765625,871114
2014-08-21,69.23448944091797,1086910
2014-08-22,68.9744873046875,880709
2014-08-25,69.2535171508789,1071265
2014-08-26,68.56864929199219,1388859
2014-08-27,69.06961822509766,1769032
2014-08-28,68.57498168945312,1124667
2014-08-29,68.48624420166016,1418584
2014-09-02,68.48624420166016,1886578
2014-09-03,68.7354736328125,1344636
2014-09-04,68.72905731201172,1447371
2014-09-05,68.70352172851562,1801887
2014-09-08,68.37118530273438,1245968
2014-09-09,68.28807830810547,2064097
2014-09-10,68.31365966796875,1548751
2014-09-11,68.42231750488281,1484815
2014-09-12,67.75763702392578,1277571
2014-09-15,67.9941177368164,1664524
2014-09-16,68.28807830810547,1705096
2014-09-17,68.20502471923828,1428180
2014-09-18,68.20502471923828,1038306
2014-09-19,68.33920288085938,1896174
2014-09-22,68.8121566772461,1899929
2014-09-23,68.04522705078125,1399185
2014-09-24,69.57270050048828,2372721
2014-09-25,68.51176452636719,1685279
2014-09-26,68.9272232055664,1255668
2014-09-29,68.96554565429688,1201223
2014-09-30,68.74825286865234,1530915
2014-10-01,68.22418212890625,1632295
2014-10-02,68.26251220703125,1472820
2014-10-03,68.83132934570312,1761001
2014-10-06,68.27532196044922,1907021
2014-10-07,68.36477661132812,1713545
2014-10-08,69.79637145996094,2227327
2014-10-09,69.31067657470703,1685801
2014-10-10,69.29786682128906,1474385
2014-10-13,68.12831115722656,1735969
2014-10-14,68.00690460205078,1782904
2014-10-15,67.36780548095703,2833205
2014-10-16,67.13130187988281,1955103
2014-10-17,67.91100311279297,2464192
2014-10-20,69.0486068725586,1723245
2014-10-21,71.08739471435547,2134917
2014-10-22,71.9948959350586,2379500
2014-10-23,71.58585357666016,1841208
2014-10-24,72.28248596191406,1273190
2014-10-27,72.40391540527344,1132385
2014-10-28,72.68509674072266,1408363
2014-10-29,72.49978637695312,1292694
2014-10-30,72.61479949951172,1155748
2014-10-31,73.03022766113281,1923396
2014-11-03,74.23077392578125,2298700
2014-11-04,75.43063354492188,3057400
2014-11-05,74.8440170288086,2539800
2014-11-06,75.3572998046875,1808100
2014-11-07,75.48394012451172,2038200
2014-11-10,75.9372329711914,1327400
2014-11-11,75.57059478759766,1308600
2014-11-12,75.57723999023438,1401000
2014-11-13,76.03719329833984,2142400
2014-11-14,75.0906753540039,1641600
2014-11-17,75.75725555419922,1766200
2014-11-18,75.72391510009766,1454300
2014-11-19,75.8839111328125,1227300
2014-11-20,75.14399719238281,1903700
2014-11-21,75.7305908203125,1885100
2014-11-24,75.33728790283203,1903200
2014-11-25,75.8839111328125,1592900
2014-11-26,76.09722137451172,1299500
2014-11-28,77.71700286865234,1328800
2014-12-01,77.26375579833984,1564900
2014-12-02,77.47037506103516,1720400
2014-12-03,77.0137939453125,2856300
2014-12-04,76.94661712646484,1726200
2014-12-05,76.57064819335938,2018800
2014-12-08,76.62437438964844,1936800
2014-12-09,76.34236907958984,1691800
2014-12-10,75.98649597167969,1482900
2014-12-11,76.57064819335938,1415300
2014-12-12,75.6574935913086,1679500
2014-12-15,75.43592834472656,1722400
2014-12-16,75.46947479248047,1812100
2014-12-17,76.44979095458984,1863800
2014-12-18,77.49052429199219,2320800
2014-12-19,77.77919006347656,3060600
2014-12-22,78.18880462646484,1509700
2014-12-23,79.21611022949219,2016700
2014-12-24,79.07511138916016,999200
2014-12-26,79.41753387451172,990300
2014-12-29,78.85352325439453,1366800
2014-12-30,78.7930908203125,1357100
2014-12-31,77.5777816772461,1486100
2015-01-02,77.58451843261719,1280300
2015-01-05,77.14136505126953,1605200
2015-01-06,76.39606475830078,1755200
2015-01-07,76.926513671875,1449400
2015-01-08,78.55137634277344,2103900
2015-01-09,77.84636688232422,1220000
2015-01-12,77.72552490234375,1180700
2015-01-13,77.94039154052734,1295200
2015-01-14,78.04110717773438,1427400
2015-01-15,78.04110717773438,1094800
2015-01-16,78.99453735351562,1308000
2015-01-20,78.9139633178711,1688800
2015-01-21,78.9542465209961,1526000
2015-01-22,79.88754272460938,1851700
2015-01-23,74.96591186523438,5315300
2015-01-26,73.75733184814453,4299600
2015-01-27,74.33475494384766,3566300
2015-01-28,73.609619140625,2368200
2015-01-29,74.00575256347656,2693800
2015-01-30,72.48831939697266,2895400
2015-02-02,73.93190002441406,2171900
2015-02-03,73.97217559814453,1823300
2015-02-04,73.76403045654297,1764500
2015-02-05,73.87146759033203,2018800
2015-02-06,73.22017669677734,1605700
2015-02-09,72.66285705566406,2009100
2015-02-10,73.33430480957031,1349600
2015-02-11,73.3880386352539,1366000
2015-02-12,73.9789047241211,1369100
2015-02-13,74.52947998046875,1664100
2015-02-17,74.71076965332031,1537100
2015-02-18,74.99945831298828,862800
2015-02-19,74.30118560791016,1059600
2015-02-20,74.50263214111328,1460600
2015-02-23,74.52275848388672,1832200
2015-02-24,74.1198959350586,1550200
2015-02-25,73.9654769897461,1187200
2015-02-26,73.79762268066406,1357700
2015-02-27,73.6297607421875,1439400
2015-03-02,74.13335418701172,1272800
2015-03-03,74.03263092041016,1398400
2015-03-04,73.34899139404297,1748500
2015-03-05,73.409912109375,1275300
2015-03-06,72.2999038696289,2022700
2015-03-09,72.43526458740234,1310000
2015-03-10,70.91239166259766,2095000
2015-03-11,70.49275970458984,1688400
2015-03-12,71.53507995605469,1320200
2015-03-13,71.6027603149414,1405500
2015-03-16,72.03594970703125,1789600
2015-03-17,71.25081634521484,2852400
2015-03-18,72.45557403564453,2058500
2015-03-19,72.25252532958984,2233400
2015-03-20,73.42344665527344,3863800
2015-03-23,73.76864624023438,1768600
2015-03-24,73.43700408935547,1626600
2015-03-25,72.73308563232422,1597100
2015-03-26,71.9614486694336,1705500
2015-03-27,71.99533081054688,1203900
2015-03-30,72.9225845336914,1258400
2015-03-31,72.49617767333984,1350000
2015-04-01,72.3202133178711,1464000
2015-04-02,72.43526458740234,1556000
2015-04-06,72.73308563232422,1482100
2015-04-07,72.39466857910156,1062800
2015-04-08,72.53002166748047,1307100
2015-04-09,72.59772491455078,1159500
2015-04-10,72.32698822021484,1299300
2015-04-13,72.41496276855469,1017600
2015-04-14,72.86167907714844,1144900
2015-04-15,72.83460235595703,1251800
2015-04-16,72.88198852539062,1026600
2015-04-17,72.27284240722656,1422600
2015-04-20,72.66542053222656,2051400
2015-04-21,76.58428192138672,5008500
2015-04-22,75.70439910888672,2620700
2015-04-23,75.60284423828125,1607300
2015-04-24,75.56227111816406,1291900
2015-04-27,75.48104095458984,1577900
2015-04-28,75.75852966308594,1496200
2015-04-29,74.93959045410156,1606700
2015-04-30,74.24244689941406,1743600
2015-05-01,75.15616607666016,1232400
2015-05-04,74.75006866455078,1422400
2015-05-05,74.046142578125,1716000
2015-05-06,74.35747528076172,1333000
2015-05-07,74.23568725585938,1524700
2015-05-08,74.93280029296875,903100
2015-05-11,74.3980941772461,818900
2015-05-12,74.28304290771484,935800
2015-05-13,74.72299194335938,1481700
2015-05-14,75.54871368408203,1183000
2015-05-15,75.67057037353516,897500
2015-05-18,75.8330078125,1003300
2015-05-19,76.10372161865234,948700
2015-05-20,75.85330963134766,1046500
2015-05-21,75.69084930419922,1065200
2015-05-22,75.29830932617188,1021800
2015-05-26,74.39134979248047,1423900
2015-05-27,74.67559814453125,1689000
2015-05-28,74.26950073242188,1151600
2015-05-29,73.68067169189453,1856200
2015-06-01,73.8769302368164,1344300
2015-06-02,73.34899139404297,1246700
2015-06-03,73.6833724975586,1269200
2015-06-04,72.8986587524414,1149200
2015-06-05,72.15483093261719,1403800
2015-06-08,71.97742462158203,1257000
2015-06-09,72.22991180419922,1021000
2015-06-10,73.08967590332031,1396400
2015-06-11,73.28758239746094,1927100
2015-06-12,72.83718872070312,844100
2015-06-15,72.1343994140625,1270900
2015-06-16,72.94639587402344,1001400
2015-06-17,73.46500396728516,1538500
2015-06-18,74.515869140625,1613000
2015-06-19,74.24974060058594,1696600
2015-06-22,74.35892486572266,754800
2015-06-23,73.94268798828125,1014300
2015-06-24,73.88805389404297,1035200
2015-06-25,73.36265563964844,1413000
2015-06-26,73.6287841796875,1505800
2015-06-29,72.4141616821289,1015100
2015-06-30,72.31180572509766,1243800
2015-07-01,73.59465789794922,1239400
2015-07-02,73.38995361328125,1159500
2015-07-06,73.42406463623047,976400
2015-07-07,74.90483856201172,1513900
2015-07-08,74.3998794555664,1475100
2015-07-09,74.1746826171875,1680800
2015-07-10,74.8707275390625,900600
2015-07-13,75.64863586425781,809200
2015-07-14,75.71003723144531,1019300
2015-07-15,75.880615234375,874500
2015-07-16,76.4469985961914,1042300
2015-07-17,76.69949340820312,1800400
2015-07-20,77.06798553466797,1060400
2015-07-21,76.76090240478516,2033300
2015-07-22,76.5630111694336,2196100
2015-07-23,76.174072265625,1476300
2015-07-24,76.31734466552734,1222900
2015-07-27,76.67219543457031,1694500
2015-07-28,77.30681610107422,1270700
2015-07-29,77.45012664794922,1309300
2015-07-30,78.18028259277344,1746900
2015-07-31,78.45321655273438,2062000
2015-08-03,78.94451904296875,1220900
2015-08-04,79.15605926513672,1605600
2015-08-05,80.25466918945312,1432500
2015-08-06,79.60643768310547,1368800
2015-08-07,79.64054107666016,1354000
2015-08-10,79.77020263671875,946700
2015-08-11,79.59276580810547,1156200
2015-08-12,78.91724395751953,1599400
2015-08-13,79.00594329833984,949200
2015-08-14,79.26524353027344,994600
2015-08-17,79.31299591064453,704400
2015-08-18,79.183349609375,878100
2015-08-19,78.72615051269531,1201000
2015-08-20,77.82543182373047,1042800
2015-08-21,76.02393341064453,2150900
2015-08-24,72.591552734375,3547000
2015-08-25,70.52393341064453,2627500
2015-08-26,72.45508575439453,2331700
2015-08-27,73.51280212402344,2122000
2015-08-28,73.15792083740234,1610500
2015-08-31,72.69391632080078,1368900
2015-09-01,70.98795318603516,1930300
2015-09-02,72.11663055419922,1741500
2015-09-03,72.70158386230469,1149700
2015-09-04,71.24259185791016,1209100
2015-09-08,72.93557739257812,1437600
2015-09-09,71.48346710205078,1251200
2015-09-10,71.33894348144531,1336000
2015-09-11,71.60734558105469,932900
2015-09-14,71.4215316772461,1011400
2015-09-15,72.70158386230469,1381500
2015-09-16,73.81649780273438,1408100
2015-09-17,74.21561431884766,1494200
2015-09-18,74.22252655029297,2907100
2015-09-21,74.85566711425781,1259600
2015-09-22,74.21561431884766,1473100
2015-09-23,74.22940063476562,1499600
2015-09-24,74.4427261352539,2118800
2015-09-25,74.81436157226562,2106500
2015-09-28,73.50679016113281,1388400
2015-09-29,74.14679718017578,1967000
2015-09-30,75.0414810180664,1649600
2015-10-01,74.83499908447266,2569500
2015-10-02,75.11029815673828,2897100
2015-10-05,77.09230041503906,2491300
2015-10-06,76.71380615234375,1117200
2015-10-07,77.0992202758789,1456200
2015-10-08,78.31730651855469,1035100
2015-10-09,78.95734405517578,1412600
2015-10-12,79.43907165527344,1031600
2015-10-13,79.17754364013672,986300
2015-10-14,78.9435806274414,1377600
2015-10-15,79.92082214355469,1507300
2015-10-16,80.71224975585938,1223100
2015-10-19,80.82923889160156,1372400
2015-10-20,80.67095947265625,1931300
2015-10-21,81.26969146728516,2285900
2015-10-22,83.13472747802734,2533500
2015-10-23,83.43753051757812,2277500
2015-10-26,83.50635528564453,1439700
2015-10-27,83.29989624023438,1167400
2015-10-28,83.1760025024414,1147000
2015-10-29,83.8022689819336,1194100
2015-10-30,82.38457489013672,2422200
2015-11-02,83.65776824951172,1678900
2015-11-03,83.29301452636719,1157500
2015-11-04,82.48780059814453,1429600
2015-11-05,82.50157165527344,1769700
2015-11-06,81.6069107055664,1424200
2015-11-09,81.22151947021484,1152200
2015-11-10,81.84089660644531,992900
2015-11-11,82.14369201660156,896000
2015-11-12,80.99440002441406,1043700
2015-11-13,80.7397689819336,1302800
2015-11-16,82.26068878173828,1612000
2015-11-17,82.01982879638672,1558200
2015-11-18,83.23107147216797,1409700
2015-11-19,83.72657012939453,1233800
2015-11-20,82.74243927001953,2110900
2015-11-23,83.67840576171875,963700
2015-11-24,83.34805297851562,1088400
2015-11-25,82.90762329101562,1085000
2015-11-27,83.16909790039062,526800
2015-11-30,81.99918365478516,2565600
2015-12-01,83.3618392944336,1835000
2015-12-02,83.02908325195312,1327400
2015-12-03,81.97537231445312,2191300
2015-12-04,84.0897445678711,2473100
2015-12-07,84.6512451171875,1987600
2015-12-08,84.26997375488281,1452500
2015-12-09,83.38262939453125,1301700
2015-12-10,83.41728973388672,1592800
2015-12-11,82.6339111328125,1224300
2015-12-14,85.02559661865234,2286500
2015-12-15,86.26649475097656,2148600
2015-12-16,87.29246520996094,1671800
2015-12-17,87.23703002929688,2017000
2015-12-18,85.6426010131836,2676600
2015-12-21,86.59923553466797,1758100
2015-12-22,87.60443115234375,1873800
2015-12-23,88.08277893066406,1353400
2015-12-24,87.95799255371094,689500
2015-12-28,88.89387512207031,1863700
2015-12-29,89.80199432373047,1564700
2015-12-30,89.72574615478516,1585400
2015-12-31,88.24916076660156,1438200
2016-01-04,87.68070220947266,2743300
2016-01-05,89.48312377929688,3237200
2016-01-06,89.44152069091797,3930200
2016-01-07,87.94412994384766,3168800
2016-01-08,86.81416320800781,2660600
2016-01-11,87.14689636230469,1929100
2016-01-12,87.43806457519531,1586200
2016-01-13,86.97357177734375,1925500
2016-01-14,88.18675994873047,2384600
2016-01-15,86.904296875,3039500
2016-01-19,87.2647476196289,2618000
2016-01-20,85.74658203125,2929600
2016-01-21,86.6200180053711,2244700
2016-01-22,87.84707641601562,2373100
2016-01-25,85.05330657958984,5126300
2016-01-26,86.57846069335938,2220000
2016-01-27,86.10013580322266,2468300
2016-01-28,87.53509521484375,1506100
2016-01-29,89.02558898925781,3453200
2016-02-01,89.43460083007812,2001500
2016-02-02,88.74134826660156,2067600
2016-02-03,90.37739562988281,2470400
2016-02-04,89.25435638427734,2591400
2016-02-05,89.5316390991211,1832100
2016-02-08,89.72574615478516,2007800
2016-02-09,90.66852569580078,2391400
2016-02-10,90.09318542480469,1508400
2016-02-11,87.63911437988281,2486600
2016-02-12,89.17118072509766,2123900
2016-02-16,89.22664642333984,1715800
2016-02-17,90.46752166748047,1756000
2016-02-18,89.94757843017578,1505700
2016-02-19,90.41899108886719,1208900
2016-02-22,91.07062530517578,1614900
2016-02-23,91.18153381347656,999500
2016-02-24,91.74999237060547,1431900
2016-02-25,92.5472412109375,1279800
2016-02-26,91.02208709716797,1584200
2016-02-29,90.328857421875,2242700
2016-03-01,91.2578125,1697700
2016-03-02,91.8512191772461,1660600
2016-03-03,91.89310455322266,1526400
2016-03-04,92.52837371826172,1810300
2016-03-07,91.86516571044922,1799000
2016-03-08,92.39572143554688,2914000
2016-03-09,92.13046264648438,1942300
2016-03-10,92.067626953125,1840500
2016-03-11,92.95420837402344,1707700
2016-03-14,94.05025482177734,1883800
2016-03-15,93.98743438720703,1456100
2016-03-16,94.40631866455078,1448100
2016-03-17,94.95085144042969,1314800
2016-03-18,94.62273406982422,4559700
2016-03-21,94.42725372314453,1774500
2016-03-22,93.29632568359375,1934000
2016-03-23,93.5336685180664,2226800
2016-03-24,93.23345947265625,1097300
2016-03-28,93.7151870727539,1286300
2016-03-29,94.23876953125,1326400
2016-03-30,94.74140167236328,1129300
2016-03-31,93.90364837646484,1216100
2016-04-01,95.08346557617188,1392000
2016-04-04,95.12538146972656,1155900
2016-04-05,95.11837768554688,1369500
2016-04-06,95.83045959472656,1309100
2016-04-07,95.39763641357422,1016300
2016-04-08,95.98407745361328,1048000
2016-04-11,95.8165283203125,1688200
2016-04-12,96.43086242675781,1471900
2016-04-13,94.70651245117188,1990500
2016-04-14,94.97176361083984,2040400
2016-04-15,95.27197265625,1420700
2016-04-18,95.39763641357422,1276100
2016-04-19,95.71876525878906,1656300
2016-04-20,94.69951629638672,1558800
2016-04-21,91.97685241699219,2984000
2016-04-22,88.57703399658203,5725600
2016-04-25,88.10929107666016,3741200
2016-04-26,86.43383026123047,3306900
2016-04-27,87.75325775146484,3312300
2016-04-28,88.1302490234375,2388300
2016-04-29,87.39722442626953,3109600
2016-05-02,87.41814422607422,1990700
2016-05-03,88.05345153808594,1849200
2016-05-04,89.31006622314453,2424100
2016-05-05,88.91212463378906,2166200
2016-05-06,89.3030776977539,1455600
2016-05-09,89.44969177246094,1388900
2016-05-10,90.21760559082031,1156800
2016-05-11,89.93836975097656,1304800
2016-05-12,90.79704284667969,1038700
2016-05-13,90.189697265625,1429700
2016-05-16,90.46195220947266,922800
2016-05-17,88.25592041015625,1637100
2016-05-18,88.04647827148438,1647000
2016-05-19,88.52120971679688,1359700
2016-05-20,88.00455474853516,1843000
2016-05-23,87.92780303955078,1421400
2016-05-24,88.49327850341797,1573200
2016-05-25,88.80742645263672,2527300
2016-05-26,89.3030776977539,1312300
2016-05-27,89.6730728149414,1293000
2016-05-31,88.68875885009766,4531100
2016-06-01,89.34494018554688,1333300
2016-06-02,89.35893249511719,1298700
2016-06-03,90.8110122680664,1872100
2016-06-06,90.87384033203125,1415600
2016-06-07,90.89478302001953,1088300
2016-06-08,91.24632263183594,1019100
2016-06-09,91.8861312866211,794900
2016-06-10,92.09004211425781,1238400
2016-06-13,91.57677459716797,1077600
2016-06-14,93.09545135498047,1951400
2016-06-15,92.83526611328125,1413800
2016-06-16,93.54544830322266,1050200
2016-06-17,93.08840942382812,1964400
2016-06-20,93.4258804321289,1464300
2016-06-21,93.53836822509766,984400
2016-06-22,93.6227798461914,1092300
2016-06-23,94.18521881103516,937600
2016-06-24,92.16033935546875,2260700
2016-06-27,91.9283218383789,1631100
2016-06-28,93.8758544921875,1781500
2016-06-29,94.70549774169922,1455400
2016-06-30,96.66008758544922,1767200
2016-07-01,96.32263946533203,1470000
2016-07-05,96.98350524902344,1542900
2016-07-06,96.1468276977539,1984400
2016-07-07,94.36801147460938,3703500
2016-07-08,95.59138488769531,1519600
2016-07-11,95.71794128417969,1002600
2016-07-12,94.7828598022461,1420700
2016-07-13,95.42266082763672,1086400
2016-07-14,95.54220581054688,1040700
2016-07-15,95.73905944824219,1094900
2016-07-18,94.99376678466797,1105600
2016-07-19,95.0289306640625,1577000
2016-07-20,93.98836517333984,2081200
2016-07-21,93.76335906982422,1476200
2016-07-22,94.65631103515625,1768100
2016-07-25,93.22200012207031,2448700
2016-07-26,93.0040283203125,2819700
2016-07-27,91.75257873535156,1683800
2016-07-28,91.50646209716797,2267900
2016-07-29,91.08463287353516,1827800
2016-08-01,91.97052764892578,2611500
2016-08-02,91.97052764892578,1730800
2016-08-03,90.62059020996094,2278500
2016-08-04,91.49241638183594,1291700
2016-08-05,90.9791488647461,1560200
2016-08-08,91.09163665771484,1476700
2016-08-09,91.39398193359375,864000
2016-08-10,91.57677459716797,971600
2016-08-11,90.65576171875,1608900
2016-08-12,90.5713882446289,2333300
2016-08-15,90.6768569946289,1221500
2016-08-16,89.66439056396484,1443700
2016-08-17,89.6784439086914,2158500
2016-08-18,89.60814666748047,1350700
2016-08-19,89.13705444335938,1785400
2016-08-22,89.56596374511719,1213000
2016-08-23,90.45184326171875,1726200
2016-08-24,90.44480895996094,1416600
2016-08-25,90.27607727050781,1556100
2016-08-26,90.16355895996094,1454800
2016-08-29,90.50105285644531,1486900
2016-08-30,90.10029602050781,989000
2016-08-31,90.03701782226562,1073600
2016-09-01,90.07920837402344,1726100
2016-09-02,90.5713882446289,816600
2016-09-06,90.88070678710938,917200
2016-09-07,89.98847961425781,1434500
2016-09-08,89.15998840332031,1650400
2016-09-09,87.07101440429688,2305100
2016-09-12,87.54545593261719,1820600
2016-09-13,86.6673812866211,1585500
2016-09-14,86.2991714477539,1686400
2016-09-15,86.70278930664062,1158100
2016-09-16,86.25670623779297,2134500
2016-09-19,86.51161193847656,1025500
2016-09-20,87.43214416503906,1360600
2016-09-21,88.47312927246094,1733600
2016-09-22,90.0947036743164,1785100
2016-09-23,89.74064636230469,1367600
2016-09-26,88.87672424316406,1336900
2016-09-27,89.00421905517578,1134900
2016-09-28,89.5636215209961,1422400
2016-09-29,88.67134857177734,1229700
2016-09-30,89.32283782958984,1920000
2016-10-03,88.34565734863281,1512300
2016-10-04,87.12059783935547,1701900
2016-10-05,86.83731842041016,1954600
2016-10-06,87.26220703125,1521300
2016-10-07,87.10645294189453,1397800
2016-10-10,86.50452423095703,1036100
2016-10-11,85.9592514038086,1753000
2016-10-12,86.30624389648438,1532900
2016-10-13,86.12919616699219,1688700
2016-10-14,85.32901000976562,1894800
2016-10-17,85.46356201171875,1235500
2016-10-18,85.35736083984375,1869900
2016-10-19,85.12368774414062,1947400
2016-10-20,84.38723754882812,2158800
2016-10-21,84.67755889892578,2216600
2016-10-24,80.66249084472656,5582900
2016-10-25,80.53501892089844,3420800
2016-10-26,80.48545837402344,2294100
2016-10-27,80.5987777709961,2046800
2016-10-28,81.1156997680664,2581200
2016-10-31,81.01654052734375,2435900
2016-11-01,80.72621154785156,1787900
2016-11-02,80.40757751464844,1586100
2016-11-03,80.4783706665039,1443800
2016-11-04,79.55779266357422,1536800
2016-11-07,80.7120590209961,1575600
2016-11-08,81.77423095703125,1869500
2016-11-09,81.69635009765625,2439400
2016-11-10,79.41620635986328,2987200
2016-11-11,79.95437622070312,1530700
2016-11-14,80.0818099975586,2241200
2016-11-15,80.6341552734375,2587100
2016-11-16,80.25884246826172,1758000
2016-11-17,79.56490325927734,2098000
2016-11-18,80.09599304199219,1603800
2016-11-21,80.58458709716797,1710100
2016-11-22,81.10861206054688,1426900
2016-11-23,81.12275695800781,1620800
2016-11-25,82.02915954589844,996900
2016-11-28,82.97098541259766,2108100
2016-11-29,82.49652862548828,2011500
2016-11-30,81.86630249023438,5053900
2016-12-01,80.7332992553711,1985000
2016-12-02,80.80410766601562,1433200
2016-12-05,80.46420288085938,2130200
2016-12-06,81.00238800048828,1458900
2016-12-07,81.62346649169922,1870500
2016-12-08,80.95240783691406,1470600
2016-12-09,81.81619262695312,1854100
2016-12-12,81.93753814697266,1450900
2016-12-13,82.33731079101562,2545800
2016-12-14,81.81619262695312,2334900
2016-12-15,82.37300109863281,1354000
2016-12-16,82.97978210449219,3166900
2016-12-19,82.00177764892578,1437500
2016-12-20,81.68055725097656,1821200
2016-12-21,81.81619262695312,1225200
2016-12-22,82.10887145996094,950100
2016-12-23,81.9660873413086,779200
2016-12-27,82.17313385009766,747000
2016-12-28,81.48782348632812,929000
2016-12-29,82.1517105102539,968500
2016-12-30,81.46641540527344,1417500
2017-01-03,81.78050231933594,1645800
2017-01-04,82.22309875488281,1846000
2017-01-05,82.81562805175781,1660300
2017-01-06,83.11542510986328,1829300
2017-01-09,81.83761596679688,1883900
2017-01-10,81.63772583007812,2521100
2017-01-11,81.67341613769531,1489200
2017-01-12,81.7091064453125,1236800
2017-01-13,81.80191040039062,1032400
2017-01-17,82.82988739013672,1567900
2017-01-18,83.09400177001953,2015200
2017-01-19,82.73710632324219,2200200
2017-01-20,82.96552276611328,2056100
2017-01-23,83.50807189941406,2626700
2017-01-24,86.94171905517578,4207100
2017-01-25,87.0916748046875,3447500
2017-01-26,87.19876098632812,2675500
2017-01-27,86.363525390625,1634000
2017-01-30,86.08511352539062,2031900
2017-01-31,86.47058868408203,2862800
2017-02-01,86.38491821289062,1952600
2017-02-02,86.67048645019531,1347900
2017-02-03,86.76329040527344,1591800
2017-02-06,86.54911804199219,1400000
2017-02-07,87.41293334960938,2243100
2017-02-08,87.75556182861328,1840300
2017-02-09,88.21957397460938,2439500
2017-02-10,88.19813537597656,1036000
2017-02-13,88.11250305175781,1255100
2017-02-14,87.71986389160156,1872300
2017-02-15,88.81207275390625,1710100
2017-02-16,90.38972473144531,2741600
2017-02-17,94.18033599853516,6657000
2017-02-21,96.11491394042969,3755000
2017-02-22,96.25054931640625,3160200
2017-02-23,95.9007568359375,1755600
2017-02-24,95.41533660888672,2785200
2017-02-27,94.68006896972656,1771500
2017-02-28,94.62296295166016,2388700
2017-03-01,95.11550903320312,1581900
2017-03-02,96.01497650146484,1609200
2017-03-03,95.40818786621094,1439400
2017-03-06,95.17975616455078,1820700
2017-03-07,95.21549224853516,2143500
2017-03-08,95.17231750488281,2152500
2017-03-09,95.43120574951172,1471900
2017-03-10,96.27973175048828,2159500
2017-03-13,96.1718521118164,2032000
2017-03-14,96.0280532836914,1139100
2017-03-15,97.07792663574219,1523000
2017-03-16,96.73993682861328,1847900
2017-03-17,95.8266830444336,5274800
2017-03-20,96.1718521118164,2100100
2017-03-21,96.12870788574219,2189100
2017-03-22,95.52467346191406,1968700
2017-03-23,95.66132354736328,1575800
2017-03-24,95.24423217773438,1557400
2017-03-27,95.17949676513672,1953500
2017-03-28,95.44557189941406,1257400
2017-03-29,95.30175018310547,834500
2017-03-30,95.09322357177734,854700
2017-03-31,94.65458679199219,1059300
2017-04-03,94.56827545166016,1259700
2017-04-04,95.07881927490234,1944300
2017-04-05,94.70491027832031,1170900
2017-04-06,94.2806167602539,1060700
2017-04-07,94.4388198852539,1336300
2017-04-10,94.86312866210938,1336700
2017-04-11,95.37364959716797,1127000
2017-04-12,95.71161651611328,1905800
2017-04-13,95.40241241455078,1284500
2017-04-17,95.90576934814453,1200200
2017-04-18,96.29411315917969,2158900
2017-04-19,95.77635192871094,1423000
2017-04-20,94.36693572998047,2697400
2017-04-21,93.45368194580078,3230700
2017-04-24,93.77007293701172,3495900
2017-04-25,95.51029205322266,2725500
2017-04-26,93.57592010498047,2147000
2017-04-27,93.48243713378906,1348900
2017-04-28,93.30265808105469,2340400
2017-05-01,93.166015625,1286900
2017-05-02,91.13816833496094,2568500
2017-05-03,91.15977478027344,3076500
2017-05-04,92.18086242675781,1845600
2017-05-05,92.46849822998047,1202700
2017-05-08,92.27433013916016,1197300
2017-05-09,92.19526672363281,2234600
2017-05-10,92.87120056152344,1397600
2017-05-11,92.12332916259766,1497200
2017-05-12,92.03704833984375,1365200
2017-05-15,92.04424285888672,997400
2017-05-16,91.62716674804688,1408900
2017-05-17,92.0154800415039,1748900
2017-05-18,91.12380981445312,1832400
2017-05-19,91.4689712524414,1496700
2017-05-22,91.38268280029297,1102600
2017-05-23,91.18132019042969,1179600
2017-05-24,92.06581115722656,1120500
2017-05-25,93.05098724365234,1641900
2017-05-26,93.13009643554688,1070800
2017-05-30,92.74178314208984,2555600
2017-05-31,93.28829956054688,5187200
2017-06-01,93.47525024414062,1667900
2017-06-02,93.94265747070312,1084000
2017-06-05,94.05770111083984,831000
2017-06-06,94.17276000976562,1237500
2017-06-07,94.32489776611328,1153800
2017-06-08,92.7673110961914,1365400
2017-06-09,93.28893280029297,1499900
2017-06-12,93.32514953613281,1222200
2017-06-13,93.72360229492188,855000
2017-06-14,94.44805908203125,1202600
2017-06-15,94.77407836914062,994800
2017-06-16,94.33216857910156,1772500
2017-06-19,96.19400787353516,1595700
2017-06-20,96.33168029785156,1545600
2017-06-21,95.50579071044922,1403600
2017-06-22,95.44783020019531,958000
2017-06-23,95.8462905883789,1464500
2017-06-26,96.73011016845703,1555400
2017-06-27,95.23772430419922,1199400
2017-06-28,95.26671600341797,963400
2017-06-29,93.45555114746094,1381600
2017-06-30,93.53523254394531,1351900
2017-07-03,93.04259490966797,800700
2017-07-05,93.2092514038086,1161100
2017-07-06,91.55746459960938,1654700
2017-07-07,91.86174774169922,1694100
2017-07-10,92.01386260986328,1105000
2017-07-11,91.14451599121094,1375200
2017-07-12,90.34036254882812,2487300
2017-07-13,89.76079559326172,1793600
2017-07-14,90.20274353027344,1205900
2017-07-17,90.33311462402344,1186000
2017-07-18,90.24617004394531,1053200
2017-07-19,89.79702758789062,1745100
2017-07-20,89.6231460571289,1521000
2017-07-21,90.76055908203125,1879000
2017-07-24,89.69559478759766,1728100
2017-07-25,90.32589721679688,2192400
2017-07-26,88.55819702148438,2400200
2017-07-27,89.9853744506836,2733000
2017-07-28,88.71033477783203,2226800
2017-07-31,89.22470092773438,2298500
2017-08-01,88.15974426269531,1664600
2017-08-02,87.92066955566406,1511900
2017-08-03,88.15248107910156,1441500
2017-08-04,87.89168548583984,1046800
2017-08-07,87.96414184570312,1063900
2017-08-08,87.97862243652344,1612300
2017-08-09,88.10177612304688,1461900
2017-08-10,87.71057891845703,1362000
2017-08-11,87.3990478515625,1074100
2017-08-14,88.15974426269531,923400
2017-08-15,88.55094909667969,1114100
2017-08-16,88.62338256835938,1005400
2017-08-17,88.58717346191406,1358800
2017-08-18,87.94239807128906,1085900
2017-08-21,88.87696075439453,1103700
2017-08-22,88.69583129882812,855200
2017-08-23,88.57992553710938,911700
2017-08-24,87.65261840820312,1170900
2017-08-25,88.03658294677734,997400
2017-08-28,88.65238952636719,1127000
2017-08-29,88.65961456298828,1693100
2017-08-30,88.60169219970703,1089800
2017-08-31,89.31887817382812,1520500
2017-09-01,89.26092529296875,1073500
2017-09-05,89.0435791015625,1297400
2017-09-06,87.15998077392578,2521100
2017-09-07,87.35718536376953,1888400
2017-09-08,86.27623748779297,1813000
2017-09-11,87.34986877441406,1832300
2017-09-12,88.08020782470703,1631800
2017-09-13,87.6274185180664,1437300
2017-09-14,88.24819946289062,1206500
2017-09-15,88.4454116821289,2548500
2017-09-18,89.00778198242188,1005700
2017-09-19,88.92742919921875,1130100
2017-09-20,87.75886535644531,1996600
2017-09-21,86.2689437866211,1454400
2017-09-22,85.83073425292969,1547000
2017-09-25,85.80882263183594,1548700
2017-09-26,85.9476089477539,1147200
2017-09-27,85.09310150146484,2109500
2017-09-28,85.42174530029297,1372300
2017-09-29,85.9476089477539,1665300
2017-10-02,85.42906188964844,1454300
2017-10-03,84.41387176513672,1765800
2017-10-04,85.58972930908203,1670700
2017-10-05,85.79426574707031,1528400
2017-10-06,84.27510833740234,3332300
2017-10-09,84.3481216430664,2659300
2017-10-10,85.04926300048828,1654800
2017-10-11,86.06443786621094,1963200
2017-10-12,85.85995483398438,1870800
2017-10-13,86.59030151367188,1310700
2017-10-16,86.34200286865234,1216100
2017-10-17,86.38581848144531,1579500
2017-10-18,85.6700668334961,1688700
2017-10-19,84.39196014404297,2112900
2017-10-20,82.85090637207031,4934600
2017-10-23,82.18630981445312,4556800
2017-10-24,81.82843017578125,3063500
2017-10-25,82.09133911132812,3326600
2017-10-26,82.96048736572266,2142900
2017-10-27,82.0986557006836,2461300
2017-10-30,81.26604461669922,1923800
2017-10-31,82.17169189453125,2299000
2017-11-01,81.83573150634766,2595800
2017-11-02,81.47054290771484,2148600
2017-11-03,80.91548156738281,1900400
2017-11-06,80.24357604980469,1982800
2017-11-07,81.74809265136719,2205800
2017-11-08,82.69754028320312,2005300
2017-11-09,82.74137115478516,1572400
2017-11-10,83.36215209960938,1690800
2017-11-13,84.28971862792969,1751600
2017-11-14,83.66160583496094,1881500
2017-11-15,82.84362030029297,1753400
2017-11-16,83.91722106933594,1453800
2017-11-17,83.49360656738281,1488000
2017-11-20,84.2458724975586,2127700
2017-11-21,85.45094299316406,3337400
2017-11-22,84.75712585449219,1482700
2017-11-24,85.07118225097656,1013000
2017-11-27,85.27567291259766,1424500
2017-11-28,85.72850036621094,1809400
2017-11-29,87.01390075683594,2129000
2017-11-30,87.46672821044922,5125700
2017-12-01,88.0145263671875,2058500
2017-12-04,89.91338348388672,2648800
2017-12-05,89.7235107421875,2056700
2017-12-06,89.21956634521484,1931800
2017-12-07,88.16680145263672,1953600
2017-12-08,88.42448425292969,1520600
2017-12-11,87.23184967041016,2048900
2017-12-12,85.69319915771484,2040500
2017-12-13,86.42203521728516,2334800
2017-12-14,86.31896209716797,2162600
2017-12-15,87.24656677246094,4036000
2017-12-18,88.08585357666016,2563800
2017-12-19,88.76313018798828,2413800
2017-12-20,88.67478942871094,1908800
2017-12-21,88.54960632324219,1894200
2017-12-22,88.82938385009766,980600
2017-12-26,89.30789184570312,621800
2017-12-27,89.7275390625,1139100
2017-12-28,88.51283264160156,1569700
2017-12-29,88.82938385009766,1326900
2018-01-02,87.65882110595703,2058700
2018-01-03,86.19380950927734,2496000
2018-01-04,87.18769073486328,2007200
2018-01-05,86.9962387084961,1421400
2018-01-08,87.92385864257812,2139900
2018-01-09,85.98767852783203,2322700
2018-01-10,84.63306427001953,2700000
2018-01-11,82.96926879882812,3252100
2018-01-12,83.17540740966797,3392600
2018-01-16,84.11772918701172,3243800
2018-01-17,85.88460540771484,2679900
2018-01-18,84.91283416748047,2567700
2018-01-19,85.02326965332031,2590400
2018-01-22,86.06866455078125,2452100
2018-01-23,86.75332641601562,3630500
2018-01-24,88.12999725341797,5303500
2018-01-25,90.8759994506836,3703700
2018-01-26,89.98521423339844,3265000
2018-01-29,88.12999725341797,3037400
2018-01-30,87.23918914794922,2401000
2018-01-31,86.13491821289062,3683000
2018-02-01,86.7974624633789,2205100
2018-02-02,85.55330657958984,2614100
2018-02-05,82.36558532714844,3468400
2018-02-06,84.0293960571289,4998600
2018-02-07,82.71895599365234,2418900
2018-02-08,82.22572326660156,2809000
2018-02-09,82.04166412353516,3402800
2018-02-12,83.68338012695312,2695200
2018-02-13,82.93983459472656,1909700
2018-02-14,82.99134826660156,1678600
2018-02-15,85.26620483398438,2087600
2018-02-16,85.47233581542969,2013700
2018-02-20,84.25760650634766,1845600
2018-02-21,82.40973663330078,2168400
2018-02-22,83.05025482177734,1217100
2018-02-23,83.66863250732422,1290500
2018-02-26,84.26495361328125,1249000
2018-02-27,82.7042236328125,1960300
2018-02-28,81.65884399414062,2309600
2018-03-01,82.0858383178711,1830900
2018-03-02,82.85884094238281,1871600
2018-03-05,83.32264709472656,1842100
2018-03-06,83.22693634033203,2015200
2018-03-07,82.27727508544922,1263700
2018-03-08,83.2354965209961,1704000
2018-03-09,83.1537857055664,1692300
2018-03-12,83.98575592041016,3153000
2018-03-13,83.9114990234375,1572000
2018-03-14,82.51496124267578,2500500
2018-03-15,82.41097259521484,1704800
2018-03-16,83.21321868896484,3850100
2018-03-19,82.5223617553711,1434000
2018-03-20,81.80180358886719,1505900
2018-03-21,80.52412414550781,3038400
2018-03-22,79.84072875976562,2225400
2018-03-23,77.80532836914062,2961400
2018-03-26,78.41447448730469,2219600
2018-03-27,79.85556030273438,2527400
2018-03-28,81.31155395507812,2641800
2018-03-29,81.80924987792969,3391200
2018-04-02,79.5510025024414,1998600
2018-04-03,80.13785552978516,2441600
2018-04-04,81.18524932861328,2358600
2018-04-05,81.27442932128906,2476700
2018-04-06,80.67269897460938,1832600
2018-04-09,80.49442291259766,1987600
2018-04-10,80.57613372802734,1382600
2018-04-11,80.07098388671875,1598600
2018-04-12,78.86019134521484,1512500
2018-04-13,78.62245178222656,1989200
2018-04-16,79.34300231933594,2248000
2018-04-17,79.18701934814453,2410800
2018-04-18,79.13500213623047,2768600
2018-04-19,76.76535034179688,4086200
2018-04-20,74.3065414428711,5161800
2018-04-23,73.1848373413086,7658100
2018-04-24,74.5813980102539,6222300
2018-04-25,75.99276733398438,4023300
2018-04-26,76.2824935913086,2649800
2018-04-27,77.6344985961914,2214600
2018-04-30,76.91393280029297,2979300
2018-05-01,76.66875457763672,2001900
2018-05-02,75.07908630371094,2563900
2018-05-03,76.0299301147461,1959800
2018-05-04,77.05502319335938,1521100
2018-05-07,76.63162231445312,1437800
2018-05-08,75.65853881835938,1832000
2018-05-09,76.55733489990234,1511000
2018-05-10,77.12935638427734,1232600
2018-05-11,77.9241714477539,2677300
2018-05-14,77.84989929199219,1455700
2018-05-15,77.25562286376953,2170200
2018-05-16,77.91675567626953,1675800
2018-05-17,77.90188598632812,1784700
2018-05-18,77.01045989990234,2499500
2018-05-21,77.79048156738281,2081800
2018-05-22,77.83502197265625,1749400
2018-05-23,77.6641845703125,1856400
2018-05-24,77.52303314208984,1562600
2018-05-25,78.34015655517578,1758300
2018-05-29,77.8721694946289,2011400
2018-05-30,78.3104476928711,2165400
2018-05-31,74.91569519042969,6930200
2018-06-01,74.93052673339844,1853300
2018-06-04,75.28707885742188,1423800
2018-06-05,74.88594818115234,1425500
2018-06-06,74.84139251708984,2044800
2018-06-07,76.39448547363281,3113800
2018-06-08,77.4823989868164,1799200
2018-06-11,77.7600326538086,2223700
2018-06-12,77.677490234375,1982700
2018-06-13,77.19729614257812,1942300
2018-06-14,76.55953979492188,2381900
2018-06-15,77.60995483398438,3448800
2018-06-18,75.58418273925781,2222500
2018-06-19,76.7846450805664,2225300
2018-06-20,76.26692962646484,1787200
2018-06-21,75.13400268554688,2918300
2018-06-22,75.75672912597656,2224900
2018-06-25,77.94009399414062,2535300
2018-06-26,77.5199203491211,2068200
2018-06-27,77.57994842529297,2237300
2018-06-28,78.42778778076172,2178100
2018-06-29,79.03549194335938,2044500
2018-07-02,78.75788879394531,1653200
2018-07-03,78.48028564453125,1201200
2018-07-05,80.10841369628906,2661300
2018-07-06,80.16844177246094,1990900
2018-07-09,78.89295959472656,1747500
2018-07-10,78.6003189086914,2978900
2018-07-11,78.87043762207031,1895000
2018-07-12,78.8779296875,2023300
2018-07-13,79.24559783935547,1947200
2018-07-16,79.08052062988281,1669100
2018-07-17,79.88330841064453,1669500
2018-07-18,77.95508575439453,2088900
2018-07-19,77.69247436523438,4612100
2018-07-20,78.54032135009766,2120300
2018-07-23,79.11052703857422,3735900
2018-07-24,79.65074920654297,4215200
2018-07-25,79.80078887939453,2457300
2018-07-26,81.07627868652344,2379300
2018-07-27,81.06129455566406,2207200
2018-07-30,81.03877258300781,2099500
2018-07-31,85.427978515625,6699000
2018-08-01,84.28752899169922,4284300
2018-08-02,86.56090545654297,2880100
2018-08-03,87.55879974365234,3247200
2018-08-06,87.48375701904297,2160100
2018-08-07,85.53302764892578,1733700
2018-08-08,84.1299819946289,1703300
2018-08-09,83.43970489501953,1601900
2018-08-10,82.59938049316406,2372700
2018-08-13,83.30464935302734,3184400
2018-08-14,83.37968444824219,1478300
2018-08-15,87.37871551513672,6018500
2018-08-16,88.72923278808594,3645400
2018-08-17,89.7046127319336,3429800
2018-08-20,88.61669158935547,2211300
2018-08-21,87.7388916015625,2175900
2018-08-22,86.98856353759766,1283200
2018-08-23,87.17613983154297,1119800
2018-08-24,87.2886962890625,1198700
2018-08-27,86.45587158203125,1335900
2018-08-28,86.51587677001953,1217500
2018-08-29,86.37334442138672,1924700
2018-08-30,85.81812286376953,2841900
2018-08-31,86.6884536743164,1679000
2018-09-04,85.29291534423828,1902000
2018-09-05,87.55127716064453,3171900
2018-09-06,87.8237075805664,2511000
2018-09-07,87.38479614257812,1312500
2018-09-10,87.5588607788086,1152700
2018-09-11,87.14263916015625,967400
2018-09-12,88.0204849243164,1104100
2018-09-13,87.8237075805664,1358200
2018-09-14,88.12644958496094,1175300
2018-09-17,88.61075592041016,1394100
2018-09-18,88.59564971923828,1525600
2018-09-19,87.89942169189453,889200
2018-09-20,88.36859893798828,1166600
2018-09-21,88.33077239990234,2131900
2018-09-24,86.25721740722656,1817900
2018-09-25,85.14473724365234,1507400
2018-09-26,85.56854248046875,1231900
2018-09-27,85.45501708984375,1062000
2018-09-28,85.99989318847656,1865600
2018-10-01,85.96963500976562,1130300
2018-10-02,86.73396301269531,1433600
2018-10-03,85.16744995117188,2107300
2018-10-04,85.053955078125,1838700
2018-10-05,85.85611724853516,2227900
2018-10-08,86.4766616821289,1451000
2018-10-09,86.3555679321289,1481500
2018-10-10,85.47015380859375,2526800
2018-10-11,81.83008575439453,3433300
2018-10-12,82.59441375732422,2237100
2018-10-15,83.46471405029297,1389800
2018-10-16,83.29820251464844,1529100
2018-10-17,82.35226440429688,2733400
2018-10-18,82.8517074584961,1856500
2018-10-19,83.41929626464844,4250700
2018-10-22,80.52085876464844,4258300
2018-10-23,78.8105239868164,4400100
2018-10-24,79.62028503417969,3426400
2018-10-25,79.13594055175781,2931500
2018-10-26,77.4256362915039,3785900
2018-10-29,77.41807556152344,2380400
2018-10-30,80.39219665527344,2894400
2018-10-31,78.93161010742188,2501300
2018-11-01,80.24085235595703,1828700
2018-11-02,79.82461547851562,1666900
2018-11-05,80.87654113769531,1567800
2018-11-06,80.95978546142578,1632400
2018-11-07,81.34574127197266,1639300
2018-11-08,81.13384246826172,1187700
2018-11-09,82.82899475097656,2234200
2018-11-12,83.53280639648438,2141500
2018-11-13,83.22251892089844,1423200
2018-11-14,83.98687744140625,1452400
2018-11-15,83.84309387207031,1610200
2018-11-16,84.20634460449219,1394900
2018-11-19,83.58580017089844,1672100
2018-11-20,84.45609283447266,1790300
2018-11-21,83.75226593017578,1432100
2018-11-23,85.37934875488281,1111000
2018-11-26,85.53070831298828,1865200
2018-11-27,87.36965942382812,2311700
2018-11-28,86.29502868652344,1921100
2018-11-29,86.99125671386719,1329000
2018-11-30,87.30911254882812,2237000
2018-12-03,85.65933990478516,2177900
2018-12-04,85.14473724365234,2532000
2018-12-06,86.2137222290039,2123100
2018-12-07,86.66423034667969,2327100
2018-12-10,86.80931854248047,2570700
2018-12-11,88.38987731933594,2033500
2018-12-12,86.98493194580078,2667400
2018-12-13,90.40568542480469,2746000
2018-12-14,89.65738677978516,2226200
2018-12-17,87.1834487915039,1742400
2018-12-18,86.6184310913086,1711900
2018-12-19,86.95439910888672,2855600
2018-12-20,87.0995101928711,3202800
2018-12-21,88.53495788574219,5489600
2018-12-24,81.58655548095703,2668900
2018-12-26,84.56442260742188,2265500
2018-12-27,86.18318939208984,1922800
2018-12-28,86.44282531738281,1695700
2018-12-31,87.0002212524414,1876200
2019-01-02,85.35853576660156,2634400
2019-01-03,84.48046112060547,3264800
2019-01-04,85.42726135253906,2257400
2019-01-07,86.58024597167969,1729700
2019-01-08,87.77140045166016,2753800
2019-01-09,87.05365753173828,1982200
2019-01-10,89.07710266113281,2358400
2019-01-11,89.48942565917969,1688900
2019-01-14,88.76403045654297,3143400
2019-01-15,89.10765075683594,2000800
2019-01-16,87.61104583740234,2878700
2019-01-17,87.32856750488281,2400100
2019-01-18,89.2374267578125,2683200
2019-01-22,87.98519897460938,2886400
2019-01-23,85.6334228515625,4922000
2019-01-24,85.09130096435547,3128000
2019-01-25,82.5562744140625,3053800
2019-01-28,82.50283813476562,2571400
2019-01-29,82.57917785644531,2460200
2019-01-30,82.3653793334961,2305300
2019-01-31,85.04548645019531,4330900
2019-02-01,85.32035064697266,2203000
2019-02-04,86.1068344116211,1895000
2019-02-05,85.68685913085938,2021900
2019-02-06,87.16820526123047,2173200
2019-02-07,86.55734252929688,1735800
2019-02-08,88.3364486694336,2204600
2019-02-11,89.17635345458984,1955200
2019-02-12,88.57312774658203,2118900
2019-02-13,88.6418685913086,1765400
2019-02-14,89.22215270996094,1511900
2019-02-15,90.43622589111328,1854000
2019-02-19,91.29904174804688,1964800
2019-02-20,90.54312133789062,2270900
2019-02-21,91.42122650146484,1540300
2019-02-22,90.94017028808594,1571600
2019-02-25,89.93228149414062,1696200
2019-02-26,89.92462158203125,1192700
2019-02-27,89.08470916748047,1349800
2019-02-28,89.20690155029297,1663600
2019-03-01,88.32881164550781,1790700
2019-03-04,88.90909576416016,1644300
2019-03-05,89.09234619140625,1389100
2019-03-06,88.67240142822266,1139600
2019-03-07,88.73403930664062,1456500
2019-03-08,89.27332305908203,1255300
2019-03-11,90.59068298339844,1248000
2019-03-12,90.73704528808594,1021700
2019-03-13,91.26863098144531,1043400
2019-03-14,91.25320434570312,1296700
2019-03-15,92.59371948242188,2872100
2019-03-18,92.11605072021484,988800
2019-03-19,92.40110778808594,1387100
2019-03-20,92.11605072021484,1487800
2019-03-21,93.5721206665039,1220700
2019-03-22,94.02664947509766,1393400
2019-03-25,93.91878509521484,1555300
2019-03-26,94.82015991210938,1064000
2019-03-27,95.02816772460938,1245800
2019-03-28,95.44417572021484,999100
2019-03-29,95.45186614990234,1872300
2019-04-01,94.58131408691406,1776200
2019-04-02,94.4888916015625,1167400
2019-04-03,93.81092071533203,1115200
2019-04-04,93.98041534423828,673400
2019-04-05,93.92649841308594,1259400
2019-04-08,93.71077728271484,1171100
2019-04-09,93.47964477539062,1314300
2019-04-10,93.7261962890625,895600
2019-04-11,94.42723846435547,1307000
2019-04-12,94.8971939086914,928000
2019-04-15,94.7585220336914,1004600
2019-04-16,95.00503540039062,1225100
2019-04-17,95.10519409179688,1174500
2019-04-18,95.1822280883789,1405000
2019-04-22,100.3438949584961,6569300
2019-04-23,96.7769546508789,5403900
2019-04-24,95.8370590209961,2602200
2019-04-25,95.53660583496094,1875300
2019-04-26,96.86939239501953,1722100
2019-04-29,96.49189758300781,1124300
2019-04-30,98.90324401855469,1934200
2019-05-01,96.66139221191406,1526800
2019-05-02,98.04037475585938,1013800
2019-05-03,98.22529602050781,1073900
2019-05-06,98.533447265625,1821000
2019-05-07,97.20838165283203,1174300
2019-05-08,97.75536346435547,1047100
2019-05-09,97.37787628173828,1184200
2019-05-10,98.17906951904297,942100
2019-05-13,98.62590026855469,1538500
2019-05-14,98.26383209228516,1272300
2019-05-15,99.12665557861328,1138200
2019-05-16,99.16519165039062,1248100
2019-05-17,99.32695770263672,1028100
2019-05-20,100.23603057861328,1495100
2019-05-21,100.21290588378906,1427600
2019-05-22,100.9062728881836,1049600
2019-05-23,100.85232543945312,1187400
2019-05-24,100.63664245605469,871900
2019-05-28,99.08810424804688,1720900
2019-05-29,98.9340591430664,1243400
2019-05-30,100.32073974609375,889300
2019-05-31,98.52574920654297,1474900
2019-06-03,100.94477844238281,1793700
2019-06-04,101.2529296875,2108000
2019-06-05,102.84766387939453,1504700
2019-06-06,103.70944213867188,1193500
2019-06-07,104.74203491210938,1813600
2019-06-10,104.58675384521484,899000
2019-06-11,104.50910949707031,1148300
2019-06-12,105.82896423339844,1244900
2019-06-13,106.61312866210938,1464900
2019-06-14,106.86932373046875,1374700
2019-06-17,106.51995849609375,2083200
2019-06-18,105.65042877197266,1780100
2019-06-19,105.4951171875,2401000
2019-06-20,105.82896423339844,1853000
2019-06-21,105.26998901367188,2792500
2019-06-24,106.97799682617188,1468400
2019-06-25,106.23271942138672,1212800
2019-06-26,103.57743835449219,1306200
2019-06-27,103.97343444824219,1286700
2019-06-28,103.47651672363281,5526900
2019-07-01,105.13797760009766,1950000
2019-07-02,105.64265441894531,1182600
2019-07-03,107.41278076171875,1358900
2019-07-05,106.41127014160156,872500
2019-07-08,107.52152252197266,1443800
2019-07-09,106.2637710571289,1175700
2019-07-10,106.98578643798828,1291000
2019-07-11,106.6907730102539,921700
2019-07-12,107.73111724853516,1079100
2019-07-15,108.1115493774414,975200
2019-07-16,107.54479217529297,1421700
2019-07-17,107.16435241699219,1604400
2019-07-18,106.78394317626953,2152600
2019-07-19,105.38642883300781,1496900
2019-07-22,104.23735809326172,2559300
2019-07-23,104.85071563720703,4423100
2019-07-24,104.5401840209961,1833800
2019-07-25,105.11469268798828,1518300
2019-07-26,106.4966812133789,1834300
2019-07-29,107.33514404296875,1186300
2019-07-30,107.37398529052734,1493100
2019-07-31,105.31656646728516,1838700
2019-08-01,104.99825286865234,1480900
2019-08-02,105.48736572265625,1407800
2019-08-05,103.7482681274414,1614000
2019-08-06,104.43926239013672,1498400
2019-08-07,105.68922424316406,1751900
2019-08-08,107.56031799316406,1329800
2019-08-09,107.42830657958984,1380900
2019-08-12,107.24201965332031,881800
2019-08-13,108.24351501464844,2010700
2019-08-14,106.13955688476562,1888500
2019-08-15,108.12705993652344,1307600
2019-08-16,109.25283813476562,1660500
2019-08-19,110.82112121582031,1678200
2019-08-20,108.81028747558594,2087600
2019-08-21,110.1767349243164,1144300
2019-08-22,110.07581329345703,989200
2019-08-23,107.45938110351562,1427500
2019-08-26,108.88794708251953,1111500
2019-08-27,109.57889556884766,1346500
2019-08-28,110.207763671875,860400
2019-08-29,110.12239074707031,1057800
2019-08-30,109.55561065673828,1316700
2019-09-03,109.86614227294922,1526900
2019-09-04,110.77454376220703,1295100
2019-09-05,109.07754516601562,2360100
2019-09-06,107.95923614501953,2134500
2019-09-09,104.22116088867188,3430900
2019-09-10,102.56322479248047,3040400
2019-09-11,103.15756225585938,2624700
2019-09-12,104.46355438232422,1728600
2019-09-13,103.548583984375,1672000
2019-09-16,100.7098159790039,2265600
2019-09-17,103.16539001464844,1925700
2019-09-18,104.08039093017578,1547900
2019-09-19,104.88584899902344,1501400
2019-09-20,105.60530090332031,2773500
2019-09-23,107.00515747070312,2271100
2019-09-24,107.76374053955078,1518800
2019-09-25,107.5916748046875,1894100
2019-09-26,109.5702133178711,1684000
2019-09-27,111.09518432617188,1546000
2019-09-30,111.08735656738281,1399800
2019-10-01,110.78237915039062,1169600
2019-10-02,109.31997680664062,1864000
2019-10-03,109.2652359008789,1098900
2019-10-04,110.73542785644531,1294500
2019-10-07,109.60932922363281,1212500
2019-10-08,107.22411346435547,1593200
2019-10-09,107.4118423461914,1409400
2019-10-10,107.83411407470703,1140500
2019-10-11,107.63081359863281,1154600
2019-10-14,105.65226745605469,1275600
2019-10-15,104.69034576416016,1621500
2019-10-16,105.33943939208984,1513900
2019-10-17,106.05889129638672,1082000
2019-10-18,107.31017303466797,1765800
2019-10-21,108.85076141357422,2447100
2019-10-22,101.17904663085938,4576800
2019-10-23,105.018798828125,2992700
2019-10-24,105.72264099121094,1761100
2019-10-25,104.94840240478516,1891900
2019-10-28,103.13410186767578,1940600
2019-10-29,103.96305847167969,1252300
2019-10-30,104.5339584350586,1122200
2019-10-31,103.9161605834961,1477900
2019-11-01,103.25922393798828,1008400
2019-11-04,101.16339874267578,1697800
2019-11-05,101.9532470703125,1557600
2019-11-06,103.00897216796875,1602300
2019-11-07,103.04026794433594,1224600
2019-11-08,102.80567169189453,1092500
2019-11-11,102.60233306884766,610400
2019-11-12,102.71965026855469,1271100
2019-11-13,103.55641174316406,1164600
2019-11-14,103.5329360961914,936400
2019-11-15,102.93861389160156,1190300
2019-11-18,103.63459777832031,1810900
2019-11-19,103.96305847167969,1697900
2019-11-20,105.26123046875,1200100
2019-11-21,104.29150390625,1148800
2019-11-22,104.42444610595703,1136900
2019-11-25,104.2837142944336,1382000
2019-11-26,105.23778533935547,2000600
2019-11-27,106.55939483642578,1179800
2019-11-29,106.6219253540039,1107400
2019-12-02,106.59069061279297,1523100
2019-12-03,106.3795394897461,1280800
2019-12-04,107.52131652832031,1502800
2019-12-05,107.56858825683594,1689700
2019-12-06,107.93101501464844,1046700
2019-12-09,107.93101501464844,1617300
2019-12-10,107.25341033935547,976700
2019-12-11,107.86800384521484,1324400
2019-12-12,107.0958251953125,1011100
2019-12-13,107.1115951538086,1168100
2019-12-16,107.01702880859375,2118900
2019-12-17,106.53640747070312,1132700
2019-12-18,106.52064514160156,1057700
2019-12-19,107.74195098876953,1139100
2019-12-20,108.74259948730469,2433800
2019-12-23,107.92314147949219,1310900
2019-12-24,108.12799072265625,342000
2019-12-26,108.12799072265625,889600
2019-12-27,108.7898941040039,1121300
2019-12-30,107.860107421875,729800
2019-12-31,108.38015747070312,972500
2020-01-02,107.0249252319336,1421300
2020-01-03,106.99339294433594,1352900
2020-01-06,107.22975158691406,1181300
2020-01-07,107.13521575927734,1608500
2020-01-08,108.17528533935547,1741300
2020-01-09,109.8851089477539,1727500
2020-01-10,110.49180603027344,1270000
2020-01-13,111.01972961425781,1216100
2020-01-14,111.09063720703125,2187500
2020-01-15,112.01251220703125,1245100
2020-01-16,113.01319885253906,1610800
2020-01-17,113.85629272460938,1640000
2020-01-21,113.92717742919922,1493600
2020-01-22,113.7696304321289,2088200
2020-01-23,113.97447967529297,3703300
2020-01-24,113.00529479980469,2107600
2020-01-27,113.4308090209961,2425900
2020-01-28,114.16357421875,1203300
2020-01-29,112.83197021484375,1107800
2020-01-30,113.9587173461914,990300
2020-01-31,112.86347198486328,1712000
2020-02-03,113.28894805908203,1240200
2020-02-04,112.97381591796875,1334600
2020-02-05,114.305419921875,1214300
2020-02-06,113.87991333007812,1063400
2020-02-07,114.10844421386719,1005200
2020-02-10,115.20365142822266,1241700
2020-02-11,114.44721984863281,1070700
2020-02-12,113.69083404541016,954200
2020-02-13,114.0453872680664,1100100
2020-02-14,114.69149017333984,941400
2020-02-18,113.33621215820312,1381800
2020-02-19,113.28112030029297,1047800
2020-02-20,112.02043151855469,1364300
2020-02-21,111.37430572509766,1562200
2020-02-24,110.40512084960938,2669800
2020-02-25,109.50690460205078,1387500
2020-02-26,108.93958282470703,1703300
2020-02-27,105.59085083007812,2804200
2020-02-28,103.36890411376953,4069200
2020-03-02,111.17731475830078,3094700
2020-03-03,110.93305206298828,2939600
2020-03-04,116.81104278564453,3070500
2020-03-05,113.73957061767578,2588300
2020-03-06,116.2396011352539,3375700
2020-03-09,112.16014862060547,3688100
2020-03-10,111.92208099365234,3858200
2020-03-11,106.47757720947266,2985600
2020-03-12,97.07268524169922,3817000
2020-03-13,106.49343872070312,4477400
2020-03-16,106.9140853881836,4316200
2020-03-17,114.34274291992188,5317100
2020-03-18,106.62835693359375,4329400
2020-03-19,100.32667541503906,4362300
2020-03-20,93.87421417236328,3866100
2020-03-23,89.15987396240234,3541000
2020-03-24,93.1599349975586,3076800
2020-03-25,92.35040283203125,3060600
2020-03-26,98.4218978881836,3381700
2020-03-27,99.12033081054688,2288300
2020-03-30,105.10453033447266,2413500
2020-03-31,101.48544311523438,2394600
2020-04-01,99.7314453125,1951000
2020-04-02,102.60449981689453,2494100
2020-04-03,103.11244201660156,1398400
2020-04-06,105.67595672607422,2270100
2020-04-07,104.27912139892578,2132700
2020-04-08,105.27119445800781,1929800
2020-04-09,104.35846710205078,2256900
2020-04-13,105.3267593383789,1858100
2020-04-14,111.18394470214844,2554000
2020-04-15,109.26332092285156,1857200
2020-04-16,110.89824676513672,1577000
2020-04-17,112.6522445678711,1949200
2020-04-20,110.89031219482422,1814600
2020-04-21,110.69190979003906,2020200
2020-04-22,113.33480072021484,3091100
2020-04-23,111.39826965332031,2415000
2020-04-24,112.43003845214844,1511900
2020-04-27,111.39826965332031,1318900
2020-04-28,111.90618133544922,1513800
2020-04-29,110.28715515136719,2495800
2020-04-30,109.90615844726562,3357900
2020-05-01,108.55693817138672,1454200
2020-05-04,107.72361755371094,2393300
2020-05-05,108.83473205566406,1992300
2020-05-06,106.96168518066406,1729100
2020-05-07,108.49345397949219,1861600
2020-05-08,109.92998504638672,1138100
2020-05-11,109.97762298583984,1428700
2020-05-12,109.38236999511719,1231900
2020-05-13,108.73950958251953,1398600
2020-05-14,108.40616607666016,1396200
2020-05-15,110.0331802368164,1928100
2020-05-18,109.3109130859375,1740600
2020-05-19,107.35851287841797,1104900
2020-05-20,108.61254119873047,1523300
2020-05-21,109.0966567993164,1597500
2020-05-22,110.90619659423828,1442500
2020-05-26,107.9378890991211,2003200
2020-05-27,109.85853576660156,1904200
2020-05-28,111.74749755859375,1961600
2020-05-29,112.25540924072266,1945500
2020-06-01,112.12842559814453,846400
2020-06-02,112.73953247070312,1215700
2020-06-03,112.43003845214844,1417800
2020-06-04,110.13487243652344,1515600
2020-06-05,111.38240814208984,2427300
2020-06-08,111.09452056884766,1959700
2020-06-09,110.82260131835938,1595200
2020-06-10,110.76664733886719,1470500
2020-06-11,109.53508758544922,2108200
2020-06-12,108.71141815185547,1634400
2020-06-15,111.2464599609375,1893700
2020-06-16,112.47000122070312,1450700
2020-06-17,113.59757995605469,1381300
2020-06-18,113.88546752929688,1137300
2020-06-19,115.12500762939453,5321200
2020-06-22,113.60557556152344,1098900
2020-06-23,112.40601348876953,1775800
2020-06-24,110.28681945800781,1622300
2020-06-25,110.99057006835938,1306200
2020-06-26,109.47112274169922,2516200
2020-06-29,111.51834106445312,1073300
2020-06-30,113.03781127929688,1504600
2020-07-01,113.4696273803711,954600
2020-07-02,114.5172348022461,1049900
2020-07-06,114.14139556884766,1076400
2020-07-07,113.97344207763672,1313200
2020-07-08,114.63720703125,1210100
2020-07-09,113.73351287841797,1209600
2020-07-10,114.54920959472656,1073400
2020-07-13,113.66954040527344,1473600
2020-07-14,115.12500762939453,1408700
2020-07-15,114.58119201660156,1281800
2020-07-16,114.90108489990234,1048900
2020-07-17,115.4528579711914,1212200
2020-07-20,114.10938262939453,1884600
2020-07-21,114.9970703125,1128800
2020-07-22,115.39690399169922,1259600
2020-07-23,117.81999969482422,3576600
2020-07-24,117.82797241210938,1759300
2020-07-27,117.85999298095703,1652500
2020-07-28,120.57893371582031,2568200
2020-07-29,121.58655548095703,1860900
2020-07-30,121.52262878417969,1193500
2020-07-31,121.58655548095703,1908200
2020-08-03,121.23473358154297,1067400
2020-08-04,124.99335479736328,1895900
2020-08-05,124.62545776367188,1343400
2020-08-06,125.1292495727539,1093900
2020-08-07,125.76103973388672,1648400
2020-08-10,126.42476654052734,1841100
2020-08-11,124.58548736572266,1643400
2020-08-12,127.02456665039062,1096900
2020-08-13,126.72066497802734,837100
2020-08-14,126.5367431640625,1174000
2020-08-17,126.20085144042969,1201700
2020-08-18,126.04889678955078,2209100
2020-08-19,125.83303833007812,1065400
2020-08-20,126.00896453857422,746700
2020-08-21,125.79302978515625,1354600
2020-08-24,125.88898468017578,1003800
2020-08-25,124.79339599609375,1169600
2020-08-26,124.7533950805664,1238500
2020-08-27,124.91334533691406,899300
2020-08-28,125.15326690673828,897600
2020-08-31,126.1609115600586,1147900
2020-09-01,123.36192321777344,1418800
2020-09-02,125.16124725341797,1365500
2020-09-03,122.59262084960938,1543100
2020-09-04,122.57653045654297,1592800
2020-09-08,119.95156860351562,2038600
2020-09-09,121.94847869873047,1730900
2020-09-10,119.29130554199219,1723600
2020-09-11,119.5730972290039,2101200
2020-09-14,119.5730972290039,1583500
2020-09-15,117.94662475585938,1811500
2020-09-16,118.96922302246094,1476600
2020-09-17,118.05934143066406,1450400
2020-09-18,117.53597259521484,1949400
2020-09-21,117.4554214477539,1238800
2020-09-22,118.33312225341797,1075400
2020-09-23,116.61000061035156,1446100
2020-09-24,117.94662475585938,1110900
2020-09-25,117.89830780029297,1013700
2020-09-28,118.81623840332031,1483300
2020-09-29,117.83389282226562,965800
2020-09-30,118.89677429199219,1578800
2020-10-01,118.87260437011719,1181700
2020-10-02,118.7115707397461,1101800
2020-10-05,120.40247344970703,1345900
2020-10-06,120.78095245361328,1626400
2020-10-07,121.46538543701172,1139300
2020-10-08,121.03056335449219,1342300
2020-10-09,122.78591918945312,1221300
2020-10-12,123.51060485839844,1131100
2020-10-13,124.1789321899414,1856200
2020-10-14,122.90668487548828,1790900
2020-10-15,124.25946044921875,1080500
2020-10-16,123.46231079101562,1357300
2020-10-19,121.43318176269531,1132700
2020-10-20,119.5892333984375,1637300
2020-10-21,119.47650909423828,2179200
2020-10-22,111.19091033935547,6301600
2020-10-23,110.21663665771484,2661600
2020-10-26,109.25845336914062,2295100
2020-10-27,108.50960540771484,1899700
2020-10-28,107.08439636230469,2728000
2020-10-29,106.9555435180664,2613300
2020-10-30,106.76229858398438,2140000
2020-11-02,108.17945861816406,1965100
2020-11-03,108.98468017578125,1821900
2020-11-04,108.79949188232422,2240900
2020-11-05,108.15532684326172,1962500
2020-11-06,109.65299224853516,1681900
2020-11-09,106.81867980957031,3282900
2020-11-10,109.95094299316406,2420700
2020-11-11,110.94132995605469,2335800
2020-11-12,111.22315216064453,2299400
2020-11-13,113.00265502929688,1655400
2020-11-16,114.4117431640625,3730800
2020-11-17,115.81282043457031,3224800
2020-11-18,113.5824203491211,2753700
2020-11-19,114.12996673583984,2377400
2020-11-20,112.53561401367188,2629900
2020-11-23,112.10082244873047,2085800
2020-11-24,112.084716796875,2575200
2020-11-25,113.29251861572266,1375300
2020-11-27,113.83200073242188,1174200
2020-11-30,112.17329406738281,7673600
2020-12-01,113.75953674316406,1971300
2020-12-02,111.3922348022461,2453100
2020-12-03,111.83857727050781,2363500
2020-12-04,111.49771881103516,2131000
2020-12-07,111.10820770263672,1772300
2020-12-08,110.82421112060547,1733100
2020-12-09,110.16688537597656,2162700
2020-12-10,108.78736877441406,2076100
2020-12-11,110.36166381835938,1816700
2020-12-14,110.36166381835938,1959700
2020-12-15,110.2155990600586,1419900
2020-12-16,110.3697738647461,2077200
2020-12-17,110.62132263183594,2452200
2020-12-18,109.61509704589844,4072700
2020-12-21,108.93344116210938,1804900
2020-12-22,107.65939331054688,1600500
2020-12-23,108.33294677734375,1309800
2020-12-24,108.64942169189453,529800
2020-12-28,108.69811248779297,1059100
2020-12-29,108.84418487548828,1044200
2020-12-30,108.03271484375,1196400
2020-12-31,109.4122314453125,1480700
2021-01-04,108.25181579589844,1837000
2021-01-05,108.36541748046875,2246200
2021-01-06,107.79737091064453,1821800
2021-01-07,106.7911376953125,1957000
2021-01-08,106.92095184326172,1650000
2021-01-11,106.66939544677734,2269600
2021-01-12,105.75244140625,2196100
2021-01-13,106.84794616699219,1694600
2021-01-14,106.76680755615234,1848300
2021-01-15,106.53956604003906,3343200
2021-01-19,106.83169555664062,1865800
2021-01-20,106.6207275390625,2013500
2021-01-21,106.31234741210938,1745000
2021-01-22,107.28614807128906,2497600
2021-01-25,110.7754898071289,4608900
2021-01-26,111.27864074707031,3134800
2021-01-27,112.51210021972656,2906300
2021-01-28,109.68001556396484,2421500
2021-01-29,107.19688415527344,4039500
2021-02-01,108.12197875976562,1563200
2021-02-02,107.39973449707031,1799200
2021-02-03,107.43221282958984,1734400
2021-02-04,106.70999145507812,1674100
2021-02-05,107.25366973876953,1550600
2021-02-08,107.2699203491211,1451000
2021-02-09,107.46465301513672,1837200
2021-02-10,107.76490783691406,1543300
2021-02-11,107.18873596191406,1275500
2021-02-12,107.22122192382812,1721900
2021-02-16,105.68753051757812,2960400
2021-02-17,106.11761474609375,1752200
2021-02-18,107.2699203491211,1453300
2021-02-19,106.0040054321289,2058800
2021-02-22,106.35293579101562,1786000
2021-02-23,107.10759735107422,1914100
2021-02-24,106.15006256103516,1932100
2021-02-25,105.94719696044922,1611600
2021-02-26,104.13760375976562,3012100
2021-03-01,104.18626403808594,2291900
2021-03-02,104.78677368164062,2413000
2021-03-03,105.92284393310547,2975100
2021-03-04,105.34162139892578,2331700
2021-03-05,107.72382354736328,2541900
2021-03-08,109.00090789794922,1896600
2021-03-09,108.32963562011719,2022400
2021-03-10,110.05692291259766,2193900
2021-03-11,108.5097427368164,1964100
2021-03-12,109.26287841796875,2109700
2021-03-15,109.90140533447266,2292600
2021-03-16,110.04875946044922,2157100
2021-03-17,108.5097427368164,2189300
2021-03-18,108.38693237304688,2727700
2021-03-19,106.68417358398438,6552900
2021-03-22,108.90265655517578,2682800
2021-03-23,110.74459838867188,2198100
2021-03-24,111.07201385498047,2136000
2021-03-25,111.06388092041016,1837200
2021-03-26,112.2590560913086,1722300
2021-03-29,113.71621704101562,2511200
2021-03-30,113.22501373291016,1861200
2021-03-31,113.8308334350586,3490600
2021-04-01,112.13626098632812,3235300
2021-04-05,113.32328033447266,2035300
2021-04-06,113.01220703125,1882800
2021-04-07,112.1035385131836,1498400
2021-04-08,112.60289001464844,1527400
2021-04-09,111.89887237548828,1487100
2021-04-12,112.34088897705078,1716700
2021-04-13,112.32454681396484,1616900
2021-04-14,111.5550537109375,1603900
2021-04-15,113.73257446289062,2318000
2021-04-16,113.97000885009766,3629100
2021-04-19,113.73257446289062,1840600
2021-04-20,116.56507110595703,2518300
2021-04-21,115.81192016601562,2131900
2021-04-22,114.8786849975586,2282700
2021-04-23,108.14952087402344,8340700
2021-04-26,106.84790802001953,4150700
2021-04-27,105.97196197509766,3671100
2021-04-28,106.12749481201172,3156000
2021-04-29,108.57521057128906,3110300
2021-04-30,109.14008331298828,3209000
2021-05-03,110.30255126953125,2006300
2021-05-04,110.2861557006836,2046300
2021-05-05,110.98199462890625,1991300
2021-05-06,111.4404296875,2488100
2021-05-07,110.92471313476562,1509700
2021-05-10,112.07079315185547,2826000
2021-05-11,109.86866760253906,2254400
2021-05-12,108.86174011230469,2729000
2021-05-13,109.4920883178711,2198200
2021-05-14,109.84410858154297,2139300
2021-05-17,109.39385986328125,1542200
2021-05-18,108.82901000976562,2254600
2021-05-19,108.5342788696289,1826700
2021-05-20,108.61613464355469,2092200
2021-05-21,108.34600067138672,2329900
2021-05-24,108.15770721435547,1602700
2021-05-25,108.1413345336914,2172800
2021-05-26,107.2654037475586,2539800
2021-05-27,108.76349639892578,6780100
2021-05-28,106.93795013427734,4278200
2021-06-01,106.4303970336914,2693500
2021-06-02,107.02800750732422,3056500
2021-06-03,107.02801513671875,3778700
2021-06-04,107.82907104492188,2423600
2021-06-07,108.2502212524414,2515100
2021-06-08,107.12710571289062,2484200
2021-06-09,106.78026580810547,1938800
2021-06-10,107.06929016113281,1576800
2021-06-11,107.14363098144531,1508500
2021-06-14,106.96194458007812,1549300
2021-06-15,106.71419525146484,1880400
2021-06-16,106.44165802001953,2096200
2021-06-17,107.42440795898438,2369100
2021-06-18,106.2764892578125,3144800
2021-06-21,106.91238403320312,1462700
2021-06-22,107.46571350097656,2279600
2021-06-23,107.6060791015625,2638600
2021-06-24,108.24198913574219,1957300
2021-06-25,109.89366149902344,4882200
2021-06-28,108.9852294921875,2873700
2021-06-29,109.4559555053711,1890700
2021-06-30,110.47998046875,1987700
2021-07-01,110.26526641845703,1594600
2021-07-02,110.9507064819336,1896300
2021-07-06,111.1902084350586,2376600
2021-07-07,112.08209991455078,2464800
2021-07-08,111.73523712158203,1656800
2021-07-09,111.50402069091797,1741700
2021-07-12,111.2397689819336,1962300
2021-07-13,110.94245910644531,1752300
2021-07-14,111.68572235107422,2368300
2021-07-15,112.42898559570312,1422200
2021-07-16,114.39444732666016,2327100
2021-07-19,114.82384490966797,2789100
2021-07-20,113.74201965332031,1957500
2021-07-21,111.85087585449219,2256300
2021-07-22,111.44621276855469,1686500
2021-07-23,112.03255462646484,5014000
2021-07-26,111.5700912475586,3038800
2021-07-27,112.51981353759766,2082200
2021-07-28,111.39664459228516,2133900
2021-07-29,112.46199798583984,1695800
2021-07-30,112.08209991455078,2687200
2021-08-02,111.21498107910156,1587600
2021-08-03,112.01605987548828,1461000
2021-08-04,110.41392517089844,1274400
2021-08-05,110.17443084716797,1733000
2021-08-06,110.04231262207031,1339500
2021-08-09,110.8681411743164,1550600
2021-08-10,110.57083892822266,1735700
2021-08-11,110.8185806274414,1005600
2021-08-12,110.89287567138672,976200
2021-08-13,112.70974731445312,1425400
2021-08-16,114.43576049804688,1833100
2021-08-17,114.9725112915039,1534000
2021-08-18,112.82536315917969,1279400
2021-08-19,114.71652221679688,1452900
2021-08-20,114.15496063232422,1505100
2021-08-23,113.53557586669922,1303000
2021-08-24,112.1481704711914,1052100
2021-08-25,112.08209991455078,1114300
2021-08-26,112.58588409423828,1351400
2021-08-27,112.60238647460938,1254200
2021-08-30,112.92448425292969,860500
2021-08-31,113.80810546875,1875600
2021-09-01,115.35240936279297,2108900
2021-09-02,115.98831176757812,1750100
2021-09-03,116.23607635498047,1426800
2021-09-07,115.50104522705078,2707000
2021-09-08,116.8471450805664,2390700
2021-09-09,114.72419738769531,2923800
2021-09-10,114.09980010986328,2133400
2021-09-13,115.04053497314453,2278300
2021-09-14,114.99059295654297,2165300
2021-09-15,114.07481384277344,1374300
2021-09-16,113.17566680908203,1859000
2021-09-17,112.54290771484375,5852300
2021-09-20,111.98512268066406,2115400
2021-09-21,111.97677612304688,2083300
2021-09-22,111.09430694580078,1406500
2021-09-23,111.21085357666016,1015200
2021-09-24,110.71966552734375,920000
2021-09-27,110.2534408569336,972600
2021-09-28,111.14424896240234,1951300
2021-09-29,113.0424575805664,1652800
2021-09-30,110.26176452636719,1850200
2021-10-01,110.04531860351562,1709300
2021-10-04,110.02033233642578,1758000
2021-10-05,109.8371810913086,1744200
2021-10-06,110.76960754394531,1530900
2021-10-07,111.3107681274414,1709500
2021-10-08,110.61975860595703,1038400
2021-10-11,110.35334014892578,845600
2021-10-12,110.3783187866211,940100
2021-10-13,110.35334014892578,1051900
2021-10-14,110.97775268554688,1074000
2021-10-15,111.00271606445312,1210400
2021-10-18,109.50415802001953,1278400
2021-10-19,108.03888702392578,3702600
2021-10-20,109.5874252319336,1694800
2021-10-21,109.2960205078125,978600
2021-10-22,110.76129913330078,2155000
2021-10-25,108.32194519042969,5884900
2021-10-26,110.95277404785156,2892700
2021-10-27,107.61427307128906,2704400
2021-10-28,108.28031158447266,1965400
2021-10-29,107.80577850341797,1751300
2021-11-01,108.46349334716797,1249100
2021-11-02,109.53746795654297,1204000
2021-11-03,109.98703002929688,1093500
2021-11-04,109.27104187011719,1147400
2021-11-05,110.08694458007812,1069400
2021-11-08,110.34500885009766,1056700
2021-11-09,110.2784194946289,1102500
2021-11-10,112.15162658691406,1654500
2021-11-11,111.57719421386719,1345600
2021-11-12,111.48560333251953,1232300
2021-11-15,112.20990753173828,1281200
2021-11-16,111.42733001708984,1042800
2021-11-17,111.90187072753906,1429900
2021-11-18,110.76960754394531,1014200
2021-11-19,111.92684173583984,1739100
2021-11-22,112.75938415527344,1235600
2021-11-23,113.05078887939453,1452100
2021-11-24,112.58455657958984,1017100
2021-11-26,112.61786651611328,1184800
2021-11-29,112.42635345458984,1025000
2021-11-30,108.48844146728516,2652700
2021-12-01,109.69562530517578,1850800
2021-12-02,110.55313873291016,1493700
2021-12-03,112.71775817871094,1749700
2021-12-06,113.57527923583984,1732100
2021-12-07,113.95823669433594,2339800
2021-12-08,113.96656799316406,1464400
2021-12-09,113.84903717041016,935000
2021-12-10,114.23522186279297,1213800
2021-12-13,116.93009948730469,2144200
2021-12-14,115.93106842041016,2681100
2021-12-15,116.10740661621094,2440900
2021-12-16,119.06256103515625,2471700
2021-12-17,117.00569915771484,3237600
2021-12-20,118.62598419189453,2209400
2021-12-21,116.93851470947266,1496700
2021-12-22,116.87975311279297,980600
2021-12-23,116.60269927978516,1115600
2021-12-27,117.36666107177734,825200
2021-12-28,117.35829162597656,1187900
2021-12-29,118.43290710449219,1239400
2021-12-30,118.81068420410156,778300
2021-12-31,119.98600006103516,1230600
2022-01-03,119.57464599609375,1994200
2022-01-04,120.2210693359375,2027100
2022-01-05,120.94308471679688,1935600
2022-01-06,120.15393829345703,1692700
2022-01-07,120.6744384765625,1305300
2022-01-10,121.38804626464844,2706400
2022-01-11,120.17072296142578,2442000
2022-01-12,120.12874603271484,1293900
2022-01-13,119.96083068847656,1303700
2022-01-14,120.2210693359375,1367800
2022-01-18,118.27335357666016,2214300
2022-01-19,119.78451538085938,1712200
2022-01-20,118.8526611328125,2151600
2022-01-21,120.32183074951172,2579700
2022-01-24,119.04572296142578,2762000
2022-01-25,117.2239761352539,2483200
2022-01-26,113.20260620117188,5636700
2022-01-27,115.4189453125,2829300
2022-01-28,116.62789154052734,1965900
2022-01-31,115.56167602539062,2283100
2022-02-01,115.2342529296875,1552300
2022-02-02,113.8573989868164,3039600
2022-02-03,114.57942962646484,1990700
2022-02-04,111.3724365234375,2209800
2022-02-07,111.88453674316406,1888000
2022-02-08,111.8509292602539,1595500
2022-02-09,110.7259750366211,1900400
2022-02-10,109.93681335449219,2103800
2022-02-11,111.09537506103516,1472700
2022-02-14,111.12896728515625,1583300
2022-02-15,110.3985595703125,1685900
2022-02-16,109.99557495117188,2003400
2022-02-17,110.5077133178711,1566600
2022-02-18,111.78378295898438,1327100
2022-02-22,111.53192901611328,1555300
2022-02-23,110.7679443359375,1411800
2022-02-24,107.9387435913086,2213200
2022-02-25,110.65880584716797,1736600
2022-02-28,109.26518249511719,2039400
2022-03-01,108.02268981933594,1847000
2022-03-02,108.98815155029297,1993500
2022-03-03,109.74207305908203,1622300
2022-03-04,109.38627624511719,1534800
2022-03-07,108.37824249267578,1616600
2022-03-08,104.35448455810547,1989700
2022-03-09,104.66791534423828,1782300
2022-03-10,101.4743423461914,2909900
2022-03-11,99.55989837646484,2513400
2022-03-14,100.90679168701172,2295800
2022-03-15,102.54169464111328,2267200
2022-03-16,102.8551254272461,1916800
2022-03-17,102.78736114501953,1764800
2022-03-18,102.37226867675781,4134000
2022-03-21,102.27062225341797,2515200
2022-03-22,103.67680358886719,2114100
2022-03-23,102.16896057128906,1964600
2022-03-24,101.72847747802734,2818200
2022-03-25,101.8894271850586,1860000
2022-03-28,103.71068572998047,1499600
2022-03-29,105.09147644042969,1585200
2022-03-30,104.9135971069336,1247200
2022-03-31,104.32910919189453,1815600
2022-04-01,105.91316223144531,1529000
2022-04-04,105.9046859741211,1943300
2022-04-05,105.99787139892578,1391900
2022-04-06,106.70944213867188,1529000
2022-04-07,107.31936645507812,1806300
2022-04-08,106.80262756347656,1610700
2022-04-11,107.18382263183594,1426400
2022-04-12,106.68403625488281,1606800
2022-04-13,107.06521606445312,1444700
2022-04-14,107.09062957763672,1255500
2022-04-18,105.85387420654297,1623500
2022-04-19,107.47183990478516,2055200
2022-04-20,108.09020233154297,1174200
2022-04-21,108.51377868652344,2369100
2022-04-22,117.33209991455078,6935300
2022-04-25,121.54219818115234,4790200
2022-04-26,117.89964294433594,3631100
2022-04-27,119.00089263916016,2652300
2022-04-28,120.28003692626953,2122800
2022-04-29,117.60320281982422,2926800
2022-05-02,115.22281646728516,2241900
2022-05-03,116.30712890625,2087500
2022-05-04,117.86576843261719,2008900
2022-05-05,115.7818832397461,2130600
2022-05-06,116.5612564086914,2051900
2022-05-09,118.88229370117188,3018700
2022-05-10,117.70481872558594,2040400
2022-05-11,117.6709213256836,1559300
2022-05-12,118.26390838623047,1323200
2022-05-13,117.8827133178711,1417800
2022-05-16,117.6878662109375,1363200
2022-05-17,117.45917510986328,1819400
2022-05-18,112.24946594238281,2169900
2022-05-19,109.31851959228516,2655800
2022-05-20,108.7170639038086,2110600
2022-05-23,109.62347412109375,1521300
2022-05-24,111.94454193115234,1232000
2022-05-25,111.2837905883789,1426400
2022-05-26,112.16476440429688,1250800
2022-05-27,113.02880859375,1188300
2022-05-31,112.6815185546875,2843100
2022-06-01,111.30919647216797,1577500
2022-06-02,111.63957977294922,1518900
2022-06-03,111.34307098388672,994100
2022-06-06,111.71581268310547,1058400
2022-06-07,111.90216827392578,1229500
2022-06-08,110.80941009521484,1074300
2022-06-09,108.93765258789062,1493300
2022-06-10,109.19406127929688,1776300
2022-06-13,108.46759033203125,1713000
2022-06-14,105.39073944091797,2224800
2022-06-15,104.62152099609375,1784600
2022-06-16,103.97196197509766,1899000
2022-06-17,104.09159851074219,3203100
2022-06-21,106.90351867675781,1911800
2022-06-22,109.03166961669922,1704600
2022-06-23,112.88628387451172,2122000
2022-06-24,114.9204330444336,2431600
2022-06-27,114.17684936523438,1305800
2022-06-28,113.2794418334961,1162600
2022-06-29,114.7409439086914,1230400
2022-06-30,115.51014709472656,1715400
2022-07-01,116.88619995117188,1612900
2022-07-05,116.31354522705078,1359400
2022-07-06,117.07421875,1296800
2022-07-07,115.980224609375,1240400
2022-07-08,114.69819641113281,1309700
2022-07-11,115.14265441894531,836100
2022-07-12,115.62126922607422,1240700
2022-07-13,116.27937316894531,1192800
2022-07-14,115.49308013916016,1475200
2022-07-15,115.10845184326172,1050500
2022-07-18,112.87774658203125,1631200
2022-07-19,113.02302551269531,1858000
2022-07-20,112.26238250732422,1341500
2022-07-21,111.57861328125,1487500
2022-07-22,113.1597900390625,1256000
2022-07-25,114.03156280517578,1433100
2022-07-26,114.50162506103516,1757800
2022-07-27,112.86064147949219,1650600
2022-07-28,113.89480590820312,1081100
2022-07-29,112.63843536376953,2902500
2022-08-01,115.69816589355469,2070300
2022-08-02,113.6725845336914,1712500
2022-08-03,115.16828155517578,1318900
2022-08-04,113.46747589111328,1211700
2022-08-05,113.99736785888672,781400
2022-08-08,114.77513122558594,889200
2022-08-09,114.88624572753906,754200
2022-08-10,115.9460220336914,1178300
2022-08-11,115.06571960449219,921300
2022-08-12,115.79219055175781,690600
2022-08-15,116.62124633789062,976000
2022-08-16,117.42464447021484,1043100
2022-08-17,116.94602966308594,882400
2022-08-18,117.17677307128906,997300
2022-08-19,117.04857635498047,1147900
2022-08-22,116.41612243652344,1179400
2022-08-23,114.73239135742188,1063500
2022-08-24,114.26232147216797,955300
2022-08-25,113.57855987548828,1425000
2022-08-26,110.69831848144531,1434400
2022-08-29,110.74960327148438,813300
2022-08-30,110.10857391357422,1279600
2022-08-31,108.98892211914062,1828100
2022-09-01,109.84361267089844,1410000
2022-09-02,108.1000747680664,1513100
2022-09-06,107.44196319580078,1662400
2022-09-07,108.92057037353516,1294400
2022-09-08,108.24779510498047,1291100
2022-09-09,109.40357208251953,1395300
2022-09-12,109.46397399902344,1343000
2022-09-13,106.74698638916016,1139200
2022-09-14,105.06504821777344,2091200
2022-09-15,104.72867584228516,1462200
2022-09-16,105.24617004394531,2236500
2022-09-19,105.93621063232422,1154500
2022-09-20,104.8493881225586,1223400
2022-09-21,104.13351440429688,1234200
2022-09-22,104.11626434326172,1252700
2022-09-23,103.7540054321289,1365700
2022-09-26,102.45159149169922,1854600
2022-09-27,101.08013153076172,2040300
2022-09-28,101.07152557373047,2026000
2022-09-29,99.17395782470703,2010400
2022-09-30,97.0693588256836,2293700
2022-10-03,98.39768981933594,2103900
2022-10-04,100.25212097167969,1713800
2022-10-05,98.82892608642578,1388500
2022-10-06,96.76749420166016,1535900
2022-10-07,94.52489471435547,2047600
2022-10-10,95.01654052734375,1479700
2022-10-11,96.0602035522461,1569600
2022-10-12,97.34538269042969,2493800
2022-10-13,98.82892608642578,1827000
2022-10-14,97.64727783203125,1369200
2022-10-17,98.48392486572266,1730500
2022-10-18,99.60523223876953,1410100
2022-10-19,99.13945007324219,1192300
2022-10-20,96.87960052490234,1975600
2022-10-21,98.29417419433594,1678200
2022-10-24,99.9329833984375,2626600
2022-10-25,103.06396484375,2773500
2022-10-26,103.68497467041016,2201300
2022-10-27,104.62516784667969,1899800
2022-10-28,107.19551086425781,1766900
2022-10-31,107.35074615478516,2920000
2022-11-01,107.25587463378906,1883300
2022-11-02,105.4618148803711,1779900
2022-11-03,105.24617004394531,1837500
2022-11-04,105.67744445800781,1929600
2022-11-07,107.2300033569336,1212000
2022-11-08,107.45426177978516,1290700
2022-11-09,106.80735778808594,941200
2022-11-10,110.21435546875,1899100
2022-11-11,109.92973327636719,1633000
2022-11-14,110.02460479736328,1511400
2022-11-15,110.52488708496094,1317400
2022-11-16,111.27528381347656,1033500
2022-11-17,111.1545181274414,1168400
2022-11-18,113.33672332763672,1350500
2022-11-21,115.1394271850586,1375400
2022-11-22,116.4245834350586,1789400
2022-11-23,115.5793228149414,1304800
2022-11-25,116.46770477294922,540500
2022-11-28,114.98418426513672,1220600
2022-11-29,114.85479736328125,1421100
2022-11-30,116.98524475097656,1798300
2022-12-01,117.8218994140625,1447300
2022-12-02,118.96906280517578,1932700
2022-12-05,118.31356048583984,1234400
2022-12-06,117.31300354003906,1476100
2022-12-07,117.90814971923828,1288900
2022-12-08,118.9694595336914,1193200
2022-12-09,118.48229217529297,2315300
2022-12-12,120.01333618164062,1764800
2022-12-13,120.66578674316406,1618500
2022-12-14,121.00506591796875,1644700
2022-12-15,118.6736831665039,1392800
2022-12-16,117.7167739868164,3718300
2022-12-19,118.01253509521484,1305000
2022-12-20,117.76898193359375,1211700
2022-12-21,119.1434326171875,1195100
2022-12-22,119.56099700927734,1174800
2022-12-23,119.30870819091797,888400
2022-12-27,120.37872314453125,907000
2022-12-28,118.76067352294922,778600
2022-12-29,119.38701629638672,742000
2022-12-30,118.09082794189453,1114000
2023-01-03,119.27391052246094,1603300
2023-01-04,119.01294708251953,1551800
2023-01-05,117.90814971923828,1207200
2023-01-06,120.43959045410156,1136700
2023-01-09,119.19564819335938,2025800
2023-01-10,118.1865463256836,1246500
2023-01-11,118.57798767089844,1401900
2023-01-12,118.51708984375,1579200
2023-01-13,119.03034973144531,1479400
2023-01-17,119.0564193725586,1534400
2023-01-18,115.55939483642578,1999900
2023-01-19,114.96784973144531,2109500
2023-01-20,117.55150604248047,2327200
2023-01-23,116.76854705810547,1744000
2023-01-24,117.11652374267578,1952300
2023-01-25,114.8808364868164,3729600
2023-01-26,113.32369995117188,2775300
2023-01-27,112.1493148803711,2374000
2023-01-30,112.2102279663086,1417300
2023-01-31,113.0975112915039,2930600
2023-02-01,113.0975112915039,1425700
2023-02-02,113.24540710449219,2047700
2023-02-03,114.1849365234375,1766200
2023-02-06,113.42809295654297,1392600
2023-02-07,113.32369995117188,1635700
2023-02-08,113.08882141113281,1353400
2023-02-09,111.56649017333984,1455500
2023-02-10,112.15800476074219,1735700
2023-02-13,113.17582702636719,1923100
2023-02-14,111.85354614257812,1809400
2023-02-15,111.14891052246094,1260600
2023-02-16,110.01803588867188,1741800
2023-02-17,110.6791763305664,2797200
2023-02-21,112.41898345947266,1936100
2023-02-22,111.81005096435547,1257600
2023-02-23,110.67046356201172,1220700
2023-02-24,109.78315734863281,1169000
2023-02-27,109.8266372680664,1052200
2023-02-28,108.78276062011719,2183600
2023-03-01,108.49568176269531,1338700
2023-03-02,110.19203186035156,1763000
2023-03-03,110.0354232788086,1055000
2023-03-06,109.76575469970703,1165300
2023-03-07,107.52137756347656,1464600
2023-03-08,107.69536590576172,1035400
2023-03-09,107.68656921386719,1363100
2023-03-10,107.44943237304688,1347400
2023-03-13,108.099365234375,1805000
2023-03-14,108.59999084472656,1414900
2023-03-15,110.50586700439453,1936800
2023-03-16,111.46320343017578,1839200
2023-03-17,110.11065673828125,5456000
2023-03-20,112.84210205078125,1559100
2023-03-21,112.43812561035156,1528100
2023-03-22,111.90235137939453,1429200
2023-03-23,111.86722564697266,1385000
2023-03-24,114.59867095947266,1569800
2023-03-27,114.4581527709961,1251000
2023-03-28,115.5560302734375,1557500
2023-03-29,116.3552474975586,1349200
2023-03-30,116.82073974609375,1280900
2023-03-31,117.88346862792969,1660400
2023-04-03,118.57730865478516,1905300
2023-04-04,118.09427642822266,1642300
2023-04-05,119.14820861816406,1421100
2023-04-06,119.87718963623047,1465700
2023-04-10,119.06916809082031,1015200
2023-04-11,119.4380111694336,1317600
2023-04-12,120.08795928955078,1119100
2023-04-13,120.72913360595703,1527100
2023-04-14,120.61492919921875,1183500
2023-04-17,121.7567138671875,1402600
2023-04-18,121.84455871582031,1730400
2023-04-19,121.55469512939453,946600
2023-04-20,122.20464324951172,1564500
2023-04-21,124.33887481689453,2005800
2023-04-24,125.09418487548828,1939700
2023-04-25,127.06156158447266,4344000
2023-04-26,126.13058471679688,2559300
2023-04-27,128.5634307861328,1636400
2023-04-28,127.2547836303711,2165700
2023-05-01,128.09791564941406,1606600
2023-05-02,128.12429809570312,1398500
2023-05-03,127.86077117919922,1674500
2023-05-04,126.83319854736328,2222000
2023-05-05,127.50949096679688,1636600
2023-05-08,127.1230239868164,1421800
2023-05-09,126.40283966064453,1372300
2023-05-10,125.95490264892578,1678800
2023-05-11,126.19206237792969,1618300
2023-05-12,127.0439682006836,1094400
2023-05-15,126.34136199951172,1720600
2023-05-16,127.05278015136719,1617100
2023-05-17,127.21963500976562,1403700
2023-05-18,126.29744720458984,1273900
2023-05-19,127.37771606445312,1745600
2023-05-22,123.57476043701172,1751800
2023-05-23,121.7040023803711,1825100
2023-05-24,120.89599609375,1081900
2023-05-25,120.3602066040039,1268000
2023-05-26,119.71031951904297,1257600
2023-05-30,117.31258392333984,1941100
2023-05-31,117.93617248535156,5126100
2023-06-01,117.62875366210938,1546500
2023-06-02,119.5258560180664,1869500
2023-06-05,119.9913330078125,1568500
2023-06-06,119.11304473876953,1520600
2023-06-07,118.56852722167969,1893200
2023-06-08,119.36595916748047,1419100
2023-06-09,119.1710205078125,1033200
2023-06-12,119.31278991699219,1762100
2023-06-13,119.13560485839844,1362300
2023-06-14,119.72036743164062,1335100
2023-06-15,120.78362274169922,1493100
2023-06-16,121.98860168457031,2594500
2023-06-20,120.84564208984375,1585100
2023-06-21,122.405029296875,1359800
2023-06-22,121.82025146484375,1288300
2023-06-23,121.35955047607422,3228900
2023-06-26,120.84564208984375,1674000
2023-06-27,122.5113754272461,1292600
2023-06-28,121.35067749023438,1254600
2023-06-29,121.52786254882812,1232500
2023-06-30,122.32527923583984,1593700
2023-07-03,121.81139373779297,1012100
2023-07-05,121.95317077636719,1847300
2023-07-06,122.15692901611328,1672800
2023-07-07,119.93302154541016,1610100
2023-07-10,119.77352142333984,1717200
2023-07-11,119.80013275146484,1305500
2023-07-12,119.31278991699219,1800900
2023-07-13,119.41912078857422,1097300
2023-07-14,119.72924041748047,1319300
2023-07-17,119.20645904541016,1059100
2023-07-18,118.63941192626953,1363600
2023-07-19,119.9241714477539,1685200
2023-07-20,119.4988784790039,2282500
2023-07-21,121.51900482177734,2080700
2023-07-24,121.53673553466797,2589800
2023-07-25,117.77110290527344,3840500
2023-07-26,116.85848999023438,2739400
2023-07-27,115.46742248535156,3376800
2023-07-28,115.55603790283203,1816000
2023-07-31,114.386474609375,3115200
2023-08-01,114.2978744506836,2011400
2023-08-02,114.71429443359375,1443900
2023-08-03,113.99661254882812,1215500
2023-08-04,113.20805358886719,1355400
2023-08-07,113.92572784423828,1116600
2023-08-08,113.00426483154297,1177100
2023-08-09,113.24349975585938,1191100
2023-08-10,113.21690368652344,1498500
2023-08-11,113.37639617919922,918700
2023-08-14,112.90679931640625,1324100
2023-08-15,112.08280944824219,1179200
2023-08-16,111.94988250732422,1268600
2023-08-17,112.384033203125,1711100
2023-08-18,113.62450408935547,2220600
2023-08-21,112.25999450683594,1203300
2023-08-22,113.36753845214844,1336600
2023-08-23,114.04093170166016,1597500
2023-08-24,113.89030456542969,1397000
2023-08-25,114.48394012451172,1165800
2023-08-28,114.73202514648438,1486800
2023-08-29,114.74974822998047,1235300
2023-08-30,114.70543670654297,930300
2023-08-31,114.14724731445312,1795500
2023-09-01,112.93338012695312,2271700
2023-09-05,112.54352569580078,2198100
2023-09-06,112.16252899169922,2136000
2023-09-07,113.70085144042969,1723800
2023-09-08,114.01387023925781,1261300
2023-09-11,114.52367401123047,1311900
2023-09-12,111.64381408691406,1788100
2023-09-13,111.78689575195312,1356400
2023-09-14,112.58289337158203,982100
2023-09-15,111.8047866821289,2274300
2023-09-18,111.9031753540039,1378100
2023-09-19,111.2323989868164,942900
2023-09-20,111.7332534790039,1212200
2023-09-21,112.03732299804688,1675800
2023-09-22,110.87464141845703,1439800
2023-09-25,110.43640899658203,1142900
2023-09-26,110.48111724853516,1375400
2023-09-27,108.80866241455078,1466900
2023-09-28,108.7550048828125,1319100
2023-09-29,108.08421325683594,1710200
2023-10-02,106.43858337402344,1742300
2023-10-03,107.81592559814453,1720200
2023-10-04,108.23625946044922,1564000
2023-10-05,105.97351837158203,1598500
2023-10-06,106.25971984863281,1260000
2023-10-09,106.0450668334961,1188200
2023-10-10,107.06465911865234,1212400
2023-10-11,106.74266815185547,1068300
2023-10-12,107.10041809082031,2032600
2023-10-13,107.69070434570312,1370800
2023-10-16,108.84444427490234,1408600
2023-10-17,108.90704345703125,1392100
2023-10-18,110.39168548583984,2036600
2023-10-19,109.88189697265625,1696700
2023-10-20,110.08760070800781,2082700
2023-10-23,108.94282531738281,2921900
2023-10-24,107.77118682861328,3814700
2023-10-25,106.23289489746094,3675900
2023-10-26,107.4760513305664,3365100
2023-10-27,104.51570129394531,2507300
2023-10-30,106.89470672607422,2026100
2023-10-31,107.00204467773438,2835700
2023-11-01,106.85000610351562,1973700
2023-11-02,108.26309204101562,2037600
2023-11-03,106.7784423828125,2482000
2023-11-06,108.03055572509766,1603300
2023-11-07,107.69070434570312,1484700
2023-11-08,107.91431427001953,1252500
2023-11-09,107.43134307861328,2289100
2023-11-10,108.07527923583984,1319000
2023-11-13,108.41514587402344,1097900
2023-11-14,108.34358215332031,1236700
2023-11-15,108.71028900146484,1966100
2023-11-16,108.8533935546875,2568700
2023-11-17,108.39725494384766,1934100
2023-11-20,107.80696868896484,1733200
2023-11-21,108.71028900146484,1500800
2023-11-22,109.39895629882812,1427200
2023-11-24,109.49732208251953,666500
2023-11-27,109.4704818725586,1387400
2023-11-28,109.10380554199219,1802400
2023-11-29,108.90704345703125,1657500
2023-11-30,110.65999603271484,2741400
2023-12-01,110.937255859375,1802300
2023-12-04,111.05351257324219,1693500
2023-12-05,108.62083435058594,2001900
2023-12-06,109.51520538330078,2415600
2023-12-07,109.71389770507812,2007000
2023-12-08,108.31411743164062,1795500
2023-12-11,109.24429321289062,1337300
2023-12-12,109.96675109863281,1650700
2023-12-13,111.63740539550781,2310700
2023-12-14,109.12688446044922,2112100
2023-12-15,107.86260223388672,5048900
2023-12-18,108.901123046875,1710100
2023-12-19,109.06367492675781,1277800
2023-12-20,107.2846450805664,1801100
2023-12-21,107.85356140136719,1369500
2023-12-22,108.55795288085938,1134000
2023-12-26,108.4495849609375,792600
2023-12-27,108.64825439453125,941800
2023-12-28,109.10881805419922,1129700
2023-12-29,109.7319564819336,1765800
2024-01-02,110.49956512451172,2347700
2024-01-03,109.93964385986328,1742500
2024-01-04,110.65308380126953,2018600
2024-01-05,110.40021514892578,1394100
2024-01-08,111.26716613769531,1535700
2024-01-09,111.65547943115234,1403200
2024-01-10,111.32135009765625,1899500
2024-01-11,111.81803894042969,1608400
2024-01-12,112.13410186767578,1201800
2024-01-16,111.14073944091797,2725600
2024-01-17,111.36650085449219,1822200
2024-01-18,111.1136474609375,1348000
2024-01-19,110.86981964111328,1806000
2024-01-22,110.48149871826172,1925000
2024-01-23,112.8385009765625,3656800
2024-01-24,106.59829711914062,6020600
2024-01-25,108.8108139038086,2769500
2024-01-26,109.4249038696289,2579700
2024-01-29,109.51520538330078,1823100
2024-01-30,109.90351867675781,1949800
2024-01-31,109.24429321289062,2586300
2024-02-01,111.46583557128906,1939700
2024-02-02,110.40924072265625,2485800
2024-02-05,109.25332641601562,2232500
2024-02-06,109.56940460205078,1741500
2024-02-07,109.33460235595703,1903500
2024-02-08,108.61214447021484,1985800
2024-02-09,108.19673156738281,1612700
2024-02-12,108.43153381347656,1651100
2024-02-13,107.05886840820312,1789200
2024-02-14,106.92340087890625,1590600
2024-02-15,107.27559661865234,1591000
2024-02-16,106.82405090332031,1731300
2024-02-20,107.60071563720703,2293200
2024-02-21,108.77468872070312,1301100
2024-02-22,109.3165512084961,1679800
2024-02-23,109.8493423461914,1488300
2024-02-26,109.47908020019531,1413500
2024-02-27,109.4429702758789,1162600
2024-02-28,109.47908020019531,1080400
2024-02-29,109.4249038696289,3266000
2024-03-01,110.98721313476562,2340800
2024-03-04,111.52001953125,3453100
2024-03-05,111.63740539550781,2359100
2024-03-06,112.71206665039062,2563600
2024-03-07,114.81876373291016,2629200
2024-03-08,114.59075927734375,2004100
2024-03-11,115.6213150024414,1261000
2024-03-12,115.55746459960938,1888400
2024-03-13,116.6427230834961,1829600
2024-03-14,113.8246841430664,2560200
2024-03-15,113.51461791992188,6511100
2024-03-18,113.29574584960938,2156000
2024-03-19,114.04357147216797,1668500
2024-03-20,113.4690170288086,1326900
2024-03-21,113.8246841430664,1799900
2024-03-22,113.93413543701172,1440400
2024-03-25,114.1621322631836,2332000
2024-03-26,114.99203491210938,2045500
2024-03-27,116.06816864013672,2416400
2024-03-28,117.9651107788086,3204100
2024-04-01,117.46350860595703,2093400
2024-04-02,116.45121002197266,2287100
2024-04-03,114.96466064453125,2100900
2024-04-04,115.36595153808594,2009200
2024-04-05,115.19267272949219,1558500
2024-04-08,114.95555114746094,1343600
2024-04-09,116.67921447753906,1884900
2024-04-10,115.96784973144531,1690700
2024-04-11,114.98291778564453,1988700
2024-04-12,112.98566436767578,2661600
2024-04-15,114.3627700805664,2340800
2024-04-16,114.25332641601562,2296000
2024-04-17,114.87347412109375,2290800
2024-04-18,114.55428314208984,2350800
2024-04-19,115.66690826416016,4795600
2024-04-22,117.58206176757812,2705600
2024-04-23,124.06627655029297,5773600
2024-04-24,125.65312957763672,3551300
2024-04-25,124.42195892333984,3024200
2024-04-26,123.33668518066406,2123900
2024-04-29,123.96595764160156,2148100
2024-04-30,124.51314544677734,2875700
2024-05-01,124.45843505859375,2105600
2024-05-02,124.48579406738281,1687200
2024-05-03,124.11186218261719,1907300
2024-05-06,124.0024185180664,1796200
2024-05-07,124.01156616210938,2614100
2024-05-08,123.96595764160156,2180700
2024-05-09,124.63170623779297,1164700
2024-05-10,124.64081573486328,1048900
2024-05-13,124.29425048828125,1194200
2024-05-14,123.20903015136719,1454900
2024-05-15,122.30614471435547,2166700
2024-05-16,122.8168716430664,1631800
2024-05-17,122.47029876708984,1418800
2024-05-20,121.85926055908203,1796400
2024-05-21,121.96871948242188,1384900
2024-05-22,122.08726501464844,1518500
2024-05-23,120.2359390258789,1568900
2024-05-24,120.32714080810547,1413900
2024-05-28,117.7826919555664,2189600
2024-05-29,116.8798599243164,1608500
2024-05-30,118.25694274902344,2681000
2024-05-31,121.56744384765625,4228800
2024-06-03,123.01748657226562,2184300
2024-06-04,125.29743957519531,3553400
2024-06-05,124.79586791992188,1593400
2024-06-06,124.94178009033203,1791200
2024-06-07,123.74553680419922,2185200
2024-06-10,124.6565170288086,1938800
2024-06-11,124.82215881347656,1910800
2024-06-12,124.39888000488281,1908700
2024-06-13,128.3004150390625,3493800
2024-06-14,128.3556671142578,1736300
2024-06-17,129.239013671875,2006600
2024-06-18,130.3616485595703,1433100
2024-06-20,128.93536376953125,1752900
2024-06-21,128.33721923828125,3481100
2024-06-24,128.54885864257812,1468500
2024-06-25,127.37104034423828,1617300
2024-06-26,128.06118774414062,1818400
2024-06-27,128.22682189941406,1421900
2024-06-28,127.16860961914062,4428300
2024-07-01,126.81895446777344,2052800
2024-07-02,126.97537231445312,1726800
2024-07-03,126.54288482666016,736900
2024-07-05,127.25142669677734,1221400
2024-07-08,128.1623992919922,1348600
2024-07-09,128.3004150390625,1875300
2024-07-10,129.55184936523438,1298500
2024-07-11,129.76351928710938,1396800
2024-07-12,130.23280334472656,1478800
2024-07-15,129.7543182373047,1863300
2024-07-16,131.08859252929688,1917000
2024-07-17,132.09158325195312,2296300
2024-07-18,132.56085205078125,2316500
2024-07-19,132.16519165039062,4086100
2024-07-22,132.63449096679688,2620400
2024-07-23,125.0338134765625,5074500
2024-07-24,129.2942352294922,3581800
2024-07-25,129.80950927734375,2704900
2024-07-26,130.49046325683594,2064500
2024-07-29,129.6071014404297,3083100
2024-07-30,125.49388885498047,3517800
2024-07-31,124.27002716064453,3375600
2024-08-01,127.42626953125,2497300
2024-08-02,128.9169464111328,2401700
2024-08-05,126.66249084472656,2547200
2024-08-06,127.97835540771484,2077300
2024-08-07,128.8433380126953,2392200
2024-08-08,129.9751434326172,2144200
2024-08-09,129.11940002441406,1485200
2024-08-12,127.26063537597656,2394100
2024-08-13,127.38944244384766,1777100
2024-08-14,129.57948303222656,2167100
2024-08-15,130.46282958984375,1875600
2024-08-16,131.08859252929688,1552600
2024-08-19,132.0087432861328,1311700
2024-08-20,132.7264862060547,1092500
2024-08-21,133.03936767578125,1447300
2024-08-22,133.0577392578125,1420900
2024-08-23,132.1467742919922,1252000
2024-08-26,132.63449096679688,1148400
2024-08-27,132.08236694335938,1265100
2024-08-28,132.37681579589844,1467100
2024-08-29,131.7879180908203,1879200
2024-08-30,133.11294555664062,2421700
2024-09-03,135.5882568359375,1904100
2024-09-04,136.50840759277344,1853600
2024-09-05,136.2323760986328,1788200
2024-09-06,136.30657958984375,2160600
2024-09-09,136.55709838867188,1836500
2024-09-10,135.69422912597656,1498600
2024-09-11,132.86434936523438,2350400
2024-09-12,132.1035614013672,1977100
2024-09-13,133.16127014160156,1960400
2024-09-16,133.79217529296875,1650900
2024-09-17,131.43551635742188,1851200
2024-09-18,130.95303344726562,1717300
2024-09-19,129.9881134033203,1553500
2024-09-20,130.59120178222656,5576100
2024-09-23,131.0180206298828,1776900
2024-09-24,130.8695526123047,1858500
2024-09-25,131.0087127685547,1683100
2024-09-26,131.91798400878906,1478700
2024-09-27,132.25198364257812,1689400
2024-09-30,132.01075744628906,1962200
2024-10-01,132.13137817382812,1849600
2024-10-02,131.52830505371094,1587600
2024-10-03,129.93243408203125,1436000
2024-10-04,130.72109985351562,1593000
2024-10-07,130.61903381347656,2037100
2024-10-08,131.76025390625,1527300
2024-10-09,131.91798400878906,1249400
2024-10-10,130.87881469726562,1296500
2024-10-11,131.98292541503906,1384400
2024-10-14,133.1798095703125,1366600
2024-10-15,134.74783325195312,1964000
2024-10-16,135.4066162109375,1819300
2024-10-17,135.54574584960938,2537200
2024-10-18,134.91485595703125,3915400
2024-10-21,133.8014678955078,2508300
2024-10-22,127.8077163696289,4180200
2024-10-23,127.0097885131836,2640900
2024-10-24,127.12112426757812,1835300
2024-10-25,125.73867797851562,2273900
2024-10-28,125.8314437866211,2036400
2024-10-29,124.80158233642578,1608800
2024-10-30,124.70880126953125,1636300
2024-10-31,124.49539184570312,3322500
2024-11-01,124.89436340332031,1678200
2024-11-04,124.087158203125,1537700
2024-11-05,125.09849548339844,1414800
2024-11-06,122.13871765136719,2235400
2024-11-07,122.7046890258789,1879900
2024-11-08,123.96653747558594,1703500
2024-11-11,123.64179992675781,1569800
2024-11-12,122.60263061523438,2525000
2024-11-13,122.64901733398438,1494800
2024-11-14,122.17582702636719,1543400
2024-11-15,124.40262603759766,3199100
2024-11-18,126.19330596923828,2038300
2024-11-19,125.82220458984375,1771300
2024-11-20,126.5273208618164,1883400
2024-11-21,127.13970947265625,1618500
2024-11-22,128.4293670654297,1977600
2024-11-25,129.09738159179688,4025000
2024-11-26,129.6448211669922,2305200
2024-11-27,129.15306091308594,1466800
2024-11-29,129.292236328125,1213100
2024-12-02,129.48709106445312,2397100
2024-12-03,126.9355697631836,2187700
2024-12-04,126.91699981689453,2068200
2024-12-05,128.17884826660156,2201700
2024-12-06,126.11945343017578,2207200
2024-12-09,124.45320892333984,3423800
2024-12-10,124.5655517578125,2662500
2024-12-11,122.26276397705078,2094200
2024-12-12,122.52486419677734,1763100
2024-12-13,122.94611358642578,1621600
2024-12-16,122.9648208618164,2792400
2024-12-17,122.75888061523438,3378700
2024-12-18,122.0381088256836,3048400
2024-12-19,123.04905700683594,3447600
2024-12-20,122.9273910522461,5579500
2024-12-23,123.03972625732422,1705200
2024-12-24,123.73241424560547,619600
2024-12-26,124.62171173095703,1017500
2024-12-27,123.37670135498047,1525000
2024-12-30,122.27210998535156,1415200
2024-12-31,122.665283203125,942300
