date,close,volume
2014-01-02,27.532835006713867,12698600
2014-01-03,27.397401809692383,10403400
2014-01-06,27.26873779296875,11036300
2014-01-07,27.350000381469727,11872300
2014-01-08,27.045286178588867,15339600
2014-01-09,26.9030818939209,14070200
2014-01-10,27.173948287963867,13290000
2014-01-13,26.767656326293945,14091900
2014-01-14,26.87598991394043,12801100
2014-01-15,26.92340660095215,12844900
2014-01-16,26.889537811279297,11063100
2014-01-17,26.598369598388672,13992700
2014-01-21,27.031740188598633,17579000
2014-01-22,27.01820182800293,9841700
2014-01-23,26.571279525756836,14828100
2014-01-24,26.300416946411133,16507500
2014-01-27,26.22593116760254,14601900
2014-01-28,26.320730209350586,8915500
2014-01-29,25.663898468017578,23776100
2014-01-30,25.84672737121582,13662000
2014-01-31,25.609725952148438,16185000
2014-02-03,25.189899444580078,23164900
2014-02-04,25.379499435424805,17759700
2014-02-05,25.467527389526367,13665200
2014-02-06,25.75191879272461,22661500
2014-02-07,25.697769165039062,20389000
2014-02-10,26.117597579956055,20877200
2014-02-11,26.164993286132812,15361300
2014-02-12,26.076955795288086,10633400
2014-02-13,26.1717586517334,10435600
2014-02-14,26.36136245727539,16030100
2014-02-18,25.372732162475586,46098500
2014-02-19,25.122188568115234,26645100
2014-02-20,25.257617950439453,22639900
2014-02-21,25.17635726928711,19419800
2014-02-24,25.393033981323242,24223500
2014-02-25,25.575864791870117,22845500
2014-02-26,25.643587112426758,18195100
2014-02-27,25.779008865356445,18423400
2014-02-28,25.867048263549805,15763200
2014-03-03,25.812868118286133,18683400
2014-03-04,25.941537857055664,20425200
2014-03-05,25.968618392944336,14367400
2014-03-06,26.04987907409668,14700000
2014-03-07,26.10404396057129,17047600
2014-03-10,26.1717586517334,14540800
2014-03-11,26.273338317871094,13812100
2014-03-12,26.256284713745117,15673700
2014-03-13,25.915014266967773,18302800
2014-03-14,26.0515193939209,14687200
2014-03-17,26.119766235351562,19203000
2014-03-18,26.208499908447266,16880400
2014-03-19,26.031042098999023,20882200
2014-03-20,26.24262237548828,13228000
2014-03-21,26.235797882080078,19189100
2014-03-24,26.208499908447266,15693000
2014-03-25,26.358642578125,16898900
2014-03-26,26.351825714111328,15835500
2014-03-27,26.49515151977539,13031500
2014-03-28,26.58388900756836,11502100
2014-03-31,26.38595199584961,24489800
2014-04-01,26.21532440185547,20515700
2014-04-02,26.160722732543945,15709100
2014-04-03,25.983264923095703,18114000
2014-04-04,26.08564567565918,15453600
2014-04-07,26.358642578125,17295700
2014-04-08,26.549745559692383,14769900
2014-04-09,26.611177444458008,12031400
2014-04-10,26.54292869567871,21025700
2014-04-11,26.365474700927734,18084200
2014-04-14,26.433719635009766,19389800
2014-04-15,27.423368453979492,47529200
2014-04-16,27.703189849853516,21919900
2014-04-17,27.791927337646484,18547100
2014-04-21,27.81241226196289,12630900
2014-04-22,27.785093307495117,17404900
2014-04-23,27.79875373840332,12072500
2014-04-24,27.778274536132812,11392600
2014-04-25,27.989845275878906,16811400
2014-04-28,28.00350570678711,20736700
2014-04-29,27.68954086303711,18928400
2014-04-30,27.839693069458008,12362000
2014-05-01,27.832874298095703,15385800
2014-05-02,27.94890022277832,14197000
2014-05-05,27.819229125976562,10163500
2014-05-06,27.634950637817383,9359900
2014-05-07,27.921606063842773,11115600
2014-05-08,27.79875373840332,8538700
2014-05-09,27.89430046081543,8516400
2014-05-12,27.86017417907715,8906000
2014-05-13,28.05810546875,11579600
2014-05-14,27.907943725585938,10036100
2014-05-15,27.65542984008789,12379200
2014-05-16,27.907943725585938,13823900
2014-05-19,27.785093307495117,7559500
2014-05-20,27.696386337280273,9639500
2014-05-21,27.89430046081543,8607300
2014-05-22,27.696386337280273,8430400
2014-05-23,27.696386337280273,6255200
2014-05-27,27.826045989990234,11282900
2014-05-28,27.696386337280273,7536700
2014-05-29,27.7509765625,9867100
2014-05-30,27.921606063842773,10446100
2014-06-02,27.887487411499023,7472100
2014-06-03,27.901132583618164,10493100
2014-06-04,27.839693069458008,7864700
2014-06-05,27.907943725585938,10131700
2014-06-06,27.976207733154297,8760600
2014-06-09,27.921606063842773,7316400
2014-06-10,28.030799865722656,9168600
2014-06-11,27.887487411499023,9648600
2014-06-12,27.794645309448242,11583600
2014-06-13,27.760255813598633,9194600
2014-06-16,27.959684371948242,12878200
2014-06-17,28.138469696044922,26926600
2014-06-18,28.578563690185547,18518200
2014-06-19,28.73672103881836,13275200
2014-06-20,28.667957305908203,23402600
2014-06-23,28.695453643798828,13099300
2014-06-24,28.777973175048828,14962800
2014-06-25,28.853622436523438,17621800
2014-06-26,28.901752471923828,16903300
2014-06-27,29.011789321899414,18674400
2014-06-30,29.12868309020996,14058700
2014-07-01,29.080541610717773,11497700
2014-07-02,29.080541610717773,6707000
2014-07-03,29.039287567138672,7537700
2014-07-07,28.97740364074707,8991900
2014-07-08,28.839862823486328,10090500
2014-07-09,28.846750259399414,9891600
2014-07-10,29.059911727905273,12564500
2014-07-11,28.860504150390625,9773000
2014-07-14,29.14243507385254,11857700
2014-07-15,28.949888229370117,10541900
2014-07-16,28.963634490966797,10331400
2014-07-17,28.89488410949707,9983500
2014-07-18,29.17681884765625,19272400
2014-07-21,29.156187057495117,17607200
2014-07-22,28.324132919311523,24706000
2014-07-23,28.06282615661621,17531700
2014-07-24,28.172853469848633,14856000
2014-07-25,28.1934814453125,10809900
2014-07-28,27.97342872619629,11709100
2014-07-29,27.746511459350586,10863600
2014-07-30,27.244529724121094,20346200
2014-07-31,27.017614364624023,15434700
2014-08-01,27.017614364624023,13566700
2014-08-04,27.093252182006836,11012900
2014-08-05,26.941957473754883,11639200
2014-08-06,27.450824737548828,17567500
2014-08-07,27.05887222290039,14367400
2014-08-08,27.127634048461914,13667000
2014-08-11,27.210140228271484,14102600
2014-08-12,27.285789489746094,13297500
2014-08-13,27.46456527709961,9638900
2014-08-14,27.629608154296875,6902000
2014-08-15,28.110965728759766,23221600
2014-08-18,28.43416404724121,14891500
2014-08-19,28.37227439880371,10260400
2014-08-20,28.36539077758789,6782500
2014-08-21,28.47542381286621,11951000
2014-08-22,28.276004791259766,11244600
2014-08-25,28.47542381286621,10229300
2014-08-26,28.606067657470703,8416500
2014-08-27,28.606067657470703,7693100
2014-08-28,28.62670135498047,9746400
2014-08-29,28.688581466674805,7666700
2014-09-02,28.633573532104492,9798100
2014-09-03,28.729846954345703,8635400
2014-09-04,28.791736602783203,16785300
2014-09-05,28.771093368530273,12768100
2014-09-08,28.729846954345703,9097700
2014-09-09,28.839862823486328,11892500
2014-09-10,28.99802589416504,17558000
2014-09-11,29.05690574645996,19614000
2014-09-12,28.71750259399414,12966800
2014-09-15,28.745210647583008,12259600
2014-09-16,28.842172622680664,15232800
2014-09-17,28.821392059326172,16693800
2014-09-18,28.94608497619629,12586400
2014-09-19,29.126157760620117,47559700
2014-09-22,29.243921279907227,11518100
2014-09-23,29.015350341796875,10251300
2014-09-24,29.27855110168457,13540900
2014-09-25,28.939157485961914,11076300
2014-09-26,29.230066299438477,9939600
2014-09-29,29.264694213867188,12441100
2014-09-30,29.54869270324707,22613700
2014-10-01,29.604101181030273,30409700
2014-10-02,29.54869270324707,16643200
2014-10-03,29.784191131591797,14046300
2014-10-06,30.199792861938477,20328100
2014-10-07,30.421428680419922,24936600
2014-10-08,30.857807159423828,26115600
2014-10-09,30.386798858642578,25029300
2014-10-10,30.802396774291992,25920800
2014-10-13,30.525318145751953,20175200
2014-10-14,30.227497100830078,21027400
2014-10-15,29.943500518798828,22988600
2014-10-16,29.479412078857422,22519200
2014-10-17,29.701072692871094,23236000
2014-10-20,29.985061645507812,17647800
2014-10-21,28.177227020263672,55953500
2014-10-22,28.13567352294922,27728200
2014-10-23,28.301912307739258,23346800
2014-10-24,28.419662475585938,13396000
2014-10-27,28.23263931274414,17222500
2014-10-28,28.094112396240234,18658700
2014-10-29,28.371170043945312,25761800
2014-10-30,28.67593765258789,18295600
2014-10-31,29.008420944213867,18477700
2014-11-03,28.95992660522461,13230600
2014-11-04,28.966856002807617,10105300
2014-11-05,29.306270599365234,20676800
2014-11-06,29.29241180419922,11528800
2014-11-07,29.313188552856445,11803800
2014-11-10,29.36166763305664,9088900
2014-11-11,29.444787979125977,8563700
2014-11-12,29.58332061767578,12768800
2014-11-13,29.638736724853516,12007700
2014-11-14,29.5971736907959,10939500
2014-11-17,29.728778839111328,10664000
2014-11-18,30.151294708251953,26143000
2014-11-19,30.62923240661621,25402300
2014-11-20,30.650012969970703,13465400
2014-11-21,30.823177337646484,14382700
2014-11-24,30.663869857788086,12890800
2014-11-25,30.774686813354492,10741700
2014-11-26,30.889774322509766,9199200
2014-11-28,31.26639175415039,10502000
2014-12-01,31.071090698242188,10065700
2014-12-02,31.064136505126953,9878100
2014-12-03,30.54802131652832,15246500
2014-12-04,30.338781356811523,13779700
2014-12-05,30.359699249267578,12536900
2014-12-08,30.087711334228516,12802300
2014-12-09,29.320514678955078,25714600
2014-12-10,29.013643264770508,18324100
2014-12-11,28.964818954467773,16201500
2014-12-12,28.532407760620117,18432400
2014-12-15,28.29527473449707,23378500
2014-12-16,28.169734954833984,23475400
2014-12-17,28.978776931762695,20223900
2014-12-18,29.564620971679688,18030700
2014-12-19,29.257753372192383,24009500
2014-12-22,29.536731719970703,11190900
2014-12-23,29.969133377075195,13411300
2014-12-24,29.948217391967773,6405900
2014-12-26,29.96216583251953,6466900
2014-12-29,29.892425537109375,8694500
2014-12-30,29.822675704956055,9222000
2014-12-31,29.446060180664062,9369500
2015-01-02,29.390256881713867,9921100
2015-01-05,29.390256881713867,26292600
2015-01-06,29.613435745239258,16897500
2015-01-07,29.983078002929688,13412300
2015-01-08,30.345745086669922,21743600
2015-01-09,30.010995864868164,12733500
2015-01-12,29.738981246948242,11415800
2015-01-13,29.732009887695312,12529500
2015-01-14,29.68317985534668,13447600
2015-01-15,29.557641983032227,11193100
2015-01-16,29.662261962890625,15114900
2015-01-20,30.101661682128906,17047300
2015-01-21,30.241140365600586,10720600
2015-01-22,30.53407096862793,14709100
2015-01-23,30.206274032592773,12357700
2015-01-26,29.99006462097168,11151900
2015-01-27,29.564620971679688,15274000
2015-01-28,29.236818313598633,14278500
2015-01-29,29.362369537353516,13657900
2015-01-30,28.71375274658203,19193700
2015-02-02,29.00666618347168,15197500
2015-02-03,29.034564971923828,13193100
2015-02-04,29.069440841674805,16400000
2015-02-05,29.146162033081055,11078500
2015-02-06,28.90903663635254,12366400
2015-02-09,28.75558853149414,13371100
2015-02-10,29.57159996032715,32184200
2015-02-11,29.550674438476562,20496300
2015-02-12,29.411182403564453,13818200
2015-02-13,29.285646438598633,10792100
2015-02-17,29.16010284423828,12804200
2015-02-18,29.104310989379883,9789800
2015-02-19,29.369340896606445,16578300
2015-02-20,29.271690368652344,15982400
2015-02-23,29.188007354736328,11830300
2015-02-24,29.383285522460938,12782700
2015-02-25,29.327486038208008,10323300
2015-02-26,29.613435745239258,14346500
2015-02-27,30.19930076599121,28312800
2015-03-02,30.129568099975586,13514600
2015-03-03,29.955184936523438,10036300
2015-03-04,29.641342163085938,16263000
2015-03-05,29.57159996032715,9223000
2015-03-06,28.957847595214844,18180500
2015-03-09,28.867185592651367,10123300
2015-03-10,28.37896728515625,14599100
2015-03-11,27.967470169067383,18549700
2015-03-12,28.530057907104492,17728700
2015-03-13,28.065927505493164,17438400
2015-03-16,28.333160400390625,15238800
2015-03-17,28.487869262695312,21661800
2015-03-18,28.551164627075195,26247500
2015-03-19,28.143281936645508,16057600
2015-03-20,28.586332321166992,31608500
2015-03-23,28.565221786499023,17060500
2015-03-24,28.459741592407227,13485700
2015-03-25,28.445682525634766,22811300
2015-03-26,28.375356674194336,17359600
2015-03-27,28.18547821044922,14384400
2015-03-30,28.487869262695312,12561400
2015-03-31,28.515995025634766,16604800
2015-04-01,28.60740852355957,14300700
2015-04-02,28.60740852355957,14343100
2015-04-06,28.952003479003906,19843400
2015-04-07,28.8394832611084,9773400
2015-04-08,28.755094528198242,8954700
2015-04-09,28.86761474609375,12710900
2015-04-10,28.748064041137695,8720000
2015-04-13,28.621482849121094,9616300
2015-04-14,28.487869262695312,11209700
2015-04-15,28.410511016845703,11189100
2015-04-16,28.551164627075195,13121000
2015-04-17,28.340187072753906,15330300
2015-04-20,28.593360900878906,13023700
2015-04-21,28.677743911743164,19673100
2015-04-22,29.050451278686523,26887200
2015-04-23,28.797290802001953,17408800
2015-04-24,28.755094528198242,11623300
2015-04-27,28.712905883789062,10044600
2015-04-28,28.670711517333984,12174800
2015-04-29,28.473804473876953,11371400
2015-04-30,28.52303695678711,12700800
2015-05-01,28.769163131713867,10848300
2015-05-04,28.8043212890625,10204800
2015-05-05,28.656652450561523,11721300
2015-05-06,28.593360900878906,11906900
2015-05-07,28.621482849121094,13834700
2015-05-08,28.818384170532227,11144400
2015-05-11,28.790264129638672,10113500
2015-05-12,28.614458084106445,12384500
2015-05-13,28.86761474609375,13183700
2015-05-14,29.18407440185547,9961000
2015-05-15,29.198116302490234,8479000
2015-05-18,29.057479858398438,11511700
2015-05-19,29.050451278686523,9072000
2015-05-20,29.078580856323242,10965200
2015-05-21,28.99420166015625,9270900
2015-05-22,28.980127334594727,11909500
2015-05-26,28.82541847229004,15194300
2015-05-27,28.916837692260742,9863100
2015-05-28,28.930904388427734,9395200
2015-05-29,28.8043212890625,19628600
2015-06-01,28.790264129638672,12684100
2015-06-02,28.82541847229004,11878600
2015-06-03,28.741031646728516,8153800
2015-06-04,28.544124603271484,10145800
2015-06-05,28.19954490661621,15975600
2015-06-08,28.24173927307129,14339300
2015-06-09,28.269868850708008,10772700
2015-06-10,28.361289978027344,11979900
2015-06-11,28.432186126708984,11944900
2015-06-12,28.332931518554688,15568600
2015-06-15,28.070587158203125,11364800
2015-06-16,28.418006896972656,12517400
2015-06-17,28.552724838256836,13898400
2015-06-18,28.82217025756836,16314600
2015-06-19,28.644899368286133,23550600
2015-06-22,28.70162010192871,8775900
2015-06-23,28.630720138549805,11094900
2015-06-24,28.496000289916992,10385100
2015-06-25,28.375457763671875,10607600
2015-06-26,28.36128807067871,16215600
2015-06-29,27.93587303161621,15500800
2015-06-30,27.815319061279297,14621300
2015-07-01,28.00676727294922,11177400
2015-07-02,27.999691009521484,8975900
2015-07-06,27.95004653930664,10252600
2015-07-07,28.538541793823242,20335000
2015-07-08,28.26202392578125,11383700
2015-07-09,28.304567337036133,13392000
2015-07-10,28.637813568115234,13360400
2015-07-13,28.829254150390625,9854200
2015-07-14,29.19086265563965,19531000
2015-07-15,29.162492752075195,11252100
2015-07-16,29.41065216064453,10483700
2015-07-17,29.247583389282227,9608300
2015-07-20,29.33974838256836,10024200
2015-07-21,29.205036163330078,13653800
2015-07-22,28.999414443969727,15528600
2015-07-23,28.95686912536621,13522200
2015-07-24,28.67325782775879,10912500
2015-07-27,28.744159698486328,10945700
2015-07-28,28.751249313354492,11021800
2015-07-29,28.779613494873047,8479900
2015-07-30,28.75834846496582,9095500
2015-07-31,29.127038955688477,15309500
2015-08-03,29.45319366455078,14672600
2015-08-04,29.672998428344727,17559900
2015-08-05,29.86443328857422,15329200
2015-08-06,29.722610473632812,11378900
2015-08-07,29.61626625061035,10886700
2015-08-10,29.55246353149414,9501900
2015-08-11,29.41065216064453,11254900
2015-08-12,29.254667282104492,9602200
2015-08-13,29.14122200012207,10270900
2015-08-14,29.247583389282227,9904800
2015-08-17,29.3184814453125,8272800
2015-08-18,29.28301239013672,11199400
2015-08-19,28.914325714111328,15796500
2015-08-20,28.751249313354492,14218000
2015-08-21,28.02804183959961,28036200
2015-08-24,27.21265983581543,44065300
2015-08-25,26.93613052368164,31363700
2015-08-26,27.460813522338867,23523300
2015-08-27,27.843687057495117,18871600
2015-08-28,27.971328735351562,14503900
2015-08-31,27.879150390625,12673300
2015-09-01,27.474992752075195,23703200
2015-09-02,27.581350326538086,14054800
2015-09-03,27.76570701599121,13311600
2015-09-04,27.31192398071289,15450500
2015-09-08,27.581350326538086,15273900
2015-09-09,27.15593719482422,13764600
2015-09-10,27.241012573242188,14952500
2015-09-11,27.269617080688477,11802300
2015-09-14,27.2481689453125,8950000
2015-09-15,27.534242630004883,13019800
2015-09-16,27.999107360839844,22233400
2015-09-17,28.163593292236328,21232500
2015-09-18,27.877517700195312,27527300
2015-09-21,28.0277099609375,12935800
2015-09-22,27.74163246154785,15021300
2015-09-23,27.720182418823242,8910800
2015-09-24,27.999107360839844,19385700
2015-09-25,28.335237503051758,22511300
2015-09-28,28.270864486694336,19323100
2015-09-29,28.363849639892578,14166900
2015-09-30,28.69281578063965,19752600
2015-10-01,28.463966369628906,19606600
2015-10-02,28.885923385620117,15537300
2015-10-05,29.329320907592773,15664000
2015-10-06,29.29357147216797,14579400
2015-10-07,29.694053649902344,14329700
2015-10-08,30.02305030822754,11960200
2015-10-09,30.051654815673828,13931200
2015-10-12,30.03734588623047,12299100
2015-10-13,29.78704261779785,12903600
2015-10-14,29.808496475219727,14180000
2015-10-15,29.980119705200195,11801600
2015-10-16,30.051654815673828,20384200
2015-10-19,30.030195236206055,15553800
2015-10-20,30.2447566986084,16199300
2015-10-21,30.173240661621094,19254900
2015-10-22,30.924161911010742,35920200
2015-10-23,30.602340698242188,18796100
2015-10-26,30.459306716918945,14788600
2015-10-27,30.473621368408203,30166600
2015-10-28,30.559436798095703,13667300
2015-10-29,30.602340698242188,9427400
2015-10-30,30.28766632080078,15356200
2015-11-02,30.2089900970459,16252200
2015-11-03,30.151777267456055,9693100
2015-11-04,30.015905380249023,10488500
2015-11-05,30.273361206054688,9625100
2015-11-06,30.00874900817871,11926700
2015-11-09,29.708372116088867,10842700
2015-11-10,29.872852325439453,8283100
2015-11-11,30.06595802307129,9101200
2015-11-12,29.736984252929688,10725000
2015-11-13,29.59393882751465,11619500
2015-11-16,30.00874900817871,11244900
2015-11-17,29.80134391784668,12739400
2015-11-18,30.23759651184082,12966300
2015-11-19,30.83119773864746,24090700
2015-11-20,30.344879150390625,19780800
2015-11-23,30.723922729492188,13338100
2015-11-24,31.00998306274414,15767200
2015-11-25,31.00998306274414,10344900
2015-11-27,31.09646224975586,7236700
2015-11-30,30.71451759338379,16063000
2015-12-01,30.909099578857422,11153000
2015-12-02,30.822612762451172,12598500
2015-12-03,30.599205017089844,15004400
2015-12-04,31.19735336303711,16488000
2015-12-07,31.132495880126953,12030700
2015-12-08,30.995567321777344,10736200
2015-12-09,30.74334716796875,12945500
2015-12-10,30.815391540527344,15483300
2015-12-11,30.4622859954834,17313400
2015-12-14,30.591997146606445,20092900
2015-12-15,31.038814544677734,17916400
2015-12-16,31.593706130981445,21868600
2015-12-17,31.34150505065918,14697000
2015-12-18,30.62803840637207,24583700
2015-12-21,30.829822540283203,10444400
2015-12-22,31.19735336303711,12280800
2015-12-23,31.47120475769043,9092300
2015-12-24,31.377519607543945,3036600
2015-12-28,31.34150505065918,6326100
2015-12-29,31.500032424926758,7739800
2015-12-30,31.399145126342773,5112500
2015-12-31,30.959543228149414,9727900
2016-01-04,30.555973052978516,16084100
2016-01-05,30.6640682220459,15781900
2016-01-06,30.498321533203125,16245100
2016-01-07,29.99384880065918,20563600
2016-01-08,29.914575576782227,14645900
2016-01-11,29.965036392211914,15815200
2016-01-12,30.35418128967285,21814800
2016-01-13,30.159610748291016,16854300
2016-01-14,30.181224822998047,16028000
2016-01-15,29.907390594482422,21153600
2016-01-19,30.210041046142578,15462200
2016-01-20,29.820892333984375,19923500
2016-01-21,29.828105926513672,15568900
2016-01-22,30.310964584350586,15209200
2016-01-25,30.383010864257812,12505200
2016-01-26,30.32536506652832,13018500
2016-01-27,30.332571029663086,14167000
2016-01-28,30.67848014831543,16622800
2016-01-29,30.93071174621582,20457000
2016-02-01,30.988372802734375,17097800
2016-02-02,30.584793090820312,12332900
2016-02-03,30.786590576171875,15958300
2016-02-04,30.649648666381836,14413700
2016-02-05,30.584793090820312,17315700
2016-02-08,30.736141204833984,17254400
2016-02-09,31.20456314086914,24853800
2016-02-10,30.6640682220459,16729600
2016-02-11,30.56318473815918,16825300
2016-02-12,31.067646026611328,15222400
2016-02-16,31.247802734375,12675900
2016-02-17,31.34150505065918,12332500
2016-02-18,31.427967071533203,11170300
2016-02-19,31.543277740478516,12850000
2016-02-22,31.665786743164062,20716100
2016-02-23,31.48562240600586,11166400
2016-02-24,31.6441707611084,10844200
2016-02-25,31.8243350982666,10903300
2016-02-26,31.08926010131836,18421000
2016-02-29,31.082050323486328,15049800
2016-03-01,31.48562240600586,12358300
2016-03-02,31.543277740478516,12856300
2016-03-03,31.68019676208496,13134800
2016-03-04,31.788293838500977,13691500
2016-03-07,31.716236114501953,10695300
2016-03-08,31.939626693725586,18900200
2016-03-09,32.292762756347656,18466600
2016-03-10,32.595436096191406,28908600
2016-03-11,32.82783889770508,16129300
2016-03-14,32.89320373535156,13206700
2016-03-15,32.85689926147461,13686300
2016-03-16,32.718910217285156,15386100
2016-03-17,33.24182891845703,24080000
2016-03-18,33.118350982666016,23853400
2016-03-21,33.1692008972168,9740400
2016-03-22,33.04572677612305,13788300
2016-03-23,33.01668167114258,9292100
2016-03-24,33.10383224487305,10890200
2016-03-28,33.26361083984375,13306600
2016-03-29,33.757484436035156,25010400
2016-03-30,33.83012390136719,14312200
2016-03-31,33.6921272277832,15544500
2016-04-01,34.011688232421875,14922900
2016-04-04,34.05525588989258,10629800
2016-04-05,33.79379653930664,10696700
2016-04-06,33.92453384399414,9122700
2016-04-07,33.67032241821289,9292000
2016-04-08,34.04073715209961,11959300
2016-04-11,33.72842788696289,11880100
2016-04-12,33.880958557128906,11219100
2016-04-13,33.43791961669922,13234100
2016-04-14,33.285404205322266,12982200
2016-04-15,33.481502532958984,13647800
2016-04-18,33.568641662597656,11538100
2016-04-19,33.84463119506836,14418300
2016-04-20,32.225040435791016,40360300
2016-04-21,31.709381103515625,37206900
2016-04-22,32.348514556884766,25134200
2016-04-25,32.47197723388672,11173800
2016-04-26,32.34123992919922,13935500
2016-04-27,32.4501838684082,11335500
2016-04-28,32.41387939453125,10932500
2016-04-29,32.53733444213867,11716000
2016-05-02,32.66806411743164,12577500
2016-05-03,32.56639099121094,10420500
2016-05-04,32.66806411743164,9350500
2016-05-05,32.726173400878906,8801100
2016-05-06,32.91500473022461,8564000
2016-05-09,32.85689926147461,8110600
2016-05-10,33.2273063659668,8933500
2016-05-11,33.01668167114258,8833100
2016-05-12,33.285404205322266,10463400
2016-05-13,32.93679428100586,10341200
2016-05-16,33.132877349853516,9413600
2016-05-17,32.50102615356445,17457000
2016-05-18,32.304927825927734,12524300
2016-05-19,32.18871307373047,10659500
2016-05-20,31.920001983642578,12914100
2016-05-23,31.934534072875977,13554700
2016-05-24,32.225040435791016,12634200
2016-05-25,32.2322883605957,9218100
2016-05-26,32.45744323730469,8695800
2016-05-27,32.522804260253906,7893900
2016-05-31,32.39207077026367,18935200
2016-06-01,32.46470260620117,8916000
2016-06-02,32.47923278808594,6693900
2016-06-03,32.711639404296875,13434900
2016-06-06,32.95132064819336,10310600
2016-06-07,32.91500473022461,9812600
2016-06-08,33.08205032348633,7915400
2016-06-09,33.23455810546875,8042900
2016-06-10,33.401607513427734,12357000
2016-06-13,33.02104568481445,10613500
2016-06-14,32.96249771118164,11298200
2016-06-15,32.94054412841797,8360400
2016-06-16,33.16009521484375,11305400
2016-06-17,32.7795295715332,20805400
2016-06-20,32.918582916259766,10712400
2016-06-21,33.028377532958984,7919400
2016-06-22,32.83076095581055,10738900
2016-06-23,32.991764068603516,9655300
2016-06-24,32.150146484375,26003700
2016-06-27,32.04037094116211,15779500
2016-06-28,32.333106994628906,16509800
2016-06-29,32.52339172363281,12250900
2016-06-30,33.174739837646484,16056500
2016-07-01,33.02104568481445,11799700
2016-07-05,33.24791717529297,12339100
2016-07-06,33.13083267211914,10902600
2016-07-07,32.999088287353516,9741100
2016-07-08,33.21133041381836,11127100
2016-07-11,33.35037612915039,10937800
2016-07-12,33.357696533203125,9739000
2016-07-13,33.47480010986328,8028400
2016-07-14,33.43821334838867,7621200
2016-07-15,33.39427947998047,10621000
2016-07-18,33.39427947998047,7958300
2016-07-19,33.39427947998047,7761100
2016-07-20,33.30647277832031,8478200
2016-07-21,33.26256561279297,8045100
2016-07-22,33.54065704345703,8836100
2016-07-25,33.35037612915039,9134300
2016-07-26,32.845401763916016,15819900
2016-07-27,31.762264251708984,37461100
2016-07-28,31.945232391357422,13077800
2016-07-29,31.93058967590332,16530500
2016-08-01,31.798866271972656,12349700
2016-08-02,31.857397079467773,12825200
2016-08-03,31.937915802001953,12119100
2016-08-04,31.842763900756836,11244100
2016-08-05,31.820812225341797,10398200
2016-08-08,31.79154396057129,8680300
2016-08-09,31.81349754333496,7281300
2016-08-10,31.915958404541016,8412100
2016-08-11,32.01841735839844,11303300
2016-08-12,32.223331451416016,10928900
2016-08-15,32.37701416015625,10390600
2016-08-16,32.07697296142578,9706100
2016-08-17,32.24529266357422,11208500
2016-08-18,32.27455520629883,9144300
2016-08-19,32.14280700683594,9385900
2016-08-22,32.0110969543457,8687500
2016-08-23,32.091609954833984,8421100
2016-08-24,32.091609954833984,11508900
2016-08-25,31.959857940673828,9815700
2016-08-26,31.70372200012207,11824900
2016-08-29,31.864717483520508,9544600
2016-08-30,31.645170211791992,9720100
2016-08-31,31.784217834472656,10217900
2016-09-01,31.72567367553711,8457800
2016-09-02,31.952550888061523,9026000
2016-09-06,32.04767990112305,8600400
2016-09-07,31.937915802001953,8656600
2016-09-08,31.93058967590332,10020400
2016-09-09,30.935283660888672,23624200
2016-09-12,31.60857582092285,15932300
2016-09-13,31.19538688659668,12962700
2016-09-14,31.069963455200195,9823900
2016-09-15,31.25440788269043,10158500
2016-09-16,31.092100143432617,16354000
2016-09-19,31.062589645385742,7659900
2016-09-20,31.239667892456055,8407200
2016-09-21,31.379840850830078,13654700
2016-09-22,31.697113037109375,9288300
2016-09-23,31.5347900390625,8852700
2016-09-26,31.02568244934082,15036000
2016-09-27,31.424123764038086,11920400
2016-09-28,31.09947395324707,15523800
2016-09-29,31.010934829711914,12671700
2016-09-30,31.224912643432617,14375700
2016-10-03,31.010934829711914,11152800
2016-10-04,30.870744705200195,13682700
2016-10-05,30.848617553710938,9607300
2016-10-06,30.77483367919922,9722900
2016-10-07,30.78958511352539,8122800
2016-10-10,30.78958511352539,8983600
2016-10-11,30.64940071105957,12249100
2016-10-12,30.82647705078125,12216300
2016-10-13,30.81172752380371,17655600
2016-10-14,30.745317459106445,9893800
2016-10-17,30.69366455078125,10792500
2016-10-18,30.9666690826416,11297300
2016-10-19,31.02568244934082,16367400
2016-10-20,30.937158584594727,10620500
2016-10-21,31.084714889526367,14401500
2016-10-24,31.401988983154297,13439200
2016-10-25,31.38723373413086,16484700
2016-10-26,31.313440322875977,16886200
2016-10-27,31.07733917236328,14537000
2016-10-28,31.158493041992188,13398400
2016-10-31,31.283933639526367,13327500
2016-11-01,31.07733917236328,12223400
2016-11-02,31.02568244934082,12034300
2016-11-03,31.010934829711914,11258000
2016-11-04,30.76006507873535,14464200
2016-11-07,31.328195571899414,14038500
2016-11-08,31.63808250427246,12036600
2016-11-09,31.188020706176758,21351000
2016-11-10,30.206710815429688,33245500
2016-11-11,30.273107528686523,13421000
2016-11-14,30.376405715942383,19514200
2016-11-15,30.575613021850586,16554000
2016-11-16,30.442808151245117,12681400
2016-11-17,30.339508056640625,12398800
2016-11-18,30.184566497802734,16345300
2016-11-21,30.5165958404541,12307000
2016-11-22,30.52397918701172,12743500
2016-11-23,30.339508056640625,9281300
2016-11-25,30.642019271850586,7402300
2016-11-28,30.804349899291992,19424400
2016-11-29,30.61832046508789,11421900
2016-11-30,30.023080825805664,22410400
2016-12-01,29.889127731323242,20409900
2016-12-02,30.030517578125,11176300
2016-12-05,30.223970413208008,15977800
2016-12-06,30.186767578125,11303500
2016-12-07,30.722497940063477,13726500
2016-12-08,30.491832733154297,13077100
2016-12-09,31.250783920288086,28125800
2016-12-12,31.176372528076172,17561900
2016-12-13,31.072214126586914,18986000
2016-12-14,30.662973403930664,17937900
2016-12-15,30.91594886779785,14265300
2016-12-16,31.05732536315918,19675200
2016-12-19,31.005239486694336,8687300
2016-12-20,30.997798919677734,10603500
2016-12-21,30.930831909179688,9693600
2016-12-22,30.91594886779785,11894100
2016-12-23,30.95315933227539,6436600
2016-12-27,30.96060562133789,6999200
2016-12-28,30.796897888183594,8988000
2016-12-29,30.95315933227539,6875300
2016-12-30,30.848983764648438,11470200
2017-01-03,31.101966857910156,14711000
2017-01-04,30.990365982055664,9959400
2017-01-05,31.06476593017578,8968300
2017-01-06,31.05732536315918,10246600
2017-01-09,30.744815826416016,14822500
2017-01-10,30.536481857299805,19706800
2017-01-11,30.543922424316406,9266200
2017-01-12,30.469511032104492,8541200
2017-01-13,30.417438507080078,8123500
2017-01-17,30.67041778564453,12469400
2017-01-18,30.722497940063477,10390500
2017-01-19,30.61089324951172,10987100
2017-01-20,30.744815826416016,14695400
2017-01-23,30.826671600341797,11628900
2017-01-24,31.176372528076172,17040100
2017-01-25,31.34007453918457,12538200
2017-01-26,31.109411239624023,8976800
2017-01-27,30.84154510498047,12967400
2017-01-30,30.789457321166992,11626200
2017-01-31,30.930831909179688,12678000
2017-02-01,30.700170516967773,11136100
2017-02-02,30.804349899291992,9459700
2017-02-03,30.908512115478516,11882400
2017-02-06,30.923397064208984,15742800
2017-02-07,31.176372528076172,13315200
2017-02-08,31.265668869018555,14219700
2017-02-09,30.692733764648438,27240300
2017-02-10,30.1942138671875,28847300
2017-02-13,30.223970413208008,23617100
2017-02-14,30.156999588012695,32177800
2017-02-15,30.090036392211914,26600800
2017-02-16,30.65554428100586,22214800
2017-02-17,30.677852630615234,15065100
2017-02-21,30.848983764648438,17072600
2017-02-22,30.95315933227539,11186800
2017-02-23,30.997798919677734,12856800
2017-02-24,31.08708381652832,13215300
2017-02-27,31.005239486694336,12186400
2017-02-28,31.221025466918945,15946800
2017-03-01,31.369840621948242,14662000
2017-03-02,31.600479125976562,15507600
2017-03-03,31.60793113708496,11740000
2017-03-06,31.384716033935547,16307800
2017-03-07,31.243337631225586,11273700
2017-03-08,31.243337631225586,14636000
2017-03-09,31.273101806640625,14496400
2017-03-10,31.46656036376953,16369700
2017-03-13,31.549129486083984,12831500
2017-03-14,31.50409507751465,9844500
2017-03-15,31.6166934967041,22757800
2017-03-16,31.71427345275879,16004200
2017-03-17,31.549129486083984,37526500
2017-03-20,31.66172981262207,11484200
2017-03-21,31.90192222595215,17187300
2017-03-22,31.811851501464844,11605500
2017-03-23,31.654220581054688,11503300
2017-03-24,31.6166934967041,13804400
2017-03-27,31.766813278198242,12387400
2017-03-28,31.849393844604492,14123800
2017-03-29,31.841875076293945,9580100
2017-03-30,31.976985931396484,11999900
2017-03-31,31.856895446777344,11551800
2017-04-03,31.83437728881836,11240000
2017-04-04,32.03704071044922,10946200
2017-04-05,31.95447540283203,10142800
2017-04-06,32.029541015625,14597800
2017-04-07,31.984500885009766,11028800
2017-04-10,32.0445442199707,9426900
2017-04-11,32.022037506103516,8909400
2017-04-12,32.232208251953125,13417200
2017-04-13,32.11961364746094,9891900
2017-04-17,32.32978439331055,11318100
2017-04-18,32.637550354003906,13181600
2017-04-19,32.44989013671875,13893100
2017-04-20,32.344810485839844,10838300
2017-04-21,32.32978439331055,13833800
2017-04-24,32.487422943115234,16703800
2017-04-25,32.35980987548828,18745100
2017-04-26,32.457401275634766,13626600
2017-04-27,32.28474426269531,10386200
2017-04-28,32.38984680175781,10337800
2017-05-01,32.442386627197266,13208200
2017-05-02,32.56999588012695,11823900
2017-05-03,32.517452239990234,10389000
2017-05-04,32.772666931152344,10193100
2017-05-05,32.795188903808594,8133000
2017-05-08,32.94530487060547,14284300
2017-05-09,32.660064697265625,8694400
2017-05-10,32.70510482788086,7597700
2017-05-11,32.78017807006836,6860100
2017-05-12,32.720123291015625,7275800
2017-05-15,32.82521057128906,8493000
2017-05-16,32.9152946472168,10454100
2017-05-17,32.975341796875,14538800
2017-05-18,32.87775421142578,13832200
2017-05-19,32.95281219482422,11796800
2017-05-22,33.16298294067383,12857900
2017-05-23,33.32063293457031,11996100
2017-05-24,33.801029205322266,12738300
2017-05-25,34.08627700805664,16704200
2017-05-26,34.071258544921875,11341400
2017-05-30,34.10129165649414,13093500
2017-05-31,34.131317138671875,14148000
2017-06-01,34.37151336669922,11049300
2017-06-02,34.44658660888672,9923700
2017-06-05,34.52164077758789,10015200
2017-06-06,34.51414108276367,9836700
2017-06-07,34.16132736206055,12776300
2017-06-08,33.8760986328125,12879000
2017-06-09,34.01871871948242,9358800
2017-06-12,34.0262336730957,11228500
2017-06-13,34.07919692993164,10023400
2017-06-14,34.28354263305664,11497500
2017-06-15,34.24570083618164,9908700
2017-06-16,34.29110336303711,27025300
2017-06-19,34.344085693359375,7624700
2017-06-20,34.51814651489258,14920900
2017-06-21,34.22298812866211,9515800
2017-06-22,34.10947799682617,7446300
2017-06-23,34.24570083618164,9544800
2017-06-26,34.381927490234375,7747100
2017-06-27,34.09433364868164,11432200
2017-06-28,34.29867935180664,9218800
2017-06-29,33.9278450012207,9283500
2017-06-30,33.94297790527344,9352800
2017-07-03,33.87487030029297,6434500
2017-07-05,33.92027282714844,6853600
2017-07-06,33.602413177490234,13113000
2017-07-07,33.5948486328125,9566000
2017-07-10,33.58726501464844,9672000
2017-07-11,33.5494384765625,10300700
2017-07-12,33.6856575012207,7737400
2017-07-13,33.625118255615234,6371900
2017-07-14,33.81432342529297,8558700
2017-07-17,33.85215759277344,7189200
2017-07-18,33.80674362182617,9037200
2017-07-19,33.9278450012207,6986900
2017-07-20,33.92027282714844,7430300
2017-07-21,34.07919692993164,8545600
2017-07-24,33.93540573120117,9103600
2017-07-25,34.23812484741211,14096300
2017-07-26,34.616539001464844,13608900
2017-07-27,34.90412139892578,15195200
2017-07-28,34.820865631103516,11945300
2017-07-31,34.69221496582031,13622900
2017-08-01,34.58625411987305,10306800
2017-08-02,34.503013610839844,10187900
2017-08-03,34.563560485839844,14261400
2017-08-04,34.43489456176758,9523600
2017-08-07,34.540855407714844,6226300
2017-08-08,34.510581970214844,5747900
2017-08-09,34.503013610839844,9635300
2017-08-10,34.616539001464844,8901600
2017-08-11,34.503013610839844,8357600
2017-08-14,34.66194152832031,8421200
2017-08-15,34.95709991455078,9638100
2017-08-16,34.96467208862305,8087300
2017-08-17,34.707359313964844,8477000
2017-08-18,34.563560485839844,10879800
2017-08-21,34.571136474609375,9429700
2017-08-22,34.510581970214844,10536700
2017-08-23,34.46517562866211,6528400
2017-08-24,34.366790771484375,7534400
2017-08-25,34.48788070678711,8807100
2017-08-28,34.37435531616211,8024000
2017-08-29,34.397064208984375,7762200
2017-08-30,34.35165023803711,7134900
2017-08-31,34.47274398803711,14264600
2017-09-01,34.64680862426758,7391200
2017-09-05,34.75277328491211,9916700
2017-09-06,34.78303527832031,9238900
2017-09-07,35.02521896362305,9418400
2017-09-08,35.04034423828125,10534900
2017-09-11,35.20684814453125,10430300
2017-09-12,35.35820770263672,8567600
2017-09-13,35.471736907958984,10218000
2017-09-14,35.17422866821289,13768800
2017-09-15,35.22762680053711,16141400
2017-09-18,35.17422866821289,8535300
2017-09-19,35.0750617980957,7297900
2017-09-20,34.9224967956543,11026600
2017-09-21,34.63261795043945,7555300
2017-09-22,34.701263427734375,8024800
2017-09-25,34.85383605957031,9215300
2017-09-26,34.762298583984375,6480100
2017-09-27,34.05286407470703,14816200
2017-09-28,34.25883483886719,8789500
2017-09-29,34.33510208129883,10082200
2017-10-02,34.174903869628906,10707800
2017-10-03,34.472434997558594,12038100
2017-10-04,34.708892822265625,14060300
2017-10-05,34.724151611328125,10215300
2017-10-06,34.701263427734375,5437900
2017-10-09,34.64024353027344,5268300
2017-10-10,34.99113464355469,6310400
2017-10-11,35.166587829589844,6638200
2017-10-12,35.17422866821289,7710200
2017-10-13,35.22762680053711,7126000
2017-10-16,35.563270568847656,12708600
2017-10-17,35.48698806762695,7699400
2017-10-18,35.395442962646484,6272200
2017-10-19,35.5403938293457,7515500
2017-10-20,35.38019561767578,9646800
2017-10-23,35.33443069458008,7153600
2017-10-24,35.22762680053711,9539500
2017-10-25,35.12845993041992,11994200
2017-10-26,35.265769958496094,10569100
2017-10-27,35.143707275390625,9988000
2017-10-30,34.983524322509766,7201900
2017-10-31,35.0750617980957,6560500
2017-11-01,34.937747955322266,7067600
2017-11-02,34.998775482177734,8317800
2017-11-03,35.06743621826172,4730400
2017-11-06,34.68601989746094,7451300
2017-11-07,35.04454803466797,9868000
2017-11-08,35.22762680053711,7586900
2017-11-09,35.265769958496094,6532400
2017-11-10,35.50224304199219,8022900
2017-11-13,35.63955307006836,7653600
2017-11-14,36.18117141723633,17200700
2017-11-15,35.70820999145508,12419100
2017-11-16,35.509864807128906,12506400
2017-11-17,34.86909866333008,19720700
2017-11-20,34.67838668823242,19160900
2017-11-21,34.9224967956543,10280800
2017-11-22,34.968265533447266,8434400
2017-11-24,34.998775482177734,2996300
2017-11-27,35.01403045654297,5649200
2017-11-28,34.96063995361328,8432800
2017-11-29,34.708892822265625,16502100
2017-11-30,35.20111846923828,17147600
2017-12-01,35.354942321777344,12468800
2017-12-04,35.554901123046875,17523600
2017-12-05,35.577972412109375,13670800
2017-12-06,35.724098205566406,8154000
2017-12-07,35.20880889892578,9106500
2017-12-08,34.84733200073242,13238600
2017-12-11,34.86272048950195,9698700
2017-12-12,34.83195114135742,13999300
2017-12-13,35.30109405517578,12418700
2017-12-14,35.40107345581055,9029000
2017-12-15,35.52413558959961,21181600
2017-12-18,35.32416534423828,10156800
2017-12-19,35.477989196777344,8253200
2017-12-20,35.439537048339844,7311000
2017-12-21,35.070369720458984,9657100
2017-12-22,35.062686920166016,5406300
2017-12-26,35.23188018798828,6100400
2017-12-27,35.32416534423828,5660600
2017-12-28,35.16266632080078,6538900
2017-12-29,35.28571319580078,8371500
2018-01-02,35.024227142333984,10872200
2018-01-03,34.94731903076172,12635600
2018-01-04,35.439537048339844,12709400
2018-01-05,35.43183135986328,13113100
2018-01-08,35.37800598144531,7068600
2018-01-09,35.554901123046875,9962400
2018-01-10,35.43183135986328,10700700
2018-01-11,35.40876770019531,7583200
2018-01-12,35.49337387084961,14570100
2018-01-16,35.78562927246094,16459300
2018-01-17,36.00865173339844,12143100
2018-01-18,36.0548095703125,11952900
2018-01-19,36.270145416259766,16187400
2018-01-22,36.43933868408203,9577400
2018-01-23,36.49319076538086,11463700
2018-01-24,36.78544235229492,15964500
2018-01-25,36.79312515258789,11755000
2018-01-26,37.32379913330078,16671200
2018-01-29,36.68545913696289,11662600
2018-01-30,36.46240997314453,12404800
2018-01-31,36.60085678100586,10960100
2018-02-01,36.49319076538086,10279400
2018-02-02,35.939453125,12912300
2018-02-05,34.52432632446289,23261500
2018-02-06,34.35511779785156,25184300
2018-02-07,34.27051544189453,18041600
2018-02-08,33.147640228271484,23295300
2018-02-09,33.170719146728516,22853100
2018-02-12,33.8167610168457,14689000
2018-02-13,33.985958099365234,13163200
2018-02-14,33.9167366027832,13457900
2018-02-15,34.43971633911133,13467300
2018-02-16,34.59353256225586,17202300
2018-02-20,33.8321418762207,14137300
2018-02-21,33.33222198486328,12792900
2018-02-22,33.47066116333008,12377800
2018-02-23,33.870601654052734,8277200
2018-02-26,33.86289978027344,12713300
2018-02-27,33.547584533691406,12774400
2018-02-28,33.23994064331055,11929400
2018-03-01,33.401451110839844,17746800
2018-03-02,33.62448501586914,14050100
2018-03-05,33.75522994995117,11992700
2018-03-06,33.78600311279297,10010500
2018-03-07,33.701393127441406,10881700
2018-03-08,34.185916900634766,12361100
2018-03-09,34.47048568725586,9778600
2018-03-12,34.247440338134766,11857700
2018-03-13,34.27821731567383,11342100
2018-03-14,33.96785354614258,15321200
2018-03-15,33.882511138916016,12456700
2018-03-16,33.719581604003906,26603300
2018-03-19,33.56440353393555,12380300
2018-03-20,33.48681640625,13559800
2018-03-21,33.36267852783203,13054000
2018-03-22,33.17646026611328,12274100
2018-03-23,32.842838287353516,13475200
2018-03-26,33.12215805053711,11276100
2018-03-27,33.2773323059082,11627000
2018-03-28,33.610965728759766,16277400
2018-03-29,33.69629669189453,10450500
2018-04-02,33.10663604736328,14207900
2018-04-03,33.65751266479492,15484600
2018-04-04,34.32475280761719,13563300
2018-04-05,34.448909759521484,11707800
2018-04-06,34.07648468017578,11495100
2018-04-09,34.006656646728516,11913400
2018-04-10,34.130794525146484,10379500
2018-04-11,34.130794525146484,8424300
2018-04-12,34.16182327270508,8476400
2018-04-13,34.53424835205078,10774200
2018-04-16,34.66615676879883,8962100
2018-04-17,34.82132339477539,8406400
2018-04-18,34.53424835205078,7429000
2018-04-19,34.37908935546875,10370400
2018-04-20,33.93682861328125,14690700
2018-04-23,34.1230354309082,11878500
2018-04-24,33.4169807434082,18523900
2018-04-25,32.92042922973633,20774700
2018-04-26,33.168704986572266,13561000
2018-04-27,33.60319137573242,9777900
2018-04-30,33.52560806274414,16037700
2018-05-01,33.04457473754883,11514200
2018-05-02,32.633365631103516,13736400
2018-05-03,32.501461029052734,18352200
2018-05-04,32.86611557006836,10946200
2018-05-07,32.695430755615234,9336000
2018-05-08,32.43938446044922,15062200
2018-05-09,32.416107177734375,9295200
2018-05-10,32.72645950317383,7924200
2018-05-11,32.695430755615234,6331900
2018-05-14,32.61784362792969,10715500
2018-05-15,32.36955261230469,16449700
2018-05-16,32.23765182495117,11590500
2018-05-17,32.819557189941406,14857400
2018-05-18,32.72645950317383,11950200
2018-05-21,32.90491485595703,9110200
2018-05-22,32.78076934814453,8222900
2018-05-23,32.89715576171875,8971400
2018-05-24,32.835086822509766,9269600
2018-05-25,32.89715576171875,8806500
2018-05-29,33.11439514160156,14826900
2018-05-30,33.46353530883789,10114200
2018-05-31,33.36267852783203,15571300
2018-06-01,33.45578384399414,10664700
2018-06-04,33.74285125732422,11727600
2018-06-05,33.448020935058594,9975900
2018-06-06,33.719581604003906,9202900
2018-06-07,33.70406723022461,11948100
2018-06-08,34.09975814819336,12078800
2018-06-11,34.23941421508789,7526100
2018-06-12,34.4566535949707,8243300
2018-06-13,34.2782096862793,16745000
2018-06-14,34.11381149291992,12696200
2018-06-15,34.53652572631836,21562500
2018-06-18,34.0903434753418,12161900
2018-06-19,34.129478454589844,12936400
2018-06-20,33.863338470458984,10893700
2018-06-21,33.730262756347656,10465200
2018-06-22,33.855499267578125,14924400
2018-06-25,34.11381149291992,12092400
2018-06-26,33.91812515258789,13974700
2018-06-27,33.714603424072266,15332600
2018-06-28,34.0277099609375,12668900
2018-06-29,34.333011627197266,11485600
2018-07-02,34.24690246582031,9232500
2018-07-03,34.43476867675781,8214300
2018-07-05,34.959232330322266,11653000
2018-07-06,34.94357681274414,8733900
2018-07-09,34.75571060180664,7373100
2018-07-10,35.2018928527832,10606100
2018-07-11,35.06098937988281,7715600
2018-07-12,34.967063903808594,6331600
2018-07-13,35.02185821533203,5585900
2018-07-16,35.0140266418457,5831400
2018-07-17,35.421085357666016,11592200
2018-07-18,35.319313049316406,7351600
2018-07-19,35.31148910522461,10097500
2018-07-20,35.44455337524414,8588400
2018-07-23,35.18624496459961,9055700
2018-07-24,35.428897857666016,13786100
2018-07-25,36.078617095947266,21330600
2018-07-26,36.19602966308594,12673100
2018-07-27,36.172550201416016,10516900
2018-07-30,36.188201904296875,8967900
2018-07-31,36.50132369995117,12438800
2018-08-01,36.31345748901367,9904100
2018-08-02,36.1490592956543,12009700
2018-08-03,36.493492126464844,11462800
2018-08-06,36.51698303222656,10056100
2018-08-07,36.399574279785156,8632900
2018-08-08,36.125587463378906,6810000
2018-08-09,36.28213882446289,8924100
2018-08-10,36.07079315185547,7535400
2018-08-13,35.875099182128906,8143400
2018-08-14,35.922061920166016,6846100
2018-08-15,36.07079315185547,9686400
2018-08-16,36.18037033081055,10600700
2018-08-17,36.47783660888672,8885700
2018-08-20,36.57959747314453,6392000
2018-08-21,36.18037033081055,13986300
2018-08-22,35.953369140625,7159100
2018-08-23,35.77333068847656,13144900
2018-08-24,35.718528747558594,10952900
2018-08-27,35.7655029296875,9581200
2018-08-28,35.515010833740234,8476800
2018-08-29,35.483707427978516,12410900
2018-08-30,35.18624496459961,9716500
2018-08-31,34.8887825012207,19834100
2018-09-04,35.03750228881836,11138500
2018-09-05,35.522850036621094,10554900
2018-09-06,35.82813262939453,11439400
2018-09-07,35.78898620605469,10208100
2018-09-10,36.055137634277344,8568900
2018-09-11,36.02381896972656,9278300
2018-09-12,36.19602966308594,13216400
2018-09-13,36.18025207519531,8294800
2018-09-14,36.306549072265625,7612900
2018-09-17,36.567073822021484,8527300
2018-09-18,36.259185791015625,9847400
2018-09-19,36.28287887573242,7119000
2018-09-20,36.8196907043457,9736700
2018-09-21,36.772335052490234,19240300
2018-09-24,36.36971664428711,10778900
2018-09-25,36.06182861328125,7919100
2018-09-26,36.19603729248047,10162600
2018-09-27,36.32233810424805,10826900
2018-09-28,36.464447021484375,9071900
2018-10-01,36.49601745605469,9364700
2018-10-02,36.71706008911133,7462700
2018-10-03,36.211822509765625,10542300
2018-10-04,36.19603729248047,9582300
2018-10-05,36.219722747802734,8734100
2018-10-08,36.69338607788086,9808100
2018-10-09,36.622337341308594,10824500
2018-10-10,36.06182861328125,13917000
2018-10-11,35.240806579589844,17677900
2018-10-12,35.27238082885742,12420100
2018-10-15,35.45396041870117,11608500
2018-10-16,35.91183853149414,10442500
2018-10-17,36.20393371582031,11055800
2018-10-18,36.00656509399414,12716900
2018-10-19,36.57496643066406,13989200
2018-10-22,36.290775299072266,14283600
2018-10-23,36.5986442565918,17483900
2018-10-24,36.890743255615234,21626000
2018-10-25,36.71706008911133,14220200
2018-10-26,36.25130081176758,21458000
2018-10-29,36.677589416503906,20932200
2018-10-30,37.601253509521484,20895400
2018-10-31,37.798606872558594,25309400
2018-11-01,37.68808364868164,16494500
2018-11-02,37.893348693847656,17584900
2018-11-05,38.43806076049805,16543500
2018-11-06,38.769622802734375,14373400
2018-11-07,38.97488784790039,12239700
2018-11-08,38.94330596923828,9762800
2018-11-09,39.21961212158203,12398100
2018-11-12,39.369598388671875,13918300
2018-11-13,39.3617057800293,13872900
2018-11-14,39.28276062011719,12106800
2018-11-15,39.266963958740234,12080100
2018-11-16,39.6064338684082,13405800
2018-11-19,39.87484359741211,13575800
2018-11-20,38.98277282714844,16255300
2018-11-21,38.46963882446289,13559200
2018-11-23,38.698570251464844,4792500
2018-11-26,38.58014678955078,9341900
2018-11-27,38.97488784790039,9180700
2018-11-28,39.243289947509766,11368700
2018-11-29,38.972755432128906,11564300
2018-11-30,40.102630615234375,25538200
2018-12-03,39.537696838378906,14877200
2018-12-04,39.450172424316406,19059900
2018-12-06,39.29103088378906,17674900
2018-12-07,39.060279846191406,15565700
2018-12-10,39.17963790893555,12331100
2018-12-11,39.41834259033203,18083600
2018-12-12,39.16371536254883,12316900
2018-12-13,39.362640380859375,13766200
2018-12-14,39.25920104980469,13835900
2018-12-17,38.45555877685547,18482700
2018-12-18,38.447608947753906,14765700
2018-12-19,38.11342239379883,17903800
2018-12-20,37.82696533203125,21130000
2018-12-21,37.85083770751953,32477700
2018-12-24,36.56977462768555,10733700
2018-12-26,37.34955978393555,14342600
2018-12-27,37.81901168823242,16966500
2018-12-28,37.556434631347656,13218200
2018-12-31,37.67578887939453,10576300
2019-01-02,37.34160232543945,11603700
2019-01-03,37.11085510253906,14714400
2019-01-04,37.85083770751953,13013700
2019-01-07,37.35750961303711,13135500
2019-01-08,37.77923583984375,15420700
2019-01-09,37.05514907836914,18032500
2019-01-10,37.4529914855957,15976600
2019-01-11,37.6678352355957,11088600
2019-01-14,37.516658782958984,11514300
2019-01-15,37.85083770751953,11342900
2019-01-16,37.33363723754883,16907800
2019-01-17,37.44504165649414,12044600
2019-01-18,37.882667541503906,12760700
2019-01-22,37.970191955566406,11700400
2019-01-23,38.407814025878906,12058300
2019-01-24,37.946311950683594,10272000
2019-01-25,37.69169616699219,12066500
2019-01-28,37.532569885253906,9966900
2019-01-29,37.715576171875,11998600
2019-01-30,38.08158493041992,12952500
2019-01-31,38.29642868041992,32181500
2019-02-01,38.74996566772461,19130100
2019-02-04,39.187591552734375,15105700
2019-02-05,39.1955451965332,12651900
2019-02-06,39.1955451965332,8689100
2019-02-07,39.32285690307617,10047800
2019-02-08,39.386512756347656,9813300
2019-02-11,39.47404861450195,9369300
2019-02-12,39.51382827758789,10983300
2019-02-13,39.617252349853516,12748800
2019-02-14,36.27537155151367,58905400
2019-02-15,35.99687957763672,35701600
2019-02-19,35.670654296875,25511300
2019-02-20,35.885498046875,27464000
2019-02-21,36.49021911621094,23121200
2019-02-22,36.02871322631836,24728400
2019-02-25,35.75817108154297,23774400
2019-02-26,35.55925750732422,20463200
2019-02-27,35.75817108154297,17827500
2019-02-28,36.076454162597656,22533900
2019-03-01,36.10829162597656,16291600
2019-03-04,36.323123931884766,15973800
2019-03-05,36.28334426879883,13062300
2019-03-06,36.16398620605469,14232100
2019-03-07,36.02871322631836,12084000
2019-03-08,35.678619384765625,15579100
2019-03-11,36.74482345581055,22126900
2019-03-12,36.641387939453125,19348500
2019-03-13,36.77666091918945,16222500
2019-03-14,36.68034362792969,18504100
2019-03-15,36.359291076660156,47254500
2019-03-18,36.44758224487305,24006400
2019-03-19,36.567970275878906,14987000
2019-03-20,36.543888092041016,13376100
2019-03-21,36.5278434753418,20043000
2019-03-22,36.86494064331055,19055900
2019-03-25,36.94521713256836,11668200
2019-03-26,37.43482208251953,11434900
2019-03-27,37.41074752807617,11543600
2019-03-28,37.38666915893555,11121100
2019-03-29,37.611392974853516,16045600
2019-04-01,37.4990348815918,11522700
2019-04-02,37.37863540649414,8495000
2019-04-03,37.06559753417969,12854500
2019-04-04,37.306400299072266,7814900
2019-04-05,37.29836654663086,7677600
2019-04-08,37.36259078979492,9421300
2019-04-09,37.45890426635742,8641800
2019-04-10,37.43482208251953,8059900
2019-04-11,37.491004943847656,7352400
2019-04-12,37.51508712768555,10690000
2019-04-15,37.7237663269043,10261300
2019-04-16,37.68363571166992,10804600
2019-04-17,37.948516845703125,11849300
2019-04-18,38.10904312133789,12167000
2019-04-22,38.044822692871094,9834700
2019-04-23,38.69496154785156,25327800
2019-04-24,38.510353088378906,15997300
2019-04-25,38.39798355102539,11444400
2019-04-26,38.73508071899414,10154300
2019-04-29,38.86350631713867,9731500
2019-04-30,39.377197265625,17912900
2019-05-01,38.99995422363281,10551200
2019-05-02,38.839420318603516,8724600
2019-05-03,39.104305267333984,7076900
2019-05-06,38.90363693237305,8657800
2019-05-07,38.52641296386719,12487500
2019-05-08,38.406002044677734,9281400
2019-05-09,38.044822692871094,11450500
2019-05-10,38.67890167236328,9653800
2019-05-13,38.5665283203125,11911500
2019-05-14,39.08021545410156,16844200
2019-05-15,39.473514556884766,11422500
2019-05-16,39.79456329345703,17771300
2019-05-17,39.48955154418945,11257000
2019-05-20,39.20863723754883,13850500
2019-05-21,39.00797653198242,10587400
2019-05-22,39.85074234008789,16050400
2019-05-23,40.01127243041992,12199400
2019-05-24,39.81864929199219,6887600
2019-05-28,39.4093017578125,18614000
2019-05-29,39.0160026550293,12534600
2019-05-30,39.529693603515625,9087200
2019-05-31,39.43338394165039,11368600
2019-06-03,40.11561965942383,14167200
2019-06-04,40.13166809082031,12010600
2019-06-05,40.75772476196289,15837600
2019-06-06,41.25536346435547,15190400
2019-06-07,41.32759475708008,15293600
2019-06-10,41.23930740356445,9737400
2019-06-11,41.19915771484375,9915600
2019-06-12,41.44797897338867,11088100
2019-06-13,41.3590087890625,10353600
2019-06-14,41.504615783691406,8694300
2019-06-17,41.1486930847168,12322400
2019-06-18,40.962646484375,9221100
2019-06-19,41.35091018676758,9414100
2019-06-20,41.787723541259766,10656600
2019-06-21,41.6987419128418,21264400
2019-06-24,41.998043060302734,10780000
2019-06-25,41.86860275268555,11519900
2019-06-26,41.35091018676758,12405100
2019-06-27,41.318565368652344,12374900
2019-06-28,41.18914031982422,16339900
2019-07-01,41.73918914794922,14976400
2019-07-02,42.046573638916016,8569200
2019-07-03,42.14363479614258,7253700
2019-07-05,42.151729583740234,8916300
2019-07-08,42.062744140625,9495100
2019-07-09,41.73110580444336,10584900
2019-07-10,41.91715621948242,7620900
2019-07-11,42.09510803222656,10376500
2019-07-12,42.15981674194336,7347400
2019-07-15,42.16791534423828,5876100
2019-07-16,42.175994873046875,7132500
2019-07-17,42.20835494995117,8264200
2019-07-18,42.08702087402344,11911800
2019-07-19,41.56931686401367,10355500
2019-07-22,41.43181228637695,12090700
2019-07-23,43.94748306274414,33417900
2019-07-24,43.50258255004883,15633400
2019-07-25,42.92827606201172,19135000
2019-07-26,43.81805419921875,11451900
2019-07-29,43.672454833984375,12283900
2019-07-30,43.45405197143555,8127100
2019-07-31,42.57236099243164,16865500
2019-08-01,42.08702087402344,19527200
2019-08-02,42.32968521118164,13102300
2019-08-05,41.779640197753906,19986500
2019-08-06,42.281150817871094,19903100
2019-08-07,43.01724624633789,17937000
2019-08-08,43.42979049682617,10799000
2019-08-09,43.21138000488281,9260900
2019-08-12,43.033424377441406,6588600
2019-08-13,43.27608871459961,8581200
2019-08-14,42.86355972290039,17088900
2019-08-15,43.57539367675781,12393200
2019-08-16,44.0121955871582,14288700
2019-08-19,44.238685607910156,10936200
2019-08-20,43.58347702026367,8176700
2019-08-21,43.761436462402344,10886500
2019-08-22,44.07691192626953,7467900
2019-08-23,43.470237731933594,14160400
2019-08-26,44.11735534667969,9226900
2019-08-27,44.26295471191406,13537000
2019-08-28,44.57843017578125,10046400
2019-08-29,44.52988815307617,9262800
2019-08-30,44.521793365478516,8746700
2019-09-03,44.73211669921875,12991400
2019-09-04,45.11229705810547,10718100
2019-09-05,44.586509704589844,13677000
2019-09-06,44.675498962402344,9093500
2019-09-09,44.10117721557617,10814900
2019-09-10,44.00410842895508,12038200
2019-09-11,44.30340576171875,9740400
2019-09-12,44.57843017578125,12357900
2019-09-13,44.21175765991211,11486100
2019-09-16,43.967308044433594,11172000
2019-09-17,44.19546127319336,11347400
2019-09-18,44.187320709228516,9700400
2019-09-19,44.42361068725586,7560300
2019-09-20,43.92657470703125,19211500
2019-09-23,44.113990783691406,6485300
2019-09-24,44.24435806274414,10093000
2019-09-25,44.13842010498047,10248400
2019-09-26,44.317684173583984,10031200
2019-09-27,44.252498626708984,7939900
2019-09-30,44.35841369628906,9808700
2019-10-01,44.529537200927734,14261500
2019-10-02,43.250282287597656,14343600
2019-10-03,43.869537353515625,13817500
2019-10-04,44.439910888671875,9295400
2019-10-07,43.893978118896484,5964900
2019-10-08,43.65769577026367,13301900
2019-10-09,43.861392974853516,7135000
2019-10-10,43.72287368774414,8942900
2019-10-11,43.42953109741211,8981700
2019-10-14,43.42953109741211,7306300
2019-10-15,43.60064697265625,9564300
2019-10-16,43.58436584472656,10454800
2019-10-17,43.82880783081055,13190300
2019-10-18,44.63546371459961,18122400
2019-10-21,44.187320709228516,12778900
2019-10-22,43.877689361572266,9533400
2019-10-23,44.521392822265625,8556600
2019-10-24,44.4969482421875,11051400
2019-10-25,43.79621124267578,9782400
2019-10-28,43.6495475769043,8866100
2019-10-29,43.519168853759766,7999700
2019-10-30,43.951019287109375,8620900
2019-10-31,44.350284576416016,13982000
2019-11-01,43.918426513671875,9889500
2019-11-04,43.299171447753906,17515100
2019-11-05,42.71250915527344,19284000
2019-11-06,43.02212905883789,13288900
2019-11-07,42.6065788269043,11725500
2019-11-08,42.54139709472656,7141800
2019-11-11,42.23991012573242,8198300
2019-11-12,42.13399124145508,12656900
2019-11-13,42.7043571472168,12257900
2019-11-14,42.88362503051758,8660300
2019-11-15,42.91620635986328,8982400
2019-11-18,43.20954513549805,13782000
2019-11-19,43.250282287597656,12679500
2019-11-20,43.364349365234375,11970300
2019-11-21,43.15250015258789,7856100
2019-11-22,43.20954513549805,9113300
2019-11-25,43.364349365234375,10963500
2019-11-26,43.918426513671875,13219800
2019-11-27,43.95916748046875,9595200
2019-11-29,43.83602523803711,7222300
2019-12-02,44.12335205078125,13173800
2019-12-03,44.164398193359375,14498300
2019-12-04,44.5666389465332,13624000
2019-12-05,44.48454284667969,14068100
2019-12-06,44.673343658447266,7843500
2019-12-09,44.38603591918945,13887200
2019-12-10,44.1397705078125,8993900
2019-12-11,44.28753662109375,8879100
2019-12-12,44.4434928894043,11233300
2019-12-13,44.673343658447266,13072200
2019-12-16,44.673343658447266,9538100
2019-12-17,44.673343658447266,9230000
2019-12-18,44.25468826293945,15132100
2019-12-19,44.59126281738281,13385900
2019-12-20,45.124839782714844,23832800
2019-12-23,45.07559585571289,9300800
2019-12-24,44.91141128540039,3359300
2019-12-26,45.16590118408203,6228500
2019-12-27,45.4367790222168,6895500
2019-12-30,45.37111282348633,6431700
2019-12-31,45.4367790222168,7982600
2020-01-02,45.141258239746094,11867700
2020-01-03,44.89500045776367,11354500
2020-01-06,44.878578186035156,14698300
2020-01-07,44.53379440307617,9973900
2020-01-08,44.615882873535156,10676000
2020-01-09,45.42857360839844,15398000
2020-01-10,45.58454132080078,13040100
2020-01-13,46.07709884643555,14302900
2020-01-14,45.970375061035156,16345300
2020-01-15,46.54500198364258,17735400
2020-01-16,46.643516540527344,10234100
2020-01-17,46.74201583862305,14264300
2020-01-21,46.93083190917969,11968900
2020-01-22,47.292030334472656,12869600
2020-01-23,47.47262191772461,12858900
2020-01-24,47.3494873046875,8594300
2020-01-27,47.185306549072266,14359900
2020-01-28,46.79947280883789,15240200
2020-01-29,46.79947280883789,13163600
2020-01-30,48.318153381347656,20225600
2020-01-31,47.94054412841797,17685200
2020-02-03,48.088294982910156,12333600
2020-02-04,48.301727294921875,15417900
2020-02-05,48.30992889404297,11414900
2020-02-06,48.42486572265625,9347000
2020-02-07,48.589046478271484,8757800
2020-02-10,49.048744201660156,7984900
2020-02-11,48.91740417480469,7431200
2020-02-12,48.76963424682617,9179100
2020-02-13,48.933815002441406,8173200
2020-02-14,49.212928771972656,9965500
2020-02-18,48.86813735961914,10075700
2020-02-19,49.06516647338867,6265700
2020-02-20,49.02412033081055,7597200
2020-02-21,49.36068344116211,10842400
2020-02-24,48.14575958251953,14415500
2020-02-25,47.464412689208984,15915100
2020-02-26,47.2838134765625,15837800
2020-02-27,45.092010498046875,23754000
2020-02-28,43.90991973876953,40890600
2020-03-02,45.90470504760742,25698600
2020-03-03,46.01962661743164,27099200
2020-03-04,48.36739730834961,20526100
2020-03-05,46.57783889770508,17948500
2020-03-06,45.36289596557617,22353900
2020-03-09,42.57185745239258,27898300
2020-03-10,44.04947280883789,27457400
2020-03-11,42.859161376953125,22653900
2020-03-12,38.71361541748047,31913100
2020-03-13,40.13794708251953,33697200
2020-03-16,37.4797477722168,28682300
2020-03-17,39.069705963134766,32106700
2020-03-18,37.140235900878906,35408300
2020-03-19,34.63938522338867,41956900
2020-03-20,31.716176986694336,51513500
2020-03-23,31.103391647338867,44978500
2020-03-24,32.66849899291992,49096200
2020-03-25,34.457191467285156,42511700
2020-03-26,36.67649841308594,37821700
2020-03-27,35.450904846191406,23297900
2020-03-30,37.26444625854492,23446000
2020-03-31,36.643375396728516,25373900
2020-04-01,34.879520416259766,21936400
2020-04-02,36.394935607910156,17621900
2020-04-03,36.29557418823242,14207100
2020-04-06,38.647377014160156,22850000
2020-04-07,38.51487350463867,21279600
2020-04-08,39.59968566894531,18937100
2020-04-09,40.576847076416016,19165300
2020-04-13,38.86268997192383,19586000
2020-04-14,40.510589599609375,21801900
2020-04-15,39.42578887939453,12893200
2020-04-16,39.00345230102539,17606800
2020-04-17,39.798431396484375,19844600
2020-04-20,38.53143310546875,18957900
2020-04-21,37.579132080078125,26863700
2020-04-22,37.82755661010742,15811600
2020-04-23,37.32241439819336,17668200
2020-04-24,37.62053680419922,15175000
2020-04-27,38.738468170166016,19175500
2020-04-28,38.70532989501953,17246700
2020-04-29,39.02001953125,15780000
2020-04-30,38.00145721435547,20801100
2020-05-01,37.76131057739258,14290400
2020-05-04,37.380374908447266,22544200
2020-05-05,37.59569549560547,13370500
2020-05-06,37.05742645263672,11892900
2020-05-07,36.933204650878906,16466000
2020-05-08,38.18364334106445,13985100
2020-05-11,37.71162033081055,10874600
2020-05-12,37.115386962890625,13424400
2020-05-13,36.38666534423828,15854800
2020-05-14,36.187904357910156,18000800
2020-05-15,35.82354736328125,31579400
2020-05-18,37.2396125793457,26118500
2020-05-19,36.88351821899414,17839900
2020-05-20,38.00145721435547,22295900
2020-05-21,37.40522003173828,13193500
2020-05-22,37.28929138183594,13008400
2020-05-26,38.167083740234375,22223100
2020-05-27,38.697059631347656,18447600
2020-05-28,38.995182037353516,16230600
2020-05-29,38.6556510925293,51125000
2020-06-01,38.912357330322266,17010700
2020-06-02,38.83784103393555,15255100
2020-06-03,39.66594314575195,15508300
2020-06-04,39.68250274658203,13604700
2020-06-05,40.651371002197266,20504800
2020-06-08,41.28072738647461,19896700
2020-06-09,40.576847076416016,16713700
2020-06-10,40.26216506958008,15716600
2020-06-11,37.71162033081055,26070400
2020-06-12,38.104366302490234,21822700
2020-06-15,38.689292907714844,15622300
2020-06-16,39.08203887939453,18803500
2020-06-17,38.92327880859375,12602800
2020-06-18,39.265872955322266,9380800
2020-06-19,38.45532989501953,30464600
2020-06-22,38.221351623535156,20876200
2020-06-23,38.137786865234375,14675300
2020-06-24,37.31052780151367,17631800
2020-06-25,37.54450988769531,13829700
2020-06-26,36.40803527832031,21955100
2020-06-29,37.06818389892578,17603900
2020-06-30,37.33559036254883,23679800
2020-07-01,37.45257568359375,14316500
2020-07-02,37.50271224975586,15111900
2020-07-06,37.79518127441406,15146000
2020-07-07,37.778472900390625,13043600
2020-07-08,37.66148376464844,13851200
2020-07-09,36.692169189453125,16087100
2020-07-10,37.72834396362305,15627800
2020-07-13,37.811912536621094,16705300
2020-07-14,38.329978942871094,17080100
2020-07-15,38.77287673950195,23738000
2020-07-16,38.563961029052734,13306100
2020-07-17,39.12381362915039,13899800
2020-07-20,38.53889083862305,16633200
2020-07-21,39.44135284423828,25681500
2020-07-22,40.51095199584961,29831200
2020-07-23,40.34383773803711,15935000
2020-07-24,40.519309997558594,16196800
2020-07-27,40.51095199584961,17346500
2020-07-28,40.26027297973633,13872700
2020-07-29,40.12657165527344,13758100
2020-07-30,39.850807189941406,17276500
2020-07-31,39.474788665771484,14849200
2020-08-03,38.689292907714844,14137500
2020-08-04,39.01519012451172,11717200
2020-08-05,39.45807647705078,10498700
2020-08-06,39.67532730102539,10745000
2020-08-07,39.94273376464844,11669700
2020-08-10,39.87588119506836,11888000
2020-08-11,40.05135726928711,16531600
2020-08-12,40.469173431396484,9562200
2020-08-13,40.427398681640625,9882900
2020-08-14,40.48588562011719,10075800
2020-08-17,40.28532791137695,9102400
2020-08-18,40.460819244384766,9829000
2020-08-19,39.58340835571289,17371000
2020-08-20,39.56669998168945,11308700
2020-08-21,39.50821304321289,14734100
2020-08-24,40.08478927612305,9257700
2020-08-25,40.03465270996094,7827800
2020-08-26,40.24355697631836,10124200
2020-08-27,40.30205154418945,10931600
2020-08-28,41.6390495300293,16420300
2020-08-31,41.38836669921875,18510800
2020-09-01,41.04574203491211,12588400
2020-09-02,42.77549743652344,26332600
2020-09-03,42.18220138549805,22289400
2020-09-04,42.65016174316406,21019500
2020-09-08,41.62234115600586,17776700
2020-09-09,41.93986892700195,15252300
2020-09-10,41.781105041503906,15439500
2020-09-11,42.66686248779297,18272300
2020-09-14,42.7174072265625,10911700
2020-09-15,43.003807067871094,12838400
2020-09-16,42.7848014831543,15353900
2020-09-17,42.582618713378906,13287100
2020-09-18,42.498374938964844,23816600
2020-09-21,41.35273742675781,17514800
2020-09-22,41.83289337158203,13034600
2020-09-23,40.61143493652344,17121200
2020-09-24,41.02420425415039,16788100
2020-09-25,41.041053771972656,12603400
2020-09-28,41.51279067993164,11215700
2020-09-29,41.20953369140625,12426600
2020-09-30,41.588600158691406,15755900
2020-10-01,41.42854309082031,17577300
2020-10-02,41.5801887512207,13610100
2020-10-05,41.597042083740234,10628700
2020-10-06,41.226383209228516,10077400
2020-10-07,41.7486686706543,10135600
2020-10-08,42.50680160522461,12143900
2020-10-09,42.8016471862793,11407800
2020-10-12,43.03750991821289,11386500
2020-10-13,42.304630279541016,14365300
2020-10-14,42.22038650512695,10582100
2020-10-15,42.11088562011719,9961700
2020-10-16,42.14458084106445,13569800
2020-10-19,41.79920196533203,9930400
2020-10-20,42.32991027832031,10970700
2020-10-21,42.11088562011719,12517400
2020-10-22,42.69213104248047,20189200
2020-10-23,42.55734634399414,13491300
2020-10-26,41.950836181640625,14696400
2020-10-27,42.035072326660156,13892100
2020-10-28,40.400840759277344,19886200
2020-10-29,40.45138931274414,15369900
2020-10-30,40.48508071899414,15804000
2020-11-02,40.95682144165039,15156100
2020-11-03,41.5717658996582,15285100
2020-11-04,41.42011642456055,12930800
2020-11-05,41.64757537841797,12452400
2020-11-06,41.65599060058594,9294900
2020-11-09,44.284244537353516,33442000
2020-11-10,45.472007751464844,29706700
2020-11-11,45.13505172729492,17399900
2020-11-12,44.65488815307617,15024400
2020-11-13,45.02553939819336,12447900
2020-11-16,45.362491607666016,14908200
2020-11-17,45.21928787231445,14248400
2020-11-18,44.317935943603516,15278200
2020-11-19,44.755977630615234,17189500
2020-11-20,44.36848068237305,15645600
2020-11-23,44.376895904541016,13191900
2020-11-24,44.831790924072266,13827600
2020-11-25,44.587501525878906,10194800
2020-11-27,44.39375305175781,8499300
2020-11-30,43.807952880859375,43203600
2020-12-01,44.18151092529297,18968800
2020-12-02,44.240936279296875,14913100
2020-12-03,44.809757232666016,17318900
2020-12-04,45.71817398071289,18122400
2020-12-07,44.9880485534668,16210900
2020-12-08,45.149349212646484,12485800
2020-12-09,45.276710510253906,11508400
2020-12-10,45.03898239135742,12097300
2020-12-11,45.29368591308594,10638100
2020-12-14,45.22576904296875,22292000
2020-12-15,45.70968246459961,16193700
2020-12-16,45.0474739074707,15679600
2020-12-17,45.22576904296875,12677300
2020-12-18,45.62479019165039,35480100
2020-12-21,44.835235595703125,14926600
2020-12-22,44.79278564453125,9689500
2020-12-23,45.064453125,7040300
2020-12-24,45.37009811401367,3265500
2020-12-28,45.98136520385742,9020500
2020-12-29,45.95589828491211,8320600
2020-12-30,46.21908187866211,8142700
2020-12-31,46.55868911743164,8495000
2021-01-04,44.79278564453125,25611100
2021-01-05,44.30036926269531,20323800
2021-01-06,42.89103698730469,38724500
2021-01-07,42.41560363769531,53225700
2021-01-08,43.36647415161133,29674000
2021-01-11,42.61936569213867,19304400
2021-01-12,42.54294967651367,18538700
2021-01-13,42.585411071777344,18864100
2021-01-14,41.79584503173828,34303600
2021-01-15,41.34587478637695,24366800
2021-01-19,41.1845588684082,29114500
2021-01-20,41.32889175415039,23115800
2021-01-21,41.55812072753906,19702500
2021-01-22,41.167579650878906,15400300
2021-01-25,41.41379165649414,16604200
2021-01-26,41.84677505493164,12922600
2021-01-27,41.201541900634766,21242400
2021-01-28,41.72792434692383,17498900
2021-01-29,40.878936767578125,18670300
2021-02-01,41.159095764160156,12183600
2021-02-02,41.56661605834961,13319800
2021-02-03,41.40530776977539,12274100
2021-02-04,41.60905838012695,20597400
2021-02-05,42.15242004394531,12742000
2021-02-08,42.38164520263672,17833200
2021-02-09,42.194862365722656,14592900
2021-02-10,42.10996627807617,22965400
2021-02-11,42.704261779785156,21928600
2021-02-12,43.035362243652344,13137100
2021-02-16,42.67879104614258,15093400
2021-02-17,42.55992889404297,12794300
2021-02-18,43.103294372558594,12747100
2021-02-19,42.54294967651367,15968800
2021-02-22,42.984432220458984,14370900
2021-02-23,42.90801239013672,16222300
2021-02-24,43.05234909057617,14442000
2021-02-25,42.593894958496094,14211100
2021-02-26,41.59208297729492,23638400
2021-03-01,42.36466598510742,13901200
2021-03-02,42.53446960449219,11755100
2021-03-03,42.432586669921875,15410700
2021-03-04,42.398624420166016,22036400
2021-03-05,43.120269775390625,21310800
2021-03-08,43.8419075012207,25084900
2021-03-09,43.179691314697266,23082700
2021-03-10,43.672115325927734,21331600
2021-03-11,43.196678161621094,17417700
2021-03-12,43.1110725402832,17598600
2021-03-15,43.684635162353516,13411900
2021-03-16,43.84728240966797,14214200
2021-03-17,43.86439895629883,17502700
2021-03-18,43.290836334228516,18007300
2021-03-19,43.49629592895508,67845700
2021-03-22,43.65895080566406,17911400
2021-03-23,43.992801666259766,16936700
2021-03-24,44.10409164428711,14997400
2021-03-25,44.53213119506836,17091900
2021-03-26,45.405311584472656,17126700
2021-03-29,46.09870529174805,17514100
2021-03-30,45.49947738647461,14871800
2021-03-31,45.122806549072266,15826500
2021-04-01,44.95159912109375,15834700
2021-04-05,45.20841979980469,16368700
2021-04-06,45.533714294433594,15614300
2021-04-07,45.61075210571289,10062700
2021-04-08,45.47378921508789,9695600
2021-04-09,45.525146484375,10828200
2021-04-12,45.67068099975586,8565300
2021-04-13,45.44810104370117,11071700
2021-04-14,45.439552307128906,9787600
2021-04-15,45.653568267822266,13078100
2021-04-16,45.95318603515625,17974100
2021-04-19,46.22712707519531,19352900
2021-04-20,46.372642517089844,14419200
2021-04-21,46.74932098388672,13866500
2021-04-22,46.60377883911133,12558900
2021-04-23,46.62946319580078,9020500
2021-04-26,45.93606185913086,11684600
2021-04-27,45.867576599121094,9852400
2021-04-28,45.876136779785156,10868100
2021-04-29,46.44969940185547,15391000
2021-04-30,46.21000671386719,14912600
2021-05-03,46.63802719116211,10417900
2021-05-04,46.34696960449219,14151000
2021-05-05,46.22712707519531,9665900
2021-05-06,46.68940353393555,11572700
2021-05-07,46.66371154785156,10637500
2021-05-10,47.00613021850586,15545800
2021-05-11,46.501060485839844,12986700
2021-05-12,46.2613639831543,15836500
2021-05-13,46.66371154785156,15475800
2021-05-14,46.85204315185547,11725300
2021-05-17,46.774993896484375,12119800
2021-05-18,46.5181770324707,13232500
2021-05-19,46.372642517089844,15126100
2021-05-20,46.78356170654297,10948400
2021-05-21,46.757877349853516,16033200
2021-05-24,46.911964416503906,10326100
2021-05-25,46.903404235839844,11916500
2021-05-26,47.10885238647461,16064300
2021-05-27,47.50265121459961,59109600
2021-05-28,47.33143615722656,17011600
2021-06-01,47.32286834716797,13304000
2021-06-02,47.51121520996094,11328500
2021-06-03,47.63105392456055,17364300
2021-06-04,48.14469909667969,18935100
2021-06-07,47.973472595214844,14010800
2021-06-08,47.639610290527344,10968300
2021-06-09,47.49408721923828,9838800
2021-06-10,47.862186431884766,12444400
2021-06-11,48.076194763183594,11825800
2021-06-14,47.912330627441406,9710800
2021-06-15,47.79157638549805,11154200
2021-06-16,47.153324127197266,15211700
2021-06-17,47.39482116699219,10658400
2021-06-18,46.3770637512207,31445600
2021-06-21,46.885948181152344,14404300
2021-06-22,47.058441162109375,13072800
2021-06-23,46.6789436340332,12339200
2021-06-24,46.911827087402344,11488400
2021-06-25,46.851444244384766,18880300
2021-06-28,46.79970169067383,10556900
2021-06-29,46.454689025878906,12300900
2021-06-30,46.67031478881836,14614200
2021-07-01,46.54094314575195,13214700
2021-07-02,46.73069763183594,10604600
2021-07-06,46.47193145751953,15278200
2021-07-07,46.851444244384766,14377700
2021-07-08,46.68756103515625,11943900
2021-07-09,46.97218704223633,10847000
2021-07-12,46.98944854736328,15107600
2021-07-13,47.4552001953125,15170800
2021-07-14,48.52470397949219,22002700
2021-07-15,48.679954528808594,15068200
2021-07-16,48.64546585083008,14860500
2021-07-19,48.06759262084961,19527000
2021-07-20,48.15383529663086,16257900
2021-07-21,48.774837493896484,20918200
2021-07-22,48.705841064453125,13402700
2021-07-23,49.17158508300781,12144000
2021-07-26,49.2147102355957,8681100
2021-07-27,49.3872184753418,12794400
2021-07-28,48.938716888427734,9858000
2021-07-29,49.206092834472656,9599100
2021-07-30,49.1888427734375,11727000
2021-08-02,49.05946731567383,9778000
2021-08-03,49.09396743774414,8825500
2021-08-04,48.3867073059082,11888400
2021-08-05,48.73170852661133,9806800
2021-08-06,48.85246276855469,10409300
2021-08-09,48.8610954284668,8859900
2021-08-10,48.99046325683594,10906900
2021-08-11,48.930091857910156,8370700
2021-08-12,49.02496337890625,6169200
2021-08-13,49.36134719848633,7714200
2021-08-16,49.576969146728516,7972000
2021-08-17,49.40446090698242,10346400
2021-08-18,48.73170852661133,13873700
2021-08-19,49.04221725463867,9223700
2021-08-20,48.85246276855469,10543600
2021-08-23,48.679954528808594,8912800
2021-08-24,48.3090934753418,12067200
2021-08-25,48.36083221435547,11270700
2021-08-26,47.90370559692383,10331500
2021-08-27,47.99857711791992,8844100
2021-08-30,48.455711364746094,10034700
2021-08-31,48.56783676147461,14185700
2021-09-01,48.89558410644531,9518900
2021-09-02,48.96458435058594,11653200
2021-09-03,48.930091857910156,13220400
2021-09-07,48.015830993652344,20035300
2021-09-08,48.66271209716797,12040100
2021-09-09,48.17971420288086,12545400
2021-09-10,47.96407699584961,10573700
2021-09-13,48.36083221435547,20274300
2021-09-14,48.395591735839844,13918900
2021-09-15,48.560707092285156,15746000
2021-09-16,48.100128173828125,17430400
2021-09-17,47.309326171875,33370200
2021-09-20,46.979095458984375,27542500
2021-09-21,46.97039794921875,16418200
2021-09-22,47.039920806884766,12719700
2021-09-23,46.96171951293945,13836200
2021-09-24,46.83135986328125,9682200
2021-09-27,46.58804702758789,12429500
2021-09-28,45.74509048461914,19926100
2021-09-29,46.02317428588867,13941500
2021-09-30,45.59736251831055,17672000
2021-10-01,46.075321197509766,16277400
2021-10-04,46.04924774169922,18973400
2021-10-05,46.127464294433594,17173100
2021-10-06,46.6749382019043,21284500
2021-10-07,46.82267761230469,13774400
2021-10-08,47.03123092651367,13786800
2021-10-11,47.126827239990234,12378500
2021-10-12,47.126827239990234,19474400
2021-10-13,47.135520935058594,12143300
2021-10-14,47.45705795288086,13704000
2021-10-15,47.344085693359375,17867000
2021-10-18,46.87480545043945,15861800
2021-10-19,47.05731201171875,11068500
2021-10-20,47.474430084228516,12474800
2021-10-21,47.23110580444336,14388300
2021-10-22,47.318016052246094,12828600
2021-10-25,47.126827239990234,11855000
2021-10-26,47.33540344238281,12086700
2021-10-27,48.24784851074219,24019800
2021-10-28,48.69975662231445,15928000
2021-10-29,48.98652648925781,24463700
2021-11-01,48.81270980834961,11651100
2021-11-02,48.751888275146484,11498900
2021-11-03,48.916996002197266,10788300
2021-11-04,49.1863899230957,10820200
2021-11-05,49.39496612548828,12886700
2021-11-08,48.95176696777344,12828000
2021-11-09,49.0908088684082,10155800
2021-11-10,49.290679931640625,8813600
2021-11-11,49.30805969238281,7257700
2021-11-12,49.19509506225586,10162500
2021-11-15,49.20378494262695,10289200
2021-11-16,48.85618591308594,13756500
2021-11-17,48.5867805480957,13288700
2021-11-18,48.15227127075195,15380100
2021-11-19,47.9089469909668,15813700
2021-11-22,48.204410552978516,16905600
2021-11-23,48.560707092285156,13835900
2021-11-24,48.16964340209961,12598900
2021-11-26,46.692317962646484,14754300
2021-11-29,47.43097686767578,22712500
2021-11-30,45.93343734741211,30485200
2021-12-01,45.80208206176758,18719600
2021-12-02,46.47641372680664,17074200
2021-12-03,46.888023376464844,21064400
2021-12-06,48.08779525756836,26624100
2021-12-07,48.350521087646484,23832700
2021-12-08,48.1666259765625,18026300
2021-12-09,48.04401397705078,13846400
2021-12-10,49.28758239746094,23153600
2021-12-13,50.58371353149414,31362800
2021-12-14,50.618743896484375,24806600
2021-12-15,50.84642791748047,24923800
2021-12-16,51.363136291503906,24696900
2021-12-17,50.55744171142578,51874400
2021-12-20,50.39105224609375,20879500
2021-12-21,50.59246826171875,15864900
2021-12-22,50.9515266418457,12447400
2021-12-23,50.9865608215332,11027300
2021-12-27,51.363136291503906,9860000
2021-12-28,51.56455993652344,8979900
2021-12-29,51.62586212158203,9996000
2021-12-30,51.47698211669922,7703900
2021-12-31,51.85356140136719,10021300
2022-01-03,51.9323844909668,20187300
2022-01-04,52.799373626708984,26141600
2022-01-05,53.23725509643555,22507300
2022-01-06,52.95701217651367,17902300
2022-01-07,52.83440399169922,12307900
2022-01-10,52.92198181152344,20954300
2022-01-11,52.93949890136719,19369600
2022-01-12,53.018314361572266,15753800
2022-01-13,53.333587646484375,14318000
2022-01-14,53.7627067565918,19729600
2022-01-18,53.333587646484375,21976700
2022-01-19,53.421165466308594,18654700
2022-01-20,53.20221710205078,23002400
2022-01-21,52.93949890136719,26643200
2022-01-24,52.51036834716797,30185100
2022-01-25,52.38777160644531,19027100
2022-01-26,52.195106506347656,19190200
2022-01-27,52.2388916015625,18893800
2022-01-28,53.28104782104492,19101500
2022-01-31,53.42991638183594,22045300
2022-02-01,53.03582763671875,20841700
2022-02-02,53.578792572021484,20225600
2022-02-03,53.95537185668945,19440500
2022-02-04,53.386131286621094,17403700
2022-02-07,53.946617126464844,17846400
2022-02-08,54.296913146972656,18771700
2022-02-09,53.45619583129883,23595600
2022-02-10,53.75394058227539,23561500
2022-02-11,52.799373626708984,22781400
2022-02-14,53.140926361083984,23641300
2022-02-15,53.34234619140625,13408700
2022-02-16,53.333587646484375,15484700
2022-02-17,54.40200424194336,21468700
2022-02-18,54.76982498168945,21975000
2022-02-22,54.5421257019043,21731400
2022-02-23,53.93785858154297,19248500
2022-02-24,52.992027282714844,27207400
2022-02-25,55.04131317138672,21487800
2022-02-28,54.507102966308594,25879100
2022-03-01,54.2706413269043,15871100
2022-03-02,54.67348861694336,17319100
2022-03-03,54.708526611328125,21262800
2022-03-04,54.79609680175781,17163000
2022-03-07,53.4912223815918,29151400
2022-03-08,51.37188720703125,30242100
2022-03-09,51.634613037109375,23022700
2022-03-10,50.68880081176758,20887300
2022-03-11,50.72382354736328,19855600
2022-03-14,51.659236907958984,17799400
2022-03-15,52.6122932434082,18607200
2022-03-16,52.47110366821289,17347300
2022-03-17,53.02705383300781,15586200
2022-03-18,53.0358772277832,30197800
2022-03-21,53.45945739746094,17440100
2022-03-22,53.65359878540039,17559500
2022-03-23,53.300621032714844,15529200
2022-03-24,53.81243896484375,13151300
2022-03-25,54.29779052734375,12259800
2022-03-28,54.64194869995117,11485200
2022-03-29,54.8537483215332,14720600
2022-03-30,54.89786911010742,13641000
2022-03-31,54.712547302246094,16822900
2022-04-01,55.48028564453125,12644900
2022-04-04,55.18907928466797,11505800
2022-04-05,55.12731170654297,15721200
2022-04-06,55.683258056640625,19267400
2022-04-07,55.98328399658203,13960800
2022-04-08,56.327449798583984,12703500
2022-04-11,56.30980682373047,12720100
2022-04-12,56.971641540527344,18089900
2022-04-13,57.121673583984375,11883000
2022-04-14,57.3775749206543,16388400
2022-04-18,56.86574935913086,11679400
2022-04-19,57.42170333862305,11993800
2022-04-20,58.20709228515625,14827100
2022-04-21,58.427696228027344,15120400
2022-04-22,57.58055114746094,14902200
2022-04-25,58.189456939697266,25082000
2022-04-26,57.40406036376953,21982600
2022-04-27,57.85410690307617,16971000
2022-04-28,58.410057067871094,22010600
2022-04-29,57.01576614379883,20137100
2022-05-02,55.98328399658203,24970300
2022-05-03,55.665611267089844,21686300
2022-05-04,57.38641357421875,19780200
2022-05-05,56.927528381347656,20155200
2022-05-06,57.130489349365234,18984000
2022-05-09,57.01576614379883,20055300
2022-05-10,56.48630142211914,21322200
2022-05-11,56.75103759765625,19648400
2022-05-12,56.927528381347656,22574700
2022-05-13,57.99530029296875,16167000
2022-05-16,58.20709228515625,13223200
2022-05-17,58.04824447631836,21300600
2022-05-18,54.006568908691406,31437300
2022-05-19,52.947628021240234,31493900
2022-05-20,53.81243896484375,29133800
2022-05-23,55.47146987915039,19406900
2022-05-24,56.4951171875,16154200
2022-05-25,56.539241790771484,15360500
2022-05-26,56.742210388183594,16159800
2022-05-27,57.07754135131836,17709000
2022-05-31,55.93034362792969,43159000
2022-06-01,55.65678405761719,15408300
2022-06-02,56.23921203613281,14586000
2022-06-03,55.56853103637695,13539900
2022-06-06,55.48028564453125,15112800
2022-06-07,55.81562423706055,17886300
2022-06-08,55.49794006347656,10211500
2022-06-09,54.53605270385742,13382200
2022-06-10,54.191890716552734,14967600
2022-06-13,54.130130767822266,23064200
2022-06-14,52.64576721191406,24620000
2022-06-15,53.036861419677734,19684700
2022-06-16,52.50355529785156,15053800
2022-06-17,52.823543548583984,34781900
2022-06-21,53.95235824584961,17705000
2022-06-22,54.35233688354492,15207100
2022-06-23,55.001182556152344,17190900
2022-06-24,56.032230377197266,18147100
2022-06-27,55.91669464111328,12142100
2022-06-28,55.35672378540039,13150100
2022-06-29,55.75669860839844,11795500
2022-06-30,55.91669464111328,15514200
2022-07-01,57.22327423095703,15143200
2022-07-05,56.24555206298828,15921200
2022-07-06,56.361106872558594,13450500
2022-07-07,55.91669464111328,14828400
2022-07-08,56.12112808227539,11311500
2022-07-11,55.94334411621094,12702100
2022-07-12,55.703372955322266,14731100
2022-07-13,55.44560623168945,13145300
2022-07-14,55.2678337097168,14433000
2022-07-15,55.552268981933594,21968400
2022-07-18,54.796756744384766,10780800
2022-07-19,55.57893371582031,10998200
2022-07-20,54.663421630859375,11010500
2022-07-21,54.53899002075195,11959600
2022-07-22,54.74341583251953,11644700
2022-07-25,55.2767219543457,14941700
2022-07-26,56.18333053588867,20118000
2022-07-27,56.005577087402344,12142900
2022-07-28,56.938838958740234,10837000
2022-07-29,57.036617279052734,13734200
2022-08-01,57.34770965576172,12831500
2022-08-02,56.56553268432617,15241900
2022-08-03,56.81440734863281,11317000
2022-08-04,56.592193603515625,11795600
2022-08-05,56.33443069458008,10445400
2022-08-08,55.97001266479492,9165200
2022-08-09,56.04112243652344,7910900
2022-08-10,56.574424743652344,8857300
2022-08-11,56.19223403930664,8507800
2022-08-12,56.61886978149414,9489300
2022-08-15,57.32993698120117,9863300
2022-08-16,57.801025390625,9569600
2022-08-17,57.66769790649414,8144000
2022-08-18,57.96989822387695,6532000
2022-08-19,57.92545700073242,8921100
2022-08-22,57.06328201293945,9087900
2022-08-23,57.125492095947266,8443800
2022-08-24,57.205501556396484,6844700
2022-08-25,57.48103332519531,7913900
2022-08-26,56.09445571899414,10089500
2022-08-29,55.75669860839844,9115900
2022-08-30,55.24116897583008,8456800
2022-08-31,54.85008239746094,14633600
2022-09-01,55.10784149169922,14939700
2022-09-02,54.35233688354492,11809800
2022-09-06,54.378997802734375,12181800
2022-09-07,55.383384704589844,13290700
2022-09-08,55.214508056640625,17193500
2022-09-09,55.392276763916016,11855900
2022-09-12,55.552268981933594,13026900
2022-09-13,53.747928619384766,18532800
2022-09-14,54.0323486328125,12881600
2022-09-15,53.298194885253906,11451900
2022-09-16,53.307151794433594,20493500
2022-09-19,53.71004104614258,12596200
2022-09-20,53.62946701049805,11984600
2022-09-21,53.18180847167969,14165300
2022-09-22,53.056461334228516,11657600
2022-09-23,52.46554946899414,14824000
2022-09-26,51.81196975708008,18670100
2022-09-27,50.47794723510742,23829300
2022-09-28,51.015132904052734,21480100
2022-09-29,50.64805603027344,14570700
2022-09-30,50.15563201904297,16124600
2022-10-03,50.71968460083008,16277600
2022-10-04,50.8360710144043,18861400
2022-10-05,50.35261154174805,14324900
2022-10-06,49.26926803588867,17192800
2022-10-07,48.80370330810547,11479800
2022-10-10,48.696266174316406,10239100
2022-10-11,48.776851654052734,14303900
2022-10-12,49.36775207519531,18377400
2022-10-13,50.021331787109375,16220700
2022-10-14,49.22450637817383,15997900
2022-10-17,49.86017608642578,13721400
2022-10-18,50.531673431396484,11823100
2022-10-19,50.1019172668457,10182300
2022-10-20,49.31403350830078,16905100
2022-10-21,50.1019172668457,15034100
2022-10-24,51.54336929321289,17416700
2022-10-25,52.77891540527344,28829900
2022-10-26,53.1728515625,15831400
2022-10-27,53.298194885253906,16026100
2022-10-28,54.39943313598633,12888900
2022-10-31,53.58470153808594,14016400
2022-11-01,53.39668273925781,10659500
2022-11-02,52.653568267822266,14549200
2022-11-03,52.626705169677734,9194000
2022-11-04,53.056461334228516,9725900
2022-11-07,53.26238250732422,8849700
2022-11-08,53.36087417602539,10081600
2022-11-09,52.61775207519531,10115200
2022-11-10,54.50687789916992,16804800
2022-11-11,54.90080642700195,18972100
2022-11-14,54.37257385253906,16361000
2022-11-15,54.28304672241211,13295800
2022-11-16,54.18455123901367,14199500
2022-11-17,54.35466766357422,11212600
2022-11-18,54.73965072631836,10415600
2022-11-21,55.58125305175781,15399400
2022-11-22,55.82298278808594,12319600
2022-11-23,56.073673248291016,8990400
2022-11-25,56.12738800048828,5165500
2022-11-28,56.136348724365234,12267500
2022-11-29,55.93937683105469,10969600
2022-11-30,57.3549919128418,30433900
2022-12-01,57.51729202270508,12001400
2022-12-02,58.0222282409668,13643500
2022-12-05,57.228759765625,9185100
2022-12-06,57.20170974731445,10099500
2022-12-07,57.29187774658203,12307600
2022-12-08,57.53532409667969,9946200
2022-12-09,56.931209564208984,13914900
2022-12-12,57.679588317871094,11647900
2022-12-13,57.697628021240234,17521600
2022-12-14,57.697628021240234,12826700
2022-12-15,56.90416717529297,12212300
2022-12-16,56.57956314086914,33631500
2022-12-19,56.66070556640625,10919700
2022-12-20,56.615631103515625,10286500
2022-12-21,57.526309967041016,10411300
2022-12-22,57.111549377441406,9666700
2022-12-23,57.544342041015625,6463300
2022-12-27,57.89598846435547,7320700
2022-12-28,57.31892395019531,7159400
2022-12-29,57.66156768798828,7169300
2022-12-30,57.3549919128418,7650200
2023-01-03,56.759891510009766,12180500
2023-01-04,56.73284149169922,13387900
2023-01-05,56.08364486694336,9814700
2023-01-06,57.165645599365234,9990000
2023-01-09,56.45331954956055,9442600
2023-01-10,56.020530700683594,10134600
2023-01-11,55.912315368652344,10823000
2023-01-12,55.19099044799805,13907300
2023-01-13,55.38935089111328,13986400
2023-01-17,55.614776611328125,18327800
2023-01-18,53.92866134643555,19679400
2023-01-19,53.84751510620117,14894500
2023-01-20,54.17211151123047,14237700
2023-01-23,54.3073616027832,12613400
2023-01-24,54.59589385986328,10103300
2023-01-25,54.93852233886719,11265800
2023-01-26,54.830322265625,11884800
2023-01-27,54.54179382324219,14087000
2023-01-30,54.67704391479492,15632000
2023-01-31,55.2901725769043,14344400
2023-02-01,55.2991943359375,12535400
2023-02-02,54.352447509765625,16947200
2023-02-03,53.94669723510742,15404400
2023-02-06,54.25326156616211,11330900
2023-02-07,54.1630973815918,14922700
2023-02-08,53.84751510620117,11012000
2023-02-09,53.75733947753906,12515300
2023-02-10,53.75733947753906,14420700
2023-02-13,54.64096450805664,16191800
2023-02-14,53.73030090332031,20505700
2023-02-15,53.73030090332031,13171400
2023-02-16,53.39667892456055,16538300
2023-02-17,54.20817565917969,16814700
2023-02-21,53.91965103149414,14278300
2023-02-22,54.081939697265625,12409600
2023-02-23,54.18112564086914,12222800
2023-02-24,53.955711364746094,9736200
2023-02-27,53.93768310546875,8849800
2023-02-28,53.65815734863281,16082200
2023-03-01,53.07208251953125,13275800
2023-03-02,53.84751510620117,11758300
2023-03-03,53.59504699707031,13101800
2023-03-06,54.42457962036133,16282700
2023-03-07,54.10898971557617,13961200
2023-03-08,54.13604736328125,10851600
2023-03-09,53.613075256347656,13900900
2023-03-10,53.38766860961914,13745800
2023-03-13,53.92866134643555,21956000
2023-03-14,54.12702178955078,19496900
2023-03-15,54.48769760131836,21089900
2023-03-16,54.78752899169922,15658300
2023-03-17,54.53312301635742,27351200
2023-03-20,55.06009292602539,12904100
2023-03-21,54.80569839477539,13716500
2023-03-22,54.56037521362305,10494200
2023-03-23,54.442264556884766,15479000
2023-03-24,55.332679748535156,12975600
2023-03-27,55.74154281616211,12777400
2023-03-28,55.80513381958008,10925700
2023-03-29,56.20492172241211,9441000
2023-03-30,56.19582748413086,9870700
2023-03-31,56.359371185302734,14440900
2023-04-03,56.69554901123047,12300700
2023-04-04,56.522911071777344,11433400
2023-04-05,57.05898666381836,12789600
2023-04-06,57.09531784057617,9644200
2023-04-10,56.959041595458984,7952600
2023-04-11,56.85909652709961,9913000
2023-04-12,56.959041595458984,9593700
2023-04-13,57.37698745727539,9871400
2023-04-14,57.28612518310547,8946000
2023-04-17,57.65863800048828,9452400
2023-04-18,57.749507904052734,9035700
2023-04-19,57.85853576660156,9769500
2023-04-20,58.112937927246094,10706400
2023-04-21,58.1947135925293,12931100
2023-04-24,58.10385513305664,15532300
2023-04-25,58.01298904418945,12818900
2023-04-26,57.74041748046875,13179600
2023-04-27,57.85853576660156,13795800
2023-04-28,58.28557205200195,13687600
2023-05-01,58.421852111816406,9091500
2023-05-02,58.15837097167969,10948400
2023-05-03,57.83127975463867,11084600
2023-05-04,57.8948860168457,11938300
2023-05-05,58.167449951171875,9039000
2023-05-08,58.07659149169922,7240700
2023-05-09,57.59505081176758,9067700
2023-05-10,57.69499969482422,10134000
2023-05-11,58.0220832824707,9581500
2023-05-12,58.249229431152344,8740800
2023-05-15,58.094764709472656,8150000
2023-05-16,57.44058609008789,9129600
2023-05-17,57.37698745727539,11583000
2023-05-18,57.05898666381836,13595100
2023-05-19,57.086238861083984,14251400
2023-05-22,55.88691329956055,15055400
2023-05-23,55.7869758605957,13932700
2023-05-24,55.31450653076172,11090100
2023-05-25,54.88746643066406,14463600
2023-05-26,54.75117492675781,12570300
2023-05-30,54.315059661865234,15634200
2023-05-31,54.206031799316406,59432200
2023-06-01,54.514949798583984,13402700
2023-06-02,55.568904876708984,15259800
2023-06-05,55.19639205932617,12915600
2023-06-06,54.79661178588867,10943500
2023-06-07,54.714839935302734,16817900
2023-06-08,54.85111999511719,15585900
2023-06-09,54.941986083984375,12581500
2023-06-12,54.705753326416016,14208900
2023-06-13,54.9238166809082,13397800
2023-06-14,55.29633331298828,14099700
2023-06-15,56.05619812011719,15271400
2023-06-16,56.459014892578125,26738000
2023-06-20,56.08366775512695,13971800
2023-06-21,56.23930358886719,13948700
2023-06-22,56.623809814453125,15193400
2023-06-23,56.02873611450195,25112100
2023-06-26,56.04704666137695,12856100
2023-06-27,55.92803192138672,9068500
2023-06-28,55.40619659423828,11173200
2023-06-29,54.948448181152344,17142300
2023-06-30,55.13154983520508,19739200
2023-07-03,55.46112823486328,9694500
2023-07-05,55.873104095458984,14716600
2023-07-06,55.442813873291016,12603900
2023-07-07,54.710411071777344,14574000
2023-07-10,54.298439025878906,15480600
2023-07-11,54.490692138671875,15967700
2023-07-12,54.783653259277344,14241300
2023-07-13,55.25056076049805,11269800
2023-07-14,55.754085540771484,11634200
2023-07-17,55.67169189453125,10014300
2023-07-18,55.45197296142578,11152900
2023-07-19,56.43156051635742,12936000
2023-07-20,57.11818313598633,11563000
2023-07-21,57.1639518737793,12815100
2023-07-24,57.18226623535156,10251100
2023-07-25,56.99000930786133,13422700
2023-07-26,57.722412109375,17145500
2023-07-27,57.1639518737793,11517100
2023-07-28,57.20057678222656,9721800
2023-07-31,56.697052001953125,15577900
2023-08-01,56.55057144165039,9281600
2023-08-02,56.72451400756836,11059400
2023-08-03,56.43156051635742,8037400
2023-08-04,55.580135345458984,9359300
2023-08-07,56.01957702636719,6982600
2023-08-08,55.772396087646484,7956100
2023-08-09,55.90056610107422,7904100
2023-08-10,55.772396087646484,7870300
2023-08-11,56.00127029418945,8483900
2023-08-14,55.73577880859375,7176300
2023-08-15,55.36042022705078,7187400
2023-08-16,55.369571685791016,8372300
2023-08-17,55.488590240478516,12873500
2023-08-18,55.79985809326172,11083800
2023-08-21,55.32379913330078,8648500
2023-08-22,54.98506546020508,9411500
2023-08-23,55.17732238769531,7749500
2023-08-24,55.03084182739258,8955100
2023-08-25,55.287174224853516,7629200
2023-08-28,55.442813873291016,6254300
2023-08-29,55.387882232666016,8189600
2023-08-30,55.36042022705078,9447900
2023-08-31,54.774497985839844,14663500
2023-09-01,54.298439025878906,11262300
2023-09-05,53.8498420715332,12474600
2023-09-06,53.81321716308594,13923500
2023-09-07,53.40125274658203,17628600
2023-09-08,53.40125274658203,14312300
2023-09-11,53.90476989746094,14767400
2023-09-12,53.37377166748047,12292700
2023-09-13,53.501953125,12641400
2023-09-14,53.94487762451172,12311600
2023-09-15,53.46503829956055,55727500
2023-09-18,53.79722595214844,13617400
2023-09-19,53.68650436401367,11998900
2023-09-20,53.92642593383789,14766600
2023-09-21,53.09593963623047,15941800
2023-09-22,53.15129852294922,14644100
2023-09-25,52.5976448059082,12358800
2023-09-26,52.163944244384766,11194700
2023-09-27,51.62873458862305,13766300
2023-09-28,51.49954605102539,12484800
2023-09-29,51.65641784667969,12271600
2023-10-02,51.19503402709961,11792500
2023-10-03,50.64137649536133,13604200
2023-10-04,50.78901672363281,12100500
2023-10-05,48.33446502685547,29878100
2023-10-06,49.0357551574707,30298900
2023-10-09,48.79584503173828,15704700
2023-10-10,49.85701370239258,20909700
2023-10-11,49.56174087524414,21138900
2023-10-12,48.73124694824219,19330400
2023-10-13,48.80507278442383,14494600
2023-10-16,49.30336380004883,12816800
2023-10-17,49.89393615722656,16457200
2023-10-18,49.875484466552734,12809500
2023-10-19,50.15230941772461,16202200
2023-10-20,50.35531997680664,15686400
2023-10-23,49.90316390991211,21212700
2023-10-24,51.342674255371094,25290800
2023-10-25,51.785606384277344,16701000
2023-10-26,51.47186279296875,16228400
2023-10-27,50.97357177734375,13626500
2023-10-30,51.81329345703125,15014300
2023-10-31,52.12702941894531,16639400
2023-11-01,52.08088302612305,14110800
2023-11-02,52.680686950683594,13087200
2023-11-03,52.35771942138672,13958700
2023-11-06,52.569950103759766,12673200
2023-11-07,52.76374053955078,10449300
2023-11-08,52.680686950683594,13744000
2023-11-09,52.28390121459961,12021100
2023-11-10,52.33926773071289,11678900
2023-11-13,52.533042907714844,12798200
2023-11-14,52.68991470336914,12697100
2023-11-15,52.791419982910156,10201900
2023-11-16,52.73604965209961,16010400
2023-11-17,52.837554931640625,14475800
2023-11-20,52.96674728393555,13051000
2023-11-21,53.548091888427734,13891600
2023-11-22,53.907958984375,11320600
2023-11-24,54.046382904052734,4816000
2023-11-27,53.94487762451172,16246500
2023-11-28,54.05561447143555,13739600
2023-11-29,53.73264694213867,11263600
2023-11-30,54.35581970214844,22727500
2023-12-01,54.541839599609375,15371200
2023-12-04,54.47673416137695,14942200
2023-12-05,54.56044387817383,11891500
2023-12-06,54.504634857177734,14868500
2023-12-07,54.63485336303711,11587900
2023-12-08,54.51394271850586,11178700
2023-12-11,54.913883209228516,14524800
2023-12-12,55.267330169677734,12899000
2023-12-13,55.74168014526367,16196800
2023-12-14,54.913883209228516,22478300
2023-12-15,54.504634857177734,65177400
2023-12-18,54.895286560058594,16717700
2023-12-19,54.718570709228516,14612200
2023-12-20,53.58382034301758,17701000
2023-12-21,53.93727111816406,11725100
2023-12-22,54.244205474853516,9029400
2023-12-26,54.467430114746094,6422500
2023-12-27,54.6069450378418,8560100
2023-12-28,54.64414978027344,8400100
2023-12-29,54.81157302856445,9244300
2024-01-02,55.639373779296875,16322600
2024-01-03,55.76958084106445,14830600
2024-01-04,55.58356475830078,12912900
2024-01-05,55.499855041503906,10412800
2024-01-08,55.90910720825195,11554600
2024-01-09,55.80678939819336,10493700
2024-01-10,55.992820739746094,12258000
2024-01-11,55.63007354736328,13754200
2024-01-12,56.169532775878906,13218000
2024-01-16,55.79749298095703,11826900
2024-01-17,55.79749298095703,8982100
2024-01-18,55.95561599731445,10397700
2024-01-19,55.64867401123047,14392600
2024-01-22,55.406837463378906,14314300
2024-01-23,55.667274475097656,14481600
2024-01-24,54.792972564697266,16370500
2024-01-25,55.02549743652344,14899700
2024-01-26,55.22081756591797,13025100
2024-01-29,55.555660247802734,14547100
2024-01-30,55.713783264160156,22061500
2024-01-31,55.332435607910156,22837000
2024-02-01,56.71830368041992,15870900
2024-02-02,56.30905532836914,17544900
2024-02-05,55.843997955322266,12759600
2024-02-06,55.75099182128906,12775200
2024-02-07,55.79749298095703,10259900
2024-02-08,55.64867401123047,12874800
2024-02-09,55.397544860839844,15235300
2024-02-12,55.52776336669922,13516800
2024-02-13,55.20221710205078,24195700
2024-02-14,55.14640808105469,15872500
2024-02-15,55.24872589111328,13695800
2024-02-16,55.23942184448242,13947100
2024-02-20,56.45787811279297,18339300
2024-02-21,56.96012878417969,14373000
2024-02-22,56.876426696777344,12982800
2024-02-23,56.92292785644531,13612900
2024-02-26,56.467166900634766,10336100
2024-02-27,56.12302780151367,9931100
2024-02-28,56.17884063720703,8076500
2024-02-29,55.825401306152344,18152700
2024-03-01,55.36963653564453,10927600
2024-03-04,55.63007354736328,10150200
2024-03-05,55.36033630371094,12310000
2024-03-06,55.388240814208984,12378800
2024-03-07,55.28593063354492,13686900
2024-03-08,55.36033630371094,13239000
2024-03-11,56.030025482177734,14114300
2024-03-12,56.2718505859375,12684600
2024-03-13,56.848514556884766,13909500
2024-03-14,56.72195053100586,13996600
2024-03-15,56.14066696166992,36849900
2024-03-18,56.375057220458984,15856700
2024-03-19,56.468814849853516,15030600
2024-03-20,56.956336975097656,15258800
2024-03-21,56.693824768066406,13067100
2024-03-22,56.71257781982422,11502800
2024-03-25,56.628196716308594,13144700
2024-03-26,56.75945281982422,13277400
2024-03-27,57.21885681152344,12551200
2024-03-28,57.35948181152344,13683500
2024-04-01,56.89071273803711,11668700
2024-04-02,56.3938102722168,13017300
2024-04-03,56.09379196166992,13672900
2024-04-04,55.59688949584961,14320700
2024-04-05,55.79377365112305,10157800
2024-04-08,55.568763732910156,10284500
2024-04-09,55.99066162109375,10779100
2024-04-10,55.2406120300293,11861900
2024-04-11,55.36249923706055,11109000
2024-04-12,54.64058303833008,12250900
2024-04-15,54.50932312011719,12425000
2024-04-16,54.434322357177734,11236800
2024-04-17,54.85621643066406,13805100
2024-04-18,55.23124313354492,11125900
2024-04-19,56.41255569458008,21207900
2024-04-22,56.768829345703125,15624500
2024-04-23,56.85321044921875,13689100
2024-04-24,57.706382751464844,19548300
2024-04-25,57.884521484375,19048500
2024-04-26,57.884521484375,10994300
2024-04-29,58.16577911376953,13409300
2024-04-30,57.91263961791992,19349200
2024-05-01,58.062652587890625,16729800
2024-05-02,58.1189079284668,10991300
2024-05-03,58.28766632080078,11628700
2024-05-06,58.4564208984375,9310700
2024-05-07,58.709564208984375,9807000
2024-05-08,58.925201416015625,10484400
2024-05-09,58.953330993652344,9113700
2024-05-10,59.309600830078125,8371700
2024-05-13,59.609615325927734,10137600
2024-05-14,59.15958786010742,10852200
2024-05-15,59.187713623046875,9838900
2024-05-16,59.36585235595703,10228000
2024-05-17,59.09395217895508,11539000
2024-05-20,58.66268539428711,11000900
2024-05-21,58.98145294189453,9796200
2024-05-22,59.065834045410156,7419400
2024-05-23,58.21266174316406,9834300
2024-05-24,58.12827682495117,8203100
2024-05-28,57.95952224731445,12347000
2024-05-29,57.84701156616211,11861800
2024-05-30,58.10015869140625,9433800
2024-05-31,59.00020980834961,19816600
2024-06-03,59.00020980834961,9369000
2024-06-04,59.9471321105957,11895600
2024-06-05,59.928382873535156,9632500
2024-06-06,60.14402389526367,8658500
2024-06-07,59.91900634765625,9523100
2024-06-10,59.61899185180664,15685300
2024-06-11,59.58148193359375,8396000
2024-06-12,58.953330993652344,9569600
2024-06-13,59.05645751953125,9668900
2024-06-14,59.09897232055664,8179200
2024-06-17,59.16510772705078,10532700
2024-06-18,59.174556732177734,10651700
2024-06-20,58.749385833740234,13306300
2024-06-21,59.30683517456055,28278100
2024-06-24,60.44063186645508,13212500
2024-06-25,60.31779479980469,10235300
2024-06-26,60.51621627807617,9402500
2024-06-27,60.383941650390625,8494100
2024-06-28,60.13828659057617,17358800
2024-07-01,59.788692474365234,10033400
2024-07-02,59.66587829589844,8878200
2024-07-03,59.835941314697266,9154200
2024-07-05,60.24221420288086,11735500
2024-07-08,59.48635482788086,11235100
2024-07-09,59.23125076293945,11657500
2024-07-10,59.363525390625,11930400
2024-07-11,59.61862564086914,11431600
2024-07-12,60.18552780151367,9201500
2024-07-15,59.911521911621094,8207500
2024-07-16,60.72407531738281,9025100
2024-07-17,61.612213134765625,12508200
2024-07-18,61.59332275390625,11128200
2024-07-19,61.68779373168945,13775700
2024-07-22,61.19648742675781,11794200
2024-07-23,61.37600326538086,11810300
2024-07-24,62.179107666015625,13244600
2024-07-25,62.42476272583008,16328600
2024-07-26,63.3506965637207,13530100
2024-07-29,63.14284133911133,12140200
2024-07-30,63.94594955444336,13258000
2024-07-31,63.05780029296875,15576800
2024-08-01,64.21048736572266,16495900
2024-08-02,65.5049057006836,22514800
2024-08-05,64.34276580810547,25484300
2024-08-06,64.29552459716797,12969100
2024-08-07,64.68289184570312,13365300
2024-08-08,64.9380111694336,15240900
2024-08-09,64.8907699584961,12080400
2024-08-12,64.40890502929688,11012300
2024-08-13,64.68289184570312,9877600
2024-08-14,64.7962875366211,14328000
2024-08-15,64.86241912841797,11285100
2024-08-16,65.36318969726562,12651200
2024-08-19,65.1742172241211,9843900
2024-08-20,65.5521469116211,11957400
2024-08-21,65.7316665649414,8792400
2024-08-22,65.5049057006836,12509200
2024-08-23,65.93952941894531,11834700
2024-08-26,66.93158721923828,12912200
2024-08-27,67.55518341064453,16988400
2024-08-28,67.79138946533203,13272600
2024-08-29,68.07483673095703,17201700
2024-08-30,68.47166442871094,18624200
2024-09-03,68.98188018798828,14755800
2024-09-04,68.55669403076172,18140800
2024-09-05,67.2433853149414,23866100
2024-09-06,67.21503448486328,17485700
2024-09-09,67.88587188720703,12939300
2024-09-10,67.6024169921875,10277600
2024-09-11,67.1583480834961,11418200
2024-09-12,67.30008697509766,12337800
2024-09-13,67.93270111083984,11073800
2024-09-16,68.58909606933594,10786500
2024-09-17,68.30370330810547,12974400
2024-09-18,68.25614166259766,10719700
2024-09-19,67.18116760253906,13635600
2024-09-20,68.15149688720703,48578500
2024-09-23,68.23712158203125,11613000
2024-09-24,67.85659790039062,13330600
2024-09-25,67.97074127197266,12329100
2024-09-26,67.92318725585938,10815200
2024-09-27,68.294189453125,11175700
2024-09-30,68.36077880859375,18015300
2024-10-01,68.21807861328125,13294500
2024-10-02,67.55216979980469,11155500
2024-10-03,67.08604431152344,9374800
2024-10-04,66.7530746459961,12684800
2024-10-07,65.64956665039062,14512000
2024-10-08,65.81129455566406,13549700
2024-10-09,66.18229675292969,9037700
2024-10-10,65.87788391113281,8635200
2024-10-11,66.18229675292969,8786300
2024-10-14,66.914794921875,7659300
2024-10-15,66.914794921875,10358700
2024-10-16,67.13359832763672,7937300
2024-10-17,66.49622344970703,14674600
2024-10-18,67.00993347167969,15087500
2024-10-21,66.06814575195312,11981200
2024-10-22,66.06814575195312,18603300
2024-10-23,64.69825744628906,24655200
2024-10-24,64.02283477783203,17568800
2024-10-25,63.66132736206055,11138100
2024-10-28,63.42351150512695,10761400
2024-10-29,62.367557525634766,16525900
2024-10-30,62.710025787353516,14177800
2024-10-31,62.12973403930664,13383700
2024-11-01,61.84434509277344,12163100
2024-11-04,61.939476013183594,10984500
2024-11-05,62.18681335449219,8780200
2024-11-06,60.59813690185547,22899300
2024-11-07,60.56007766723633,14856100
2024-11-08,60.80742263793945,14719300
2024-11-11,60.27469253540039,13980900
2024-11-12,60.12248229980469,15021000
2024-11-13,59.93222427368164,13177600
2024-11-14,59.50413131713867,15910800
2024-11-15,58.73358154296875,26284300
2024-11-18,58.84773635864258,16062100
2024-11-19,59.54218292236328,16254800
2024-11-20,59.92271041870117,18904900
2024-11-21,60.655208587646484,17292300
2024-11-22,60.80742263793945,19562200
2024-11-25,61.245018005371094,36805300
2024-11-26,61.406742095947266,14473300
2024-11-27,61.29258346557617,13263400
2024-11-29,61.4219856262207,10648400
2024-12-02,61.00982666015625,16500100
2024-12-03,60.88521957397461,24874500
2024-12-04,59.629547119140625,28137700
2024-12-05,60.31010055541992,21040400
2024-12-06,59.936279296875,15581100
2024-12-09,60.00337600708008,22348300
2024-12-10,60.30051803588867,14949400
2024-12-11,60.04171371459961,32819000
2024-12-12,61.19193649291992,17542100
2024-12-13,60.50180435180664,13429000
2024-12-16,59.955448150634766,24559700
2024-12-17,60.77019500732422,21902400
2024-12-18,60.24300765991211,20946100
2024-12-19,59.859596252441406,21300600
2024-12-20,59.955448150634766,42458100
2024-12-23,59.79249954223633,13010800
2024-12-24,60.23341751098633,5019100
2024-12-26,59.9746208190918,7943800
2024-12-27,59.859596252441406,8542800
2024-12-30,59.4570198059082,8972200
2024-12-31,59.67748260498047,9256700
