date,close,volume
2014-01-02,26.382137298583984,6213100
2014-01-03,26.336658477783203,5300700
2014-01-06,26.169925689697266,7413700
2014-01-07,26.382137298583984,6846400
2014-01-08,26.38970947265625,9278100
2014-01-09,26.79897117614746,10606400
2014-01-10,27.132444381713867,12548600
2014-01-13,26.677703857421875,11635200
2014-01-14,26.829282760620117,8904100
2014-01-15,27.056655883789062,12169900
2014-01-16,27.056655883789062,14005000
2014-01-17,26.715604782104492,17191700
2014-01-21,26.10929298400879,27921700
2014-01-22,26.10929298400879,10833100
2014-01-23,26.10929298400879,9557100
2014-01-24,25.502988815307617,22597800
2014-01-27,25.47266387939453,8846100
2014-01-28,25.56361198425293,7511100
2014-01-29,25.002777099609375,14317400
2014-01-30,24.95730209350586,8166000
2014-01-31,24.828458786010742,11070200
2014-02-03,24.31309700012207,13054300
2014-02-04,24.26004409790039,9187900
2014-02-05,24.320669174194336,8234100
2014-02-06,24.782995223999023,7092200
2014-02-07,24.95730209350586,7182600
2014-02-10,25.101301193237305,4559900
2014-02-11,25.22256088256836,6556100
2014-02-12,25.169506072998047,7560300
2014-02-13,25.775814056396484,11350400
2014-02-14,25.859193801879883,9097000
2014-02-18,25.91224479675293,9416100
2014-02-19,25.965290069580078,8617300
2014-02-20,26.132020950317383,7998000
2014-02-21,25.9956111907959,8145900
2014-02-24,26.071395874023438,7195600
2014-02-25,25.7303466796875,12648000
2014-02-26,25.707612991333008,6744000
2014-02-27,25.654558181762695,9536700
2014-02-28,25.790977478027344,11922800
2014-03-03,25.616668701171875,7875400
2014-03-04,26.003189086914062,6428300
2014-03-05,26.018341064453125,8783000
2014-03-06,26.435182571411133,12001000
2014-03-07,26.58676528930664,10259700
2014-03-10,26.58676528930664,9061600
2014-03-11,26.503398895263672,7663100
2014-03-12,26.450347900390625,12576000
2014-03-13,26.169925689697266,10693500
2014-03-14,25.95772361755371,12683000
2014-03-17,25.95772361755371,11461900
2014-03-18,26.071395874023438,6520400
2014-03-19,25.881921768188477,11521700
2014-03-20,25.965290069580078,7388100
2014-03-21,25.866769790649414,23115100
2014-03-24,25.646982192993164,11923300
2014-03-25,25.988039016723633,7576700
2014-03-26,25.89708137512207,8864600
2014-03-27,26.034069061279297,8150800
2014-03-28,26.178653717041016,7953900
2014-03-31,26.292795181274414,8305400
2014-04-01,26.49828338623047,6521200
2014-04-02,26.574373245239258,6503600
2014-04-03,26.460227966308594,7241600
2014-04-04,26.285192489624023,10105100
2014-04-07,26.049285888671875,11244700
2014-04-08,26.330862045288086,10366900
2014-04-09,26.597206115722656,8352900
2014-04-10,26.414566040039062,9400500
2014-04-11,26.110170364379883,11017700
2014-04-14,26.21670150756836,8644300
2014-04-15,26.07210922241211,10145100
2014-04-16,26.460227966308594,11786700
2014-04-17,26.368913650512695,7494000
2014-04-21,26.467830657958984,3440300
2014-04-22,26.65808868408203,11675800
2014-04-23,26.718969345092773,6467400
2014-04-24,26.86355972290039,5371500
2014-04-25,26.893999099731445,6490500
2014-04-28,27.350605010986328,13080100
2014-04-29,27.09187126159668,8644200
2014-04-30,27.129913330078125,9946000
2014-05-01,27.11470603942871,5180700
2014-05-02,27.00054931640625,10001300
2014-05-05,27.0994815826416,6117000
2014-05-06,26.802675247192383,6523700
2014-05-07,28.994386672973633,25917300
2014-05-08,28.75846290588379,14504700
2014-05-09,28.887832641601562,8734600
2014-05-12,28.606277465820312,10125300
2014-05-13,28.804126739501953,7351000
2014-05-14,28.6138858795166,5770400
2014-05-15,28.33991241455078,7618500
2014-05-16,28.545392990112305,7529500
2014-05-19,28.446462631225586,4773500
2014-05-20,28.476898193359375,4964900
2014-05-21,28.6367244720459,4766500
2014-05-22,28.377979278564453,5401500
2014-05-23,28.33991241455078,4536600
2014-05-27,28.484512329101562,7453100
2014-05-28,28.461681365966797,7596900
2014-05-29,28.522554397583008,6706900
2014-05-30,28.629106521606445,12917000
2014-06-02,28.74325180053711,5895100
2014-06-03,28.85739517211914,4993600
2014-06-04,29.040054321289062,6114700
2014-06-05,29.09331512451172,7494200
2014-06-06,29.09331512451172,4569900
2014-06-09,28.9715576171875,4101100
2014-06-10,28.72802734375,4562200
2014-06-11,28.6138858795166,5404600
2014-06-12,28.393186569213867,5980800
2014-06-13,28.499727249145508,6699700
2014-06-16,28.34752655029297,6710700
2014-06-17,28.4388484954834,7997400
2014-06-18,28.583433151245117,8232600
2014-06-19,28.53777503967285,7086000
2014-06-20,28.530166625976562,11212500
2014-06-23,28.332305908203125,5863600
2014-06-24,28.26381492614746,6102400
2014-06-25,28.24098777770996,8466800
2014-06-26,28.745168685913086,10695600
2014-06-27,28.493064880371094,10622800
2014-06-30,28.72987937927246,7748100
2014-07-01,28.928470611572266,5801500
2014-07-02,28.95903968811035,4771400
2014-07-03,29.004884719848633,3084900
2014-07-07,28.989601135253906,3930700
2014-07-08,29.088897705078125,7012400
2014-07-09,29.03542709350586,7640700
2014-07-10,29.020153045654297,4420800
2014-07-11,29.348623275756836,13163000
2014-07-14,29.45556640625,7135700
2014-07-15,29.104177474975586,7359900
2014-07-16,29.134737014770508,5971700
2014-07-17,29.020153045654297,6388100
2014-07-18,29.394454956054688,6069600
2014-07-21,29.234041213989258,5076300
2014-07-22,29.417373657226562,5438800
2014-07-23,29.24932861328125,4353100
2014-07-24,29.26460075378418,4430300
2014-07-25,29.165294647216797,4398400
2014-07-28,29.19585609436035,4912600
2014-07-29,29.03542709350586,4310200
2014-07-30,28.240982055664062,9331900
2014-07-31,27.51528549194336,8907300
2014-08-01,27.752090454101562,6496200
2014-08-04,27.84376335144043,7111900
2014-08-05,27.469451904296875,15630600
2014-08-06,27.240291595458984,15206400
2014-08-07,26.789594650268555,9249800
2014-08-08,27.10279083251953,5140400
2014-08-11,27.31667709350586,6642200
2014-08-12,27.24793243408203,5447100
2014-08-13,27.34723663330078,4901700
2014-08-14,27.270851135253906,4682800
2014-08-15,27.331960678100586,7733900
2014-08-18,27.530569076538086,6205400
2014-08-19,27.62987518310547,5423100
2014-08-20,27.65279197692871,3863100
2014-08-21,27.622228622436523,3025200
2014-08-22,27.385433197021484,4137100
2014-08-25,27.614593505859375,3616200
2014-08-26,27.553482055664062,2845100
2014-08-27,27.6833553314209,3703000
2014-08-28,27.721542358398438,3642000
2014-08-29,27.645158767700195,5086900
2014-09-02,27.3013973236084,7838100
2014-09-03,27.362512588500977,5485400
2014-09-04,27.11806869506836,6551700
2014-09-05,27.263206481933594,7349800
2014-09-08,26.980567932128906,5391500
2014-09-09,27.140987396240234,6641900
2014-09-10,27.1944580078125,3785800
2014-09-11,27.30904769897461,4768900
2014-09-12,26.980567932128906,5546900
2014-09-15,27.064594268798828,4355000
2014-09-16,27.148622512817383,7424300
2014-09-17,27.056949615478516,5927400
2014-09-18,27.35487174987793,8640800
2014-09-19,27.24793243408203,8567700
2014-09-22,26.759037017822266,7658700
2014-09-23,26.45348358154297,5535000
2014-09-24,26.94237518310547,8603100
2014-09-25,26.537513732910156,10510900
2014-09-26,26.430103302001953,8856600
2014-09-29,26.238306045532227,7704400
2014-09-30,26.292007446289062,11576700
2014-10-01,25.893064498901367,10905600
2014-10-02,25.962114334106445,11709800
2014-10-03,26.276662826538086,11029300
2014-10-06,26.40709114074707,5672500
2014-10-07,26.023488998413086,8192100
2014-10-08,26.384071350097656,9728900
2014-10-09,25.81634521484375,9103300
2014-10-10,25.693584442138672,9733300
2014-10-13,25.30232048034668,8376900
2014-10-14,25.164228439331055,7750400
2014-10-15,25.064485549926758,13085700
2014-10-16,24.627172470092773,11855600
2014-10-17,25.026132583618164,9832400
2014-10-20,25.271623611450195,6908100
2014-10-21,25.494115829467773,6239000
2014-10-22,26.00047492980957,10236400
2014-10-23,26.16925621032715,8177700
2014-10-24,26.36872100830078,6261500
2014-10-27,26.644914627075195,7262600
2014-10-28,27.074552536010742,8664200
2014-10-29,26.798372268676758,8609400
2014-10-30,26.97481918334961,7240000
2014-10-31,27.051536560058594,10910100
2014-11-03,27.166616439819336,8322200
2014-11-04,26.87506866455078,8409600
2014-11-05,28.501543045043945,17787100
2014-11-06,29.030925750732422,12576600
2014-11-07,28.969541549682617,8803300
2014-11-10,29.076953887939453,8769900
2014-11-11,28.97720718383789,4715000
2014-11-12,29.0922908782959,5610600
2014-11-13,29.330123901367188,6757900
2014-11-14,29.27642059326172,6427300
2014-11-17,29.437536239624023,5473100
2014-11-18,29.690715789794922,8284800
2014-11-19,29.997594833374023,7761800
2014-11-20,29.867164611816406,6215500
2014-11-21,29.920873641967773,8871000
2014-11-24,29.9132022857666,6284500
2014-11-25,29.736743927001953,8107200
2014-11-26,29.920873641967773,4996400
2014-11-28,30.07431411743164,5607600
2014-12-01,29.905519485473633,8035400
2014-12-02,29.83648109436035,6878200
2014-12-03,29.667686462402344,9641400
2014-12-04,29.46821403503418,7161000
2014-12-05,29.537269592285156,7054100
2014-12-08,29.33780288696289,7372200
2014-12-09,29.583309173583984,6365200
2014-12-10,29.23806381225586,5921100
2014-12-11,29.2534122467041,5796800
2014-12-12,28.56291389465332,7082300
2014-12-15,28.133289337158203,8118300
2014-12-16,27.634613037109375,11494400
2014-12-17,27.61927032470703,11232800
2014-12-18,28.064252853393555,15582900
2014-12-19,28.616626739501953,14635000
2014-12-22,28.77005958557129,12316000
2014-12-23,28.831449508666992,6467100
2014-12-24,28.86980628967285,1883400
2014-12-26,28.969541549682617,3424900
2014-12-29,28.76156997680664,4834600
2014-12-30,28.51508903503418,3654000
2014-12-31,27.983604431152344,5024200
2015-01-02,28.337928771972656,7707700
2015-01-05,27.914295196533203,9621100
2015-01-06,27.721717834472656,7669500
2015-01-07,28.592117309570312,10418800
2015-01-08,28.954133987426758,8122100
2015-01-09,28.669147491455078,5642500
2015-01-12,28.3995361328125,8106500
2015-01-13,28.21469497680664,7869900
2015-01-14,28.153066635131836,7061900
2015-01-15,28.145362854003906,10607000
2015-01-16,28.453466415405273,7882400
2015-01-20,28.51508903503418,6190000
2015-01-21,28.61522102355957,9350800
2015-01-22,28.954133987426758,6091700
2015-01-23,28.453466415405273,7501900
2015-01-26,28.176177978515625,7362600
2015-01-27,27.791044235229492,8421800
2015-01-28,27.475236892700195,8297300
2015-01-29,27.52915382385254,12999700
2015-01-30,27.144025802612305,11748600
2015-02-02,27.54454803466797,7538500
2015-02-03,27.775636672973633,5381100
2015-02-04,27.744827270507812,7244800
2015-02-05,27.9296875,7104500
2015-02-06,27.660104751586914,7486800
2015-02-09,27.506038665771484,7487700
2015-02-10,27.58306884765625,10507100
2015-02-11,28.299421310424805,18260800
2015-02-12,28.48427963256836,11406800
2015-02-13,28.330224990844727,7604100
2015-02-17,28.61522102355957,11537000
2015-02-18,28.453466415405273,17922000
2015-02-19,28.49197769165039,7370300
2015-02-20,28.47657585144043,9729400
2015-02-23,28.49197769165039,7011900
2015-02-24,28.507375717163086,13505100
2015-02-25,28.23780059814453,8248500
2015-02-26,28.284006118774414,8769000
2015-02-27,28.453466415405273,16403600
2015-03-02,28.41495132446289,7019000
2015-03-03,28.222393035888672,6212000
2015-03-04,28.068344116210938,7404700
2015-03-05,28.12224578857422,6417300
2015-03-06,27.12861442565918,13454500
2015-03-09,27.282665252685547,8080400
2015-03-10,26.57403564453125,12835900
2015-03-11,26.450780868530273,11490000
2015-03-12,26.95915412902832,9737600
2015-03-13,26.58173179626465,9940000
2015-03-16,26.73578643798828,11929000
2015-03-17,26.466190338134766,9022600
2015-03-18,26.974557876586914,12694900
2015-03-19,26.6972713470459,7751500
2015-03-20,26.75889778137207,19649900
2015-03-23,27.190242767333984,13589900
2015-03-24,26.966873168945312,8390700
2015-03-25,27.58306884765625,23701300
2015-03-26,27.020788192749023,18564000
2015-03-27,27.500391006469727,16697900
2015-03-30,28.235279083251953,14393100
2015-03-31,27.918121337890625,10292200
2015-04-01,28.080562591552734,11030700
2015-04-02,28.335857391357422,11212700
2015-04-06,28.62206268310547,7198200
2015-04-07,28.62206268310547,6642300
2015-04-08,28.92376136779785,10971300
2015-04-09,28.916027069091797,8107100
2015-04-10,28.931503295898438,7331500
2015-04-13,28.815462112426758,8947300
2015-04-14,28.985652923583984,6829900
2015-04-15,29.047521591186523,6645000
2015-04-16,28.861875534057617,6393900
2015-04-17,28.598861694335938,7962700
2015-04-20,28.614330291748047,8323000
2015-04-21,28.25848960876465,19475100
2015-04-22,28.490564346313477,6069800
2015-04-23,28.475095748901367,20404500
2015-04-24,28.482818603515625,5066600
2015-04-27,28.46735954284668,8815700
2015-04-28,28.46735954284668,8316100
2015-04-29,29.93714141845703,25065400
2015-04-30,29.681861877441406,15768800
2015-05-01,29.898456573486328,8565100
2015-05-04,29.87525177001953,5774800
2015-05-05,29.643173217773438,8718800
2015-05-06,29.743730545043945,10249200
2015-05-07,30.15372657775879,12138600
2015-05-08,30.50958251953125,10479600
2015-05-11,30.424488067626953,7198600
2015-05-12,30.409011840820312,6415500
2015-05-13,30.409011840820312,9561900
2015-05-14,30.981460571289062,12284500
2015-05-15,31.290876388549805,9836700
2015-05-18,30.942768096923828,6962300
2015-05-19,31.136173248291016,8082700
2015-05-20,31.453338623046875,10110200
2015-05-21,31.18258285522461,8225600
2015-05-22,31.074289321899414,5994600
2015-05-26,30.8963680267334,7265300
2015-05-27,31.051076889038086,6041000
2015-05-28,31.306364059448242,10271800
2015-05-29,32.17274856567383,26361000
2015-06-01,31.476539611816406,13766700
2015-06-02,31.561634063720703,9509600
2015-06-03,31.73954963684082,10828100
2015-06-04,31.26766014099121,7098000
2015-06-05,30.95824432373047,10627900
2015-06-08,30.981460571289062,6477000
2015-06-09,31.112966537475586,5773100
2015-06-10,31.228994369506836,6769300
2015-06-11,31.221254348754883,5249800
2015-06-12,31.306364059448242,8530100
2015-06-15,31.02786636352539,6904600
2015-06-16,31.515220642089844,6080400
2015-06-17,31.553897857666016,5743000
2015-06-18,31.600317001342773,10692400
2015-06-19,31.747282028198242,12396700
2015-06-22,31.75503158569336,5133700
2015-06-23,31.793704986572266,3397400
2015-06-24,31.77823257446289,6045600
2015-06-25,31.77823257446289,6529600
2015-06-26,31.9179744720459,9259800
2015-06-29,31.708351135253906,9415700
2015-06-30,31.941282272338867,11869100
2015-07-01,32.30618667602539,6014400
2015-07-02,32.25960159301758,5568900
2015-07-06,32.034446716308594,9044900
2015-07-07,32.43816375732422,6288600
2015-07-08,32.15091323852539,5909200
2015-07-09,32.02668762207031,5367000
2015-07-10,32.15091323852539,4902900
2015-07-13,32.29842758178711,5675400
2015-07-14,32.515811920166016,7566100
2015-07-15,32.096561431884766,9288200
2015-07-16,32.58568572998047,5027100
2015-07-17,32.52358627319336,4658700
2015-07-20,32.46147155761719,3885900
2015-07-21,32.66334533691406,5908200
2015-07-22,32.80308151245117,6694500
2015-07-23,32.702152252197266,5404800
2015-07-24,32.63227081298828,5261500
2015-07-27,32.63227081298828,7911800
2015-07-28,33.23011016845703,8613900
2015-07-29,33.46302795410156,12208300
2015-07-30,35.14783477783203,17981400
2015-07-31,35.03913879394531,10824200
2015-08-03,35.31863784790039,7283600
2015-08-04,35.40403366088867,7557200
2015-08-05,35.93975067138672,11656200
2015-08-06,36.34349060058594,24387000
2015-08-07,35.80000305175781,15729600
2015-08-10,36.032920837402344,10550900
2015-08-11,35.792240142822266,9707800
2015-08-12,36.12610626220703,10157000
2015-08-13,35.72236633300781,14852900
2015-08-14,36.09504699707031,9531200
2015-08-17,35.8698844909668,9314600
2015-08-18,35.8310546875,10319200
2015-08-19,35.10124969482422,12630900
2015-08-20,34.16179275512695,17131700
2015-08-21,33.54068374633789,18153100
2015-08-24,32.57793426513672,27576300
2015-08-25,32.073265075683594,30474000
2015-08-26,32.764278411865234,17749600
2015-08-27,33.199039459228516,15441300
2015-08-28,33.23011016845703,8975500
2015-08-31,32.88849639892578,9426900
2015-09-01,31.84033966064453,12395600
2015-09-02,32.81861114501953,13792500
2015-09-03,33.571720123291016,15210700
2015-09-04,33.051536560058594,11496300
2015-09-08,33.33103942871094,9975900
2015-09-09,32.60121536254883,8492500
2015-09-10,32.904014587402344,12386900
2015-09-11,33.136932373046875,8590800
2015-09-14,32.82637405395508,6910700
2015-09-15,33.37763214111328,19709200
2015-09-16,33.41645431518555,10158300
2015-09-17,33.94440841674805,13481400
2015-09-18,33.26893615722656,14948000
2015-09-21,33.26893615722656,6328700
2015-09-22,32.60121536254883,8463900
2015-09-23,32.82637405395508,7650400
2015-09-24,32.709922790527344,12052300
2015-09-25,33.23011016845703,9682800
2015-09-28,32.32588577270508,14602900
2015-09-29,31.81141471862793,16543400
2015-09-30,32.63768768310547,14090700
2015-10-01,32.9027214050293,10225200
2015-10-02,33.955055236816406,11100800
2015-10-05,34.52408218383789,10663500
2015-10-06,34.22008514404297,7109200
2015-10-07,34.55527114868164,7653600
2015-10-08,35.31917190551758,7535900
2015-10-09,35.07752227783203,6205800
2015-10-12,35.11650848388672,4697400
2015-10-13,34.952796936035156,6393000
2015-10-14,34.87485885620117,4642500
2015-10-15,35.06193161010742,9133900
2015-10-16,35.740108489990234,9106300
2015-10-19,36.184410095214844,8092600
2015-10-20,35.65434265136719,7456700
2015-10-21,35.42829513549805,12220200
2015-10-22,36.589744567871094,11052100
2015-10-23,36.270172119140625,9352000
2015-10-26,36.480621337890625,6745200
2015-10-27,36.324710845947266,9294500
2015-10-28,36.1688232421875,8534800
2015-10-29,36.075286865234375,6002100
2015-10-30,35.98175048828125,6352300
2015-11-02,36.20000457763672,7222200
2015-11-03,36.1688232421875,6926300
2015-11-04,35.76347351074219,6504700
2015-11-05,35.76347351074219,5491000
2015-11-06,34.983978271484375,6990300
2015-11-09,34.60203170776367,9393300
2015-11-10,34.75792694091797,6648200
2015-11-11,34.66440963745117,5341500
2015-11-12,34.01740264892578,6861200
2015-11-13,33.7289924621582,7839100
2015-11-16,34.34479904174805,6136400
2015-11-17,34.157711029052734,6062500
2015-11-18,34.67218017578125,6210400
2015-11-19,34.750144958496094,5161500
2015-11-20,34.25905227661133,8815600
2015-11-23,34.360389709472656,10208200
2015-11-24,34.28241729736328,4521400
2015-11-25,34.243446350097656,5048800
2015-11-27,34.62540817260742,3258300
2015-11-30,34.03298568725586,11531800
2015-12-01,34.54746627807617,10622100
2015-12-02,34.188899993896484,5420200
2015-12-03,33.21452331542969,13964900
2015-12-04,34.687774658203125,11278000
2015-12-07,34.3214111328125,9224600
2015-12-08,34.29802322387695,6576100
2015-12-09,34.02519226074219,7023600
2015-12-10,34.28241729736328,8901600
2015-12-11,33.30805587768555,9971200
2015-12-14,33.76796340942383,9638700
2015-12-15,34.31361389160156,8237400
2015-12-16,34.960594177246094,9952200
2015-12-17,34.57864761352539,6994100
2015-12-18,33.752376556396484,21561100
2015-12-21,34.64099884033203,8812600
2015-12-22,34.851470947265625,6225600
2015-12-23,35.529624938964844,6618100
2015-12-24,35.3503532409668,2290100
2015-12-28,35.13209533691406,3668600
2015-12-29,35.79718017578125,5895900
2015-12-30,35.609375,5596400
2015-12-31,35.08513641357422,4648400
2016-01-04,34.26356887817383,11588700
2016-01-05,34.545249938964844,15463500
2016-01-06,34.420066833496094,19644700
2016-01-07,32.54216766357422,19806400
2016-01-08,32.072696685791016,14529700
2016-01-11,32.61260986328125,10232000
2016-01-12,32.95687484741211,10948500
2016-01-13,31.759735107421875,14091400
2016-01-14,32.36221694946289,12285700
2016-01-15,31.540624618530273,19074400
2016-01-19,32.44044494628906,14058400
2016-01-20,31.82232666015625,12802900
2016-01-21,31.556291580200195,9487300
2016-01-22,32.55000305175781,9510700
2016-01-25,31.454580307006836,13465200
2016-01-26,32.3543815612793,8127500
2016-01-27,32.174415588378906,7742400
2016-01-28,32.5108642578125,11620500
2016-01-29,33.72368621826172,14254500
2016-02-01,33.43416976928711,7960100
2016-02-02,32.823856353759766,11028300
2016-02-03,30.69559097290039,25931200
2016-02-04,29.74881935119629,18818500
2016-02-05,29.498437881469727,30568800
2016-02-08,28.434288024902344,24563800
2016-02-09,28.98984146118164,11313700
2016-02-10,29.75664710998535,12750800
2016-02-11,29.482784271240234,11391000
2016-02-12,29.81141471862793,7097900
2016-02-16,30.609516143798828,11137200
2016-02-17,31.14940071105957,11097700
2016-02-18,31.266775131225586,7250100
2016-02-19,31.14940071105957,13655500
2016-02-22,31.06334114074707,9490100
2016-02-23,31.352832794189453,8003400
2016-02-24,31.892744064331055,8985000
2016-02-25,32.53435516357422,8361600
2016-02-26,31.83795928955078,10024000
2016-02-29,31.712778091430664,10929200
2016-03-01,32.338741302490234,6839200
2016-03-02,32.25267028808594,7183800
2016-03-03,32.76907730102539,7876800
2016-03-04,32.964698791503906,6835900
2016-03-07,32.651710510253906,6901600
2016-03-08,32.37786102294922,7355000
2016-03-09,32.823856353759766,7012800
2016-03-10,32.60476303100586,6852600
2016-03-11,33.144657135009766,6996800
2016-03-14,33.05077362060547,4206500
2016-03-15,32.581295013427734,7375000
2016-03-16,32.64389419555664,10258800
2016-03-17,31.90839385986328,27291100
2016-03-18,31.877092361450195,21610300
2016-03-21,31.83795928955078,12193900
2016-03-22,31.227659225463867,16035100
2016-03-23,31.251123428344727,15611100
2016-03-24,30.914690017700195,10392800
2016-03-28,30.859901428222656,12690800
2016-03-29,31.51213836669922,9554800
2016-03-30,31.7950382232666,10805700
2016-03-31,31.527873992919922,11958500
2016-04-01,32.40802001953125,9114400
2016-04-04,32.392295837402344,8787800
2016-04-05,32.242977142333984,10274900
2016-04-06,32.91093063354492,9083900
2016-04-07,32.62804412841797,7580600
2016-04-08,33.25672149658203,8854400
2016-04-11,33.13097381591797,6692400
2016-04-12,33.319580078125,5689600
2016-04-13,33.555328369140625,7387600
2016-04-14,33.13097381591797,12085700
2016-04-15,33.806793212890625,7377900
2016-04-18,33.987548828125,5783800
2016-04-19,33.995399475097656,5339600
2016-04-20,33.9246711730957,6575700
2016-04-21,32.926666259765625,8755300
2016-04-22,33.15455627441406,7208100
2016-04-25,33.20957565307617,5820800
2016-04-26,33.39814758300781,8472700
2016-04-27,34.48262405395508,11940000
2016-04-28,34.08970260620117,7402600
2016-04-29,33.759647369384766,10307000
2016-05-02,34.820533752441406,8180300
2016-05-03,34.317596435546875,5867400
2016-05-04,34.317596435546875,5344700
2016-05-05,34.5140495300293,5104500
2016-05-06,34.521907806396484,4545900
2016-05-09,34.796958923339844,6360500
2016-05-10,35.394203186035156,5503400
2016-05-11,34.891258239746094,5150900
2016-05-12,35.24488830566406,9609400
2016-05-13,34.85982894897461,12203600
2016-05-16,34.985557556152344,5675900
2016-05-17,33.987548828125,8548700
2016-05-18,33.97968673706055,6612900
2016-05-19,34.003265380859375,5262500
2016-05-20,34.0739860534668,6185800
2016-05-23,33.94037628173828,6582100
2016-05-24,34.694793701171875,6476300
2016-05-25,34.74980545043945,5037600
2016-05-26,34.85196304321289,4381200
2016-05-27,35.18987274169922,5225600
2016-05-31,34.96197509765625,11593300
2016-06-01,35.22916793823242,6449000
2016-06-02,35.41777038574219,5327400
2016-06-03,35.55136489868164,4977600
2016-06-06,35.45705032348633,5831200
2016-06-07,35.62208557128906,5203700
2016-06-08,35.40205383300781,6205300
2016-06-09,35.53565216064453,4428500
2016-06-10,35.37846755981445,5624400
2016-06-13,34.71052169799805,7757800
2016-06-14,34.59263610839844,5282000
2016-06-15,34.44332504272461,5995500
2016-06-16,34.757667541503906,6131500
2016-06-17,34.60836410522461,9147400
2016-06-20,34.757667541503906,5726100
2016-06-21,34.954132080078125,5981000
2016-06-22,34.71837615966797,8507000
2016-06-23,35.24488830566406,5518600
2016-06-24,33.217411041259766,22314500
2016-06-27,32.518028259277344,12791800
2016-06-28,33.023040771484375,10393700
2016-06-29,33.90680694580078,10550400
2016-06-30,35.91106033325195,33312100
2016-07-01,35.595436096191406,12238500
2016-07-05,35.42972946166992,7820400
2016-07-06,35.66646194458008,6838600
2016-07-07,35.64278030395508,6842100
2016-07-08,36.37662887573242,8490300
2016-07-11,36.17935562133789,6572100
2016-07-12,36.08466339111328,6809500
2016-07-13,35.982078552246094,5362100
2016-07-14,36.04521560668945,6900100
2016-07-15,35.816383361816406,10023100
2016-07-18,35.840049743652344,4915600
2016-07-19,35.96630859375,6328500
2016-07-20,35.64278030395508,5168400
2016-07-21,35.65066909790039,7221500
2016-07-22,35.6112174987793,4097400
2016-07-25,36.10834503173828,9321400
2016-07-26,35.705909729003906,9026500
2016-07-27,34.67219924926758,8888300
2016-07-28,34.861595153808594,7129400
2016-07-29,34.70377731323242,8839900
2016-08-01,34.309234619140625,5903800
2016-08-02,33.95415496826172,6345200
2016-08-03,34.009395599365234,5070900
2016-08-04,33.53592300415039,8960600
2016-08-05,34.14353561401367,8541000
2016-08-08,34.26188659667969,4924600
2016-08-09,34.34080505371094,5518500
2016-08-10,34.30134201049805,3289400
2016-08-11,34.040950775146484,5343000
2016-08-12,34.06462097167969,10827500
2016-08-15,33.89891052246094,5194300
2016-08-16,33.69375228881836,4748400
2016-08-17,33.93836975097656,5585300
2016-08-18,34.11197280883789,4605100
2016-08-19,33.97781753540039,4704500
2016-08-22,34.088294982910156,3856900
2016-08-23,34.0961799621582,5753600
2016-08-24,33.93046951293945,4047800
2016-08-25,33.99361801147461,4833200
2016-08-26,33.97781753540039,4807800
2016-08-29,33.96204376220703,4381900
2016-08-30,35.30347442626953,14198400
2016-08-31,35.5244140625,11220500
2016-09-01,34.68009948730469,14287200
2016-09-02,34.86948776245117,5968000
2016-09-06,35.05096435546875,5182200
2016-09-07,34.40392303466797,7266100
2016-09-08,34.43549728393555,6539800
2016-09-09,33.21240997314453,10857200
2016-09-12,34.36446762084961,14138000
2016-09-13,33.68585205078125,11695500
2016-09-14,33.56751251220703,9360400
2016-09-15,33.94625473022461,6936700
2016-09-16,33.85946273803711,10721600
2016-09-19,33.82789993286133,13094700
2016-09-20,33.80422592163086,7264900
2016-09-21,33.87523651123047,10801400
2016-09-22,34.22243881225586,7446300
2016-09-23,34.05673599243164,4948100
2016-09-26,33.709529876708984,5585900
2016-09-27,34.05673599243164,8302200
2016-09-28,34.39753723144531,6266300
2016-09-29,34.191463470458984,8816400
2016-09-30,34.79381561279297,9351000
2016-10-03,34.69871520996094,5349900
2016-10-04,34.20732879638672,6014700
2016-10-05,34.10429000854492,5878300
2016-10-06,34.08843231201172,4203100
2016-10-07,33.83480453491211,6807500
2016-10-10,34.112205505371094,5214400
2016-10-11,33.54948043823242,6037300
2016-10-12,33.61289978027344,4281000
2016-10-13,33.18489074707031,5906700
2016-10-14,33.32755661010742,4500100
2016-10-17,33.2800178527832,4057300
2016-10-18,33.3830451965332,4991900
2016-10-19,33.390968322753906,5974200
2016-10-20,33.359275817871094,8088200
2016-10-21,33.454376220703125,7541300
2016-10-24,33.771400451660156,5457500
2016-10-25,33.89029312133789,9774700
2016-10-26,35.12670135498047,21415300
2016-10-27,34.79381561279297,7592200
2016-10-28,35.824161529541016,11470100
2016-10-31,35.61809158325195,10294100
2016-11-01,35.190101623535156,7425700
2016-11-02,34.86515426635742,7351700
2016-11-03,34.32620620727539,6943700
2016-11-04,33.771400451660156,7520800
2016-11-07,35.04743957519531,8820000
2016-11-08,36.46614074707031,15393600
2016-11-09,34.881004333496094,15781800
2016-11-10,33.22454071044922,20053100
2016-11-11,32.64595031738281,12640600
2016-11-14,32.828243255615234,11783100
2016-11-15,33.58118438720703,9941300
2016-11-16,33.72385025024414,9498200
2016-11-17,34.07257843017578,9950600
2016-11-18,34.01709747314453,9760000
2016-11-21,34.064659118652344,6073500
2016-11-22,34.39753723144531,7599300
2016-11-23,33.68421936035156,8454500
2016-11-25,34.302425384521484,3702900
2016-11-28,34.01709747314453,8303300
2016-11-29,33.969547271728516,4870700
2016-11-30,32.68559646606445,12184000
2016-12-01,32.3685417175293,14247000
2016-12-02,32.63010787963867,7444600
2016-12-05,32.51914978027344,7456100
2016-12-06,32.21797180175781,9695900
2016-12-07,33.24037170410156,8967700
2016-12-08,32.75691223144531,6691000
2016-12-09,33.2483024597168,6261600
2016-12-12,33.81104278564453,6232100
2016-12-13,34.14391326904297,7706400
2016-12-14,33.94576644897461,10851400
2016-12-15,35.43579864501953,21568200
2016-12-16,35.16633224487305,17684700
2016-12-19,35.340702056884766,17984700
2016-12-20,35.12670135498047,6531900
2016-12-21,35.562625885009766,8179300
2016-12-22,35.649784088134766,5285100
2016-12-23,35.67356872558594,2354000
2016-12-27,35.697349548339844,5964900
2016-12-28,35.5938720703125,8334300
2016-12-29,35.689388275146484,3226700
2016-12-30,35.28346633911133,5595100
2017-01-03,35.69733428955078,6169900
2017-01-04,35.65755844116211,4817700
2017-01-05,35.816734313964844,7145800
2017-01-06,35.864501953125,5118600
2017-01-09,35.570003509521484,6490100
2017-01-10,35.15610885620117,10070500
2017-01-11,35.872459411621094,8076800
2017-01-12,35.72918701171875,4278800
2017-01-13,35.498374938964844,5273100
2017-01-17,35.737144470214844,5090900
2017-01-18,35.840614318847656,5577000
2017-01-19,35.49040603637695,6937700
2017-01-20,35.975929260253906,9815200
2017-01-23,35.70530319213867,7453400
2017-01-24,35.761024475097656,8751900
2017-01-25,35.888370513916016,6783000
2017-01-26,35.50632858276367,4829800
2017-01-27,35.179988861083984,9441400
2017-01-30,35.36305618286133,7350200
2017-01-31,35.24367904663086,10229500
2017-02-01,34.933265686035156,6027200
2017-02-02,35.028770446777344,5258300
2017-02-03,35.30733871459961,5238700
2017-02-06,35.028770446777344,4567100
2017-02-07,34.9650993347168,7063200
2017-02-08,35.3949089050293,15334500
2017-02-09,35.57796096801758,11048800
2017-02-10,35.808780670166016,9971200
2017-02-13,35.840614318847656,6873100
2017-02-14,35.808780670166016,5640700
2017-02-15,36.11122512817383,5831900
2017-02-16,34.38408279418945,20664000
2017-02-17,33.82692337036133,29197400
2017-02-21,35.7928466796875,17097600
2017-02-22,35.53815841674805,8174900
2017-02-23,35.72918701171875,6280300
2017-02-24,36.11918258666992,5972200
2017-02-27,34.83774185180664,9277300
2017-02-28,34.957130432128906,8218900
2017-03-01,35.05265426635742,11534800
2017-03-02,34.845703125,7334000
2017-03-03,34.8059196472168,5758800
2017-03-06,34.742244720458984,5435700
2017-03-07,34.40794372558594,7799000
2017-03-08,34.3363037109375,7231200
2017-03-09,34.86162567138672,7432300
2017-03-10,34.90141677856445,7144600
2017-03-13,35.18796157836914,5812100
2017-03-14,34.909385681152344,9841200
2017-03-15,35.45856857299805,7940500
2017-03-16,35.72122573852539,6882600
2017-03-17,35.61776351928711,15067000
2017-03-20,35.37101364135742,6801100
2017-03-21,35.10039520263672,6383900
2017-03-22,35.02080535888672,5623500
2017-03-23,35.0367317199707,4556100
2017-03-24,34.86162567138672,5982600
2017-03-27,34.646732330322266,9414100
2017-03-28,34.78203582763672,6172400
2017-03-29,34.97389221191406,5171100
2017-03-30,34.59815979003906,6918400
2017-03-31,34.43829345703125,8233900
2017-04-03,34.41432571411133,12837500
2017-04-04,34.7420654296875,9833200
2017-04-05,35.18173599243164,8553700
2017-04-06,35.26166915893555,7272000
2017-04-07,35.317630767822266,5818000
2017-04-10,35.49350357055664,6773700
2017-04-11,35.221710205078125,5484000
2017-04-12,35.485504150390625,4753500
2017-04-13,35.205726623535156,3970300
2017-04-17,35.28565216064453,4854200
2017-04-18,35.76529312133789,6477400
2017-04-19,35.66936111450195,4718500
2017-04-20,35.9571418762207,4911700
2017-04-21,35.9251708984375,5962200
2017-04-24,36.284912109375,8241300
2017-04-25,36.38083267211914,6259400
2017-04-26,36.06905746459961,5464300
2017-04-27,35.97314453125,5047000
2017-04-28,35.99712371826172,4096900
2017-05-01,35.221710205078125,9300500
2017-05-02,34.965885162353516,13098200
2017-05-03,35.99712371826172,12416400
2017-05-04,36.01311492919922,10566800
2017-05-05,35.837242126464844,7279700
2017-05-08,35.645389556884766,7633000
2017-05-09,35.413543701171875,5785200
2017-05-10,35.373592376708984,5779500
2017-05-11,35.70135498046875,5402900
2017-05-12,35.86921691894531,7421900
2017-05-15,36.620662689208984,11000700
2017-05-16,36.38083267211914,10171600
2017-05-17,35.861228942871094,9529900
2017-05-18,35.97314453125,6291100
2017-05-19,36.556697845458984,6900600
2017-05-22,36.860469818115234,6732300
2017-05-23,36.81251907348633,6289600
2017-05-24,36.860469818115234,5632900
2017-05-25,37.196231842041016,4607400
2017-05-26,37.12428665161133,6810500
2017-05-30,37.06032943725586,5617200
2017-05-31,37.24419021606445,6041300
2017-06-01,37.531978607177734,5669300
2017-06-02,37.72383499145508,5887200
2017-06-05,37.571937561035156,6341900
2017-06-06,37.42005920410156,5246900
2017-06-07,37.38009262084961,4906700
2017-06-08,37.08431625366211,9503600
2017-06-09,36.46876907348633,10745900
2017-06-12,36.268917083740234,12968500
2017-06-13,36.48476028442383,7528100
2017-06-14,36.556697845458984,7121500
2017-06-15,36.67662048339844,6269700
2017-06-16,36.125022888183594,15425900
2017-06-19,36.35686111450195,5071600
2017-06-20,35.99712371826172,7156800
2017-06-21,35.9571418762207,7090200
2017-06-22,35.85322952270508,5005500
2017-06-23,35.8931999206543,8256200
2017-06-26,35.8931999206543,5281000
2017-06-27,35.14976119995117,10854000
2017-06-28,35.3585205078125,8867300
2017-06-29,34.61985778808594,6331500
2017-06-30,34.67605972290039,5790500
2017-07-03,34.68410110473633,4244400
2017-07-05,34.61985778808594,6965400
2017-07-06,34.571693420410156,7093500
2017-07-07,34.70014953613281,9145000
2017-07-10,34.56367492675781,5127600
2017-07-11,34.515480041503906,4886000
2017-07-12,34.716209411621094,5371000
2017-07-13,34.7563591003418,4927600
2017-07-14,35.02130126953125,6092600
2017-07-17,35.07748794555664,4479200
2017-07-18,35.16582107543945,3761300
2017-07-19,35.43879699707031,4785200
2017-07-20,35.173851013183594,6771900
2017-07-21,35.3504753112793,7572100
2017-07-24,35.12567138671875,5105900
2017-07-25,35.519081115722656,7325800
2017-07-26,35.50302505493164,4323300
2017-07-27,35.519081115722656,7559200
2017-07-28,35.27018356323242,6700600
2017-07-31,35.342437744140625,6959900
2017-08-01,35.02130126953125,6764800
2017-08-02,35.40666961669922,13439200
2017-08-03,34.85268783569336,10048600
2017-08-04,34.908897399902344,8144300
2017-08-07,35.31836700439453,7424900
2017-08-08,35.037349700927734,6064800
2017-08-09,34.9008674621582,4729400
2017-08-10,34.740299224853516,6059600
2017-08-11,34.997222900390625,4875000
2017-08-14,35.08552932739258,6213600
2017-08-15,35.21398162841797,7947400
2017-08-16,35.47893524169922,6632900
2017-08-17,34.85268783569336,6703400
2017-08-18,34.475341796875,6761000
2017-08-21,34.61183547973633,3841800
2017-08-22,34.87678146362305,3608500
2017-08-23,34.60380554199219,3860800
2017-08-24,33.62429428100586,16105600
2017-08-25,33.30314636230469,11397800
2017-08-28,33.15863037109375,12895800
2017-08-29,33.6323356628418,7619600
2017-08-30,33.423583984375,27452200
2017-08-31,32.644798278808594,16939200
2017-09-01,32.8214225769043,6811700
2017-09-05,32.700992584228516,10647000
2017-09-06,32.588600158691406,10298500
2017-09-07,32.885650634765625,12150300
2017-09-08,32.620697021484375,9829200
2017-09-11,33.070316314697266,8704500
2017-09-12,32.90171432495117,6191200
2017-09-13,33.014122009277344,8289300
2017-09-14,32.66085433959961,8554700
2017-09-15,32.80537796020508,11392300
2017-09-18,32.684940338134766,9676900
2017-09-19,32.58056640625,7553200
2017-09-20,32.444068908691406,11213800
2017-09-21,32.26743698120117,8272700
2017-09-22,32.15503692626953,15694000
2017-09-25,32.516334533691406,9303200
2017-09-26,32.620697021484375,9038600
2017-09-27,32.572547912597656,9336200
2017-09-28,32.70975875854492,7461800
2017-09-29,32.82278823852539,8136300
2017-10-02,33.177978515625,18913500
2017-10-03,33.04881286621094,8036200
2017-10-04,33.113399505615234,5735800
2017-10-05,33.177978515625,6758500
2017-10-06,33.20219421386719,5047100
2017-10-09,32.94386672973633,4700500
2017-10-10,33.46051025390625,10650000
2017-10-11,33.670387268066406,6807000
2017-10-12,33.75112533569336,5110200
2017-10-13,33.64616775512695,7051300
2017-10-16,33.54123306274414,4496800
2017-10-17,33.20219421386719,6209800
2017-10-18,32.94386672973633,5691600
2017-10-19,32.87929916381836,6209800
2017-10-20,33.113399505615234,7610900
2017-10-23,33.12953567504883,5457500
2017-10-24,33.169898986816406,8816600
2017-10-25,33.161834716796875,5941300
2017-10-26,33.024593353271484,6209100
2017-10-27,32.83892822265625,9946900
2017-10-30,31.724929809570312,13981600
2017-10-31,33.444366455078125,16672500
2017-11-01,33.31521987915039,7619900
2017-11-02,33.226409912109375,6897100
2017-11-03,33.073036193847656,5149800
2017-11-06,32.62904357910156,5571000
2017-11-07,33.26677322387695,7540400
2017-11-08,33.58160400390625,11386400
2017-11-09,33.379783630371094,6748500
2017-11-10,33.8641357421875,10149400
2017-11-13,33.944854736328125,6886700
2017-11-14,34.332332611083984,8426300
2017-11-15,33.8641357421875,8702700
2017-11-16,34.05787658691406,6832300
2017-11-17,34.14667892456055,9176600
2017-11-20,33.9932975769043,6252500
2017-11-21,34.16282272338867,6330500
2017-11-22,34.17089080810547,5872500
2017-11-24,34.02558898925781,3455200
2017-11-27,34.283897399902344,6480100
2017-11-28,34.396915435791016,5770800
2017-11-29,34.66330337524414,8954800
2017-11-30,34.66330337524414,9419200
2017-12-01,34.647159576416016,8957800
2017-12-04,34.8005485534668,9146300
2017-12-05,34.70367431640625,7055100
2017-12-06,34.97814178466797,8191800
2017-12-07,34.453433990478516,6837200
2017-12-08,34.42920684814453,5979600
2017-12-11,34.60679626464844,10830400
2017-12-12,34.6148796081543,14930600
2017-12-13,34.66330337524414,9000700
2017-12-14,34.52607727050781,9710300
2017-12-15,35.01850509643555,15777800
2017-12-18,34.8005485534668,11083700
2017-12-19,34.9135627746582,6997800
2017-12-20,34.67138671875,7022400
2017-12-21,34.79247283935547,6411100
2017-12-22,35.002349853515625,8862600
2017-12-26,35.05080032348633,6874000
2017-12-27,34.9135627746582,5565600
2017-12-28,34.93790817260742,5011600
2017-12-29,34.72693634033203,19611400
2018-01-02,34.41051483154297,6516100
2018-01-03,34.548439025878906,8633800
2018-01-04,34.62958908081055,8718800
2018-01-05,35.075828552246094,10811500
2018-01-08,34.8973388671875,8140300
2018-01-09,34.881107330322266,5805300
2018-01-10,34.589012145996094,6494700
2018-01-11,34.49164581298828,6526500
2018-01-12,34.45918655395508,7179400
2018-01-16,34.881107330322266,8659500
2018-01-17,35.587005615234375,11557700
2018-01-18,35.44095230102539,6824600
2018-01-19,35.8141975402832,8893300
2018-01-22,35.92778015136719,6940100
2018-01-23,36.10628128051758,6831600
2018-01-24,36.1793098449707,6794200
2018-01-25,36.08193588256836,7402900
2018-01-26,36.04137420654297,5733000
2018-01-29,36.138736724853516,10451700
2018-01-30,35.976463317871094,7110700
2018-01-31,36.02516555786133,14784000
2018-02-01,37.2178840637207,20120900
2018-02-02,36.91764831542969,10937100
2018-02-05,35.65190887451172,14324200
2018-02-06,36.14686584472656,12196800
2018-02-07,35.74117660522461,8322200
2018-02-08,34.62958908081055,13672600
2018-02-09,34.191444396972656,13993500
2018-02-12,34.507869720458984,15788600
2018-02-13,34.72693634033203,9240100
2018-02-14,34.85676193237305,10233100
2018-02-15,35.765506744384766,8637800
2018-02-16,35.8141975402832,6814900
2018-02-20,35.505859375,5158900
2018-02-21,35.39228057861328,10029700
2018-02-22,35.30302047729492,8485300
2018-02-23,35.49775695800781,8856200
2018-02-26,36.32536315917969,12241500
2018-02-27,35.708717346191406,11704100
2018-02-28,35.619468688964844,11833000
2018-03-01,35.39228057861328,8331200
2018-03-02,36.04137420654297,10029800
2018-03-05,36.560665130615234,7365100
2018-03-06,36.974464416503906,9352600
2018-03-07,35.35982894897461,20757100
2018-03-08,35.700592041015625,8374400
2018-03-09,35.91966247558594,9751800
2018-03-12,36.017024993896484,6134400
2018-03-13,35.73305892944336,7363000
2018-03-14,35.60323715209961,9521200
2018-03-15,35.20566177368164,5927200
2018-03-16,35.043373107910156,9650000
2018-03-19,34.361820220947266,17142800
2018-03-20,34.361820220947266,8369100
2018-03-21,34.10218048095703,14592000
2018-03-22,33.30703353881836,8815300
2018-03-23,32.868896484375,11222000
2018-03-26,33.53422927856445,7314400
2018-03-27,33.193443298339844,6786800
2018-03-28,33.111854553222656,9293100
2018-03-29,34.041839599609375,10988000
2018-04-02,33.20976638793945,9436800
2018-04-03,33.593162536621094,16719000
2018-04-04,34.319190979003906,9448900
2018-04-05,34.42524337768555,6981500
2018-04-06,33.837894439697266,6879100
2018-04-09,34.00103759765625,8871400
2018-04-10,34.049991607666016,7066700
2018-04-11,34.1234130859375,7828900
2018-04-12,34.28655242919922,6851700
2018-04-13,34.33551788330078,6816600
2018-04-16,34.44970703125,5820400
2018-04-17,34.18867111206055,5065600
2018-04-18,34.25392532348633,7385500
2018-04-19,33.45448684692383,7142200
2018-04-20,32.720298767089844,12143600
2018-04-23,32.916080474853516,7957300
2018-04-24,32.44292449951172,7894800
2018-04-25,32.36952590942383,6973500
2018-04-26,32.44292449951172,10153300
2018-04-27,32.573448181152344,7223500
2018-04-30,32.22269058227539,14581200
2018-05-01,31.8066463470459,9631500
2018-05-02,30.909305572509766,17155100
2018-05-03,30.648252487182617,9212400
2018-05-04,31.733224868774414,15714300
2018-05-07,31.561914443969727,7418500
2018-05-08,31.472179412841797,9404600
2018-05-09,31.627168655395508,7829900
2018-05-10,31.89636993408203,5762700
2018-05-11,32.00242614746094,7666100
2018-05-14,31.994266510009766,5870200
2018-05-15,32.149269104003906,9679700
2018-05-16,32.2390022277832,5989900
2018-05-17,32.2390022277832,5590600
2018-05-18,32.34504318237305,20267600
2018-05-21,32.0921630859375,7568100
2018-05-22,32.16557693481445,5687800
2018-05-23,32.181884765625,7629100
2018-05-24,32.27163314819336,5529600
2018-05-25,32.28794860839844,4827700
2018-05-29,32.08400344848633,8190900
2018-05-30,32.36952590942383,6252000
2018-05-31,32.0350456237793,9241500
2018-06-01,32.27163314819336,9289000
2018-06-04,32.45109939575195,7070700
2018-06-05,32.02689743041992,8095900
2018-06-06,32.21451950073242,7962900
2018-06-07,32.07583999633789,5882500
2018-06-08,32.45109939575195,7717300
2018-06-11,32.81818771362305,6848500
2018-06-12,32.98133850097656,8043400
2018-06-13,32.74477005004883,9251500
2018-06-14,32.95688247680664,7167800
2018-06-15,33.299495697021484,13370600
2018-06-18,32.77740478515625,8244800
2018-06-19,32.90790939331055,8610200
2018-06-20,33.250545501708984,8344300
2018-06-21,33.23422622680664,8834600
2018-06-22,33.69105529785156,8878400
2018-06-25,33.81340789794922,8599100
2018-06-26,33.593162536621094,4978200
2018-06-27,33.43817138671875,6409200
2018-06-28,33.544795989990234,5503500
2018-06-29,33.62680435180664,8391000
2018-07-02,33.511985778808594,4713700
2018-07-03,33.47098159790039,2751100
2018-07-05,34.332149505615234,7419100
2018-07-06,34.73402786254883,8891300
2018-07-09,34.58639907836914,3967600
2018-07-10,34.51258850097656,4697600
2018-07-11,34.652015686035156,4315400
2018-07-12,34.81604766845703,5232700
2018-07-13,35.127708435058594,4422900
2018-07-16,34.70123291015625,6823900
2018-07-17,35.127708435058594,7048200
2018-07-18,34.55360412597656,7347000
2018-07-19,34.6438102722168,6273300
2018-07-20,34.81604766845703,6759200
2018-07-23,34.18451690673828,6279600
2018-07-24,34.05329895019531,8714500
2018-07-25,34.036888122558594,9949500
2018-07-26,35.48857879638672,13448200
2018-07-27,35.18513488769531,8679800
2018-07-30,35.26714324951172,7855700
2018-07-31,35.57880783081055,9298700
2018-08-01,35.127708435058594,8114400
2018-08-02,35.39836502075195,7936100
2018-08-03,35.89046096801758,9908100
2018-08-06,35.48857879638672,6513800
2018-08-07,35.217918395996094,6774700
2018-08-08,34.76683807373047,4744600
2018-08-09,34.57819747924805,5395000
2018-08-10,34.39776611328125,4491500
2018-08-13,34.36496353149414,5502800
2018-08-14,34.34034729003906,4532500
2018-08-15,34.2911491394043,5594000
2018-08-16,34.53718948364258,5676800
2018-08-17,35.029293060302734,6394900
2018-08-20,35.1195068359375,5168200
2018-08-21,34.906272888183594,4496600
2018-08-22,34.66020584106445,3936000
2018-08-23,34.520782470703125,5435700
2018-08-24,34.76683807373047,4805800
2018-08-27,34.84885787963867,3897500
2018-08-28,34.652015686035156,3811400
2018-08-29,34.889854431152344,4799800
2018-08-30,34.80785369873047,6186200
2018-08-31,35.03749084472656,7662800
2018-09-04,34.955467224121094,7181600
2018-09-05,35.669029235839844,8690300
2018-09-06,35.669029235839844,5725200
2018-09-07,34.87346649169922,10937700
2018-09-10,35.18513488769531,4862900
2018-09-11,35.15230941772461,7440200
2018-09-12,35.554195404052734,5613100
2018-09-13,35.98068618774414,6232200
2018-09-14,35.92326736450195,5270500
2018-09-17,35.84946823120117,5999000
2018-09-18,35.65262222290039,6323700
2018-09-19,35.628021240234375,5093500
2018-09-20,35.98068618774414,6520100
2018-09-21,36.03809356689453,9146000
2018-09-24,35.6362190246582,4536700
2018-09-25,35.480377197265625,5128800
2018-09-26,35.4639892578125,5248700
2018-09-27,35.538238525390625,7603300
2018-09-28,35.447486877441406,8076800
2018-10-01,35.340213775634766,4216900
2018-10-02,35.67027282714844,3767700
2018-10-03,35.298954010009766,4868000
2018-10-04,34.96064758300781,7889100
2018-10-05,35.00191116333008,5568000
2018-10-08,35.41447448730469,6107300
2018-10-09,35.28245544433594,4161000
2018-10-10,34.87813949584961,8494100
2018-10-11,33.98699951171875,9004000
2018-10-12,33.929256439208984,7255300
2018-10-15,33.86323165893555,8538100
2018-10-16,34.06127166748047,8909600
2018-10-17,33.962249755859375,10388000
2018-10-18,33.86323165893555,5286500
2018-10-19,34.49032211303711,8480000
2018-10-22,34.19328308105469,5366000
2018-10-23,34.044761657714844,7299200
2018-10-24,34.09427261352539,7630600
2018-10-25,33.83022689819336,8908300
2018-10-26,33.09586715698242,11109500
2018-10-29,33.09586715698242,9576500
2018-10-30,34.75437545776367,15431600
2018-10-31,34.638851165771484,16335500
2018-11-01,34.96064758300781,10329900
2018-11-02,34.638851165771484,11262900
2018-11-05,35.2411994934082,7154500
2018-11-06,35.85179138183594,8077900
2018-11-07,36.025062561035156,7138300
2018-11-08,36.256103515625,5376300
2018-11-09,36.55315399169922,7150500
2018-11-12,36.676918029785156,9283300
2018-11-13,36.37162780761719,6624800
2018-11-14,36.10757827758789,7989100
2018-11-15,36.256103515625,7895500
2018-11-16,36.52839660644531,6467700
2018-11-19,36.66041946411133,8330000
2018-11-20,36.04981994628906,9174700
2018-11-21,35.87654113769531,5380800
2018-11-23,36.13233184814453,2774200
2018-11-26,36.26435089111328,7938800
2018-11-27,36.75117111206055,6531400
2018-11-28,36.65217208862305,8109400
2018-11-29,36.7429313659668,5649300
2018-11-30,37.114227294921875,12994500
2018-12-03,37.155487060546875,6953700
2018-12-04,36.69342041015625,8628200
2018-12-06,36.511898040771484,10941800
2018-12-07,36.14058303833008,6915900
2018-12-10,36.24785232543945,7251700
2018-12-11,36.4788932800293,10176200
2018-12-12,36.36335754394531,7562700
2018-12-13,36.59440231323242,6102000
2018-12-14,35.9343147277832,6502000
2018-12-17,35.32371139526367,7848900
2018-12-18,34.7708625793457,10439500
2018-12-19,34.16853332519531,11258800
2018-12-20,33.962249755859375,11418300
2018-12-21,33.56618881225586,17481400
2018-12-24,32.576026916503906,6641300
2018-12-26,33.005096435546875,8640100
2018-12-27,33.19487762451172,11149900
2018-12-28,33.12843322753906,7463500
2018-12-31,33.244712829589844,9114100
2019-01-02,33.12843322753906,7300800
2019-01-03,33.003868103027344,7454600
2019-01-04,33.91740798950195,7770200
2019-01-07,34.14995574951172,6095300
2019-01-08,34.94722366333008,11029300
2019-01-09,34.822654724121094,8532700
2019-01-10,35.16315460205078,7680200
2019-01-11,35.07179641723633,4755400
2019-01-14,35.27940368652344,10366400
2019-01-15,35.66144561767578,7624500
2019-01-16,35.43721008300781,6464600
2019-01-17,35.74449920654297,5860400
2019-01-18,36.010257720947266,7616800
2019-01-22,35.81924057006836,10983700
2019-01-23,36.134830474853516,8414000
2019-01-24,35.73619079589844,9214700
2019-01-25,35.47874069213867,5888400
2019-01-28,35.81094741821289,6437700
2019-01-29,36.068382263183594,7462500
2019-01-30,36.38397979736328,7714100
2019-01-31,38.418701171875,15658000
2019-02-01,37.84565353393555,13278200
2019-02-04,38.29411697387695,8774900
2019-02-05,38.1861572265625,5776800
2019-02-06,38.368858337402344,6653500
2019-02-07,38.61800765991211,9393900
2019-02-08,38.95021057128906,8905300
2019-02-11,39.406978607177734,10105900
2019-02-12,39.490028381347656,8742800
2019-02-13,39.53986358642578,6595200
2019-02-14,39.299015045166016,7871800
2019-02-15,39.996639251708984,10522200
2019-02-19,39.94679260253906,7861200
2019-02-20,39.855445861816406,10711200
2019-02-21,40.20426940917969,6209200
2019-02-22,39.6312141418457,12798800
2019-02-25,39.207645416259766,10070500
2019-02-26,39.390357971191406,7475300
2019-02-27,39.14121627807617,8153400
2019-02-28,39.166141510009766,8498500
2019-03-01,39.224266052246094,8114500
2019-03-04,39.02493667602539,9588000
2019-03-05,38.975128173828125,8406500
2019-03-06,39.00834655761719,5660900
2019-03-07,38.87547302246094,8070100
2019-03-08,38.684444427490234,6699800
2019-03-11,39.13291549682617,6326200
2019-03-12,38.991729736328125,5856600
2019-03-13,39.26580047607422,6289700
2019-03-14,39.32392883300781,5617300
2019-03-15,39.6976432800293,9676900
2019-03-18,39.896976470947266,5817900
2019-03-19,40.06306457519531,6252400
2019-03-20,40.01324462890625,6560100
2019-03-21,40.59458923339844,6773900
2019-03-22,40.80221176147461,6978800
2019-03-25,41.03475570678711,5390300
2019-03-26,41.350341796875,7059300
2019-03-27,41.21745681762695,7400100
2019-03-28,41.20075607299805,6416900
2019-03-29,41.676639556884766,6701200
2019-04-01,41.484619140625,6196000
2019-04-02,41.44287109375,5159500
2019-04-03,41.51801300048828,6810400
2019-04-04,41.451229095458984,5477200
2019-04-05,41.476261138916016,6246000
2019-04-08,41.41783142089844,6456400
2019-04-09,41.44287109375,5037500
2019-04-10,41.49296569824219,4539800
2019-04-11,41.467918395996094,4670500
2019-04-12,41.56810760498047,5016600
2019-04-15,41.97718811035156,7869000
2019-04-16,41.84360885620117,5150800
2019-04-17,41.93545913696289,4698100
2019-04-18,41.81856918334961,6407700
2019-04-22,41.89371109008789,5647100
2019-04-23,42.04398727416992,6446500
2019-04-24,42.06067657470703,4876900
2019-04-25,41.75177764892578,4503100
2019-04-26,41.98554229736328,4334400
2019-04-29,42.18590545654297,4852200
2019-04-30,42.453067779541016,8481300
2019-05-01,43.11260223388672,13043600
2019-05-02,42.97903060913086,9729600
2019-05-03,43.212799072265625,4419100
2019-05-06,43.0792121887207,5224200
2019-05-07,42.586647033691406,9827000
2019-05-08,42.586647033691406,6280500
2019-05-09,42.87049102783203,6125100
2019-05-10,43.30462646484375,5778400
2019-05-13,42.73691940307617,5682800
2019-05-14,43.09591293334961,6729900
2019-05-15,43.271236419677734,4342400
2019-05-16,44.081058502197266,8781200
2019-05-17,43.605186462402344,6956300
2019-05-20,43.655277252197266,6517300
2019-05-21,43.563446044921875,6732200
2019-05-22,43.48830795288086,6396900
2019-05-23,43.44655227661133,6261700
2019-05-24,43.521697998046875,4241000
2019-05-28,42.55324935913086,13265400
2019-05-29,42.71187210083008,7530400
2019-05-30,42.78701400756836,5699600
2019-05-31,42.453067779541016,7100000
2019-06-03,43.04582595825195,6747300
2019-06-04,43.53004837036133,7167400
2019-06-05,44.197940826416016,6665000
2019-06-06,44.63207244873047,5647900
2019-06-07,45.099586486816406,6644300
2019-06-10,45.241539001464844,5387800
2019-06-11,45.074554443359375,6519000
2019-06-12,45.54206848144531,5083800
2019-06-13,45.62556457519531,4758300
2019-06-14,45.959510803222656,4724800
2019-06-17,45.70905685424805,5031100
2019-06-18,45.55043029785156,5730900
2019-06-19,45.96786880493164,7161500
2019-06-20,46.30181121826172,6958200
2019-06-21,46.12649154663086,11755900
2019-06-24,46.19327926635742,4981400
2019-06-25,46.318511962890625,7037400
2019-06-26,45.466941833496094,7190700
2019-06-27,45.39983367919922,4210900
2019-06-28,45.21527862548828,8614400
2019-07-01,45.894771575927734,7216000
2019-07-02,46.09610366821289,3747500
2019-07-03,46.81753158569336,3816200
2019-07-05,46.55747604370117,3424700
2019-07-08,46.507144927978516,3959200
2019-07-09,46.456817626953125,3766100
2019-07-10,46.5826416015625,5311900
2019-07-11,45.82765579223633,6153600
2019-07-12,45.75215530395508,4587800
2019-07-15,45.886390686035156,4211300
2019-07-16,45.945091247558594,6540500
2019-07-17,46.04575729370117,5049100
2019-07-18,46.33096694946289,5381700
2019-07-19,46.04575729370117,5435700
2019-07-22,45.83604431152344,4058500
2019-07-23,45.96187973022461,5557600
2019-07-24,45.651493072509766,5555900
2019-07-25,45.643104553222656,3516800
2019-07-26,45.9786491394043,3706200
2019-07-29,46.020599365234375,4868500
2019-07-30,45.9786491394043,5496300
2019-07-31,44.87134552001953,10559900
2019-08-01,44.988773345947266,9150200
2019-08-02,45.097835540771484,6627900
2019-08-05,43.80597686767578,9489000
2019-08-06,44.317684173583984,7854000
2019-08-07,44.8126220703125,6947000
2019-08-08,46.09610366821289,7489800
2019-08-09,45.877986907958984,5750900
2019-08-12,45.50887680053711,5519900
2019-08-13,45.77732467651367,8147600
2019-08-14,44.62806701660156,8391200
2019-08-15,45.11460876464844,5258700
2019-08-16,45.75215530395508,5310300
2019-08-19,45.76893615722656,4950000
2019-08-20,45.290775299072266,4034600
2019-08-21,45.55082321166992,3181100
2019-08-22,45.72698974609375,3945600
2019-08-23,44.988773345947266,5542600
2019-08-26,45.68505096435547,4575300
2019-08-27,45.651493072509766,4612200
2019-08-28,46.03737258911133,4977500
2019-08-29,46.3729248046875,4074500
2019-08-30,46.32259750366211,4465800
2019-09-03,46.67490768432617,3483200
2019-09-04,47.14469528198242,5318100
2019-09-05,47.094356536865234,5001300
2019-09-06,47.50540542602539,4940000
2019-09-09,47.37957000732422,5781700
2019-09-10,45.57599639892578,8968600
2019-09-11,45.72698974609375,5544900
2019-09-12,45.9786491394043,5549700
2019-09-13,45.36627960205078,6183400
2019-09-16,45.34111404418945,3531200
2019-09-17,45.886390686035156,6701900
2019-09-18,45.90315628051758,7898900
2019-09-19,46.171600341796875,4922600
2019-09-20,45.844425201416016,11308800
2019-09-23,45.810890197753906,4831700
2019-09-24,46.179969787597656,6345500
2019-09-25,46.297428131103516,4330900
2019-09-26,46.71685028076172,4281000
2019-09-27,46.70421600341797,6598400
2019-09-30,46.64519119262695,4408100
2019-10-01,46.07181930541992,5420500
2019-10-02,45.515316009521484,6507000
2019-10-03,45.970638275146484,5163300
2019-10-04,47.20169448852539,5952400
2019-10-07,46.43438720703125,6075400
2019-10-08,46.004364013671875,5168200
2019-10-09,46.33321762084961,3460100
2019-10-10,46.72108459472656,4393900
2019-10-11,46.22360610961914,4810000
2019-10-14,45.71767807006836,4574400
2019-10-15,45.56591796875,3825900
2019-10-16,45.75984573364258,4969300
2019-10-17,46.06338882446289,4719700
2019-10-18,45.93690872192383,5027500
2019-10-21,45.169620513916016,5798600
2019-10-22,44.444461822509766,7910400
2019-10-23,44.393882751464844,6597500
2019-10-24,44.722721099853516,5610300
2019-10-25,44.49505615234375,5964300
2019-10-28,44.19151306152344,7759700
2019-10-29,44.545650482177734,8126700
2019-10-30,43.871097564697266,17324100
2019-10-31,44.225242614746094,5774700
2019-11-01,43.871097564697266,4841900
2019-11-04,43.626583099365234,6019200
2019-11-05,43.592857360839844,5747600
2019-11-06,44.03131103515625,5478400
2019-11-07,43.626583099365234,6795600
2019-11-08,43.61814498901367,3521300
2019-11-11,43.67716598510742,3506400
2019-11-12,43.904823303222656,3544000
2019-11-13,44.43604278564453,5811800
2019-11-14,44.604679107666016,5393300
2019-11-15,44.53721618652344,5060000
2019-11-18,44.75645446777344,5052600
2019-11-19,44.444461822509766,4760600
2019-11-20,44.19151306152344,4382000
2019-11-21,43.904823303222656,3848400
2019-11-22,43.67716598510742,3863500
2019-11-25,43.8795280456543,5633900
2019-11-26,44.36857986450195,7632300
2019-11-27,44.461326599121094,5210900
2019-11-29,44.30112838745117,4424700
2019-12-02,44.55408477783203,6162000
2019-12-03,44.79861068725586,8440100
2019-12-04,44.97567367553711,5537500
2019-12-05,45.371971130371094,5356100
2019-12-06,45.397274017333984,5047200
2019-12-09,45.6755256652832,5842800
2019-12-10,45.5827751159668,4258100
2019-12-11,45.47315979003906,5247300
2019-12-12,44.6721305847168,8056300
2019-12-13,44.8913688659668,6456200
2019-12-16,45.287662506103516,6690600
2019-12-17,45.608070373535156,7114600
2019-12-18,45.97907638549805,6938900
2019-12-19,46.50185012817383,6582700
2019-12-20,46.712642669677734,12464400
2019-12-23,46.14771270751953,7173500
2019-12-24,46.366939544677734,1833800
2019-12-26,46.24889373779297,3565400
2019-12-27,46.6114616394043,4229300
2019-12-30,46.61569595336914,3104000
2019-12-31,46.68351364135742,5039500
2020-01-02,46.0478401184082,7272900
2020-01-03,45.971561431884766,6791700
2020-01-06,45.89527893066406,5906400
2020-01-07,45.70032501220703,6716300
2020-01-08,45.81052780151367,5435400
2020-01-09,45.92917251586914,5653900
2020-01-10,45.98003387451172,4639000
2020-01-13,46.2681999206543,7528600
2020-01-14,45.92917251586914,5984200
2020-01-15,46.39533996582031,5681700
2020-01-16,46.776737213134766,5481700
2020-01-17,46.751319885253906,9336300
2020-01-21,47.0733757019043,9152600
2020-01-22,47.01405334472656,4505300
2020-01-23,46.988624572753906,6536600
2020-01-24,46.69197463989258,5916400
2020-01-27,46.352943420410156,5602900
2020-01-28,46.48856735229492,7426100
2020-01-29,46.242774963378906,5570500
2020-01-30,49.83643341064453,18286100
2020-01-31,48.63288497924805,14070000
2020-02-03,48.776973724365234,7686400
2020-02-04,48.675270080566406,7231700
2020-02-05,49.09056854248047,7629300
2020-02-06,49.51435470581055,5181000
2020-02-07,49.7177619934082,5942000
2020-02-10,49.98050308227539,5561900
2020-02-11,49.895751953125,4446600
2020-02-12,49.96355056762695,7041400
2020-02-13,50.031349182128906,5872000
2020-02-14,50.582279205322266,4959000
2020-02-18,50.56532287597656,6972600
2020-02-19,50.260196685791016,5448300
2020-02-20,50.03984451293945,5008600
2020-02-21,49.794044494628906,5709000
2020-02-24,48.938011169433594,6232200
2020-02-25,48.327762603759766,7636500
2020-02-26,48.192161560058594,9745500
2020-02-27,46.158023834228516,14101000
2020-02-28,44.75107192993164,14447200
2020-03-02,47.12424087524414,12252600
2020-03-03,46.437713623046875,13008200
2020-03-04,49.166847229003906,12787200
2020-03-05,48.192161560058594,10517000
2020-03-06,47.17510223388672,9781200
2020-03-09,45.717288970947266,15615200
2020-03-10,46.53942108154297,16742300
2020-03-11,44.36119079589844,14984300
2020-03-12,40.26750183105469,15533000
2020-03-13,43.15766906738281,15074300
2020-03-16,38.224876403808594,12679500
2020-03-17,41.37779235839844,15149300
2020-03-18,39.453834533691406,15316300
2020-03-19,38.53846740722656,15194400
2020-03-20,36.716217041015625,16245900
2020-03-23,35.53811264038086,13466900
2020-03-24,39.54706573486328,12476200
2020-03-25,39.080902099609375,12419800
2020-03-26,41.44559097290039,11595300
2020-03-27,40.58955764770508,8254400
2020-03-30,43.59508514404297,8356600
2020-03-31,42.699832916259766,9248700
2020-04-01,41.50613784790039,9069100
2020-04-02,42.95561599731445,6818100
2020-04-03,43.30519485473633,7788500
2020-04-06,44.362464904785156,9426700
2020-04-07,44.16635513305664,9592400
2020-04-08,44.15782928466797,5820700
2020-04-09,44.626773834228516,7990000
2020-04-13,44.353939056396484,5398700
2020-04-14,46.47698974609375,6905100
2020-04-15,45.794883728027344,7335700
2020-04-16,45.556148529052734,7143600
2020-04-17,45.598777770996094,10669600
2020-04-20,45.6073112487793,7040800
2020-04-21,43.552452087402344,8171000
2020-04-22,44.52445602416992,5691200
2020-04-23,43.765621185302734,9781200
2020-04-24,43.83382797241211,6263000
2020-04-27,43.89350891113281,8014600
2020-04-28,43.62918472290039,8869100
2020-04-29,43.526878356933594,9774300
2020-04-30,43.85940170288086,13343100
2020-05-01,43.228450775146484,7063000
2020-05-04,42.68277359008789,6857100
2020-05-05,42.90446472167969,5221300
2020-05-06,42.75099182128906,6255700
2020-05-07,42.76803207397461,5993500
2020-05-08,43.39899444580078,5846500
2020-05-11,43.30519485473633,5329700
2020-05-12,42.97266387939453,4474500
2020-05-13,42.25646209716797,4569600
2020-05-14,42.22235870361328,5148800
2020-05-15,42.59750747680664,6039000
2020-05-18,43.45867919921875,8508100
2020-05-19,42.53782272338867,5640000
2020-05-20,42.418460845947266,6851900
2020-05-21,42.017723083496094,5844400
2020-05-22,42.37582015991211,4240900
2020-05-26,42.28203582763672,7378200
2020-05-27,42.93003463745117,9120000
2020-05-28,43.83382797241211,6826800
2020-05-29,44.43919372558594,8322200
2020-06-01,44.5500373840332,4428400
2020-06-02,44.52445602416992,7972500
2020-06-03,44.41361999511719,4967000
2020-06-04,43.73151779174805,7552000
2020-06-05,44.788780212402344,15525900
2020-06-08,45.709625244140625,9139100
2020-06-09,45.146881103515625,5131300
2020-06-10,45.28330993652344,6183100
2020-06-11,43.08350372314453,8679600
2020-06-12,43.2540397644043,6011100
2020-06-15,43.67182540893555,5158400
2020-06-16,44.831417083740234,8363100
2020-06-17,44.94224166870117,5308000
2020-06-18,45.2662467956543,6471000
2020-06-19,44.81435012817383,9001400
2020-06-22,44.63531494140625,3625700
2020-06-23,44.2686767578125,3716700
2020-06-24,43.17729949951172,6112800
2020-06-25,43.33930969238281,4960200
2020-06-26,42.699832916259766,10389700
2020-06-29,43.37298583984375,4445800
2020-06-30,43.844600677490234,6149500
2020-07-01,43.80173110961914,5087500
2020-07-02,44.1533088684082,5529400
2020-07-06,44.264774322509766,4346600
2020-07-07,44.161888122558594,4954600
2020-07-08,43.938934326171875,3881100
2020-07-09,43.09857177734375,5077000
2020-07-10,44.110435485839844,5196000
2020-07-13,44.29051971435547,5932800
2020-07-14,45.319515228271484,6908200
2020-07-15,45.07942199707031,9312400
2020-07-16,45.48245620727539,5336400
2020-07-17,46.365684509277344,5672100
2020-07-20,45.808311462402344,5034600
2020-07-21,46.3399658203125,5546400
2020-07-22,46.77729415893555,4853300
2020-07-23,47.060279846191406,5232600
2020-07-24,47.05169677734375,5456900
2020-07-27,47.66053771972656,5039200
2020-07-28,47.77200698852539,6363900
2020-07-29,48.698123931884766,9324200
2020-07-30,47.823463439941406,7897200
2020-07-31,47.5833625793457,7444400
2020-08-03,47.5833625793457,4318500
2020-08-04,47.66053771972656,4717000
2020-08-05,47.29180145263672,4589200
2020-08-06,47.5833625793457,6048000
2020-08-07,47.677677154541016,5190300
2020-08-10,47.5833625793457,4450700
2020-08-11,47.334678649902344,4752100
2020-08-12,48.04642105102539,6796800
2020-08-13,48.02926254272461,3731000
2020-08-14,48.12359619140625,3934100
2020-08-17,48.46660232543945,4856700
2020-08-18,49.1097297668457,7077300
2020-08-19,48.672393798828125,7431900
2020-08-20,49.08400344848633,5137000
2020-08-21,49.28123474121094,6411200
2020-08-24,49.71856689453125,4441100
2020-08-25,49.641395568847656,4781600
2020-08-26,50.04441833496094,4798100
2020-08-27,49.847198486328125,4473100
2020-08-28,50.00154495239258,3865000
2020-08-31,50.09587097167969,6261900
2020-09-01,49.9072151184082,5355800
2020-09-02,50.60179901123047,5295900
2020-09-03,49.58994674682617,9118600
2020-09-04,49.632816314697266,8867400
2020-09-08,48.35511779785156,8459500
2020-09-09,49.306968688964844,7100000
2020-09-10,48.963958740234375,6721200
2020-09-11,49.34983444213867,6351300
2020-09-14,49.74428176879883,4612000
2020-09-15,49.812896728515625,5236300
2020-09-16,49.709991455078125,5677000
2020-09-17,49.05827331542969,8430800
2020-09-18,48.46660232543945,10463100
2020-09-21,47.8920783996582,6384600
2020-09-22,47.857765197753906,8876900
2020-09-23,47.00883865356445,7038300
2020-09-24,47.686256408691406,6233800
2020-09-25,48.15789031982422,4743000
2020-09-28,48.886775970458984,5477400
2020-09-29,48.70137405395508,6352500
2020-09-30,49.53779220581055,6130700
2020-10-01,49.9344482421875,5875300
2020-10-02,49.029048919677734,6198500
2020-10-05,49.21876525878906,5144800
2020-10-06,48.36509704589844,5015300
2020-10-07,48.45132827758789,4770100
2020-10-08,48.71863555908203,4483100
2020-10-09,49.40846252441406,4513600
2020-10-12,50.572532653808594,8333900
2020-10-13,50.7880973815918,5345400
2020-10-14,50.520790100097656,5130800
2020-10-15,50.305213928222656,5815000
2020-10-16,49.98617935180664,5871800
2020-10-19,49.29636001586914,3940700
2020-10-20,49.132530212402344,4131700
2020-10-21,48.994564056396484,4116900
2020-10-22,48.994564056396484,3528800
2020-10-23,48.8134880065918,3942500
2020-10-26,47.623531341552734,6983400
2020-10-27,47.433837890625,4402900
2020-10-28,45.830013275146484,6289000
2020-10-29,45.86449432373047,5951900
2020-10-30,45.804141998291016,6574100
2020-11-02,46.856109619140625,6042900
2020-11-03,46.92509460449219,7200700
2020-11-04,47.37346649169922,8391700
2020-11-05,47.97706985473633,5744700
2020-11-06,48.14952850341797,4527800
2020-11-09,48.21851348876953,8273800
2020-11-10,49.22737503051758,7449200
2020-11-11,49.78786087036133,5867500
2020-11-12,49.55504608154297,3890800
2020-11-13,50.06378936767578,4703700
2020-11-16,50.5984001159668,5018600
2020-11-17,50.47767639160156,4674100
2020-11-18,49.805110931396484,4978800
2020-11-19,49.66714096069336,6273800
2020-11-20,49.27048110961914,4884300
2020-11-23,49.451568603515625,4934700
2020-11-24,49.85683822631836,9101200
2020-11-25,49.572288513183594,4232600
2020-11-27,49.54641342163086,2644200
2020-11-30,49.53779220581055,7659600
2020-12-01,50.40869140625,7386200
2020-12-02,50.13276672363281,5054900
2020-12-03,50.49492263793945,7775400
2020-12-04,50.90018081665039,5384900
2020-12-07,50.36557388305664,4834700
2020-12-08,50.26211929321289,5313200
2020-12-09,49.7706184387207,8669600
2020-12-10,49.304988861083984,8654300
2020-12-11,49.494686126708984,4992600
2020-12-14,49.39983367919922,5204400
2020-12-15,49.53779220581055,5465400
2020-12-16,49.32223129272461,5727100
2020-12-17,49.951690673828125,7811300
2020-12-18,50.287986755371094,10574800
2020-12-21,49.736114501953125,5987400
2020-12-22,49.2877311706543,4886600
2020-12-23,49.451568603515625,4273400
2020-12-24,49.88270950317383,2347800
2020-12-28,50.2448616027832,3496500
2020-12-29,50.40008544921875,4479300
2020-12-30,50.28303146362305,4490400
2020-12-31,50.690494537353516,5321600
2021-01-04,50.21367645263672,9187200
2021-01-05,50.26569747924805,5421900
2021-01-06,50.17032241821289,7663200
2021-01-07,50.074974060058594,8589100
2021-01-08,50.447757720947266,6642700
2021-01-11,49.494110107421875,6761500
2021-01-12,49.693504333496094,7450900
2021-01-13,49.73686218261719,7276500
2021-01-14,49.68484115600586,7325200
2021-01-15,49.606815338134766,7410400
2021-01-19,49.53744888305664,6672100
2021-01-20,49.502784729003906,5179100
2021-01-21,48.65317916870117,6938100
2021-01-22,48.765872955322266,6241800
2021-01-25,49.30337905883789,7388700
2021-01-26,49.92758560180664,4759800
2021-01-27,48.91326904296875,7583000
2021-01-28,49.520118713378906,7522700
2021-01-29,48.06364822387695,14261000
2021-02-01,47.898921966552734,8868200
2021-02-02,48.68784713745117,7378600
2021-02-03,47.92493438720703,7583100
2021-02-04,48.54913330078125,7185500
2021-02-05,48.73119354248047,4961600
2021-02-08,48.56647491455078,5432600
2021-02-09,48.115665435791016,9534900
2021-02-10,47.898921966552734,12875300
2021-02-11,48.2717170715332,7487100
2021-02-12,47.8469123840332,7845200
2021-02-16,47.57815933227539,7615200
2021-02-17,47.612831115722656,9388500
2021-02-18,48.66183853149414,9498800
2021-02-19,47.0839958190918,7071900
2021-02-22,47.09265899658203,7170500
2021-02-23,47.50879669189453,8987600
2021-02-24,47.10133361816406,7121100
2021-02-25,46.84992218017578,7989900
2021-02-26,46.087005615234375,8862000
2021-03-01,46.520469665527344,7076300
2021-03-02,46.537818908691406,7706500
2021-03-03,45.896278381347656,10085600
2021-03-04,46.78056335449219,15288600
2021-03-05,48.185020446777344,13707800
2021-03-08,47.81222915649414,10432000
2021-03-09,48.219696044921875,8528800
2021-03-10,48.71385955810547,6147100
2021-03-11,48.7832145690918,7437900
2021-03-12,49.30337905883789,8551900
2021-03-15,49.61548614501953,6976800
2021-03-16,50.0922966003418,10309800
2021-03-17,50.21367645263672,8232300
2021-03-18,50.205013275146484,7947200
2021-03-19,50.36972427368164,17758000
2021-03-22,51.011268615722656,12187200
2021-03-23,50.803199768066406,6683800
2021-03-24,50.33505630493164,8280900
2021-03-25,50.768524169921875,6528900
2021-03-26,51.53144073486328,8498200
2021-03-29,52.172977447509766,7490500
2021-03-30,51.22739028930664,6674300
2021-03-31,51.009521484375,7599100
2021-04-01,50.93107604980469,7649900
2021-04-05,51.26225280761719,6538200
2021-04-06,51.49756622314453,6514100
2021-04-07,51.58470916748047,7403400
2021-04-08,51.40170669555664,4923000
2021-04-09,51.28840255737305,5341900
2021-04-12,51.07923889160156,7362300
2021-04-13,51.14896011352539,7038900
2021-04-14,50.82650375366211,5782700
2021-04-15,51.16638946533203,5618600
2021-04-16,51.21868133544922,8814100
2021-04-19,51.14896011352539,7065200
2021-04-20,51.60215377807617,7610700
2021-04-21,51.915889739990234,7953600
2021-04-22,51.89845657348633,8847700
2021-04-23,51.86359786987305,6588300
2021-04-26,51.21868133544922,7693900
2021-04-27,51.175106048583984,7653800
2021-04-28,53.05757141113281,15348000
2021-04-29,53.083717346191406,8424300
2021-04-30,52.99656677246094,9065800
2021-05-03,53.51945877075195,7229000
2021-05-04,52.93555450439453,9154200
2021-05-05,53.28416442871094,8432300
2021-05-06,53.78962707519531,6330300
2021-05-07,53.902931213378906,5903100
2021-05-10,54.09466552734375,6402300
2021-05-11,53.990081787109375,7675100
2021-05-12,53.65019226074219,7913800
2021-05-13,54.37354278564453,6788600
2021-05-14,54.35612487792969,5171400
2021-05-17,54.443275451660156,6976600
2021-05-18,54.190528869628906,4068100
2021-05-19,54.3299674987793,6217300
2021-05-20,55.00103759765625,6706800
2021-05-21,55.21892547607422,8476200
2021-05-24,55.4977912902832,5996400
2021-05-25,55.523948669433594,5383100
2021-05-26,55.4542236328125,6652300
2021-05-27,55.17534255981445,7659300
2021-05-28,55.36707305908203,9001000
2021-06-01,55.19276809692383,5889800
2021-06-02,55.44550323486328,6288800
2021-06-03,55.550086975097656,4715700
2021-06-04,55.794105529785156,4693200
2021-06-07,55.489078521728516,6339500
2021-06-08,55.15790939331055,6291000
2021-06-09,55.17534255981445,5561300
2021-06-10,55.4542236328125,6471900
2021-06-11,55.58494186401367,3479500
2021-06-14,55.59366226196289,4344500
2021-06-15,55.48036193847656,6101000
2021-06-16,54.6785774230957,7275400
2021-06-17,55.07075881958008,7435700
2021-06-18,54.155670166015625,16415000
2021-06-21,54.608856201171875,9008400
2021-06-22,54.791873931884766,6230000
2021-06-23,54.321258544921875,4656300
2021-06-24,54.60014724731445,5778900
2021-06-25,55.06203842163086,5676000
2021-06-28,55.07075881958008,4611300
2021-06-29,54.60216522216797,4480300
2021-06-30,54.68974685668945,5302300
2021-07-01,54.716033935546875,3955300
2021-07-02,54.82990646362305,4102900
2021-07-06,54.60216522216797,6979800
2021-07-07,55.224037170410156,4967000
2021-07-08,55.136444091796875,6660600
2021-07-09,55.197757720947266,4261700
2021-07-12,55.136444091796875,4914000
2021-07-13,55.24155044555664,5315100
2021-07-14,55.62693786621094,6923500
2021-07-15,56.16122055053711,5512100
2021-07-16,56.283851623535156,5256000
2021-07-19,56.07363510131836,8164500
2021-07-20,56.41523361206055,7253800
2021-07-21,56.07363510131836,4527900
2021-07-22,55.91598129272461,4920600
2021-07-23,56.83564758300781,5975200
2021-07-26,56.79185104370117,6054500
2021-07-27,57.13345718383789,6916800
2021-07-28,55.53060531616211,9224500
2021-07-29,55.46928024291992,7636500
2021-07-30,55.40797424316406,6402600
2021-08-02,55.5831413269043,5021600
2021-08-03,55.51307678222656,3766900
2021-08-04,54.05911636352539,8212200
2021-08-05,54.181739807128906,5693000
2021-08-06,54.102909088134766,6275200
2021-08-09,54.32188034057617,4784200
2021-08-10,54.339393615722656,5599400
2021-08-11,54.716033935546875,8304200
2021-08-12,54.645957946777344,5403500
2021-08-13,55.495567321777344,6595400
2021-08-16,55.78459930419922,6865400
2021-08-17,56.10867691040039,5525600
2021-08-18,55.15397262573242,4412300
2021-08-19,55.77583694458008,5700100
2021-08-20,55.609413146972656,4215500
2021-08-23,55.26782989501953,4777800
2021-08-24,54.52333068847656,5829800
2021-08-25,54.19049072265625,5669400
2021-08-26,53.813873291015625,4632800
2021-08-27,54.20802307128906,5779300
2021-08-30,54.44450378417969,4185500
2021-08-31,54.36567306518555,7390000
2021-09-01,54.593406677246094,4335900
2021-09-02,54.23429870605469,4346200
2021-09-03,54.05911636352539,5360700
2021-09-07,52.587646484375,7789700
2021-09-08,53.30587387084961,7162800
2021-09-09,53.08689880371094,4909300
2021-09-10,52.75406265258789,5596600
2021-09-13,53.22703170776367,7723100
2021-09-14,52.85917282104492,3858500
2021-09-15,52.99930191040039,5385200
2021-09-16,53.174476623535156,7513200
2021-09-17,53.37593460083008,16980400
2021-09-20,52.92923355102539,11213100
2021-09-21,52.74530792236328,7156700
2021-09-22,53.0431022644043,4999000
2021-09-23,53.19199752807617,6197500
2021-09-24,52.8679313659668,6647100
2021-09-27,52.088401794433594,6614000
2021-09-28,51.413970947265625,9139500
2021-09-29,52.03076171875,7399100
2021-09-30,51.264183044433594,6778300
2021-10-01,51.29060745239258,6266400
2021-10-04,51.16725158691406,8281800
2021-10-05,51.83692169189453,8160900
2021-10-06,53.044071197509766,11222800
2021-10-07,52.77090835571289,7540700
2021-10-08,52.4625244140625,5787700
2021-10-11,52.35678482055664,5266400
2021-10-12,52.57705307006836,6343100
2021-10-13,52.83259582519531,5639000
2021-10-14,53.42294692993164,4941500
2021-10-15,53.00000762939453,10518900
2021-10-18,52.64755630493164,4434200
2021-10-19,52.68280792236328,6978000
2021-10-20,53.123374938964844,4228900
2021-10-21,53.00881576538086,5713400
2021-10-22,53.326026916503906,3822600
2021-10-25,53.16741943359375,4979500
2021-10-26,53.599185943603516,3938700
2021-10-27,53.21147918701172,5127600
2021-10-28,53.70491027832031,5106100
2021-10-29,53.51987075805664,5074300
2021-11-01,53.6696662902832,5322600
2021-11-02,54.0661735534668,5385800
2021-11-03,54.92967987060547,7451100
2021-11-04,54.70940017700195,5914100
2021-11-05,54.85919189453125,4609300
2021-11-08,54.524356842041016,4321100
2021-11-09,54.841575622558594,4258400
2021-11-10,55.27333068847656,7044000
2021-11-11,55.044227600097656,3661500
2021-11-12,55.3173828125,5176500
2021-11-15,55.379058837890625,3503300
2021-11-16,55.044227600097656,6405000
2021-11-17,54.77988815307617,10948900
2021-11-18,54.92967987060547,7297800
2021-11-19,53.326026916503906,10543300
2021-11-22,53.722530364990234,7272400
2021-11-23,54.1102294921875,6544200
2021-11-24,54.03092575073242,5120400
2021-11-26,53.08811950683594,4999800
2021-11-29,53.4317741394043,6253700
2021-11-30,51.933841705322266,10679700
2021-12-01,51.59901428222656,5762300
2021-12-02,52.39202880859375,7525700
2021-12-03,53.096927642822266,7735400
2021-12-06,54.11903762817383,5921100
2021-12-07,54.1102294921875,7717900
2021-12-08,53.64323425292969,6678500
2021-12-09,53.74016189575195,3518600
2021-12-10,54.85919189453125,6999100
2021-12-13,55.66102600097656,9512200
2021-12-14,55.85487365722656,10391100
2021-12-15,57.08845138549805,11735100
2021-12-16,57.88146209716797,10808500
2021-12-17,57.23824691772461,12439900
2021-12-20,57.07963562011719,8996200
2021-12-21,56.6743278503418,6771200
2021-12-22,57.12370300292969,5122900
2021-12-23,57.22062683105469,3943300
2021-12-27,57.73167419433594,3813200
2021-12-28,58.1634407043457,3254900
2021-12-29,58.48064041137695,4753900
2021-12-30,58.24147033691406,5563000
2021-12-31,58.737518310546875,5076700
2022-01-03,58.436344146728516,8978100
2022-01-04,58.86153793334961,7519400
2022-01-05,59.7119026184082,10723200
2022-01-06,59.685325622558594,9204600
2022-01-07,59.8359260559082,6454800
2022-01-10,59.37529373168945,6823800
2022-01-11,59.579036712646484,5295500
2022-01-12,59.67647171020508,5798100
2022-01-13,59.9156379699707,6692100
2022-01-14,60.3231086730957,6337600
2022-01-18,59.67647171020508,6739500
2022-01-19,59.88019561767578,7244900
2022-01-20,60.021942138671875,10461100
2022-01-21,60.553409576416016,18880800
2022-01-24,59.889076232910156,13793300
2022-01-25,59.33101272583008,12863000
2022-01-26,59.01212692260742,10027600
2022-01-27,59.76504898071289,12175700
2022-01-28,58.834957122802734,15471000
2022-01-31,59.37529373168945,9657600
2022-02-01,59.06526565551758,6609500
2022-02-02,60.14595031738281,6882100
2022-02-03,60.18137741088867,7276500
2022-02-04,59.36643981933594,7909600
2022-02-07,59.773902893066406,6760900
2022-02-08,60.27881622314453,6590200
2022-02-09,60.1990966796875,5557700
2022-02-10,59.144989013671875,7609200
2022-02-11,59.08298873901367,8130100
2022-02-14,58.586936950683594,7225500
2022-02-15,58.34777069091797,6779000
2022-02-16,58.20603942871094,6103200
2022-02-17,58.51607131958008,7492700
2022-02-18,58.462928771972656,6050500
2022-02-22,58.87925338745117,8937100
2022-02-23,58.710960388183594,7177300
2022-02-24,57.26709747314453,10323900
2022-02-25,59.13614273071289,7561800
2022-02-28,58.00231170654297,7916600
2022-03-01,56.99249267578125,8740800
2022-03-02,57.311378479003906,7452400
2022-03-03,57.497398376464844,6539700
2022-03-04,56.540740966796875,10949600
2022-03-07,55.389190673828125,13768300
2022-03-08,53.85675811767578,13037600
2022-03-09,54.29079818725586,8709400
2022-03-10,53.28983688354492,7342000
2022-03-11,52.36861038208008,9385100
2022-03-14,52.563480377197266,9806700
2022-03-15,54.18449401855469,9677200
2022-03-16,54.87542724609375,12071100
2022-03-17,55.15888977050781,7243600
2022-03-18,54.48567199707031,12832900
2022-03-21,54.36166000366211,8934000
2022-03-22,54.538818359375,7529800
2022-03-23,53.83903884887695,7435600
2022-03-24,53.901039123535156,10921000
2022-03-25,54.494529724121094,6223100
2022-03-28,54.538818359375,8029500
2022-03-29,55.85866928100586,9902500
2022-03-30,55.89430618286133,6171600
2022-03-31,55.9210205078125,8379600
2022-04-01,56.58907699584961,6898700
2022-04-04,56.15261459350586,6155500
2022-04-05,56.125885009765625,5364800
2022-04-06,56.304039001464844,5389600
2022-04-07,56.019004821777344,7458000
2022-04-08,56.47329330444336,7833600
2022-04-11,56.48219299316406,9693800
2022-04-12,56.71378707885742,7379200
2022-04-13,56.874114990234375,5873500
2022-04-14,56.75832748413086,6651300
2022-04-18,56.62471008300781,5777600
2022-04-19,58.085540771484375,7233700
2022-04-20,58.54872131347656,8234600
2022-04-21,58.64670181274414,6418800
2022-04-22,57.95191955566406,7740700
2022-04-25,58.59326171875,8913900
2022-04-26,57.04335403442383,9883800
2022-04-27,57.052268981933594,9892400
2022-04-28,58.98518753051758,9786400
2022-04-29,57.43529510498047,10385400
2022-05-02,56.8206787109375,10049400
2022-05-03,57.622344970703125,9538700
2022-05-04,58.958465576171875,8348000
2022-05-05,58.10334014892578,8843800
2022-05-06,58.54872131347656,9037800
2022-05-09,59.038639068603516,11709000
2022-05-10,58.71796417236328,10974900
2022-05-11,58.39728927612305,9728200
2022-05-12,58.50418472290039,8676400
2022-05-13,59.12769317626953,7884200
2022-05-16,58.90501403808594,7955000
2022-05-17,58.539817810058594,10053400
2022-05-18,54.282047271728516,12698500
2022-05-19,54.43347930908203,10834400
2022-05-20,54.504730224609375,14293200
2022-05-23,55.261863708496094,7476200
2022-05-24,56.11698532104492,6505400
2022-05-25,55.555809020996094,8517400
2022-05-26,55.67161178588867,5930800
2022-05-27,56.793949127197266,8631200
2022-05-31,56.615806579589844,8767500
2022-06-01,56.03681564331055,7621800
2022-06-02,56.15261459350586,7719200
2022-06-03,55.59144592285156,6221300
2022-06-06,55.62706756591797,4556100
2022-06-07,56.33076477050781,5929700
2022-06-08,55.778499603271484,3861200
2022-06-09,54.540367126464844,7124600
2022-06-10,54.157344818115234,8265400
2022-06-13,52.73215103149414,8704100
2022-06-14,52.0819091796875,7096500
2022-06-15,52.589637756347656,9212300
2022-06-16,52.20661163330078,7999200
2022-06-17,52.375850677490234,11416100
2022-06-21,53.2844123840332,10582700
2022-06-22,53.69415283203125,10349500
2022-06-23,54.371124267578125,6459900
2022-06-24,55.80522155761719,6571600
2022-06-27,55.787410736083984,5213300
2022-06-28,54.97682571411133,6735200
2022-06-29,55.58599090576172,5056600
2022-06-30,55.621822357177734,7291000
2022-07-01,56.74161148071289,9481200
2022-07-05,55.971195220947266,9230900
2022-07-06,55.90848922729492,8540500
2022-07-07,55.872650146484375,9442400
2022-07-08,55.935359954833984,4951700
2022-07-11,55.79203414916992,5223500
2022-07-12,56.04286575317383,5921500
2022-07-13,55.51432418823242,5062800
2022-07-14,54.53787612915039,7261400
2022-07-15,54.41245651245117,6310300
2022-07-18,53.80329895019531,6884800
2022-07-19,55.02161407470703,8699600
2022-07-20,55.04849624633789,6356100
2022-07-21,54.95890808105469,4398700
2022-07-22,55.5322380065918,4779700
2022-07-25,56.222023010253906,6353400
2022-07-26,56.383270263671875,7701100
2022-07-27,57.00139236450195,8297500
2022-07-28,57.51201248168945,5228500
2022-07-29,57.36867904663086,6196400
2022-08-01,58.1301383972168,6121600
2022-08-02,58.01367950439453,5186400
2022-08-03,58.34513473510742,5314000
2022-08-04,57.556800842285156,5672800
2022-08-05,57.126808166503906,5679900
2022-08-08,57.27909851074219,4928700
2022-08-09,57.27013397216797,3475500
2022-08-10,57.75388717651367,3597400
2022-08-11,57.59264373779297,3636300
2022-08-12,57.51201248168945,4838300
2022-08-15,58.389923095703125,4763700
2022-08-16,59.08867263793945,5257200
2022-08-17,58.685550689697266,4194600
2022-08-18,58.72138595581055,3596400
2022-08-19,58.55117416381836,5057100
2022-08-22,57.78971481323242,5429800
2022-08-23,57.082027435302734,5409800
2022-08-24,57.87034225463867,5911400
2022-08-25,57.74492645263672,4375200
2022-08-26,56.195159912109375,7071900
2022-08-29,55.971195220947266,5480900
2022-08-30,55.40682601928711,4850300
2022-08-31,55.41577911376953,9945100
2022-09-01,55.51432418823242,7562500
2022-09-02,54.403499603271484,6262700
2022-09-06,53.74954605102539,8906800
2022-09-07,55.02161407470703,8278100
2022-09-08,54.60057830810547,5605500
2022-09-09,54.94099807739258,6341300
2022-09-12,55.451622009277344,5887200
2022-09-13,53.64204406738281,8652900
2022-09-14,53.96455383300781,6543400
2022-09-15,53.36435317993164,6629600
2022-09-16,54.01830291748047,11923900
2022-09-19,54.0899658203125,7782700
2022-09-20,53.52559280395508,6295200
2022-09-21,53.52559280395508,8873000
2022-09-22,53.570377349853516,7005900
2022-09-23,52.808937072753906,6145400
2022-09-26,52.27143478393555,7200000
2022-09-27,51.5816535949707,7415400
2022-09-28,52.083316802978516,6262700
2022-09-29,51.104854583740234,7336400
2022-09-30,49.445552825927734,14651500
2022-10-03,50.816287994384766,11676200
2022-10-04,51.88041305541992,11281900
2022-10-05,51.6188850402832,4901100
2022-10-06,50.509674072265625,6069700
2022-10-07,49.83333206176758,6753300
2022-10-10,50.157962799072266,6944600
2022-10-11,50.75315856933594,7976200
2022-10-12,51.249149322509766,8280200
2022-10-13,52.01567459106445,10000100
2022-10-14,51.34834671020508,7916400
2022-10-17,51.79924392700195,7340600
2022-10-18,52.61988067626953,6349100
2022-10-19,52.033714294433594,4619000
2022-10-20,51.321292877197266,5723200
2022-10-21,51.718082427978516,9719900
2022-10-24,52.97157669067383,6487800
2022-10-25,53.4856071472168,7080600
2022-10-26,54.017669677734375,6620200
2022-10-27,54.38740158081055,7547500
2022-10-28,55.640907287597656,6263700
2022-10-31,55.44251251220703,6840600
2022-11-01,55.79420852661133,8507500
2022-11-02,56.434486389160156,11491100
2022-11-03,55.911441802978516,8159800
2022-11-04,57.01164627075195,7507300
2022-11-07,58.06673812866211,6480100
2022-11-08,57.64289093017578,6772100
2022-11-09,57.164939880371094,5584400
2022-11-10,58.59880447387695,8601500
2022-11-11,58.43648147583008,6384600
2022-11-14,57.80521774291992,5870400
2022-11-15,58.301212310791016,5930900
2022-11-16,58.61683654785156,4711100
2022-11-17,58.120845794677734,5152200
2022-11-18,58.60781478881836,4973200
2022-11-21,59.383358001708984,5824700
2022-11-22,59.79818344116211,4077900
2022-11-23,60.122840881347656,3235800
2022-11-25,60.140869140625,2212200
2022-11-28,59.653907775878906,3755200
2022-11-29,59.563720703125,3673500
2022-11-30,60.97053527832031,8415200
2022-12-01,61.40336990356445,5846500
2022-12-02,61.60177993774414,3798400
2022-12-05,60.80820083618164,4190000
2022-12-06,60.68195724487305,4819600
2022-12-07,61.34928512573242,7222700
2022-12-08,60.95248031616211,5929800
2022-12-09,60.474544525146484,4819200
2022-12-12,60.76310348510742,6225000
2022-12-13,60.96149826049805,6992100
2022-12-14,60.65489959716797,7986500
2022-12-15,59.87034225463867,7717300
2022-12-16,59.662925720214844,17584900
2022-12-19,59.24808883666992,7117200
2022-12-20,59.383358001708984,5718300
2022-12-21,60.32123947143555,5608500
2022-12-22,60.17695999145508,4856700
2022-12-23,60.5106086730957,3365200
2022-12-27,60.862308502197266,3139400
2022-12-28,60.26713562011719,3499200
2022-12-29,60.74331283569336,3277700
2022-12-30,60.45307159423828,4335300
2023-01-03,60.09025573730469,6545300
2023-01-04,60.525638580322266,6086900
2023-01-05,60.035831451416016,5353400
2023-01-06,61.6956901550293,5845500
2023-01-09,60.98821258544922,4132700
2023-01-10,61.05168533325195,3560600
2023-01-11,61.28752517700195,4928700
2023-01-12,60.552833557128906,4945800
2023-01-13,60.824954986572266,4712700
2023-01-17,60.78866958618164,6245300
2023-01-18,58.56645584106445,6751700
2023-01-19,57.90433120727539,5933700
2023-01-20,58.08573532104492,7524300
2023-01-23,58.37598419189453,6108900
2023-01-24,58.81134796142578,5025000
2023-01-25,58.956478118896484,4505600
2023-01-26,58.5211067199707,5051500
2023-01-27,58.7025146484375,7141800
2023-01-30,58.81134796142578,7920700
2023-01-31,59.35557174682617,5938700
2023-02-01,60.525638580322266,8004500
2023-02-02,60.462135314941406,6776200
2023-02-03,59.781864166259766,6271300
2023-02-06,60.01769256591797,4852700
2023-02-07,59.02903747558594,8080500
2023-02-08,58.76599884033203,4792500
2023-02-09,58.31249237060547,4150000
2023-02-10,59.40998458862305,5509500
2023-02-13,60.108394622802734,5588200
2023-02-14,59.55512619018555,5053000
2023-02-15,59.582313537597656,3746400
2023-02-16,59.57324981689453,6419600
2023-02-17,60.63447189331055,7339800
2023-02-21,60.407711029052734,6742100
2023-02-22,60.072120666503906,5358300
2023-02-23,59.92699432373047,4637300
2023-02-24,59.45534896850586,5240300
2023-02-27,59.53697204589844,3328900
2023-02-28,59.11974334716797,5597000
2023-03-01,58.22179412841797,5115900
2023-03-02,59.28300476074219,6635100
2023-03-03,59.600467681884766,5641200
2023-03-06,59.57324981689453,3878900
2023-03-07,58.784149169921875,4850700
2023-03-08,59.03810501098633,3015400
2023-03-09,58.738792419433594,4065900
2023-03-10,58.86577606201172,5744800
2023-03-13,59.44626998901367,11336500
2023-03-14,60.12653350830078,7653600
2023-03-15,60.226318359375,8512800
2023-03-16,60.71609878540039,7079900
2023-03-17,60.226318359375,13634200
2023-03-20,61.43266296386719,8081300
2023-03-21,61.52335739135742,8566100
2023-03-22,61.0970458984375,6989600
2023-03-23,60.9519157409668,6043900
2023-03-24,62.6208381652832,7200600
2023-03-27,62.72969436645508,6253800
2023-03-28,63.11970138549805,5725900
2023-03-29,63.82719039916992,4833500
2023-03-30,63.45783233642578,7116000
2023-03-31,63.58551025390625,7037300
2023-04-03,64.04150390625,5755700
2023-04-04,64.31511688232422,4397700
2023-04-05,65.11768341064453,5789300
2023-04-06,64.7984848022461,5024100
2023-04-10,64.32425689697266,4965500
2023-04-11,64.12359619140625,5060100
2023-04-12,64.03238677978516,6794200
2023-04-13,64.24214935302734,5410000
2023-04-14,63.667579650878906,4423600
2023-04-17,64.07799530029297,5178500
2023-04-18,64.29688262939453,3782300
2023-04-19,64.16920471191406,4785100
2023-04-20,64.78024291992188,4808000
2023-04-21,65.04470825195312,4546000
2023-04-24,65.49161529541016,4203400
2023-04-25,66.12088775634766,5980400
2023-04-26,65.96585083007812,5877200
2023-04-27,67.32476043701172,7665100
2023-04-28,69.9696044921875,14861600
2023-05-01,70.42559814453125,6670400
2023-05-02,70.77216339111328,7971900
2023-05-03,70.24317932128906,5957400
2023-05-04,70.48945617675781,5725400
2023-05-05,70.73567962646484,5461000
2023-05-08,71.23728942871094,5676500
2023-05-09,71.03665161132812,3825700
2023-05-10,71.03665161132812,5160400
2023-05-11,71.46530151367188,3679500
2023-05-12,71.02752685546875,5085400
2023-05-15,70.89073944091797,3189500
2023-05-16,70.9545669555664,4389300
2023-05-17,70.43472290039062,4907800
2023-05-18,70.47118377685547,5040200
2023-05-19,70.2796630859375,5806800
2023-05-22,69.19438934326172,5655800
2023-05-23,68.99372863769531,4807400
2023-05-24,68.82958221435547,4553800
2023-05-25,68.5650863647461,5125600
2023-05-26,68.51948547363281,7429000
2023-05-30,66.00234985351562,10882400
2023-05-31,66.95084381103516,13628600
2023-06-01,67.13323974609375,5445200
2023-06-02,67.73515319824219,5672300
2023-06-05,67.75341033935547,6670000
2023-06-06,66.83226776123047,4865100
2023-06-07,65.83818054199219,7789300
2023-06-08,66.65899658203125,4835500
2023-06-09,66.549560546875,4406800
2023-06-12,66.40362548828125,4934300
2023-06-13,66.3215560913086,3796600
2023-06-14,66.6954574584961,5203900
2023-06-15,66.99642181396484,4908900
2023-06-16,67.09674835205078,10884800
2023-06-20,66.81403350830078,6284000
2023-06-21,66.70458984375,6778600
2023-06-22,67.25180053710938,6226400
2023-06-23,66.6681137084961,7619000
2023-06-26,66.78668212890625,4951000
2023-06-27,67.42507934570312,6508000
2023-06-28,66.77754211425781,6290100
2023-06-29,66.2686996459961,6453900
2023-06-30,66.87380981445312,8377700
2023-07-03,67.39640808105469,3931700
2023-07-05,67.13053131103516,7448800
2023-07-06,66.81881713867188,6781100
2023-07-07,66.01197814941406,6720300
2023-07-10,66.10369110107422,5702900
2023-07-11,64.99431610107422,8284000
2023-07-12,65.46188354492188,8454700
2023-07-13,65.85613250732422,5582900
2023-07-14,66.2686996459961,4556800
2023-07-17,65.95697784423828,5824400
2023-07-18,66.10369110107422,5777600
2023-07-19,67.12136840820312,6206000
2023-07-20,67.73564147949219,7003100
2023-07-21,67.82733917236328,22069200
2023-07-24,68.13904571533203,6224000
2023-07-25,68.2123794555664,6928500
2023-07-26,67.54310607910156,5676000
2023-07-27,66.34205627441406,6446700
2023-07-28,68.7991714477539,10226400
2023-07-31,67.96485137939453,6476100
2023-08-01,68.16655731201172,5080300
2023-08-02,69.08338928222656,7211600
2023-08-03,69.02838897705078,7102500
2023-08-04,67.77232360839844,5070800
2023-08-07,68.08403778076172,2892100
2023-08-08,67.29557037353516,4870500
2023-08-09,67.66230773925781,5487300
2023-08-10,67.58895111083984,4137800
2023-08-11,67.81817626953125,3611500
2023-08-14,67.12136840820312,6063900
2023-08-15,66.2686996459961,4874800
2023-08-16,65.97533416748047,4065500
2023-08-17,65.27853393554688,4446400
2023-08-18,65.21434783935547,5330500
2023-08-21,64.84761810302734,4787200
2023-08-22,64.37086486816406,4685400
2023-08-23,65.5352554321289,5603900
2023-08-24,64.9576416015625,4736900
2023-08-25,65.5535659790039,3890200
2023-08-28,65.59941864013672,3577000
2023-08-29,65.5352554321289,6201300
2023-08-30,65.61775970458984,3883800
2023-08-31,65.33354187011719,7116600
2023-09-01,63.89411163330078,7284400
2023-09-05,63.77492141723633,6517300
2023-09-06,63.89411163330078,4784100
2023-09-07,64.1783218383789,6177900
2023-09-08,64.0133056640625,6838500
2023-09-11,65.43440246582031,6503900
2023-09-12,65.15016174316406,4834500
2023-09-13,65.36103820800781,4026600
2023-09-14,66.36038970947266,5183200
2023-09-15,65.95697784423828,9339800
2023-09-18,65.8836441040039,3915000
2023-09-19,65.56275177001953,4048700
2023-09-20,65.68194580078125,3845800
2023-09-21,64.82929229736328,4773400
2023-09-22,64.57257080078125,5976200
2023-09-25,63.91245651245117,4516700
2023-09-26,64.70092010498047,9672000
2023-09-27,64.16917419433594,10621700
2023-09-28,64.00773620605469,6688800
2023-09-29,64.01696014404297,5562800
2023-10-02,63.177547454833984,4929100
2023-10-03,62.356571197509766,7959500
2023-10-04,63.35281753540039,5757700
2023-10-05,60.02281951904297,7626600
2023-10-06,58.44544982910156,19041700
2023-10-09,58.82365417480469,8349300
2023-10-10,58.694515228271484,9107700
2023-10-11,58.02113723754883,5996400
2023-10-12,56.30540466308594,8044800
2023-10-13,56.75739669799805,7316600
2023-10-16,57.76285171508789,7588900
2023-10-17,58.61149215698242,7935800
2023-10-18,59.1741828918457,7677000
2023-10-19,59.229522705078125,8736200
2023-10-20,59.12805938720703,9887000
2023-10-23,59.026588439941406,5162100
2023-10-24,60.46559143066406,7711000
2023-10-25,60.594722747802734,6916700
2023-10-26,60.557830810546875,6808900
2023-10-27,59.96746826171875,6251600
2023-10-30,60.862239837646484,6471700
2023-10-31,61.074398040771484,5575200
2023-11-01,61.6370735168457,7991300
2023-11-02,62.6978759765625,10467800
2023-11-03,63.48194122314453,9269400
2023-11-06,62.94693374633789,5600600
2023-11-07,63.177547454833984,8028600
2023-11-08,63.66642761230469,6608800
2023-11-09,63.59263610839844,7639100
2023-11-10,63.75868606567383,7076700
2023-11-13,63.92473220825195,6178700
2023-11-14,64.66265869140625,7502900
2023-11-15,64.56119537353516,7262100
2023-11-16,65.14232635498047,6440200
2023-11-17,65.15155792236328,5427800
2023-11-20,65.40983581542969,5778200
2023-11-21,65.4651870727539,6057500
2023-11-22,65.94483947753906,3647100
2023-11-24,66.06475830078125,2067700
2023-11-27,65.93563079833984,7100000
2023-11-28,65.8895034790039,5967700
2023-11-29,64.9762954711914,5163600
2023-11-30,65.54820251464844,9089900
2023-12-01,65.32682800292969,5266200
2023-12-04,65.69578552246094,6118900
2023-12-05,65.19768524169922,3992400
2023-12-06,65.76036071777344,6123300
2023-12-07,66.05553436279297,6082700
2023-12-08,65.57587432861328,5321900
2023-12-11,66.18468475341797,6648300
2023-12-12,66.66434478759766,5850100
2023-12-13,67.43917846679688,5504100
2023-12-14,65.21613311767578,8149600
2023-12-15,65.21613311767578,15088700
2023-12-18,65.54820251464844,5243900
2023-12-19,65.53898620605469,5096700
2023-12-20,63.9523811340332,9276100
2023-12-21,64.99473571777344,5538100
2023-12-22,65.68656921386719,4109000
2023-12-26,66.14777374267578,4002900
2023-12-27,66.60900115966797,4061500
2023-12-28,67.04976654052734,4095300
2023-12-29,67.20748901367188,4658600
2024-01-02,68.51582336425781,6321800
2024-01-03,67.99620056152344,5610000
2024-01-04,67.99620056152344,5218700
2024-01-05,67.81990051269531,3733200
2024-01-08,68.39520263671875,5596700
2024-01-09,68.42301940917969,5078800
2024-01-10,67.81063079833984,4675800
2024-01-11,67.53225708007812,5221500
2024-01-12,67.84774780273438,4494000
2024-01-16,67.59719848632812,6040900
2024-01-17,68.0147705078125,4650700
2024-01-18,67.65288543701172,5121600
2024-01-19,67.59719848632812,6427700
2024-01-22,67.84774780273438,5210200
2024-01-23,69.04473114013672,6295100
2024-01-24,68.6178970336914,6612800
2024-01-25,69.12824249267578,5003800
2024-01-26,69.72208404541016,9517300
2024-01-29,70.2602767944336,9821900
2024-01-30,70.83556365966797,10329200
2024-01-31,69.84272766113281,19236200
2024-02-01,71.02114868164062,9887200
2024-02-02,71.32736206054688,8314800
2024-02-05,69.89839935302734,8487700
2024-02-06,69.82415771484375,6191700
2024-02-07,69.23957824707031,6067800
2024-02-08,69.3695068359375,4848800
2024-02-09,67.89413452148438,7424900
2024-02-12,68.20033264160156,5776400
2024-02-13,66.7899398803711,8809200
2024-02-14,66.26104736328125,7769400
2024-02-15,66.44662475585938,5890400
2024-02-16,66.7899398803711,7077700
2024-02-20,67.91268920898438,7733400
2024-02-21,68.47871398925781,7316400
2024-02-22,68.78490447998047,7953300
2024-02-23,68.64573669433594,6732600
2024-02-26,68.00548553466797,7264100
2024-02-27,67.85701751708984,8864100
2024-02-28,67.91268920898438,4628000
2024-02-29,67.80135345458984,9569500
2024-03-01,67.15181732177734,5652800
2024-03-04,66.35383605957031,7258200
2024-03-05,65.73213195800781,8569500
2024-03-06,66.45590209960938,5228900
2024-03-07,65.8805923461914,8339400
2024-03-08,66.66930389404297,7227600
2024-03-11,67.17964935302734,5065300
2024-03-12,66.5672378540039,5862300
2024-03-13,66.33526611328125,6781100
2024-03-14,65.84349060058594,7898500
2024-03-15,65.64862060546875,16858300
2024-03-18,66.16825103759766,8754500
2024-03-19,67.04046630859375,9590900
2024-03-20,66.6878890991211,6713900
2024-03-21,67.00335693359375,5859200
2024-03-22,67.17964935302734,6006000
2024-03-25,65.74141693115234,6786800
2024-03-26,64.98982238769531,11413100
2024-03-27,65.4426040649414,7119600
2024-03-28,65.3492431640625,9931100
2024-04-01,65.12519836425781,8426000
2024-04-02,64.65840911865234,6886100
2024-04-03,63.45411682128906,8755200
2024-04-04,63.67817306518555,13595000
2024-04-05,63.47278594970703,10258400
2024-04-08,63.10869598388672,8835200
2024-04-09,63.351417541503906,8120000
2024-04-10,62.249820709228516,6858500
2024-04-11,62.343177795410156,11259600
2024-04-12,62.2591552734375,7433500
2024-04-15,61.4936408996582,10783500
2024-04-16,61.596336364746094,8581200
2024-04-17,62.09112548828125,6755500
2024-04-18,62.70726776123047,8695700
2024-04-19,63.58481979370117,11020800
2024-04-22,64.79844665527344,10426900
2024-04-23,66.04940795898438,15893900
2024-04-24,66.57221221923828,16596900
2024-04-25,66.09609985351562,10654100
2024-04-26,65.91871643066406,7145100
2024-04-29,67.05766296386719,8544800
2024-04-30,67.16035461425781,11058400
2024-05-01,65.99340057373047,11297500
2024-05-02,65.8160171508789,7423100
2024-05-03,65.24655151367188,8093500
2024-05-06,65.28388214111328,5653400
2024-05-07,66.18011474609375,4316400
2024-05-08,65.75067138671875,6514900
2024-05-09,65.53595733642578,5201700
2024-05-10,66.46951293945312,5363900
2024-05-13,66.99231719970703,5541500
2024-05-14,67.15101623535156,4924700
2024-05-15,66.59087371826172,5926100
2024-05-16,67.14169311523438,5330100
2024-05-17,66.49752807617188,5827800
2024-05-20,65.60130310058594,4955200
2024-05-21,65.96539306640625,4251900
2024-05-22,65.55461883544922,5372100
2024-05-23,64.27565002441406,4526800
2024-05-24,63.762203216552734,3723600
2024-05-28,63.08069610595703,6177700
2024-05-29,62.48321533203125,5173300
2024-05-30,63.37942886352539,5823300
2024-05-31,63.97691345214844,7977100
2024-06-03,62.87531280517578,6077900
2024-06-04,63.566131591796875,5178600
2024-06-05,63.46344757080078,5103000
2024-06-06,63.659488677978516,4769400
2024-06-07,63.30474090576172,4189100
2024-06-10,62.82862854003906,6263400
2024-06-11,63.09002685546875,3807700
2024-06-12,61.7083625793457,6274300
2024-06-13,61.7083625793457,7197000
2024-06-14,61.47496795654297,5029100
2024-06-17,61.6896858215332,5837600
2024-06-18,61.77370834350586,3795100
2024-06-20,61.6710205078125,5817500
2024-06-21,62.09112548828125,11563900
2024-06-24,63.87422180175781,10297100
2024-06-25,63.34209442138672,6501600
2024-06-26,62.21248245239258,5372400
2024-06-27,62.17513656616211,4751600
2024-06-28,61.48456954956055,10899600
2024-07-01,61.296653747558594,6769800
2024-07-02,62.038902282714844,9997100
2024-07-03,62.33015823364258,3462500
2024-07-05,62.93148422241211,6198200
2024-07-08,62.16105651855469,7929800
2024-07-09,61.296653747558594,5389900
2024-07-10,61.944950103759766,6904200
2024-07-11,61.37181854248047,7454000
2024-07-12,61.40939712524414,8426600
2024-07-15,60.460445404052734,7712200
2024-07-16,61.85099792480469,7576700
2024-07-17,63.06302261352539,7404200
2024-07-18,62.87510299682617,5688200
2024-07-19,62.43351745605469,5012600
2024-07-22,62.51807403564453,4325800
2024-07-23,62.02011489868164,3431100
2024-07-24,62.38654708862305,5401400
2024-07-25,62.377140045166016,6593700
2024-07-26,62.405330657958984,5778500
2024-07-29,63.04423141479492,6616800
2024-07-30,62.99725341796875,7697900
2024-07-31,64.21868133544922,11087900
2024-08-01,64.18108367919922,8359500
2024-08-02,66.4078369140625,10308900
2024-08-05,64.83877563476562,10618800
2024-08-06,64.322021484375,7453100
2024-08-07,65.2239990234375,6031100
2024-08-08,66.03202056884766,6236900
2024-08-09,65.50587463378906,5609400
2024-08-12,65.09246063232422,5429500
2024-08-13,66.08837890625,4958800
2024-08-14,66.89640045166016,7575400
2024-08-15,66.03202056884766,5534700
2024-08-16,65.8816909790039,5130900
2024-08-19,66.60515594482422,3934900
2024-08-20,66.68970489501953,3817000
2024-08-21,66.80245971679688,3845800
2024-08-22,66.54877471923828,3630300
2024-08-23,66.92460632324219,4586600
2024-08-26,67.07493591308594,3516800
2024-08-27,66.94338989257812,4236000
2024-08-28,66.94338989257812,3363500
2024-08-29,66.454833984375,5462600
2024-08-30,67.46953582763672,6158200
2024-09-03,67.88294219970703,7366700
2024-09-04,70.72040557861328,9422000
2024-09-05,70.53248596191406,7607800
2024-09-06,70.75797271728516,8019900
2024-09-09,71.13380432128906,8018300
2024-09-10,70.58887481689453,4770100
2024-09-11,69.85601043701172,5327500
2024-09-12,69.88419342041016,5807700
2024-09-13,70.71101379394531,3603100
2024-09-16,70.96469116210938,4731100
2024-09-17,70.56068420410156,3533600
2024-09-18,70.51371002197266,4622200
2024-09-19,70.26001739501953,5091100
2024-09-20,69.79023742675781,11330200
2024-09-23,70.06270599365234,5274000
2024-09-24,69.67749786376953,8149600
2024-09-25,69.58354949951172,4949700
2024-09-26,69.82781982421875,3961500
2024-09-27,69.71508026123047,4697000
2024-09-30,69.65834045410156,5792600
2024-10-01,69.015380859375,5307600
2024-10-02,68.34404754638672,5047600
2024-10-03,67.28502655029297,4997100
2024-10-04,67.61597442626953,4378600
2024-10-07,67.13372039794922,4354600
2024-10-08,66.99189758300781,4186300
2024-10-09,67.18101501464844,4317100
2024-10-10,67.26611328125,4572300
2024-10-11,66.812255859375,4338500
2024-10-14,66.68933868408203,5143600
2024-10-15,67.89017486572266,5888600
2024-10-16,67.99419403076172,4231300
2024-10-17,67.24720764160156,5208500
2024-10-18,67.68215942382812,7374000
2024-10-21,66.59478759765625,4811700
2024-10-22,67.46468353271484,5687600
2024-10-23,66.71768951416016,6588700
2024-10-24,66.14091491699219,4756800
2024-10-25,65.46012878417969,6176400
2024-10-28,65.75325012207031,4821900
2024-10-29,65.38449096679688,8407600
2024-10-30,65.98963165283203,10475200
2024-10-31,64.7509765625,7207800
2024-11-01,64.77934265136719,6470400
2024-11-04,64.63751220703125,5704400
2024-11-05,65.28992462158203,5383800
2024-11-06,62.75587463378906,9758600
2024-11-07,62.141258239746094,6511600
2024-11-08,62.595123291015625,4864500
2024-11-11,62.50056457519531,7972400
2024-11-12,62.89769744873047,6304000
2024-11-13,62.40602111816406,5389200
2024-11-14,61.98997116088867,6837300
2024-11-15,60.97823715209961,7203200
2024-11-18,60.36362838745117,6983600
2024-11-19,60.39200210571289,5621700
2024-11-20,60.91204833984375,5232700
2024-11-21,61.26190185546875,6971800
2024-11-22,60.89314270019531,7125100
2024-11-25,61.40372848510742,10733800
2024-11-26,61.34700012207031,8706000
2024-11-27,61.517189025878906,5044800
2024-11-29,61.41318893432617,5096000
2024-12-02,61.677940368652344,9985400
2024-12-03,61.28081512451172,6626700
2024-12-04,59.82467269897461,8301800
2024-12-05,59.79631042480469,10781000
2024-12-06,59.43699645996094,6789300
2024-12-09,58.09431838989258,19609200
2024-12-10,58.38744354248047,9728100
2024-12-11,59.68284225463867,12901700
2024-12-12,59.21952438354492,8041500
2024-12-13,58.55764389038086,7120400
2024-12-16,58.141605377197266,9072600
2024-12-17,57.9997673034668,10314300
2024-12-18,56.751651763916016,14385800
2024-12-19,56.0424919128418,13497300
2024-12-20,56.15595626831055,34652200
2024-12-23,56.051944732666016,8443400
2024-12-24,56.73274230957031,5885500
2024-12-26,56.59090805053711,6103500
2024-12-27,56.93130111694336,7608200
2024-12-30,56.31670379638672,7580200
2024-12-31,56.92666244506836,6904400
