date,close,volume
2014-01-02,31.018871307373047,6062800
2014-01-03,30.59593391418457,4357400
2014-01-06,30.751934051513672,4191600
2014-01-07,30.852481842041016,7553600
2014-01-08,30.741544723510742,8400400
2014-01-09,31.55965232849121,10654000
2014-01-10,31.535390853881836,5297800
2014-01-13,30.5612735748291,6903000
2014-01-14,30.88714027404785,6102000
2014-01-15,30.03783416748047,11636600
2014-01-16,29.70850372314453,7891600
2014-01-17,29.562896728515625,7060200
2014-01-21,29.926898956298828,5157400
2014-01-22,29.66691017150879,5239000
2014-01-23,29.618366241455078,8390800
2014-01-24,28.76560401916504,5447800
2014-01-27,28.945858001708984,8472600
2014-01-28,28.83145523071289,5305600
2014-01-29,29.992755889892578,15525800
2014-01-30,30.332496643066406,6661800
2014-01-31,30.176504135131836,8399200
2014-02-03,29.2370548248291,9162400
2014-02-04,28.859193801879883,10087200
2014-02-05,28.5333309173584,10008800
2014-02-06,28.886924743652344,5257800
2014-02-07,29.2821102142334,5116800
2014-02-10,28.60614013671875,6327000
2014-02-11,29.278654098510742,7002800
2014-02-12,29.188522338867188,5166200
2014-02-13,29.66691017150879,6113400
2014-02-14,30.555238723754883,5999600
2014-02-18,30.551753997802734,5360000
2014-02-19,30.314863204956055,6390000
2014-02-20,30.638851165771484,5420800
2014-02-21,30.4158878326416,4939600
2014-02-24,30.69808006286621,5835800
2014-02-25,31.314685821533203,9419000
2014-02-26,30.67020034790039,6570400
2014-02-27,29.3150634765625,14367600
2014-02-28,29.262794494628906,6485800
2014-03-03,29.043319702148438,6215200
2014-03-04,29.503170013427734,7198400
2014-03-05,30.022232055664062,6024200
2014-03-06,31.171852111816406,9341000
2014-03-07,31.352998733520508,8229800
2014-03-10,31.7292423248291,8210000
2014-03-11,31.802396774291992,7221600
2014-03-12,32.9206428527832,10844000
2014-03-13,32.24134826660156,8558800
2014-03-14,32.7394905090332,6533400
2014-03-17,32.5966682434082,7592200
2014-03-18,32.79523849487305,6144000
2014-03-19,31.927810668945312,5648400
2014-03-20,32.01837921142578,5188400
2014-03-21,31.593374252319336,9785400
2014-03-24,31.217140197753906,7325000
2014-03-25,31.575950622558594,5048400
2014-03-26,31.039472579956055,5223400
2014-03-27,30.408935546875,6870400
2014-03-28,30.541311264038086,4366200
2014-03-31,30.321836471557617,5580000
2014-04-01,31.192747116088867,8849800
2014-04-02,30.3636474609375,7907800
2014-04-03,30.367122650146484,5124400
2014-04-04,30.342731475830078,5920600
2014-04-07,29.6390380859375,5032000
2014-04-08,29.227968215942383,7488200
2014-04-09,29.652969360351562,6291400
2014-04-10,29.447429656982422,6598400
2014-04-11,29.015453338623047,7891400
2014-04-14,29.461366653442383,5615200
2014-04-15,30.161584854125977,7725000
2014-04-16,30.92798614501953,6155400
2014-04-17,31.3216495513916,5593800
2014-04-21,31.401771545410156,3252200
2014-04-22,31.48885154724121,6409800
2014-04-23,31.645626068115234,4273800
2014-04-24,31.61078453063965,4380400
2014-04-25,31.607301712036133,4442400
2014-04-28,32.3702278137207,7105600
2014-04-29,32.53048324584961,4785400
2014-04-30,32.380680084228516,9770800
2014-05-01,33.24812316894531,11076200
2014-05-02,33.35609817504883,5491600
2014-05-05,33.37700271606445,6481600
2014-05-06,33.68355941772461,7757400
2014-05-07,33.16450500488281,5786000
2014-05-08,32.324951171875,6225000
2014-05-09,31.802396774291992,4853400
2014-05-12,32.056697845458984,4840800
2014-05-13,31.966123580932617,5439600
2014-05-14,31.987030029296875,5395400
2014-05-15,31.318157196044922,5937400
2014-05-16,31.022052764892578,4317600
2014-05-19,31.109561920166016,4882200
2014-05-20,31.022045135498047,4671600
2014-05-21,30.693038940429688,5646400
2014-05-22,30.420021057128906,7462200
2014-05-23,30.500524520874023,4626000
2014-05-27,30.434024810791016,5095000
2014-05-28,30.58104133605957,7548400
2014-05-29,31.435073852539062,5173200
2014-05-30,31.288066864013672,4274200
2014-06-02,31.40357780456543,3391800
2014-06-03,30.833032608032227,4737400
2014-06-04,30.745540618896484,5623800
2014-06-05,30.766550064086914,8724600
2014-06-06,30.693038940429688,4150400
2014-06-09,30.626541137695312,4777200
2014-06-10,29.99300765991211,8261200
2014-06-11,29.99300765991211,4279000
2014-06-12,30.329021453857422,8324400
2014-06-13,30.24851417541504,4127400
2014-06-16,30.05600357055664,3916200
2014-06-17,30.30451774597168,7714600
2014-06-18,31.025550842285156,6750000
2014-06-19,31.36856460571289,5882600
2014-06-20,31.36507225036621,7134000
2014-06-23,31.14457130432129,3866200
2014-06-24,30.259008407592773,6239800
2014-06-25,28.340925216674805,27575000
2014-06-26,28.326927185058594,9658200
2014-06-27,27.7913875579834,14643600
2014-06-30,27.325870513916016,7769600
2014-07-01,27.514875411987305,5785400
2014-07-02,27.959407806396484,6280200
2014-07-03,28.31641387939453,4323400
2014-07-07,27.815889358520508,5309400
2014-07-08,27.24186134338379,6528800
2014-07-09,27.332866668701172,5026800
2014-07-10,27.094858169555664,6558600
2014-07-11,27.60238265991211,5679600
2014-07-14,27.329368591308594,4876800
2014-07-15,27.658367156982422,6494600
2014-07-16,27.45187759399414,5106600
2014-07-17,26.863847732543945,5251400
2014-07-18,26.919845581054688,5385800
2014-07-21,26.576831817626953,5123200
2014-07-22,26.527820587158203,5201600
2014-07-23,26.814855575561523,4275000
2014-07-24,27.101852416992188,5539800
2014-07-25,27.504384994506836,6114600
2014-07-28,27.227863311767578,5551600
2014-07-29,27.871896743774414,8096600
2014-07-30,27.644380569458008,6335200
2014-07-31,29.219465255737305,15821400
2014-08-01,29.250967025756836,13103200
2014-08-04,29.56597137451172,6394000
2014-08-05,29.76198959350586,7867000
2014-08-06,30.364013671875,7819200
2014-08-07,30.276514053344727,4041200
2014-08-08,30.626541137695312,3274400
2014-08-11,30.483015060424805,3574400
2014-08-12,30.301015853881836,3156600
2014-08-13,30.602035522460938,4500000
2014-08-14,31.120058059692383,4561600
2014-08-15,31.179567337036133,6883400
2014-08-18,31.711063385009766,5004400
2014-08-19,32.24257278442383,4185800
2014-08-20,32.13698196411133,3996000
2014-08-21,31.70050811767578,4766000
2014-08-22,31.830747604370117,4416400
2014-08-25,31.887056350708008,3758600
2014-08-26,31.830747604370117,3747800
2014-08-27,31.74627685546875,4036400
2014-08-28,31.95393943786621,2681800
2014-08-29,32.0349006652832,3281200
2014-09-02,31.506906509399414,5939200
2014-09-03,31.827234268188477,5477600
2014-09-04,32.02082824707031,6374400
2014-09-05,32.253135681152344,4692600
2014-09-08,32.52066421508789,4197400
2014-09-09,32.284812927246094,5835800
2014-09-10,31.830747604370117,9845800
2014-09-11,31.292186737060547,9593600
2014-09-12,30.574134826660156,8177200
2014-09-15,31.161964416503906,8076400
2014-09-16,31.038768768310547,5515600
2014-09-17,31.042272567749023,7038400
2014-09-18,30.739564895629883,5808400
2014-09-19,31.20068359375,7755200
2014-09-22,30.299583435058594,5316800
2014-09-23,29.81382179260254,9688800
2014-09-24,29.73991584777832,7517400
2014-09-25,29.66598892211914,5772400
2014-09-26,29.92294692993164,4074400
2014-09-29,29.7047061920166,5058200
2014-09-30,29.80327033996582,5853600
2014-10-01,29.01831817626953,5749600
2014-10-02,28.493852615356445,8016600
2014-10-03,28.44808578491211,10040600
2014-10-06,28.469213485717773,5227600
2014-10-07,28.44808578491211,7017600
2014-10-08,29.658946990966797,7957000
2014-10-09,28.79304313659668,5595600
2014-10-10,28.719131469726562,6955000
2014-10-13,28.096101760864258,6491200
2014-10-14,27.606836318969727,10668800
2014-10-15,26.84652328491211,9307800
2014-10-16,27.613866806030273,10641200
2014-10-17,27.895465850830078,6795400
2014-10-20,28.384723663330078,5336600
2014-10-21,29.90182113647461,7357800
2014-10-22,29.41607666015625,4257000
2014-10-23,29.753986358642578,4831600
2014-10-24,30.197494506835938,3485400
2014-10-27,30.419248580932617,6976800
2014-10-28,31.369651794433594,6601600
2014-10-29,30.767724990844727,7878000
2014-10-30,31.908187866210938,14001400
2014-10-31,31.996196746826172,7236600
2014-11-03,32.24961471557617,10483800
2014-11-04,31.90114974975586,8183400
2014-11-05,31.929290771484375,6508400
2014-11-06,32.781131744384766,7233400
2014-11-07,33.11552047729492,7025400
2014-11-10,33.122562408447266,6704000
2014-11-11,33.30911636352539,5707400
2014-11-12,33.44287109375,5957400
2014-11-13,32.92896270751953,6880200
2014-11-14,32.517127990722656,7134400
2014-11-17,32.74009323120117,9015600
2014-11-18,33.224945068359375,8154400
2014-11-19,33.196651458740234,8838600
2014-11-20,33.6779670715332,6156200
2014-11-21,34.30082702636719,8871000
2014-11-24,34.0177116394043,4756400
2014-11-25,33.706260681152344,5583000
2014-11-26,33.858455657958984,3290400
2014-11-28,31.883636474609375,7651600
2014-12-01,32.131378173828125,6449400
2014-12-02,33.31697082519531,9013200
2014-12-03,33.98230743408203,6801000
2014-12-04,34.212364196777344,5024800
2014-12-05,32.6126823425293,9278000
2014-12-08,31.398778915405273,7801600
2014-12-09,31.41293716430664,14885200
2014-12-10,30.10346221923828,10562600
2014-12-11,29.685855865478516,8591000
2014-12-12,29.445207595825195,7719400
2014-12-15,28.797557830810547,7761000
2014-12-16,29.09130096435547,6132200
2014-12-17,29.986675262451172,7400800
2014-12-18,29.738950729370117,6876400
2014-12-19,30.860841751098633,8382800
2014-12-22,30.8926944732666,5983400
2014-12-23,31.278451919555664,3625400
2014-12-24,31.3633975982666,2568000
2014-12-26,31.752695083618164,3188400
2014-12-29,32.226932525634766,4696200
2014-12-30,32.078277587890625,4362200
2014-12-31,31.943803787231445,3166000
2015-01-02,32.43220138549805,5359400
2015-01-05,31.52972412109375,10492800
2015-01-06,31.218278884887695,5604600
2015-01-07,31.476634979248047,7012000
2015-01-08,32.216304779052734,7000200
2015-01-09,31.3173828125,5370600
2015-01-12,30.230886459350586,8258200
2015-01-13,28.61705780029297,12575200
2015-01-14,27.473941802978516,14329400
2015-01-15,27.19788932800293,9460400
2015-01-16,27.44916534423828,9135800
2015-01-20,28.461341857910156,7446200
2015-01-21,28.648910522460938,7159200
2015-01-22,29.717710494995117,7920400
2015-01-23,30.84668731689453,9278000
2015-01-26,31.211212158203125,6269200
2015-01-27,31.384634017944336,4695800
2015-01-28,31.600509643554688,8432200
2015-01-29,31.85532569885254,5209200
2015-01-30,32.76840591430664,9757800
2015-02-02,33.24618148803711,6282800
2015-02-03,33.911537170410156,8428600
2015-02-04,34.04247283935547,9119600
2015-02-05,34.43531799316406,6988400
2015-02-06,34.9944953918457,9894200
2015-02-09,35.4510383605957,8388200
2015-02-10,36.16239547729492,9031600
2015-02-11,35.716461181640625,5344400
2015-02-12,35.88633728027344,6356200
2015-02-13,36.803955078125,5890600
2015-02-17,36.92488098144531,6645800
2015-02-18,37.21296691894531,4855800
2015-02-19,37.575748443603516,5253800
2015-02-20,37.547279357910156,6478600
2015-02-23,37.824703216552734,5051000
2015-02-24,37.40858459472656,5082400
2015-02-25,37.2236442565918,5200000
2015-02-26,38.070106506347656,6895400
2015-02-27,37.34456253051758,4386200
2015-03-02,36.19933319091797,9264000
2015-03-03,36.55144119262695,7101000
2015-03-04,36.28113555908203,5459200
2015-03-05,36.18865966796875,3759600
2015-03-06,35.02919006347656,4593600
2015-03-09,35.48444366455078,5025800
2015-03-10,34.186279296875,6255000
2015-03-11,34.45303726196289,5476400
2015-03-12,34.02622604370117,4567200
2015-03-13,34.21472930908203,4498200
2015-03-16,34.87626266479492,4739200
2015-03-17,34.762451171875,3544400
2015-03-18,35.92547607421875,5108200
2015-03-19,35.58758544921875,3166000
2015-03-20,36.37004852294922,7781200
2015-03-23,36.42694854736328,5235800
2015-03-24,36.170867919921875,3938800
2015-03-25,36.66168975830078,6384600
2015-03-26,35.87923812866211,4386400
2015-03-27,35.4417724609375,4887400
2015-03-30,36.59767532348633,4501000
2015-03-31,36.41627883911133,5779200
2015-04-01,36.19221496582031,5426800
2015-04-02,34.52770233154297,8617000
2015-04-06,35.04698944091797,5108200
2015-04-07,34.94027328491211,5944400
2015-04-08,35.08253860473633,4358800
2015-04-09,35.51645278930664,5468000
2015-04-10,35.71562576293945,2708000
2015-04-13,34.573936462402344,7489000
2015-04-14,34.869144439697266,6153400
2015-04-15,34.86558151245117,5412400
2015-04-16,35.566253662109375,6300400
2015-04-17,35.111000061035156,5224600
2015-04-20,35.32795715332031,4473200
2015-04-21,35.569801330566406,3214200
2015-04-22,36.32381820678711,4482600
2015-04-23,36.167327880859375,3613200
2015-04-24,36.686580657958984,4212200
2015-04-27,36.61189651489258,4899400
2015-04-28,36.45896911621094,3160400
2015-04-29,36.466068267822266,4841200
2015-04-30,35.05765151977539,10060400
2015-05-01,36.5123176574707,5698400
2015-05-04,36.010826110839844,4090800
2015-05-05,36.21711349487305,3847800
2015-05-06,35.929019927978516,4899400
2015-05-07,36.52297592163086,4755600
2015-05-08,37.30188751220703,5191200
2015-05-11,36.37716293334961,4492600
2015-05-12,36.03927230834961,3628400
2015-05-13,36.37716293334961,2999600
2015-05-14,37.241424560546875,3743400
2015-05-15,36.79329299926758,3199400
2015-05-18,37.26504135131836,2567800
2015-05-19,37.2614631652832,3442600
2015-05-20,37.2864990234375,3563200
2015-05-21,37.04702377319336,4210200
2015-05-22,36.83974838256836,4338000
2015-05-26,35.89623260498047,6473000
2015-05-27,36.08207702636719,4688800
2015-05-28,36.72896194458008,3650800
2015-05-29,36.975555419921875,5635200
2015-06-01,37.00771713256836,4692800
2015-06-02,36.82187271118164,3849200
2015-06-03,36.52524185180664,5167200
2015-06-04,35.8569221496582,6044400
2015-06-05,36.067771911621094,5814000
2015-06-08,35.90338134765625,3041800
2015-06-09,35.49953842163086,4973800
2015-06-10,36.37871551513672,4799600
2015-06-11,37.18998336791992,4141700
2015-06-12,36.47521209716797,4201700
2015-06-15,36.49665832519531,3648800
2015-06-16,36.58955764770508,3049600
2015-06-17,36.66819763183594,4327200
2015-06-18,37.125640869140625,3742900
2015-06-19,37.097068786621094,4295600
2015-06-22,37.08992385864258,2555400
2015-06-23,37.304344177246094,4048400
2015-06-24,36.939815521240234,3531400
2015-06-25,36.76825714111328,2812700
2015-06-26,37.14710235595703,9232200
2015-06-29,36.34653854370117,2832500
2015-06-30,37.3901252746582,3946700
2015-07-01,38.4337043762207,7556800
2015-07-02,38.60524368286133,3549800
2015-07-06,39.141334533691406,4622000
2015-07-07,39.698856353759766,6941600
2015-07-08,38.57666015625,3632800
2015-07-09,38.154930114746094,5963200
2015-07-10,38.9483528137207,4473800
2015-07-13,42.01476287841797,14320800
2015-07-14,42.02189636230469,7000600
2015-07-15,41.10698699951172,5316100
2015-07-16,41.80031204223633,5930000
2015-07-17,41.871795654296875,4507200
2015-07-20,41.12126922607422,4103500
2015-07-21,40.84965515136719,3330400
2015-07-22,40.79246520996094,4207300
2015-07-23,40.2635383605957,4170000
2015-07-24,40.25639343261719,5449000
2015-07-27,38.92689514160156,8150900
2015-07-28,38.962646484375,6126100
2015-07-29,39.891845703125,6782300
2015-07-30,38.555213928222656,8237400
2015-07-31,39.07700729370117,6042900
2015-08-03,38.026275634765625,6816000
2015-08-04,37.304344177246094,6719300
2015-08-05,36.939815521240234,6923700
2015-08-06,37.27576446533203,6241700
2015-08-07,36.57527542114258,5200100
2015-08-10,38.06916046142578,4898000
2015-08-11,39.927589416503906,7974900
2015-08-12,41.31425857543945,8110900
2015-08-13,40.735294342041016,4881400
2015-08-14,39.784637451171875,4516400
2015-08-17,40.16565704345703,2646400
2015-08-18,39.88528060913086,2965600
2015-08-19,39.18074417114258,4168400
2015-08-20,38.31087112426758,4835700
2015-08-21,34.781009674072266,12564700
2015-08-24,32.94059371948242,13158000
2015-08-25,31.466815948486328,8947400
2015-08-26,32.724918365478516,10292600
2015-08-27,33.55167007446289,7755100
2015-08-28,33.94707107543945,7196700
2015-08-31,34.01176071166992,7783900
2015-09-01,33.113121032714844,6551700
2015-09-02,33.65230941772461,4970500
2015-09-03,33.774532318115234,5438000
2015-09-04,33.31442642211914,3597200
2015-09-08,34.306522369384766,4154200
2015-09-09,34.11241912841797,5960300
2015-09-10,34.622833251953125,5334600
2015-09-11,34.414363861083984,3643800
2015-09-14,33.443824768066406,4081000
2015-09-15,33.968631744384766,3755400
2015-09-16,33.55167007446289,7669200
2015-09-17,33.66667938232422,5194200
2015-09-18,33.13468933105469,6192300
2015-09-21,33.192203521728516,3244700
2015-09-22,33.02685546875,4515800
2015-09-23,33.256900787353516,3288600
2015-09-24,33.55167007446289,3582100
2015-09-25,34.02614974975586,4736100
2015-09-28,32.372642517089844,4127900
2015-09-29,32.73931121826172,5439400
2015-09-30,33.30723571777344,5986900
2015-10-01,34.45750045776367,5413300
2015-10-02,34.78819274902344,4639200
2015-10-05,36.362613677978516,4987200
2015-10-06,35.974403381347656,5707600
2015-10-07,36.15412902832031,4950100
2015-10-08,36.72206497192383,3570800
2015-10-09,35.68682861328125,4880600
2015-10-12,35.78029251098633,2779000
2015-10-13,35.06857681274414,3816400
2015-10-14,34.93198013305664,3635900
2015-10-15,36.017520904541016,4517500
2015-10-16,36.758018493652344,4642600
2015-10-19,35.26987075805664,4341600
2015-10-20,34.033329010009766,5012300
2015-10-21,33.63074493408203,4863800
2015-10-22,34.256195068359375,5531100
2015-10-23,34.93198013305664,3314200
2015-10-26,35.02544403076172,3702700
2015-10-27,35.21235275268555,5123100
2015-10-28,35.83061981201172,5051600
2015-10-29,36.83710479736328,4959700
2015-10-30,37.23967742919922,5376700
2015-11-02,38.04487609863281,4317200
2015-11-03,39.274200439453125,6035300
2015-11-04,39.396419525146484,4567700
2015-11-05,40.00750732421875,5881400
2015-11-06,40.237545013427734,3043300
2015-11-09,39.051334381103516,3187300
2015-11-10,39.374855041503906,2645100
2015-11-11,39.4323616027832,3078200
2015-11-12,39.331729888916016,5816900
2015-11-13,38.59123992919922,4016900
2015-11-16,38.88775634765625,4258500
2015-11-17,39.24214172363281,4277400
2015-11-18,40.26911926269531,3395700
2015-11-19,40.36314010620117,3560000
2015-11-20,40.44992446899414,3573800
2015-11-23,40.79706954956055,5128700
2015-11-24,41.36117935180664,3290600
2015-11-25,41.98316192626953,6586000
2015-11-27,42.359230041503906,1718100
2015-11-30,42.24352264404297,5534800
2015-12-01,42.91612243652344,4660800
2015-12-02,41.954227447509766,5086600
2015-12-03,39.372318267822266,9487600
2015-12-04,40.23295593261719,7325200
2015-12-07,38.82991409301758,7250600
2015-12-08,38.1356201171875,4990900
2015-12-09,37.59319305419922,7146500
2015-12-10,37.860774993896484,4236100
2015-12-11,35.886383056640625,6665200
2015-12-14,34.707523345947266,9474200
2015-12-15,35.55370330810547,9240200
2015-12-16,35.944236755371094,6943500
2015-12-17,37.115848541259766,6733900
2015-12-18,36.414329528808594,8334100
2015-12-21,37.17372131347656,5264600
2015-12-22,37.318363189697266,4619200
2015-12-23,38.12114715576172,4457700
2015-12-24,38.07051467895508,1372100
2015-12-28,37.318363189697266,2325800
2015-12-29,37.723365783691406,1927800
2015-12-30,37.82461929321289,2757700
2015-12-31,37.49192810058594,2567900
2016-01-04,37.05801773071289,5497300
2016-01-05,36.59514617919922,5485100
2016-01-06,35.23548889160156,7328500
2016-01-07,34.707523345947266,7563500
2016-01-08,33.40572738647461,5026000
2016-01-11,33.06581497192383,7508700
2016-01-12,33.55036544799805,4931900
2016-01-13,30.577903747558594,9902200
2016-01-14,31.575963973999023,9076000
2016-01-15,29.955951690673828,7876100
2016-01-19,29.79683494567871,5665000
2016-01-20,29.29057502746582,7634200
2016-01-21,28.646896362304688,7611500
2016-01-22,30.975692749023438,9569600
2016-01-25,29.4858455657959,5836500
2016-01-26,30.05719757080078,5022200
2016-01-27,28.827699661254883,8433200
2016-01-28,29.088083267211914,4811000
2016-01-29,30.223539352416992,7007500
2016-02-01,30.209064483642578,6672100
2016-02-02,29.124237060546875,6799400
2016-02-03,26.903934478759766,15690000
2016-02-04,25.26944923400879,17638100
2016-02-05,23.36014175415039,15529700
2016-02-08,22.224685668945312,17273000
2016-02-09,22.709232330322266,16889100
2016-02-10,22.904510498046875,9776500
2016-02-11,22.29700469970703,11198900
2016-02-12,23.1885929107666,7304200
2016-02-16,23.780550003051758,7469700
2016-02-17,24.08748435974121,7617700
2016-02-18,22.925506591796875,7977300
2016-02-19,23.086275100708008,5887600
2016-02-22,24.394418716430664,6627200
2016-02-23,23.10089111328125,6632400
2016-02-24,24.825607299804688,9142100
2016-02-25,25.00830078125,6777500
2016-02-26,25.00830078125,5919300
2016-02-29,25.030229568481445,7611800
2016-03-01,25.307931900024414,7681600
2016-03-02,25.366405487060547,5810900
2016-03-03,27.2738094329834,9908200
2016-03-04,27.08380699157715,7528500
2016-03-07,26.937641143798828,6840400
2016-03-08,25.70256805419922,7230600
2016-03-09,27.08380699157715,7656700
2016-03-10,26.557619094848633,6048900
2016-03-11,27.566143035888672,5110200
2016-03-14,27.06918716430664,4473800
2016-03-15,26.769556045532227,4699900
2016-03-16,28.055767059326172,7734500
2016-03-17,27.419973373413086,7820000
2016-03-18,27.938844680786133,9248900
2016-03-21,28.07770538330078,4143700
2016-03-22,28.187320709228516,4780000
2016-03-23,27.215356826782227,5294400
2016-03-24,26.94495391845703,4945200
2016-03-28,27.025339126586914,3849700
2016-03-29,26.791481018066406,5832700
2016-03-30,26.733007431030273,5087800
2016-03-31,27.17150115966797,5148700
2016-04-01,26.594161987304688,4312600
2016-04-04,26.78416633605957,3225700
2016-04-05,26.513765335083008,4397400
2016-04-06,26.65262794494629,6859700
2016-04-07,27.37613296508789,8238500
2016-04-08,28.282325744628906,6048100
2016-04-11,27.763452529907227,4808200
2016-04-12,28.494277954101562,7376900
2016-04-13,28.983911514282227,4598800
2016-04-14,28.80851936340332,4263200
2016-04-15,27.697689056396484,7522700
2016-04-18,28.07770538330078,3663800
2016-04-19,28.011930465698242,4934300
2016-04-20,28.830432891845703,4593700
2016-04-21,29.758563995361328,8873000
2016-04-22,30.299365997314453,6155200
2016-04-25,30.094738006591797,3947800
2016-04-26,30.299365997314453,3854700
2016-04-27,30.233591079711914,6778700
2016-04-28,29.948579788208008,7923000
2016-04-29,28.560043334960938,7856200
2016-05-02,28.19463348388672,7610800
2016-05-03,27.763452529907227,5565000
2016-05-04,26.469926834106445,5744300
2016-05-05,26.37491798400879,5097900
2016-05-06,26.22144889831543,4980300
2016-05-09,25.541793823242188,6539800
2016-05-10,25.90719985961914,5512300
2016-05-11,26.236064910888672,5005300
2016-05-12,25.571020126342773,4563500
2016-05-13,25.936433792114258,6937900
2016-05-16,26.275667190551758,6189400
2016-05-17,26.600143432617188,5278600
2016-05-18,27.0942440032959,4593700
2016-05-19,26.62226676940918,6881400
2016-05-20,27.013124465942383,4728700
2016-05-23,26.23141860961914,3577400
2016-05-24,26.40840721130371,4533300
2016-05-25,26.312538146972656,4667800
2016-05-26,25.479209899902344,3698400
2016-05-27,25.892183303833008,3097300
2016-05-31,25.685693740844727,6214000
2016-06-01,26.873010635375977,7371800
2016-06-02,27.049991607666016,6626000
2016-06-03,26.150293350219727,5428400
2016-06-06,26.02492904663086,4926300
2016-06-07,27.027868270874023,5602200
2016-06-08,27.197486877441406,7202300
2016-06-09,27.249113082885742,6032100
2016-06-10,26.843509674072266,5103300
2016-06-13,25.044103622436523,8104000
2016-06-14,24.196027755737305,9838400
2016-06-15,24.48363494873047,8382500
2016-06-16,24.62375259399414,5010100
2016-06-17,24.70487403869629,7417300
2016-06-20,25.508708953857422,6165600
2016-06-21,25.958547592163086,5464000
2016-06-22,26.002803802490234,4887700
2016-06-23,27.00575828552246,5518700
2016-06-24,26.05442237854004,11571600
2016-06-27,24.284521102905273,8203000
2016-06-28,26.327280044555664,9479600
2016-06-29,27.477720260620117,9061600
2016-06-30,27.993940353393555,8066400
2016-07-01,28.96000862121582,7446200
2016-07-05,28.598655700683594,7322800
2016-07-06,26.91724967956543,10528800
2016-07-07,26.165048599243164,10002000
2016-07-08,26.843509674072266,5719300
2016-07-11,26.873010635375977,5288300
2016-07-12,27.684207916259766,5724500
2016-07-13,27.27123260498047,6007500
2016-07-14,27.573579788208008,7515800
2016-07-15,26.954126358032227,10004800
2016-07-18,27.31548500061035,6841400
2016-07-19,27.67683219909668,4975700
2016-07-20,27.875953674316406,3506000
2016-07-21,27.381858825683594,3777800
2016-07-22,27.890703201293945,4291800
2016-07-25,27.212234497070312,5337200
2016-07-26,28.473291397094727,5789700
2016-07-27,27.898069381713867,7513800
2016-07-28,28.148813247680664,6364200
2016-07-29,29.048503875732422,8334900
2016-08-01,28.6134090423584,8869100
2016-08-02,28.60603141784668,6052000
2016-08-03,30.398073196411133,10374100
2016-08-04,29.962955474853516,7258700
2016-08-05,30.906906127929688,5781200
2016-08-08,30.921659469604492,5419400
2016-08-09,30.257946014404297,3650100
2016-08-10,30.228445053100586,5790600
2016-08-11,30.899532318115234,4496100
2016-08-12,30.75940704345703,5268200
2016-08-15,30.655258178710938,4106300
2016-08-16,31.33963394165039,4935600
2016-08-17,31.399158477783203,4217500
2016-08-18,31.607437133789062,4337000
2016-08-19,31.250375747680664,3460300
2016-08-22,30.57343864440918,5527100
2016-08-23,31.19087028503418,4376400
2016-08-24,31.220617294311523,4455800
2016-08-25,31.168556213378906,3486300
2016-08-26,31.1313533782959,2898100
2016-08-29,31.45865821838379,2414600
2016-08-30,31.748779296875,2865800
2016-08-31,31.62230682373047,3362800
2016-09-01,31.175992965698242,3870600
2016-09-02,31.480981826782227,3164800
2016-09-06,31.964496612548828,4003300
2016-09-07,32.05376052856445,4288200
2016-09-08,32.321571350097656,4807200
2016-09-09,31.42147445678711,4367200
2016-09-12,32.23971939086914,6157400
2016-09-13,31.614871978759766,4355700
2016-09-14,31.146230697631836,5301700
2016-09-15,32.53730010986328,6668000
2016-09-16,32.44804000854492,7023600
2016-09-19,32.529842376708984,6621300
2016-09-20,31.652067184448242,5480100
2016-09-21,32.14302444458008,4879300
2016-09-22,31.756216049194336,5651300
2016-09-23,31.45121955871582,7784300
2016-09-26,30.856124877929688,6550300
2016-09-27,31.1313533782959,4728400
2016-09-28,31.719030380249023,5304400
2016-09-29,29.5617733001709,13820900
2016-09-30,30.194068908691406,7756300
2016-10-03,30.469303131103516,5327300
2016-10-04,30.781736373901367,4106900
2016-10-05,31.44378662109375,4099500
2016-10-06,31.510726928710938,5607400
2016-10-07,31.07184600830078,4427900
2016-10-10,31.592552185058594,3808300
2016-10-11,31.213180541992188,5130600
2016-10-12,30.990020751953125,3738600
2016-10-13,30.91562271118164,4327500
2016-10-14,30.982580184936523,4642100
2016-10-17,31.1313533782959,4100300
2016-10-18,31.785959243774414,3060700
2016-10-19,31.726455688476562,7261200
2016-10-20,32.02402114868164,3051100
2016-10-21,32.797645568847656,4808900
2016-10-24,32.567039489746094,5061700
2016-10-25,32.500091552734375,6612700
2016-10-26,32.924102783203125,6606600
2016-10-27,31.845483779907227,13679400
2016-10-28,31.852909088134766,8268500
2016-10-31,32.425697326660156,8739900
2016-11-01,31.495849609375,12845600
2016-11-02,30.499061584472656,7099100
2016-11-03,30.632959365844727,5769600
2016-11-04,30.670148849487305,3246400
2016-11-07,31.689254760742188,7400800
2016-11-08,31.109031677246094,4412300
2016-11-09,32.41083526611328,8587700
2016-11-10,32.596797943115234,5939900
2016-11-11,32.7009391784668,6497300
2016-11-14,32.69343566894531,6751800
2016-11-15,32.873451232910156,8535100
2016-11-16,32.618438720703125,4165600
2016-11-17,32.52093505859375,3985300
2016-11-18,32.483428955078125,4892600
2016-11-21,35.378517150878906,20270900
2016-11-22,35.90353012084961,13037000
2016-11-23,35.78351974487305,4399300
2016-11-25,36.15104293823242,1987600
2016-11-28,35.288516998291016,5624500
2016-11-29,34.48598861694336,7758700
2016-11-30,35.266021728515625,11079900
2016-12-01,35.806034088134766,8711700
2016-12-02,35.85102462768555,4422900
2016-12-05,36.00852966308594,4806600
2016-12-06,35.423519134521484,5347900
2016-12-07,37.23857116699219,9689700
2016-12-08,37.54608154296875,5206800
2016-12-09,37.0810661315918,6294500
2016-12-12,36.81856155395508,5550300
2016-12-13,36.93105697631836,4919100
2016-12-14,36.3160514831543,5243300
2016-12-15,36.66104507446289,5436000
2016-12-16,37.58356857299805,6769600
2016-12-19,37.0810661315918,4203200
2016-12-20,37.036075592041016,3368100
2016-12-21,36.743560791015625,8127100
2016-12-22,37.75608444213867,6110000
2016-12-23,38.08610534667969,3346400
2016-12-27,38.341102600097656,3501000
2016-12-28,37.74857711791992,3240700
2016-12-29,37.838592529296875,2684000
2016-12-30,37.763572692871094,3477200
2017-01-03,39.69864273071289,13329200
2017-01-04,38.43111801147461,10980400
2017-01-05,38.28860092163086,9534900
2017-01-06,37.77859115600586,4748300
2017-01-09,37.0960693359375,8037700
2017-01-10,36.72855758666992,5124400
2017-01-11,37.246070861816406,6681500
2017-01-12,36.93856430053711,3952600
2017-01-13,36.28603744506836,5758400
2017-01-17,36.54854202270508,5121300
2017-01-18,36.676055908203125,3751600
2017-01-19,36.2785530090332,4185700
2017-01-20,36.571044921875,5033300
2017-01-23,36.54105758666992,8149200
2017-01-24,37.56857681274414,7319700
2017-01-25,37.253570556640625,7580200
2017-01-26,37.0810661315918,4333300
2017-01-27,36.81104278564453,5084000
2017-01-30,36.27104949951172,5473900
2017-01-31,36.038543701171875,5308900
2017-02-01,35.78351974487305,7659300
2017-02-02,35.9260368347168,4151300
2017-02-03,36.121036529541016,3778900
2017-02-06,36.2785530090332,7976500
2017-02-07,35.94853973388672,3999700
2017-02-08,36.84105682373047,4461300
2017-02-09,37.448577880859375,4231700
2017-02-10,37.6060791015625,2787200
2017-02-13,37.711090087890625,3256400
2017-02-14,38.49673080444336,4359300
2017-02-15,38.25498962402344,4396100
2017-02-16,37.74129867553711,2955400
2017-02-17,37.78662872314453,3352700
2017-02-21,38.0585823059082,3963500
2017-02-22,37.627986907958984,3157900
2017-02-23,38.03591537475586,2673300
2017-02-24,37.79418182373047,3118700
2017-02-27,38.34564208984375,5134400
2017-02-28,37.469337463378906,5659400
2017-03-01,38.519405364990234,5952800
2017-03-02,38.55717086791992,4947400
2017-03-03,38.73092269897461,3990700
2017-03-06,38.6402702331543,6826700
2017-03-07,37.88483810424805,3413700
2017-03-08,37.937713623046875,5849200
2017-03-09,37.22760772705078,4951800
2017-03-10,37.673309326171875,4704400
2017-03-13,38.519405364990234,5771600
2017-03-14,37.779075622558594,5883000
2017-03-15,38.949989318847656,6299200
2017-03-16,38.662925720214844,5216100
2017-03-17,38.368309020996094,5309600
2017-03-20,38.14922332763672,5599300
2017-03-21,37.212493896484375,5192700
2017-03-22,37.44668960571289,4048700
2017-03-23,37.24272155761719,2721500
2017-03-24,36.91788101196289,3563200
2017-03-27,36.88766860961914,3191800
2017-03-28,37.03874969482422,4069800
2017-03-29,38.18700408935547,3867400
2017-03-30,37.87727737426758,5893200
2017-03-31,38.1794548034668,4851500
2017-04-03,37.726200103759766,2746700
2017-04-04,37.99813461303711,2445700
2017-04-05,37.348480224609375,4060300
2017-04-06,37.6506462097168,4536100
2017-04-07,37.78662872314453,3526800
2017-04-10,37.87727737426758,3773900
2017-04-11,38.09635543823242,4537300
2017-04-12,37.726200103759766,2986600
2017-04-13,37.1973991394043,3373800
2017-04-17,37.69597244262695,3563200
2017-04-18,36.970760345458984,3526500
2017-04-19,36.40419006347656,5526800
2017-04-20,36.6685905456543,3066800
2017-04-21,36.68369674682617,4201400
2017-04-24,37.9150390625,5269900
2017-04-25,37.79418182373047,3813600
2017-04-26,37.469337463378906,4885500
2017-04-27,38.54205322265625,6786600
2017-04-28,38.481632232666016,3648500
2017-05-01,38.42118835449219,3340900
2017-05-02,38.84423065185547,4864100
2017-05-03,38.708255767822266,4533400
2017-05-04,37.439125061035156,5862400
2017-05-05,38.270103454589844,5806300
2017-05-08,38.783790588378906,5924100
2017-05-09,38.87443923950195,3965000
2017-05-10,39.53923034667969,5965600
2017-05-11,39.66764450073242,4701600
2017-05-12,39.78852081298828,2946500
2017-05-15,40.30574417114258,4787700
2017-05-16,39.91781997680664,5047000
2017-05-17,39.59075927734375,4348000
2017-05-18,39.507080078125,4092200
2017-05-19,40.14601135253906,4718900
2017-05-22,40.29813766479492,2405400
2017-05-23,40.37419509887695,2199100
2017-05-24,40.41222381591797,2917100
2017-05-25,39.89500427246094,3952000
2017-05-26,40.17644119262695,3843600
2017-05-30,39.87218475341797,4004700
2017-05-31,39.58314514160156,4572300
2017-06-01,40.41222381591797,8751100
2017-06-02,40.085166931152344,4461400
2017-06-05,40.161216735839844,3261500
2017-06-06,40.381805419921875,3252700
2017-06-07,40.29052734375,3672800
2017-06-08,40.64041519165039,4652000
2017-06-09,41.61402130126953,9652000
2017-06-12,41.43147659301758,6217100
2017-06-13,41.8574333190918,3303700
2017-06-14,40.57957458496094,5523800
2017-06-15,40.30574417114258,4004500
2017-06-16,40.89903259277344,6775900
2017-06-19,41.29456329345703,3748000
2017-06-20,40.19926071166992,4838600
2017-06-21,39.34735107421875,5732100
2017-06-22,38.92139434814453,4936200
2017-06-23,39.17239761352539,6052500
2017-06-26,39.043094635009766,4827000
2017-06-27,39.43862533569336,3775100
2017-06-28,40.02431869506836,3171500
2017-06-29,39.408203125,4580500
2017-06-30,39.80373001098633,2917400
2017-07-03,40.38941955566406,1740700
2017-07-05,40.23728942871094,4098300
2017-07-06,40.19926071166992,3074600
2017-07-07,41.127235412597656,3908100
2017-07-10,41.13481903076172,3031300
2017-07-11,41.22610855102539,3288900
2017-07-12,40.89143371582031,2538600
2017-07-13,40.9522705078125,2614000
2017-07-14,40.92946243286133,2788700
2017-07-17,41.30978012084961,4615100
2017-07-18,41.705299377441406,2757900
2017-07-19,42.25295639038086,3365600
2017-07-20,42.13885498046875,3000500
2017-07-21,42.093223571777344,2101900
2017-07-24,42.26055908203125,2306100
2017-07-25,42.610450744628906,4102400
2017-07-26,42.33662414550781,4010500
2017-07-27,42.709346771240234,5047400
2017-07-28,41.81939697265625,3412400
2017-07-31,42.58763122558594,2973100
2017-08-01,42.99836730957031,2918400
2017-08-02,42.74736022949219,2908200
2017-08-03,42.511566162109375,2683000
2017-08-04,42.43551254272461,3467600
2017-08-07,41.758548736572266,3182600
2017-08-08,41.40865707397461,2312200
2017-08-09,40.30574417114258,4329200
2017-08-10,39.71245193481445,3676200
2017-08-11,39.67441177368164,3303500
2017-08-14,40.096012115478516,2248700
2017-08-15,39.77406311035156,3015500
2017-08-16,39.13787841796875,3896700
2017-08-17,38.09541320800781,4586200
2017-08-18,38.409690856933594,3661300
2017-08-21,37.90379333496094,3561100
2017-08-22,38.07242965698242,3257500
2017-08-23,38.4556770324707,4527200
2017-08-24,39.191524505615234,4070100
2017-08-25,39.64375686645508,3101400
2017-08-28,40.2569694519043,5812400
2017-08-29,39.421470642089844,5375900
2017-08-30,40.111331939697266,4249300
2017-08-31,40.203304290771484,4895500
2017-09-01,41.60601806640625,3976600
2017-09-05,39.697418212890625,8363200
2017-09-06,40.14199447631836,6461900
2017-09-07,40.341278076171875,3902700
2017-09-08,40.94682312011719,4656400
2017-09-11,41.199771881103516,4580100
2017-09-12,41.2150993347168,3425900
2017-09-13,40.785850524902344,4395700
2017-09-14,40.11899185180664,5402000
2017-09-15,40.5942268371582,9062800
2017-09-18,41.06946563720703,4522000
2017-09-19,41.544708251953125,4522500
2017-09-20,41.72099685668945,4221700
2017-09-21,41.67499923706055,4037800
2017-09-22,41.95094299316406,3681400
2017-09-25,42.56415557861328,4594600
2017-09-26,42.44918441772461,4032800
2017-09-27,42.34185791015625,3857900
2017-09-28,42.51816177368164,3762900
2017-09-29,42.98572540283203,3723900
2017-10-02,42.84009552001953,2712500
2017-10-03,43.03172302246094,3199900
2017-10-04,43.16203308105469,2804600
2017-10-05,43.11604309082031,2886500
2017-10-06,42.939754486083984,3917400
2017-10-09,43.03172302246094,3281500
2017-10-10,43.11604309082031,3621700
2017-10-11,43.093055725097656,4164100
2017-10-12,43.34599304199219,3048400
2017-10-13,43.20802307128906,2839200
2017-10-16,42.70979309082031,5437900
2017-10-17,43.31532287597656,3017900
2017-10-18,43.49928665161133,2905800
2017-10-19,43.767578125,3403700
2017-10-20,44.06650924682617,3904900
2017-10-23,43.18503189086914,3734700
2017-10-24,43.683258056640625,3428900
2017-10-25,43.26167678833008,4895500
2017-10-26,43.89787673950195,4239300
2017-10-27,44.81768035888672,4159900
2017-10-30,45.26993179321289,3887700
2017-10-31,45.791160583496094,5157600
2017-11-01,46.67264175415039,5609400
2017-11-02,47.65376663208008,5216100
2017-11-03,47.6767692565918,3660700
2017-11-06,47.7917366027832,3695400
2017-11-07,48.37428283691406,3725400
2017-11-08,48.458587646484375,4834200
2017-11-09,47.26285171508789,5014800
2017-11-10,47.30883026123047,3220100
2017-11-13,47.6767692565918,2823400
2017-11-14,48.19032287597656,4490200
2017-11-15,47.442047119140625,4743600
2017-11-16,47.835472106933594,3981300
2017-11-17,48.03602981567383,3195900
2017-11-20,47.78147506713867,2573100
2017-11-21,48.05146408081055,2532400
2017-11-22,47.835472106933594,2956000
2017-11-24,47.85089874267578,1407400
2017-11-27,47.73517990112305,6393000
2017-11-28,47.997467041015625,2889900
2017-11-29,47.36490249633789,4231000
2017-11-30,48.313743591308594,4883700
2017-12-01,48.47574234008789,5187800
2017-12-04,48.830589294433594,4242900
2017-12-05,49.787147521972656,4256100
2017-12-06,48.95401382446289,2354800
2017-12-07,49.370582580566406,3362700
2017-12-08,49.94913864135742,3084700
2017-12-11,49.72542953491211,2768800
2017-12-12,49.74858093261719,2591600
2017-12-13,49.486297607421875,2966100
2017-12-14,49.879722595214844,4319000
2017-12-15,50.720558166503906,10013900
2017-12-18,50.9211311340332,3386400
2017-12-19,49.94913864135742,4367500
2017-12-20,50.6511344909668,5163600
2017-12-21,51.16798782348633,5675700
2017-12-22,51.19112014770508,3449500
2017-12-26,51.5613899230957,2309900
2017-12-27,51.23740768432617,2195500
2017-12-28,51.22198486328125,3124400
2017-12-29,50.89799499511719,2289100
2018-01-02,51.82368087768555,3055900
2018-01-03,52.926822662353516,4844000
2018-01-04,52.98080062866211,3156400
2018-01-05,53.48994064331055,3512300
2018-01-08,53.528507232666016,3212600
2018-01-09,53.2276496887207,2980300
2018-01-10,53.62107849121094,2719400
2018-01-11,54.191917419433594,2494500
2018-01-12,55.0944709777832,2628200
2018-01-16,54.60078048706055,4401500
2018-01-17,55.5264778137207,3489700
2018-01-18,55.14848327636719,3610600
2018-01-19,55.45705032348633,3894300
2018-01-22,56.436729431152344,4365700
2018-01-23,56.4058952331543,2852600
2018-01-24,55.22560501098633,3933900
2018-01-25,54.83220672607422,2894300
2018-01-26,55.341331481933594,3556100
2018-01-29,54.114784240722656,4153100
2018-01-30,53.32794189453125,4841700
2018-01-31,53.435943603515625,6425000
2018-02-01,52.98851776123047,6953500
2018-02-02,52.00111770629883,5035100
2018-02-05,49.81800079345703,5891600
2018-02-06,50.674285888671875,4615400
2018-02-07,50.211429595947266,5065000
2018-02-08,48.43718338012695,4379300
2018-02-09,49.247154235839844,4871400
2018-02-12,49.964569091796875,3423700
2018-02-13,50.975128173828125,3571000
2018-02-14,52.57968521118164,4690000
2018-02-15,52.30197525024414,4187200
2018-02-16,52.402252197265625,3301300
2018-02-20,51.45469665527344,3236000
2018-02-21,51.47023391723633,4522200
2018-02-22,51.61781311035156,4149500
2018-02-23,51.88964080810547,2896400
2018-02-26,51.48577117919922,3243200
2018-02-27,50.94986343383789,4395600
2018-02-28,49.75377655029297,5536600
2018-03-01,50.32076644897461,4264800
2018-03-02,50.63143539428711,2890100
2018-03-05,51.384796142578125,3662000
2018-03-06,52.340110778808594,3730300
2018-03-07,52.56535339355469,3536800
2018-03-08,53.613853454589844,4015600
2018-03-09,54.5380973815918,4110400
2018-03-12,53.800262451171875,3175900
2018-03-13,53.77695846557617,3246000
2018-03-14,53.87017059326172,3328600
2018-03-15,53.30318832397461,4534800
2018-03-16,54.11869812011719,6081700
2018-03-19,53.753662109375,2774000
2018-03-20,55.50117111206055,4723500
2018-03-21,56.8603630065918,4355900
2018-03-22,56.6739616394043,3809500
2018-03-23,55.36138916015625,5858200
2018-03-26,57.22538757324219,4245400
2018-03-27,56.60405731201172,3640400
2018-03-28,55.780757904052734,4082300
2018-03-29,56.78268051147461,2790900
2018-04-02,55.76525115966797,3372600
2018-04-03,56.38658142089844,3660000
2018-04-04,56.36330032348633,4382800
2018-04-05,57.015708923339844,4706500
2018-04-06,56.27009201049805,3211500
2018-04-09,55.66427993774414,3889800
2018-04-10,57.240928649902344,3906500
2018-04-11,57.489444732666016,3916800
2018-04-12,57.66809844970703,2357900
2018-04-13,57.93216323852539,2485600
2018-04-16,60.20781707763672,4840000
2018-04-17,61.00782012939453,3866200
2018-04-18,61.186431884765625,4192700
2018-04-19,61.6679801940918,3147600
2018-04-20,61.94758224487305,2557700
2018-04-23,62.01746368408203,2946900
2018-04-24,61.963130950927734,4744100
2018-04-25,62.3126335144043,3272000
2018-04-26,64.4096450805664,4330100
2018-04-27,63.2446403503418,3287700
2018-04-30,58.18071365356445,28076500
2018-05-01,56.619590759277344,20929500
2018-05-02,58.90302658081055,13325500
2018-05-03,60.16120910644531,9029100
2018-05-04,59.75736999511719,5612100
2018-05-07,59.41563034057617,5856900
2018-05-08,58.49136734008789,6857100
2018-05-09,59.88937759399414,4827000
2018-05-10,60.22337341308594,4532100
2018-05-11,60.06027603149414,3549200
2018-05-14,60.8447151184082,4936700
2018-05-15,60.38375473022461,5869400
2018-05-16,59.94624328613281,6890300
2018-05-17,63.0556640625,9675600
2018-05-18,62.1337776184082,4015700
2018-05-21,61.60252380371094,3866500
2018-05-22,61.32128143310547,4111900
2018-05-23,61.618141174316406,4419300
2018-05-24,61.80565643310547,6090000
2018-05-25,60.15718078613281,6419000
2018-05-29,60.63373947143555,6145500
2018-05-30,62.14940643310547,6100600
2018-05-31,61.743160247802734,8272100
2018-06-01,64.00099182128906,6979800
2018-06-04,64.00881958007812,6655300
2018-06-05,62.758785247802734,4851800
2018-06-06,61.532222747802734,6320300
2018-06-07,61.836891174316406,4197600
2018-06-08,61.71187973022461,4058800
2018-06-11,60.75876998901367,5268200
2018-06-12,58.95402908325195,7553200
2018-06-13,58.50092315673828,4645600
2018-06-14,58.74312210083008,4880500
2018-06-15,57.469642639160156,8448900
2018-06-18,58.43059539794922,4517800
2018-06-19,58.219661712646484,3828100
2018-06-20,57.67276382446289,3217200
2018-06-21,56.625885009765625,4776300
2018-06-22,56.73527145385742,11180200
2018-06-25,54.664913177490234,7899400
2018-06-26,55.1102409362793,4478800
2018-06-27,54.063323974609375,5758900
2018-06-28,54.2899055480957,4546300
2018-06-29,54.813358306884766,5576800
2018-07-02,54.899295806884766,5351000
2018-07-03,55.3289909362793,6832100
2018-07-05,54.37584686279297,8436100
2018-07-06,54.844600677490234,4055100
2018-07-09,56.11023712158203,5463300
2018-07-10,56.14931106567383,3965500
2018-07-11,54.6571159362793,4441200
2018-07-12,55.0867919921875,3951200
2018-07-13,56.04774475097656,4884600
2018-07-16,55.7977294921875,3077100
2018-07-17,56.01649475097656,3110700
2018-07-18,56.68838119506836,5089500
2018-07-19,56.92276382446289,3148700
2018-07-20,56.65713882446289,4231700
2018-07-23,57.03215026855469,3605800
2018-07-24,57.61027526855469,4223600
2018-07-25,58.37591552734375,5236300
2018-07-26,62.6259765625,11435400
2018-07-27,63.274444580078125,5450900
2018-07-30,63.672874450683594,4166200
2018-07-31,63.14942169189453,4686700
2018-08-01,63.09474182128906,4279400
2018-08-02,62.2900390625,3785000
2018-08-03,61.79001998901367,3075100
2018-08-06,62.3759651184082,3837100
2018-08-07,63.49317932128906,4145800
2018-08-08,63.82130432128906,3171200
2018-08-09,63.0869255065918,3027600
2018-08-10,63.2275390625,2708400
2018-08-13,62.5712776184082,2307800
2018-08-14,62.586910247802734,3413800
2018-08-15,60.646053314208984,6162800
2018-08-16,60.261016845703125,4075600
2018-08-17,60.59104537963867,3374300
2018-08-20,61.887596130371094,3352300
2018-08-21,62.084022521972656,5733400
2018-08-22,63.02693557739258,3838700
2018-08-23,64.1348876953125,3392100
2018-08-24,65.86358642578125,6091800
2018-08-27,65.75359344482422,4305200
2018-08-28,65.93431854248047,3222900
2018-08-29,65.78500366210938,3624700
2018-08-30,65.31358337402344,4420500
2018-08-31,64.6613540649414,6666800
2018-09-04,66.22502899169922,6036200
2018-09-05,65.95787048339844,5718900
2018-09-06,65.06211853027344,4468200
2018-09-07,64.83423614501953,3589100
2018-09-10,64.77137756347656,4067700
2018-09-11,65.62786102294922,3835400
2018-09-12,66.16218566894531,5581900
2018-09-13,66.07575988769531,4575900
2018-09-14,66.27220153808594,3294400
2018-09-17,65.86358642578125,3510200
2018-09-18,65.98146057128906,4563000
2018-09-19,63.2862548828125,6867500
2018-09-20,64.37849426269531,6500000
2018-09-21,65.51001739501953,8531600
2018-09-24,67.41159057617188,6853000
2018-09-25,66.83010864257812,7512100
2018-09-26,66.4214859008789,7955000
2018-09-27,65.25068664550781,8087700
2018-09-28,62.8383674621582,39153800
2018-10-01,64.77137756347656,6696600
2018-10-02,65.43927764892578,7100100
2018-10-03,67.88306427001953,8331700
2018-10-04,67.00296783447266,6911300
2018-10-05,66.40577697753906,7580800
2018-10-08,65.89501953125,9552200
2018-10-09,65.81644439697266,5322700
2018-10-10,63.372718811035156,10626500
2018-10-11,61.86402130126953,9010200
2018-10-12,62.9248046875,8179200
2018-10-15,61.12537384033203,7960600
2018-10-16,62.916961669921875,5907500
2018-10-17,62.19401931762695,5630300
2018-10-18,61.934730529785156,4859600
2018-10-19,58.084434509277344,13322800
2018-10-22,58.24944305419922,5154000
2018-10-23,56.646446228027344,8640000
2018-10-24,53.479793548583984,12254700
2018-10-25,54.972774505615234,8315800
2018-10-26,54.10841369628906,7837700
2018-10-29,52.827598571777344,6307400
2018-10-30,54.0612678527832,6470600
2018-10-31,55.35780334472656,9638900
2018-11-01,55.852821350097656,8070900
2018-11-02,54.60344314575195,5685500
2018-11-05,54.81562805175781,4841500
2018-11-06,53.723384857177734,6809800
2018-11-07,54.862762451171875,7305300
2018-11-08,53.19691848754883,7182500
2018-11-09,52.78831100463867,6340500
2018-11-12,51.78252029418945,4588800
2018-11-13,50.423126220703125,8936000
2018-11-14,50.16383361816406,6395600
2018-11-15,51.35820770263672,6149600
2018-11-16,51.42106628417969,6373700
2018-11-19,49.82594680786133,6337700
2018-11-20,48.9869384765625,7603000
2018-11-21,50.44332504272461,6438600
2018-11-23,48.86029052734375,2695000
2018-11-26,50.79951477050781,5448300
2018-11-27,50.45124816894531,5096700
2018-11-28,51.670162200927734,6229200
2018-11-29,51.36940002441406,5096900
2018-11-30,51.57520294189453,6236800
2018-12-03,51.179443359375,9307900
2018-12-04,50.13463592529297,7711600
2018-12-06,50.30085372924805,7501300
2018-12-07,48.72573471069336,9721900
2018-12-10,48.26666259765625,8768800
2018-12-11,48.55159378051758,5555100
2018-12-12,49.10567092895508,5484100
2018-12-13,49.16899108886719,6501700
2018-12-14,47.38807678222656,8583000
2018-12-17,46.572811126708984,9197900
2018-12-18,46.667789459228516,12023600
2018-12-19,46.40658950805664,15030100
2018-12-20,45.44886016845703,11900600
2018-12-21,44.9106330871582,14239800
2018-12-24,42.99515151977539,4508800
2018-12-26,46.18497085571289,6036400
2018-12-27,46.77859878540039,5766200
2018-12-28,46.097900390625,4563500
2018-12-31,46.70737075805664,4357900
2019-01-02,47.20602798461914,6608000
2019-01-03,46.51739501953125,6290600
2019-01-04,48.796958923339844,6297600
2019-01-07,49.2797966003418,6333100
2019-01-08,49.76261520385742,5884800
2019-01-09,50.8311653137207,7195800
2019-01-10,50.36417007446289,8083300
2019-01-11,51.345664978027344,6863900
2019-01-14,51.35356903076172,4772900
2019-01-15,50.918243408203125,4285300
2019-01-16,50.926143646240234,5277900
2019-01-17,52.0738525390625,4533100
2019-01-18,52.31129837036133,5745800
2019-01-22,51.30607604980469,6166300
2019-01-23,51.32981872558594,4357700
2019-01-24,49.95258712768555,7318600
2019-01-25,50.72035598754883,7914700
2019-01-28,50.435420989990234,11002700
2019-01-29,50.767845153808594,5922800
2019-01-30,51.70975875854492,5745700
2019-01-31,52.44586944580078,8782200
2019-02-01,51.820560455322266,5216900
2019-02-04,52.16883087158203,5553700
2019-02-05,53.17405700683594,5403600
2019-02-06,52.92869186401367,5484200
2019-02-07,50.41958999633789,9498500
2019-02-08,49.643890380859375,8276500
2019-02-11,48.85237121582031,9648000
2019-02-12,48.97110366821289,6478600
2019-02-13,50.380001068115234,4141000
2019-02-14,50.688697814941406,4824400
2019-02-15,51.567283630371094,5166300
2019-02-19,51.87850570678711,3836500
2019-02-20,51.95830154418945,5470500
2019-02-21,51.599205017089844,7231800
2019-02-22,51.886478424072266,3544600
2019-02-25,51.67101287841797,4054700
2019-02-26,51.543338775634766,3746400
2019-02-27,50.593711853027344,5805400
2019-02-28,49.484466552734375,7499200
2019-03-01,50.01913833618164,6069800
2019-03-04,49.484466552734375,7025300
2019-03-05,48.526859283447266,7254500
2019-03-06,47.82462692260742,8212400
2019-03-07,46.95478820800781,5830500
2019-03-08,45.88545608520508,7631000
2019-03-11,47.24208450317383,6670400
2019-03-12,46.970741271972656,5849100
2019-03-13,47.53733444213867,6243500
2019-03-14,47.63309860229492,5473400
2019-03-15,48.23957824707031,9173800
2019-03-18,49.54033279418945,7657900
2019-03-19,49.50043487548828,6237100
2019-03-20,49.62811279296875,8136000
2019-03-21,50.10692596435547,6306700
2019-03-22,48.91789627075195,4664600
2019-03-25,48.814144134521484,5190100
2019-03-26,49.444576263427734,4191500
2019-03-27,49.62811279296875,4793400
2019-03-28,48.63859176635742,5095500
2019-03-29,47.76078796386719,8245000
2019-04-01,48.718387603759766,6993500
2019-04-02,47.816654205322266,7284200
2019-04-03,48.183719635009766,6979400
2019-04-04,48.957786560058594,5838700
2019-04-05,50.649574279785156,7359600
2019-04-08,50.56179428100586,7353200
2019-04-09,49.60417175292969,6046900
2019-04-10,50.7533073425293,8247800
2019-04-11,50.3622932434082,5284900
2019-04-12,49.149314880371094,10104400
2019-04-15,48.311405181884766,7075900
2019-04-16,47.89643859863281,7899900
2019-04-17,48.07201385498047,5500500
2019-04-18,47.728851318359375,6363800
2019-04-22,48.782230377197266,6186600
2019-04-23,48.726375579833984,6804700
2019-04-24,47.481475830078125,7056500
2019-04-25,48.39919662475586,6554000
2019-04-26,48.191707611083984,6244500
2019-04-29,48.67051315307617,4506800
2019-04-30,48.574737548828125,5005400
2019-05-01,47.84058380126953,4991300
2019-05-02,46.83509826660156,6849500
2019-05-03,47.84855651855469,5626700
2019-05-06,47.4734992980957,6409400
2019-05-07,47.42561340332031,9697100
2019-05-08,44.0739860534668,16021700
2019-05-09,42.26251220703125,15870600
2019-05-10,42.414127349853516,10158900
2019-05-13,40.47496795654297,7505300
2019-05-14,40.945796966552734,7644100
2019-05-15,41.2763786315918,7209900
2019-05-16,42.62297058105469,11750700
2019-05-17,41.88920974731445,6239600
2019-05-20,42.02627944946289,5315900
2019-05-21,42.96162796020508,6908700
2019-05-22,41.865013122558594,5547700
2019-05-23,40.42973327636719,10245900
2019-05-24,40.550689697265625,4860800
2019-05-28,39.51051712036133,8418500
2019-05-29,39.50244903564453,5894900
2019-05-30,37.98653793334961,8279000
2019-05-31,37.08344268798828,12939000
2019-06-03,38.002662658691406,8684100
2019-06-04,39.099281311035156,8225500
2019-06-05,38.454200744628906,7868200
2019-06-06,38.78480911254883,9358600
2019-06-07,37.8897819519043,10342900
2019-06-10,38.4461555480957,7440200
2019-06-11,38.518714904785156,5619100
2019-06-12,37.87364196777344,6602300
2019-06-13,38.62354278564453,6491400
2019-06-14,38.67192459106445,5463300
2019-06-17,39.276676177978516,8369100
2019-06-18,40.02656173706055,7502200
2019-06-19,40.04269027709961,7330300
2019-06-20,41.88920974731445,10766000
2019-06-21,42.46170425415039,11668300
2019-06-24,41.606990814208984,5949400
2019-06-25,41.437652587890625,5471700
2019-06-26,43.71152114868164,9095600
2019-06-27,43.84054183959961,7700200
2019-06-28,45.05809783935547,10298700
2019-07-01,44.4453010559082,8054200
2019-07-02,43.93730926513672,6677400
2019-07-03,43.80023193359375,3229500
2019-07-05,44.24371337890625,3414000
2019-07-08,43.81635284423828,4642200
2019-07-09,44.058250427246094,4702500
2019-07-10,44.33240509033203,3963100
2019-07-11,44.70331954956055,4144700
2019-07-12,44.73558807373047,3792000
2019-07-15,44.211463928222656,5764200
2019-07-16,44.8968391418457,6097600
2019-07-17,43.79215621948242,4609600
2019-07-18,44.63882064819336,4279500
2019-07-19,44.542057037353516,3284800
2019-07-22,44.52592849731445,2725800
2019-07-23,44.92103576660156,3649900
2019-07-24,46.46113586425781,7114300
2019-07-25,45.55804443359375,5127200
2019-07-26,45.832191467285156,3452900
2019-07-29,45.28388977050781,4604200
2019-07-30,46.00152587890625,3746300
2019-07-31,45.4693489074707,5682200
2019-08-01,44.63882064819336,8254600
2019-08-02,43.23578643798828,5094700
2019-08-05,40.85708236694336,8055900
2019-08-06,39.98624801635742,7722500
2019-08-07,38.80900573730469,9238000
2019-08-08,39.929805755615234,7974700
2019-08-09,39.018646240234375,4353800
2019-08-12,37.373722076416016,6857200
2019-08-13,38.018795013427734,5233100
2019-08-14,35.986820220947266,9399100
2019-08-15,36.60769271850586,6292800
2019-08-16,37.268890380859375,5028400
2019-08-19,38.55097579956055,5335800
2019-08-20,38.0943603515625,4452100
2019-08-21,38.51020050048828,3815900
2019-08-22,38.232975006103516,3311900
2019-08-23,37.311588287353516,6215200
2019-08-26,37.53990936279297,9283900
2019-08-27,36.96099853515625,3927000
2019-08-28,37.77635192871094,4258100
2019-08-29,39.59465408325195,8793600
2019-08-30,40.12464904785156,5659600
2019-09-03,40.47526550292969,8002100
2019-09-04,41.30694580078125,4852000
2019-09-05,42.790931701660156,8812500
2019-09-06,42.782772064208984,5276500
2019-09-09,43.68784713745117,5218500
2019-09-10,44.42167663574219,6929700
2019-09-11,44.1199836730957,6531700
2019-09-12,43.36983871459961,7028100
2019-09-13,43.45138168334961,7377100
2019-09-16,42.73385238647461,9626100
2019-09-17,43.549224853515625,6123700
2019-09-18,43.83460235595703,3247400
2019-09-19,43.96506881713867,3594500
2019-09-20,44.927215576171875,7932500
2019-09-23,45.48167037963867,5357300
2019-09-24,45.23705291748047,5520500
2019-09-25,49.044864654541016,16650300
2019-09-26,49.60747528076172,9487000
2019-09-27,50.89576721191406,13047100
2019-09-30,49.53408432006836,9311300
2019-10-01,49.232398986816406,6307600
2019-10-02,48.2702522277832,5479400
2019-10-03,48.92255401611328,4462000
2019-10-04,49.52593231201172,6181700
2019-10-07,49.24870300292969,3345200
2019-10-08,48.77578353881836,4838700
2019-10-09,49.37915802001953,5461300
2019-10-10,50.4962272644043,4470600
2019-10-11,51.71113586425781,8368500
2019-10-14,51.48283767700195,3811400
2019-10-15,52.22482681274414,4926300
2019-10-16,51.115901947021484,4325600
2019-10-17,52.265594482421875,7049100
2019-10-18,53.113582611083984,12749000
2019-10-21,52.73036193847656,4631300
2019-10-22,53.14619445800781,3468800
2019-10-23,53.70881652832031,5908200
2019-10-24,54.10018539428711,4898400
2019-10-25,55.453712463378906,6248200
2019-10-28,55.10310363769531,4748700
2019-10-29,55.46186447143555,7274800
2019-10-30,53.96973419189453,6873400
2019-10-31,52.14329528808594,15931500
2019-11-01,54.19804763793945,7377500
2019-11-04,55.396636962890625,6145100
2019-11-05,54.173583984375,7018500
2019-11-06,52.4123649597168,5081400
2019-11-07,54.01865005493164,5980300
2019-11-08,54.002349853515625,4488100
2019-11-11,53.57834243774414,2254900
2019-11-12,52.91790771484375,5518500
2019-11-13,52.387901306152344,4325600
2019-11-14,52.55097579956055,4440400
2019-11-15,52.74666213989258,4468100
2019-11-18,52.624359130859375,3310700
2019-11-19,50.848567962646484,4757000
2019-11-20,50.807464599609375,8599600
2019-11-21,51.99131774902344,3842000
2019-11-22,51.267852783203125,2379300
2019-11-25,51.32538986206055,6855800
2019-11-26,50.70058822631836,9866700
2019-11-27,50.536155700683594,4197100
2019-11-29,49.853782653808594,3545100
2019-12-02,50.042869567871094,4327700
2019-12-03,49.35228729248047,5006900
2019-12-04,49.35228729248047,3884100
2019-12-05,49.204307556152344,3205200
2019-12-06,49.492061614990234,3970100
2019-12-09,48.036888122558594,5609600
2019-12-10,48.23420715332031,3993900
2019-12-11,46.951683044433594,7712000
2019-12-12,48.50550079345703,4380500
2019-12-13,48.184879302978516,4836600
2019-12-16,49.94422149658203,8166000
2019-12-17,50.322410583496094,5519400
2019-12-18,50.075767517089844,4787000
2019-12-19,50.25664520263672,5252100
2019-12-20,50.6512565612793,8907200
2019-12-23,49.8702392578125,6449400
2019-12-24,50.125099182128906,1570700
2019-12-26,49.71403121948242,3655300
2019-12-27,49.640045166015625,3682800
2019-12-30,49.05632400512695,3363100
2019-12-31,49.53315734863281,3356900
2020-01-02,50.89788818359375,4497400
2020-01-03,47.87246322631836,9671100
2020-01-06,47.86425018310547,7878000
2020-01-07,48.62059783935547,6578000
2020-01-08,48.11088180541992,5585200
2020-01-09,48.82612991333008,6179700
2020-01-10,49.508514404296875,4941400
2020-01-13,49.015220642089844,4044300
2020-01-14,49.19608688354492,5411900
2020-01-15,47.790245056152344,7231300
2020-01-16,47.296966552734375,7222300
2020-01-17,46.77082061767578,6122600
2020-01-21,46.187110900878906,6499800
2020-01-22,46.014469146728516,4152000
2020-01-23,45.48830032348633,5107000
2020-01-24,44.7977180480957,4607600
2020-01-27,43.32610321044922,7797200
2020-01-28,43.51519012451172,5148700
2020-01-29,44.05780029296875,9915000
2020-01-30,44.68260192871094,5282600
2020-01-31,44.80592727661133,9482400
2020-02-03,42.79994583129883,7339800
2020-02-04,43.89337158203125,7009000
2020-02-05,45.66093826293945,6227700
2020-02-06,45.59516906738281,3571700
2020-02-07,44.962127685546875,5589000
2020-02-10,45.274539947509766,4114100
2020-02-11,46.6639404296875,6780700
2020-02-12,48.44795227050781,8065000
2020-02-13,48.916561126708984,6661100
2020-02-14,47.95467758178711,6811500
2020-02-18,46.89179229736328,5258000
2020-02-19,47.90486145019531,7065100
2020-02-20,50.038944244384766,13576300
2020-02-21,49.100608825683594,6490700
2020-02-24,46.393550872802734,10276800
2020-02-25,44.11000442504883,8826300
2020-02-26,43.4041748046875,6040700
2020-02-27,39.80030822753906,13247500
2020-02-28,39.37681579589844,14192500
2020-03-02,39.63422393798828,11884700
2020-03-03,37.508445739746094,8506400
2020-03-04,38.098018646240234,6923700
2020-03-05,34.22011947631836,15767100
2020-03-06,32.50952911376953,13937000
2020-03-09,28.083587646484375,14834800
2020-03-10,28.664859771728516,12222900
2020-03-11,26.04084587097168,13535400
2020-03-12,19.007492065429688,23939000
2020-03-13,20.693172454833984,17766900
2020-03-16,16.84848976135254,14482400
2020-03-17,16.856796264648438,13424800
2020-03-18,13.90893268585205,17497000
2020-03-19,13.884021759033203,17581700
2020-03-20,15.73577880859375,19580400
2020-03-23,13.800983428955078,12971100
2020-03-24,14.531720161437988,14391400
2020-03-25,17.529407501220703,18300300
2020-03-26,19.215085983276367,18506600
2020-03-27,19.223392486572266,11426300
2020-03-30,20.203245162963867,10263000
2020-03-31,19.613670349121094,11631300
2020-04-01,17.330116271972656,9305100
2020-04-02,17.62074851989746,11990400
2020-04-03,16.65750503540039,14114500
2020-04-06,19.17357063293457,10180000
2020-04-07,18.69194221496582,14246900
2020-04-08,20.186630249023438,18008600
2020-04-09,21.282743453979492,15625800
2020-04-13,21.033628463745117,11670100
2020-04-14,21.83909797668457,11312400
2020-04-15,19.912607192993164,8269100
2020-04-16,18.226930618286133,11792600
2020-04-17,21.133275985717773,13646100
2020-04-20,20.63504409790039,9923400
2020-04-21,19.696704864501953,11871900
2020-04-22,20.502182006835938,9891700
2020-04-23,21.540164947509766,9947800
2020-04-24,21.39069366455078,10755800
2020-04-27,21.96365737915039,7702500
2020-04-28,23.607820510864258,8460700
2020-04-29,27.43588638305664,15179700
2020-04-30,26.63871955871582,18487300
2020-05-01,24.28042984008789,7456900
2020-05-04,26.182010650634766,13776100
2020-05-05,25.858156204223633,13474500
2020-05-06,24.521240234375,7794700
2020-05-07,25.559219360351562,10622100
2020-05-08,27.42758560180664,8061600
2020-05-11,27.153554916381836,7232900
2020-05-12,26.746673583984375,7025500
2020-05-13,25.783422470092773,8503600
2020-05-14,25.650562286376953,7941400
2020-05-15,25.160640716552734,9469100
2020-05-18,29.02191734313965,13224100
2020-05-19,29.131694793701172,13057200
2020-05-20,31.0906925201416,18678500
2020-05-21,30.136520385742188,11427200
2020-05-22,30.035198211669922,5682700
2020-05-26,31.099149703979492,10481800
2020-05-27,30.888051986694336,10878100
2020-05-28,29.70588493347168,6998100
2020-05-29,29.672107696533203,11445100
2020-06-01,30.82048797607422,7414300
2020-06-02,31.850650787353516,7533100
2020-06-03,32.58528137207031,9151200
2020-06-04,32.12085723876953,9239300
2020-06-05,35.09313201904297,10867700
2020-06-08,35.641990661621094,14498100
2020-06-09,34.1220703125,8264500
2020-06-10,33.09190368652344,7984800
2020-06-11,29.832544326782227,10531700
2020-06-12,30.921815872192383,7688900
2020-06-15,31.951980590820312,9565800
2020-06-16,32.627498626708984,7253800
2020-06-17,31.35245704650879,5498500
2020-06-18,32.48395538330078,6219300
2020-06-19,32.24751663208008,25989000
2020-06-22,32.60216522216797,10442600
2020-06-23,32.76259994506836,5808200
2020-06-24,30.59250259399414,7993800
2020-06-25,30.980920791625977,8370700
2020-06-26,29.866323471069336,14780900
2020-06-29,29.891647338867188,4630900
2020-06-30,31.563560485839844,6542100
2020-07-01,30.128080368041992,6026400
2020-07-02,30.4573974609375,5716300
2020-07-06,30.7022705078125,6860000
2020-07-07,29.292131423950195,6752000
2020-07-08,28.836158752441406,12174100
2020-07-09,28.160633087158203,10668600
2020-07-10,30.567176818847656,9439700
2020-07-13,29.815662384033203,8333300
2020-07-14,30.567176818847656,8771300
2020-07-15,31.723995208740234,4805100
2020-07-16,31.571992874145508,3380600
2020-07-17,32.02797317504883,10359900
2020-07-20,31.031593322753906,7093400
2020-07-21,32.543060302734375,6673300
2020-07-22,32.7034912109375,7550200
2020-07-23,32.83015060424805,4573800
2020-07-24,32.67816162109375,3728500
2020-07-27,32.52616882324219,3290300
2020-07-28,32.188411712646484,4821000
2020-07-29,33.69987869262695,5097300
2020-07-30,32.154640197753906,5949200
2020-07-31,32.25596618652344,9994400
2020-08-03,32.568389892578125,24358900
2020-08-04,31.8253116607666,13185700
2020-08-05,30.761377334594727,14914600
2020-08-06,30.170299530029297,7172500
2020-08-07,30.964033126831055,5469000
2020-08-10,31.35245704650879,9232600
2020-08-11,31.200471878051758,7622200
2020-08-12,32.19685363769531,8280400
2020-08-13,31.46223258972168,5040000
2020-08-14,32.38262939453125,5768100
2020-08-17,32.63593673706055,5424600
2020-08-18,31.924415588378906,5824200
2020-08-19,31.872983932495117,5357100
2020-08-20,30.535648345947266,8117000
2020-08-21,30.3470516204834,6586100
2020-08-24,31.555789947509766,7215700
2020-08-25,31.247177124023438,7086600
2020-08-26,30.287046432495117,5174700
2020-08-27,29.98700523376465,7384700
2020-08-28,31.795827865600586,7090800
2020-08-31,30.39849281311035,5727700
2020-09-01,29.978429794311523,5048700
2020-09-02,30.012723922729492,5556900
2020-09-03,29.369768142700195,6314800
2020-09-04,28.838274002075195,7278900
2020-09-08,27.715259552001953,6645500
2020-09-09,27.235191345214844,7017500
2020-09-10,25.949298858642578,8887000
2020-09-11,26.789417266845703,8273000
2020-09-14,27.44951057434082,9334900
2020-09-15,26.652257919311523,5248500
2020-09-16,27.74098014831543,9228800
2020-09-17,27.535232543945312,8454600
2020-09-18,27.672395706176758,12106500
2020-09-21,26.789417266845703,10301500
2020-09-22,26.609394073486328,9786300
2020-09-23,24.629119873046875,8669200
2020-09-24,24.534818649291992,9454400
2020-09-25,24.54339599609375,6647200
2020-09-28,25.674976348876953,7496000
2020-09-29,25.229202270507812,4856600
2020-09-30,25.15205192565918,5788800
2020-10-01,23.75471305847168,7880300
2020-10-02,24.234779357910156,7342400
2020-10-05,25.066326141357422,6615100
2020-10-06,24.714845657348633,5367900
2020-10-07,25.040603637695312,5507800
2020-10-08,26.677978515625,6636000
2020-10-09,25.820716857910156,7514000
2020-10-12,26.137907028198242,4393100
2020-10-13,25.18634033203125,6551800
2020-10-14,25.640689849853516,4925100
2020-10-15,26.180763244628906,5150200
2020-10-16,25.177766799926758,5024100
2020-10-19,24.217632293701172,8570100
2020-10-20,25.066326141357422,6047600
2020-10-21,24.706270217895508,5732500
2020-10-22,25.29778480529785,6250000
2020-10-23,25.623544692993164,6050900
2020-10-26,24.517675399780273,6438500
2020-10-27,24.166196823120117,4681200
2020-10-28,23.574687957763672,8389000
2020-10-29,24.714845657348633,6478500
2020-10-30,25.28921127319336,8784600
2020-11-02,26.8322811126709,11738200
2020-11-03,27.355215072631836,8395600
2020-11-04,27.175189971923828,7392500
2020-11-05,27.286632537841797,7109500
2020-11-06,27.072315216064453,7181600
2020-11-09,31.264324188232422,17209800
2020-11-10,32.26731491088867,12599800
2020-11-11,31.881547927856445,5687600
2020-11-12,29.746973037719727,8952800
2020-11-13,32.1987419128418,7917600
2020-11-16,34.916255950927734,15288200
2020-11-17,35.3162956237793,7931300
2020-11-18,33.51613235473633,9135600
2020-11-19,33.985740661621094,6149200
2020-11-20,33.27262878417969,4602400
2020-11-23,35.846778869628906,8987300
2020-11-24,36.916446685791016,12176000
2020-11-25,36.072872161865234,5782500
2020-11-27,36.02070617675781,4122200
2020-11-30,33.811805725097656,13248200
2020-12-01,34.3075065612793,5942200
2020-12-02,35.29020690917969,5792600
2020-12-03,35.64676284790039,4191500
2020-12-04,37.31647872924805,5557700
2020-12-07,36.70772171020508,5835300
2020-12-08,36.916446685791016,4107200
2020-12-09,37.08167266845703,4302200
2020-12-10,38.116546630859375,9325100
2020-12-11,37.31647872924805,3651600
2020-12-14,35.44674301147461,6498400
2020-12-15,36.74251174926758,5041300
2020-12-16,36.220726013183594,5975500
2020-12-17,35.29020690917969,7227000
2020-12-18,35.09018325805664,12846400
2020-12-21,34.56839370727539,6302500
2020-12-22,34.498817443847656,7608000
2020-12-23,35.925048828125,4944700
2020-12-24,35.83808517456055,1989300
2020-12-28,35.46413040161133,4293800
2020-12-29,35.42063903808594,3363000
2020-12-30,36.15115737915039,3152300
2020-12-31,35.96853256225586,3361400
2021-01-04,35.438053131103516,4174100
2021-01-05,36.603370666503906,5869100
2021-01-06,37.35125732421875,6819900
2021-01-07,38.4122314453125,6420500
2021-01-08,37.55128479003906,5255000
2021-01-11,37.907840728759766,4222600
2021-01-12,39.6384391784668,10484700
2021-01-13,38.54267883300781,7234600
2021-01-14,39.58625411987305,8816200
2021-01-15,38.24699783325195,7719000
2021-01-19,40.08194351196289,7186300
2021-01-20,40.151519775390625,5529300
2021-01-21,39.47319793701172,5204400
2021-01-22,39.78627014160156,3645100
2021-01-25,40.20370101928711,7148400
2021-01-26,39.2731819152832,4268200
2021-01-27,38.21221160888672,8826500
2021-01-28,38.934017181396484,6253800
2021-01-29,37.53388977050781,6180900
2021-02-01,37.78609085083008,5232100
2021-02-02,39.26448059082031,7112000
2021-02-03,41.134212493896484,6492000
2021-02-04,41.16031265258789,5007500
2021-02-05,41.438594818115234,3846000
2021-02-08,43.03004455566406,9360200
2021-02-09,42.49956512451172,5076900
2021-02-10,43.31703567504883,4938500
2021-02-11,43.27354431152344,3753700
2021-02-12,43.88229751586914,3907200
2021-02-16,45.27231979370117,10784600
2021-02-17,45.65060806274414,5542300
2021-02-18,45.06117248535156,4951800
2021-02-19,46.62714385986328,7603600
2021-02-22,48.25469207763672,8770000
2021-02-23,49.064064025878906,7649100
2021-02-24,49.8382568359375,6605200
2021-02-25,48.44824981689453,6781600
2021-02-26,48.05236053466797,6259900
2021-03-01,49.35438919067383,6159300
2021-03-02,49.292808532714844,6094700
2021-03-03,49.3280029296875,5259900
2021-03-04,49.715091705322266,7032400
2021-03-05,50.42769241333008,6865900
2021-03-08,50.28693771362305,7192100
2021-03-09,49.152042388916016,5278500
2021-03-10,51.184288024902344,6504000
2021-03-11,51.02592849731445,6318500
2021-03-12,50.80599594116211,5053200
2021-03-15,50.90276336669922,5901500
2021-03-16,49.45116424560547,10415300
2021-03-17,49.45116424560547,7586400
2021-03-18,46.49517822265625,9731000
2021-03-19,47.29576110839844,14090200
2021-03-22,46.93505859375,4805300
2021-03-23,46.13447952270508,6252100
2021-03-24,46.77669906616211,6802900
2021-03-25,47.401329040527344,5087700
2021-03-26,48.40425491333008,3822400
2021-03-29,47.09341812133789,4552200
2021-03-30,47.155006408691406,3228700
2021-03-31,47.058231353759766,4984800
2021-04-01,49.09046173095703,5490800
2021-04-05,47.471702575683594,5589900
2021-04-06,47.22537612915039,5009000
2021-04-07,47.49809646606445,3850300
2021-04-08,46.94385528564453,6030800
2021-04-09,46.47759246826172,3191900
2021-04-12,45.9321403503418,3677900
2021-04-13,46.24885177612305,3059300
2021-04-14,47.39254379272461,4587500
2021-04-15,47.39254379272461,4410700
2021-04-16,47.73563766479492,6161300
2021-04-19,47.00543975830078,3991600
2021-04-20,45.79137420654297,4337400
2021-04-21,46.89987564086914,3457400
2021-04-22,45.800167083740234,7656200
2021-04-23,46.62714385986328,4179200
2021-04-26,46.864681243896484,4488700
2021-04-27,47.410133361816406,4867200
2021-04-28,48.77375030517578,5896000
2021-04-29,49.30160140991211,5505400
2021-04-30,48.9585075378418,4773000
2021-05-03,50.28693771362305,7066600
2021-05-04,50.41009521484375,7081500
2021-05-05,52.231201171875,8732000
2021-05-06,52.31037521362305,7405500
2021-05-07,52.78544998168945,8178200
2021-05-10,52.61829376220703,6884600
2021-05-11,51.58897018432617,5801400
2021-05-12,51.87929916381836,7541600
2021-05-13,51.71213912963867,5491100
2021-05-14,52.85582733154297,31341800
2021-05-17,54.12267303466797,11254800
2021-05-18,53.58091735839844,11782100
2021-05-19,52.888179779052734,9215400
2021-05-20,52.994747161865234,8310500
2021-05-21,52.9237060546875,9741400
2021-05-24,53.9361686706543,11488300
2021-05-25,53.29671859741211,8911900
2021-05-26,53.99834060668945,8740800
2021-05-27,54.53122329711914,11339200
2021-05-28,54.886478424072266,8962400
2021-06-01,55.50815963745117,6361400
2021-06-02,55.934471130371094,7552500
2021-06-03,56.183143615722656,7620800
2021-06-04,56.54727554321289,5751800
2021-06-07,56.25419616699219,5920300
2021-06-08,56.92028045654297,9855000
2021-06-09,56.493995666503906,13185600
2021-06-10,56.34300231933594,6980000
2021-06-11,56.112098693847656,3631600
2021-06-14,55.94335174560547,8772100
2021-06-15,56.54727554321289,6232000
2021-06-16,56.20090103149414,5432400
2021-06-17,54.14044189453125,7209900
2021-06-18,52.28424835205078,8980600
2021-06-21,54.22037124633789,4657900
2021-06-22,54.47793197631836,4246900
2021-06-23,54.66443634033203,3538800
2021-06-24,55.36605453491211,2646000
2021-06-25,55.552574157714844,9623100
2021-06-28,53.731903076171875,6040700
2021-06-29,53.35888671875,3630100
2021-06-30,53.660850524902344,3822200
2021-07-01,54.4157600402832,4013900
2021-07-02,54.238136291503906,4312200
2021-07-06,52.37305450439453,9406400
2021-07-07,51.46717071533203,4186500
2021-07-08,51.02309799194336,6898600
2021-07-09,52.11551284790039,5776200
2021-07-12,51.80466079711914,4943600
2021-07-13,50.97871017456055,4934900
2021-07-14,48.953758239746094,7799800
2021-07-15,48.18108367919922,7348800
2021-07-16,47.30183410644531,6763600
2021-07-19,45.188079833984375,10787800
2021-07-20,46.289371490478516,5664600
2021-07-21,48.03010177612305,5798900
2021-07-22,47.41729736328125,3179200
2021-07-23,47.45281982421875,3058400
2021-07-26,48.54521942138672,3948200
2021-07-27,48.261016845703125,3625600
2021-07-28,49.095855712890625,3196500
2021-07-29,49.67313766479492,3210800
2021-07-30,49.042564392089844,3642500
2021-08-02,48.36759948730469,5258600
2021-08-03,49.682029724121094,4892500
2021-08-04,48.296539306640625,6118000
2021-08-05,50.170501708984375,7163100
2021-08-06,50.987586975097656,6352500
2021-08-09,50.8188362121582,5451600
2021-08-10,51.93787384033203,6051300
2021-08-11,52.524051666259766,4856600
2021-08-12,52.87929916381836,4948000
2021-08-13,52.53291702270508,3639800
2021-08-16,51.84906768798828,5633000
2021-08-17,51.22113800048828,5789000
2021-08-18,50.48556137084961,4414000
2021-08-19,48.646629333496094,8185600
2021-08-20,49.13102722167969,5964000
2021-08-23,50.96996307373047,4499600
2021-08-24,51.99259948730469,4597400
2021-08-25,52.59361267089844,5268500
2021-08-26,52.10921096801758,4982600
2021-08-27,53.84049987792969,6556000
2021-08-30,52.86272430419922,6138900
2021-08-31,53.167724609375,6464100
2021-09-01,51.35569381713867,6489000
2021-09-02,51.93877410888672,5402400
2021-09-03,52.24376678466797,5010200
2021-09-07,52.539791107177734,4952400
2021-09-08,51.230106353759766,7420200
2021-09-09,51.35569381713867,5004800
2021-09-10,51.01482391357422,4866400
2021-09-13,52.57567596435547,5885400
2021-09-14,51.633766174316406,5609100
2021-09-15,53.436832427978516,6875200
2021-09-16,53.01521301269531,4135700
2021-09-17,52.799930572509766,7621100
2021-09-20,51.248043060302734,6919800
2021-09-21,51.88494873046875,4525200
2021-09-22,53.74182891845703,7604000
2021-09-23,55.43723678588867,5851900
2021-09-24,55.517974853515625,3860900
2021-09-27,56.59442138671875,7532900
2021-09-28,56.074127197265625,6093500
2021-09-29,55.553855895996094,4963200
2021-09-30,55.44620132446289,6531900
2021-10-01,57.01602554321289,6868200
2021-10-04,56.53162384033203,9084700
2021-10-05,56.737945556640625,7908100
2021-10-06,56.38809585571289,9077700
2021-10-07,56.96220397949219,6021800
2021-10-08,58.451297760009766,6424800
2021-10-11,57.91307830810547,4832000
2021-10-12,58.07453536987305,6470300
2021-10-13,58.54100036621094,5142200
2021-10-14,59.8148078918457,6837700
2021-10-15,59.92245101928711,6186200
2021-10-18,59.56363296508789,4911300
2021-10-19,59.949363708496094,4881100
2021-10-20,60.29023742675781,5194900
2021-10-21,60.12876510620117,5806600
2021-10-22,60.568328857421875,3977800
2021-10-25,61.178306579589844,4679400
2021-10-26,61.420501708984375,5532500
2021-10-27,59.33936309814453,6473900
2021-10-28,59.80583190917969,5548800
2021-10-29,59.142024993896484,7668000
2021-11-01,60.33509826660156,4761200
2021-11-02,57.98483657836914,8026700
2021-11-03,57.123680114746094,7830100
2021-11-04,57.025001525878906,9258900
2021-11-05,59.03437042236328,10113800
2021-11-08,58.90878677368164,5393800
2021-11-09,60.21847152709961,6152200
2021-11-10,58.774234771728516,6560900
2021-11-11,59.204811096191406,5166800
2021-11-12,59.02540969848633,4044700
2021-11-15,59.31246566772461,6236700
2021-11-16,58.6789665222168,5282000
2021-11-17,57.538700103759766,5485000
2021-11-18,56.742313385009766,6910700
2021-11-19,54.55225372314453,7816300
2021-11-22,55.82828903198242,6274300
2021-11-23,57.78303909301758,6971000
2021-11-24,58.41653060913086,5191700
2021-11-26,55.520599365234375,5847900
2021-11-29,55.909732818603516,6166500
2021-11-30,55.06809997558594,14326200
2021-12-01,55.12239074707031,6552400
2021-12-02,57.31245803833008,6298500
2021-12-03,55.81018829345703,8031800
2021-12-06,56.88711166381836,5915300
2021-12-07,58.12693786621094,7347300
2021-12-08,57.97308349609375,5430400
2021-12-09,57.32149887084961,5373800
2021-12-10,57.63824462890625,4714300
2021-12-13,55.936885833740234,5416800
2021-12-14,56.51606750488281,5700600
2021-12-15,56.543216705322266,5561900
2021-12-16,56.80565643310547,6067800
2021-12-17,56.51606750488281,13803000
2021-12-20,55.12239074707031,7136700
2021-12-21,57.39390182495117,5679200
2021-12-22,57.104305267333984,5168400
2021-12-23,57.050010681152344,4658300
2021-12-27,57.991188049316406,4334900
2021-12-28,58.25363540649414,4774700
2021-12-29,57.87354278564453,5253600
2021-12-30,57.402950286865234,4049900
2021-12-31,57.90974044799805,3546400
2022-01-03,59.42107009887695,5855800
2022-01-04,61.366764068603516,8469200
2022-01-05,61.755916595458984,8747200
2022-01-06,63.48442459106445,7923800
2022-01-07,64.1903076171875,6443500
2022-01-10,63.75591278076172,5922700
2022-01-11,65.7830810546875,6883000
2022-01-12,66.13601684570312,6861800
2022-01-13,66.17221069335938,5486500
2022-01-14,67.6382827758789,7237100
2022-01-18,67.46635437011719,7808700
2022-01-19,66.38036346435547,6582800
2022-01-20,65.14958953857422,7200600
2022-01-21,63.98217010498047,10194200
2022-01-24,63.70161437988281,9624700
2022-01-25,64.70614624023438,10674200
2022-01-26,64.23556518554688,7942800
2022-01-27,65.06814575195312,9207900
2022-01-28,64.97765350341797,7761300
2022-01-31,64.93238830566406,6729400
2022-02-01,66.98667907714844,7660300
2022-02-02,71.041015625,12585400
2022-02-03,69.6563949584961,7069300
2022-02-04,70.7604751586914,6173200
2022-02-07,72.24463653564453,7263900
2022-02-08,71.7559585571289,7949500
2022-02-09,72.20845794677734,5570300
2022-02-10,72.1631851196289,6398100
2022-02-11,73.47540283203125,6516900
2022-02-14,71.63829803466797,6547200
2022-02-15,71.48332977294922,4311500
2022-02-16,71.16423797607422,5735100
2022-02-17,70.16141510009766,7034800
2022-02-18,70.21611785888672,4845200
2022-02-22,68.94892120361328,4872000
2022-02-23,69.03095245361328,5763700
2022-02-24,67.88224792480469,7497700
2022-02-25,69.77853393554688,5275800
2022-02-28,70.99102783203125,8031300
2022-03-01,68.38368225097656,6502300
2022-03-02,70.18876647949219,8013300
2022-03-03,70.53519439697266,5694500
2022-03-04,70.86339569091797,6663600
2022-03-07,67.95518493652344,9396700
2022-03-08,69.4867935180664,10534200
2022-03-09,68.7665786743164,8088700
2022-03-10,71.04573059082031,7368900
2022-03-11,71.57449340820312,8530000
2022-03-14,69.887939453125,7896700
2022-03-15,67.82756042480469,7873000
2022-03-16,68.24691772460938,6809700
2022-03-17,70.33460998535156,7091300
2022-03-18,71.40127563476562,17588400
2022-03-21,72.91463470458984,6260900
2022-03-22,72.24911499023438,5131300
2022-03-23,73.35223388671875,4641200
2022-03-24,74.20006561279297,4246900
2022-03-25,74.96587371826172,5186500
2022-03-28,74.72884368896484,4447900
2022-03-29,75.79547882080078,4203800
2022-03-30,77.81024169921875,5880400
2022-03-31,77.94700622558594,7041200
2022-04-01,77.31795501708984,7411800
2022-04-04,77.55498504638672,3801300
2022-04-05,77.2267837524414,3789100
2022-04-06,78.01081085205078,4564400
2022-04-07,78.26608276367188,4205600
2022-04-08,79.22332763671875,5088800
2022-04-11,77.38177490234375,4464700
2022-04-12,78.22049713134766,4236100
2022-04-13,79.85237121582031,3342100
2022-04-14,79.49681091308594,4080500
2022-04-18,82.14974975585938,5281300
2022-04-19,82.45060729980469,3868900
2022-04-20,82.94291687011719,4809000
2022-04-21,80.90077209472656,5588200
2022-04-22,79.38743591308594,4052200
2022-04-25,76.81653594970703,4915600
2022-04-26,77.91967010498047,5208400
2022-04-27,79.54241180419922,5219900
2022-04-28,81.76686096191406,5157900
2022-04-29,79.55152130126953,5081900
2022-05-02,81.24722290039062,5088200
2022-05-03,84.46537780761719,5831600
2022-05-04,87.8385238647461,5416300
2022-05-05,85.78727722167969,5020700
2022-05-06,87.44649505615234,4572200
2022-05-09,82.83350372314453,6756700
2022-05-10,83.61753845214844,6186400
2022-05-11,83.8363265991211,6411000
2022-05-12,84.54741668701172,6985500
2022-05-13,87.41002655029297,5834900
2022-05-16,87.94792175292969,5703500
2022-05-17,89.47042846679688,5576300
2022-05-18,88.24140930175781,6277700
2022-05-19,87.82869720458984,7399700
2022-05-20,88.56243133544922,5892900
2022-05-23,88.88343048095703,5440200
2022-05-24,89.24115753173828,3941300
2022-05-25,90.81868743896484,5486200
2022-05-26,91.2405776977539,4520600
2022-05-27,93.6435775756836,5987400
2022-05-31,93.35924530029297,11267100
2022-06-01,95.30366516113281,5366600
2022-06-02,95.63384246826172,5154200
2022-06-03,96.87203216552734,5665400
2022-06-06,100.32978057861328,7557300
2022-06-07,104.2369384765625,7723900
2022-06-08,103.52156066894531,6385400
2022-06-09,102.13661193847656,6594400
2022-06-10,99.36674499511719,7420300
2022-06-13,93.70777130126953,8749100
2022-06-14,94.16635131835938,8432800
2022-06-15,90.7086181640625,13175800
2022-06-16,84.36176300048828,14308200
2022-06-17,80.06021881103516,26759300
2022-06-21,83.79312133789062,11309200
2022-06-22,81.6836166381836,9818400
2022-06-23,77.62052917480469,9130000
2022-06-24,78.58358001708984,20112500
2022-06-27,80.6563720703125,5225400
2022-06-28,81.34425354003906,5305600
2022-06-29,77.48294830322266,5066300
2022-06-30,75.40097045898438,6762600
2022-07-01,77.48294830322266,5971900
2022-07-05,74.96990203857422,7247300
2022-07-06,72.74114227294922,8348500
2022-07-07,76.51990509033203,6299900
2022-07-08,76.37316131591797,3825500
2022-07-11,76.70335388183594,4046500
2022-07-12,75.896240234375,4458200
2022-07-13,75.15332794189453,4485900
2022-07-14,73.9976806640625,4935700
2022-07-15,77.42791748046875,4706300
2022-07-18,78.17084503173828,4032200
2022-07-19,80.5738296508789,4302600
2022-07-20,81.43598175048828,3132000
2022-07-21,79.2897720336914,4713700
2022-07-22,78.55606079101562,3950000
2022-07-25,81.44515228271484,3206500
2022-07-26,80.67472839355469,3338700
2022-07-27,82.52740478515625,3051800
2022-07-28,82.1697006225586,3800800
2022-07-29,84.06826782226562,6740900
2022-08-01,82.83926391601562,4470900
2022-08-02,85.86592864990234,6764600
2022-08-03,85.00379180908203,6162000
2022-08-04,82.70167541503906,4368600
2022-08-05,82.7475357055664,3833300
2022-08-08,82.90345764160156,4418300
2022-08-09,85.6182861328125,4302900
2022-08-10,87.2967300415039,4373800
2022-08-11,88.70000457763672,4476100
2022-08-12,89.39705657958984,3605000
2022-08-15,87.85620880126953,3352300
2022-08-16,89.18499755859375,3697500
2022-08-17,91.0028305053711,3652200
2022-08-18,93.0052261352539,3837600
2022-08-19,92.69148254394531,3237600
2022-08-22,92.6637954711914,5837000
2022-08-23,95.49667358398438,3550300
2022-08-24,96.68702697753906,3601400
2022-08-25,97.78514099121094,2869300
2022-08-26,96.2810287475586,3545300
2022-08-29,96.89005279541016,4563300
2022-08-30,93.6603775024414,6281700
2022-08-31,92.96831512451172,6636100
2022-09-01,89.2864761352539,7520000
2022-09-02,91.47343444824219,4207500
2022-09-06,90.85517120361328,4122700
2022-09-07,90.74444580078125,4176200
2022-09-08,90.84596252441406,4040100
2022-09-09,92.28546905517578,3571700
2022-09-12,92.22087860107422,3233900
2022-09-13,90.1077651977539,4777400
2022-09-14,90.72599029541016,5021400
2022-09-15,88.71438598632812,6585000
2022-09-16,88.2622299194336,18821700
2022-09-19,88.86202239990234,4202000
2022-09-20,89.69249725341797,3929900
2022-09-21,87.35791778564453,4218800
2022-09-22,88.56672668457031,3163100
2022-09-23,84.3866195678711,8268000
2022-09-26,82.62413787841797,5627300
2022-09-27,85.67847442626953,3748600
2022-09-28,92.3592758178711,5233500
2022-09-29,91.0766372680664,2767700
2022-09-30,91.6579818725586,5011700
2022-10-03,94.85073852539062,3777800
2022-10-04,99.39997863769531,5011100
2022-10-05,99.2707748413086,4493400
2022-10-06,99.5291519165039,2396900
2022-10-07,98.58793640136719,3114900
2022-10-10,97.86817169189453,2751500
2022-10-11,95.4413070678711,3213400
2022-10-12,96.85314178466797,3051900
2022-10-13,100.64568328857422,3243900
2022-10-14,96.05957794189453,3055600
2022-10-17,97.2314682006836,2340600
2022-10-18,99.80599212646484,2755300
2022-10-19,100.46113586425781,3627200
2022-10-20,100.89485931396484,2733100
2022-10-21,102.77727508544922,3074900
2022-10-24,102.85110473632812,2691300
2022-10-25,102.8326416015625,3139200
2022-10-26,104.38288879394531,2476300
2022-10-27,104.87193298339844,2518700
2022-10-28,104.79811096191406,2552700
2022-10-31,104.84424591064453,3158500
2022-11-01,109.99327087402344,5767300
2022-11-02,105.86853790283203,3994900
2022-11-03,109.07050323486328,3042000
2022-11-04,108.56298828125,2748400
2022-11-07,110.27011108398438,4505800
2022-11-08,109.90099334716797,2108700
2022-11-09,106.91124725341797,2882400
2022-11-10,109.97480773925781,2875400
2022-11-11,111.86650085449219,3390200
2022-11-14,111.22055053710938,2839000
2022-11-15,111.4248275756836,3580700
2022-11-16,111.29484558105469,2758500
2022-11-17,111.79625701904297,3196800
2022-11-18,112.5205078125,3783500
2022-11-21,111.71269226074219,5107400
2022-11-22,117.55320739746094,4314000
2022-11-23,116.62464141845703,3941400
2022-11-25,116.25324249267578,1588500
2022-11-28,113.20762634277344,3413400
2022-11-29,114.64686584472656,2921500
2022-11-30,113.1054916381836,7568400
2022-12-01,111.63838195800781,3243600
2022-12-02,109.78130340576172,3889000
2022-12-05,104.41434478759766,4945600
2022-12-06,101.48016357421875,5049300
2022-12-07,101.21086883544922,5190200
2022-12-08,101.07160186767578,4547400
2022-12-09,99.19595336914062,5379700
2022-12-12,103.26296997070312,5812600
2022-12-13,103.17938995361328,4260300
2022-12-14,103.01226806640625,4257800
2022-12-15,102.94725799560547,4255900
2022-12-16,101.90727996826172,14691100
2022-12-19,103.13296508789062,3408900
2022-12-20,104.934326171875,3520700
2022-12-21,106.36429595947266,3226000
2022-12-22,103.67152404785156,2699600
2022-12-23,106.89356231689453,2388000
2022-12-27,108.47208404541016,2420000
2022-12-28,106.33642578125,2650600
2022-12-29,107.8778076171875,2054100
2022-12-30,108.07279968261719,2370800
2023-01-03,102.99369049072266,4363900
2023-01-04,102.677978515625,3664600
2023-01-05,107.45997619628906,4093600
2023-01-06,108.47208404541016,3102800
2023-01-09,107.4878158569336,3716700
2023-01-10,108.17494201660156,2752200
2023-01-11,109.19632720947266,2976900
2023-01-12,112.3626480102539,3091300
2023-01-13,113.21691131591797,2780500
2023-01-17,113.06834411621094,3746900
2023-01-18,112.64118957519531,3709300
2023-01-19,114.42401123046875,2475500
2023-01-20,116.73607635498047,2882000
2023-01-23,117.81320190429688,3963400
2023-01-24,120.90523529052734,3782200
2023-01-25,120.53382110595703,3671600
2023-01-26,125.67793273925781,4005300
2023-01-27,123.35658264160156,3400600
2023-01-30,119.91168975830078,4152300
2023-01-31,119.33599853515625,5408700
2023-02-01,114.18260192871094,5189900
2023-02-02,111.33198547363281,6275700
2023-02-03,109.75344848632812,3255100
2023-02-06,108.09136199951172,4190100
2023-02-07,113.4954833984375,5361900
2023-02-08,112.87334442138672,3005500
2023-02-09,112.11194610595703,2788400
2023-02-10,117.72962188720703,3467600
2023-02-13,118.67671966552734,3499800
2023-02-14,119.4474105834961,3174500
2023-02-15,118.71891784667969,3048800
2023-02-16,118.15852355957031,2595100
2023-02-17,114.41321563720703,3275900
2023-02-21,114.94561004638672,3988000
2023-02-22,114.67474365234375,3142800
2023-02-23,117.23387908935547,2893600
2023-02-24,116.67346954345703,3218600
2023-02-27,118.2238998413086,3057500
2023-02-28,115.44061279296875,5774400
2023-03-01,120.66161346435547,4295300
2023-03-02,121.07255554199219,3054000
2023-03-03,124.68708038330078,3651800
2023-03-06,123.21138763427734,3271300
2023-03-07,121.61427307128906,3592500
2023-03-08,119.42875671386719,3516700
2023-03-09,119.90507507324219,3370600
2023-03-10,120.06383514404297,3746700
2023-03-13,115.6087417602539,4107500
2023-03-14,119.34467315673828,4528100
2023-03-15,114.5906982421875,6669100
2023-03-16,116.89765167236328,6170000
2023-03-17,115.49665832519531,13118700
2023-03-20,117.91568756103516,4830700
2023-03-21,119.82100677490234,4607900
2023-03-22,118.59749603271484,3226000
2023-03-23,117.82228088378906,3236300
2023-03-24,116.4679946899414,3856100
2023-03-27,120.40008544921875,4107400
2023-03-28,122.88448333740234,3913200
2023-03-29,125.22877502441406,4418800
2023-03-30,125.09800720214844,2936000
2023-03-31,125.92929077148438,3143300
2023-04-03,126.6858139038086,4745700
2023-04-04,117.5140609741211,5256800
2023-04-05,123.94922637939453,6391300
2023-04-06,120.18525695800781,3280100
2023-04-10,122.57627868652344,2765700
2023-04-11,123.46355438232422,2582900
2023-04-12,121.62360382080078,2411700
2023-04-13,121.8664321899414,2495400
2023-04-14,122.1466293334961,2402600
2023-04-17,120.76434326171875,2875200
2023-04-18,120.54017639160156,2960600
2023-04-19,118.04644775390625,3835500
2023-04-20,117.39264678955078,3061000
2023-04-21,115.37523651123047,3256300
2023-04-24,118.15852355957031,4208000
2023-04-25,115.02033996582031,2884900
2023-04-26,114.44125366210938,3425100
2023-04-27,113.41387176513672,4610800
2023-04-28,113.94624328613281,5342200
2023-05-01,114.37588500976562,4173200
2023-05-02,109.24828338623047,5342400
2023-05-03,102.80379486083984,6634900
2023-05-04,98.12454223632812,7334100
2023-05-05,99.84305572509766,4351100
2023-05-08,101.53357696533203,4440900
2023-05-09,103.61637115478516,5638000
2023-05-10,104.34486389160156,5078400
2023-05-11,102.83181762695312,3579400
2023-05-12,102.6263427734375,3260400
2023-05-15,103.32682800292969,3937600
2023-05-16,100.38350677490234,4514600
2023-05-17,104.03208923339844,3730500
2023-05-18,104.3612289428711,3359300
2023-05-19,103.7311782836914,2325300
2023-05-22,104.03208923339844,3000100
2023-05-23,103.36444091796875,3982000
2023-05-24,103.94745635986328,3699100
2023-05-25,102.98828887939453,3897500
2023-05-26,102.32063293457031,3479200
2023-05-30,101.36148071289062,4101900
2023-05-31,98.65325164794922,12831900
2023-06-01,99.55597686767578,4180000
2023-06-02,102.41468048095703,3627600
2023-06-05,102.20780181884766,2744700
2023-06-06,102.52751922607422,2949600
2023-06-07,107.31394958496094,4090900
2023-06-08,105.72473907470703,3811300
2023-06-09,106.27017211914062,2699000
2023-06-12,105.66832733154297,3063500
2023-06-13,105.79058074951172,3174900
2023-06-14,104.98185729980469,3152400
2023-06-15,107.041259765625,3240400
2023-06-16,106.53346252441406,10770500
2023-06-20,104.32360076904297,3816300
2023-06-21,105.32039642333984,2943500
2023-06-22,104.77499389648438,2911800
2023-06-23,104.98185729980469,3536100
2023-06-26,106.2983627319336,2351900
2023-06-27,107.18231201171875,2341800
2023-06-28,108.23550415039062,2514800
2023-06-29,109.40155029296875,2324800
2023-06-30,109.64604949951172,2654500
2023-07-03,110.52999114990234,1537200
2023-07-05,109.27931213378906,2777100
2023-07-06,106.58045959472656,3083300
2023-07-07,110.98135375976562,4147600
2023-07-10,110.8121109008789,2582600
2023-07-11,112.8526840209961,2651300
2023-07-12,112.8056640625,2395500
2023-07-13,112.7680435180664,2374400
2023-07-14,111.34809875488281,2007400
2023-07-17,111.08480072021484,2116300
2023-07-18,112.3072738647461,2314100
2023-07-19,114.82743835449219,2883200
2023-07-20,116.83980560302734,3143100
2023-07-21,118.3161849975586,2587400
2023-07-24,120.7328872680664,3079600
2023-07-25,120.93980407714844,2994700
2023-07-26,122.57601165771484,2863700
2023-07-27,121.85192108154297,3027200
2023-07-28,123.9677505493164,2556500
2023-07-31,125.0867691040039,4066100
2023-08-01,126.89228057861328,3491300
2023-08-02,127.76677703857422,4477300
2023-08-03,128.09596252441406,3716500
2023-08-04,129.72274780273438,3483600
2023-08-07,131.65049743652344,4106300
2023-08-08,133.3243408203125,4232200
2023-08-09,135.4589385986328,4779300
2023-08-10,136.6155548095703,4137200
2023-08-11,140.8190155029297,4396000
2023-08-14,139.68115234375,3440300
2023-08-15,134.7948455810547,5569500
2023-08-16,133.6417694091797,3623300
2023-08-17,134.67198181152344,3351400
2023-08-18,136.6851043701172,3154500
2023-08-21,135.0122528076172,3495100
2023-08-22,135.10671997070312,2330000
2023-08-23,135.39027404785156,3645600
2023-08-24,135.7210693359375,2888200
2023-08-25,136.08021545410156,4481100
2023-08-28,135.1823272705078,2520300
2023-08-29,135.40916442871094,2673600
2023-08-30,135.28631591796875,2539300
2023-08-31,134.9365997314453,5114500
2023-09-01,137.9515838623047,3027600
2023-09-05,138.95339965820312,3080900
2023-09-06,139.77569580078125,2593800
2023-09-07,142.61109924316406,3641400
2023-09-08,146.78857421875,4432100
2023-09-11,145.6166229248047,3803000
2023-09-12,147.280029296875,2841200
2023-09-13,146.94924926757812,3177200
2023-09-14,147.62030029296875,3526400
2023-09-15,145.37088012695312,11636400
2023-09-18,147.7620391845703,3003600
2023-09-19,143.80194091796875,4507700
2023-09-20,144.2934112548828,2538500
2023-09-21,146.27821350097656,4152000
2023-09-22,145.04006958007812,2809100
2023-09-25,145.73948669433594,2123700
2023-09-26,142.73394775390625,3004800
2023-09-27,144.06658935546875,2709800
2023-09-28,145.9568634033203,2994700
2023-09-29,143.03640747070312,3331200
2023-10-02,141.78883361816406,3986700
2023-10-03,139.189697265625,3734100
2023-10-04,134.10487365722656,5777700
2023-10-05,134.47348022460938,4003700
2023-10-06,135.32408142089844,3372000
2023-10-09,138.52813720703125,3354000
2023-10-10,140.73974609375,2946300
2023-10-11,140.37112426757812,2825100
2023-10-12,139.49215698242188,2773900
2023-10-13,140.06866455078125,2568800
2023-10-16,142.4788055419922,2406900
2023-10-17,143.03640747070312,1991400
2023-10-18,145.541015625,2215700
2023-10-19,144.45407104492188,1906500
2023-10-20,142.58273315429688,2478900
2023-10-23,141.2500762939453,2422700
2023-10-24,140.47509765625,1759100
2023-10-25,139.26531982421875,2479500
2023-10-26,139.93637084960938,2929200
2023-10-27,137.98939514160156,3524200
2023-10-30,138.8022003173828,2949000
2023-10-31,142.95132446289062,4139700
2023-11-01,146.6940460205078,4023200
2023-11-02,147.22332763671875,3828200
2023-11-03,142.50714111328125,3275900
2023-11-06,141.6942901611328,2427500
2023-11-07,138.140625,2843300
2023-11-08,135.62652587890625,2949700
2023-11-09,134.0198211669922,2297300
2023-11-10,137.1671142578125,2377500
2023-11-13,138.7076873779297,2400900
2023-11-14,142.4031524658203,2986400
2023-11-15,142.8640899658203,3226600
2023-11-16,137.89381408691406,3494100
2023-11-17,140.5547637939453,3451500
2023-11-20,141.5906219482422,2387100
2023-11-21,140.2981719970703,1926800
2023-11-22,141.79969787597656,2422200
2023-11-24,142.0752716064453,1264300
2023-11-27,143.07315063476562,2178700
2023-11-28,142.54092407226562,2465000
2023-11-29,140.09860229492188,2935900
2023-11-30,141.78067016601562,5973500
2023-12-01,143.8999481201172,3124600
2023-12-04,143.87142944335938,3075100
2023-12-05,141.52407836914062,2761200
2023-12-06,136.0691375732422,4039700
2023-12-07,134.5486297607422,3606600
2023-12-08,135.91712951660156,3092100
2023-12-11,136.70590209960938,3017800
2023-12-12,136.24974060058594,2930200
2023-12-13,139.37632751464844,3457500
2023-12-14,143.39625549316406,3559800
2023-12-15,141.0109100341797,12266800
2023-12-18,144.27056884765625,3307400
2023-12-19,146.1332244873047,2583900
2023-12-20,146.0001678466797,3166100
2023-12-21,145.07835388183594,2064800
2023-12-22,143.37722778320312,2121400
2023-12-26,144.52716064453125,1525400
2023-12-27,142.4364471435547,1712700
2023-12-28,139.5854034423828,2372400
2023-12-29,140.99191284179688,2507000
2024-01-02,144.79324340820312,3187400
2024-01-03,150.0486297607422,4674200
2024-01-04,145.78158569335938,4495800
2024-01-05,144.92630004882812,3373700
2024-01-08,148.4995574951172,3108000
2024-01-09,146.6464080810547,2767900
2024-01-10,145.2493896484375,2327400
2024-01-11,147.67276000976562,2534100
2024-01-12,149.6399688720703,2473600
2024-01-16,146.46583557128906,3268000
2024-01-17,144.4511260986328,2691000
2024-01-18,144.26107788085938,2722100
2024-01-19,145.38246154785156,2492700
2024-01-22,146.7699432373047,2661300
2024-01-23,146.3232879638672,2601500
2024-01-24,147.3971710205078,1851000
2024-01-25,149.45941162109375,2912500
2024-01-26,152.5479736328125,3248400
2024-01-29,152.18685913085938,3124000
2024-01-30,161.45263671875,5858700
2024-01-31,157.37570190429688,4260400
2024-02-01,159.20982360839844,3203700
2024-02-02,158.0694580078125,2301100
2024-02-05,162.62155151367188,3430100
2024-02-06,158.36402893066406,2783000
2024-02-07,161.16751098632812,1952400
2024-02-08,161.25306701660156,1789400
2024-02-09,161.52867126464844,2185900
2024-02-12,160.50230407714844,2772200
2024-02-13,161.4431610107422,2366900
2024-02-14,161.4431610107422,2509900
2024-02-15,162.8021240234375,2095000
2024-02-16,161.56666564941406,1964300
2024-02-20,156.89210510253906,2896200
2024-02-21,158.57286071777344,2544000
2024-02-22,160.19630432128906,2561300
2024-02-23,161.9056854248047,1929200
2024-02-26,164.6751251220703,2736000
2024-02-27,163.42410278320312,2046200
2024-02-28,159.6328887939453,2605000
2024-02-29,161.60964965820312,4548200
2024-03-01,165.4104461669922,2762900
2024-03-04,165.92611694335938,3154600
2024-03-05,167.28219604492188,2777800
2024-03-06,167.29173278808594,2483800
2024-03-07,170.91107177734375,2726800
2024-03-08,171.46495056152344,2513000
2024-03-11,173.2412109375,2467300
2024-03-12,173.0406494140625,2744100
2024-03-13,180.38436889648438,3510300
2024-03-14,180.47032165527344,3005100
2024-03-15,185.1114959716797,9044700
2024-03-18,184.76768493652344,2073500
2024-03-19,187.7185821533203,2509700
2024-03-20,188.8454132080078,1957300
2024-03-21,190.2397003173828,1681500
2024-03-22,191.1564483642578,2281300
2024-03-25,190.83177185058594,2042000
2024-03-26,188.49208068847656,1673300
2024-03-27,188.11965942382812,1674800
2024-03-28,192.42654418945312,6064100
2024-04-01,195.2055206298828,2201100
2024-04-02,201.8616485595703,3517300
2024-04-03,205.2804718017578,3902500
2024-04-04,206.51239013671875,3189700
2024-04-05,209.2626953125,2690000
2024-04-08,207.20948791503906,2478400
2024-04-09,202.5683135986328,3052300
2024-04-10,201.70887756347656,2663900
2024-04-11,202.71157836914062,2208700
2024-04-12,199.36920166015625,2086700
2024-04-15,197.697998046875,2587000
2024-04-16,194.68026733398438,1599800
2024-04-17,193.3433380126953,1816800
2024-04-18,186.2383575439453,2713600
2024-04-19,187.53709411621094,1748700
2024-04-22,189.32290649414062,1437200
2024-04-23,190.6598663330078,1703100
2024-04-24,190.17282104492188,1473300
2024-04-25,190.52615356445312,1295200
2024-04-26,189.4565887451172,1954100
2024-04-29,191.48114013671875,2013800
2024-04-30,173.53724670410156,5782100
2024-05-01,170.91107177734375,3856500
2024-05-02,174.71185302734375,2682700
2024-05-03,174.32986450195312,1868600
2024-05-06,174.5495147705078,1906300
2024-05-07,172.7732696533203,1706600
2024-05-08,172.78280639648438,1844600
2024-05-09,174.69276428222656,1295900
2024-05-10,171.47451782226562,1584300
2024-05-13,169.85105895996094,1681000
2024-05-14,166.6519012451172,4660900
2024-05-15,165.65882873535156,2546600
2024-05-16,167.69297790527344,2788100
2024-05-17,172.39456176757812,3142700
2024-05-20,168.94992065429688,2454700
2024-05-21,169.42967224121094,2345200
2024-05-22,168.892333984375,2250000
2024-05-23,169.41050720214844,2740700
2024-05-24,170.6002960205078,1806000
2024-05-28,171.9051971435547,2381000
2024-05-29,165.4765167236328,2624400
2024-05-30,165.04473876953125,2569900
2024-05-31,169.4584503173828,3935600
2024-06-03,167.67376708984375,2513900
2024-06-04,168.1631317138672,2319000
2024-06-05,166.87742614746094,2148500
2024-06-06,168.6140899658203,2229100
2024-06-07,168.00962829589844,1908800
2024-06-10,167.28038024902344,2526000
2024-06-11,167.39553833007812,2097800
2024-06-12,161.9263458251953,3080300
2024-06-13,163.60545349121094,3284100
2024-06-14,163.1833038330078,2934000
2024-06-17,164.7760772705078,3006500
2024-06-18,165.46690368652344,2557800
2024-06-20,166.62791442871094,3176700
2024-06-21,165.67799377441406,7308200
2024-06-24,166.94456481933594,2327800
2024-06-25,168.09597778320312,2146300
2024-06-26,167.2420196533203,1704100
2024-06-27,165.9082794189453,1648700
2024-06-28,166.45518493652344,3656300
2024-07-01,167.712158203125,1705200
2024-07-02,167.08848571777344,2531500
2024-07-03,167.904052734375,1344600
2024-07-05,163.82615661621094,1587400
2024-07-08,160.68858337402344,1897400
2024-07-09,156.32278442382812,3709900
2024-07-10,155.61277770996094,2457500
2024-07-11,157.63734436035156,2212400
2024-07-12,158.7599639892578,2256500
2024-07-15,159.95936584472656,2198800
2024-07-16,160.88046264648438,2271600
2024-07-17,158.8559112548828,3218600
2024-07-18,157.85804748535156,3014600
2024-07-19,158.4721221923828,3037100
2024-07-22,159.18214416503906,2620900
2024-07-23,157.33029174804688,2018200
2024-07-24,160.76535034179688,2534900
2024-07-25,164.55538940429688,2366500
2024-07-26,165.65882873535156,1789300
2024-07-29,164.9967803955078,1744400
2024-07-30,171.07040405273438,2357800
2024-07-31,169.8518524169922,1852900
2024-08-01,166.16732788085938,1363300
2024-08-02,157.97317504882812,2599700
2024-08-05,155.488037109375,2702300
2024-08-06,163.97007751464844,2467900
2024-08-07,162.49244689941406,1753400
2024-08-08,167.0980682373047,2373100
2024-08-09,168.7100372314453,2321900
2024-08-12,169.23779296875,2970500
2024-08-13,168.63327026367188,2087300
2024-08-14,171.79966735839844,2968900
2024-08-15,173.43084716796875,2391300
2024-08-16,172.73997497558594,2452400
2024-08-19,171.6557159423828,2076600
2024-08-20,164.66091918945312,2701000
2024-08-21,165.80345153808594,2088100
2024-08-22,165.62025451660156,2178700
2024-08-23,169.02365112304688,1996000
2024-08-26,166.98931884765625,1903200
2024-08-27,163.79803466796875,1657100
2024-08-28,163.83656311035156,2143100
2024-08-29,164.83932495117188,2338700
2024-08-30,170.76878356933594,3460900
2024-09-03,167.5871124267578,3523700
2024-09-04,165.59132385253906,2471300
2024-09-05,162.41929626464844,2879200
2024-09-06,160.04751586914062,2242400
2024-09-09,157.39613342285156,3642700
2024-09-10,157.6757049560547,2800400
2024-09-11,152.92251586914062,3379400
2024-09-12,155.69923400878906,2370200
2024-09-13,157.7143096923828,2563100
2024-09-16,155.23643493652344,2151900
2024-09-17,157.99388122558594,1520200
2024-09-18,158.7652130126953,2688300
2024-09-19,160.3849639892578,2132100
2024-09-20,158.4952392578125,7789900
2024-09-23,158.3313446044922,6479400
2024-09-24,156.62481689453125,4663300
2024-09-25,155.8631591796875,2320600
2024-09-26,157.5792999267578,7205700
2024-09-27,157.7817840576172,1557500
2024-09-30,157.0683135986328,2312900
2024-10-01,159.8739776611328,2556600
2024-10-02,159.44976806640625,2847000
2024-10-03,168.57049560546875,3325800
2024-10-04,165.81307983398438,2241600
2024-10-07,167.0568389892578,2201300
2024-10-08,154.25303649902344,5060600
2024-10-09,156.77908325195312,2243300
2024-10-10,158.93878173828125,1990200
2024-10-11,158.36990356445312,1839400
2024-10-14,156.67300415039062,2086100
2024-10-15,151.38954162597656,2557800
2024-10-16,152.2379608154297,1504900
2024-10-17,152.63327026367188,2409000
2024-10-18,152.62364196777344,2214800
2024-10-21,151.28346252441406,2203800
2024-10-22,152.56576538085938,1867200
2024-10-23,148.2464141845703,3439000
2024-10-24,147.39796447753906,1550700
2024-10-25,146.89662170410156,1046300
2024-10-28,145.65289306640625,3899000
2024-10-29,140.0705108642578,2827800
2024-10-30,139.5691375732422,2541100
2024-10-31,140.2537078857422,2315800
2024-11-01,137.99758911132812,2149600
2024-11-04,139.74270629882812,2377900
2024-11-05,144.19700622558594,4008600
2024-11-06,149.68301391601562,3094200
2024-11-07,148.47779846191406,1771900
2024-11-08,148.23675537109375,1718400
2024-11-11,150.4639434814453,1992400
2024-11-12,149.64442443847656,1785600
2024-11-13,153.4045867919922,2448100
2024-11-14,152.46937561035156,1863200
2024-11-15,151.87159729003906,2258800
2024-11-18,154.185546875,2099400
2024-11-19,153.10569763183594,1637000
2024-11-20,154.55055236816406,1606800
2024-11-21,154.46328735351562,1505500
2024-11-22,153.67782592773438,1421200
2024-11-25,151.75779724121094,3721200
2024-11-26,152.37841796875,2072300
2024-11-27,150.65234375,1286000
2024-11-29,151.4184112548828,965500
2024-12-02,152.64022827148438,2267100
2024-12-03,150.77842712402344,2035800
2024-12-04,145.84262084960938,2240800
2024-12-05,145.5517578125,2199100
2024-12-06,146.36631774902344,2684200
2024-12-09,148.34446716308594,2528000
2024-12-10,146.482666015625,3431500
2024-12-11,147.3650665283203,2796100
2024-12-12,141.84750366210938,2723200
2024-12-13,141.14930725097656,2014600
2024-12-16,134.00262451171875,3518500
2024-12-17,133.80868530273438,4076500
2024-12-18,130.96746826171875,3959500
2024-12-19,127.6607894897461,3895700
2024-12-20,129.33837890625,11493700
2024-12-23,129.92019653320312,3509000
2024-12-24,131.24868774414062,1419500
2024-12-26,131.2874755859375,1566500
2024-12-27,131.55897521972656,1770100
2024-12-30,131.4911346435547,2010900
2024-12-31,135.27293395996094,2179400
