date,close,volume
2014-01-02,22.40023422241211,9674500
2014-01-03,22.74673843383789,7809100
2014-01-06,22.82614517211914,8971400
2014-01-07,22.75396156311035,9135600
2014-01-08,22.782833099365234,8891300
2014-01-09,22.775611877441406,7274700
2014-01-10,22.59513282775879,10426500
2014-01-13,22.284740447998047,9520100
2014-01-14,22.450761795043945,13621400
2014-01-15,23.25927734375,17311400
2014-01-16,23.100467681884766,21828600
2014-01-17,24.111108779907227,32022900
2014-01-21,23.555259704589844,18508300
2014-01-22,23.309812545776367,12181200
2014-01-23,22.725080490112305,16317000
2014-01-24,21.981534957885742,23386100
2014-01-27,21.63502311706543,16709400
2014-01-28,21.75053596496582,15793800
2014-01-29,21.64929962158203,18872800
2014-01-30,21.678224563598633,13067900
2014-01-31,21.33836555480957,13113100
2014-02-03,20.933441162109375,17496800
2014-02-04,20.98406219482422,18774900
2014-02-05,21.099746704101562,17309700
2014-02-06,21.468524932861328,14769800
2014-02-07,21.468524932861328,14752000
2014-02-10,21.47576141357422,7822400
2014-02-11,21.887922286987305,15797600
2014-02-12,21.80837631225586,9347600
2014-02-13,21.627607345581055,15577200
2014-02-14,21.468524932861328,10138600
2014-02-18,21.37453269958496,10902500
2014-02-19,20.940677642822266,17136200
2014-02-20,21.20821189880371,13930200
2014-02-21,21.41790771484375,10451300
2014-02-24,21.91684341430664,13108900
2014-02-25,21.48298454284668,11605000
2014-02-26,21.64929962158203,15026300
2014-02-27,21.952993392944336,10792200
2014-02-28,22.271154403686523,14170400
2014-03-03,21.88068389892578,11543200
2014-03-04,22.488080978393555,11061800
2014-03-05,23.117172241210938,14776500
2014-03-06,23.023164749145508,12583800
2014-03-07,23.29071044921875,14439200
2014-03-10,23.232868194580078,10746400
2014-03-11,22.921932220458984,9133200
2014-03-12,22.73393440246582,8212500
2014-03-13,22.73393440246582,22439700
2014-03-14,22.488080978393555,10855900
2014-03-17,22.68331527709961,6891100
2014-03-18,22.88578224182129,6614900
2014-03-19,23.001468658447266,9470300
2014-03-20,23.710107803344727,20199800
2014-03-21,23.572717666625977,23437200
2014-03-24,23.457021713256836,10400100
2014-03-25,22.842395782470703,12610300
2014-03-26,22.574853897094727,11233800
2014-03-27,22.34346580505371,13638400
2014-03-28,22.350696563720703,8081100
2014-03-31,22.5387020111084,9421600
2014-04-01,22.567628860473633,11583500
2014-04-02,22.71224021911621,14700900
2014-04-03,22.37961769104004,10064700
2014-04-04,21.960235595703125,12751000
2014-04-07,21.345603942871094,20367300
2014-04-08,21.352832794189453,13228600
2014-04-09,21.851760864257812,10692700
2014-04-10,21.150365829467773,13452400
2014-04-11,20.586353302001953,21448100
2014-04-14,21.012983322143555,12514500
2014-04-15,21.367294311523438,16657800
2014-04-16,21.613147735595703,14198000
2014-04-17,22.24223518371582,22966000
2014-04-21,22.401309967041016,10699000
2014-04-22,22.56039047241211,10803600
2014-04-23,22.4447021484375,9376700
2014-04-24,22.372392654418945,8438900
2014-04-25,22.11208152770996,8372900
2014-04-28,21.75659942626953,15303300
2014-04-29,22.141094207763672,10419700
2014-04-30,22.438539505004883,11016500
2014-05-01,22.6489200592041,10110200
2014-05-02,22.264423370361328,11464400
2014-05-05,21.814632415771484,12035100
2014-05-06,21.372106552124023,16285600
2014-05-07,21.546218872070312,12460700
2014-05-08,21.538959503173828,13039200
2014-05-09,21.531707763671875,10064700
2014-05-12,22.00325584411621,10196200
2014-05-13,22.00325584411621,7962700
2014-05-14,21.945220947265625,10046200
2014-05-15,21.59699821472168,20240100
2014-05-16,21.865415573120117,18004200
2014-05-19,21.879926681518555,7022400
2014-05-20,21.553466796875,9958100
2014-05-21,21.771106719970703,6654800
2014-05-22,22.04677963256836,8235500
2014-05-23,22.119333267211914,5140000
2014-05-27,22.576374053955078,10960000
2014-05-28,22.438539505004883,6124400
2014-05-29,22.58362579345703,8615300
2014-05-30,22.387754440307617,7634400
2014-06-02,22.416770935058594,7509400
2014-06-03,22.380495071411133,10079500
2014-06-04,22.63440704345703,8074700
2014-06-05,22.946353912353516,8769400
2014-06-06,23.178504943847656,6544200
2014-06-09,23.200265884399414,9027800
2014-06-10,23.27281951904297,7113200
2014-06-11,22.98988914489746,5854200
2014-06-12,23.018903732299805,7086700
2014-06-13,22.91733741760254,8022300
2014-06-16,23.00439453125,8527500
2014-06-17,23.5775089263916,13256300
2014-06-18,23.69358253479004,10725200
2014-06-19,23.606529235839844,6933700
2014-06-20,23.4251651763916,12071900
2014-06-23,23.59201431274414,6929900
2014-06-24,23.236536026000977,7776600
2014-06-25,23.381629943847656,7671800
2014-06-26,23.134981155395508,10559100
2014-06-27,22.888320922851562,9933900
2014-06-30,23.454181671142578,11595000
2014-07-01,23.446928024291992,7787600
2014-07-02,23.570253372192383,6190600
2014-07-03,23.664569854736328,5994200
2014-07-07,23.497713088989258,5635300
2014-07-08,23.033411026000977,9205600
2014-07-09,23.22203254699707,6292100
2014-07-10,22.98263168334961,7784900
2014-07-11,22.786758422851562,10112200
2014-07-14,23.076934814453125,11323100
2014-07-15,23.214778900146484,13796400
2014-07-16,23.5775089263916,16293100
2014-07-17,23.43240737915039,18525600
2014-07-18,23.679073333740234,9239500
2014-07-21,23.613780975341797,7125400
2014-07-22,23.874948501586914,8845100
2014-07-23,24.194156646728516,9363200
2014-07-24,24.230424880981445,6575500
2014-07-25,24.114351272583008,6292600
2014-07-28,23.99102210998535,7114900
2014-07-29,23.758167266845703,5716600
2014-07-30,24.26025390625,9992400
2014-07-31,23.532596588134766,9131500
2014-08-01,22.994121551513672,11539300
2014-08-04,23.16148567199707,6942100
2014-08-05,22.855873107910156,9478400
2014-08-06,22.965017318725586,9099200
2014-08-07,22.819488525390625,6553100
2014-08-08,23.24880599975586,8512700
2014-08-11,23.343406677246094,6591200
2014-08-12,23.292461395263672,4522600
2014-08-13,23.29974365234375,4837900
2014-08-14,23.408891677856445,3974800
2014-08-15,23.44527816772461,9457900
2014-08-18,23.729063034057617,4925400
2014-08-19,23.670854568481445,4257000
2014-08-20,23.678131103515625,4234700
2014-08-21,24.034679412841797,7309100
2014-08-22,24.354848861694336,9082600
2014-08-25,24.88604736328125,13975800
2014-08-26,25.031585693359375,8462100
2014-08-27,24.835111618041992,5679900
2014-08-28,24.784181594848633,4459200
2014-08-29,24.966094970703125,4946700
2014-09-02,25.140731811523438,5115700
2014-09-03,25.148006439208984,7151500
2014-09-04,25.249881744384766,7326400
2014-09-05,25.198942184448242,10032500
2014-09-08,25.366304397583008,8149200
2014-09-09,24.675029754638672,11411200
2014-09-10,24.980642318725586,6451400
2014-09-11,25.271709442138672,6794200
2014-09-12,25.475454330444336,10199400
2014-09-15,25.620983123779297,9632700
2014-09-16,25.5482120513916,8498200
2014-09-17,25.875669479370117,10979800
2014-09-18,26.290430068969727,15158500
2014-09-19,26.02120018005371,29864600
2014-09-22,25.599153518676758,10144200
2014-09-23,25.48272705078125,10882300
2014-09-24,25.453622817993164,13351900
2014-09-25,24.90060043334961,12328200
2014-09-26,25.213497161865234,8237100
2014-09-29,25.104339599609375,8218000
2014-09-30,25.1552734375,9795300
2014-10-01,24.711406707763672,14873200
2014-10-02,24.944265365600586,8472000
2014-10-03,25.504552841186523,8810400
2014-10-06,25.46090316772461,7040600
2014-10-07,24.75506019592285,10127800
2014-10-08,25.104339599609375,12407900
2014-10-09,24.231151580810547,13511600
2014-10-10,23.969186782836914,11182800
2014-10-13,23.903701782226562,14668800
2014-10-14,24.020130157470703,12915600
2014-10-15,23.729063034057617,21646700
2014-10-16,23.670854568481445,16433900
2014-10-17,24.172931671142578,16422900
2014-10-20,24.245697021484375,11047500
2014-10-21,24.784181594848633,11217400
2014-10-22,24.325746536254883,8777600
2014-10-23,24.711406707763672,9031800
2014-10-24,24.97336769104004,7685600
2014-10-27,24.711406707763672,9918800
2014-10-28,25.002479553222656,10582300
2014-10-29,25.097347259521484,10520000
2014-10-30,25.192211151123047,9028800
2014-10-31,25.50602912902832,11434400
2014-11-03,25.33087158203125,8011000
2014-11-04,25.294387817382812,8514000
2014-11-05,25.469539642333984,9461300
2014-11-06,25.76874351501465,8892100
2014-11-07,26.024171829223633,10831600
2014-11-10,26.184724807739258,9352000
2014-11-11,26.119047164916992,7019200
2014-11-12,26.250411987304688,9249000
2014-11-13,26.155529022216797,7376600
2014-11-14,26.04606819152832,7219100
2014-11-17,25.980388641357422,6208700
2014-11-18,25.88551139831543,5319600
2014-11-19,25.892812728881836,5748700
2014-11-20,25.827125549316406,6090600
2014-11-21,25.929296493530273,7477400
2014-11-24,25.994979858398438,6739000
2014-11-25,25.761445999145508,7646700
2014-11-26,25.630084991455078,6138100
2014-11-28,25.673871994018555,3534700
2014-12-01,25.61548614501953,8802400
2014-12-02,26.104446411132812,9335200
2014-12-03,26.65178871154785,9147400
2014-12-04,26.848833084106445,9165300
2014-12-05,27.177230834960938,11489700
2014-12-08,27.731876373291016,14069300
2014-12-09,27.804841995239258,12283800
2014-12-10,27.286701202392578,13788700
2014-12-11,27.294002532958984,8942200
2014-12-12,26.454740524291992,10965300
2014-12-15,26.22121238708496,10472000
2014-12-16,25.922000885009766,11456800
2014-12-17,26.805044174194336,11919000
2014-12-18,27.804841995239258,12773100
2014-12-19,28.10405731201172,12526800
2014-12-22,28.147851943969727,8650600
2014-12-23,28.4251708984375,5872600
2014-12-24,28.322998046875,2495100
2014-12-26,28.257312774658203,3091700
2014-12-29,28.432470321655273,3466900
2014-12-30,28.461654663085938,4010600
2014-12-31,28.31570816040039,6492900
2015-01-02,28.250019073486328,7333800
2015-01-05,27.366981506347656,12507900
2015-01-06,26.578805923461914,16507800
2015-01-07,26.958301544189453,9957700
2015-01-08,27.35968589782715,8079600
2015-01-09,26.914512634277344,7807500
2015-01-12,26.54231834411621,9385900
2015-01-13,26.294198989868164,12447800
2015-01-14,25.695770263671875,15898600
2015-01-15,25.236003875732422,17568100
2015-01-16,25.46223258972168,27056100
2015-01-20,25.360071182250977,19400600
2015-01-21,25.345478057861328,15830500
2015-01-22,25.929296493530273,18792700
2015-01-23,25.651979446411133,10969300
2015-01-26,25.62279510498047,9899900
2015-01-27,25.294387817382812,9021500
2015-01-28,24.716188430786133,14730700
2015-01-29,25.155324935913086,11378800
2015-01-30,24.74546241760254,11693000
2015-02-02,25.191917419433594,12373400
2015-02-03,25.64570426940918,14545300
2015-02-04,25.448081970214844,10246300
2015-02-05,25.565185546875,10524000
2015-02-06,26.19462776184082,17087400
2015-02-09,26.077518463134766,8454100
2015-02-10,26.465423583984375,12491700
2015-02-11,26.619121551513672,7798100
2015-02-12,27.00702476501465,8167100
2015-02-13,26.919200897216797,8019200
2015-02-17,27.02166175842285,6800200
2015-02-18,26.619121551513672,7745800
2015-02-19,26.589853286743164,5856500
2015-02-20,26.88992691040039,11019700
2015-02-23,26.54593849182129,7399600
2015-02-24,26.88992691040039,8910400
2015-02-25,26.78013801574707,7358500
2015-02-26,26.39223289489746,10363200
2015-02-27,26.19462776184082,8264200
2015-03-02,26.523969650268555,7118100
2015-03-03,26.216562271118164,8338800
2015-03-04,25.682292938232422,11533500
2015-03-05,25.997007369995117,8976400
2015-03-06,26.00432777404785,14177300
2015-03-09,26.106794357299805,8573800
2015-03-10,25.528594970703125,10996700
2015-03-11,25.579824447631836,10593900
2015-03-12,27.14609146118164,18321000
2015-03-13,26.6044864654541,11237500
2015-03-16,26.882610321044922,8077200
2015-03-17,26.750858306884766,8381800
2015-03-18,26.882610321044922,9870300
2015-03-19,26.428829193115234,10873800
2015-03-20,26.714258193969727,14009000
2015-03-23,26.575210571289062,7341600
2015-03-24,26.523969650268555,7952200
2015-03-25,25.94577407836914,9066500
2015-03-26,26.0701961517334,10180500
2015-03-27,26.223899841308594,9157800
2015-03-30,26.575210571289062,8954200
2015-03-31,26.121429443359375,10258200
2015-04-01,26.326370239257812,7975800
2015-04-02,26.39223289489746,6271300
2015-04-06,26.282447814941406,6624300
2015-04-07,26.30440902709961,8045000
2015-04-08,26.538610458374023,6602800
2015-04-09,26.816730499267578,7910400
2015-04-10,26.523969650268555,10047800
2015-04-13,26.567886352539062,6207400
2015-04-14,26.963109970092773,12320000
2015-04-15,27.36565399169922,13022600
2015-04-16,27.34369659423828,8876100
2015-04-17,26.897249221801758,10033800
2015-04-20,27.05093765258789,13301900
2015-04-21,26.897249221801758,11380900
2015-04-22,27.226591110229492,10161300
2015-04-23,27.358341217041016,8486900
2015-04-24,27.34369659423828,8643200
2015-04-27,27.11681365966797,8924200
2015-04-28,27.219696044921875,7525400
2015-04-29,27.550395965576172,9518400
2015-04-30,27.418109893798828,10413900
2015-05-01,27.565086364746094,6469600
2015-05-04,27.859031677246094,7375700
2015-05-05,27.52098846435547,10339600
2015-05-06,27.227041244506836,9532500
2015-05-07,27.58713722229004,12404700
2015-05-08,27.844331741333008,10037900
2015-05-11,28.1088924407959,12349100
2015-05-12,27.719402313232422,9689300
2015-05-13,27.76350975036621,7016100
2015-05-14,28.028059005737305,7291300
2015-05-15,27.814937591552734,7093800
2015-05-18,28.167688369750977,6061400
2015-05-19,28.43222427368164,7380900
2015-05-20,28.167688369750977,6339300
2015-05-21,27.954570770263672,7141500
2015-05-22,28.050106048583984,5513900
2015-05-26,27.770851135253906,8434000
2015-05-27,28.380786895751953,8252300
2015-05-28,28.461624145507812,9717600
2015-05-29,28.0721378326416,7858800
2015-06-01,28.351404190063477,8830700
2015-06-02,28.307308197021484,6178700
2015-06-03,28.667390823364258,7812600
2015-06-04,28.439584732055664,7713400
2015-06-05,28.873151779174805,9808100
2015-06-08,28.726184844970703,7327000
2015-06-09,28.755569458007812,7807900
2015-06-10,29.314083099365234,9546900
2015-06-11,29.299381256103516,6981000
2015-06-12,29.108312606811523,5896300
2015-06-15,29.049522399902344,5635300
2015-06-16,29.2038631439209,4580300
2015-06-17,29.086267471313477,7029500
2015-06-18,29.240591049194336,7593800
2015-06-19,28.931947708129883,10338800
2015-06-22,29.284683227539062,8676300
2015-06-23,29.54922866821289,9380300
2015-06-24,29.13035774230957,8065700
2015-06-25,28.82172393798828,8939700
2015-06-26,29.027481079101562,8325600
2015-06-29,28.152973175048828,10819300
2015-06-30,28.5057315826416,11102300
2015-07-01,28.924598693847656,10549900
2015-07-02,28.66004180908203,6801200
2015-07-06,28.54982566833496,8044500
2015-07-07,28.380786895751953,12759200
2015-07-08,27.770851135253906,9113300
2015-07-09,27.998661041259766,7286000
2015-07-10,28.39549446105957,6780400
2015-07-13,28.895206451416016,7183900
2015-07-14,29.181804656982422,8054600
2015-07-15,29.174463272094727,7649400
2015-07-16,29.328767776489258,7969800
2015-07-17,29.541906356811523,8153700
2015-07-20,29.424304962158203,15141800
2015-07-21,29.45370864868164,11773400
2015-07-22,29.791757583618164,9435900
2015-07-23,29.35081672668457,10281600
2015-07-24,29.100963592529297,8370100
2015-07-27,28.843759536743164,11948000
2015-07-28,28.843759536743164,9201100
2015-07-29,28.983924865722656,9677800
2015-07-30,28.991304397583008,5512100
2015-07-31,28.651966094970703,7347600
2015-08-03,28.59295082092285,7078100
2015-08-04,28.71097755432129,6365800
2015-08-05,28.769996643066406,4981000
2015-08-06,28.718355178833008,7573500
2015-08-07,28.46016502380371,8329500
2015-08-10,28.829008102416992,5585000
2015-08-11,27.973291397094727,11188900
2015-08-12,27.715099334716797,13981400
2015-08-13,27.847871780395508,6554200
2015-08-14,28.069190979003906,5029500
2015-08-17,28.13557243347168,5109200
2015-08-18,27.89950942993164,8794400
2015-08-19,27.61919593811035,8549700
2015-08-20,26.68232536315918,14129400
2015-08-21,25.23644256591797,30185700
2015-08-24,23.797945022583008,24624100
2015-08-25,23.429107666015625,19890100
2015-08-26,24.565149307250977,25346400
2015-08-27,25.302841186523438,21258600
2015-08-28,25.118417739868164,13192400
2015-08-31,25.413497924804688,13393000
2015-09-01,24.432361602783203,14590100
2015-09-02,24.926620483398438,12151000
2015-09-03,24.933992385864258,11670800
2015-09-04,24.484004974365234,12774100
2015-09-08,25.280710220336914,13449200
2015-09-09,24.897106170654297,10657200
2015-09-10,24.985631942749023,9692500
2015-09-11,25.074159622192383,7800900
2015-09-14,24.941375732421875,9102200
2015-09-15,25.509395599365234,8776700
2015-09-16,25.538896560668945,10540400
2015-09-17,25.118417739868164,13617200
2015-09-18,24.3659725189209,19591300
2015-09-21,24.59465980529785,8950900
2015-09-22,23.93073272705078,13385500
2015-09-23,23.842206954956055,12264700
2015-09-24,23.58401870727539,16766500
2015-09-25,23.746313095092773,13797800
2015-09-28,22.934852600097656,15445400
2015-09-29,22.875831604003906,13715900
2015-09-30,23.237300872802734,15024800
2015-10-01,23.237300872802734,13358700
2015-10-02,23.185665130615234,22822500
2015-10-05,23.82008171081543,11635700
2015-10-06,23.871721267700195,8875100
2015-10-07,24.29220199584961,13458400
2015-10-08,24.336469650268555,11407600
2015-10-09,24.137287139892578,11711000
2015-10-12,24.196300506591797,7034500
2015-10-13,24.056140899658203,10943700
2015-10-14,24.004505157470703,9877500
2015-10-15,24.793838500976562,12920500
2015-10-16,25.04464340209961,13804700
2015-10-19,23.842206954956055,39255600
2015-10-20,23.790573120117188,23590400
2015-10-21,23.222551345825195,22175900
2015-10-22,23.864343643188477,18753800
2015-10-23,24.06351661682129,14730700
2015-10-26,24.01187515258789,10952300
2015-10-27,23.775821685791016,13302400
2015-10-28,24.783777236938477,17285600
2015-10-29,24.857885360717773,12759600
2015-10-30,24.43543243408203,13581100
2015-11-02,24.813419342041016,9887900
2015-11-03,24.672597885131836,11389800
2015-11-04,24.754121780395508,9125400
2015-11-05,25.109872817993164,12192300
2015-11-06,26.243824005126953,19355200
2015-11-09,26.021486282348633,10976800
2015-11-10,26.11783218383789,7335600
2015-11-11,25.954771041870117,7506000
2015-11-12,25.369277954101562,10403400
2015-11-13,25.146926879882812,8728000
2015-11-16,25.235868453979492,11227400
2015-11-17,24.89494514465332,10853300
2015-11-18,25.384096145629883,10396200
2015-11-19,25.324804306030273,8947800
2015-11-20,25.132102966308594,8624100
2015-11-23,24.931995391845703,7963000
2015-11-24,24.89494514465332,7954500
2015-11-25,24.909767150878906,6210000
2015-11-27,25.0357608795166,3014600
2015-11-30,25.421154022216797,17416300
2015-12-01,26.14006233215332,18594200
2015-12-02,25.858423233032227,10996500
2015-12-03,25.532329559326172,15021200
2015-12-04,26.177122116088867,13205400
2015-12-07,25.70278549194336,8389200
2015-12-08,25.243282318115234,10613400
2015-12-09,24.731887817382812,13211200
2015-12-10,24.768943786621094,10674500
2015-12-11,23.775821685791016,16133000
2015-12-14,23.62759017944336,14990100
2015-12-15,24.339086532592773,13708800
2015-12-16,24.909767150878906,13682900
2015-12-17,23.998165130615234,15959800
2015-12-18,23.1903133392334,19331700
2015-12-21,23.479360580444336,10920100
2015-12-22,23.879575729370117,11468400
2015-12-23,24.16120719909668,6807100
2015-12-24,24.0722713470459,2798200
2015-12-28,23.8425235748291,5420300
2015-12-29,24.124149322509766,6388200
2015-12-30,23.886995315551758,5057200
2015-12-31,23.57571029663086,8154300
2016-01-04,23.331138610839844,15749200
2016-01-05,23.182905197143555,9850500
2016-01-06,22.604812622070312,13057400
2016-01-07,21.478282928466797,18138200
2016-01-08,21.033601760864258,15295600
2016-01-11,21.09288787841797,19414800
2016-01-12,21.09288787841797,16041800
2016-01-13,19.92929458618164,29721900
2016-01-14,20.12199592590332,23814500
2016-01-15,19.247446060180664,29462200
2016-01-19,19.462373733520508,28788200
2016-01-20,18.706411361694336,25940900
2016-01-21,18.36548614501953,22130300
2016-01-22,18.980632781982422,22498400
2016-01-25,18.513713836669922,20144600
2016-01-26,18.891693115234375,13362900
2016-01-27,18.914060592651367,19796300
2016-01-28,18.76495933532715,16015600
2016-01-29,19.29428482055664,18766500
2016-02-01,19.16754150390625,11177900
2016-02-02,18.26544761657715,18326800
2016-02-03,18.131256103515625,25132900
2016-02-04,18.645673751831055,17497500
2016-02-05,18.15361785888672,16106100
2016-02-08,16.901140213012695,24258700
2016-02-09,17.094968795776367,25642000
2016-02-10,16.923500061035156,21564200
2016-02-11,16.17052459716797,29160400
2016-02-12,17.214258193969727,22802200
2016-02-16,17.68393898010254,20565500
2016-02-17,18.06415557861328,19226500
2016-02-18,17.862865447998047,17521200
2016-02-19,17.892684936523438,12986200
2016-02-22,18.29527473449707,12182000
2016-02-23,17.676485061645508,14728800
2016-02-24,17.676485061645508,20271400
2016-02-25,18.362367630004883,17568600
2016-02-26,18.75750160217285,19258000
2016-02-29,18.41455841064453,13301500
2016-03-01,19.450843811035156,17197000
2016-03-02,19.465757369995117,16119300
2016-03-03,19.488121032714844,11515400
2016-03-04,19.48065948486328,13629400
2016-03-07,19.450843811035156,9835300
2016-03-08,18.645673751831055,21715100
2016-03-09,18.347463607788086,23542300
2016-03-10,18.377275466918945,20117300
2016-03-11,19.383745193481445,24457300
2016-03-14,19.316646575927734,17603300
2016-03-15,18.958797454833984,15900500
2016-03-16,18.75750160217285,17841100
2016-03-17,19.27191925048828,20718900
2016-03-18,19.592485427856445,24032000
2016-03-21,19.33901023864746,10054000
2016-03-22,19.264461517333984,13623900
2016-03-23,18.83951187133789,10430600
2016-03-24,18.586029052734375,15777900
2016-03-28,18.42946434020996,9540200
2016-03-29,18.474201202392578,13927200
2016-03-30,18.690399169921875,11502400
2016-03-31,18.645673751831055,15492000
2016-04-01,19.033349990844727,15484800
2016-04-04,18.66803741455078,11408300
2016-04-05,18.175981521606445,12860000
2016-04-06,18.205814361572266,14982000
2016-04-07,17.68393898010254,17145400
2016-04-08,17.706302642822266,10000600
2016-04-11,17.974695205688477,12107600
2016-04-12,18.32509422302246,14947800
2016-04-13,19.29428482055664,18251000
2016-04-14,19.51048469543457,18678400
2016-04-15,19.204816818237305,14899900
2016-04-18,19.182453155517578,29605100
2016-04-19,19.726688385009766,23006500
2016-04-20,20.4349422454834,24836300
2016-04-21,20.32310676574707,16579300
2016-04-22,20.65114402770996,19084100
2016-04-25,20.524398803710938,11748800
2016-04-26,20.53931427001953,13779800
2016-04-27,20.636762619018555,12481700
2016-04-28,20.41187858581543,11096600
2016-04-29,20.28444480895996,15477400
2016-05-02,20.434364318847656,14987500
2016-05-03,20.157012939453125,16716600
2016-05-04,19.699745178222656,15144500
2016-05-05,19.61729621887207,11909100
2016-05-06,19.677261352539062,12002200
2016-05-09,19.564821243286133,10734400
2016-05-10,19.962114334106445,11200000
2016-05-11,19.75971794128418,9589900
2016-05-12,19.66226577758789,9838300
2016-05-13,19.407400131225586,13378800
2016-05-16,19.647281646728516,9883900
2016-05-17,19.60979652404785,14474100
2016-05-18,20.41937255859375,20329900
2016-05-19,19.947120666503906,11487100
2016-05-20,20.067058563232422,14313000
2016-05-23,20.112035751342773,8913100
2016-05-24,20.546812057495117,18026100
2016-05-25,20.82417106628418,15856700
2016-05-26,20.554304122924805,10080100
2016-05-27,20.636762619018555,10156100
2016-05-31,20.516828536987305,12723400
2016-06-01,20.606781005859375,11175000
2016-06-02,20.449363708496094,8077400
2016-06-03,19.8946475982666,14562600
2016-06-06,20.12702751159668,10174200
2016-06-07,19.87965965270996,9949100
2016-06-08,19.8946475982666,10311500
2016-06-09,19.549827575683594,9893000
2016-06-10,19.14503288269043,13449800
2016-06-13,18.935152053833008,12824300
2016-06-14,18.440406799316406,15812900
2016-06-15,18.53035545349121,17393000
2016-06-16,18.792720794677734,16309400
2016-06-17,18.97262954711914,19295900
2016-06-20,19.414901733398438,17426400
2016-06-21,19.639787673950195,12357100
2016-06-22,19.782211303710938,14542900
2016-06-23,20.456857681274414,18027200
2016-06-24,18.380435943603516,49311900
2016-06-27,17.69829559326172,25434000
2016-06-28,18.44791030883789,19792300
2016-06-29,18.912660598754883,13760800
2016-06-30,19.474864959716797,19736300
2016-07-01,19.42989158630371,8863400
2016-07-05,18.740243911743164,13317300
2016-07-06,18.85269546508789,14165000
2016-07-07,19.25748062133789,13428700
2016-07-08,19.767213821411133,14141600
2016-07-11,19.83467674255371,13213000
2016-07-12,20.516828536987305,15516900
2016-07-13,20.359405517578125,12911900
2016-07-14,20.989084243774414,15436600
2016-07-15,20.9965763092041,18519800
2016-07-18,21.146493911743164,14083900
2016-07-19,21.13150978088379,21511200
2016-07-20,21.573776245117188,28606100
2016-07-21,21.64124298095703,20312700
2016-07-22,21.678726196289062,12996700
2016-07-25,21.83614158630371,10622900
2016-07-26,21.91109848022461,15019500
2016-07-27,21.90355110168457,13672200
2016-07-28,21.782791137695312,11528400
2016-07-29,21.684667587280273,10498500
2016-08-01,21.511070251464844,10396000
2016-08-02,21.13368797302246,16915500
2016-08-03,21.450687408447266,10562000
2016-08-04,21.345016479492188,12162900
2016-08-05,21.896007537841797,11881900
2016-08-08,21.979032516479492,9018600
2016-08-09,22.145082473754883,11012600
2016-08-10,21.971485137939453,8186700
2016-08-11,22.175273895263672,8741100
2016-08-12,22.016769409179688,9749000
2016-08-15,22.38661003112793,9411000
2016-08-16,22.831924438476562,22161900
2016-08-17,22.922500610351562,12327000
2016-08-18,23.058351516723633,13369400
2016-08-19,23.058351516723633,8831900
2016-08-22,23.096097946166992,6613900
2016-08-23,23.186660766601562,7907700
2016-08-24,23.330076217651367,12453500
2016-08-25,23.37535858154297,7838700
2016-08-26,23.51876449584961,10693400
2016-08-29,23.707468032836914,9167800
2016-08-30,24.29619026184082,13745600
2016-08-31,24.19807243347168,15561200
2016-09-01,24.08484649658203,11986500
2016-09-02,24.069753646850586,12288200
2016-09-06,23.964082717895508,14191400
2016-09-07,23.918794631958008,10845000
2016-09-08,24.182971954345703,12696100
2016-09-09,23.843320846557617,16493900
2016-09-12,24.333925247192383,13888100
2016-09-13,23.745203018188477,13954100
2016-09-14,23.820680618286133,11687600
2016-09-15,24.115041732788086,9947900
2016-09-16,23.843320846557617,14756200
2016-09-19,23.850875854492188,7806500
2016-09-20,23.926349639892578,8849000
2016-09-21,24.092397689819336,10073600
2016-09-22,24.333925247192383,8185300
2016-09-23,24.08484649658203,9400600
2016-09-26,23.420644760131836,10217700
2016-09-27,23.66217613220215,9753500
2016-09-28,23.97918701171875,7425100
2016-09-29,23.428197860717773,12529700
2016-09-30,24.19807243347168,16269700
2016-10-03,24.115041732788086,10324300
2016-10-04,24.182971954345703,9525400
2016-10-05,24.575454711914062,11157700
2016-10-06,24.4471435546875,11347200
2016-10-07,24.38675880432129,11406100
2016-10-10,24.575454711914062,6609200
2016-10-11,24.28864097595215,6827700
2016-10-12,24.08484649658203,6743300
2016-10-13,23.94898796081543,13893500
2016-10-14,24.205615997314453,13734100
2016-10-17,23.99427604675293,10114300
2016-10-18,24.394306182861328,13091600
2016-10-19,24.85471534729004,18522700
2016-10-20,24.832077026367188,10650700
2016-10-21,25.239654541015625,13910300
2016-10-24,25.19437026977539,9221300
2016-10-25,25.171728134155273,7912200
2016-10-26,25.352872848510742,9113000
2016-10-27,25.679365158081055,12608400
2016-10-28,25.45157814025879,10183500
2016-10-31,25.489547729492188,8687200
2016-11-01,25.33009147644043,8988700
2016-11-02,24.99599266052246,8900400
2016-11-03,24.912479400634766,8172500
2016-11-04,24.88970184326172,7897800
2016-11-07,25.8160400390625,11328000
2016-11-08,25.89198112487793,7370500
2016-11-09,27.729467391967773,28311000
2016-11-10,28.86840057373047,38586800
2016-11-11,29.225290298461914,22845500
2016-11-14,29.878273010253906,25619000
2016-11-15,30.37181854248047,18608000
2016-11-16,29.756778717041016,18234900
2016-11-17,30.34903907775879,12676900
2016-11-18,30.698320388793945,16413300
2016-11-21,30.797019958496094,10122300
2016-11-22,30.781837463378906,12341100
2016-11-23,31.161487579345703,9841000
2016-11-25,31.2070369720459,4027500
2016-11-28,30.705907821655273,10123600
2016-11-29,30.8273868560791,8602900
2016-11-30,31.404457092285156,14726600
2016-12-01,32.01188278198242,14053900
2016-12-02,31.76131820678711,11288400
2016-12-05,31.958742141723633,12264200
2016-12-06,32.27765655517578,11769500
2016-12-07,32.3763542175293,16213400
2016-12-08,33.090087890625,14972900
2016-12-09,33.2039794921875,12115100
2016-12-12,32.6345100402832,12052000
2016-12-13,32.31560516357422,16674900
2016-12-14,32.54339599609375,15136500
2016-12-15,32.65728759765625,15725700
2016-12-16,32.429500579833984,19076900
2016-12-19,32.520633697509766,12663500
2016-12-20,33.029354095458984,8647400
2016-12-21,32.930641174316406,6859300
2016-12-22,32.49025344848633,8200300
2016-12-23,32.695247650146484,6733000
2016-12-27,32.74081802368164,5927000
2016-12-28,32.361167907714844,4854500
2016-12-29,32.004302978515625,7180200
2016-12-30,32.080230712890625,6943500
2017-01-03,32.68767166137695,8316900
2017-01-04,33.12046813964844,7747400
2017-01-05,32.81674575805664,9883200
2017-01-06,33.29509735107422,9152800
2017-01-09,32.429500579833984,11104000
2017-01-10,32.695247650146484,9074300
2017-01-11,33.158416748046875,8777100
2017-01-12,33.12807083129883,8595600
2017-01-13,33.26472091674805,12904500
2017-01-17,32.004302978515625,21840400
2017-01-18,32.54339599609375,15906900
2017-01-19,32.23209762573242,15040100
2017-01-20,32.3383903503418,10779600
2017-01-23,31.860029220581055,12344700
2017-01-24,32.44468688964844,12164200
2017-01-25,33.302703857421875,13961000
2017-01-26,33.424190521240234,10628900
2017-01-27,33.294517517089844,7635600
2017-01-30,32.89023971557617,7216200
2017-01-31,32.40971755981445,10811000
2017-02-01,32.569881439208984,9731300
2017-02-02,32.1351203918457,11481000
2017-02-03,33.889461517333984,16692200
2017-02-06,34.04202651977539,12577100
2017-02-07,34.225074768066406,10055700
2017-02-08,33.49283218383789,10586500
2017-02-09,34.20982360839844,13166700
2017-02-10,34.09540557861328,8909400
2017-02-13,34.52255630493164,13256300
2017-02-14,35.11750411987305,12958700
2017-02-15,35.46074676513672,10115100
2017-02-16,35.170894622802734,10752500
2017-02-17,35.201412200927734,8310100
2017-02-21,35.51414489746094,7628400
2017-02-22,35.483638763427734,7612800
2017-02-23,35.52939987182617,11877100
2017-02-24,34.72849655151367,11837200
2017-02-27,34.9649543762207,7887000
2017-02-28,34.835296630859375,13789400
2017-03-01,35.70484161376953,14373700
2017-03-02,35.30058670043945,8477000
2017-03-03,35.7200813293457,11404300
2017-03-06,35.52176284790039,9332600
2017-03-07,35.33871841430664,9411000
2017-03-08,35.38447952270508,11464700
2017-03-09,35.60565185546875,11135400
2017-03-10,35.46074676513672,8579400
2017-03-13,35.285308837890625,7160400
2017-03-14,35.23193359375,6916200
2017-03-15,34.97258377075195,10796100
2017-03-16,35.33871841430664,9284100
2017-03-17,34.33949661254883,13474500
2017-03-20,34.01150894165039,9734200
2017-03-21,32.539371490478516,20018400
2017-03-22,32.19613265991211,19046600
2017-03-23,32.48598861694336,14888800
2017-03-24,32.38682556152344,10815300
2017-03-27,31.715593338012695,21631100
2017-03-28,32.40971755981445,12944900
2017-03-29,32.64616394042969,14543900
2017-03-30,33.126708984375,11264300
2017-03-31,32.676673889160156,11203300
2017-04-03,32.577518463134766,12531800
2017-04-04,32.42496871948242,7837100
2017-04-05,31.837644577026367,12455100
2017-04-06,32.10460662841797,9520900
2017-04-07,31.997821807861328,9319600
2017-04-10,31.967300415039062,8677200
2017-04-11,31.715593338012695,10318400
2017-04-12,31.326587677001953,10440600
2017-04-13,31.036731719970703,10516500
2017-04-17,31.64694595336914,7959700
2017-04-18,31.43337631225586,13872400
2017-04-19,32.066463470458984,19850300
2017-04-20,32.41734313964844,13816200
2017-04-21,31.883392333984375,12951300
2017-04-24,33.225860595703125,16188100
2017-04-25,33.767425537109375,13857600
2017-04-26,33.84369659423828,12938400
2017-04-27,33.36097717285156,9041300
2017-04-28,33.23072052001953,9049100
2017-05-01,33.51422119140625,7552200
2017-05-02,33.21540451049805,8126400
2017-05-03,33.31501007080078,5578300
2017-05-04,33.16176223754883,7367800
2017-05-05,33.00852584838867,6893400
2017-05-08,32.962547302246094,7171700
2017-05-09,32.816959381103516,6068700
2017-05-10,33.02384567260742,7367800
2017-05-11,32.84761047363281,6340000
2017-05-12,32.740352630615234,5836300
2017-05-15,33.276710510253906,9941100
2017-05-16,33.23839569091797,6888900
2017-05-17,31.391815185546875,22899900
2017-05-18,31.652315139770508,14498400
2017-05-19,32.02776336669922,10486700
2017-05-22,31.92051124572754,6752600
2017-05-23,32.50281524658203,10761300
2017-05-24,32.66373062133789,6583400
2017-05-25,32.66373062133789,5062800
2017-05-26,32.82463455200195,5346500
2017-05-30,32.39555358886719,6377900
2017-05-31,31.98179054260254,13637900
2017-06-01,32.64840316772461,9654300
2017-06-02,32.57944107055664,10016400
2017-06-05,32.86294937133789,6892800
2017-06-06,32.9012451171875,7863200
2017-06-07,33.16176223754883,6378500
2017-06-08,33.790061950683594,11032500
2017-06-09,34.41069030761719,13489900
2017-06-12,34.364723205566406,10384200
2017-06-13,34.594600677490234,9857800
2017-06-14,34.41069030761719,11796300
2017-06-15,34.24212646484375,6904900
2017-06-16,34.08122634887695,9483200
2017-06-19,35.03133773803711,9153900
2017-06-20,34.86275863647461,6680500
2017-06-21,34.41069030761719,7257600
2017-06-22,34.18083572387695,7750500
2017-06-23,33.47590637207031,15915100
2017-06-26,33.713436126708984,5780400
2017-06-27,33.88200759887695,8318800
2017-06-28,33.9586296081543,15848600
2017-06-29,34.28810119628906,15728200
2017-06-30,34.142520904541016,8379400
2017-07-03,34.947044372558594,7486400
2017-07-05,35.36846160888672,9843200
2017-07-06,35.34547805786133,10417300
2017-07-07,35.284183502197266,6442000
2017-07-10,35.238216400146484,5321500
2017-07-11,34.84743881225586,8454700
2017-07-12,34.449012756347656,10234400
2017-07-13,34.87809371948242,6204200
2017-07-14,34.63288879394531,8220600
2017-07-17,34.732505798339844,5141600
2017-07-18,34.5869255065918,9594100
2017-07-19,35.720924377441406,17586300
2017-07-20,35.63663101196289,10652400
2017-07-21,35.697940826416016,9021300
2017-07-24,35.789878845214844,7443600
2017-07-25,36.479469299316406,11885000
2017-07-26,36.17298126220703,9034500
2017-07-27,36.273136138916016,9439300
2017-07-28,35.94190979003906,7959600
2017-07-31,36.126773834228516,6764600
2017-08-01,36.36556625366211,6330000
2017-08-02,36.45800018310547,6020000
2017-08-03,36.404075622558594,6479300
2017-08-04,37.03571701049805,8906800
2017-08-07,37.21289825439453,7761600
2017-08-08,36.9201774597168,7771800
2017-08-09,36.704498291015625,8282900
2017-08-10,35.66460037231445,10099800
2017-08-11,35.16390609741211,13505800
2017-08-14,35.82636260986328,7136300
2017-08-15,35.764739990234375,7663000
2017-08-16,35.44121170043945,8350800
2017-08-17,34.7325439453125,9426800
2017-08-18,34.96363067626953,7284000
2017-08-21,34.41672897338867,8501900
2017-08-22,35.10227966308594,7130700
2017-08-23,35.27945327758789,5464800
2017-08-24,35.433502197265625,6640700
2017-08-25,35.38729476928711,5659400
2017-08-28,35.0329475402832,6526700
2017-08-29,34.93281173706055,8776100
2017-08-30,35.171627044677734,5672900
2017-08-31,35.048362731933594,7890800
2017-09-01,35.579872131347656,7024700
2017-09-05,34.57848358154297,8735700
2017-09-06,34.717124938964844,6313200
2017-09-07,33.94684600830078,11538300
2017-09-08,33.9006233215332,8739800
2017-09-11,34.786460876464844,8017000
2017-09-12,35.24093246459961,8010200
2017-09-13,35.602970123291016,6637900
2017-09-14,35.75703048706055,7414100
2017-09-15,35.89567565917969,9113100
2017-09-18,36.450294494628906,7938000
2017-09-19,36.71989822387695,7999600
2017-09-20,36.88935852050781,8673600
2017-09-21,37.17436599731445,9503600
2017-09-22,37.143558502197266,6050000
2017-09-25,36.773826599121094,7205200
2017-09-26,36.55813980102539,7146100
2017-09-27,37.02801513671875,10314600
2017-09-28,37.08964157104492,5960700
2017-09-29,37.105037689208984,5200500
2017-10-02,37.682769775390625,6096900
2017-10-03,37.96007537841797,6432400
2017-10-04,37.75209045410156,5372900
2017-10-05,38.229679107666016,11491100
2017-10-06,38.32981872558594,5159400
2017-10-09,38.037109375,6333800
2017-10-10,38.121829986572266,5903500
2017-10-11,37.8830451965332,5364600
2017-10-12,37.42857360839844,6915100
2017-10-13,37.205177307128906,7224500
2017-10-16,37.698177337646484,8178900
2017-10-17,37.836830139160156,15535000
2017-10-18,38.630226135253906,12094900
2017-10-19,38.35292434692383,10053100
2017-10-20,39.038475036621094,8454500
2017-10-23,38.98456954956055,6265800
2017-10-24,39.338905334472656,7849700
2017-10-25,38.92293930053711,9645800
2017-10-26,39.10781478881836,9715700
2017-10-27,39.408226013183594,9261100
2017-10-30,39.05989456176758,9020900
2017-10-31,38.70381164550781,9283000
2017-11-01,38.41740798950195,7842900
2017-11-02,39.02891540527344,7902300
2017-11-03,38.719303131103516,5916800
2017-11-06,38.81217575073242,4844200
2017-11-07,38.231624603271484,8823800
2017-11-08,37.9607048034668,8435700
2017-11-09,37.79039764404297,6189500
2017-11-10,37.74394989013672,5436500
2017-11-13,37.643333435058594,5730400
2017-11-14,37.44981384277344,5968500
2017-11-15,37.23307800292969,9749600
2017-11-16,37.62010955810547,7789000
2017-11-17,37.69751739501953,4992600
2017-11-20,38.0148811340332,4574600
2017-11-21,38.22388458251953,6037000
2017-11-22,37.999393463134766,3785900
2017-11-24,37.97618103027344,2692900
2017-11-27,37.929744720458984,5025600
2017-11-28,39.01344299316406,9001200
2017-11-29,39.7255973815918,9441100
2017-11-30,39.9500846862793,12158200
2017-12-01,40.21327209472656,10014000
2017-12-04,40.778343200683594,10640100
2017-12-05,40.259700775146484,7959700
2017-12-06,40.01200485229492,7701600
2017-12-07,40.52289962768555,8765600
2017-12-08,40.94090270996094,6488900
2017-12-11,40.847999572753906,6316900
2017-12-12,41.68401336669922,8152000
2017-12-13,41.165382385253906,10568400
2017-12-14,40.74738311767578,8190100
2017-12-15,41.103450775146484,12708000
2017-12-18,41.21181869506836,8443000
2017-12-19,40.97185516357422,7630600
2017-12-20,40.64674758911133,6435100
2017-12-21,40.93315887451172,11350600
2017-12-22,40.80929183959961,6153800
2017-12-26,40.61577224731445,3313800
2017-12-27,40.693180084228516,5786800
2017-12-28,40.75510787963867,3736700
2017-12-29,40.61577224731445,5804600
2018-01-02,40.39904022216797,6644600
2018-01-03,40.50741195678711,6955500
2018-01-04,41.12667465209961,8678800
2018-01-05,41.11117172241211,6476000
2018-01-08,40.94090270996094,6681400
2018-01-09,41.258270263671875,6622700
2018-01-10,41.745933532714844,11028800
2018-01-11,41.95494079589844,8310000
2018-01-12,42.667076110839844,8998000
2018-01-16,42.264564514160156,11168500
2018-01-17,42.845123291015625,11905200
2018-01-18,43.224422454833984,13953900
2018-01-19,44.47841262817383,15124200
2018-01-22,44.40101623535156,16858300
2018-01-23,44.05268478393555,9372200
2018-01-24,44.308128356933594,8403600
2018-01-25,43.97526931762695,9463800
2018-01-26,44.5867919921875,8382200
2018-01-29,44.47067642211914,7493500
2018-01-30,44.00420379638672,7321200
2018-01-31,43.9653434753418,7193100
2018-02-01,44.665042877197266,7474400
2018-02-02,43.13344955444336,9783700
2018-02-05,40.855499267578125,13439000
2018-02-06,42.2393798828125,17628700
2018-02-07,42.4104118347168,11541700
2018-02-08,40.2646369934082,14073100
2018-02-09,40.5367431640625,15736400
2018-02-12,41.53965377807617,11712900
2018-02-13,41.5085563659668,8659500
2018-02-14,42.79914474487305,10536300
2018-02-15,43.07125473022461,7769900
2018-02-16,42.86910629272461,7448200
2018-02-20,42.806915283203125,7709400
2018-02-21,42.83802032470703,8363000
2018-02-22,42.65143585205078,6111600
2018-02-23,43.59214782714844,6687100
2018-02-26,44.322959899902344,7795800
2018-02-27,44.09750747680664,11757700
2018-02-28,43.55327606201172,9599100
2018-03-01,42.363765716552734,12093900
2018-03-02,42.55814743041992,12154100
2018-03-05,43.141239166259766,7598500
2018-03-06,43.97311782836914,9762300
2018-03-07,44.221900939941406,8181000
2018-03-08,44.284088134765625,7553500
2018-03-09,45.61354446411133,10536000
2018-03-12,45.800140380859375,8123200
2018-03-13,45.11597442626953,6031100
2018-03-14,44.30741500854492,8384300
2018-03-15,44.48623275756836,5648700
2018-03-16,44.71169662475586,9144800
2018-03-19,44.27631759643555,8117800
2018-03-20,44.68060302734375,8426700
2018-03-21,44.40070724487305,8676000
2018-03-22,42.480377197265625,14900500
2018-03-23,40.482322692871094,16707800
2018-03-26,42.21604919433594,11913700
2018-03-27,41.321964263916016,12389400
2018-03-28,41.1353874206543,11262300
2018-03-29,41.95171356201172,7349200
2018-04-02,40.98765563964844,9311000
2018-04-03,41.337528228759766,10335800
2018-04-04,41.72624588012695,6692100
2018-04-05,42.65143585205078,9968200
2018-04-06,41.236454010009766,9578500
2018-04-09,41.47746276855469,8111600
2018-04-10,42.091651916503906,8836300
2018-04-11,41.00321960449219,12121200
2018-04-12,41.8661994934082,9315200
2018-04-13,41.189815521240234,12364000
2018-04-16,41.51634216308594,7282200
2018-04-17,41.39194107055664,14505300
2018-04-18,41.40749740600586,17524000
2018-04-19,42.52703094482422,13873700
2018-04-20,42.34043884277344,10183600
2018-04-23,41.702919006347656,8523600
2018-04-24,41.259765625,10742700
2018-04-25,40.45899200439453,12623000
2018-04-26,40.58339309692383,14668900
2018-04-27,40.51308822631836,7784500
2018-04-30,40.325592041015625,8209700
2018-05-01,40.47401809692383,8498300
2018-05-02,40.38808822631836,8931000
2018-05-03,39.903743743896484,11438000
2018-05-04,40.15372848510742,10368700
2018-05-07,40.9271125793457,6576100
2018-05-08,41.70050811767578,11578100
2018-05-09,42.29421615600586,7114800
2018-05-10,42.99729537963867,8208600
2018-05-11,43.12228012084961,6063100
2018-05-14,43.13792037963867,5816000
2018-05-15,42.848880767822266,7523400
2018-05-16,42.94261932373047,4517700
2018-05-17,42.86448669433594,4576800
2018-05-18,42.12234878540039,6702400
2018-05-21,42.466087341308594,5901700
2018-05-22,42.87230682373047,5930400
2018-05-23,42.45827102661133,6529700
2018-05-24,42.18484878540039,6637300
2018-05-25,41.41145706176758,10152800
2018-05-29,39.0287971496582,26605100
2018-05-30,39.817806243896484,11542600
2018-05-31,39.16941452026367,15150400
2018-06-01,40.00530242919922,10003900
2018-06-04,40.27090835571289,5523800
2018-06-05,39.66938018798828,9136000
2018-06-06,40.55213165283203,7945800
2018-06-07,40.7318229675293,8477600
2018-06-08,40.55213165283203,6412900
2018-06-11,40.4505729675293,6810400
2018-06-12,40.09122848510742,8953300
2018-06-13,40.309959411621094,7981400
2018-06-14,40.08341979980469,8620700
2018-06-15,39.96623229980469,11505700
2018-06-18,39.66157531738281,7493900
2018-06-19,38.99755096435547,12490100
2018-06-20,38.97410202026367,6570800
2018-06-21,38.89599609375,11018400
2018-06-22,38.19291305541992,12896400
2018-06-25,37.44296646118164,14684200
2018-06-26,37.333587646484375,12097800
2018-06-27,36.8648681640625,11635900
2018-06-28,37.72419738769531,14183300
2018-06-29,37.02892303466797,13592200
2018-07-02,37.27890396118164,8655100
2018-07-03,36.73207092285156,5037800
2018-07-05,36.482086181640625,10577300
2018-07-06,36.786746978759766,7269300
2018-07-09,37.81795120239258,9412500
2018-07-10,37.57576370239258,9238800
2018-07-11,37.30233383178711,6089500
2018-07-12,37.51327133178711,7774700
2018-07-13,37.56013488769531,9747600
2018-07-16,38.20072937011719,8724000
2018-07-17,38.41946029663086,11138300
2018-07-18,39.49751663208008,18407300
2018-07-19,38.9428596496582,11363600
2018-07-20,39.270973205566406,8910000
2018-07-23,39.63813400268555,7728900
2018-07-24,39.825618743896484,7254900
2018-07-25,39.872501373291016,7483100
2018-07-26,39.833438873291016,5524900
2018-07-27,39.88031768798828,7252100
2018-07-30,39.9981803894043,10123700
2018-07-31,39.73099899291992,9714900
2018-08-01,39.432395935058594,9194600
2018-08-02,39.14163589477539,7882500
2018-08-03,39.22020721435547,5426100
2018-08-06,39.2830924987793,5086900
2018-08-07,39.39309310913086,5632300
2018-08-08,39.3852424621582,5884100
2018-08-09,38.85089111328125,7583400
2018-08-10,38.02577590942383,14321600
2018-08-13,37.20851516723633,11445900
2018-08-14,37.60928726196289,8695500
2018-08-15,37.2870979309082,9496100
2018-08-16,37.95504379272461,8264500
2018-08-17,38.01005172729492,5854500
2018-08-20,37.94719696044922,7898200
2018-08-21,38.143638610839844,9632000
2018-08-22,38.190799713134766,4952000
2018-08-23,37.82146453857422,7699300
2018-08-24,37.829322814941406,5620600
2018-08-27,39.20449447631836,13317400
2018-08-28,39.29094314575195,7419100
2018-08-29,39.25165557861328,7856700
2018-08-30,38.740875244140625,11399900
2018-08-31,38.37153625488281,7698400
2018-09-04,38.27723693847656,8548700
2018-09-05,38.285091400146484,5527500
2018-09-06,37.664306640625,7990500
2018-09-07,37.89217758178711,7285200
2018-09-10,37.672157287597656,4925000
2018-09-11,37.60928726196289,5011700
2018-09-12,37.310672760009766,6231800
2018-09-13,37.499271392822266,8380100
2018-09-14,37.86859893798828,6955500
2018-09-17,37.46784591674805,6726500
2018-09-18,37.6014289855957,7082500
2018-09-19,38.58369827270508,12489100
2018-09-20,39.19664764404297,11810000
2018-09-21,38.827308654785156,21450400
2018-09-24,38.15936279296875,7917600
2018-09-25,37.93933868408203,9007500
2018-09-26,37.48356246948242,8443100
2018-09-27,37.538570404052734,12204900
2018-09-28,36.595584869384766,14187300
2018-10-01,36.64272689819336,9710100
2018-10-02,36.64272689819336,9589100
2018-10-03,37.01993179321289,8985300
2018-10-04,37.14565658569336,7722200
2018-10-05,36.737037658691406,7938900
2018-10-08,36.94920349121094,7054500
2018-10-09,36.273399353027344,9999500
2018-10-10,35.063232421875,14143800
2018-10-11,34.17526626586914,21746900
2018-10-12,34.128116607666016,16049300
2018-10-15,34.1595458984375,11986800
2018-10-16,36.10050964355469,24174900
2018-10-17,37.082794189453125,22121900
2018-10-18,36.171234130859375,14873900
2018-10-19,36.477699279785156,14931200
2018-10-22,35.44829177856445,11166700
2018-10-23,34.984649658203125,15095300
2018-10-24,34.17526626586914,15067400
2018-10-25,35.008235931396484,13838500
2018-10-26,34.55245590209961,12997100
2018-10-29,34.53673553466797,12869800
2018-10-30,35.20927429199219,14780300
2018-10-31,36.12709426879883,16928300
2018-11-01,36.30906677246094,8679900
2018-11-02,36.3565559387207,10478800
2018-11-05,36.2536735534668,12318900
2018-11-06,36.174564361572266,10737300
2018-11-07,36.878753662109375,9951200
2018-11-08,36.73633575439453,9484100
2018-11-09,36.18246078491211,10017900
2018-11-12,34.916526794433594,14302000
2018-11-13,35.351707458496094,12346100
2018-11-14,34.69498825073242,13265200
2018-11-15,35.051029205322266,14057400
2018-11-16,34.916526794433594,9775000
2018-11-19,35.138057708740234,9856700
2018-11-20,34.1015625,16035600
2018-11-21,34.600040435791016,7961900
2018-11-23,34.08575439453125,4822400
2018-11-26,35.03520202636719,8862900
2018-11-27,34.85322189331055,8035900
2018-11-28,35.85016632080078,12380800
2018-11-29,35.21718215942383,9202900
2018-11-30,35.12223815917969,11282500
2018-12-03,35.929290771484375,15437000
2018-12-04,34.11738204956055,18401400
2018-12-06,33.7138671875,17552400
2018-12-07,32.69319152832031,15499400
2018-12-10,32.210548400878906,16323200
2018-12-11,32.13933563232422,13619400
2018-12-12,32.28968048095703,14207600
2018-12-13,32.12350845336914,15964600
2018-12-14,31.36394500732422,17332200
2018-12-17,31.332292556762695,15786300
2018-12-18,31.561758041381836,14538300
2018-12-19,31.09493637084961,19412300
2018-12-20,30.786352157592773,27520300
2018-12-21,29.813159942626953,21528400
2018-12-24,29.28303337097168,11444400
2018-12-26,31.09493637084961,16814200
2018-12-27,31.3797607421875,13897900
2018-12-28,31.150310516357422,12854200
2018-12-31,31.371858596801758,9518100
2019-01-02,31.96527862548828,10648000
2019-01-03,31.395593643188477,13034500
2019-01-04,32.67737579345703,14371600
2019-01-07,33.00177764892578,11812400
2019-01-08,32.79606628417969,11398200
2019-01-09,33.02550506591797,9223000
2019-01-10,32.962215423583984,7560800
2019-01-11,33.02550506591797,8191900
2019-01-14,33.61101150512695,12336300
2019-01-15,33.9275016784668,11737000
2019-01-16,35.20136642456055,30530400
2019-01-17,33.65056610107422,47037200
2019-01-18,34.56837844848633,20614400
2019-01-22,33.55561828613281,20202400
2019-01-23,33.34990692138672,15583900
2019-01-24,33.270790100097656,13421600
2019-01-25,34.006629943847656,13422700
2019-01-28,33.74551773071289,10396600
2019-01-29,33.61891174316406,9916400
2019-01-30,34.0970344543457,12347900
2019-01-31,33.70657730102539,11163400
2019-02-01,33.32408142089844,13322100
2019-02-04,33.83407211303711,8715300
2019-02-05,33.826107025146484,9971500
2019-02-06,33.77032470703125,9744000
2019-02-07,33.05316162109375,12745400
2019-02-08,32.51927947998047,13993900
2019-02-11,32.04117202758789,17058300
2019-02-12,32.790191650390625,12400800
2019-02-13,32.82207107543945,9528300
2019-02-14,32.447566986083984,10414200
2019-02-15,33.45954895019531,13289700
2019-02-19,33.59501647949219,9401700
2019-02-20,33.802188873291016,10031600
2019-02-21,33.43564987182617,9603600
2019-02-22,33.30018615722656,10132100
2019-02-25,33.6189079284668,10804700
2019-02-26,33.79423141479492,10404400
2019-02-27,33.913761138916016,6916600
2019-02-28,33.45158767700195,12299900
2019-03-01,33.865943908691406,12336100
2019-03-04,33.467525482177734,12115100
2019-03-05,33.38783264160156,10449100
2019-03-06,33.16471481323242,7062700
2019-03-07,32.80613708496094,12502100
2019-03-08,32.95753860473633,11748400
2019-03-11,33.347991943359375,7191600
2019-03-12,33.49142837524414,7204400
2019-03-13,33.79423141479492,9269000
2019-03-14,34.01734161376953,8351200
2019-03-15,34.5273323059082,18992600
2019-03-18,35.08511734008789,10305900
2019-03-19,35.02136993408203,12548500
2019-03-20,34.28827667236328,15078500
2019-03-21,34.367958068847656,14576200
2019-03-22,33.24440383911133,25416800
2019-03-25,32.86988830566406,14504100
2019-03-26,33.37189483642578,9615400
2019-03-27,32.96550750732422,11251600
2019-03-28,33.4117431640625,8397000
2019-03-29,33.62688446044922,11811400
2019-04-01,34.68669509887695,25813300
2019-04-02,34.82216262817383,13101200
2019-04-03,35.3640251159668,11712100
2019-04-04,35.80228042602539,9119900
2019-04-05,35.778377532958984,8633900
2019-04-08,35.84211730957031,10898900
2019-04-09,35.268394470214844,7436200
2019-04-10,35.419795989990234,6703400
2019-04-11,35.69868469238281,7872700
2019-04-12,37.2047233581543,21641900
2019-04-15,36.718658447265625,11669000
2019-04-16,37.46770095825195,13358600
2019-04-17,38.45576858520508,19610000
2019-04-18,37.89002227783203,19906500
2019-04-22,37.682830810546875,7042100
2019-04-23,37.73064422607422,8163700
2019-04-24,37.75454330444336,9042500
2019-04-25,37.682830810546875,5585900
2019-04-26,38.16093826293945,7661100
2019-04-29,38.85857009887695,9702200
2019-04-30,38.690162658691406,8104600
2019-05-01,38.1448974609375,9056300
2019-05-02,38.33734893798828,7680500
2019-05-03,38.53782272338867,5829700
2019-05-06,38.25716018676758,6310000
2019-05-07,37.45530319213867,10365100
2019-05-08,37.31095504760742,7340300
2019-05-09,37.2468147277832,8102300
2019-05-10,37.15860366821289,9749200
2019-05-13,35.426570892333984,16506200
2019-05-14,35.290252685546875,17302200
2019-05-15,35.202049255371094,10703100
2019-05-16,35.50675964355469,9305000
2019-05-17,35.186004638671875,8411700
2019-05-20,35.17798614501953,8951600
2019-05-21,35.59496307373047,5936200
2019-05-22,34.8732795715332,10109600
2019-05-23,34.247825622558594,13128900
2019-05-24,34.44828414916992,6172300
2019-05-28,33.81481170654297,10539500
2019-05-29,33.830848693847656,9808700
2019-05-30,33.54217529296875,7797200
2019-05-31,32.62804412841797,11328600
2019-06-03,32.660125732421875,10133200
2019-06-04,34.06338119506836,11860900
2019-06-05,34.0233039855957,6421300
2019-06-06,34.3280029296875,5741500
2019-06-07,34.23981475830078,7546200
2019-06-10,34.7129020690918,8693100
2019-06-11,35.01762008666992,10654600
2019-06-12,34.17564392089844,8073800
2019-06-13,34.44026565551758,7530900
2019-06-14,34.33602523803711,7102600
2019-06-17,34.08745193481445,5658700
2019-06-18,34.75300598144531,10094500
2019-06-19,34.592620849609375,8034300
2019-06-20,34.84922409057617,9922800
2019-06-21,34.94544219970703,18450800
2019-06-24,34.536495208740234,8141400
2019-06-25,34.20772933959961,10232900
2019-06-26,34.47234344482422,7826400
2019-06-27,34.8732795715332,7459800
2019-06-28,35.1298828125,15445600
2019-07-01,35.24213790893555,12197700
2019-07-02,35.145912170410156,8234800
2019-07-03,35.27421951293945,4470800
2019-07-05,35.45061492919922,6276000
2019-07-08,34.8732795715332,7060200
2019-07-09,35.1058235168457,5941900
2019-07-10,34.72894287109375,5311000
2019-07-11,35.426570892333984,8799200
2019-07-12,35.9798583984375,9565700
2019-07-15,35.627037048339844,7870700
2019-07-16,35.627037048339844,10170900
2019-07-17,35.097808837890625,9131800
2019-07-18,35.627037048339844,11185800
2019-07-19,35.59496307373047,10083600
2019-07-22,35.683162689208984,7091800
2019-07-23,36.16429138183594,9859600
2019-07-24,36.48503875732422,8092200
2019-07-25,35.9798583984375,8733800
2019-07-26,36.6774787902832,8321000
2019-07-29,36.268524169921875,8667000
2019-07-30,36.09883117675781,7339100
2019-07-31,36.00993347167969,8317100
2019-08-01,34.69268798828125,12963900
2019-08-02,34.03812026977539,16089900
2019-08-05,32.72087860107422,15311100
2019-08-06,33.31080627441406,10481200
2019-08-07,32.77745056152344,14108500
2019-08-08,33.35120391845703,9884400
2019-08-09,33.537086486816406,11011400
2019-08-12,32.61582565307617,8775000
2019-08-13,32.88249588012695,10896700
2019-08-14,31.783462524414062,17133400
2019-08-15,31.59757423400879,10818600
2019-08-16,32.27640151977539,9742800
2019-08-19,32.6238899230957,7803000
2019-08-20,32.24408721923828,11350000
2019-08-21,32.27640151977539,9876100
2019-08-22,32.543087005615234,8126000
2019-08-23,31.783462524414062,12310800
2019-08-26,32.454193115234375,10408600
2019-08-27,32.155189514160156,8742900
2019-08-28,32.63197708129883,9881900
2019-08-29,33.36737060546875,12191900
2019-08-30,33.52899932861328,7427000
2019-09-03,33.12492752075195,8675300
2019-09-04,33.56132507324219,6829900
2019-09-05,34.32094955444336,8101600
2019-09-06,34.08660125732422,7012700
2019-09-09,34.83815002441406,11888800
2019-09-10,35.21796798706055,12292700
2019-09-11,35.50889205932617,9877900
2019-09-12,35.81599044799805,13254300
2019-09-13,36.494808197021484,11364500
2019-09-16,36.163482666015625,6289800
2019-09-17,35.727081298828125,9768500
2019-09-18,35.84830093383789,8283800
2019-09-19,35.57354736328125,6403500
2019-09-20,35.290706634521484,22404600
2019-09-23,35.201805114746094,7114600
2019-09-24,34.37752151489258,11246400
2019-09-25,34.781585693359375,6909400
2019-09-26,34.44216537475586,5343800
2019-09-27,34.619956970214844,8005200
2019-09-30,34.48258590698242,6213700
2019-10-01,33.44010925292969,13437200
2019-10-02,32.510765075683594,12052500
2019-10-03,32.526920318603516,12293600
2019-10-04,32.95523452758789,5631400
2019-10-07,32.87441635131836,6323600
2019-10-08,32.179439544677734,8309000
2019-10-09,32.68046951293945,8955700
2019-10-10,33.173423767089844,8207100
2019-10-11,33.884559631347656,14914600
2019-10-14,34.14317321777344,6644500
2019-10-15,34.36943817138672,10112800
2019-10-16,34.579559326171875,10088900
2019-10-17,35.10483932495117,17965100
2019-10-18,35.282623291015625,10493900
2019-10-21,36.349327087402344,14244800
2019-10-22,36.67259216308594,12366600
2019-10-23,37.10089874267578,8328000
2019-10-24,36.979679107666016,7469800
2019-10-25,37.472633361816406,9576400
2019-10-28,37.85245132446289,10276000
2019-10-29,37.8443717956543,7773600
2019-10-30,37.665245056152344,7101400
2019-10-31,37.494266510009766,9414100
2019-11-01,38.53644943237305,9765900
2019-11-04,39.757747650146484,15965900
2019-11-05,39.692623138427734,13894100
2019-11-06,39.53791427612305,7872400
2019-11-07,39.619346618652344,14501500
2019-11-08,40.018306732177734,7966500
2019-11-11,39.96946716308594,7107500
2019-11-12,39.9043083190918,6400700
2019-11-13,39.39950942993164,7022000
2019-11-14,39.57863235473633,5836600
2019-11-15,39.88802719116211,6439000
2019-11-18,39.92060089111328,6446900
2019-11-19,40.16486740112305,6980100
2019-11-20,39.977596282958984,9138700
2019-11-21,39.76589584350586,8353600
2019-11-22,40.09972381591797,6609800
2019-11-25,40.67780685424805,8461000
2019-11-26,40.230010986328125,10360600
2019-11-27,40.53125762939453,8614000
2019-11-29,40.286983489990234,4138400
2019-12-02,39.96131134033203,8117100
2019-12-03,39.17152786254883,12217700
2019-12-04,39.76589584350586,8608400
2019-12-05,39.95317077636719,6680700
2019-12-06,40.547542572021484,9487300
2019-12-09,40.384700775146484,6382300
2019-12-10,40.44169235229492,10009600
2019-12-11,40.26258087158203,6296300
2019-12-12,41.27218246459961,11553400
2019-12-13,40.905784606933594,10191200
2019-12-16,41.29661178588867,11007500
2019-12-17,41.44316101074219,10446000
2019-12-18,41.24775695800781,9513000
2019-12-19,41.41059494018555,9222000
2019-12-20,41.27218246459961,18742900
2019-12-23,41.29661178588867,6547600
2019-12-24,41.27218246459961,2087800
2019-12-26,41.61415481567383,5517400
2019-12-27,41.59788131713867,4116900
2019-12-30,41.49201583862305,4532800
2019-12-31,41.62230682373047,5131600
2020-01-02,42.37137222290039,7808000
2020-01-03,41.68743133544922,6706000
2020-01-06,41.5408821105957,7476700
2020-01-07,41.459449768066406,4538100
2020-01-08,41.988685607910156,6185200
2020-01-09,42.38764190673828,7308000
2020-01-10,42.5097770690918,7686800
2020-01-13,42.973876953125,8334200
2020-01-14,43.03900909423828,9602000
2020-01-15,43.104148864746094,11342500
2020-01-16,45.95388412475586,34590700
2020-01-17,46.82508087158203,15403900
2020-01-21,45.530487060546875,20833900
2020-01-22,45.48163604736328,10276800
2020-01-23,45.21294403076172,10064500
2020-01-24,44.41502380371094,9752000
2020-01-27,43.24256896972656,10649100
2020-01-28,43.98349380493164,9232900
2020-01-29,43.706661224365234,9027800
2020-01-30,44.108245849609375,8685900
2020-01-31,42.82973861694336,11286900
2020-02-03,43.1083984375,8375100
2020-02-04,44.272151947021484,9375100
2020-02-05,45.067115783691406,8237500
2020-02-06,45.083499908447266,6976900
2020-02-07,45.09990310668945,7588000
2020-02-10,45.362159729003906,5115100
2020-02-11,45.71456527709961,7120800
2020-02-12,46.04239273071289,7130000
2020-02-13,45.837486267089844,5718400
2020-02-14,45.76373291015625,4579300
2020-02-18,45.50147247314453,6897800
2020-02-19,46.14892578125,6075300
2020-02-20,44.05086898803711,58533500
2020-02-21,42.960880279541016,29536400
2020-02-24,40.71529006958008,28670400
2020-02-25,39.363037109375,25568400
2020-02-26,38.71559143066406,22286100
2020-02-27,37.215824127197266,26815200
2020-02-28,36.904388427734375,36978800
2020-03-02,38.09273147583008,23234100
2020-03-03,36.38807678222656,30206600
2020-03-04,37.07649612426758,21938100
2020-03-05,34.90468215942383,23950200
2020-03-06,34.29001998901367,30898400
2020-03-09,30.733171463012695,28177500
2020-03-10,32.372276306152344,27111000
2020-03-11,30.216846466064453,27376200
2020-03-12,25.6601505279541,27964600
2020-03-13,30.733171463012695,33305100
2020-03-16,25.938793182373047,26789900
2020-03-17,27.692636489868164,27047400
2020-03-18,25.201202392578125,27603000
2020-03-19,25.340518951416016,23929600
2020-03-20,24.316083908081055,27472500
2020-03-23,22.791715621948242,26401000
2020-03-24,27.225492477416992,25905500
2020-03-25,27.856542587280273,27198500
2020-03-26,29.26616859436035,26422500
2020-03-27,27.87293815612793,33375400
2020-03-30,28.553171157836914,18046400
2020-03-31,27.864734649658203,17122600
2020-04-01,25.914209365844727,23755100
2020-04-02,27.78278350830078,21656000
2020-04-03,27.741804122924805,16926500
2020-04-06,30.33158302307129,18788700
2020-04-07,30.274213790893555,19536700
2020-04-08,32.265724182128906,15376700
2020-04-09,33.66716384887695,21902200
2020-04-13,32.437835693359375,13369900
2020-04-14,32.66730880737305,14471900
2020-04-15,31.47076416015625,15590100
2020-04-16,31.437986373901367,27913000
2020-04-17,32.036258697509766,25074500
2020-04-20,31.437986373901367,16573800
2020-04-21,30.282413482666016,14134900
2020-04-22,30.987234115600586,10449000
2020-04-23,30.708581924438477,8694800
2020-04-24,31.118358612060547,8567500
2020-04-27,32.216548919677734,11619400
2020-04-28,32.88859176635742,12778400
2020-04-29,33.72361755371094,15880400
2020-04-30,32.599220275878906,13431700
2020-05-01,31.747655868530273,12806200
2020-05-04,31.491361618041992,13985100
2020-05-05,31.400409698486328,8951200
2020-05-06,30.838212966918945,7817800
2020-05-07,32.08662796020508,9348900
2020-05-08,33.13661575317383,12096400
2020-05-11,32.9299201965332,10106400
2020-05-12,31.76419448852539,13605600
2020-05-13,30.581933975219727,11565900
2020-05-14,31.259872436523438,14986600
2020-05-15,30.8299560546875,9175800
2020-05-18,33.301979064941406,14722400
2020-05-19,32.51655197143555,8895500
2020-05-20,33.94683837890625,12031600
2020-05-21,33.31850814819336,9654200
2020-05-22,33.17795944213867,6468900
2020-05-26,36.12122344970703,19709900
2020-05-27,38.74205780029297,25892400
2020-05-28,36.70823287963867,17615900
2020-05-29,36.54286575317383,13102100
2020-06-01,36.95625686645508,8649500
2020-06-02,37.683815002441406,11179200
2020-06-03,38.78340530395508,11253500
2020-06-04,40.25503921508789,15279600
2020-06-05,40.94951248168945,17976100
2020-06-08,41.46210861206055,12150300
2020-06-09,41.668800354003906,15090400
2020-06-10,40.25503921508789,14770900
2020-06-11,36.848777770996094,17961900
2020-06-12,38.262535095214844,14093100
2020-06-15,39.18851852416992,14758800
2020-06-16,40.14754867553711,13551500
2020-06-17,39.486141204833984,8674400
2020-06-18,39.33733367919922,9825200
2020-06-19,38.7999382019043,20962700
2020-06-22,39.17197799682617,11657400
2020-06-23,39.5936164855957,9672600
2020-06-24,38.816471099853516,12806200
2020-06-25,40.337703704833984,15014300
2020-06-26,38.89914321899414,20082500
2020-06-29,39.05622482299805,9380800
2020-06-30,39.9326057434082,11894300
2020-07-01,39.36212921142578,11363800
2020-07-02,39.510948181152344,7488800
2020-07-06,40.362518310546875,10649600
2020-07-07,39.26292419433594,8750700
2020-07-08,40.436927795410156,12322200
2020-07-09,39.279449462890625,9119900
2020-07-10,41.1727409362793,13386000
2020-07-13,41.519981384277344,14904000
2020-07-14,41.75147247314453,16075600
2020-07-15,42.45421600341797,17424200
2020-07-16,43.52074432373047,25026800
2020-07-17,43.33059310913086,16263800
2020-07-20,42.875877380371094,10423600
2020-07-21,43.305782318115234,11951200
2020-07-22,42.16485595703125,13604000
2020-07-23,41.801082611083984,13527000
2020-07-24,41.48691940307617,6860800
2020-07-27,42.429420471191406,12087100
2020-07-28,41.55304718017578,7287900
2020-07-29,41.82587814331055,8074300
2020-07-30,40.75193786621094,9410100
2020-07-31,40.69364929199219,9669900
2020-08-03,41.1765251159668,9912400
2020-08-04,41.010009765625,6445200
2020-08-05,41.43459701538086,6636100
2020-08-06,41.16819763183594,5701100
2020-08-07,41.91746139526367,6225900
2020-08-10,42.108951568603516,6518300
2020-08-11,43.10795974731445,11792600
2020-08-12,43.607479095458984,8949400
2020-08-13,43.44097900390625,5728700
2020-08-14,43.54087829589844,5782300
2020-08-17,42.69170379638672,7333000
2020-08-18,42.39200210571289,6450000
2020-08-19,42.76662826538086,5957600
2020-08-20,42.29209899902344,5186300
2020-08-21,42.54184341430664,6408500
2020-08-24,43.599159240722656,7728500
2020-08-25,43.33274841308594,8425500
2020-08-26,43.04969024658203,5920800
2020-08-27,43.7989616394043,8910100
2020-08-28,44.03207015991211,8743800
2020-08-31,43.507564544677734,8026600
2020-09-01,43.77398681640625,5568800
2020-09-02,44.33177185058594,7547100
2020-09-03,43.91551208496094,11029600
2020-09-04,43.882198333740234,9413000
2020-09-08,41.767601013183594,10946600
2020-09-09,42.50855255126953,8808100
2020-09-10,41.86750793457031,8609100
2020-09-11,41.91746139526367,8969700
2020-09-14,42.583473205566406,8812200
2020-09-15,41.95076370239258,7660100
2020-09-16,42.583473205566406,8699700
2020-09-17,41.83420944213867,7533700
2020-09-18,41.69268798828125,10743900
2020-09-21,40.260738372802734,12909900
2020-09-22,39.65300369262695,11164400
2020-09-23,38.645660400390625,8248100
2020-09-24,38.8038330078125,9832700
2020-09-25,39.16181564331055,9816000
2020-09-28,40.27738952636719,9466200
2020-09-29,39.32831573486328,11355600
2020-09-30,40.25240707397461,15047300
2020-10-01,39.344970703125,25275400
2020-10-02,39.936065673828125,12681800
2020-10-05,40.46055603027344,19140100
2020-10-06,39.74457931518555,22980200
2020-10-07,40.5521125793457,12019100
2020-10-08,40.79356384277344,23836600
2020-10-09,40.65203094482422,11381800
2020-10-12,42.24215316772461,17615000
2020-10-13,41.99238586425781,17448000
2020-10-14,42.16721725463867,20330100
2020-10-15,42.73332977294922,21059700
2020-10-16,43.1662483215332,16923300
2020-10-19,42.416969299316406,12677000
2020-10-20,42.84988021850586,11177600
2020-10-21,41.94244384765625,18583200
2020-10-22,43.099639892578125,13264400
2020-10-23,43.18288803100586,11538500
2020-10-26,41.89249038696289,15561400
2020-10-27,40.45222091674805,11593300
2020-10-28,39.60305404663086,13622800
2020-10-29,40.357879638671875,10887800
2020-10-30,40.383052825927734,14907400
2020-11-02,41.414634704589844,16337800
2020-11-03,42.92427444458008,13142200
2020-11-04,43.13394546508789,17378000
2020-11-05,43.77973556518555,9444300
2020-11-06,43.36039733886719,6453900
2020-11-09,46.983543395996094,24243300
2020-11-10,46.75709533691406,15502900
2020-11-11,47.25193786621094,9731600
2020-11-12,46.58935546875,9889500
2020-11-13,47.4783821105957,9919100
2020-11-16,48.736412048339844,12201400
2020-11-17,49.32349395751953,9599100
2020-11-18,49.32349395751953,11536700
2020-11-19,49.17252731323242,7220200
2020-11-20,48.48480987548828,7739900
2020-11-23,50.54798889160156,12647400
2020-11-24,53.340824127197266,22357700
2020-11-25,53.240196228027344,11509700
2020-11-27,53.54212188720703,5581500
2020-11-30,51.85635757446289,15610700
2020-12-01,53.07244873046875,15857200
2020-12-02,53.693077087402344,10790700
2020-12-03,53.726627349853516,11757900
2020-12-04,54.51499938964844,10169700
2020-12-07,53.89437484741211,10402100
2020-12-08,53.60083770751953,6386200
2020-12-09,53.98664093017578,10145500
2020-12-10,54.045326232910156,8888000
2020-12-11,53.105987548828125,9034200
2020-12-14,51.898277282714844,10236600
2020-12-15,53.63438034057617,9718800
2020-12-16,53.86921691894531,8806400
2020-12-17,54.238224029541016,7197500
2020-12-18,53.8272705078125,15499800
2020-12-21,56.88850784301758,14787800
2020-12-22,55.89045333862305,9807000
2020-12-23,57.207210540771484,8772500
2020-12-24,57.106544494628906,3126700
2020-12-28,57.0730094909668,7417100
2020-12-29,56.78784942626953,4701300
2020-12-30,56.89688491821289,5283200
2020-12-31,57.47557830810547,5297400
2021-01-04,57.307857513427734,14014600
2021-01-05,58.28072738647461,11120400
2021-01-06,61.794864654541016,18334300
2021-01-07,62.851593017578125,13530400
2021-01-08,63.1115837097168,12896700
2021-01-11,63.79096221923828,9077500
2021-01-12,63.572872161865234,11831100
2021-01-13,63.3715934753418,9852200
2021-01-14,64.13480377197266,9854300
2021-01-15,63.10319519042969,12882600
2021-01-19,62.89353561401367,14897700
2021-01-20,62.767730712890625,16133000
2021-01-21,62.65032958984375,13591300
2021-01-22,62.172264099121094,15460000
2021-01-25,60.70454406738281,15933100
2021-01-26,59.72328186035156,10899700
2021-01-27,57.383331298828125,17002600
2021-01-28,58.43709945678711,14986200
2021-01-29,56.52346420288086,17566100
2021-02-01,57.046138763427734,11961600
2021-02-02,59.81116485595703,13893900
2021-02-03,59.51612091064453,8014300
2021-02-04,60.94081115722656,8889400
2021-02-05,61.72480773925781,8832200
2021-02-08,62.57623291015625,9018100
2021-02-09,62.58467102050781,7429900
2021-02-10,62.66054916381836,7465900
2021-02-11,62.14630126953125,6972900
2021-02-12,62.89659118652344,7281200
2021-02-16,64.11051940917969,8550600
2021-02-17,63.60470962524414,7807200
2021-02-18,63.08203125,7155800
2021-02-19,64.06836700439453,7685300
2021-02-22,65.2485580444336,11193700
2021-02-23,65.33287048339844,12174600
2021-02-24,67.33921813964844,12681500
2021-02-25,66.11685180664062,11674600
2021-02-26,64.80176544189453,30392200
2021-03-01,66.73224639892578,11450000
2021-03-02,68.10636138916016,11955500
2021-03-03,69.17697143554688,13053000
2021-03-04,68.37610626220703,15809900
2021-03-05,68.17379760742188,16362500
2021-03-08,68.36767578125,10151900
2021-03-09,68.15693664550781,11588700
2021-03-10,70.04524230957031,10775800
2021-03-11,70.18013000488281,8951500
2021-03-12,71.09901428222656,8691300
2021-03-15,70.69436645507812,9018400
2021-03-16,69.58159637451172,9472000
2021-03-17,70.69436645507812,8049300
2021-03-18,70.7618179321289,10227400
2021-03-19,69.9188003540039,11557600
2021-03-22,69.05892944335938,7169900
2021-03-23,66.69853210449219,10235500
2021-03-24,66.87555694580078,8459000
2021-03-25,67.54997253417969,11363800
2021-03-26,67.42352294921875,11107400
2021-03-29,65.6532211303711,21931700
2021-03-30,66.67323303222656,12063000
2021-03-31,65.46774291992188,12085500
2021-04-01,65.93982696533203,13195600
2021-04-05,65.75436401367188,10458800
2021-04-06,66.67323303222656,9445000
2021-04-07,66.63109588623047,8329300
2021-04-08,67.60896301269531,9352700
2021-04-09,68.0473403930664,10693500
2021-04-12,67.59211730957031,8939700
2021-04-13,67.0441665649414,7085200
2021-04-14,68.10636138916016,10585500
2021-04-15,68.13164520263672,9930800
2021-04-16,66.25171661376953,29086400
2021-04-19,67.46565246582031,15151000
2021-04-20,65.15582275390625,13052800
2021-04-21,66.80811309814453,11075900
2021-04-22,65.99881744384766,9871700
2021-04-23,68.24122619628906,12002000
2021-04-26,68.72174072265625,8033500
2021-04-27,69.0926513671875,7057400
2021-04-28,69.74176788330078,7228200
2021-04-29,70.80847930908203,9974800
2021-04-30,69.88570404052734,9298600
2021-05-03,69.80950927734375,6759000
2021-05-04,69.96188354492188,8802700
2021-05-05,71.54500579833984,9424400
2021-05-06,73.50907897949219,11887900
2021-05-07,74.24560546875,9947600
2021-05-10,73.20430755615234,9344500
2021-05-11,71.89209747314453,10397800
2021-05-12,70.84233856201172,12602200
2021-05-13,71.84130859375,8639700
2021-05-14,73.94930267333984,7755900
2021-05-17,74.57579040527344,7157900
2021-05-18,73.62761688232422,6631700
2021-05-19,72.84873962402344,10165600
2021-05-20,73.20430755615234,7722100
2021-05-21,74.78742218017578,9326800
2021-05-24,75.93033599853516,7788800
2021-05-25,75.22765350341797,10599600
2021-05-26,75.64248657226562,8665200
2021-05-27,76.44674682617188,21840900
2021-05-28,76.99700164794922,9484800
2021-06-01,77.97906494140625,9576400
2021-06-02,78.52933502197266,6878400
2021-06-03,79.02881622314453,7926800
2021-06-04,79.54524993896484,6406800
2021-06-07,78.91031646728516,6773800
2021-06-08,78.55474853515625,7036300
2021-06-09,78.4531478881836,7811700
2021-06-10,77.61502075195312,6584900
2021-06-11,77.92825317382812,6509400
2021-06-14,76.80230712890625,10163100
2021-06-15,76.7853775024414,7459000
2021-06-16,77.12400817871094,11370300
2021-06-17,74.42340850830078,11131600
2021-06-18,71.18943786621094,22453900
2021-06-21,72.75562286376953,10672700
2021-06-22,72.55245971679688,9664100
2021-06-23,72.69636535644531,7139000
2021-06-24,73.72074890136719,7953500
2021-06-25,74.83821868896484,11139000
2021-06-28,74.24560546875,6174600
2021-06-29,76.73458862304688,15413700
2021-06-30,77.62349700927734,9780300
2021-07-01,77.9028549194336,6792200
2021-07-02,77.91133117675781,4818000
2021-07-06,76.37055206298828,6701200
2021-07-07,76.2181625366211,6771600
2021-07-08,74.19483184814453,8778800
2021-07-09,76.47212982177734,7306500
2021-07-12,78.5208740234375,11951100
2021-07-13,78.91031646728516,12280100
2021-07-14,78.275390625,12572000
2021-07-15,78.41927337646484,12465900
2021-07-16,77.25101470947266,12595400
2021-07-19,75.64248657226562,14043000
2021-07-20,78.15684509277344,11522300
2021-07-21,81.00139617919922,14116900
2021-07-22,80.90824127197266,9235300
2021-07-23,80.04474639892578,13222800
2021-07-26,81.72943878173828,11420600
2021-07-27,81.67863464355469,8972900
2021-07-28,81.33152770996094,10054000
2021-07-29,82.10759735107422,9016200
2021-07-30,81.85175323486328,8320800
2021-08-02,82.06494140625,9409600
2021-08-03,82.3805160522461,7044800
2021-08-04,82.11613464355469,7137500
2021-08-05,83.42942810058594,5675000
2021-08-06,85.04975891113281,9317900
2021-08-09,85.91107177734375,8297700
2021-08-10,87.0197525024414,8490500
2021-08-11,88.58885955810547,8793200
2021-08-12,89.26258850097656,6302100
2021-08-13,88.64005279541016,8312200
2021-08-16,88.45242309570312,6540300
2021-08-17,87.7275390625,6492900
2021-08-18,86.35454559326172,7839800
2021-08-19,85.04975891113281,10644700
2021-08-20,85.84285736083984,6496900
2021-08-23,87.1220703125,5430700
2021-08-24,87.9151611328125,5339700
2021-08-25,88.76795959472656,5612100
2021-08-26,88.55474853515625,6882800
2021-08-27,89.92776489257812,5900600
2021-08-30,88.76795959472656,6459700
2021-08-31,89.05790710449219,7215100
2021-09-01,88.95557403564453,5762400
2021-09-02,89.3990478515625,5708400
2021-09-03,88.90441131591797,7195400
2021-09-07,88.84471893310547,6792100
2021-09-08,88.32450103759766,5601000
2021-09-09,88.55474853515625,6145700
2021-09-10,88.36714172363281,5958600
2021-09-13,89.0323257446289,6112200
2021-09-14,86.90885925292969,8400600
2021-09-15,87.8725357055664,6691900
2021-09-16,87.38642883300781,5881600
2021-09-17,86.77238464355469,17485600
2021-09-20,84.11166381835938,15443800
2021-09-21,83.83026885986328,8985600
2021-09-22,85.96223449707031,9497700
2021-09-23,88.30744934082031,6087900
2021-09-24,87.76165771484375,5529300
2021-09-27,89.62928009033203,8195200
2021-09-28,87.0197525024414,14183500
2021-09-29,84.89625549316406,11543000
2021-09-30,82.98596954345703,12258400
2021-10-01,84.46985626220703,7912700
2021-10-04,82.84953308105469,9482100
2021-10-05,84.59777069091797,8850300
2021-10-06,84.51248931884766,6912700
2021-10-07,84.25663757324219,7959600
2021-10-08,85.31412506103516,5301100
2021-10-11,82.96892547607422,7003900
2021-10-12,83.38677978515625,7913300
2021-10-13,84.06050109863281,10170900
2021-10-14,86.14134216308594,14766800
2021-10-15,87.10499572753906,11678100
2021-10-18,86.48246765136719,8924300
2021-10-19,86.77238464355469,6189500
2021-10-20,85.84285736083984,7426900
2021-10-21,85.51879119873047,5931400
2021-10-22,86.81504821777344,6761500
2021-10-25,86.90885925292969,3836000
2021-10-26,88.23922729492188,7649500
2021-10-27,86.87472534179688,7542400
2021-10-28,88.01680755615234,6663000
2021-10-29,88.25726318359375,8056900
2021-11-01,89.30487060546875,5432400
2021-11-02,89.87163543701172,7191700
2021-11-03,88.11126708984375,9009000
2021-11-04,85.68975067138672,14823800
2021-11-05,85.7584228515625,8449600
2021-11-08,85.93016815185547,7332000
2021-11-09,85.62103271484375,8756900
2021-11-10,83.95515441894531,9191500
2021-11-11,84.9083251953125,6249600
2021-11-12,85.74127197265625,7270300
2021-11-15,86.0503921508789,5652200
2021-11-16,86.46257781982422,6448500
2021-11-17,83.87787628173828,9670700
2021-11-18,83.87787628173828,6850200
2021-11-19,83.2166748046875,9923400
2021-11-22,85.28614807128906,10430400
2021-11-23,87.46724700927734,8559200
2021-11-24,86.83181762695312,7146400
2021-11-26,84.0925521850586,11738200
2021-11-29,83.49147033691406,13793400
2021-11-30,81.42198181152344,20586200
2021-12-01,81.79981231689453,11708200
2021-12-02,84.89115142822266,10685800
2021-12-03,84.33299255371094,9811800
2021-12-06,85.24320983886719,9624500
2021-12-07,88.01680755615234,10674400
2021-12-08,86.94345092773438,9089700
2021-12-09,86.36811065673828,7749600
2021-12-10,84.52188873291016,10429000
2021-12-13,83.43994903564453,10057100
2021-12-14,84.8568115234375,11105900
2021-12-15,85.380615234375,7055000
2021-12-16,86.12767028808594,7889900
2021-12-17,83.40558624267578,20851400
2021-12-20,81.89427947998047,11931400
2021-12-21,83.95515441894531,8235100
2021-12-22,84.41029357910156,4798400
2021-12-23,85.30331420898438,4482200
2021-12-27,86.21354675292969,4196000
2021-12-28,85.84430694580078,4269700
2021-12-29,84.77952575683594,6923100
2021-12-30,84.83960723876953,3564900
2021-12-31,84.29007720947266,5124800
2022-01-03,86.03321838378906,8481900
2022-01-04,89.52812194824219,8967000
2022-01-05,87.31269073486328,10288800
2022-01-06,88.80680084228516,10059200
2022-01-07,89.34781646728516,6128400
2022-01-10,89.41649627685547,8904900
2022-01-11,90.95356750488281,7320200
2022-01-12,88.48910522460938,10855200
2022-01-13,88.05974578857422,6267700
2022-01-14,84.9083251953125,16724900
2022-01-18,80.72644805908203,21803100
2022-01-19,82.20341491699219,19716100
2022-01-20,85.7240982055664,22637600
2022-01-21,84.89115142822266,22568300
2022-01-24,84.22135925292969,19527300
2022-01-25,85.04573059082031,16060700
2022-01-26,86.01604461669922,13344400
2022-01-27,86.85758209228516,17843100
2022-01-28,88.02488708496094,14044800
2022-01-31,88.6647720336914,8467000
2022-02-01,89.88397216796875,7885700
2022-02-02,89.85802459716797,9596300
2022-02-03,88.44859313964844,5986500
2022-02-04,90.0223159790039,7881800
2022-02-07,90.94752502441406,9129000
2022-02-08,91.9592056274414,9249000
2022-02-09,94.01716613769531,11054300
2022-02-10,93.01412200927734,8116200
2022-02-11,90.42005920410156,9755900
2022-02-14,88.69068908691406,11110300
2022-02-15,89.43433380126953,6714100
2022-02-16,87.46284484863281,10190700
2022-02-17,83.1394271850586,15620300
2022-02-18,82.5082015991211,16321800
2022-02-22,81.92888641357422,9143700
2022-02-23,80.89122772216797,8722200
2022-02-24,79.3866958618164,18518000
2022-02-25,81.75594329833984,9717400
2022-02-28,78.46149444580078,17955100
2022-03-01,75.77233123779297,18341800
2022-03-02,76.42083740234375,18007500
2022-03-03,75.90201568603516,12197100
2022-03-04,74.6741714477539,11950700
2022-03-07,72.1579360961914,12680900
2022-03-08,72.036865234375,11641200
2022-03-09,75.57343292236328,12994600
2022-03-10,74.2418212890625,11351600
2022-03-11,73.65383911132812,8568100
2022-03-14,73.25608825683594,8280700
2022-03-15,74.64822387695312,8672400
2022-03-16,79.34346771240234,17635900
2022-03-17,81.1593017578125,15156800
2022-03-18,81.98939514160156,16325400
2022-03-21,80.07843780517578,8568700
2022-03-22,81.47058868408203,7565100
2022-03-23,79.87957000732422,7465400
2022-03-24,79.66339111328125,6488300
2022-03-25,79.87957000732422,6592800
2022-03-28,78.91974639892578,8680800
2022-03-29,79.41263580322266,7431600
2022-03-30,78.05506896972656,7289800
2022-03-31,75.57343292236328,8422700
2022-04-01,75.21891021728516,8192300
2022-04-04,75.46966552734375,8098900
2022-04-05,73.74030303955078,11587400
2022-04-06,71.88123321533203,10493200
2022-04-07,71.88123321533203,11902900
2022-04-08,72.6854019165039,6937500
2022-04-11,72.65081024169922,8290400
2022-04-12,72.57299041748047,8057300
2022-04-13,72.74591827392578,8760300
2022-04-14,73.2906723022461,16348400
2022-04-18,74.77792358398438,7897500
2022-04-19,76.87910461425781,12637700
2022-04-20,78.34908294677734,11828400
2022-04-21,76.87910461425781,9563900
2022-04-22,73.27337646484375,11455400
2022-04-25,73.54144287109375,11577600
2022-04-26,71.22406768798828,10062000
2022-04-27,71.08573913574219,9522900
2022-04-28,72.73400115966797,6974600
2022-04-29,70.28338623046875,8097300
2022-05-02,71.4781494140625,8737100
2022-05-03,73.03925323486328,9430500
2022-05-04,76.06546783447266,10495000
2022-05-05,74.07706451416016,8556500
2022-05-06,73.4578628540039,7333600
2022-05-09,70.77176666259766,11161000
2022-05-10,69.99559020996094,9261000
2022-05-11,68.80078887939453,8060000
2022-05-12,68.53913879394531,10315600
2022-05-13,70.23979187011719,7948000
2022-05-16,69.68163299560547,5703600
2022-05-17,72.32411193847656,6507100
2022-05-18,70.3705825805664,5949400
2022-05-19,69.73395538330078,7852800
2022-05-20,69.21939086914062,8705000
2022-05-23,71.78340148925781,7787700
2022-05-24,71.4781494140625,6225700
2022-05-25,71.71363830566406,6747800
2022-05-26,74.12939453125,8573400
2022-05-27,75.39395141601562,6300000
2022-05-31,75.12359619140625,10780700
2022-06-01,74.12939453125,6543900
2022-06-02,74.30378723144531,7468700
2022-06-03,73.3619384765625,5276900
2022-06-06,74.01602172851562,4022400
2022-06-07,74.41718292236328,4514300
2022-06-08,72.55958557128906,6787200
2022-06-09,70.78048706054688,6951700
2022-06-10,67.50135040283203,9671600
2022-06-13,65.56525421142578,10446400
2022-06-14,65.37339782714844,7400300
2022-06-15,66.2978286743164,9273300
2022-06-16,64.49256134033203,11068400
2022-06-17,63.576847076416016,17285900
2022-06-21,65.0855941772461,8063800
2022-06-22,64.88502502441406,6322600
2022-06-23,64.51002502441406,7958000
2022-06-24,67.86762237548828,10795400
2022-06-27,67.53622436523438,5937600
2022-06-28,68.1641616821289,10259100
2022-06-29,68.19032287597656,8534900
2022-06-30,66.33271789550781,10182400
2022-07-01,66.93447875976562,6017500
2022-07-05,66.37631225585938,8706900
2022-07-06,65.80072021484375,6895900
2022-07-07,67.14378356933594,6258300
2022-07-08,66.91703033447266,5890500
2022-07-11,66.12342071533203,4918900
2022-07-12,66.2280502319336,6558400
2022-07-13,65.39085388183594,7780100
2022-07-14,65.1379165649414,13296200
2022-07-15,68.06822204589844,11663900
2022-07-18,68.77462768554688,11596800
2022-07-19,71.20780944824219,9952000
2022-07-20,71.34736633300781,7653400
2022-07-21,72.40260314941406,9053400
2022-07-22,71.8880615234375,6564000
2022-07-25,71.99272155761719,6208200
2022-07-26,70.45780181884766,7121600
2022-07-27,71.95782470703125,7751300
2022-07-28,73.0274887084961,6324800
2022-07-29,74.21601104736328,8597700
2022-08-01,74.03111267089844,5439200
2022-08-02,73.53810119628906,7684700
2022-08-03,74.87628936767578,7043600
2022-08-04,75.14920043945312,5722600
2022-08-05,75.82710266113281,6219300
2022-08-08,75.73904418945312,5719700
2022-08-09,76.02959442138672,4920100
2022-08-10,78.25694274902344,7271700
2022-08-11,79.4102554321289,8808100
2022-08-12,80.69561767578125,6259000
2022-08-15,81.01251983642578,7348900
2022-08-16,80.83645629882812,5953800
2022-08-17,80.42268371582031,5499000
2022-08-18,80.75723266601562,4664800
2022-08-19,79.24297332763672,6264100
2022-08-22,77.87838745117188,6452800
2022-08-23,77.7375259399414,7487700
2022-08-24,78.00163269042969,5262400
2022-08-25,79.15492248535156,4943300
2022-08-26,76.42575073242188,7911500
2022-08-29,75.14039611816406,7505300
2022-08-30,74.33045196533203,8849400
2022-08-31,75.02596282958984,9223100
2022-09-01,75.8623275756836,7830800
2022-09-02,76.0648193359375,9974400
2022-09-06,74.94670867919922,10689300
2022-09-07,76.46977996826172,7592700
2022-09-08,77.86078643798828,8446700
2022-09-09,78.7587661743164,5976200
2022-09-12,79.36622619628906,8030800
2022-09-13,76.63704681396484,7890700
2022-09-14,76.75150299072266,8341100
2022-09-15,77.70231628417969,8883100
2022-09-16,76.9715805053711,20988900
2022-09-19,78.10728454589844,6011500
2022-09-20,76.76031494140625,8092300
2022-09-21,76.02959442138672,9707800
2022-09-22,74.62979125976562,8376300
2022-09-23,71.75975799560547,9990500
2022-09-26,70.2190933227539,8496000
2022-09-27,69.97257232666016,6855400
2022-09-28,71.72454071044922,6693500
2022-09-29,70.30712127685547,5892700
2022-09-30,69.55879974365234,8090900
2022-10-03,70.76490783691406,8169200
2022-10-04,73.92548370361328,7875000
2022-10-05,73.1683578491211,5956500
2022-10-06,71.58365631103516,6434800
2022-10-07,69.48837280273438,7180900
2022-10-10,69.03057098388672,5418000
2022-10-11,67.78923797607422,6271100
2022-10-12,67.43708801269531,6411600
2022-10-13,69.83170318603516,11811500
2022-10-14,66.2925796508789,13658500
2022-10-17,67.91246032714844,11412400
2022-10-18,69.9373550415039,9767800
2022-10-19,68.35267639160156,7429600
2022-10-20,67.43708801269531,7638100
2022-10-21,69.74366760253906,8149000
2022-10-24,69.9285659790039,8143300
2022-10-25,70.8793716430664,8173600
2022-10-26,71.23150634765625,7733400
2022-10-27,71.037841796875,6466400
2022-10-28,73.08679962158203,7816100
2022-10-31,73.04232788085938,9087400
2022-11-01,74.42015838623047,8195600
2022-11-02,74.99797058105469,10907500
2022-11-03,74.3312759399414,6447200
2022-11-04,75.42464447021484,6929700
2022-11-07,76.06464385986328,4599600
2022-11-08,75.80687713623047,4850300
2022-11-09,74.18016052246094,5200800
2022-11-10,78.93586730957031,10013900
2022-11-11,80.69590759277344,9119100
2022-11-14,79.83366394042969,4873400
2022-11-15,80.44702911376953,7336100
2022-11-16,79.8425521850586,4368600
2022-11-17,79.06919860839844,4967300
2022-11-18,79.29141998291016,5450700
2022-11-21,79.18475341796875,4667100
2022-11-22,79.709228515625,3804100
2022-11-23,79.94034576416016,4961400
2022-11-25,80.81149291992188,2450100
2022-11-28,79.90479278564453,6147700
2022-11-29,80.96260833740234,5307100
2022-11-30,82.7315444946289,10520600
2022-12-01,82.66931915283203,7310400
2022-12-02,81.86930847167969,5197800
2022-12-05,79.83366394042969,8272500
2022-12-06,77.78917694091797,10424700
2022-12-07,77.584716796875,7066700
2022-12-08,78.83808898925781,6141400
2022-12-09,79.53145599365234,6488300
2022-12-12,80.99816131591797,7496200
2022-12-13,82.41152954101562,10330500
2022-12-14,80.44702911376953,7704600
2022-12-15,78.0380630493164,8795200
2022-12-16,77.21135711669922,17262000
2022-12-19,76.04688262939453,5129600
2022-12-20,75.70021057128906,5206800
2022-12-21,77.22025299072266,5422400
2022-12-22,76.77578735351562,5635200
2022-12-23,76.54468536376953,3316100
2022-12-27,75.61131286621094,7064700
2022-12-28,75.07796478271484,3714900
2022-12-29,75.77130126953125,3461700
2022-12-30,75.57575225830078,4455600
2023-01-03,76.197998046875,5108900
2023-01-04,77.02470397949219,7726800
2023-01-05,76.37579345703125,5339900
2023-01-06,77.83360290527344,5710900
2023-01-09,77.90472412109375,5039700
2023-01-10,79.04253387451172,4536600
2023-01-11,79.49589538574219,6122600
2023-01-12,80.47368621826172,7895600
2023-01-13,81.4781723022461,8414600
2023-01-17,86.2961196899414,27914300
2023-01-18,85.85163879394531,14134800
2023-01-19,83.69156646728516,13457100
2023-01-20,85.5494155883789,10785000
2023-01-23,86.34054565429688,8735300
2023-01-24,84.90049743652344,4801600
2023-01-25,85.01605987548828,5891000
2023-01-26,85.78053283691406,6085100
2023-01-27,86.10054016113281,7990800
2023-01-30,85.98853302001953,5870100
2023-01-31,87.21617126464844,7182100
2023-02-01,87.98680877685547,9815200
2023-02-02,88.90080261230469,11118900
2023-02-03,89.09795379638672,6948600
2023-02-06,88.62303161621094,4737700
2023-02-07,88.90978240966797,5060700
2023-02-08,88.67678833007812,4705200
2023-02-09,87.8613510131836,4983800
2023-02-10,88.2108154296875,5224900
2023-02-13,89.09795379638672,4910300
2023-02-14,90.11053466796875,7679500
2023-02-15,90.35248565673828,6464200
2023-02-16,89.2234115600586,6051800
2023-02-17,89.1696548461914,8133000
2023-02-21,87.47602844238281,6556000
2023-02-22,87.16240692138672,5072400
2023-02-23,87.7627944946289,5916100
2023-02-24,87.54772186279297,5414200
2023-02-27,86.65161895751953,5645000
2023-02-28,86.472412109375,6745300
2023-03-01,86.19464874267578,5429600
2023-03-02,86.0960693359375,4632400
2023-03-03,88.11225128173828,6504000
2023-03-06,88.15705108642578,5215200
2023-03-07,86.07813262939453,5461400
2023-03-08,85.93476104736328,4121300
2023-03-09,82.61922454833984,9162400
2023-03-10,80.69264221191406,16206500
2023-03-13,78.84673309326172,15175400
2023-03-14,80.62096405029297,11089300
2023-03-15,76.51689147949219,14814000
2023-03-16,77.96854400634766,15342400
2023-03-17,75.4326171875,19935800
2023-03-20,76.74091339111328,8649800
2023-03-21,79.53668975830078,8905600
2023-03-22,78.45244598388672,7299300
2023-03-23,76.92012786865234,9373000
2023-03-24,75.22650909423828,10978700
2023-03-27,75.8448257446289,6626900
2023-03-28,76.05989074707031,5209900
2023-03-29,77.27855682373047,4873500
2023-03-30,77.16207122802734,4113700
2023-03-31,78.67646789550781,6142400
2023-04-03,78.10297393798828,7728400
2023-04-04,76.00611877441406,6222800
2023-04-05,75.11001586914062,6045400
2023-04-06,75.44158935546875,3877800
2023-04-10,75.27132415771484,6185800
2023-04-11,76.24805450439453,5582100
2023-04-12,76.58856201171875,4641800
2023-04-13,76.78572082519531,5086000
2023-04-14,77.69972229003906,7865900
2023-04-17,80.01162719726562,8876900
2023-04-18,80.5134506225586,10227600
2023-04-19,81.05108642578125,13886200
2023-04-20,81.03316497802734,6776000
2023-04-21,81.65147399902344,6531000
2023-04-24,80.82705688476562,5004400
2023-04-25,78.90943908691406,5806700
2023-04-26,79.24995422363281,6429100
2023-04-27,80.8808364868164,6375800
2023-04-28,81.31918334960938,6374500
2023-05-01,79.47535705566406,7745400
2023-05-02,77.99303436279297,6319100
2023-05-03,76.60111236572266,6546500
2023-05-04,74.66687774658203,10359200
2023-05-05,76.71862030029297,8288000
2023-05-08,76.31188201904297,5825300
2023-05-09,76.25765228271484,4381400
2023-05-10,75.67013549804688,4884900
2023-05-11,74.6849594116211,6717800
2023-05-12,74.46803283691406,5208900
2023-05-15,74.97418212890625,5032100
2023-05-16,73.98898315429688,6862900
2023-05-17,75.8418960571289,8216700
2023-05-18,76.3661117553711,5367700
2023-05-19,74.33245086669922,11183600
2023-05-22,74.35955810546875,5520000
2023-05-23,74.69400024414062,5521200
2023-05-24,73.41053009033203,6827800
2023-05-25,75.0193862915039,6962700
2023-05-26,75.83284759521484,7411600
2023-05-30,75.39899444580078,5876800
2023-05-31,73.89861297607422,9559200
2023-06-01,74.17879486083984,6857500
2023-06-02,76.23957061767578,6218500
2023-06-05,75.68821716308594,6631900
2023-06-06,77.60438537597656,6903900
2023-06-07,78.18284606933594,7410800
2023-06-08,78.01112365722656,6795900
2023-06-09,77.92073059082031,6282600
2023-06-12,79.032470703125,7053500
2023-06-13,79.79170989990234,6089200
2023-06-14,79.52053833007812,5772500
2023-06-15,80.48766326904297,8603200
2023-06-16,79.61995697021484,13153100
2023-06-20,78.39073944091797,7382000
2023-06-21,78.0382308959961,6343100
2023-06-22,76.37515258789062,6214600
2023-06-23,75.54362487792969,10026600
2023-06-26,75.55264282226562,6377400
2023-06-27,76.31188201904297,6639900
2023-06-28,75.91419219970703,4781600
2023-06-29,77.04398345947266,9066500
2023-06-30,77.18861389160156,6191700
2023-07-03,78.10150909423828,5839300
2023-07-05,77.65863037109375,6734300
2023-07-06,75.31764221191406,8546800
2023-07-07,75.34477233886719,8217700
2023-07-10,75.38091278076172,6141200
2023-07-11,76.79093170166016,11053100
2023-07-12,77.52303314208984,8602300
2023-07-13,77.92073059082031,6026500
2023-07-14,77.5320816040039,7732700
2023-07-17,78.06534576416016,7911800
2023-07-18,83.09977722167969,21630800
2023-07-19,84.20248413085938,12004300
2023-07-20,84.78093719482422,9541800
2023-07-21,84.97074890136719,6298600
2023-07-24,85.56729125976562,7259800
2023-07-25,85.34132385253906,7760100
2023-07-26,84.5459213256836,7201100
2023-07-27,83.8319091796875,8427800
2023-07-28,83.53087615966797,5798400
2023-07-31,83.5217514038086,5242900
2023-08-01,82.95616912841797,4468500
2023-08-02,81.4783935546875,6407400
2023-08-03,81.31420135498047,5137700
2023-08-04,80.99493408203125,6191700
2023-08-07,81.25946044921875,4663300
2023-08-08,80.70303344726562,6921200
2023-08-09,79.87290954589844,5200500
2023-08-10,79.94588470458984,4250100
2023-08-11,80.00061798095703,3922300
2023-08-14,79.66310119628906,3637500
2023-08-15,78.5958251953125,9308700
2023-08-16,78.44075775146484,5746300
2023-08-17,78.25830841064453,7611200
2023-08-18,77.43732452392578,6650000
2023-08-21,76.85350799560547,5385300
2023-08-22,75.69499206542969,6002300
2023-08-23,76.06900787353516,5878600
2023-08-24,76.11463165283203,5023000
2023-08-25,75.9139404296875,5461400
2023-08-28,76.97209167480469,6439700
2023-08-29,78.03937530517578,6212300
2023-08-30,77.77483367919922,5051800
2023-08-31,77.67448425292969,5581200
2023-09-01,78.2218246459961,4981800
2023-09-05,77.3917007446289,4919400
2023-09-06,76.77140808105469,5384000
2023-09-07,76.47950744628906,5504200
2023-09-08,77.46467590332031,6127600
2023-09-11,76.17845916748047,7780900
2023-09-12,78.03937530517578,8942600
2023-09-13,79.59013366699219,10617400
2023-09-14,81.2503433227539,8109600
2023-09-15,80.64828491210938,17629500
2023-09-18,80.92195129394531,5501900
2023-09-19,80.73950958251953,5769000
2023-09-20,79.48978424072266,5268200
2023-09-21,77.42820739746094,6933900
2023-09-22,75.977783203125,7420600
2023-09-25,75.74061584472656,4748800
2023-09-26,74.95610809326172,5557000
2023-09-27,74.48176574707031,5708200
2023-09-28,74.97434997558594,5665400
2023-09-29,74.50000762939453,6830500
2023-10-02,73.35063171386719,6722200
2023-10-03,71.17044830322266,7526800
2023-10-04,72.14652252197266,6848700
2023-10-05,72.20123291015625,5589300
2023-10-06,73.27764129638672,6306400
2023-10-09,72.89453125,5125000
2023-10-10,73.09521484375,6245400
2023-10-11,71.97319030761719,8928700
2023-10-12,70.9788818359375,11654600
2023-10-13,70.96065521240234,6442800
2023-10-16,71.81812286376953,7901500
2023-10-17,73.27764129638672,12324800
2023-10-18,68.30609893798828,34732300
2023-10-19,66.51818084716797,17486100
2023-10-20,66.70974731445312,11270600
2023-10-23,65.40528869628906,12847100
2023-10-24,65.277587890625,9265500
2023-10-25,65.13164520263672,8461700
2023-10-26,65.74282836914062,10903200
2023-10-27,64.21942901611328,11099100
2023-10-30,65.17970275878906,9769600
2023-10-31,65.39208221435547,8949000
2023-11-01,65.51211547851562,9429000
2023-11-02,67.8297348022461,11638000
2023-11-03,70.41515350341797,14951100
2023-11-06,70.1011962890625,8140300
2023-11-07,69.7226333618164,7657700
2023-11-08,70.14736938476562,8075200
2023-11-09,68.50379943847656,9497200
2023-11-10,69.55643463134766,8924000
2023-11-13,69.28865051269531,4868400
2023-11-14,72.30803680419922,12287700
2023-11-15,73.5730209350586,9841600
2023-11-16,73.55457305908203,6757600
2023-11-17,74.12703704833984,6080700
2023-11-20,73.59149169921875,7644600
2023-11-21,72.45578002929688,7394800
2023-11-22,72.47422790527344,4265400
2023-11-24,72.6219711303711,2398000
2023-11-27,71.97561645507812,5237800
2023-11-28,70.98762512207031,9197900
2023-11-29,72.5296401977539,7420700
2023-11-30,73.25907897949219,8480500
2023-12-01,74.6902847290039,9617100
2023-12-04,74.98576354980469,6713800
2023-12-05,74.02548217773438,6103200
2023-12-06,73.32372283935547,7321800
2023-12-07,74.1916732788086,5430400
2023-12-08,75.97374725341797,10343400
2023-12-11,76.47236633300781,6378100
2023-12-12,77.19257354736328,7395300
2023-12-13,79.06698608398438,10144600
2023-12-14,84.06236267089844,19849500
2023-12-15,84.56095886230469,16905700
2023-12-18,83.80381774902344,9145500
2023-12-19,84.87490844726562,8114900
2023-12-20,84.15469360351562,10467000
2023-12-21,85.53048706054688,7748000
2023-12-22,85.32736206054688,5800800
2023-12-26,85.72439575195312,2726200
2023-12-27,86.4815444946289,4073200
2023-12-28,86.46308135986328,4089500
2023-12-29,86.10295867919922,4772100
2024-01-02,86.70315551757812,6132200
2024-01-03,84.86566925048828,7487900
2024-01-04,85.08727264404297,8735600
2024-01-05,86.09373474121094,6027800
2024-01-08,86.3430404663086,6738400
2024-01-09,85.00415802001953,7594100
2024-01-10,84.46864318847656,6929200
2024-01-11,83.57298278808594,9400700
2024-01-12,82.82505798339844,8303100
2024-01-16,79.38094329833984,20369000
2024-01-17,77.94050598144531,17198500
2024-01-18,77.46958923339844,15016400
2024-01-19,78.79920959472656,14787400
2024-01-22,79.15933227539062,11626500
2024-01-23,80.09192657470703,8555700
2024-01-24,80.8582992553711,12480900
2024-01-25,81.27381896972656,8792400
2024-01-26,81.00605010986328,6384400
2024-01-29,80.90447998046875,7440300
2024-01-30,81.69702911376953,6569300
2024-01-31,81.34268951416016,8414700
2024-02-01,80.95108795166016,8365000
2024-02-02,81.37068176269531,7728600
2024-02-05,80.08393859863281,7788700
2024-02-06,80.27976989746094,7335500
2024-02-07,80.1865234375,4952200
2024-02-08,79.86016845703125,6218200
2024-02-09,80.08393859863281,5664500
2024-02-12,80.9977035522461,7888000
2024-02-13,78.29373931884766,11339400
2024-02-14,78.32171630859375,5973700
2024-02-15,79.87882995605469,7993500
2024-02-16,80.65272521972656,9673900
2024-02-20,79.58045196533203,6626400
2024-02-21,79.68301391601562,6444000
2024-02-22,80.0466537475586,6782100
2024-02-23,80.69934844970703,5810100
2024-02-26,79.87882995605469,5608100
2024-02-27,79.71098327636719,8066700
2024-02-28,80.23314666748047,5624100
2024-02-29,80.22381591796875,7657100
2024-03-01,80.63408660888672,5523700
2024-03-04,83.95342254638672,19876000
2024-03-05,83.10494232177734,13883600
2024-03-06,79.86951446533203,25614600
2024-03-07,80.31706237792969,9145700
2024-03-08,81.15621948242188,9689300
2024-03-11,81.06298065185547,4737200
2024-03-12,81.1655502319336,5110900
2024-03-13,83.31005859375,10345800
2024-03-14,83.07697296142578,9235300
2024-03-15,82.4056396484375,20363000
2024-03-18,82.01403045654297,5960000
2024-03-19,82.44293212890625,8546400
2024-03-20,85.17487335205078,10811700
2024-03-21,87.08628845214844,13659900
2024-03-22,85.73430633544922,5909300
2024-03-25,84.97907257080078,3670400
2024-03-26,85.10961151123047,4211900
2024-03-27,87.17953491210938,6394500
2024-03-28,87.794921875,6707700
2024-04-01,87.20750427246094,3416000
2024-04-02,86.44293212890625,5245400
2024-04-03,86.71333312988281,4821100
2024-04-04,86.04199981689453,5466100
2024-04-05,86.21914672851562,4654800
2024-04-08,86.90912628173828,4601900
2024-04-09,87.72032928466797,4951600
2024-04-10,85.45458984375,5994200
2024-04-11,80.96973419189453,24631800
2024-04-12,80.36368560791016,12789800
2024-04-15,81.1095962524414,9553900
2024-04-16,83.11427307128906,18291600
2024-04-17,83.99072265625,9544600
2024-04-18,84.1585464477539,6752000
2024-04-19,84.5315170288086,8143000
2024-04-22,85.8648452758789,7294400
2024-04-23,87.42195129394531,6393900
2024-04-24,87.5058822631836,5100900
2024-04-25,86.30307006835938,6770600
2024-04-26,86.55482482910156,4606100
2024-04-29,86.67716979980469,4416100
2024-04-30,85.48204803466797,5860000
2024-05-01,86.14078521728516,4713600
2024-05-02,87.18531799316406,4449200
2024-05-03,88.1169204711914,5043500
2024-05-06,89.19908905029297,5105100
2024-05-07,90.1401138305664,7418000
2024-05-08,89.99895477294922,4662600
2024-05-09,92.3232650756836,6766700
2024-05-10,92.48323059082031,6118400
2024-05-13,92.74671936035156,5379000
2024-05-14,93.51834869384766,6216600
2024-05-15,94.59112548828125,6938500
2024-05-16,93.7065658569336,4339300
2024-05-17,94.30880737304688,4690800
2024-05-20,94.41232299804688,5690200
2024-05-21,95.54154205322266,8337100
2024-05-22,94.79813385009766,5194300
2024-05-23,93.08549499511719,5594500
2024-05-24,93.13255310058594,3550500
2024-05-28,92.8502426147461,5541600
2024-05-29,91.53280639648438,4679600
2024-05-30,91.49517822265625,4548800
2024-05-31,92.06918334960938,7155500
2024-06-03,91.66455841064453,5671200
2024-06-04,90.88350677490234,5409600
2024-06-05,90.95879364013672,4499700
2024-06-06,91.13758850097656,4741200
2024-06-07,91.41048431396484,4018400
2024-06-10,90.70470428466797,4566000
2024-06-11,89.80133056640625,5330000
2024-06-12,90.00835418701172,5435700
2024-06-13,89.59432220458984,3955900
2024-06-14,89.8672103881836,3406600
2024-06-17,91.31637573242188,4874100
2024-06-18,91.81512451171875,4558400
2024-06-20,91.6927719116211,3956800
2024-06-21,90.48828125,10785300
2024-06-24,91.37283325195312,8418200
2024-06-25,92.03155517578125,7439700
2024-06-26,91.17522430419922,6514200
2024-06-27,90.12127685546875,5437800
2024-06-28,91.45753479003906,9058800
2024-07-01,93.31134033203125,7420600
2024-07-02,93.77243041992188,5570900
2024-07-03,94.28999328613281,3112000
2024-07-05,93.71597290039062,3633200
2024-07-08,94.65699005126953,3884400
2024-07-09,96.55785369873047,7113600
2024-07-10,97.35771179199219,5619000
2024-07-11,98.46810150146484,7761000
2024-07-12,97.9505615234375,7060600
2024-07-15,99.0515365600586,10093900
2024-07-16,99.95492553710938,16716400
2024-07-17,100.65127563476562,11412000
2024-07-18,98.6280746459961,9130700
2024-07-19,96.06851196289062,12555900
2024-07-22,96.39788055419922,8931200
2024-07-23,97.39535522460938,7400600
2024-07-24,95.95559692382812,7967400
2024-07-25,97.45181274414062,5582300
2024-07-26,98.0446548461914,6599600
2024-07-29,96.43551635742188,5183400
2024-07-30,97.6400146484375,6225500
2024-07-31,97.9960708618164,5444600
2024-08-01,96.61931610107422,5678100
2024-08-02,91.00788879394531,11120700
2024-08-05,87.41883850097656,9659500
2024-08-06,88.27339172363281,6068300
2024-08-07,87.45682525634766,7215700
2024-08-08,89.84951782226562,6592300
2024-08-09,89.93496704101562,3542600
2024-08-12,90.04889678955078,4196300
2024-08-13,91.82444763183594,5941500
2024-08-14,94.4165267944336,10161700
2024-08-15,95.555908203125,5885100
2024-08-16,96.31549072265625,4159700
2024-08-19,96.60982513427734,4070500
2024-08-20,95.68883514404297,3396900
2024-08-21,95.60338592529297,3576000
2024-08-22,95.47994232177734,2777300
2024-08-23,96.74275970458984,3814800
2024-08-26,97.16053009033203,2679000
2024-08-27,96.92316436767578,2537200
2024-08-28,97.03709411621094,2836800
2024-08-29,97.4168930053711,3325600
2024-08-30,98.37586975097656,4951400
2024-09-03,94.25511169433594,6634000
2024-09-04,95.09065246582031,4212500
2024-09-05,94.53046417236328,4462400
2024-09-06,91.71049499511719,9246800
2024-09-09,93.22017669677734,5281500
2024-09-10,91.73897552490234,7798600
2024-09-11,92.1282730102539,6764100
2024-09-12,91.75796508789062,4751200
2024-09-13,93.28662872314453,5354800
2024-09-16,95.03368377685547,4467200
2024-09-17,94.79631042480469,4748600
2024-09-18,94.28359985351562,5195900
2024-09-19,95.64136505126953,9091900
2024-09-20,97.29346466064453,14513400
2024-09-23,97.29346466064453,3962400
2024-09-24,97.39790344238281,4749700
2024-09-25,97.17001342773438,3825100
2024-09-26,99.31584930419922,5183000
2024-09-27,98.8506088256836,3113300
2024-09-30,98.97404479980469,3378600
2024-10-01,99.14495086669922,5437400
2024-10-02,99.2398910522461,3293600
2024-10-03,99.2873764038086,4587200
2024-10-04,102.4301528930664,5608900
2024-10-07,102.20228576660156,4439900
2024-10-08,102.05986785888672,3679400
2024-10-09,103.53155517578125,4445800
2024-10-10,102.62005615234375,4065500
2024-10-11,104.87981414794922,5826200
2024-10-14,106.60787963867188,7179300
2024-10-15,106.55091094970703,8925200
2024-10-16,113.4726333618164,21458500
2024-10-17,113.40618133544922,9357200
2024-10-18,114.9443359375,6852900
2024-10-21,112.30477142333984,7469100
2024-10-22,112.34275817871094,4429600
2024-10-23,112.30477142333984,5661600
2024-10-24,113.1498031616211,5611800
2024-10-25,110.97550201416016,7271700
2024-10-28,113.11182403564453,5994000
2024-10-29,113.27325439453125,4622200
2024-10-30,111.96296691894531,5673000
2024-10-31,111.25,5374600
2024-11-01,111.82420349121094,4372100
2024-11-04,111.14472961425781,4366300
2024-11-05,112.74290466308594,4798400
2024-11-06,125.83452606201172,22798700
2024-11-07,122.91569519042969,7780000
2024-11-08,123.95883178710938,6979300
2024-11-11,127.7771987915039,6861300
2024-11-12,126.6192626953125,5683300
2024-11-13,127.04988861083984,6134800
2024-11-14,126.73410034179688,7344200
2024-11-15,128.2939910888672,7281900
2024-11-18,128.02603149414062,6434100
2024-11-19,126.5522689819336,7244800
2024-11-20,126.02592468261719,5125600
2024-11-21,129.18399047851562,5547400
2024-11-22,128.89688110351562,6334100
2024-11-25,127.91120147705078,8012300
2024-11-26,125.63355255126953,8817300
2024-11-27,125.56658172607422,5507800
2024-11-29,125.94937133789062,4068200
2024-12-02,125.39430236816406,5512100
2024-12-03,124.8296890258789,4791300
2024-12-04,124.3990478515625,6203700
2024-12-05,124.71485900878906,4991900
2024-12-06,124.37033081054688,5013200
2024-12-09,123.04969024658203,7753900
2024-12-10,121.33667755126953,6551300
2024-12-11,122.1022720336914,8835400
2024-12-12,122.40850067138672,3610500
2024-12-13,121.92044067382812,6091500
2024-12-16,123.48033905029297,5659700
2024-12-17,122.24581909179688,7141400
2024-12-18,115.833984375,7858800
2024-12-19,115.31721496582031,8632400
2024-12-20,118.13076782226562,14884000
2024-12-23,119.09732055664062,5074100
2024-12-24,121.59506225585938,2902800
2024-12-26,122.52334594726562,3013500
2024-12-27,121.3079605102539,3088100
2024-12-30,120.3414077758789,2637900
2024-12-31,120.31269836425781,2970000
