date,close,volume
2014-01-02,30.694435119628906,30632200
2014-01-03,30.487947463989258,31134800
2014-01-06,29.843650817871094,43603700
2014-01-07,30.074939727783203,35802800
2014-01-08,29.538026809692383,59971700
2014-01-09,29.348051071166992,36516300
2014-01-10,29.769306182861328,40548800
2014-01-13,28.893749237060547,45901900
2014-01-14,29.55455207824707,41623300
2014-01-15,30.36404037475586,44812600
2014-01-16,30.47142219543457,38018700
2014-01-17,30.050167083740234,46267500
2014-01-21,29.87668228149414,31567300
2014-01-22,29.678457260131836,21904300
2014-01-23,29.78583335876465,43954000
2014-01-24,30.40534019470215,76395500
2014-01-27,29.761049270629883,44420800
2014-01-28,29.959300994873047,36205500
2014-01-29,30.281429290771484,52745900
2014-01-30,30.446630477905273,35036300
2014-01-31,31.256132125854492,93162300
2014-02-03,30.13274383544922,64063100
2014-02-04,30.02537727355957,54697900
2014-02-05,29.58759880065918,55814400
2014-02-06,29.88494110107422,35351800
2014-02-07,30.198835372924805,33260500
2014-02-10,30.39708137512207,26767000
2014-02-11,30.70270347595215,32141400
2014-02-12,30.95050811767578,27051800
2014-02-13,31.06614875793457,37635500
2014-02-14,31.07440948486328,31407500
2014-02-18,31.14098358154297,32834000
2014-02-19,31.21588134765625,29750400
2014-02-20,31.41560935974121,27526100
2014-02-21,31.607006072998047,38021300
2014-02-24,31.36567497253418,32085100
2014-02-25,31.240848541259766,30736500
2014-02-26,31.182594299316406,41041800
2014-02-27,31.507143020629883,33903400
2014-02-28,31.88163948059082,41215000
2014-03-03,31.44056510925293,29717500
2014-03-04,31.964853286743164,26802400
2014-03-05,31.7152099609375,20520100
2014-03-06,31.748491287231445,23582200
2014-03-07,31.540435791015625,26591600
2014-03-10,31.47386360168457,19006600
2014-03-11,31.64030647277832,25216400
2014-03-12,31.848358154296875,30494100
2014-03-13,31.532121658325195,32169700
2014-03-14,31.373998641967773,27195600
2014-03-17,31.665260314941406,20479600
2014-03-18,32.91357421875,64063900
2014-03-19,32.680545806884766,35597200
2014-03-20,33.56267166137695,59269800
2014-03-21,33.42121124267578,80721800
2014-03-24,33.70416259765625,46098400
2014-03-25,33.571006774902344,43193100
2014-03-26,33.11330032348633,41977500
2014-03-27,32.75545120239258,35369200
2014-03-28,33.537715911865234,43472700
2014-03-31,34.11193084716797,46886300
2014-04-01,34.469764709472656,32605000
2014-04-02,34.41152572631836,28666700
2014-04-03,34.12858200073242,30139600
2014-04-04,33.17986297607422,51409600
2014-04-07,33.12161636352539,37559600
2014-04-08,33.13825607299805,35918600
2014-04-09,33.67920684814453,27398700
2014-04-10,32.75545120239258,45960800
2014-04-11,32.630619049072266,34330200
2014-04-14,32.605648040771484,32006600
2014-04-15,33.080013275146484,33968700
2014-04-16,33.620948791503906,30615800
2014-04-17,33.29636764526367,36688400
2014-04-21,33.238121032714844,22221200
2014-04-22,33.27975082397461,27056700
2014-04-23,33.03007125854492,24602800
2014-04-24,33.17155838012695,42381600
2014-04-25,33.21315002441406,56876800
2014-04-28,34.012081146240234,50610200
2014-04-29,33.71248245239258,29636200
2014-04-30,33.620948791503906,35458700
2014-05-01,33.288047790527344,28787400
2014-05-02,33.03007125854492,43416600
2014-05-05,32.8137092590332,22460900
2014-05-06,32.50579071044922,27112400
2014-05-07,32.80538558959961,41744500
2014-05-08,32.98847198486328,32120400
2014-05-09,32.905250549316406,29647600
2014-05-12,33.26311111450195,22782600
2014-05-13,33.8748779296875,27004800
2014-05-14,33.724037170410156,18818700
2014-05-15,33.18766403198242,37793200
2014-05-16,33.38042449951172,29867100
2014-05-19,33.31338119506836,24537400
2014-05-20,33.25469970703125,21320900
2014-05-21,33.81621170043945,22398700
2014-05-22,33.60670852661133,20201800
2014-05-23,33.62345504760742,18020000
2014-05-27,33.682125091552734,26160600
2014-05-28,33.53126525878906,25711500
2014-05-29,33.80784606933594,19888200
2014-05-30,34.31068420410156,34567600
2014-06-02,34.184967041015625,18504300
2014-06-03,33.765933990478516,18068900
2014-06-04,33.79107666015625,23209000
2014-06-05,34.536964416503906,31865200
2014-06-06,34.763240814208984,24060500
2014-06-09,34.58723831176758,15019200
2014-06-10,34.453155517578125,15117700
2014-06-11,34.243656158447266,18040000
2014-06-12,34.00898742675781,29818900
2014-06-13,34.5537223815918,26310000
2014-06-16,34.779998779296875,24205300
2014-06-17,34.93086242675781,22518600
2014-06-18,34.90571975708008,27097000
2014-06-19,34.78838348388672,19828200
2014-06-20,34.93086242675781,47764900
2014-06-23,35.19066619873047,18743900
2014-06-24,34.9895133972168,26509100
2014-06-25,35.22418975830078,20049100
2014-06-26,34.964385986328125,23604400
2014-06-27,35.408565521240234,74640000
2014-06-30,34.947628021240234,30793100
2014-07-01,35.09009552001953,26917000
2014-07-02,35.115230560302734,20208100
2014-07-03,35.03143310546875,15969300
2014-07-07,35.19066619873047,21952400
2014-07-08,35.014671325683594,31218200
2014-07-09,34.9224739074707,18445900
2014-07-10,34.939231872558594,21854700
2014-07-11,35.27446365356445,24083000
2014-07-14,35.31636047363281,21881100
2014-07-15,35.5761833190918,28748700
2014-07-16,36.94222640991211,63318000
2014-07-17,37.319366455078125,82180300
2014-07-18,37.453453063964844,43407500
2014-07-21,37.579166412353516,37604400
2014-07-22,37.57078170776367,43095800
2014-07-23,37.60432052612305,52362900
2014-07-24,37.210418701171875,30725300
2014-07-25,37.294219970703125,26737700
2014-07-28,36.85005187988281,29684200
2014-07-29,36.783016204833984,27763100
2014-07-30,36.523193359375,31921400
2014-07-31,36.171199798583984,31537500
2014-08-01,35.919776916503906,31170300
2014-08-04,36.347198486328125,34277400
2014-08-05,36.104164123535156,26266400
2014-08-06,35.8192253112793,24634000
2014-08-07,36.229881286621094,30314900
2014-08-08,36.20473098754883,28942700
2014-08-11,36.20473098754883,20351600
2014-08-12,36.472896575927734,21431100
2014-08-13,36.94222640991211,22889500
2014-08-14,37.101470947265625,19313200
2014-08-15,37.537261962890625,41611300
2014-08-18,37.805458068847656,26891100
2014-08-19,38.227108001708984,28139500
2014-08-20,37.90663146972656,24770500
2014-08-21,38.134342193603516,22285500
2014-08-22,38.07530975341797,18294500
2014-08-25,38.09217071533203,16910000
2014-08-26,37.95723342895508,14873100
2014-08-27,37.83917999267578,21287900
2014-08-28,37.84761428833008,17657600
2014-08-29,38.311431884765625,21607600
2014-09-02,38.02470779418945,22976800
2014-09-03,37.91508102416992,33684500
2014-09-04,38.1680793762207,26475500
2014-09-05,38.71623611450195,36939400
2014-09-08,39.1884765625,45736700
2014-09-09,39.43303298950195,40302400
2014-09-10,39.500492095947266,27302400
2014-09-11,39.63542556762695,29216400
2014-09-12,39.382423400878906,38244700
2014-09-15,38.994510650634766,37667600
2014-09-16,39.43303298950195,27910600
2014-09-17,39.23063278198242,38311900
2014-09-18,39.36555862426758,35556600
2014-09-19,40.073944091796875,202522400
2014-09-22,39.68602752685547,38686100
2014-09-23,39.264381408691406,33430300
2014-09-24,39.7028923034668,26582700
2014-09-25,38.82585144042969,33077400
2014-09-26,39.13786697387695,27078800
2014-09-29,39.163169860839844,26091000
2014-09-30,39.09571838378906,33033100
2014-10-01,38.70778274536133,38088400
2014-10-02,38.5897216796875,25119400
2014-10-03,38.868011474609375,32453200
2014-10-06,38.868011474609375,20604000
2014-10-07,38.395755767822266,25723700
2014-10-08,39.44990921020508,33031000
2014-10-09,38.66563034057617,34422800
2014-10-10,37.130802154541016,51978100
2014-10-13,36.81033706665039,37100200
2014-10-14,36.8778076171875,38115700
2014-10-15,36.44771957397461,60218700
2014-10-16,36.042945861816406,49040400
2014-10-17,36.793487548828125,40683300
2014-10-20,37.172969818115234,34527900
2014-10-21,37.84761428833008,36433800
2014-10-22,37.42596435546875,33570900
2014-10-23,37.96566390991211,45451900
2014-10-24,38.90174865722656,61076700
2014-10-27,38.71623611450195,30371300
2014-10-28,39.20534133911133,29049800
2014-10-29,39.314971923828125,30276100
2014-10-30,38.83428955078125,30073900
2014-10-31,39.5932502746582,35849700
2014-11-03,40.006473541259766,23130400
2014-11-04,40.11610794067383,21530800
2014-11-05,40.36067199707031,22449600
2014-11-06,41.06904983520508,33037800
2014-11-07,41.052181243896484,28000600
2014-11-10,41.22926712036133,36370100
2014-11-11,41.212398529052734,23445200
2014-11-12,41.136512756347656,22722100
2014-11-13,41.836463928222656,26210400
2014-11-14,41.8111686706543,29081700
2014-11-17,41.70996856689453,30318600
2014-11-18,41.36203384399414,23995500
2014-11-19,40.920738220214844,26177500
2014-11-20,41.32808303833008,21510600
2014-11-21,40.71706008911133,42884800
2014-11-24,40.38610076904297,35434200
2014-11-25,40.284271240234375,28008000
2014-11-26,40.52189254760742,27163600
2014-11-28,40.57280349731445,21534400
2014-12-01,41.26018142700195,31191600
2014-12-02,41.12439727783203,25773500
2014-12-03,40.80192565917969,23534800
2014-12-04,41.446895599365234,30320400
2014-12-05,41.09046173095703,27313400
2014-12-08,40.47944641113281,26663100
2014-12-09,40.38610076904297,24330500
2014-12-10,39.800559997558594,30431800
2014-12-11,40.02968215942383,29060400
2014-12-12,39.84296798706055,34248400
2014-12-15,39.60536193847656,29247800
2014-12-16,38.323944091796875,47801400
2014-12-17,38.816139221191406,34970900
2014-12-18,40.32670211791992,40105600
2014-12-19,40.445499420166016,64551200
2014-12-22,40.71706008911133,26566000
2014-12-23,41.11592483520508,23648100
2014-12-24,40.85285186767578,11437800
2014-12-26,40.6321907043457,13197800
2014-12-29,40.26728439331055,14439500
2014-12-30,39.90238952636719,16384700
2014-12-31,39.418663024902344,21552500
2015-01-02,39.681739807128906,27913900
2015-01-05,39.316829681396484,39673900
2015-01-06,38.739776611328125,36447900
2015-01-07,39.23196792602539,29114100
2015-01-08,40.38610076904297,29645200
2015-01-09,40.04665756225586,23944200
2015-01-12,39.545963287353516,23651900
2015-01-13,39.34229278564453,35270600
2015-01-14,39.002838134765625,29719600
2015-01-15,38.59551239013672,32750800
2015-01-16,39.240455627441406,35695300
2015-01-20,39.36774826049805,36161900
2015-01-21,38.96889877319336,39081100
2015-01-22,39.99573516845703,35898000
2015-01-23,40.03814697265625,26211600
2015-01-26,39.89390563964844,42525500
2015-01-27,36.20237731933594,169164000
2015-01-28,34.95488739013672,84507100
2015-01-29,35.650779724121094,63585300
2015-01-30,34.28449249267578,78004900
2015-02-02,35.031272888183594,50352500
2015-02-03,35.30283737182617,52082400
2015-02-04,35.506507873535156,41614800
2015-02-05,36.024166107177734,36548200
2015-02-06,35.99022674560547,34616600
2015-02-09,35.94778060913086,31381100
2015-02-10,36.15146255493164,29670700
2015-02-11,35.96475601196289,38262500
2015-02-12,36.56728744506836,33268800
2015-02-13,37.22919464111328,40264900
2015-02-17,37.24631118774414,33695700
2015-02-18,37.20357131958008,27111700
2015-02-19,37.177940368652344,27603400
2015-02-20,37.485618591308594,29721100
2015-02-23,37.733455657958984,32518800
2015-02-24,37.682186126708984,25271700
2015-02-25,37.596710205078125,29759800
2015-02-26,37.65653991699219,28957300
2015-02-27,37.47706604003906,33807700
2015-03-02,37.5026969909668,31924000
2015-03-03,36.98991394042969,31748600
2015-03-04,36.80188751220703,25748700
2015-03-05,36.84461975097656,23193500
2015-03-06,36.203617095947266,36248800
2015-03-09,36.62240219116211,32108000
2015-03-10,35.921566009521484,39159700
2015-03-11,35.87884521484375,32215300
2015-03-12,35.058372497558594,59992500
2015-03-13,35.36605453491211,58007700
2015-03-16,35.51988220214844,35273500
2015-03-17,35.63953399658203,31673400
2015-03-18,36.32326889038086,44194800
2015-03-19,36.14377975463867,33879100
2015-03-20,36.648040771484375,71904500
2015-03-23,36.630943298339844,26246100
2015-03-24,36.665130615234375,25513300
2015-03-25,35.434425354003906,43469900
2015-03-26,35.22074508666992,37495600
2015-03-27,35.01564025878906,34401400
2015-03-30,35.007083892822266,35049700
2015-03-31,34.75068664550781,34887200
2015-04-01,34.801971435546875,36865300
2015-04-02,34.434452056884766,37487500
2015-04-06,35.51132583618164,39223700
2015-04-07,35.49424743652344,28809400
2015-04-08,35.40021896362305,24753400
2015-04-09,35.451515197753906,25723900
2015-04-10,35.65663528442383,28022000
2015-04-13,35.690818786621094,30276700
2015-04-14,35.59680938720703,24244400
2015-04-15,36.11814498901367,27343600
2015-04-16,36.032676696777344,22509700
2015-04-17,35.571163177490234,42387600
2015-04-20,36.67369079589844,46057700
2015-04-21,36.442928314208984,26013800
2015-04-22,36.7420539855957,25064300
2015-04-23,37.04119110107422,46309500
2015-04-24,40.91280746459961,130933700
2015-04-27,41.049564361572266,59248200
2015-04-28,42.01533508300781,60730800
2015-04-29,41.929866790771484,47804600
2015-04-30,41.570919036865234,64725500
2015-05-01,41.588008880615234,38937300
2015-05-04,41.22904586791992,34039500
2015-05-05,40.68205642700195,50369200
2015-05-06,39.55390167236328,52433000
2015-05-07,39.91286849975586,32971700
2015-05-08,40.810245513916016,35364900
2015-05-11,40.48548126220703,24609400
2015-05-12,40.468379974365234,29928300
2015-05-13,40.70770263671875,34184600
2015-05-14,41.63928985595703,32980900
2015-05-15,41.28032302856445,28642700
2015-05-18,41.032466888427734,24136500
2015-05-19,40.92924880981445,28574800
2015-05-20,40.92924880981445,25047900
2015-05-21,40.79159927368164,22410700
2015-05-22,40.344303131103516,25720600
2015-05-26,40.07763671875,29581900
2015-05-27,40.955047607421875,27335600
2015-05-28,40.81742858886719,19283700
2015-05-29,40.30988693237305,36519600
2015-06-01,40.628173828125,28837300
2015-06-02,40.36149215698242,21498300
2015-06-03,40.30128479003906,28002200
2015-06-04,39.87977981567383,27745500
2015-06-05,39.69052505493164,25438100
2015-06-08,39.33783721923828,22121600
2015-06-09,39.26901626586914,24406100
2015-06-10,40.09483337402344,28417400
2015-06-11,39.948577880859375,27347800
2015-06-12,39.54430389404297,23931000
2015-06-15,39.122779846191406,33254500
2015-06-16,39.423858642578125,27070300
2015-06-17,39.54430389404297,28704100
2015-06-18,40.1894645690918,32658300
2015-06-19,39.65612030029297,63837000
2015-06-22,39.7679328918457,20318100
2015-06-23,39.49266815185547,25896500
2015-06-24,39.26041030883789,34890900
2015-06-25,39.26901626586914,20616000
2015-06-26,38.933536529541016,49835300
2015-06-29,38.16794967651367,34081700
2015-06-30,37.978694915771484,35945400
2015-07-01,38.23676300048828,28343900
2015-07-02,38.193748474121094,21752000
2015-07-06,38.18513870239258,23034000
2015-07-07,38.107723236083984,36435800
2015-07-08,38.05612564086914,39785900
2015-07-09,38.296974182128906,32424700
2015-07-10,38.374393463134766,25465800
2015-07-13,39.174407958984375,28178300
2015-07-14,39.243221282958984,22880300
2015-07-15,39.36363983154297,26629600
2015-07-16,40.13783645629883,26271700
2015-07-17,40.10343933105469,29467100
2015-07-20,40.36149215698242,30631900
2015-07-21,40.671165466308594,42781900
2015-07-22,39.174407958984375,59152400
2015-07-23,39.664730072021484,33934000
2015-07-24,39.51848220825195,32333200
2015-07-27,39.010955810546875,39701400
2015-07-28,39.002357482910156,34328900
2015-07-29,39.819557189941406,40945900
2015-07-30,40.327091217041016,39777900
2015-07-31,40.1722526550293,31201500
2015-08-03,40.26688766479492,24125900
2015-08-04,40.89482879638672,33403900
2015-08-05,40.92924880981445,26959700
2015-08-06,40.10343933105469,27368000
2015-08-07,40.20665740966797,19163000
2015-08-10,40.714195251464844,23079900
2015-08-11,39.92277145385742,29237400
2015-08-12,40.20665740966797,30181400
2015-08-13,40.19805145263672,22627200
2015-08-14,40.430320739746094,21473400
2015-08-17,40.705596923828125,21099700
2015-08-18,40.930721282958984,23574100
2015-08-19,40.35923385620117,31485500
2015-08-20,39.53664016723633,36238200
2015-08-21,37.293975830078125,70053100
2015-08-24,36.09038543701172,88753700
2015-08-25,35.042659759521484,70616600
2015-08-26,36.98225402832031,63408000
2015-08-27,38.01267623901367,50943200
2015-08-28,38.03864288330078,28246700
2015-08-31,37.683616638183594,34441700
2015-09-01,36.21160125732422,49688900
2015-09-02,37.545082092285156,37671500
2015-09-03,37.66630172729492,28285200
2015-09-04,36.89567947387695,37138800
2015-09-08,38.00400924682617,32469800
2015-09-09,37.293975830078125,33469500
2015-09-10,37.48447799682617,31366600
2015-09-11,37.648990631103516,27132500
2015-09-14,37.26798629760742,23656000
2015-09-15,38.081932067871094,28882200
2015-09-16,38.35901641845703,23372200
2015-09-17,38.315738677978516,32768200
2015-09-18,37.648990631103516,63143700
2015-09-21,38.19449234008789,26177200
2015-09-22,38.01267623901367,28085900
2015-09-23,37.98668670654297,17145200
2015-09-24,38.021331787109375,27905600
2015-09-25,38.047298431396484,29384600
2015-09-28,37.48447799682617,27613800
2015-09-29,37.614356994628906,32763600
2015-09-30,38.324378967285156,34958900
2015-10-01,38.627445220947266,28657900
2015-10-02,39.45869827270508,41839000
2015-10-05,40.37656021118164,34369300
2015-10-06,40.4804573059082,27017200
2015-10-07,40.523746490478516,27711500
2015-10-08,41.08658218383789,33772700
2015-10-09,40.792179107666016,28600600
2015-10-12,40.69694519042969,19769100
2015-10-13,40.6016731262207,19987800
2015-10-14,40.41984176635742,24697800
2015-10-15,40.705596923828125,27189400
2015-10-16,41.1385383605957,26450300
2015-10-19,41.23379135131836,29387600
2015-10-20,41.36367416381836,30802200
2015-10-21,40.8701057434082,25144300
2015-10-22,41.58878707885742,56637100
2015-10-23,45.779720306396484,135227100
2015-10-26,46.97465896606445,64633300
2015-10-27,46.489749908447266,50999900
2015-10-28,46.740840911865234,47000800
2015-10-29,46.20400619506836,30202100
2015-10-30,45.580543518066406,46619800
2015-11-02,46.10009002685547,30285000
2015-11-03,46.88806915283203,36596900
2015-11-04,47.10452651977539,37087800
2015-11-05,47.087215423583984,31468500
2015-11-06,47.554813385009766,32851200
2015-11-09,46.896724700927734,32513100
2015-11-10,46.333885192871094,55283700
2015-11-11,46.45511245727539,36516300
2015-11-12,46.169368743896484,35361100
2015-11-13,45.753726959228516,36848200
2015-11-16,46.559024810791016,32165200
2015-11-17,46.175472259521484,31551300
2015-11-18,46.94257354736328,29710000
2015-11-19,47.02103805541992,28149200
2015-11-20,47.23896408081055,37147600
2015-11-23,47.23896408081055,28235900
2015-11-24,47.29127883911133,24600000
2015-11-25,46.803104400634766,21005100
2015-11-27,47.0123176574707,9009100
2015-11-30,47.378440856933594,56241400
2015-12-01,48.1368408203125,39952800
2015-12-02,48.12813186645508,47274900
2015-12-03,47.2476921081543,38627800
2015-12-04,48.738346099853516,43963700
2015-12-07,48.65115737915039,30709800
2015-12-08,48.63375473022461,32878000
2015-12-09,47.92762756347656,36373200
2015-12-10,48.1804313659668,31775800
2015-12-11,47.125648498535156,39549500
2015-12-14,48.067115783691406,46768900
2015-12-15,48.119415283203125,39843000
2015-12-16,48.93013000488281,37503300
2015-12-17,48.55528259277344,41280900
2015-12-18,47.186668395996094,84684200
2015-12-21,47.79689025878906,37246300
2015-12-22,48.25017547607422,28322200
2015-12-23,48.659889221191406,27279800
2015-12-24,48.52912902832031,9558500
2015-12-28,48.77321243286133,22458300
2015-12-29,49.29624938964844,27731400
2015-12-30,49.087039947509766,21704500
2015-12-31,48.363502502441406,27334100
2016-01-04,47.770721435546875,53778000
2016-01-05,47.9886589050293,34079700
2016-01-06,47.11691665649414,39518900
2016-01-07,45.47808074951172,56564900
2016-01-08,45.61753845214844,48754000
2016-01-11,45.59140396118164,36943800
2016-01-12,46.009822845458984,36095500
2016-01-13,45.01606369018555,66883600
2016-01-14,46.2974967956543,52381900
2016-01-15,44.449440002441406,71820700
2016-01-19,44.0745964050293,43564500
2016-01-20,44.27509307861328,63273000
2016-01-21,44.00486755371094,40191200
2016-01-22,45.58268356323242,37555800
2016-01-25,45.146812438964844,34707700
2016-01-26,45.47808074951172,28900800
2016-01-27,44.64993667602539,36775200
2016-01-28,45.38218688964844,62513800
2016-01-29,48.023529052734375,83611700
2016-02-01,47.69226837158203,44208500
2016-02-02,46.20160675048828,56313800
2016-02-03,45.4693603515625,57559800
2016-02-04,45.32987976074219,46987100
2016-02-05,43.72590255737305,62009000
2016-02-08,43.072105407714844,59290500
2016-02-09,42.95878601074219,46740500
2016-02-10,43.333621978759766,38237000
2016-02-11,43.31618881225586,48878600
2016-02-12,44.022281646728516,34243300
2016-02-16,44.856380462646484,37291200
2016-02-17,46.02409744262695,40789000
2016-02-18,45.82215118408203,27176000
2016-02-19,45.497318267822266,33559100
2016-02-22,46.22602844238281,25008300
2016-02-23,44.935401916503906,28895300
2016-02-24,45.09344482421875,33014500
2016-02-25,45.74315643310547,26939500
2016-02-26,45.04075622558594,35975900
2016-02-29,44.67200469970703,31654000
2016-03-01,46.16457748413086,33024500
2016-03-02,46.48944091796875,29289900
2016-03-03,45.96265411376953,24427800
2016-03-04,45.68170166015625,33034200
2016-03-07,44.8036994934082,38407800
2016-03-08,45.348045349121094,33835100
2016-03-09,46.392845153808594,28251600
2016-03-10,45.69924545288086,38387800
2016-03-11,46.59479522705078,32275700
2016-03-14,46.682586669921875,24083600
2016-03-15,47.05134963989258,21104800
2016-03-16,47.71862030029297,31691700
2016-03-17,47.99079132080078,28223900
2016-03-18,46.96354675292969,67625500
2016-03-21,47.28839874267578,23925700
2016-03-22,47.47278594970703,23124100
2016-03-23,47.38497543334961,20129000
2016-03-24,47.5956916809082,19950000
2016-03-28,47.007442474365234,17025100
2016-03-29,48.03468704223633,23924300
2016-03-30,48.33320999145508,23008300
2016-03-31,48.491249084472656,26360500
2016-04-01,48.789764404296875,24399200
2016-04-04,48.666847229003906,18928800
2016-04-05,47.90299606323242,19272300
2016-04-06,48.3946647644043,21188700
2016-04-07,47.815189361572266,19225100
2016-04-08,47.78007888793945,22167200
2016-04-11,47.68349838256836,21414200
2016-04-12,47.982017517089844,24944300
2016-04-13,48.59660720825195,20818000
2016-04-14,48.60539245605469,20877100
2016-04-15,48.8599967956543,28793800
2016-04-18,49.57115936279297,23786000
2016-04-19,49.50971603393555,29596800
2016-04-20,48.807315826416016,36195700
2016-04-21,48.97415542602539,38909100
2016-04-22,45.46220016479492,126834100
2016-04-25,45.75192642211914,33226900
2016-04-26,45.16367721557617,33532600
2016-04-27,44.72467803955078,43369300
2016-04-28,43.81157684326172,43134800
2016-04-29,43.78523254394531,48411700
2016-05-02,44.434940338134766,33114500
2016-05-03,43.70621109008789,26460200
2016-05-04,43.78523254394531,24257600
2016-05-05,43.84669494628906,25390700
2016-05-06,44.241783142089844,24787300
2016-05-09,43.960838317871094,17951600
2016-05-10,44.7949104309082,22891000
2016-05-11,44.821250915527344,24039100
2016-05-12,45.225128173828125,24102800
2016-05-13,44.84760284423828,22592300
2016-05-16,45.50609588623047,20032000
2016-05-17,44.65731430053711,27803500
2016-05-18,44.92256164550781,24907500
2016-05-19,44.48933792114258,23842400
2016-05-20,44.75458908081055,23905800
2016-05-23,44.232940673828125,26118700
2016-05-24,45.61217498779297,34757900
2016-05-25,46.08076858520508,24040200
2016-05-26,45.87742233276367,24335200
2016-05-27,46.25759506225586,17721400
2016-05-31,46.858802795410156,37653100
2016-06-01,46.72618103027344,25324800
2016-06-02,46.39905548095703,22840800
2016-06-03,45.789005279541016,23368300
2016-06-06,46.08960723876953,18243300
2016-06-07,46.06309509277344,20866800
2016-06-08,46.010040283203125,21149400
2016-06-09,45.638710021972656,20305700
2016-06-10,45.51493835449219,25833200
2016-06-13,44.330196380615234,83217800
2016-06-14,44.05611801147461,42577100
2016-06-15,43.932334899902344,33757600
2016-06-16,44.55122756958008,31188600
2016-06-17,44.321346282958984,45710500
2016-06-20,44.268310546875,35607900
2016-06-21,45.258541107177734,34097800
2016-06-22,45.08171463012695,28816800
2016-06-23,45.89509582519531,29028800
2016-06-24,44.05611801147461,133503000
2016-06-27,42.818336486816406,50216300
2016-06-28,43.7113151550293,38140700
2016-06-29,44.683841705322266,31304000
2016-06-30,45.240840911865234,28527800
2016-07-01,45.23201370239258,21400400
2016-07-05,45.240840911865234,24806400
2016-07-06,45.4265251159668,28167500
2016-07-07,45.4265251159668,19585200
2016-07-08,46.23991012573242,28391000
2016-07-11,46.49630355834961,22269200
2016-07-12,47.044471740722656,27317600
2016-07-13,47.30971145629883,25356800
2016-07-14,47.5130615234375,24545500
2016-07-15,47.477684020996094,32024400
2016-07-18,47.707576751708984,31433900
2016-07-19,46.938385009765625,53336500
2016-07-20,49.4316291809082,89893300
2016-07-21,49.33435821533203,32776700
2016-07-22,50.015140533447266,32157200
2016-07-25,50.1566047668457,25610600
2016-07-26,50.18312072753906,28079000
2016-07-27,49.67918395996094,32327500
2016-07-28,49.69683837890625,37550400
2016-07-29,50.112396240234375,30558700
2016-08-01,50.02398681640625,26003400
2016-08-02,50.02398681640625,35122000
2016-08-03,50.36880111694336,22075600
2016-08-04,50.740116119384766,26587700
2016-08-05,51.24407958984375,29335200
2016-08-08,51.33249282836914,19473500
2016-08-09,51.456268310546875,16920700
2016-08-10,51.29712677001953,15756900
2016-08-11,51.544681549072266,18162300
2016-08-12,51.226383209228516,21655200
2016-08-15,51.38554763793945,19283900
2016-08-16,51.100852966308594,20523500
2016-08-17,51.20761489868164,18856400
2016-08-18,51.24319076538086,14214300
2016-08-19,51.260990142822266,17271000
2016-08-22,51.30546951293945,15221900
2016-08-23,51.501190185546875,18732400
2016-08-24,51.55458068847656,18151500
2016-08-25,51.75030517578125,18552600
2016-08-26,51.62575912475586,20971200
2016-08-29,51.68801498413086,16417200
2016-08-30,51.501190185546875,16930200
2016-08-31,51.11865997314453,20860300
2016-09-01,51.23430252075195,26075400
2016-09-02,51.30546951293945,18900500
2016-09-06,51.252098083496094,16278400
2016-09-07,51.29657745361328,17493400
2016-09-08,51.09195327758789,20146100
2016-09-09,50.006587982177734,35113900
2016-09-12,50.753910064697266,29303000
2016-09-13,50.29128646850586,30130200
2016-09-14,50.05107879638672,24062500
2016-09-15,50.878456115722656,26847000
2016-09-16,50.931827545166016,44607000
2016-09-19,50.64714050292969,20937100
2016-09-20,50.54037857055664,17384000
2016-09-21,51.38554763793945,33707300
2016-09-22,51.43892288208008,19822200
2016-09-23,51.09195327758789,19955300
2016-09-26,50.620452880859375,21688700
2016-09-27,51.55458068847656,28065100
2016-09-28,51.62575912475586,20536400
2016-09-29,51.065277099609375,25463500
2016-09-30,51.24319076538086,29910800
2016-10-03,51.08307647705078,19189500
2016-10-04,50.922943115234375,20085900
2016-10-05,51.27879333496094,16726400
2016-10-06,51.367740631103516,16212600
2016-10-07,51.4211311340332,20089000
2016-10-10,51.634647369384766,18196500
2016-10-11,50.878456115722656,26497400
2016-10-12,50.80727767944336,22177500
2016-10-13,50.63825225830078,25313700
2016-10-14,51.08307647705078,27402500
2016-10-17,50.905147552490234,23830000
2016-10-18,51.29657745361328,19149500
2016-10-19,51.18091583251953,22878400
2016-10-20,50.931827545166016,49455600
2016-10-21,53.07585906982422,80032200
2016-10-24,54.26797103881836,54067000
2016-10-25,54.259071350097656,35137200
2016-10-26,53.938804626464844,29911600
2016-10-27,53.4672966003418,28479900
2016-10-28,53.26268768310547,33574700
2016-10-31,53.307159423828125,26434700
2016-11-01,53.20039749145508,24533000
2016-11-02,52.871238708496094,22147000
2016-11-03,52.675514221191406,21600400
2016-11-04,52.23069763183594,28697000
2016-11-07,53.751991271972656,31664800
2016-11-08,53.79646301269531,22935400
2016-11-09,53.5295524597168,49632500
2016-11-10,52.2218017578125,57822400
2016-11-11,52.5064811706543,38767800
2016-11-14,51.705810546875,41328400
2016-11-15,52.726844787597656,35904100
2016-11-16,53.42545700073242,27332500
2016-11-17,54.31215286254883,32132700
2016-11-18,54.05241394042969,27686300
2016-11-21,54.50918960571289,19652600
2016-11-22,54.742061614990234,23206700
2016-11-23,54.09719467163086,21848900
2016-11-25,54.213623046875,8409600
2016-11-28,54.28528594970703,20732600
2016-11-29,54.71519088745117,22366700
2016-11-30,53.9718017578125,34655400
2016-12-01,53.02241516113281,34542100
2016-12-02,53.06720733642578,25515700
2016-12-05,53.93598937988281,23552700
2016-12-06,53.69415283203125,19907000
2016-12-07,54.96597671508789,30809000
2016-12-08,54.64353561401367,21220800
2016-12-09,55.50336837768555,27349400
2016-12-12,55.68247985839844,20198100
2016-12-13,56.40795135498047,35718900
2016-12-14,56.13927459716797,30352700
2016-12-15,56.049705505371094,27669900
2016-12-16,55.798919677734375,42453100
2016-12-19,56.98117446899414,34338200
2016-12-20,56.9095344543457,26028400
2016-12-21,56.9095344543457,17096300
2016-12-22,56.91849899291992,22176600
2016-12-23,56.64084243774414,12403800
2016-12-27,56.676666259765625,11763200
2016-12-28,56.41691207885742,14653300
2016-12-29,56.33631896972656,10250600
2016-12-30,55.6556282043457,25579900
2017-01-03,56.049705505371094,20694100
2017-01-04,55.798919677734375,21340000
2017-01-05,55.798919677734375,24876000
2017-01-06,56.28257751464844,19922900
2017-01-09,56.10344696044922,20382700
2017-01-10,56.08554458618164,18593000
2017-01-11,56.5960578918457,21517300
2017-01-12,56.07658386230469,20968200
2017-01-13,56.157196044921875,19422300
2017-01-17,56.00492858886719,20664000
2017-01-18,55.978050231933594,19670100
2017-01-19,55.798919677734375,18451700
2017-01-20,56.19301986694336,30213500
2017-01-23,56.39004898071289,23097600
2017-01-24,56.89162063598633,24672900
2017-01-25,57.03491973876953,23672700
2017-01-26,57.563350677490234,43554600
2017-01-27,58.91579055786133,44818000
2017-01-30,58.333614349365234,31651400
2017-01-31,57.903709411621094,25270500
2017-02-01,56.94535446166992,39671500
2017-02-02,56.5781364440918,45827000
2017-02-03,57.03491973876953,30301800
2017-02-06,56.99909210205078,19796400
2017-02-07,56.811012268066406,20277200
2017-02-08,56.73039627075195,18096400
2017-02-09,57.375267028808594,22644400
2017-02-10,57.321533203125,18170700
2017-02-13,57.966400146484375,22920100
2017-02-14,58.18265914916992,23108400
2017-02-15,58.14661407470703,17005200
2017-02-16,58.13759231567383,20546300
2017-02-17,58.22771453857422,21248800
2017-02-21,58.11058044433594,20655900
2017-02-22,57.993431091308594,19292700
2017-02-23,58.22771453857422,20273100
2017-02-24,58.22771453857422,21796800
2017-02-27,57.876285552978516,15871500
2017-02-28,57.6510124206543,23239800
2017-03-01,58.51606369018555,26937500
2017-03-02,57.678043365478516,24539600
2017-03-03,57.89431381225586,18135900
2017-03-06,57.91232681274414,18750300
2017-03-07,58.02948760986328,18521000
2017-03-08,58.56110763549805,21510900
2017-03-09,58.32683563232422,19846800
2017-03-10,58.507041931152344,19538200
2017-03-13,58.30878829956055,20100000
2017-03-14,58.038482666015625,14280200
2017-03-15,58.344852447509766,24833800
2017-03-16,58.2457389831543,20674300
2017-03-17,58.45299530029297,49219700
2017-03-20,58.507041931152344,14598100
2017-03-21,57.85826873779297,26640500
2017-03-22,58.59715270996094,20680000
2017-03-23,58.45299530029297,19269200
2017-03-24,58.55210494995117,22617100
2017-03-27,58.66022872924805,18614700
2017-03-28,58.831424713134766,20080400
2017-03-29,58.993621826171875,13618400
2017-03-30,59.209877014160156,15122800
2017-03-31,59.34504318237305,21040300
2017-04-03,59.065711975097656,20400900
2017-04-04,59.227909088134766,12997400
2017-04-05,59.07471466064453,21448600
2017-04-06,59.227909088134766,18103500
2017-04-07,59.182857513427734,14108500
2017-04-10,59.04767990112305,17952700
2017-04-11,59.00263977050781,18791500
2017-04-12,58.777374267578125,17108500
2017-04-13,58.52505874633789,17896500
2017-04-17,59.00263977050781,16689300
2017-04-18,58.92154312133789,15155600
2017-04-19,58.60616683959961,26992800
2017-04-20,59.020660400390625,22299500
2017-04-21,59.831626892089844,32522600
2017-04-24,60.849853515625,29770000
2017-04-25,61.201263427734375,30242700
2017-04-26,61.12017822265625,26190800
2017-04-27,61.516632080078125,34971000
2017-04-28,61.687835693359375,39548800
2017-05-01,62.543888092041016,31954400
2017-05-02,62.444759368896484,23906100
2017-05-03,62.246517181396484,28928000
2017-05-04,62.003204345703125,21749400
2017-05-05,62.17441177368164,19128800
2017-05-08,62.12037658691406,18566100
2017-05-09,62.21048355102539,22858400
2017-05-10,62.453765869140625,17977800
2017-05-11,61.687835693359375,28789400
2017-05-12,61.615787506103516,18714100
2017-05-15,61.66082763671875,31530300
2017-05-16,62.902400970458984,34956000
2017-05-17,61.15333938598633,30548800
2017-05-18,61.36176681518555,25201300
2017-05-19,61.343650817871094,26961100
2017-05-22,62.032379150390625,16237600
2017-05-23,62.2408447265625,15425800
2017-05-24,62.322383880615234,14593900
2017-05-25,63.09269332885742,21854100
2017-05-26,63.400821685791016,19827900
2017-05-30,63.80862045288086,17072800
2017-05-31,63.29204559326172,30436400
2017-06-01,63.527687072753906,21603600
2017-06-02,65.03203582763672,34770300
2017-06-05,65.5032958984375,33316800
2017-06-06,65.72078704833984,31511100
2017-06-07,65.60296630859375,22301800
2017-06-08,65.20425415039062,24588300
2017-06-09,63.72705841064453,49187400
2017-06-12,63.2376823425293,47761700
2017-06-13,64.02611541748047,25258600
2017-06-14,63.6817512512207,25510700
2017-06-15,63.34644317626953,26068700
2017-06-16,63.43707275390625,48345100
2017-06-19,64.22547912597656,23798300
2017-06-20,63.3554801940918,21512200
2017-06-21,63.6817512512207,19891100
2017-06-22,63.67268371582031,22965700
2017-06-23,64.53363037109375,27617300
2017-06-26,63.91736602783203,19607000
2017-06-27,62.72111892700195,25215100
2017-06-28,63.255828857421875,25806200
2017-06-29,62.06862258911133,28918700
2017-06-30,62.46738815307617,24161100
2017-07-03,61.77863693237305,16165500
2017-07-05,62.60331726074219,21176300
2017-07-06,62.14112854003906,21117600
2017-07-07,62.94770431518555,16878300
2017-07-10,63.41891860961914,15014500
2017-07-11,63.4279899597168,17460000
2017-07-12,64.47924041748047,17750900
2017-07-13,65.04110717773438,20269800
2017-07-14,65.95640563964844,25868100
2017-07-17,66.47298431396484,21803900
2017-07-18,66.42768859863281,26435300
2017-07-19,66.93517303466797,22416200
2017-07-20,67.26142120361328,42361000
2017-07-21,66.8717041015625,46717100
2017-07-24,66.69954681396484,21394800
2017-07-25,67.2342300415039,22018700
2017-07-26,67.10733032226562,16252200
2017-07-27,66.30081176757812,36844200
2017-07-28,66.1920394897461,18306700
2017-07-31,65.8839340209961,23600100
2017-08-01,65.77516174316406,22132300
2017-08-02,65.48521423339844,26499200
2017-08-03,65.38546752929688,18214400
2017-08-04,65.86579132080078,22579000
2017-08-07,65.6120376586914,18705700
2017-08-08,65.96550750732422,22044600
2017-08-09,65.67548370361328,22213400
2017-08-10,64.7148666381836,24734500
2017-08-11,65.70265197753906,21443700
2017-08-14,66.69046020507812,20096600
2017-08-15,66.70868682861328,19181400
2017-08-16,67.10044860839844,18150400
2017-08-17,65.96161651611328,22977500
2017-08-18,66.0436019897461,18761500
2017-08-21,65.73382568359375,17734800
2017-08-22,66.65403747558594,14343700
2017-08-23,66.253173828125,13766500
2017-08-24,66.2258529663086,17098300
2017-08-25,66.3442611694336,12794300
2017-08-28,66.3533935546875,14569700
2017-08-29,66.55381774902344,11478400
2017-08-30,67.42845153808594,16897800
2017-08-31,68.12086486816406,27652800
2017-09-01,67.36466217041016,21736200
2017-09-05,67.06404876708984,21556000
2017-09-06,66.87268829345703,16535800
2017-09-07,67.72909545898438,17471200
2017-09-08,67.40110778808594,14703800
2017-09-11,68.11175537109375,17910400
2017-09-12,68.03886413574219,14394900
2017-09-13,68.52172088623047,13380800
2017-09-14,68.12086486816406,15733900
2017-09-15,68.6128158569336,38578400
2017-09-18,68.47616577148438,23307000
2017-09-19,68.73126983642578,16093300
2017-09-20,68.27574157714844,21587900
2017-09-21,67.61063385009766,19186100
2017-09-22,67.79285430908203,14111400
2017-09-25,66.7451171875,24149200
2017-09-26,66.7451171875,18019600
2017-09-27,67.28266906738281,19565100
2017-09-28,67.3008804321289,10883800
2017-09-29,67.86575317382812,17079100
2017-10-02,67.97508239746094,15304800
2017-10-03,67.65620422363281,12190400
2017-10-04,68.0479736328125,13317700
2017-10-05,69.21415710449219,21195300
2017-10-06,69.24148559570312,13959800
2017-10-09,69.50568389892578,11386500
2017-10-10,69.50568389892578,13944500
2017-10-11,69.62410736083984,15388900
2017-10-12,70.26187896728516,16876500
2017-10-13,70.59895324707031,15335700
2017-10-16,70.74473571777344,12380100
2017-10-17,70.69007110595703,16824000
2017-10-18,70.70829010009766,13300700
2017-10-19,70.98163604736328,15092800
2017-10-20,71.80158996582031,22866400
2017-10-23,71.81980895996094,20627200
2017-10-24,71.84713745117188,17517200
2017-10-25,71.6375961303711,20410800
2017-10-26,71.75604248046875,32120700
2017-10-27,76.35693359375,71066700
2017-10-30,76.42984771728516,31756700
2017-10-31,75.782958984375,27086600
2017-11-01,75.782958984375,22307400
2017-11-02,76.57559967041016,23992900
2017-11-03,76.65760803222656,17633500
2017-11-06,76.958251953125,19860900
2017-11-07,76.77603149414062,17939700
2017-11-08,77.04023742675781,18034200
2017-11-09,76.61205291748047,21178400
2017-11-10,76.41161346435547,19397800
2017-11-13,76.46627044677734,14196900
2017-11-14,76.57559967041016,18801300
2017-11-15,75.98046112060547,19383100
2017-11-16,76.18190002441406,20962800
2017-11-17,75.44934844970703,22079000
2017-11-20,75.5683822631836,16315000
2017-11-21,76.65802001953125,21237500
2017-11-22,76.09945678710938,20553100
2017-11-24,76.23682403564453,7425600
2017-11-27,76.79534149169922,18265200
2017-11-28,77.72013854980469,21926000
2017-11-29,76.31005859375,27381100
2017-11-30,77.07005310058594,33054600
2017-12-01,77.15245819091797,29532100
2017-12-04,74.24069213867188,39094900
2017-12-05,74.7076644897461,26152300
2017-12-06,75.79731750488281,26162100
2017-12-07,75.53175354003906,23184500
2017-12-08,77.06088256835938,24489100
2017-12-11,78.0406494140625,22857900
2017-12-12,78.36112213134766,23924100
2017-12-13,78.15050506591797,22062700
2017-12-14,77.54618835449219,19306000
2017-12-15,79.52400207519531,53936700
2017-12-18,79.0936508178711,22283800
2017-12-19,78.59004211425781,23524800
2017-12-20,78.3061752319336,23674900
2017-12-21,78.2878646850586,17990700
2017-12-22,78.2970199584961,14145800
2017-12-26,78.19627380371094,9891200
2017-12-27,78.48015594482422,14678000
2017-12-28,78.48928833007812,10594300
2017-12-29,78.32449340820312,18717400
2018-01-02,78.69992065429688,22483800
2018-01-03,79.06615447998047,26061400
2018-01-04,79.7620620727539,21912000
2018-01-05,80.75096130371094,23407100
2018-01-08,80.8333740234375,22113000
2018-01-09,80.77842712402344,19484300
2018-01-10,80.41217041015625,18652200
2018-01-11,80.65023803710938,17808900
2018-01-12,82.04199981689453,24271500
2018-01-16,80.8974609375,36599700
2018-01-17,82.53648376464844,25621200
2018-01-18,82.49982452392578,24159700
2018-01-19,82.40827178955078,36875000
2018-01-22,83.88247680664062,23601600
2018-01-23,84.14799499511719,23412800
2018-01-24,84.07477569580078,33277500
2018-01-25,84.54174041748047,26383200
2018-01-26,86.12580108642578,29172200
2018-01-29,85.99760437011719,31569900
2018-01-30,84.9171371459961,38635100
2018-01-31,86.99567413330078,48756300
2018-02-01,86.30892944335938,47227900
2018-02-02,84.03814697265625,47867800
2018-02-05,80.57697296142578,51031500
2018-02-06,83.62610626220703,67998600
2018-02-07,82.0511703491211,41107600
2018-02-08,77.83920288085938,55628700
2018-02-09,80.74179077148438,63499100
2018-02-12,81.6116714477539,35720300
2018-02-13,82.25263214111328,26407700
2018-02-14,83.54054260253906,34960900
2018-02-15,85.24247741699219,27823900
2018-02-16,84.63528442382812,30596900
2018-02-20,85.29765319824219,30911700
2018-02-21,84.16609191894531,26922500
2018-02-22,84.38690185546875,24392800
2018-02-23,86.5303726196289,26329200
2018-02-26,87.78150939941406,30199800
2018-02-27,86.65916442871094,25869100
2018-02-28,86.26358795166016,31167300
2018-03-01,85.417236328125,37135600
2018-03-02,85.60123443603516,32830400
2018-03-05,86.14399719238281,23901600
2018-03-06,85.84959411621094,22175800
2018-03-07,86.34640502929688,26716100
2018-03-08,86.87075805664062,25887800
2018-03-09,88.81184387207031,36937300
2018-03-12,89.02342224121094,26073700
2018-03-13,86.85236358642578,35387800
2018-03-14,86.33721160888672,32132000
2018-03-15,86.64076232910156,27611000
2018-03-16,87.02716064453125,49081300
2018-03-19,85.4540786743164,33344100
2018-03-20,85.67483520507812,23075200
2018-03-21,85.07687377929688,24457100
2018-03-22,82.60218811035156,38604700
2018-03-23,80.20109558105469,44068900
2018-03-26,86.2728042602539,56396800
2018-03-27,82.30779266357422,56569000
2018-03-28,82.23422241210938,52501100
2018-03-29,83.96372985839844,45867500
2018-04-02,81.43386840820312,48515400
2018-04-03,82.52860260009766,37213800
2018-04-04,84.93888092041016,35560000
2018-04-05,84.9848403930664,29771900
2018-04-06,83.0069808959961,38026000
2018-04-09,83.50373077392578,31533900
2018-04-10,85.4448471069336,26812000
2018-04-11,84.50650024414062,24872100
2018-04-12,86.08879089355469,26758900
2018-04-13,85.62883758544922,23346100
2018-04-16,86.63158416748047,20288100
2018-04-17,88.37947082519531,26771000
2018-04-18,88.71985626220703,21043300
2018-04-19,88.41626739501953,23552500
2018-04-20,87.3951416015625,31154400
2018-04-23,87.71712493896484,22331800
2018-04-24,85.66560363769531,34524800
2018-04-25,84.92048645019531,33729300
2018-04-26,86.7143783569336,42529000
2018-04-27,88.14948272705078,48272800
2018-04-30,86.03360748291016,41523600
2018-05-01,87.3951416015625,31408900
2018-05-02,86.02442169189453,27471000
2018-05-03,86.53958892822266,31142500
2018-05-04,87.54232788085938,22531300
2018-05-07,88.5174789428711,24242000
2018-05-08,88.14028930664062,23484600
2018-05-09,89.17984008789062,27327400
2018-05-10,90.07218170166016,22388100
2018-05-11,89.87895202636719,16778300
2018-05-14,90.18260192871094,19454100
2018-05-15,89.52941131591797,24594000
2018-05-16,89.7603988647461,17384700
2018-05-17,88.86420440673828,17246700
2018-05-18,89.03050231933594,17865800
2018-05-21,90.1761703491211,19422500
2018-05-22,90.08377838134766,15441200
2018-05-23,91.15553283691406,21251200
2018-05-24,90.8321762084961,26649300
2018-05-25,90.87837219238281,18363900
2018-05-29,90.55497741699219,28671000
2018-05-30,91.42350006103516,22158500
2018-05-31,91.32184600830078,34140900
2018-06-01,93.12353515625,28655600
2018-06-04,93.93657684326172,27281600
2018-06-05,94.41703796386719,23514400
2018-06-06,94.69422912597656,21122900
2018-06-07,93.2066650390625,28232200
2018-06-08,93.89960479736328,22165100
2018-06-11,93.36376953125,23490900
2018-06-12,93.60397338867188,18325200
2018-06-13,93.1789779663086,29492900
2018-06-14,93.70561218261719,25691800
2018-06-15,92.51371765136719,65738600
2018-06-18,93.18820190429688,23586000
2018-06-19,93.18820190429688,28653100
2018-06-20,94.12138366699219,26180800
2018-06-21,93.44691467285156,23198200
2018-06-22,92.77245330810547,38923100
2018-06-25,90.90607452392578,35433300
2018-06-26,91.54360961914062,26897200
2018-06-27,90.12073516845703,31298400
2018-06-28,91.1278076171875,26650700
2018-06-29,91.1093521118164,28053200
2018-07-02,92.4028549194336,19564500
2018-07-03,91.51589965820312,14670300
2018-07-05,92.17185974121094,18977400
2018-07-06,93.46538543701172,19234600
2018-07-09,94.1029052734375,18212000
2018-07-10,94.35237121582031,19293100
2018-07-11,94.22303009033203,19644600
2018-07-12,96.26490783691406,24335900
2018-07-13,97.41058349609375,24635200
2018-07-16,96.93013000488281,21786900
2018-07-17,97.89104461669922,25901700
2018-07-18,97.12416076660156,29493900
2018-07-19,96.45894622802734,40171600
2018-07-20,98.18669128417969,56004000
2018-07-23,99.75740051269531,29707000
2018-07-24,99.47097778320312,26316600
2018-07-25,102.39983367919922,30702100
2018-07-26,101.2818832397461,31372100
2018-07-27,99.48943328857422,37005300
2018-07-30,97.35516357421875,34668300
2018-07-31,98.01117706298828,27655200
2018-08-01,98.1959228515625,23628700
2018-08-02,99.3878173828125,26104300
2018-08-03,99.82205963134766,18659600
2018-08-06,99.90520477294922,20265900
2018-08-07,100.59819030761719,16080200
2018-08-08,101.16175842285156,15487500
2018-08-09,101.32807922363281,13677200
2018-08-10,100.70902252197266,18183700
2018-08-13,99.97913360595703,18472500
2018-08-14,101.22645568847656,16788300
2018-08-15,99.85376739501953,29982800
2018-08-16,99.83521270751953,21384300
2018-08-17,99.77957916259766,18061500
2018-08-20,99.12106323242188,17914200
2018-08-21,98.29557037353516,22881900
2018-08-22,99.29723358154297,18000600
2018-08-23,99.76102447509766,18167700
2018-08-24,100.54010009765625,17234000
2018-08-27,101.65309143066406,19662300
2018-08-28,102.2652359008789,19151500
2018-08-29,103.89759826660156,20818000
2018-08-30,103.83270263671875,22798700
2018-08-31,104.18514251708984,23222700
2018-09-04,103.610107421875,22634600
2018-09-05,100.62356567382812,32872400
2018-09-06,100.85545349121094,23477600
2018-09-07,100.3638916015625,22498600
2018-09-10,101.44902038574219,20727900
2018-09-11,103.17415618896484,24301800
2018-09-12,103.610107421875,18891100
2018-09-13,104.72309875488281,26055600
2018-09-14,105.14974975585938,19122300
2018-09-17,104.00892639160156,20736500
2018-09-18,105.0013198852539,22170900
2018-09-19,103.600830078125,21728400
2018-09-20,105.33525085449219,23714500
2018-09-21,105.9752197265625,71229700
2018-09-24,106.35548400878906,27334500
2018-09-25,106.15142059326172,22668000
2018-09-26,105.71551513671875,19352000
2018-09-27,106.11433410644531,19091300
2018-09-28,106.07720947265625,21647800
2018-10-01,107.22732543945312,18883100
2018-10-02,106.8006820678711,20787200
2018-10-03,106.8192138671875,16648000
2018-10-04,104.61180877685547,34821700
2018-10-05,103.9996566772461,29068900
2018-10-08,102.81244659423828,29640600
2018-10-09,104.1202392578125,26198600
2018-10-10,98.4625473022461,61376300
2018-10-11,98.23065185546875,63904300
2018-10-12,101.62528228759766,47742100
2018-10-15,99.79808807373047,32068100
2018-10-16,102.95159149169922,31610200
2018-10-17,102.68260955810547,26548200
2018-10-18,100.63285064697266,32506200
2018-10-19,100.78125,32785500
2018-10-22,101.68092346191406,26545600
2018-10-23,100.26187896728516,43770400
2018-10-24,94.90095520019531,63897800
2018-10-25,100.44737243652344,61646800
2018-10-26,99.20452880859375,55523100
2018-10-29,96.32003784179688,55162000
2018-10-30,96.20872497558594,65350900
2018-10-31,99.0654067993164,51062400
2018-11-01,98.23993682861328,33384200
2018-11-02,98.4625473022461,37680200
2018-11-05,99.71465301513672,27922100
2018-11-06,99.90941619873047,24340200
2018-11-07,103.84199523925781,37901700
2018-11-08,103.64720153808594,25644100
2018-11-09,101.62528228759766,32039200
2018-11-12,99.12106323242188,33621800
2018-11-13,99.18597412109375,35374600
2018-11-14,97.77943420410156,39495100
2018-11-15,99.93118286132812,38505200
2018-11-16,100.87198638916016,33502100
2018-11-19,97.45338439941406,44773900
2018-11-20,94.74271392822266,64052500
2018-11-21,96.04682922363281,28130600
2018-11-23,96.00955963134766,13823100
2018-11-26,99.17665100097656,32336200
2018-11-27,99.8007583618164,29124500
2018-11-28,103.50811767578125,46788500
2018-11-29,102.6418228149414,28123200
2018-11-30,103.29387664794922,33665600
2018-12-03,104.41167449951172,34732800
2018-12-04,101.08623504638672,45197000
2018-12-06,101.71031188964844,49107400
2018-12-07,97.63967895507812,45044900
2018-12-10,100.21994018554688,40801500
2018-12-11,101.15143585205078,42381900
2018-12-12,101.60785675048828,36183000
2018-12-13,101.9525375366211,31333400
2018-12-14,98.76679229736328,47043100
2018-12-17,95.84188842773438,56957300
2018-12-18,96.84791564941406,49319200
2018-12-19,96.58707427978516,68198200
2018-12-20,94.55643463134766,70334200
2018-12-21,91.50111389160156,111242100
2018-12-24,87.68193817138672,43935200
2018-12-26,93.67149353027344,51634800
2018-12-27,94.24903106689453,49498500
2018-12-28,93.51315307617188,38196300
2018-12-31,94.6123046875,33173800
2019-01-02,94.1931381225586,35329300
2019-01-03,90.72798919677734,42579100
2019-01-04,94.9476547241211,44060600
2019-01-07,95.0687484741211,35656100
2019-01-08,95.75806427001953,31514400
2019-01-09,97.12734985351562,32280800
2019-01-10,96.50325775146484,30067600
2019-01-11,95.75806427001953,28314200
2019-01-14,95.0594482421875,28437100
2019-01-15,97.81666564941406,31587600
2019-01-16,98.16133117675781,29853900
2019-01-17,98.85063934326172,28393000
2019-01-18,100.33170318603516,37427600
2019-01-22,98.44075775146484,32371300
2019-01-23,99.40020751953125,25874300
2019-01-24,98.9251480102539,23164800
2019-01-25,99.82870483398438,31225600
2019-01-28,97.88186645507812,29476700
2019-01-29,95.88845825195312,31490500
2019-01-30,99.09280395507812,49471900
2019-01-31,97.2763900756836,55636400
2019-02-01,95.73941802978516,35535700
2019-02-04,98.49664306640625,31315100
2019-02-05,99.8752670288086,27325400
2019-02-06,98.76679229736328,20609800
2019-02-07,98.05886840820312,29760700
2019-02-08,98.43145751953125,21461100
2019-02-11,98.04022216796875,18914100
2019-02-12,99.56787109375,25056600
2019-02-13,99.49337005615234,18394900
2019-02-14,99.57720184326172,21784700
2019-02-15,100.80677032470703,26606900
2019-02-19,100.76019287109375,18038500
2019-02-20,100.23634338378906,21607700
2019-02-21,102.35051727294922,29063200
2019-02-22,103.80986785888672,27763200
2019-02-25,104.38983917236328,23750600
2019-02-26,105.11014556884766,21536700
2019-02-27,104.93241882324219,21487100
2019-02-28,104.80147552490234,29083900
2019-03-01,105.26920318603516,23501200
2019-03-04,105.01663970947266,26608000
2019-03-05,104.49275970458984,19538300
2019-03-06,104.53953552246094,17687000
2019-03-07,103.26728820800781,25339000
2019-03-08,103.37954711914062,22818400
2019-03-11,105.5498275756836,26491600
2019-03-12,106.28884887695312,26132700
2019-03-13,107.11209869384766,35513800
2019-03-14,107.19628143310547,30763400
2019-03-15,108.43112182617188,54681100
2019-03-18,109.98401641845703,31207600
2019-03-19,110.05884552001953,37588700
2019-03-20,109.93721771240234,28113300
2019-03-21,112.4630126953125,29854400
2019-03-22,109.49756622314453,33624500
2019-03-25,110.06818389892578,27067100
2019-03-26,110.30206298828125,26097700
2019-03-27,109.23564147949219,22733400
2019-03-28,109.38529968261719,18334800
2019-03-29,110.33012390136719,25399800
2019-04-01,111.34043884277344,22789100
2019-04-02,111.4994888305664,18142300
2019-04-03,112.22915649414062,22860700
2019-04-04,111.65850830078125,20112800
2019-04-05,112.15431213378906,15826200
2019-04-08,112.19173431396484,15116200
2019-04-09,111.58365631103516,17612000
2019-04-10,112.43495178222656,16477200
2019-04-11,112.56591033935547,14209100
2019-04-12,113.14591979980469,19745100
2019-04-15,113.23945617675781,15792600
2019-04-16,112.97753143310547,14071800
2019-04-17,113.9129867553711,19300900
2019-04-18,115.40975952148438,27991000
2019-04-22,115.77459716796875,15648700
2019-04-23,117.34619140625,24025500
2019-04-24,116.9439468383789,31257000
2019-04-25,120.81678009033203,38033900
2019-04-26,121.50908660888672,23654900
2019-04-29,121.39682006835938,16324200
2019-04-30,122.17325592041016,24166500
2019-05-01,119.62876892089844,26821700
2019-05-02,118.06651306152344,27350200
2019-05-03,120.58293151855469,24911100
2019-05-06,119.8813247680664,24239800
2019-05-07,117.42105102539062,36017700
2019-05-08,117.41170501708984,28419000
2019-05-09,117.40232849121094,27235800
2019-05-10,118.92713928222656,30915100
2019-05-13,115.39105224609375,33944900
2019-05-14,116.68202209472656,25266300
2019-05-15,118.32518005371094,24722700
2019-05-16,121.05746459960938,30112200
2019-05-17,120.24998474121094,25770500
2019-05-20,118.51295471191406,23706900
2019-05-21,119.15143585205078,15293300
2019-05-22,119.8744125366211,15396500
2019-05-23,118.47537231445312,23603800
2019-05-24,118.53172302246094,14123400
2019-05-28,118.45660400390625,23128400
2019-05-29,117.31111907958984,22763100
2019-05-30,118.0528793334961,16829600
2019-05-31,116.1280517578125,26646800
2019-06-03,112.52251434326172,37983600
2019-06-04,115.63978576660156,29382600
2019-06-05,118.14674377441406,24926100
2019-06-06,120.0152359008789,21459000
2019-06-07,123.37664794921875,33885600
2019-06-10,124.50337982177734,26477100
2019-06-11,124.0339126586914,23913700
2019-06-12,123.46116638183594,17092500
2019-06-13,124.24048614501953,17200800
2019-06-14,124.36255645751953,17821700
2019-06-17,124.73812866210938,14517800
2019-06-18,126.90707397460938,25934500
2019-06-19,127.40467834472656,23744400
2019-06-20,128.58773803710938,33042600
2019-06-21,128.60653686523438,36727900
2019-06-24,129.3670654296875,20628800
2019-06-25,125.28266906738281,33327400
2019-06-26,125.75214385986328,23657700
2019-06-27,125.95875549316406,16557500
2019-06-28,125.78034210205078,30043000
2019-07-01,127.39533233642578,22613500
2019-07-02,128.24037170410156,15237800
2019-07-03,129.06663513183594,13629300
2019-07-05,128.69105529785156,18141100
2019-07-08,128.59716796875,16779700
2019-07-09,128.127685546875,19953100
2019-07-10,129.43283081054688,24204400
2019-07-11,129.94920349121094,22327900
2019-07-12,130.41868591308594,18936800
2019-07-15,130.41868591308594,16651500
2019-07-16,128.70982360839844,22726100
2019-07-17,127.94931030273438,20211000
2019-07-18,128.0901336669922,30381800
2019-07-19,128.27792358398438,48992400
2019-07-22,129.9773712158203,25074900
2019-07-23,130.7848663330078,18034600
2019-07-24,132.1275634765625,20738300
2019-07-25,131.6299285888672,18356900
2019-07-26,132.70970153808594,19037600
2019-07-29,132.4186248779297,16605900
2019-07-30,131.78018188476562,16846500
2019-07-31,127.94931030273438,38598800
2019-08-01,129.62998962402344,40557500
2019-08-02,128.54083251953125,30791600
2019-08-05,124.1371841430664,42749600
2019-08-06,126.46573638916016,32696700
2019-08-07,127.019775390625,33414500
2019-08-08,130.40931701660156,27496500
2019-08-09,129.30137634277344,23466700
2019-08-12,127.49858856201172,20484300
2019-08-13,130.13702392578125,25154600
2019-08-14,126.21803283691406,32527300
2019-08-15,125.93541717529297,28074400
2019-08-16,128.2434844970703,24449100
2019-08-19,130.39137268066406,24355700
2019-08-20,129.30799865722656,21170800
2019-08-21,130.74932861328125,14970300
2019-08-22,129.7978973388672,18697000
2019-08-23,125.66221618652344,38508600
2019-08-26,127.60286712646484,20312600
2019-08-27,127.87604522705078,23102100
2019-08-28,127.70647430419922,17393300
2019-08-29,130.1181182861328,20168700
2019-08-30,129.8732452392578,23940100
2019-09-03,128.15867614746094,18869300
2019-09-04,129.6566162109375,17995900
2019-09-05,131.93637084960938,26101800
2019-09-06,131.04141235351562,20824500
2019-09-09,129.55294799804688,25773900
2019-09-10,128.19638061523438,28903400
2019-09-11,128.23403930664062,24726100
2019-09-12,129.55294799804688,27010000
2019-09-13,129.36453247070312,23363100
2019-09-16,128.43186950683594,16731400
2019-09-17,129.43048095703125,17814200
2019-09-18,130.49497985839844,23982100
2019-09-19,132.89727783203125,35772100
2019-09-20,131.36170959472656,39167300
2019-09-23,131.07908630371094,17139300
2019-09-24,129.4210205078125,29773200
2019-09-25,131.2863006591797,21382000
2019-09-26,131.45590209960938,17456600
2019-09-27,129.75076293945312,22477700
2019-09-30,130.97543334960938,17280900
2019-10-01,129.12899780273438,21466600
2019-10-02,126.84920501708984,30521700
2019-10-03,128.38478088378906,24132900
2019-10-04,130.1181182861328,22897700
2019-10-07,129.1761016845703,15303700
2019-10-08,127.81011199951172,25550500
2019-10-09,130.2312469482422,19749900
2019-10-10,131.04141235351562,17654600
2019-10-11,131.58779907226562,25446000
2019-10-14,131.46534729003906,13304300
2019-10-15,133.3683319091797,19695700
2019-10-16,132.2755126953125,20751600
2019-10-17,131.5972137451172,21460600
2019-10-18,129.44927978515625,32273500
2019-10-21,130.41018676757812,20078200
2019-10-22,128.46958923339844,27431000
2019-10-23,129.28916931152344,29844600
2019-10-24,131.832763671875,37029300
2019-10-25,132.5769805908203,25959700
2019-10-28,135.83653259277344,35280100
2019-10-29,134.55531311035156,20589500
2019-10-30,136.23216247558594,18496600
2019-10-31,135.0640106201172,24605100
2019-11-01,135.3937530517578,33128400
2019-11-04,136.1757049560547,16912000
2019-11-05,136.09085083007812,18250200
2019-11-06,135.71400451660156,16575800
2019-11-07,135.90248107910156,17786700
2019-11-08,137.5039520263672,16732700
2019-11-11,137.645263671875,14362600
2019-11-12,138.54971313476562,18641600
2019-11-13,138.7757568359375,16919200
2019-11-14,139.4823455810547,19729800
2019-11-15,141.28164672851562,23485700
2019-11-18,141.6302490234375,21534000
2019-11-19,141.6773223876953,23935700
2019-11-20,141.4315643310547,25696800
2019-11-21,141.2991943359375,18576100
2019-11-22,141.40316772460938,15901800
2019-11-25,142.95346069335938,22420900
2019-11-26,143.7096405029297,24620100
2019-11-27,143.9838104248047,15184400
2019-11-29,143.09524536132812,11977300
2019-12-02,141.36537170410156,27418400
2019-12-03,141.13848876953125,24066000
2019-12-04,141.6490020751953,17574700
2019-12-05,141.72459411621094,17869100
2019-12-06,143.44503784179688,16403500
2019-12-09,143.07640075683594,16687400
2019-12-10,142.85894775390625,16476100
2019-12-11,143.39776611328125,18856600
2019-12-12,144.85342407226562,24612100
2019-12-13,146.0728302001953,23845400
2019-12-16,147.01809692382812,24144200
2019-12-17,146.22409057617188,25425600
2019-12-18,145.92160034179688,24129200
2019-12-19,147.1882781982422,24958900
2019-12-20,148.79525756835938,53477500
2019-12-23,148.79525756835938,17718200
2019-12-24,148.766845703125,8989200
2019-12-26,149.98629760742188,14520600
2019-12-27,150.2604217529297,18412800
2019-12-30,148.96536254882812,16348400
2019-12-31,149.06935119628906,18369400
2020-01-02,151.8295440673828,22622100
2020-01-03,149.9390106201172,21116200
2020-01-06,150.3265380859375,20813700
2020-01-07,148.95596313476562,21634100
2020-01-08,151.32855224609375,27746500
2020-01-09,153.21910095214844,21385000
2020-01-10,152.51014709472656,20725900
2020-01-13,154.34396362304688,21626500
2020-01-14,153.25689697265625,23477400
2020-01-15,154.24945068359375,21417900
2020-01-16,157.07577514648438,23865400
2020-01-17,157.95492553710938,34371700
2020-01-21,157.3877410888672,29517200
2020-01-22,156.63157653808594,24138800
2020-01-23,157.59571838378906,19680800
2020-01-24,156.0076446533203,24918100
2020-01-27,153.3987274169922,32078100
2020-01-28,156.40467834472656,24899900
2020-01-29,158.8434600830078,34754500
2020-01-30,163.3240509033203,51597500
2020-01-31,160.9136199951172,36142700
2020-02-03,164.8365020751953,30107000
2020-02-04,170.2623291015625,36433300
2020-02-05,170.05438232421875,39186300
2020-02-06,173.58026123046875,27751400
2020-02-07,173.8260040283203,33529100
2020-02-10,178.37277221679688,35844300
2020-02-11,174.34593200683594,53159900
2020-02-12,174.6011505126953,47062900
2020-02-13,173.6558837890625,35295800
2020-02-14,175.2061309814453,23149500
2020-02-18,176.98321533203125,27792200
2020-02-19,177.51400756835938,29997500
2020-02-20,174.80313110351562,36862400
2020-02-21,169.27719116210938,48572600
2020-02-24,161.9787139892578,68311100
2020-02-25,159.30580139160156,68073300
2020-02-26,161.2962646484375,56206100
2020-02-27,149.9314727783203,93174900
2020-02-28,153.561767578125,97012700
2020-03-02,163.7796173095703,71030800
2020-03-03,155.93142700195312,71677000
2020-03-04,161.65643310546875,49814400
2020-03-05,157.59963989257812,47817300
2020-03-06,153.14474487304688,72821100
2020-03-09,142.76571655273438,70419300
2020-03-10,152.528564453125,65354400
2020-03-11,145.61875915527344,56371600
2020-03-12,131.8085174560547,93226400
2020-03-13,150.54759216308594,92727400
2020-03-16,128.3583221435547,87905900
2020-03-17,138.9269256591797,81059800
2020-03-18,133.07864379882812,81593200
2020-03-19,135.26817321777344,85922700
2020-03-20,130.18771362304688,84866200
2020-03-23,128.88912963867188,78975200
2020-03-24,140.60458374023438,82516700
2020-03-25,139.2586669921875,75638200
2020-03-26,147.96942138671875,64568100
2020-03-27,141.8936767578125,57042300
2020-03-30,151.87457275390625,63420300
2020-03-31,149.48602294921875,77927200
2020-04-01,144.17800903320312,57969900
2020-04-02,147.1637420654297,49630700
2020-04-03,145.8083038330078,41243300
2020-04-06,156.65174865722656,67111700
2020-04-07,154.96458435058594,62769000
2020-04-08,156.51904296875,48318200
2020-04-09,156.52857971191406,51385100
2020-04-13,156.87925720214844,41905300
2020-04-14,164.6422119140625,52874300
2020-04-15,162.9170684814453,40940800
2020-04-16,167.80801391601562,50479600
2020-04-17,169.2866668701172,52765600
2020-04-20,165.93124389648438,36669600
2020-04-21,159.06883239746094,56203700
2020-04-22,164.47157287597656,34620200
2020-04-23,162.48106384277344,32790800
2020-04-24,165.4478302001953,34277600
2020-04-27,164.9739227294922,33194400
2020-04-28,160.95501708984375,34392700
2020-04-29,168.17762756347656,51286600
2020-04-30,169.86488342285156,53875900
2020-05-01,165.4668426513672,39370500
2020-05-04,169.5141143798828,30372900
2020-05-05,171.33399963378906,36839200
2020-05-06,173.0211944580078,32139300
2020-05-07,174.0259552001953,28316000
2020-05-08,175.04959106445312,30877800
2020-05-11,177.00216674804688,30892700
2020-05-12,172.99278259277344,32038200
2020-05-13,170.37669372558594,44711500
2020-05-14,171.11602783203125,41873900
2020-05-15,173.6088409423828,46610400
2020-05-18,175.2676239013672,35264500
2020-05-19,174.05433654785156,26799100
2020-05-20,176.46864318847656,31261300
2020-05-21,174.3489990234375,29119500
2020-05-22,174.425048828125,20826900
2020-05-26,172.58111572265625,36073600
2020-05-27,172.8092498779297,39517100
2020-05-28,172.41954040527344,33810200
2020-05-29,174.17796325683594,42130400
2020-06-01,173.7787322998047,22622400
2020-06-02,175.75576782226562,30794600
2020-06-03,176.1834716796875,27311000
2020-06-04,173.86424255371094,28761800
2020-06-05,177.93238830566406,39893600
2020-06-08,179.03494262695312,33211600
2020-06-09,180.40365600585938,29783900
2020-06-10,187.0951385498047,43872300
2020-06-11,177.04849243164062,52854700
2020-06-12,178.44564819335938,43373600
2020-06-15,179.5862274169922,32770200
2020-06-16,183.98703002929688,42556700
2020-06-17,184.62384033203125,25687800
2020-06-18,186.60086059570312,23061600
2020-06-19,185.4888153076172,44441100
2020-06-22,190.6405487060547,32818900
2020-06-23,191.9141082763672,30917400
2020-06-24,188.045654296875,36740600
2020-06-25,190.42185974121094,27803900
2020-06-26,186.6103973388672,54675800
2020-06-29,188.61595153808594,26701600
2020-06-30,193.4349365234375,34310300
2020-07-01,194.5660400390625,32061200
2020-07-02,196.0487518310547,29315800
2020-07-06,200.26898193359375,31897600
2020-07-07,197.9402618408203,33600700
2020-07-08,202.29354858398438,33600000
2020-07-09,203.70977783203125,33121700
2020-07-10,203.09197998046875,26177600
2020-07-13,196.8186798095703,38135600
2020-07-14,198.03533935546875,37591800
2020-07-15,197.7406463623047,32179400
2020-07-16,193.8246612548828,29940700
2020-07-17,192.83612060546875,31635300
2020-07-20,201.12445068359375,36884800
2020-07-21,198.41551208496094,37990400
2020-07-22,201.26699829101562,49605700
2020-07-23,192.51296997070312,67457000
2020-07-24,191.33433532714844,39827000
2020-07-27,193.75808715820312,30160900
2020-07-28,192.01870727539062,23251400
2020-07-29,193.95770263671875,19632600
2020-07-30,193.80563354492188,25079600
2020-07-31,194.8606719970703,51044000
2020-08-03,205.81985473632812,78983000
2020-08-04,202.73074340820312,49280100
2020-08-05,202.39810180664062,28806400
2020-08-06,205.63929748535156,32656800
2020-08-07,201.96084594726562,27820400
2020-08-10,197.9402618408203,36716500
2020-08-11,193.3114013671875,36446500
2020-08-12,198.83377075195312,28013100
2020-08-13,198.36802673339844,22588900
2020-08-14,198.55809020996094,17958900
2020-08-17,199.8697509765625,20184800
2020-08-18,201.0198974609375,21336200
2020-08-19,199.80026245117188,27627600
2020-08-20,204.44992065429688,26981500
2020-08-21,202.9635772705078,36249300
2020-08-24,203.60194396972656,25460100
2020-08-25,206.2506866455078,23043700
2020-08-26,210.709716796875,39600800
2020-08-27,215.8834228515625,57602200
2020-08-28,218.10342407226562,26292900
2020-08-31,214.88299560546875,28774200
2020-09-01,216.54086303710938,25725500
2020-09-02,220.7140655517578,34080800
2020-09-03,207.04148864746094,58400300
2020-09-04,204.13552856445312,59664100
2020-09-08,193.09263610839844,52924300
2020-09-09,201.31524658203125,45679000
2020-09-10,195.67469787597656,35461500
2020-09-11,194.39796447753906,33620100
2020-09-14,195.71278381347656,30375800
2020-09-15,198.92376708984375,21823900
2020-09-16,195.36984252929688,26328100
2020-09-17,193.33084106445312,34011300
2020-09-18,190.92977905273438,55225300
2020-09-21,192.97833251953125,39839700
2020-09-22,197.6279296875,33517100
2020-09-23,191.12039184570312,30803800
2020-09-24,193.59765625,31202500
2020-09-25,198.00909423828125,29437300
2020-09-28,199.55258178710938,32004900
2020-09-29,197.47549438476562,24221900
2020-09-30,200.4005889892578,33829100
2020-10-01,202.43002319335938,27158400
2020-10-02,196.45603942871094,33154800
2020-10-05,200.4481964111328,21331600
2020-10-06,196.18923950195312,28554300
2020-10-07,199.92417907714844,25681100
2020-10-08,200.63877868652344,19925800
2020-10-09,205.6218719482422,26458000
2020-10-12,210.94793701171875,40461400
2020-10-13,212.33901977539062,28950800
2020-10-14,210.43344116210938,23421700
2020-10-15,209.29010009765625,22733100
2020-10-16,209.29010009765625,26057900
2020-10-19,204.10693359375,27625800
2020-10-20,204.51661682128906,22753500
2020-10-21,204.65953063964844,22724900
2020-10-22,204.74525451660156,22351500
2020-10-23,206.0220489501953,18879600
2020-10-26,200.162353515625,37111600
2020-10-27,203.18275451660156,36700300
2020-10-28,193.11172485351562,51195600
2020-10-29,195.055419921875,31432600
2020-10-30,192.91165161132812,36953700
2020-11-02,192.77825927734375,30842200
2020-11-03,196.68466186523438,27512000
2020-11-04,206.17446899414062,42311800
2020-11-05,212.7487335205078,36080100
2020-11-06,213.15843200683594,25231900
2020-11-09,208.08009338378906,44395000
2020-11-10,201.04847717285156,44045100
2020-11-11,206.32688903808594,29440800
2020-11-12,205.2693634033203,21593900
2020-11-13,206.2887725830078,18621100
2020-11-16,206.97482299804688,24953300
2020-11-17,204.33558654785156,24154100
2020-11-18,201.64170837402344,28372800
2020-11-19,202.92173767089844,24792700
2020-11-20,200.98252868652344,22843100
2020-11-23,200.715087890625,25683500
2020-11-24,204.29737854003906,33979700
2020-11-25,204.3069305419922,21012900
2020-11-27,205.6060791015625,14512200
2020-11-30,204.49803161621094,33064800
2020-12-01,206.5422821044922,30904500
2020-12-02,205.73983764648438,23724500
2020-12-03,204.660400390625,25120900
2020-12-04,204.77503967285156,24666000
2020-12-07,204.70814514160156,24620000
2020-12-08,206.35121154785156,23284100
2020-12-09,202.3295135498047,32440600
2020-12-10,201.1067352294922,26733300
2020-12-11,203.7242431640625,30979400
2020-12-14,204.62217712402344,28798400
2020-12-15,204.5553436279297,27000600
2020-12-16,209.47500610351562,35023300
2020-12-17,209.60877990722656,32515800
2020-12-18,208.81585693359375,63354900
2020-12-21,212.63702392578125,37181900
2020-12-22,213.92666625976562,22612200
2020-12-23,211.13722229003906,18699600
2020-12-24,212.78988647460938,10550600
2020-12-28,214.9010467529297,17933500
2020-12-29,214.1272430419922,17403200
2020-12-30,211.76776123046875,20272300
2020-12-31,212.474609375,20942100
2021-01-04,207.9561309814453,37130100
2021-01-05,208.15672302246094,23823000
2021-01-06,202.75936889648438,35930700
2021-01-07,208.529296875,27694500
2021-01-08,209.79983520507812,22956200
2021-01-11,207.7650604248047,23031300
2021-01-12,205.3195037841797,23249300
2021-01-13,206.66647338867188,20087100
2021-01-14,203.4949493408203,29480800
2021-01-15,203.1414794921875,31746500
2021-01-19,206.76197814941406,30480900
2021-01-20,214.3087921142578,37777300
2021-01-21,214.91062927246094,30709400
2021-01-22,215.8467559814453,30172700
2021-01-25,219.26670837402344,33152100
2021-01-26,221.9415283203125,49169600
2021-01-27,222.4860076904297,69870600
2021-01-28,228.24639892578125,49111200
2021-01-29,221.58804321289062,42503100
2021-02-01,228.93417358398438,33314200
2021-02-02,228.80044555664062,25916300
2021-02-03,232.13438415527344,27158100
2021-02-04,231.1886749267578,25296100
2021-02-05,231.37017822265625,18054800
2021-02-08,231.62811279296875,22211900
2021-02-09,232.8699493408203,23565000
2021-02-10,231.9624786376953,22186700
2021-02-11,233.55775451660156,15751100
2021-02-12,234.0354461669922,16561100
2021-02-16,232.80311584472656,26728500
2021-02-17,233.8180389404297,21653500
2021-02-18,233.4254608154297,16925600
2021-02-19,230.72531127929688,25262600
2021-02-22,224.54000854492188,36446900
2021-02-23,223.35272216796875,30228700
2021-02-24,224.5782928466797,26339700
2021-02-25,219.25469970703125,39542200
2021-02-26,222.50054931640625,37819200
2021-03-01,226.86671447753906,25324000
2021-03-02,223.92718505859375,22812500
2021-03-03,217.8854522705078,34029500
2021-03-04,217.09075927734375,44727800
2021-03-05,221.75369262695312,41872800
2021-03-08,217.7227325439453,35267400
2021-03-09,223.84103393554688,33080500
2021-03-10,222.53884887695312,29746800
2021-03-11,227.04859924316406,29907600
2021-03-12,225.72732543945312,22653700
2021-03-15,224.82720947265625,26034900
2021-03-16,227.6039276123047,28092200
2021-03-17,226.96240234375,29562100
2021-03-18,220.91110229492188,34833000
2021-03-19,220.556884765625,46430700
2021-03-22,225.9571075439453,30127000
2021-03-23,227.4794921875,31638400
2021-03-24,225.44961547851562,25620100
2021-03-25,222.4622802734375,34061900
2021-03-26,226.42626953125,25479900
2021-03-29,225.23899841308594,25227500
2021-03-30,221.9930877685547,24792000
2021-03-31,225.7464141845703,43623500
2021-04-01,232.0466766357422,30338000
2021-04-05,238.48098754882812,36910600
2021-04-06,237.32244873046875,22931900
2021-04-07,239.2756805419922,22719800
2021-04-08,242.48329162597656,23625200
2021-04-09,244.9727783203125,24326800
2021-04-12,245.0301513671875,27148700
2021-04-13,247.50054931640625,23837500
2021-04-14,244.72378540039062,23070900
2021-04-15,248.4675750732422,25627500
2021-04-16,249.6548614501953,24878600
2021-04-19,247.73985290527344,23209300
2021-04-20,247.28025817871094,19722900
2021-04-21,249.5016326904297,24030400
2021-04-22,246.2366180419922,25606200
2021-04-23,250.0474090576172,21462600
2021-04-26,250.43043518066406,19763300
2021-04-27,250.83255004882812,31014200
2021-04-28,243.7375946044922,46903100
2021-04-29,241.7747039794922,40589000
2021-04-30,241.45877075195312,30945100
2021-05-03,241.1523895263672,19626600
2021-05-04,237.2554168701172,32756100
2021-05-05,235.9915008544922,21901300
2021-05-06,239.11294555664062,26491100
2021-05-07,241.7268829345703,27032900
2021-05-10,236.6713104248047,29299900
2021-05-11,235.76173400878906,33641600
2021-05-12,228.83909606933594,36684400
2021-05-13,232.69781494140625,29624300
2021-05-14,237.60012817382812,23901100
2021-05-17,234.75637817382812,24970200
2021-05-18,232.74566650390625,20168000
2021-05-19,233.32147216796875,25739800
2021-05-20,236.54608154296875,21800700
2021-05-21,235.288818359375,21863100
2021-05-24,240.67274475097656,21411500
2021-05-25,241.57485961914062,17704300
2021-05-26,241.35414123535156,17771600
2021-05-27,239.26197814941406,24426200
2021-05-28,239.6170654296875,18270200
2021-06-01,237.42898559570312,23213300
2021-06-02,237.33299255371094,19406700
2021-06-03,235.80711364746094,25307700
2021-06-04,240.68234252929688,25281100
2021-06-07,243.58062744140625,23079200
2021-06-08,242.39059448242188,22455000
2021-06-09,243.3694610595703,17937600
2021-06-10,246.87237548828125,24563600
2021-06-11,247.4961700439453,18999700
2021-06-14,249.41555786132812,19150500
2021-06-15,247.94723510742188,18038900
2021-06-16,247.00674438476562,27220000
2021-06-17,250.38485717773438,27565500
2021-06-18,248.97415161132812,37202200
2021-06-21,252.045166015625,26696100
2021-06-22,254.80911254882812,24694100
2021-06-23,254.5788116455078,19518700
2021-06-24,255.9415283203125,21446900
2021-06-25,254.33883666992188,25611100
2021-06-28,257.8896789550781,19590000
2021-06-29,260.4617004394531,19937800
2021-06-30,259.9818115234375,21656500
2021-07-01,260.6536560058594,16725300
2021-07-02,266.4598083496094,26458000
2021-07-06,266.46942138671875,31565600
2021-07-07,268.6478271484375,23260000
2021-07-08,266.2390441894531,24618600
2021-07-09,266.73809814453125,23916700
2021-07-12,266.14306640625,18931700
2021-07-13,269.65557861328125,26120100
2021-07-14,271.12396240234375,23113700
2021-07-15,269.7036437988281,22604200
2021-07-16,269.4349365234375,26186800
2021-07-19,265.84564208984375,32935600
2021-07-20,268.0625305175781,26259700
2021-07-21,270.0586242675781,24364300
2021-07-22,274.60760498046875,23384100
2021-07-23,277.99530029296875,22768100
2021-07-26,277.400390625,23176100
2021-07-27,274.9915466308594,33604100
2021-07-28,274.684326171875,33566900
2021-07-29,274.95306396484375,18168300
2021-07-30,273.4272155761719,20944800
2021-08-02,273.3408203125,16267400
2021-08-03,275.5481262207031,17879000
2021-08-04,274.9627380371094,16191300
2021-08-05,277.8514099121094,13900200
2021-08-06,277.7938537597656,16589300
2021-08-09,276.7093505859375,16117600
2021-08-10,274.8955383300781,18616600
2021-08-11,275.3849792480469,13955900
2021-08-12,278.12969970703125,14561300
2021-08-13,281.0471496582031,18249000
2021-08-16,282.7267150878906,22507600
2021-08-17,281.26788330078125,20075300
2021-08-18,279.54681396484375,21813000
2021-08-19,285.3544006347656,29850500
2021-08-20,292.6524658203125,40817600
2021-08-23,292.9313049316406,22830200
2021-08-24,290.97943115234375,18175800
2021-08-25,290.392822265625,20006100
2021-08-26,287.5851135253906,17666100
2021-08-27,288.19097900390625,22605700
2021-08-30,291.912109375,16348100
2021-08-31,290.2678527832031,26285300
2021-09-01,290.2198181152344,18983800
2021-09-02,289.5659484863281,16285600
2021-09-03,289.55633544921875,14747900
2021-09-07,288.63330078125,17180400
2021-09-08,288.6621398925781,15046800
2021-09-09,285.8160095214844,19927000
2021-09-10,284.3352355957031,19633400
2021-09-13,285.5660095214844,23652900
2021-09-14,288.2582702636719,21853400
2021-09-15,293.0947570800781,28356300
2021-09-16,293.47943115234375,19550800
2021-09-17,288.33514404296875,41372500
2021-09-20,282.9794921875,38278700
2021-09-21,283.4602355957031,22364100
2021-09-22,287.0948181152344,26626300
2021-09-23,288.03717041015625,18604600
2021-09-24,287.8352355957031,14999000
2021-09-27,282.8544616699219,23571700
2021-09-28,272.61407470703125,43186200
2021-09-29,273.07568359375,26353700
2021-09-30,271.0756530761719,32343600
2021-10-01,277.97943115234375,30086300
2021-10-04,272.2198486328125,31350700
2021-10-05,277.6525573730469,24993000
2021-10-06,281.835205078125,28002600
2021-10-07,283.50830078125,20430500
2021-10-08,283.50830078125,17685700
2021-10-11,282.9121398925781,19298600
2021-10-12,281.61407470703125,17974100
2021-10-13,284.9121398925781,23416300
2021-10-14,291.1044006347656,27262900
2021-10-15,292.5082702636719,25384800
2021-10-18,295.4698181152344,22729300
2021-10-19,296.37359619140625,17682100
2021-10-20,295.585205078125,16537100
2021-10-21,298.8063049316406,16918100
2021-10-22,297.2678527832031,17449300
2021-10-25,296.2774658203125,17554500
2021-10-26,298.1812744140625,28107300
2021-10-27,310.7388916015625,52588700
2021-10-28,311.8735046386719,26297900
2021-10-29,318.8638610839844,34766000
2021-11-01,316.7004699707031,27073200
2021-11-02,320.3158264160156,26487100
2021-11-03,321.1524353027344,21500100
2021-11-04,323.49847412109375,23992200
2021-11-05,323.13311767578125,22570100
2021-11-08,324.02734375,20897000
2021-11-09,323.02734375,21307400
2021-11-10,318.075439453125,25500900
2021-11-11,319.64276123046875,16849800
2021-11-12,323.7677001953125,23831000
2021-11-15,323.1427307128906,16723000
2021-11-16,326.45037841796875,20886800
2021-11-17,326.67193603515625,19053400
2021-11-18,328.74298095703125,22463500
2021-11-19,330.51544189453125,21963400
2021-11-22,327.35595703125,31031100
2021-11-23,325.2847595214844,30427600
2021-11-24,325.5063781738281,21661300
2021-11-26,317.5784912109375,24217200
2021-11-29,324.2733459472656,28563500
2021-11-30,318.45501708984375,42885600
2021-12-01,317.9637451171875,33337600
2021-12-02,317.39544677734375,30766000
2021-12-03,311.1533203125,41779300
2021-12-06,314.21661376953125,30032600
2021-12-07,322.6260986328125,31021900
2021-12-08,322.6742858886719,24761000
2021-12-09,320.8729553222656,22214200
2021-12-10,329.9664306640625,38095700
2021-12-13,326.94171142578125,28899400
2021-12-14,316.2876281738281,44438700
2021-12-15,322.3660583496094,35381100
2021-12-16,312.9739685058594,35034800
2021-12-17,311.9142761230469,47750300
2021-12-20,308.1670837402344,28326500
2021-12-21,315.2762451171875,24740600
2021-12-22,320.9692687988281,24831500
2021-12-23,322.404541015625,19617800
2021-12-27,329.8797912597656,19947000
2021-12-28,328.72381591796875,15661500
2021-12-29,329.39813232421875,15042000
2021-12-30,326.8646240234375,15994500
2021-12-31,323.9747314453125,18000800
2022-01-03,322.4623718261719,28865100
2022-01-04,316.9330139160156,32674300
2022-01-05,304.7667541503906,40054300
2022-01-06,302.35845947265625,39646100
2022-01-07,302.5126037597656,32720000
2022-01-10,302.7341613769531,44289500
2022-01-11,303.4179992675781,29386800
2022-01-12,306.58734130859375,34372200
2022-01-13,293.6116943359375,45366000
2022-01-14,298.8135681152344,39846400
2022-01-18,291.5406188964844,42333200
2022-01-19,292.19573974609375,45933900
2022-01-20,290.52923583984375,35380700
2022-01-21,285.1636962890625,57984400
2022-01-24,285.4912109375,85731500
2022-01-25,277.9004211425781,72848600
2022-01-26,285.8186950683594,90428900
2022-01-27,288.833740234375,53481300
2022-01-28,296.94476318359375,49743700
2022-01-31,299.5649108886719,46444500
2022-02-01,297.4263610839844,40950400
2022-02-02,301.9538879394531,36636000
2022-02-03,290.1921081542969,43730000
2022-02-04,294.7098693847656,35096500
2022-02-07,289.9030456542969,28533300
2022-02-08,293.3805236816406,32421200
2022-02-09,299.7864685058594,31284700
2022-02-10,291.2805480957031,45386200
2022-02-11,284.2099609375,39175600
2022-02-14,284.17144775390625,36359500
2022-02-15,289.4406433105469,27058300
2022-02-16,289.102783203125,29982100
2022-02-17,280.63726806640625,32461600
2022-02-18,277.93450927734375,34264000
2022-02-22,277.73175048828125,41736100
2022-02-23,270.5403747558594,37811200
2022-02-24,284.3633117675781,56989700
2022-02-25,286.9888000488281,32546700
2022-02-28,288.41748046875,34627500
2022-03-01,284.7108154296875,31217800
2022-03-02,289.768798828125,31873000
2022-03-03,285.6471252441406,27314500
2022-03-04,279.7974853515625,32356500
2022-03-07,269.22760009765625,43157200
2022-03-08,266.2738952636719,48159500
2022-03-09,278.48468017578125,35204500
2022-03-10,275.6757507324219,30628000
2022-03-11,270.3472900390625,27209300
2022-03-14,266.8433532714844,30660700
2022-03-15,277.18157958984375,34245100
2022-03-16,284.17022705078125,37826300
2022-03-17,284.9714050292969,30816600
2022-03-18,290.0005798339844,43390600
2022-03-21,288.7746276855469,28351200
2022-03-22,293.5044860839844,27599700
2022-03-23,289.0931396484375,25715400
2022-03-24,293.5431823730469,24484500
2022-03-25,293.1377258300781,22566500
2022-03-28,299.9140625,29578200
2022-03-29,304.46051025390625,30393400
2022-03-30,302.96429443359375,28163600
2022-03-31,297.6070251464844,33422100
2022-04-01,298.678466796875,27110500
2022-04-04,304.0357971191406,24289600
2022-04-05,300.0877685546875,23156700
2022-04-06,289.102783203125,40110400
2022-04-07,290.9078674316406,31411200
2022-04-08,286.6606750488281,24361900
2022-04-11,275.3572082519531,34569300
2022-04-12,272.2682189941406,30966700
2022-04-13,277.6352233886719,21907200
2022-04-14,270.1156921386719,28221600
2022-04-18,270.78173828125,20778000
2022-04-19,275.395751953125,22297700
2022-04-20,276.4190368652344,22906700
2022-04-21,271.0616149902344,29454600
2022-04-22,264.5170593261719,29405800
2022-04-25,270.9747619628906,35678900
2022-04-26,260.8393249511719,46518400
2022-04-27,273.38800048828125,63477700
2022-04-28,279.57550048828125,33646600
2022-04-29,267.8858947753906,37073900
2022-05-02,274.5945739746094,35151100
2022-05-03,271.99798583984375,25978600
2022-05-04,279.9133605957031,33599300
2022-05-05,267.7217712402344,43260400
2022-05-06,265.1927185058594,37780300
2022-05-09,255.39505004882812,47726000
2022-05-10,260.1442565917969,39336400
2022-05-11,251.50502014160156,48975900
2022-05-12,246.4855194091797,51033800
2022-05-13,252.05517578125,34925100
2022-05-16,252.42202758789062,32550900
2022-05-17,257.5572814941406,28828800
2022-05-18,245.83082580566406,31356000
2022-05-19,244.92135620117188,32692300
2022-05-20,244.3601837158203,39199300
2022-05-23,252.18753051757812,33175400
2022-05-24,251.19102478027344,29043900
2022-05-25,253.99676513671875,28547900
2022-05-26,257.26708984375,25002100
2022-05-27,264.36871337890625,26910800
2022-05-31,263.04327392578125,37827700
2022-06-01,263.5754089355469,25292200
2022-06-02,265.66522216796875,44008200
2022-06-03,261.2532958984375,28059000
2022-06-06,260.0245056152344,22400300
2022-06-07,263.6528015136719,22860700
2022-06-08,261.6307067871094,17372300
2022-06-09,256.193115234375,26439700
2022-06-10,244.7761993408203,31422800
2022-06-13,234.3945770263672,46135800
2022-06-14,236.5522003173828,28651500
2022-06-15,243.58615112304688,33111700
2022-06-16,237.01658630371094,33169200
2022-06-17,239.609619140625,43084800
2022-06-21,245.50186157226562,29928300
2022-06-22,244.91165161132812,25939900
2022-06-23,250.45562744140625,25861400
2022-06-24,259.0086669921875,33923200
2022-06-27,256.2898864746094,24615100
2022-06-28,248.15292358398438,27295500
2022-06-29,251.81015014648438,20069800
2022-06-30,248.49154663085938,31730900
2022-07-01,251.1522216796875,22837700
2022-07-05,254.3160858154297,22941000
2022-07-06,257.5670471191406,23824400
2022-07-07,259.6859130859375,20859900
2022-07-08,258.96990966796875,19658800
2022-07-11,255.92221069335938,19455200
2022-07-12,245.43411254882812,35868500
2022-07-13,244.51498413085938,29497400
2022-07-14,245.83082580566406,25102800
2022-07-15,248.38510131835938,29774100
2022-07-18,245.9952850341797,20975000
2022-07-19,251.10385131835938,25012600
2022-07-20,253.75494384765625,22788300
2022-07-21,256.241455078125,22404700
2022-07-22,251.90689086914062,21881300
2022-07-25,250.4265899658203,21056000
2022-07-26,243.72157287597656,39348000
2022-07-27,260.014892578125,45994000
2022-07-28,267.4358215332031,33459300
2022-07-29,271.6252746582031,32152800
2022-08-01,268.9838562011719,21539600
2022-08-02,265.8974914550781,22754200
2022-08-03,273.2990417480469,23518900
2022-08-04,274.4407958984375,18098700
2022-08-05,273.72479248046875,16774600
2022-08-08,271.21893310546875,18739200
2022-08-09,273.13458251953125,23405200
2022-08-10,279.77191162109375,24687800
2022-08-11,277.70135498046875,20065900
2022-08-12,282.4326477050781,22619700
2022-08-15,283.9419250488281,18085700
2022-08-16,283.2066650390625,18102900
2022-08-17,282.46002197265625,18253400
2022-08-18,281.34503173828125,17186200
2022-08-19,277.4472961425781,20570000
2022-08-22,269.302734375,25061100
2022-08-23,268.0325622558594,17527400
2022-08-24,267.4023132324219,18137000
2022-08-25,270.3692932128906,16583400
2022-08-26,259.9365234375,27549300
2022-08-29,257.1635437011719,20338500
2022-08-30,254.97222900390625,22767100
2022-08-31,253.51792907714844,24791800
2022-09-01,252.48040771484375,23263400
2022-09-02,248.2723846435547,22855400
2022-09-06,245.5478515625,21328200
2022-09-07,250.2406768798828,24126700
2022-09-08,250.6575927734375,20319900
2022-09-09,256.4169616699219,22084700
2022-09-12,258.5403747558594,18747700
2022-09-13,244.32620239257812,33353300
2022-09-14,244.5491485595703,23913000
2022-09-15,237.917236328125,31530900
2022-09-16,237.29669189453125,39791800
2022-09-19,237.08338928222656,26826900
2022-09-20,235.07632446289062,26660300
2022-09-21,231.68275451660156,28625600
2022-09-22,233.6510467529297,31061200
2022-09-23,230.68409729003906,34176000
2022-09-26,230.22837829589844,27694200
2022-09-27,229.22003173828125,27018700
2022-09-28,233.73831176757812,29029700
2022-09-29,230.27688598632812,27484200
2022-09-30,225.81675720214844,35694800
2022-10-03,233.4183349609375,28880400
2022-10-04,241.310791015625,34888400
2022-10-05,241.62103271484375,20347100
2022-10-06,239.28431701660156,20239900
2022-10-07,227.1160125732422,37769600
2022-10-10,222.27777099609375,29743600
2022-10-11,218.55459594726562,30474000
2022-10-12,218.88421630859375,21903900
2022-10-13,227.1160125732422,42551800
2022-10-14,221.60874938964844,30198600
2022-10-17,230.3059539794922,28142300
2022-10-18,231.24647521972656,26329600
2022-10-19,229.28790283203125,19985700
2022-10-20,228.96795654296875,21811000
2022-10-21,234.75637817382812,26299700
2022-10-24,239.73037719726562,24911200
2022-10-25,243.03663635253906,34775500
2022-10-26,224.28485107421875,82543200
2022-10-27,219.85382080078125,40424600
2022-10-28,228.6964569091797,40647700
2022-10-31,225.07020568847656,28357300
2022-11-01,221.2306365966797,30592300
2022-11-02,213.40606689453125,38407000
2022-11-03,207.73397827148438,36633900
2022-11-04,214.65679931640625,36789100
2022-11-07,220.9397735595703,33498000
2022-11-08,221.9093475341797,28192500
2022-11-09,217.68194580078125,27852900
2022-11-10,235.59022521972656,46268000
2022-11-11,239.59458923339844,34620200
2022-11-14,234.20370483398438,31123300
2022-11-15,234.61093139648438,31390100
2022-11-16,235.03871154785156,24093300
2022-11-17,234.99009704589844,23123500
2022-11-18,234.5428466796875,27613500
2022-11-21,235.34991455078125,26394700
2022-11-22,238.24740600585938,19665700
2022-11-23,240.72683715820312,19508500
2022-11-25,240.63926696777344,9200800
2022-11-28,235.06793212890625,24778200
2022-11-29,233.677490234375,17956300
2022-11-30,248.07754516601562,47594200
2022-12-01,247.6399688720703,26041500
2022-12-02,247.9608917236328,21528500
2022-12-05,243.27427673339844,23435300
2022-12-06,238.3349151611328,22463700
2022-12-07,237.60565185546875,20481500
2022-12-08,240.55178833007812,22611800
2022-12-09,238.62657165527344,20609700
2022-12-12,245.52035522460938,30665100
2022-12-13,249.8083038330078,42196900
2022-12-14,250.09999084472656,35410900
2022-12-15,242.1172332763672,35560400
2022-12-16,237.91680908203125,86102000
2022-12-19,233.79417419433594,29696400
2022-12-20,235.1068115234375,25150800
2022-12-21,237.6640167236328,23690600
2022-12-22,231.5967559814453,28651700
2022-12-23,232.1217803955078,21207000
2022-12-27,230.4008026123047,16688600
2022-12-28,228.03802490234375,17457100
2022-12-29,234.3386688232422,19770700
2022-12-30,233.18162536621094,21938500
2023-01-03,232.9482421875,25740000
2023-01-04,222.7583770751953,50623400
2023-01-05,216.1562957763672,39585600
2023-01-06,218.70376586914062,43613600
2023-01-09,220.8331756591797,27369800
2023-01-10,222.5153045654297,27033900
2023-01-11,229.24371337890625,28669300
2023-01-12,231.9078826904297,27269500
2023-01-13,232.60794067382812,21333300
2023-01-17,233.6969757080078,29831300
2023-01-18,229.2826385498047,30028700
2023-01-19,225.50999450683594,28623000
2023-01-20,233.57054138183594,35389800
2023-01-23,235.86520385742188,31934000
2023-01-24,235.34014892578125,40234400
2023-01-25,233.9497528076172,66526600
2023-01-26,241.13519287109375,33454500
2023-01-27,241.290771484375,26498900
2023-01-30,235.99160766601562,25867400
2023-01-31,240.95045471191406,26541100
2023-02-01,245.75372314453125,31259900
2023-02-02,257.2756652832031,39940400
2023-02-03,251.1986846923828,29077300
2023-02-06,249.66241455078125,22518000
2023-02-07,260.1537170410156,50841400
2023-02-08,259.34674072265625,54686000
2023-02-09,256.3228454589844,42375100
2023-02-10,255.81719970703125,25818500
2023-02-13,263.8096923828125,44630900
2023-02-14,264.6361083984375,37047900
2023-02-15,262.5209045410156,28922400
2023-02-16,255.53192138671875,29603600
2023-02-17,251.5452117919922,30000100
2023-02-21,246.29127502441406,28397400
2023-02-22,245.1605224609375,22491100
2023-02-23,248.33822631835938,29219100
2023-02-24,242.92835998535156,24990900
2023-02-27,243.84463500976562,21190000
2023-02-28,243.12335205078125,22491000
2023-03-01,240.05284118652344,27565300
2023-03-02,244.77064514160156,24808200
2023-03-03,248.8450927734375,30760100
2023-03-06,250.38525390625,24109800
2023-03-07,247.73390197753906,21473200
2023-03-08,247.2952423095703,17340200
2023-03-09,245.95010375976562,26653400
2023-03-10,242.31423950195312,28333900
2023-03-13,247.50973510742188,33339700
2023-03-14,254.20628356933594,33620300
2023-03-15,258.7388610839844,46028000
2023-03-16,269.2272644042969,54768800
2023-03-17,272.3756408691406,69527400
2023-03-20,265.35748291015625,43466600
2023-03-21,266.86834716796875,34558700
2023-03-22,265.41595458984375,34873300
2023-03-23,270.65045166015625,36610900
2023-03-24,273.4869079589844,28172000
2023-03-27,269.4027404785156,26840200
2023-03-28,268.28173828125,21878600
2023-03-29,273.42840576171875,25087000
2023-03-30,276.8790588378906,25053400
2023-03-31,281.02178955078125,32766000
2023-04-03,279.9787902832031,24883300
2023-04-04,279.9300537109375,25824300
2023-04-05,277.1618347167969,22064800
2023-04-06,284.2384948730469,29770300
2023-04-10,282.08428955078125,23103000
2023-04-11,275.6898193359375,27276600
2023-04-12,276.33319091796875,27403400
2023-04-13,282.52288818359375,24222700
2023-04-14,278.91632080078125,20987900
2023-04-17,281.5091552734375,23836200
2023-04-18,281.0899353027344,20161800
2023-04-19,281.16802978515625,17150300
2023-04-20,278.8870544433594,23244400
2023-04-21,278.5459289550781,21676400
2023-04-24,274.6566162109375,26611000
2023-04-25,268.4670104980469,45772200
2023-04-26,287.9132995605469,64599200
2023-04-27,297.134521484375,46462600
2023-04-28,299.50311279296875,36469600
2023-05-01,297.8460693359375,21294100
2023-05-02,297.6998596191406,26404400
2023-05-03,296.7153015136719,22360800
2023-05-04,297.6998596191406,22519900
2023-05-05,302.8075256347656,28197100
2023-05-08,300.8580322265625,21318600
2023-05-09,299.2497253417969,21340800
2023-05-10,304.4256286621094,30078000
2023-05-11,302.2811279296875,31680200
2023-05-12,301.1699523925781,19774700
2023-05-15,301.6476135253906,16336500
2023-05-16,303.8699645996094,26730300
2023-05-17,306.74200439453125,24315000
2023-05-18,311.1576232910156,27276000
2023-05-19,310.981689453125,27546700
2023-05-22,313.756103515625,24115700
2023-05-23,307.9729309082031,30797200
2023-05-24,306.5954895019531,23384900
2023-05-25,318.38653564453125,43301700
2023-05-26,325.1954345703125,36630600
2023-05-30,323.5542297363281,29503100
2023-05-31,320.7994689941406,45950600
2023-06-01,324.8925476074219,26773900
2023-06-02,327.6474304199219,25873800
2023-06-05,328.1749572753906,21307100
2023-06-06,325.9671325683594,20396200
2023-06-07,315.9052734375,40717100
2023-06-08,317.7417907714844,23277700
2023-06-09,319.2364196777344,22529000
2023-06-12,324.1794738769531,24260300
2023-06-13,326.56304931640625,22951300
2023-06-14,329.5426025390625,26003800
2023-06-15,340.0538635253906,38899100
2023-06-16,334.41729736328125,46552000
2023-06-20,330.2361145019531,26375400
2023-06-21,325.84991455078125,25117800
2023-06-22,331.8578186035156,23556800
2023-06-23,327.2762145996094,23146900
2023-06-26,321.00457763671875,21520600
2023-06-27,326.83660888671875,24354100
2023-06-28,328.08697509765625,20259500
2023-06-29,327.3055419921875,16997000
2023-06-30,332.6685791015625,26832800
2023-07-03,330.1775817871094,12508700
2023-07-05,330.3338623046875,18172400
2023-07-06,333.3816833496094,28161200
2023-07-07,329.4253845214844,21214800
2023-07-10,324.1599426269531,32791400
2023-07-11,324.7851257324219,26698200
2023-07-12,329.4057922363281,29995300
2023-07-13,334.7396240234375,20567200
2023-07-14,337.2600402832031,28352700
2023-07-17,337.7386474609375,20363900
2023-07-18,351.1805725097656,64738600
2023-07-19,346.87249755859375,39732900
2023-07-20,338.852294921875,33778400
2023-07-21,335.8239440917969,69405400
2023-07-24,337.1329650878906,26678100
2023-07-25,342.8673095703125,41637700
2023-07-26,329.9626770019531,58383700
2023-07-27,323.0755920410156,39635300
2023-07-28,330.5487365722656,28484900
2023-07-31,328.1554260253906,25446000
2023-08-01,328.565673828125,18311900
2023-08-02,319.9300231933594,27761300
2023-08-03,319.10943603515625,18253700
2023-08-04,320.20355224609375,23741500
2023-08-07,322.47967529296875,17741500
2023-08-08,318.5135192871094,22327600
2023-08-09,314.7818298339844,22373300
2023-08-10,315.4656982421875,20113700
2023-08-11,313.5901184082031,24355500
2023-08-14,316.54998779296875,18836100
2023-08-15,314.42041015625,16966300
2023-08-16,313.6567687988281,20698900
2023-08-17,310.21087646484375,21257200
2023-08-18,309.8193664550781,24755000
2023-08-21,315.10565185546875,24040000
2023-08-22,315.67340087890625,16084600
2023-08-23,320.117919921875,21166400
2023-08-24,313.2358093261719,23281400
2023-08-25,316.1825256347656,21684100
2023-08-28,316.88739013671875,14808500
2023-08-29,321.498291015625,19284600
2023-08-30,321.8702392578125,15222100
2023-08-31,320.8619689941406,26411000
2023-09-01,321.7430114746094,14942000
2023-09-05,326.5300598144531,18553900
2023-09-06,325.8741760253906,17535800
2023-09-07,322.9666442871094,18381000
2023-09-08,327.2348937988281,19530100
2023-09-11,330.82763671875,16583300
2023-09-12,324.78741455078125,17565500
2023-09-13,328.9873046875,16544400
2023-09-14,331.57171630859375,20267000
2023-09-15,323.27020263671875,37679800
2023-09-18,322.13458251953125,16834200
2023-09-19,321.7331237792969,16505900
2023-09-20,314.01898193359375,21436500
2023-09-21,312.8050842285156,35560400
2023-09-22,310.33819580078125,21447900
2023-09-25,310.85699462890625,17836000
2023-09-26,305.5706481933594,26297600
2023-09-27,306.2070007324219,19410100
2023-09-28,307.0391540527344,19683600
2023-09-29,309.1047058105469,24147300
2023-10-02,315.02734375,20570000
2023-10-03,306.7943420410156,21033500
2023-10-04,312.2471008300781,20720100
2023-10-05,312.6387023925781,16965600
2023-10-06,320.37237548828125,25673600
2023-10-09,322.8785400390625,19891200
2023-10-10,321.4786376953125,20557100
2023-10-11,325.4238586425781,20063200
2023-10-12,324.1903381347656,19313100
2023-10-13,320.83258056640625,21072400
2023-10-16,325.63922119140625,22158000
2023-10-17,325.0714111328125,18338500
2023-10-18,323.16241455078125,23153600
2023-10-19,324.3469543457031,25052100
2023-10-20,319.79486083984375,25027700
2023-10-23,322.38909912109375,24374700
2023-10-24,323.57366943359375,31153600
2023-10-25,333.50018310546875,55053800
2023-10-26,320.9891662597656,37828500
2023-10-27,322.86871337890625,29856500
2023-10-30,330.2109375,22828100
2023-10-31,330.9940185546875,20265300
2023-11-01,338.7865295410156,28158800
2023-11-02,340.9892578125,24348100
2023-11-03,345.3749084472656,23637700
2023-11-06,349.02642822265625,23828300
2023-11-07,352.9422302246094,25833900
2023-11-08,355.5559997558594,26767800
2023-11-09,353.0989074707031,24847300
2023-11-10,361.889892578125,28042100
2023-11-13,358.9627685546875,19986500
2023-11-14,362.4772033691406,27683900
2023-11-15,362.6243896484375,26860100
2023-11-16,369.0005187988281,27182300
2023-11-17,362.80096435546875,40157000
2023-11-20,370.24627685546875,52465100
2023-11-21,365.9596252441406,28423100
2023-11-22,370.64849853515625,23345300
2023-11-24,370.2364807128906,10176600
2023-11-27,371.3939514160156,22179200
2023-11-28,375.40606689453125,20453100
2023-11-29,371.62939453125,28963400
2023-11-30,371.6882629394531,30554400
2023-12-01,367.3721923828125,33040500
2023-12-04,362.1045227050781,32063300
2023-12-05,365.4200439453125,23065000
2023-12-06,361.77093505859375,21182100
2023-12-07,363.8800048828125,23118900
2023-12-08,367.0974426269531,20154400
2023-12-11,364.2232666015625,27708800
2023-12-12,367.2445983886719,24838300
2023-12-13,367.23480224609375,30955500
2023-12-14,358.95562744140625,43277500
2023-12-15,363.6642150878906,78502300
2023-12-18,365.5475158691406,21802900
2023-12-19,366.1459045410156,20603700
2023-12-20,363.5562744140625,26316700
2023-12-21,366.4206237792969,17708000
2023-12-22,367.4408264160156,17107500
2023-12-26,367.519287109375,12673100
2023-12-27,366.94061279296875,14905400
2023-12-28,368.1274108886719,14327000
2023-12-29,368.87298583984375,18730800
2024-01-02,363.8014831542969,25258600
2024-01-03,363.5367126464844,23083500
2024-01-04,360.9273681640625,20901500
2024-01-05,360.740966796875,21004600
2024-01-08,367.5487060546875,23134000
2024-01-09,368.62774658203125,20830000
2024-01-10,375.47467041015625,25514200
2024-01-11,377.2992248535156,27850800
2024-01-12,381.06610107421875,21661200
2024-01-16,382.83172607421875,27202300
2024-01-17,382.04705810546875,22234100
2024-01-18,386.36309814453125,23392100
2024-01-19,391.0716552734375,29331100
2024-01-22,388.95281982421875,27016900
2024-01-23,391.2972412109375,20525900
2024-01-24,394.88751220703125,24867000
2024-01-25,397.15350341796875,21021200
2024-01-26,396.2313232421875,17803300
2024-01-29,401.9110412597656,24510200
2024-01-30,400.8025817871094,33477600
2024-01-31,390.00244140625,47871100
2024-02-01,396.084228515625,30657700
2024-02-02,403.3824462890625,28256700
2024-02-05,397.91864013671875,25352300
2024-02-06,397.76165771484375,18382600
2024-02-07,406.1585388183594,22340500
2024-02-08,406.2173767089844,21225300
2024-02-09,412.53460693359375,22032800
2024-02-12,407.345458984375,21202900
2024-02-13,398.57586669921875,27824900
2024-02-14,402.4282531738281,20401200
2024-02-15,399.5487976074219,21825500
2024-02-16,397.0919189453125,22296500
2024-02-20,395.8437805175781,24307900
2024-02-21,395.2442932128906,18518900
2024-02-22,404.551025390625,27009900
2024-02-23,403.2635498046875,16295900
2024-02-26,400.5118713378906,16193500
2024-02-27,400.45294189453125,14835800
2024-02-28,400.68878173828125,13183100
2024-02-29,406.5067138671875,31947300
2024-03-01,408.3345947265625,17823400
2024-03-04,407.7646484375,17596000
2024-03-05,395.7062683105469,26919200
2024-03-06,395.1558532714844,22344100
2024-03-07,402.0843505859375,18718500
2024-03-08,399.2146301269531,18002200
2024-03-11,397.5439147949219,16120800
2024-03-12,408.118408203125,22457000
2024-03-13,407.9414978027344,17115900
2024-03-14,417.88702392578125,34157300
2024-03-15,409.2387390136719,45079900
2024-03-18,410.1232604980469,20106000
2024-03-19,414.1427307128906,19837900
2024-03-20,417.8968505859375,17860100
2024-03-21,421.96539306640625,21296200
2024-03-22,421.3462829589844,17648500
2024-03-25,415.5676574707031,18060500
2024-03-26,414.3785400390625,16725600
2024-03-27,414.162353515625,16705000
2024-03-28,413.4645690917969,21871200
2024-04-01,417.2481689453125,16316000
2024-04-02,414.17218017578125,17912000
2024-04-03,413.1991882324219,16502300
2024-04-04,410.6735534667969,19370900
2024-04-05,418.18182373046875,16554800
2024-04-08,417.2678527832031,14272400
2024-04-09,418.9287109375,12496900
2024-04-10,415.9608459472656,16216600
2024-04-11,420.55023193359375,17966400
2024-04-12,414.624267578125,19253800
2024-04-15,406.5067138671875,20273500
2024-04-16,407.4304504394531,16765600
2024-04-17,404.7377624511719,15855500
2024-04-18,397.29827880859375,21029900
2024-04-19,392.2370910644531,30565800
2024-04-22,394.04534912109375,20286900
2024-04-23,400.5414123535156,15734500
2024-04-24,402.0056457519531,15065300
2024-04-25,392.15850830078125,40586500
2024-04-26,399.3129577636719,29694700
2024-04-29,395.3131103515625,19582100
2024-04-30,382.61590576171875,28781400
2024-05-01,388.129150390625,23562500
2024-05-02,390.97918701171875,17709400
2024-05-03,399.6470947265625,17446700
2024-05-06,406.4084167480469,16996600
2024-05-07,402.2808532714844,20018200
2024-05-08,403.46014404296875,11792300
2024-05-09,405.2095031738281,14689700
2024-05-10,407.58770751953125,13402300
2024-05-13,406.5853271484375,15440200
2024-05-14,409.3763427734375,15109300
2024-05-15,416.5338439941406,22239500
2024-05-16,414.4761657714844,17530100
2024-05-17,413.7082214355469,15352200
2024-05-20,418.75885009765625,16272100
2024-05-21,422.4016418457031,21453300
2024-05-22,423.8587646484375,18073700
2024-05-23,420.3931884765625,17211700
2024-05-24,423.50433349609375,11855300
2024-05-28,423.661865234375,15718000
2024-05-29,422.52960205078125,15517100
2024-05-30,408.2539978027344,28394500
2024-05-31,408.7068176269531,47995300
2024-06-03,407.1217956542969,17484700
2024-06-04,409.6322937011719,14348900
2024-06-05,417.449462890625,16988000
2024-06-06,417.9515380859375,14861300
2024-06-07,417.29193115234375,13621700
2024-06-10,421.2497253417969,13982900
2024-06-11,425.9852600097656,14551100
2024-06-12,434.23565673828125,22366200
2024-06-13,434.74761962890625,15960600
2024-06-14,435.7222595214844,13582000
2024-06-17,441.43255615234375,20790000
2024-06-18,439.4339599609375,17112500
2024-06-20,438.80389404296875,19877400
2024-06-21,442.82073974609375,34187100
2024-06-24,440.743408203125,15913700
2024-06-25,443.9726257324219,16413400
2024-06-26,445.16387939453125,16507000
2024-06-27,445.84326171875,14806300
2024-06-28,440.0345153808594,28362300
2024-07-01,449.6632080078125,17662800
2024-07-02,452.1737365722656,13979800
2024-07-03,453.64068603515625,9932800
2024-07-05,460.3256530761719,16000300
2024-07-08,459.0260314941406,12962300
2024-07-09,452.4297180175781,17207200
2024-07-10,459.03594970703125,18196100
2024-07-11,447.6646423339844,23111200
2024-07-12,446.5323791503906,16324300
2024-07-15,446.9360656738281,14429400
2024-07-16,442.5647888183594,17175700
2024-07-17,436.6575927734375,21778000
2024-07-18,433.55633544921875,20794800
2024-07-19,430.34674072265625,20940400
2024-07-22,436.0865173339844,15808800
2024-07-23,437.9670104980469,13107100
2024-07-24,422.2638244628906,26805800
2024-07-25,411.9262390136719,29943800
2024-07-26,418.6899719238281,23583800
2024-07-29,420.1274108886719,15125800
2024-07-30,416.3763732910156,32687600
2024-07-31,411.8770446777344,42891400
2024-08-01,410.6561584472656,30296400
2024-08-02,402.1695556640625,29437900
2024-08-05,389.0359802246094,40709200
2024-08-06,393.4270324707031,24946500
2024-08-07,392.2652893066406,20650900
2024-08-08,396.4593200683594,20203000
2024-08-09,399.73779296875,19276700
2024-08-12,400.51556396484375,16762900
2024-08-13,407.60418701171875,19414300
2024-08-14,410.4101257324219,18267000
2024-08-15,415.2627258300781,20752100
2024-08-16,412.73779296875,22775600
2024-08-19,415.7558288574219,15234000
2024-08-20,418.9810791015625,16387600
2024-08-21,418.3301086425781,16067300
2024-08-22,409.8577575683594,19361900
2024-08-23,411.0807800292969,18493800
2024-08-26,407.825927734375,13152800
2024-08-27,408.1712341308594,13492900
2024-08-28,404.9755554199219,14882700
2024-08-29,407.46099853515625,17045200
2024-08-30,411.42596435546875,24308300
2024-09-03,403.8314514160156,20313600
2024-09-04,403.29888916015625,15135800
2024-09-05,402.7958679199219,14195500
2024-09-06,396.197509765625,19609500
2024-09-09,400.1623840332031,15295100
2024-09-10,408.5262451171875,19594300
2024-09-11,417.24517822265625,19266900
2024-09-12,421.15093994140625,17395700
2024-09-13,424.6917419433594,15874600
2024-09-16,425.43145751953125,13834700
2024-09-17,429.1892395019531,18874200
2024-09-18,424.9087219238281,18898000
2024-09-19,432.6807861328125,21706600
2024-09-20,429.3075866699219,55167100
2024-09-23,427.5717468261719,15128900
2024-09-24,423.29119873046875,17015800
2024-09-25,426.1909484863281,13396400
2024-09-26,425.40191650390625,14492000
2024-09-27,422.15692138671875,14896100
2024-09-30,424.4056701660156,16807300
2024-10-01,414.9273376464844,19092900
2024-10-02,411.4161376953125,16582300
2024-10-03,410.834228515625,13686400
2024-10-04,410.36077880859375,19169700
2024-10-07,403.9300842285156,20919800
2024-10-08,409.0292663574219,19229300
2024-10-09,411.7415771484375,14974300
2024-10-10,410.143798828125,13848400
2024-10-11,410.6172180175781,14144900
2024-10-14,413.3985595703125,16653100
2024-10-15,413.0040588378906,18900200
2024-10-16,410.4199523925781,15508900
2024-10-17,411.0117492675781,14820000
2024-10-18,412.4320373535156,17145300
2024-10-21,413.0435485839844,14206100
2024-10-22,421.6539611816406,25482200
2024-10-23,418.7838439941406,19654400
2024-10-24,418.9120178222656,13581600
2024-10-25,422.28515625,16899100
2024-10-28,420.74652099609375,14882400
2024-10-29,426.0331115722656,17644100
2024-10-30,426.60516357421875,29749100
2024-10-31,400.7838134765625,53971000
2024-11-01,404.74871826171875,24230400
2024-11-04,402.8648376464844,19672300
2024-11-05,405.8237609863281,17626000
2024-11-06,414.4243469238281,26681800
2024-11-07,419.6023864746094,19901800
2024-11-08,416.7520446777344,16891400
2024-11-11,412.28411865234375,24503300
2024-11-12,417.23529052734375,19401200
2024-11-13,419.3756103515625,21502200
2024-11-14,421.0424499511719,30246900
2024-11-15,409.3153076171875,28247600
2024-11-18,410.0649108886719,24727000
2024-11-19,412.067138671875,18133500
2024-11-20,409.798583984375,19191700
2024-11-21,408.0295715332031,20780200
2024-11-22,412.11114501953125,24814600
2024-11-25,413.8801574707031,27691100
2024-11-26,422.9722900390625,23458900
2024-11-27,418.0309143066406,18332400
2024-11-29,418.4953918457031,16271900
2024-12-02,425.92730712890625,20207200
2024-12-03,426.1446838378906,18302000
2024-12-04,432.291748046875,26009400
2024-12-05,437.4307861328125,21697800
2024-12-06,438.36968994140625,18821000
2024-12-09,440.7908935546875,19144400
2024-12-10,438.1324462890625,18469500
2024-12-11,443.7261047363281,19200200
2024-12-12,444.2893981933594,20834800
2024-12-13,442.0262145996094,20177800
2024-12-16,446.2956237792969,23598800
2024-12-17,449.1319885253906,22733500
2024-12-18,432.26214599609375,24444500
2024-12-19,431.90631103515625,22963700
2024-12-20,431.48138427734375,64263700
2024-12-23,430.147216796875,19152500
2024-12-24,434.1793212890625,7164500
2024-12-26,432.9736328125,8194200
2024-12-27,425.4825439453125,18117700
2024-12-30,419.849365234375,13158700
2024-12-31,416.5583801269531,13246500
