date,close,volume
2014-01-02,0.3734085261821747,260092000
2014-01-03,0.3689351975917816,259332000
2014-01-06,0.37387943267822266,409492000
2014-01-07,0.38000088930130005,333288000
2014-01-08,0.3851805627346039,308192000
2014-01-09,0.37081870436668396,292172000
2014-01-10,0.370347797870636,218492000
2014-01-13,0.36163657903671265,243332000
2014-01-14,0.37293773889541626,241828000
2014-01-15,0.37694022059440613,175044000
2014-01-16,0.37811729311943054,220652000
2014-01-17,0.37646913528442383,340400000
2014-01-21,0.3778819441795349,246076000
2014-01-22,0.37741097807884216,337940000
2014-01-23,0.375998318195343,185028000
2014-01-24,0.36634528636932373,246696000
2014-01-27,0.36399081349372864,233812000
2014-01-28,0.3675224781036377,167996000
2014-01-29,0.36399081349372864,162944000
2014-01-30,0.37011250853538513,202896000
2014-01-31,0.36964160203933716,335348000
2014-02-03,0.3646971583366394,431728000
2014-02-04,0.3668161630630493,280692000
2014-02-05,0.3635199964046478,214676000
2014-02-06,0.36822882294654846,168380000
2014-02-07,0.3736439645290375,157248000
2014-02-10,0.37482115626335144,324372000
2014-02-11,0.38259071111679077,235384000
2014-02-12,0.3962462842464447,744528000
2014-02-13,0.40872442722320557,902836000
2014-02-14,0.42167383432388306,817536000
2014-02-18,0.4214385151863098,428988000
2014-02-19,0.4270889461040497,450340000
2014-02-20,0.44215723872184753,398088000
2014-02-21,0.4388609528541565,451052000
2014-02-24,0.4452178478240967,403112000
2014-02-25,0.4432075619697571,242184000
2014-02-26,0.4424981474876404,360884000
2014-02-27,0.4375315010547638,388848000
2014-02-28,0.4346933960914612,321692000
2014-03-03,0.4325648546218872,375948000
2014-03-04,0.4370584487915039,260344000
2014-03-05,0.44084253907203674,241472000
2014-03-06,0.4346933960914612,290144000
2014-03-07,0.4342205226421356,268452000
2014-03-10,0.42783477902412415,300888000
2014-03-11,0.43209195137023926,297220000
2014-03-12,0.4332744777202606,239428000
2014-03-13,0.4195573031902313,385172000
2014-03-14,0.421449214220047,460048000
2014-03-17,0.421449214220047,299656000
2014-03-18,0.43138232827186584,293904000
2014-03-19,0.4389505684375763,366168000
2014-03-20,0.43918707966804504,191800000
2014-03-21,0.4384775459766388,566116000
2014-03-24,0.43634894490242004,306096000
2014-03-25,0.43634894490242004,304424000
2014-03-26,0.4264158606529236,557756000
2014-03-27,0.4207398295402527,540728000
2014-03-28,0.42334142327308655,398820000
2014-03-31,0.42357778549194336,273404000
2014-04-01,0.44107910990715027,656272000
2014-04-02,0.43824103474617004,239948000
2014-04-03,0.4429711699485779,599548000
2014-04-04,0.4292539954185486,368032000
2014-04-07,0.43067291378974915,428576000
2014-04-08,0.44604551792144775,470692000
2014-04-09,0.4455726742744446,421968000
2014-04-10,0.4346933960914612,372748000
2014-04-11,0.42854440212249756,353112000
2014-04-14,0.4332744777202606,290184000
2014-04-15,0.43634894490242004,304636000
2014-04-16,0.43729501962661743,235136000
2014-04-17,0.4389505684375763,153532000
2014-04-21,0.4424981474876404,117004000
2014-04-22,0.4462820589542389,255120000
2014-04-23,0.451485276222229,261580000
2014-04-24,0.4555057883262634,391492000
2014-04-25,0.4429711699485779,313600000
2014-04-28,0.44107910990715027,226788000
2014-04-29,0.4420250356197357,171300000
2014-04-30,0.4368218779563904,305740000
2014-05-01,0.43918707966804504,198104000
2014-05-02,0.4358760714530945,156376000
2014-05-05,0.44060611724853516,239260000
2014-05-06,0.4316188395023346,416188000
2014-05-07,0.43209195137023926,293900000
2014-05-08,0.4375315010547638,432728000
2014-05-09,0.4268887937068939,539532000
2014-05-12,0.4394235908985138,299856000
2014-05-13,0.43232837319374084,221104000
2014-05-14,0.42807134985923767,214320000
2014-05-15,0.4257061779499054,325896000
2014-05-16,0.4247603118419647,283960000
2014-05-19,0.4384775459766388,360076000
2014-05-20,0.4333692193031311,256200000
2014-05-21,0.4333692193031311,216712000
2014-05-22,0.4352700412273407,130364000
2014-05-23,0.43930909037590027,182656000
2014-05-27,0.4471496045589447,209680000
2014-05-28,0.45095109939575195,224676000
2014-05-29,0.4502384066581726,171884000
2014-05-30,0.45142632722854614,239128000
2014-06-02,0.4500007927417755,181500000
2014-06-03,0.4481000304222107,243212000
2014-06-04,0.44857507944107056,161236000
2014-06-05,0.4504759907722473,188696000
2014-06-06,0.4521390497684479,161052000
2014-06-09,0.4526142179965973,247456000
2014-06-10,0.4549902081489563,217608000
2014-06-11,0.4609299898147583,266228000
2014-06-12,0.46378108859062195,337148000
2014-06-13,0.46425631642341614,227852000
2014-06-16,0.46283072233200073,198620000
2014-06-17,0.4659193754196167,157608000
2014-06-18,0.46544429659843445,215536000
2014-06-19,0.4547525644302368,474592000
2014-06-20,0.4497630000114441,353148000
2014-06-23,0.44453611969947815,414200000
2014-06-24,0.43764588236808777,275780000
2014-06-25,0.44216015934944153,215420000
2014-06-26,0.43622031807899475,256908000
2014-06-27,0.43669557571411133,302820000
2014-06-30,0.4404970705509186,180512000
2014-07-01,0.4454863965511322,321180000
2014-07-02,0.44382327795028687,179284000
2014-07-03,0.4478624165058136,136892000
2014-07-07,0.44429856538772583,127496000
2014-07-08,0.4407346844673157,221940000
2014-07-09,0.4540398120880127,387668000
2014-07-10,0.4516638219356537,266308000
2014-07-11,0.4526142179965973,191188000
2014-07-14,0.4583165943622589,272636000
2014-07-15,0.4602172374725342,395440000
2014-07-16,0.45974206924438477,319728000
2014-07-17,0.4585540294647217,324832000
2014-07-18,0.43812114000320435,567816000
2014-07-21,0.4407346844673157,243364000
2014-07-22,0.43883392214775085,298816000
2014-07-23,0.42956769466400146,297352000
2014-07-24,0.43028053641319275,254576000
2014-07-25,0.4226776957511902,266132000
2014-07-28,0.4210144877433777,330352000
2014-07-29,0.4224400222301483,217972000
2014-07-30,0.42956769466400146,246184000
2014-07-31,0.4157874584197998,401880000
2014-08-01,0.42030176520347595,219884000
2014-08-04,0.419351190328598,241724000
2014-08-05,0.4195888936519623,298136000
2014-08-06,0.4191136658191681,223456000
2014-08-07,0.4148370325565338,407696000
2014-08-08,0.45142632722854614,894348000
2014-08-11,0.4490503966808319,344624000
2014-08-12,0.4490503966808319,296152000
2014-08-13,0.4516638219356537,256596000
2014-08-14,0.44667452573776245,255992000
2014-08-15,0.45237672328948975,369796000
2014-08-18,0.4585540294647217,284076000
2014-08-19,0.4622531235218048,248260000
2014-08-20,0.4593893885612488,221468000
2014-08-21,0.45509371161460876,272796000
2014-08-22,0.4553324580192566,251224000
2014-08-25,0.45604825019836426,153380000
2014-08-26,0.4641622006893158,269636000
2014-08-27,0.45891204476356506,182972000
2014-08-28,0.4627302289009094,179704000
2014-08-29,0.4641622006893158,207932000
2014-09-02,0.4653555452823639,192636000
2014-09-03,0.46965110301971436,259456000
2014-09-04,0.478003591299057,491832000
2014-09-05,0.4765716791152954,253792000
2014-09-08,0.4722762405872345,319288000
2014-09-09,0.46630993485450745,198588000
2014-09-10,0.4679805338382721,172376000
2014-09-11,0.4632076025009155,250720000
2014-09-12,0.45628687739372253,262536000
2014-09-15,0.4500821828842163,294152000
2014-09-16,0.45676419138908386,219936000
2014-09-17,0.4570028483867645,173584000
2014-09-18,0.4639236032962799,219604000
2014-09-19,0.4553324580192566,601316000
2014-09-22,0.4507981538772583,221464000
2014-09-23,0.4488890767097473,196144000
2014-09-24,0.4515140652656555,159592000
2014-09-25,0.44172966480255127,298440000
2014-09-26,0.44268426299095154,241188000
2014-09-29,0.4419683814048767,208540000
2014-09-30,0.44029784202575684,277204000
2014-10-01,0.43600237369537354,350976000
2014-10-02,0.43409305810928345,288996000
2014-10-03,0.4350476861000061,239140000
2014-10-06,0.43242257833480835,199032000
2014-10-07,0.42788827419281006,301896000
2014-10-08,0.43576353788375854,260172000
2014-10-09,0.4274110198020935,306956000
2014-10-10,0.4021148085594177,691376000
2014-10-13,0.40068304538726807,397628000
2014-10-14,0.4099900424480438,376620000
2014-10-15,0.4161948263645172,404428000
2014-10-16,0.4164334833621979,351116000
2014-10-17,0.4157174825668335,290716000
2014-10-20,0.4192971885204315,200336000
2014-10-21,0.43719547986984253,351092000
2014-10-22,0.4269338846206665,239512000
2014-10-23,0.4364795982837677,214476000
2014-10-24,0.44101375341415405,210156000
2014-10-27,0.4412524104118347,145092000
2014-10-28,0.4517526924610138,192580000
2014-10-29,0.4488890767097473,168340000
2014-10-30,0.4460253119468689,170260000
2014-10-31,0.46630993485450745,256316000
2014-11-03,0.4741852879524231,308732000
2014-11-04,0.4803900420665741,360196000
2014-11-05,0.4803900420665741,335652000
2014-11-06,0.4825378954410553,394088000
2014-11-07,0.4722762405872345,450800000
2014-11-10,0.47776490449905396,293388000
2014-11-11,0.47203752398490906,212992000
2014-11-12,0.4689350724220276,204584000
2014-11-13,0.4665486514568329,225328000
2014-11-14,0.4722762405872345,160248000
2014-11-17,0.47012829780578613,158732000
2014-11-18,0.48134464025497437,207772000
2014-11-19,0.47954729199409485,240300000
2014-11-20,0.48745569586753845,220968000
2014-11-21,0.49009189009666443,198976000
2014-11-24,0.4932074546813965,136004000
2014-11-25,0.4929675757884979,190240000
2014-11-26,0.5013557076454163,219264000
2014-11-28,0.5025537610054016,124832000
2014-12-01,0.4932074546813965,190060000
2014-12-02,0.49392637610435486,245952000
2014-12-03,0.5066280961036682,284424000
2014-12-04,0.5020748376846313,185332000
2014-12-05,0.5049505829811096,165680000
2014-12-08,0.49847981333732605,226944000
2014-12-09,0.4968022406101227,239448000
2014-12-10,0.48577815294265747,204364000
2014-12-11,0.4855384826660156,135652000
2014-12-12,0.4704403281211853,323964000
2014-12-15,0.4690024256706238,254696000
2014-12-16,0.46372997760772705,185308000
2014-12-17,0.48266270756721497,345596000
2014-12-18,0.48458001017570496,226156000
2014-12-19,0.4893730878829956,325528000
2014-12-22,0.49800050258636475,148976000
2014-12-23,0.49488505721092224,109280000
2014-12-24,0.4929675757884979,45644000
2014-12-26,0.49344712495803833,52636000
2014-12-29,0.492728054523468,82944000
2014-12-30,0.4881746768951416,112120000
2014-12-31,0.4805058538913727,166300000
2015-01-02,0.4824230372905731,113680000
2015-01-05,0.4742748737335205,197952000
2015-01-06,0.45989564061164856,197764000
2015-01-07,0.45869728922843933,321808000
2015-01-08,0.4759523570537567,283780000
2015-01-09,0.4778696894645691,209540000
2015-01-12,0.4718782305717468,190732000
2015-01-13,0.4711592197418213,236720000
2015-01-14,0.47307655215263367,155260000
2015-01-15,0.46972134709358215,188932000
2015-01-16,0.4783490300178528,181512000
2015-01-20,0.47978678345680237,140308000
2015-01-21,0.48649701476097107,144780000
2015-01-22,0.49488505721092224,159712000
2015-01-23,0.49632301926612854,120416000
2015-01-26,0.4941660761833191,133240000
2015-01-27,0.4704403281211853,357948000
2015-01-28,0.462771475315094,272728000
2015-01-29,0.4740351140499115,235340000
2015-01-30,0.46013525128364563,298200000
2015-02-02,0.47020068764686584,259604000
2015-02-03,0.48194363713264465,183468000
2015-02-04,0.4831419587135315,181516000
2015-02-05,0.49105045199394226,140448000
2015-02-06,0.48889368772506714,210524000
2015-02-09,0.4884144067764282,273944000
2015-02-10,0.5020748376846313,226204000
2015-02-11,0.49871960282325745,320832000
2015-02-12,0.5344281196594238,676904000
2015-02-13,0.534667432308197,310084000
2015-02-17,0.5363450050354004,203340000
2015-02-18,0.5301141738891602,170948000
2015-02-19,0.5315520167350769,169432000
2015-02-20,0.5353862643241882,157752000
2015-02-23,0.5310728549957275,125008000
2015-02-24,0.5367263555526733,149356000
2015-02-25,0.5326363444328308,123820000
2015-02-26,0.534079909324646,152864000
2015-02-27,0.5307119488716125,157492000
2015-03-02,0.5437031388282776,301512000
2015-03-03,0.5335988402366638,160344000
2015-03-04,0.5396133661270142,226840000
2015-03-05,0.5499578714370728,323056000
2015-03-06,0.5425002574920654,257392000
2015-03-09,0.543943464756012,222388000
2015-03-10,0.5533261299133301,527212000
2015-03-11,0.5504392385482788,262120000
2015-03-12,0.5453869700431824,406972000
2015-03-13,0.546108603477478,359288000
2015-03-16,0.5526044368743896,236956000
2015-03-17,0.5593404173851013,299900000
2015-03-18,0.5501984357833862,413844000
2015-03-19,0.5586184859275818,310756000
2015-03-20,0.5646330714225769,462084000
2015-03-23,0.5463495850563049,426012000
2015-03-24,0.5388914942741394,330480000
2015-03-25,0.5061728954315186,542552000
2015-03-26,0.5044888854026794,311920000
2015-03-27,0.5143527984619141,318288000
2015-03-30,0.5165178179740906,253252000
2015-03-31,0.5035267472267151,357276000
2015-04-01,0.5054514408111572,330768000
2015-04-02,0.5066543221473694,192204000
2015-04-06,0.5213291645050049,515864000
2015-04-07,0.5259002447128296,413964000
2015-04-08,0.52974933385849,366432000
2015-04-09,0.5420189499855042,379432000
2015-04-10,0.5475522875785828,258728000
2015-04-13,0.5425002574920654,236724000
2015-04-14,0.537929356098175,220276000
2015-04-15,0.544424831867218,243560000
2015-04-16,0.5410568714141846,155284000
2015-04-17,0.534079909324646,293636000
2015-04-20,0.5314334630966187,231624000
2015-04-21,0.5307119488716125,230456000
2015-04-22,0.5367263555526733,207420000
2015-04-23,0.534561038017273,259380000
2015-04-24,0.5299901962280273,240960000
2015-04-27,0.534079909324646,248456000
2015-04-28,0.5367263555526733,234484000
2015-04-29,0.5326363444328308,195156000
2015-04-30,0.534079909324646,218844000
2015-05-01,0.5473116040229797,256968000
2015-05-04,0.543943464756012,200720000
2015-05-05,0.5299901962280273,292928000
2015-05-06,0.5316744446754456,316484000
2015-05-07,0.5410568714141846,534564000
2015-05-08,0.501120924949646,1146552000
2015-05-11,0.49630922079086304,544144000
2015-05-12,0.501120924949646,388800000
2015-05-13,0.5040080547332764,308524000
2015-05-14,0.5121873021125793,293052000
2015-05-15,0.5124281048774719,215824000
2015-05-18,0.5117063522338867,324972000
2015-05-19,0.5085160732269287,253808000
2015-05-20,0.5085160732269287,196824000
2015-05-21,0.5048907399177551,239692000
2015-05-22,0.5041655898094177,212592000
2015-05-26,0.5010236501693726,259732000
2015-05-27,0.5278512835502625,432332000
2015-05-28,0.5351018309593201,327656000
2015-05-29,0.5348601937294006,335168000
2015-06-01,0.5409024357795715,372660000
2015-06-02,0.5302679538726807,224304000
2015-06-03,0.5244677066802979,250788000
2015-06-04,0.5338936448097229,323712000
2015-06-05,0.5380023121833801,313320000
2015-06-08,0.5256759524345398,342812000
2015-06-09,0.5283345580101013,256888000
2015-06-10,0.5189085602760315,529460000
2015-06-11,0.5244677066802979,283052000
2015-06-12,0.5102077722549438,323728000
2015-06-15,0.5092410445213318,306548000
2015-06-16,0.5155248641967773,256892000
2015-06-17,0.5215674042701721,233544000
2015-06-18,0.5302679538726807,299404000
2015-06-19,0.5285763740539551,355656000
2015-06-22,0.5264011025428772,514236000
2015-06-23,0.5128663778305054,414064000
2015-06-24,0.5077911019325256,253368000
2015-06-25,0.5116580128669739,350460000
2015-06-26,0.5012653470039368,421296000
2015-06-29,0.48628053069114685,391724000
2015-06-30,0.4860388934612274,315916000
2015-07-01,0.4930478036403656,302892000
2015-07-02,0.4935312867164612,145764000
2015-07-06,0.48748886585235596,214776000
2015-07-07,0.4783047139644623,594252000
2015-07-08,0.4749210774898529,332492000
2015-07-09,0.4691206216812134,357588000
2015-07-10,0.47733810544013977,216708000
2015-07-13,0.480479896068573,212472000
2015-07-14,0.4807215929031372,249216000
2015-07-15,0.47733810544013977,265732000
2015-07-16,0.4879724085330963,282848000
2015-07-17,0.4850720763206482,220372000
2015-07-20,0.47612959146499634,188412000
2015-07-21,0.4783047139644623,149720000
2015-07-22,0.4691206216812134,356472000
2015-07-23,0.4749210774898529,169916000
2015-07-24,0.46936219930648804,188844000
2015-07-27,0.4667035639286041,192420000
2015-07-28,0.4768546521663666,198308000
2015-07-29,0.48265504837036133,232680000
2015-07-30,0.4838636517524719,190180000
2015-07-31,0.4821717143058777,218340000
2015-08-03,0.49038925766944885,397132000
2015-08-04,0.49232274293899536,260100000
2015-08-05,0.49739816784858704,234628000
2015-08-06,0.4942563474178314,655676000
2015-08-07,0.5554037690162659,1405248000
2015-08-10,0.5747391581535339,662304000
2015-08-11,0.571838915348053,435008000
2015-08-12,0.5732888579368591,384048000
2015-08-13,0.5684553384780884,276884000
2015-08-14,0.5689385533332825,214652000
2015-08-17,0.5653131604194641,273880000
2015-08-18,0.5601676106452942,287084000
2015-08-19,0.5579833388328552,249248000
2015-08-20,0.537838876247406,426932000
2015-08-21,0.5210921764373779,382664000
2015-08-24,0.5026463866233826,682284000
2015-08-25,0.492209792137146,622684000
2015-08-26,0.5293439626693726,614976000
2015-08-27,0.549246072769165,463764000
2015-08-28,0.5516730546951294,320944000
2015-08-31,0.5456052422523499,219352000
2015-09-01,0.5232763290405273,353408000
2015-09-02,0.5390522480010986,344044000
2015-09-03,0.5405085682868958,262556000
2015-09-04,0.5278878808021545,287972000
2015-09-08,0.5504595041275024,238448000
2015-09-09,0.5395377278327942,289392000
2015-09-10,0.5480324625968933,357076000
2015-09-11,0.5497316122055054,301584000
2015-09-14,0.5507024526596069,192460000
2015-09-15,0.556769847869873,327976000
2015-09-16,0.5606530904769897,173508000
2015-09-17,0.565750002861023,268712000
2015-09-18,0.5652645230293274,326412000
2015-09-21,0.5710896253585815,281840000
2015-09-22,0.5555564761161804,228356000
2015-09-23,0.5582261681556702,161632000
2015-09-24,0.5689053535461426,382440000
2015-09-25,0.5730313658714294,369692000
2015-09-28,0.5655074119567871,395584000
2015-09-29,0.5754585266113281,380736000
2015-09-30,0.5982727408409119,556380000
2015-10-01,0.5866231322288513,489296000
2015-10-02,0.6019135117530823,386144000
2015-10-05,0.6169614791870117,482024000
2015-10-06,0.6249706149101257,453216000
2015-10-07,0.6315236687660217,310152000
2015-10-08,0.6351643800735474,460068000
2015-10-09,0.6327372789382935,423248000
2015-10-12,0.6395328640937805,227588000
2015-10-13,0.6407465934753418,298444000
2015-10-14,0.6640463471412659,612148000
2015-10-15,0.6657454371452332,526048000
2015-10-16,0.6761815547943115,448396000
2015-10-19,0.6749680042266846,294712000
2015-10-20,0.6739973425865173,264824000
2015-10-21,0.6652600169181824,386280000
2015-10-22,0.6892880797386169,306884000
2015-10-23,0.6938993334770203,381776000
2015-10-26,0.690744161605835,247436000
2015-10-27,0.6902587413787842,208268000
2015-10-28,0.6958411335945129,217036000
2015-10-29,0.6718130707740784,327168000
2015-10-30,0.688559889793396,301160000
2015-11-02,0.6965691447257996,190088000
2015-11-03,0.6917149424552917,376768000
2015-11-04,0.6803076863288879,442264000
2015-11-05,0.6725409030914307,478800000
2015-11-06,0.7657408714294434,1172272000
2015-11-09,0.7623426914215088,492568000
2015-11-10,0.7477803826332092,552260000
2015-11-11,0.7404990792274475,619896000
2015-11-12,0.737829327583313,291080000
2015-11-13,0.7232670187950134,292940000
2015-11-16,0.737829327583313,344280000
2015-11-17,0.737829327583313,257048000
2015-11-18,0.7559795379638672,350216000
2015-11-19,0.758172333240509,254072000
2015-11-20,0.7647504210472107,239744000
2015-11-23,0.7532996535301208,242552000
2015-11-24,0.7593904137611389,195428000
2015-11-25,0.7584160566329956,138300000
2015-11-27,0.7647504210472107,86996000
2015-11-30,0.7727898955345154,327244000
2015-12-01,0.7978837490081787,409496000
2015-12-02,0.7917930483818054,294240000
2015-12-03,0.7900874614715576,246656000
2015-12-04,0.822246789932251,458756000
2015-12-07,0.8066543936729431,333588000
2015-12-08,0.8176177144050598,314488000
2015-12-09,0.7969092130661011,372676000
2015-12-10,0.8034873008728027,236596000
2015-12-11,0.7915495038032532,227320000
2015-12-14,0.7934986352920532,275892000
2015-12-15,0.8032436370849609,307296000
2015-12-16,0.8081163167953491,236356000
2015-12-17,0.7959346771240234,254160000
2015-12-18,0.7830225229263306,395896000
2015-12-21,0.8015384674072266,284216000
2015-12-22,0.8022692799568176,130012000
2015-12-23,0.8054364919662476,122524000
2015-12-24,0.8081163167953491,52448000
2015-12-28,0.807385265827179,142024000
2015-12-29,0.820541262626648,203660000
2015-12-30,0.8134759664535522,180344000
2015-12-31,0.8029999136924744,148528000
2016-01-04,0.788625955581665,358076000
2016-01-05,0.8012946844100952,490272000
2016-01-06,0.7681612372398376,449344000
2016-01-07,0.7377073764801025,645304000
2016-01-08,0.7218718528747559,398472000
2016-01-11,0.7230895757675171,409372000
2016-01-12,0.7352712750434875,469356000
2016-01-13,0.7128573656082153,481672000
2016-01-14,0.6984831690788269,600236000
2016-01-15,0.6604771614074707,841452000
2016-01-19,0.6658374071121216,457140000
2016-01-20,0.6694914698600769,481180000
2016-01-21,0.6772876381874084,481456000
2016-01-22,0.693123459815979,257996000
2016-01-25,0.6923925876617432,270728000
2016-01-26,0.6992141604423523,227944000
2016-01-27,0.6909308433532715,231700000
2016-01-28,0.6833784580230713,276776000
2016-01-29,0.7135881781578064,310504000
2016-02-01,0.7138317227363586,289884000
2016-02-02,0.6836217045783997,341908000
2016-02-03,0.6870326995849609,326772000
2016-02-04,0.6872763633728027,348140000
2016-02-05,0.6439103484153748,600428000
2016-02-08,0.6144315600395203,608852000
2016-02-09,0.6210092902183533,425372000
2016-02-10,0.6195475459098816,335800000
2016-02-11,0.6163804531097412,340144000
2016-02-12,0.6268564462661743,340816000
2016-02-16,0.6575536131858826,485352000
2016-02-17,0.6738770008087158,771468000
2016-02-18,0.7318604588508606,1068660000
2016-02-19,0.7416055798530579,525628000
2016-02-22,0.7679173946380615,449668000
2016-02-23,0.769866406917572,369380000
2016-02-24,0.7752264738082886,336852000
2016-02-25,0.7769319415092468,349616000
2016-02-26,0.7718154191970825,361964000
2016-02-29,0.7668030858039856,323344000
2016-03-01,0.8007907271385193,348700000
2016-03-02,0.8054366111755371,233812000
2016-03-03,0.7983453869819641,302004000
2016-03-04,0.7959003448486328,175304000
2016-03-07,0.7907654643058777,239968000
2016-03-08,0.7763392329216003,274940000
2016-03-09,0.7758500576019287,222788000
2016-03-10,0.7746273875236511,286084000
2016-03-11,0.7878313064575195,277400000
2016-03-14,0.7897876501083374,190312000
2016-03-15,0.7858753800392151,226216000
2016-03-16,0.8093485832214355,363644000
2016-03-17,0.8025025129318237,353680000
2016-03-18,0.826709508895874,545512000
2016-03-21,0.8291545510292053,337780000
2016-03-22,0.8276875615119934,242012000
2016-03-23,0.8418693542480469,429008000
2016-03-24,0.8430920839309692,244956000
2016-03-28,0.8516499400138855,265388000
2016-03-29,0.8653431534767151,261812000
2016-03-30,0.874390184879303,376700000
2016-03-31,0.8712114691734314,379884000
2016-04-01,0.883926272392273,348292000
2016-04-04,0.8753681182861328,393940000
2016-04-05,0.8741454482078552,339568000
2016-04-06,0.8753681182861328,453376000
2016-04-07,0.8663212060928345,378104000
2016-04-08,0.8719450235366821,255936000
2016-04-11,0.8773242831230164,387524000
2016-04-12,0.8763464093208313,292764000
2016-04-13,0.8983528017997742,350716000
2016-04-14,0.9007977247238159,416564000
2016-04-15,0.9078888893127441,436972000
2016-04-18,0.9039764404296875,307320000
2016-04-19,0.8878384828567505,309152000
2016-04-20,0.891261875629425,200172000
2016-04-21,0.8902836441993713,178280000
2016-04-22,0.8868602514266968,223540000
2016-04-25,0.891261875629425,191972000
2016-04-26,0.8919948935508728,214536000
2016-04-27,0.9122899174690247,352396000
2016-04-28,0.8851489424705505,381224000
2016-04-29,0.868766188621521,321904000
2016-05-02,0.8802585005760193,256076000
2016-05-03,0.8697441816329956,224024000
2016-05-04,0.8499385118484497,525764000
2016-05-05,0.8550733327865601,246884000
2016-05-06,0.8638758659362793,183240000
2016-05-09,0.8626531362533569,333336000
2016-05-10,0.8792805075645447,269676000
2016-05-11,0.8817257285118103,328176000
2016-05-12,0.8697441816329956,670540000
2016-05-13,1.0020272731781006,2110256000
2016-05-16,1.031613826751709,973032000
2016-05-17,1.0338144302368164,628392000
2016-05-18,1.0602222681045532,541072000
2016-05-19,1.0648688077926636,398880000
2016-05-20,1.0839403867721558,391084000
2016-05-23,1.0856521129608154,413636000
2016-05-24,1.1120057106018066,415788000
2016-05-25,1.1073482036590576,458076000
2016-05-26,1.1191154718399048,309964000
2016-05-27,1.125244379043579,277416000
2016-05-31,1.1453464031219482,412524000
2016-06-01,1.1475526094436646,387132000
2016-06-02,1.1556427478790283,329208000
2016-06-03,1.1394627094268799,461076000
2016-06-06,1.1335790157318115,322512000
2016-06-07,1.1357855796813965,193400000
2016-06-08,1.1321080923080444,234616000
2016-06-09,1.1615266799926758,472168000
2016-06-10,1.1325982809066772,400024000
2016-06-13,1.1470625400543213,475588000
2016-06-14,1.1492689847946167,298344000
2016-06-15,1.1610362529754639,301036000
2016-06-16,1.1656941175460815,246456000
2016-06-17,1.1453464031219482,471000000
2016-06-20,1.165939211845398,293768000
2016-06-21,1.1588298082351685,212508000
2016-06-22,1.1578489542007446,202620000
2016-06-23,1.1887381076812744,297880000
2016-06-24,1.1210767030715942,1017684000
2016-06-27,1.109063982963562,449088000
2016-06-28,1.125244379043579,381920000
2016-06-29,1.1436305046081543,318932000
2016-06-30,1.1524558067321777,430940000
2016-07-01,1.1438753604888916,218488000
2016-07-05,1.1607906818389893,371084000
2016-07-06,1.1681452989578247,273104000
2016-07-07,1.1985441446304321,395400000
2016-07-08,1.2465933561325073,481932000
2016-07-11,1.2752765417099,448776000
2016-07-12,1.2943980693817139,436760000
2016-07-13,1.2939081192016602,324604000
2016-07-14,1.3071461915969849,316892000
2016-07-15,1.2919466495513916,428616000
2016-07-18,1.2985658645629883,252992000
2016-07-19,1.312049388885498,382652000
2016-07-20,1.3292100429534912,296460000
2016-07-21,1.3046945333480835,361308000
2016-07-22,1.34024178981781,315768000
2016-07-25,1.365002155303955,312528000
2016-07-26,1.3882914781570435,514508000
2016-07-27,1.3743176460266113,446676000
2016-07-28,1.3772594928741455,221916000
2016-07-29,1.3998132944107056,409588000
2016-08-01,1.3907430171966553,301120000
2016-08-02,1.373827338218689,282748000
2016-08-03,1.377504587173462,299828000
2016-08-04,1.4030004739761353,272712000
2016-08-05,1.4267802238464355,371588000
2016-08-08,1.4400180578231812,305064000
2016-08-09,1.4436949491500854,372344000
2016-08-10,1.4343798160552979,375740000
2016-08-11,1.4635528326034546,681064000
2016-08-12,1.5454331636428833,1425744000
2016-08-15,1.5439621210098267,573304000
2016-08-16,1.5346466302871704,287652000
2016-08-17,1.4990993738174438,595212000
2016-08-18,1.5223889350891113,331684000
2016-08-19,1.5263115167617798,291560000
2016-08-22,1.5326851606369019,244748000
2016-08-23,1.5450879335403442,339764000
2016-08-24,1.521264910697937,298448000
2016-08-25,1.511195421218872,406032000
2016-08-26,1.5234746932983398,300024000
2016-08-29,1.5224922895431519,274652000
2016-08-30,1.5136511325836182,285544000
2016-08-31,1.5065282583236694,388544000
2016-09-01,1.55098295211792,428492000
2016-09-02,1.5357555150985718,323148000
2016-09-06,1.550245761871338,306812000
2016-09-07,1.5274046659469604,397988000
2016-09-08,1.538456916809082,315808000
2016-09-09,1.4618288278579712,697760000
2016-09-12,1.4920377731323242,598260000
2016-09-13,1.4704252481460571,471768000
2016-09-14,1.483441710472107,319048000
2016-09-15,1.5396851301193237,515212000
2016-09-16,1.5433694124221802,902444000
2016-09-19,1.5637542009353638,417128000
2016-09-20,1.5495092868804932,331112000
2016-09-21,1.5929806232452393,336212000
2016-09-22,1.5969104766845703,308732000
2016-09-23,1.5951910018920898,276132000
2016-09-26,1.5802093744277954,230040000
2016-09-27,1.6342418193817139,402752000
2016-09-28,1.6401370763778687,319788000
2016-09-29,1.6553637981414795,336684000
2016-09-30,1.6828713417053223,429932000
2016-10-03,1.6811519861221313,242596000
2016-10-04,1.677468180656433,281624000
2016-10-05,1.6757491827011108,305440000
2016-10-06,1.6538901329040527,360212000
2016-10-07,1.641856074333191,286260000
2016-10-10,1.6479958295822144,287876000
2016-10-11,1.6241724491119385,388540000
2016-10-12,1.6315404176712036,419920000
2016-10-13,1.6050151586532593,390116000
2016-10-14,1.6207337379455566,330636000
2016-10-17,1.6114013195037842,195328000
2016-10-18,1.6359610557556152,269372000
2016-10-19,1.632522702217102,199060000
2016-10-20,1.6634689569473267,312084000
2016-10-21,1.6588025093078613,279508000
2016-10-24,1.7366585731506348,339836000
2016-10-25,1.7651482820510864,397460000
2016-10-26,1.772270917892456,333792000
2016-10-27,1.7359217405319214,388664000
2016-10-28,1.7329742908477783,290856000
2016-10-31,1.7477110624313354,252388000
2016-11-01,1.695888638496399,473224000
2016-11-02,1.6887656450271606,295848000
2016-11-03,1.66911780834198,309664000
2016-11-04,1.6595391035079956,328780000
2016-11-07,1.7504122257232666,487580000
2016-11-08,1.7477110624313354,429884000
2016-11-09,1.718238115310669,456532000
2016-11-10,1.6644513607025146,869280000
2016-11-11,2.1605701446533203,2175344000
2016-11-14,2.05422306060791,1348796000
2016-11-15,2.116852283477783,626092000
2016-11-16,2.250460386276245,987984000
2016-11-17,2.2691268920898438,832988000
2016-11-18,2.2929491996765137,576060000
2016-11-21,2.283616542816162,436436000
2016-11-22,2.300071954727173,330368000
2016-11-23,2.311386823654175,443236000
2016-11-25,2.3160593509674072,195564000
2016-11-28,2.3148295879364014,278736000
2016-11-29,2.2936758995056152,444568000
2016-11-30,2.267850399017334,440500000
2016-12-01,2.155686855316162,1035524000
2016-12-02,2.1756110191345215,478292000
2016-12-05,2.259978771209717,602284000
2016-12-06,2.2971200942993164,498796000
2016-12-07,2.3384435176849365,480804000
2016-12-08,2.299333333969116,381544000
2016-12-09,2.2585020065307617,382312000
2016-12-12,2.2036519050598145,601332000
2016-12-13,2.2425146102905273,387796000
2016-12-14,2.372387647628784,983980000
2016-12-15,2.427976131439209,746548000
2016-12-16,2.4697914123535156,1089528000
2016-12-19,2.499800205230713,744656000
2016-12-20,2.5868730545043945,848056000
2016-12-21,2.6031076908111572,576136000
2016-12-22,2.634592056274414,718612000
2016-12-23,2.7002668380737305,647692000
2016-12-27,2.885728120803833,1194272000
2016-12-28,2.687229871749878,2295764000
2016-12-29,2.7408506870269775,2175368000
2016-12-30,2.625490665435791,1212932000
2017-01-03,2.5091474056243896,1501996000
2017-01-04,2.567687749862671,1199220000
2017-01-05,2.5025060176849365,984296000
2017-01-06,2.5359580516815186,822856000
2017-01-09,2.63877272605896,916248000
2017-01-10,2.6188488006591797,880920000
2017-01-11,2.586627244949341,525664000
2017-01-12,2.544320583343506,625616000
2017-01-13,2.544074773788452,457820000
2017-01-17,2.487009286880493,580612000
2017-01-18,2.5322675704956055,654424000
2017-01-19,2.586627244949341,644872000
2017-01-20,2.5583412647247314,492024000
2017-01-23,2.5849058628082275,369904000
2017-01-24,2.640002965927124,428052000
2017-01-25,2.651317596435547,522760000
2017-01-26,2.697067975997925,458800000
2017-01-27,2.749213933944702,471996000
2017-01-30,2.706169366836548,496004000
2017-01-31,2.6855084896087646,362756000
2017-02-01,2.8028359413146973,590004000
2017-02-02,2.8382551670074463,483240000
2017-02-03,2.813412666320801,372744000
2017-02-06,2.8854820728302,506768000
2017-02-07,2.930248975753784,746224000
2017-02-08,2.9174580574035645,449580000
2017-02-09,2.8626067638397217,842568000
2017-02-10,2.7947189807891846,1651092000
2017-02-13,2.665829658508301,1180724000
2017-02-14,2.675668954849243,850632000
2017-02-15,2.6810801029205322,373020000
2017-02-16,2.638035535812378,647176000
2017-02-17,2.6375439167022705,563740000
2017-02-21,2.7319958209991455,551952000
2017-02-22,2.727809190750122,433772000
2017-02-23,2.4748785495758057,1592888000
2017-02-24,2.498767852783203,1029904000
2017-02-27,2.571420907974243,715400000
2017-02-28,2.499260425567627,625360000
2017-03-01,2.5315234661102295,504804000
2017-03-02,2.4381821155548096,754332000
2017-03-03,2.424145460128784,864692000
2017-03-06,2.4054274559020996,883568000
2017-03-07,2.431778907775879,603400000
2017-03-08,2.4273462295532227,638712000
2017-03-09,2.426854372024536,478060000
2017-03-10,2.4411375522613525,499740000
2017-03-13,2.508373260498047,774136000
2017-03-14,2.5066492557525635,522016000
2017-03-15,2.5256130695343018,615036000
2017-03-16,2.5566439628601074,523100000
2017-03-17,2.6123034954071045,1119688000
2017-03-20,2.6955466270446777,748568000
2017-03-21,2.608363151550293,913484000
2017-03-22,2.661560297012329,616764000
2017-03-23,2.637424945831299,533940000
2017-03-24,2.646782636642456,439500000
2017-03-27,2.6659927368164062,506644000
2017-03-28,2.6522016525268555,432444000
2017-03-29,2.6435813903808594,349992000
2017-03-30,2.69431471824646,525532000
2017-03-31,2.6827399730682373,440808000
2017-04-03,2.669193744659424,445232000
2017-04-04,2.4820210933685303,1271280000
2017-04-05,2.463550567626953,747048000
2017-04-06,2.4815282821655273,635120000
2017-04-07,2.4709384441375732,429068000
2017-04-10,2.4078900814056396,756332000
2017-04-11,2.4165101051330566,618148000
2017-04-12,2.396562099456787,414092000
2017-04-13,2.351738691329956,506892000
2017-04-17,2.443847417831421,497292000
2017-04-18,2.4453251361846924,370116000
2017-04-19,2.454929828643799,380828000
2017-04-20,2.4938435554504395,404016000
2017-04-21,2.5041871070861816,341896000
2017-04-24,2.535463571548462,371820000
2017-04-25,2.5795483589172363,388440000
2017-04-26,2.561816453933716,327004000
2017-04-27,2.601713180541992,319700000
2017-04-28,2.568711996078491,348248000
2017-05-01,2.6263415813446045,307732000
2017-05-02,2.5485167503356934,629972000
2017-05-03,2.5674808025360107,336904000
2017-05-04,2.557629346847534,209788000
2017-05-05,2.5578746795654297,228428000
2017-05-08,2.5310308933258057,365240000
2017-05-09,2.5352180004119873,847672000
2017-05-10,2.9871437549591064,2129096000
2017-05-11,3.1154561042785645,1939792000
2017-05-12,3.149689197540283,962620000
2017-05-15,3.3078012466430664,1087540000
2017-05-16,3.369371175765991,1120700000
2017-05-17,3.1455023288726807,1271368000
2017-05-18,3.2772631645202637,1156032000
2017-05-19,3.3529512882232666,1018372000
2017-05-22,3.4244463443756104,836608000
2017-05-23,3.3783445358276367,681248000
2017-05-24,3.416311740875244,815996000
2017-05-25,3.4086687564849854,608228000
2017-05-26,3.4969301223754883,779140000
2017-05-30,3.571631669998169,989652000
2017-05-31,3.558811902999878,887316000
2017-06-01,3.55905818939209,503340000
2017-06-02,3.5413074493408203,487456000
2017-06-05,3.649044990539551,817376000
2017-06-06,3.6325273513793945,758728000
2017-06-07,3.6764113903045654,612612000
2017-06-08,3.9431681632995605,1161744000
2017-06-09,3.6882455348968506,3692928000
2017-06-12,3.6973671913146973,1697532000
2017-06-13,3.7326231002807617,1672504000
2017-06-14,3.740511894226074,1184640000
2017-06-15,3.7565371990203857,963824000
2017-06-16,3.738046884536743,924960000
2017-06-19,3.878574848175049,778176000
2017-06-20,3.872904062271118,1095444000
2017-06-21,3.9315803050994873,682652000
2017-06-22,3.90446138381958,469132000
2017-06-23,3.792531967163086,1088588000
2017-06-26,3.7511136531829834,1063960000
2017-06-27,3.61379075050354,999492000
2017-06-28,3.7412519454956055,994948000
2017-06-29,3.616255760192871,1064424000
2017-06-30,3.5639891624450684,731060000
2017-07-03,3.4350481033325195,709072000
2017-07-05,3.526761531829834,820188000
2017-07-06,3.537363052368164,746284000
2017-07-07,3.61822772026062,654972000
2017-07-10,3.789328098297119,958492000
2017-07-11,3.8430728912353516,757956000
2017-07-12,4.006528377532959,1145208000
2017-07-13,3.960179090499878,1369132000
2017-07-14,4.066685199737549,941948000
2017-07-17,4.049427032470703,930792000
2017-07-18,4.091585636138916,776640000
2017-07-19,4.070382595062256,687044000
2017-07-20,4.129553318023682,699596000
2017-07-21,4.144346237182617,648332000
2017-07-24,4.096270561218262,652524000
2017-07-25,4.076544761657715,496556000
2017-07-26,4.123635768890381,640404000
2017-07-27,3.9875454902648926,782856000
2017-07-28,4.052879810333252,513348000
2017-07-31,4.006528377532959,559672000
2017-08-01,4.055344104766846,431384000
2017-08-02,4.052879810333252,478444000
2017-08-03,4.104405879974365,442420000
2017-08-04,4.122404098510742,589096000
2017-08-07,4.249125003814697,717412000
2017-08-08,4.198585033416748,755336000
2017-08-09,4.243208885192871,530784000
2017-08-10,4.0615081787109375,1328088000
2017-08-11,3.845045328140259,1497196000
2017-08-14,4.1517415046691895,1279020000
2017-08-15,4.116735458374023,764532000
2017-08-16,4.071617603302002,596632000
2017-08-17,3.980888605117798,525444000
2017-08-18,3.981628656387329,601204000
2017-08-21,3.9236910343170166,623672000
2017-08-22,4.011044025421143,450456000
2017-08-23,4.091239929199219,579520000
2017-08-24,4.076186656951904,469700000
2017-08-25,4.0421366691589355,357200000
2017-08-28,4.0707597732543945,389496000
2017-08-29,4.0640974044799805,324096000
2017-08-30,4.0882792472839355,384400000
2017-08-31,4.181060314178467,612684000
2017-09-01,4.206228733062744,445432000
2017-09-05,4.093954563140869,695364000
2017-09-06,4.091485977172852,397672000
2017-09-07,4.1104888916015625,352868000
2017-09-08,4.039173603057861,498856000
2017-09-11,4.170203685760498,567444000
2017-09-12,4.18525505065918,411488000
2017-09-13,4.204008102416992,580960000
2017-09-14,4.1800737380981445,513712000
2017-09-15,4.4443488121032715,1364792000
2017-09-18,4.6279377937316895,1684460000
2017-09-19,4.6230034828186035,874280000
2017-09-20,4.5857439041137695,724920000
2017-09-21,4.46038818359375,1075600000
2017-09-22,4.416959285736084,491232000
2017-09-25,4.2195539474487305,874580000
2017-09-26,4.243243217468262,1125620000
2017-09-27,4.336270332336426,713720000
2017-09-28,4.3350372314453125,435244000
2017-09-29,4.411284923553467,619092000
2017-10-02,4.416959285736084,503480000
2017-10-03,4.426089763641357,390332000
2017-10-04,4.463103294372559,427848000
2017-10-05,4.460636138916016,437364000
2017-10-06,4.4737138748168945,318800000
2017-10-09,4.574637413024902,563492000
2017-10-10,4.661991596221924,974876000
2017-10-11,4.711587905883789,529508000
2017-10-12,4.713809967041016,528292000
2017-10-13,4.801654815673828,628728000
2017-10-16,4.884072303771973,576640000
2017-10-17,4.8796305656433105,478596000
2017-10-18,4.875435829162598,567316000
2017-10-19,4.880864143371582,570772000
2017-10-20,4.85865592956543,451620000
2017-10-23,4.851747035980225,428696000
2017-10-24,4.902580261230469,407244000
2017-10-25,4.778705596923828,828160000
2017-10-26,4.828797817230225,322744000
2017-10-27,4.981047630310059,572192000
2017-10-30,5.029904365539551,504056000
2017-10-31,5.103192329406738,411908000
2017-11-01,5.112816333770752,502576000
2017-11-02,5.081724166870117,342308000
2017-11-03,5.149582862854004,353640000
2017-11-06,5.172778606414795,389944000
2017-11-07,5.23199987411499,427700000
2017-11-08,5.1611809730529785,522988000
2017-11-09,5.066425800323486,978564000
2017-11-10,5.333417892456055,1253256000
2017-11-13,5.246806621551514,582376000
2017-11-14,5.2850542068481445,529292000
2017-11-15,5.181413650512695,501948000
2017-11-16,5.221635818481445,441768000
2017-11-17,5.215467929840088,515664000
2017-11-20,5.2825846672058105,396100000
2017-11-21,5.331196308135986,399176000
2017-11-22,5.307244300842285,356640000
2017-11-24,5.357372283935547,180752000
2017-11-27,5.287735939025879,422896000
2017-11-28,5.20304012298584,512752000
2017-11-29,4.850180149078369,1396788000
2017-11-30,4.956111907958984,823768000
2017-12-01,4.88129186630249,811548000
2017-12-04,4.609177112579346,1240844000
2017-12-05,4.63584566116333,981488000
2017-12-06,4.6733784675598145,467032000
2017-12-07,4.740787982940674,542600000
2017-12-08,4.728443145751953,466876000
2017-12-11,4.8067216873168945,372748000
2017-12-12,4.712392807006836,455016000
2017-12-13,4.5973219871521,554280000
2017-12-14,4.6044840812683105,438164000
2017-12-15,4.730173110961914,670036000
2017-12-18,4.886724472045898,477704000
2017-12-19,4.842524528503418,373100000
2017-12-20,4.859562397003174,288820000
2017-12-21,4.837091445922852,300904000
2017-12-22,4.821781635284424,466276000
2017-12-26,4.875365734100342,355080000
2017-12-27,4.868697166442871,329488000
2017-12-28,4.874378204345703,240248000
2017-12-29,4.778075695037842,279964000
2018-01-02,4.922529697418213,355616000
2018-01-03,5.246500492095947,914704000
2018-01-04,5.27415657043457,583268000
2018-01-05,5.318850994110107,580124000
2018-01-08,5.481822490692139,881216000
2018-01-09,5.480341911315918,497000000
2018-01-10,5.5233073234558105,582664000
2018-01-11,5.5331830978393555,406032000
2018-01-12,5.5060224533081055,359916000
2018-01-16,5.435153484344482,702348000
2018-01-17,5.548989772796631,538408000
2018-01-18,5.542074680328369,408632000
2018-01-19,5.682081699371338,609380000
2018-01-22,5.770483016967773,550944000
2018-01-23,5.899381160736084,475228000
2018-01-24,5.822585105895996,579972000
2018-01-25,5.836166858673096,409884000
2018-01-26,6.008522987365723,516356000
2018-01-29,6.0954413414001465,455116000
2018-01-30,5.993460178375244,570832000
2018-01-31,6.069514274597168,478576000
2018-02-01,5.93864107131958,519224000
2018-02-02,5.766284942626953,718464000
2018-02-05,5.276872634887695,1165204000
2018-02-06,5.570224285125732,1114800000
2018-02-07,5.649735450744629,802932000
2018-02-08,5.371199607849121,1144000000
2018-02-09,5.730726718902588,1674604000
2018-02-12,5.6307220458984375,1093172000
2018-02-13,5.7443084716796875,625524000
2018-02-14,5.961358070373535,744988000
2018-02-15,6.0868000984191895,698900000
2018-02-16,6.021116256713867,637656000
2018-02-20,6.150506973266602,686240000
2018-02-21,5.963581562042236,892292000
2018-02-22,5.9831013679504395,534364000
2018-02-23,6.076498508453369,415300000
2018-02-26,6.092557907104492,469312000
2018-02-27,6.079710960388184,455436000
2018-02-28,5.979395866394043,523116000
2018-03-01,5.737501621246338,1040120000
2018-03-02,5.84448766708374,913428000
2018-03-05,5.822498798370361,620776000
2018-03-06,5.983348369598389,636808000
2018-03-07,5.9754414558410645,581208000
2018-03-08,5.959134578704834,411912000
2018-03-09,6.061673641204834,505524000
2018-03-12,6.171131134033203,605060000
2018-03-13,6.120478630065918,619772000
2018-03-14,6.145928382873535,505496000
2018-03-15,6.16075325012207,401952000
2018-03-16,6.188920974731445,399456000
2018-03-19,5.954686164855957,713772000
2018-03-20,6.166684627532959,554696000
2018-03-21,6.141481399536133,438688000
2018-03-22,5.975688934326172,551196000
2018-03-23,5.75628137588501,735620000
2018-03-26,6.0406718254089355,611424000
2018-03-27,5.572202682495117,1409000000
2018-03-28,5.469170093536377,945904000
2018-03-29,5.722179889678955,916628000
2018-04-02,5.461757183074951,922092000
2018-04-03,5.5680036544799805,667432000
2018-04-04,5.589993000030518,789168000
2018-04-05,5.469911098480225,701240000
2018-04-06,5.293740272521973,662988000
2018-04-09,5.322403430938721,499524000
2018-04-10,5.631255626678467,761676000
2018-04-11,5.589993000030518,460244000
2018-04-12,5.796553611755371,593920000
2018-04-13,5.719958782196045,503036000
2018-04-16,5.719711780548096,350792000
2018-04-17,5.869195461273193,447224000
2018-04-18,5.840289115905762,391364000
2018-04-19,5.659174919128418,471996000
2018-04-20,5.651022434234619,386200000
2018-04-23,5.53168249130249,427508000
2018-04-24,5.465464115142822,414596000
2018-04-25,5.35329008102417,588492000
2018-04-26,5.56479024887085,375824000
2018-04-27,5.592217445373535,400848000
2018-04-30,5.556884288787842,327844000
2018-05-01,5.6122307777404785,253788000
2018-05-02,5.59172248840332,268248000
2018-05-03,5.756774425506592,443144000
2018-05-04,5.906754016876221,400660000
2018-05-07,6.144445896148682,687616000
2018-05-08,6.186944961547852,506616000
2018-05-09,6.3198747634887695,596760000
2018-05-10,6.427355766296387,994080000
2018-05-11,6.288989067077637,1214456000
2018-05-14,6.309497833251953,523140000
2018-05-15,6.067355632781982,963528000
2018-05-16,6.078474044799805,553828000
2018-05-17,6.120478630065918,519784000
2018-05-18,6.07674503326416,483716000
2018-05-21,6.034740447998047,640624000
2018-05-22,5.9966912269592285,518264000
2018-05-23,6.120063304901123,442956000
2018-05-24,6.1237688064575195,437372000
2018-05-25,6.163079738616943,292112000
2018-05-29,6.14601993560791,352684000
2018-05-30,6.254803657531738,390996000
2018-05-31,6.2350263595581055,493868000
2018-06-01,6.369273662567139,421968000
2018-06-04,6.548027038574219,642024000
2018-06-05,6.553463935852051,391712000
2018-06-06,6.5554423332214355,371356000
2018-06-07,6.499814510345459,369448000
2018-06-08,6.4844865798950195,360456000
2018-06-11,6.443445205688477,265372000
2018-06-12,6.491900444030762,319160000
2018-06-13,6.487452983856201,338208000
2018-06-14,6.5989556312561035,430016000
2018-06-15,6.55816125869751,432260000
2018-06-18,6.553958415985107,356268000
2018-06-19,6.432318687438965,594932000
2018-06-20,6.485228061676025,369780000
2018-06-21,6.356664180755615,359516000
2018-06-22,6.204367160797119,434160000
2018-06-25,5.91188907623291,665816000
2018-06-26,5.982847690582275,478884000
2018-06-27,5.827828884124756,453892000
2018-06-28,5.9549078941345215,338012000
2018-06-29,5.8570027351379395,392300000
2018-07-02,5.98902702331543,357572000
2018-07-03,5.855517864227295,222732000
2018-07-05,6.0011396408081055,306216000
2018-07-06,6.114869117736816,296352000
2018-07-09,6.162337779998779,303880000
2018-07-10,6.261231899261475,360016000
2018-07-11,6.119814872741699,367508000
2018-07-12,6.211291313171387,345508000
2018-07-13,6.164068698883057,246988000
2018-07-16,6.136377811431885,197036000
2018-07-17,6.272110462188721,362136000
2018-07-18,6.222911834716797,277640000
2018-07-19,6.231069564819336,235752000
2018-07-20,6.202884197235107,222352000
2018-07-23,6.166294574737549,301584000
2018-07-24,6.148988246917725,354620000
2018-07-25,6.227114200592041,319112000
2018-07-26,6.30054235458374,325124000
2018-07-27,6.230822563171387,295420000
2018-07-30,6.0357537269592285,340340000
2018-07-31,6.053802967071533,283988000
2018-08-01,6.0936079025268555,283556000
2018-08-02,6.196208953857422,269668000
2018-08-03,6.232799530029297,214288000
2018-08-06,6.280516147613525,207508000
2018-08-07,6.352708339691162,258132000
2018-08-08,6.389052867889404,262100000
2018-08-09,6.340597152709961,204280000
2018-08-10,6.299306869506836,256396000
2018-08-13,6.332189083099365,375208000
2018-08-14,6.46347188949585,466220000
2018-08-15,6.40537166595459,591136000
2018-08-16,6.364823818206787,801260000
2018-08-17,6.052813529968262,1143188000
2018-08-20,6.127477645874023,854388000
2018-08-21,6.262963771820068,673988000
2018-08-22,6.497837543487549,749856000
2018-08-23,6.597225666046143,720684000
2018-08-24,6.730237007141113,531512000
2018-08-27,6.821221351623535,505776000
2018-08-28,6.783639907836914,475384000
2018-08-29,6.8890204429626465,420108000
2018-08-30,6.872199058532715,346608000
2018-08-31,6.94319486618042,306592000
2018-09-04,7.0179009437561035,391720000
2018-09-05,6.88728666305542,393156000
2018-09-06,6.746288299560547,322796000
2018-09-07,6.725013732910156,295420000
2018-09-10,6.796009063720703,220140000
2018-09-11,6.74826717376709,243112000
2018-09-12,6.6344757080078125,419092000
2018-09-13,6.712151527404785,305536000
2018-09-14,6.838062763214111,386936000
2018-09-17,6.776219367980957,205528000
2018-09-18,6.704233169555664,299520000
2018-09-19,6.7279815673828125,224860000
2018-09-20,6.586980819702148,430584000
2018-09-21,6.516975402832031,435128000
2018-09-24,6.572633743286133,293912000
2018-09-25,6.6396708488464355,280388000
2018-09-26,6.60281229019165,268548000
2018-09-27,6.614686965942383,214428000
2018-09-28,6.95160436630249,709396000
2018-10-01,7.15791130065918,622060000
2018-10-02,7.086670398712158,383964000
2018-10-03,7.092854022979736,320552000
2018-10-04,6.908811569213867,391220000
2018-10-05,6.675539493560791,426636000
2018-10-08,6.574364185333252,408612000
2018-10-09,6.568675518035889,273500000
2018-10-10,6.0776448249816895,684940000
2018-10-11,5.816421031951904,725436000
2018-10-12,6.098670959472656,608236000
2018-10-15,5.822606563568115,449760000
2018-10-16,6.081108570098877,408712000
2018-10-17,6.012587547302246,329668000
2018-10-18,5.925264835357666,524020000
2018-10-19,5.668989181518555,613608000
2018-10-22,5.719699859619141,368844000
2018-10-23,5.468372344970703,626436000
2018-10-24,4.932814121246338,884288000
2018-10-25,5.141348361968994,951720000
2018-10-26,4.905108451843262,664784000
2018-10-29,4.591691017150879,758016000
2018-10-30,5.021618366241455,807192000
2018-10-31,5.215311527252197,745772000
2018-11-01,5.39539909362793,566528000
2018-11-02,5.316485404968262,452960000
2018-11-05,5.238564491271973,379332000
2018-11-06,5.221001148223877,299012000
2018-11-07,5.288532733917236,483812000
2018-11-08,5.095585823059082,511352000
2018-11-09,5.0876688957214355,413240000
2018-11-12,4.688658714294434,617116000
2018-11-13,4.930340766906738,644712000
2018-11-14,4.877896785736084,526580000
2018-11-15,5.006531238555908,840708000
2018-11-16,4.0675129890441895,1963520000
2018-11-19,3.579450845718384,1697820000
2018-11-20,3.687798500061035,1692032000
2018-11-21,3.579697847366333,1025496000
2018-11-23,3.5868709087371826,411968000
2018-11-26,3.7860047817230225,814832000
2018-11-27,3.802825927734375,738060000
2018-11-28,3.9596588611602783,804524000
2018-11-29,3.8965163230895996,549172000
2018-11-30,4.046820163726807,729564000
2018-12-03,4.210496425628662,890804000
2018-12-04,3.890326976776123,812112000
2018-12-06,3.9195456504821777,692308000
2018-12-07,3.6550889015197754,681676000
2018-12-10,3.760326623916626,629472000
2018-12-11,3.6694509983062744,671912000
2018-12-12,3.6870317459106445,654136000
2018-12-13,3.6867835521698,471384000
2018-12-14,3.6263654232025146,471820000
2018-12-17,3.5552990436553955,662868000
2018-12-18,3.638498544692993,564372000
2018-12-19,3.4297561645507812,745364000
2018-12-20,3.3453192710876465,749588000
2018-12-21,3.2083864212036133,863740000
2018-12-24,3.1467299461364746,463840000
2018-12-26,3.2957956790924072,695100000
2018-12-27,3.2480051517486572,637044000
2018-12-28,3.3094136714935303,628728000
2018-12-31,3.30570125579834,465140000
2019-01-02,3.3730525970458984,508752000
2019-01-03,3.169262647628784,705552000
2019-01-04,3.3723092079162598,585620000
2019-01-07,3.550842523574829,709160000
2019-01-08,3.4624428749084473,786016000
2019-01-09,3.5305371284484863,617260000
2019-01-10,3.596156120300293,523156000
2019-01-11,3.685298442840576,874764000
2019-01-14,3.7251644134521484,730168000
2019-01-15,3.7110514640808105,617012000
2019-01-16,3.685546398162842,470104000
2019-01-17,3.75685977935791,493436000
2019-01-18,3.885868787765503,651336000
2019-01-22,3.6838126182556152,661552000
2019-01-23,3.696688652038574,591020000
2019-01-24,3.908402681350708,708972000
2019-01-25,3.9656026363372803,1154572000
2019-01-28,3.4173762798309326,2511528000
2019-01-29,3.258653163909912,1153932000
2019-01-30,3.4020230770111084,974228000
2019-01-31,3.5595078468322754,842852000
2019-02-01,3.583775520324707,625048000
2019-02-04,3.693965196609497,528592000
2019-02-05,3.713031768798828,542424000
2019-02-06,3.7885549068450928,702464000
2019-02-07,3.6503849029541016,637120000
2019-02-08,3.6689562797546387,461604000
2019-02-11,3.6263654232025146,495180000
2019-02-12,3.74324107170105,591060000
2019-02-13,3.7855844497680664,605372000
2019-02-14,3.826441764831543,827264000
2019-02-15,3.8960213661193848,1516748000
2019-02-19,3.8786873817443848,551892000
2019-02-20,3.925982713699341,540988000
2019-02-21,3.857145309448242,448548000
2019-02-22,3.941830635070801,401740000
2019-02-25,3.9294495582580566,656020000
2019-02-26,3.8900792598724365,488464000
2019-02-27,3.848231077194214,500256000
2019-02-28,3.8236916065216064,324944000
2019-03-01,3.877976655960083,357188000
2019-03-04,3.8861560821533203,409992000
2019-03-05,3.8797104358673096,362924000
2019-03-06,3.7689120769500732,403524000
2019-03-07,3.6997549533843994,450104000
2019-03-08,3.733962059020996,422416000
2019-03-11,3.9942288398742676,859728000
2019-03-12,4.028435707092285,579576000
2019-03-13,4.179637432098389,768900000
2019-03-14,4.103787422180176,519384000
2019-03-15,4.209134578704834,661484000
2019-03-18,4.1878180503845215,486992000
2019-03-19,4.355380058288574,854972000
2019-03-20,4.322907447814941,719148000
2019-03-21,4.5593791007995605,824312000
2019-03-22,4.399749755859375,747644000
2019-03-25,4.307541370391846,525212000
2019-03-26,4.384133338928223,703508000
2019-03-27,4.374962329864502,474372000
2019-03-28,4.393552303314209,480264000
2019-03-29,4.45081090927124,456896000
2019-04-01,4.518232345581055,483824000
2019-04-02,4.536078453063965,440920000
2019-04-03,4.675384998321533,783504000
2019-04-04,4.666459560394287,457376000
2019-04-05,4.733137130737305,481744000
2019-04-08,4.7539591789245605,424192000
2019-04-09,4.691248893737793,439972000
2019-04-10,4.761643886566162,444772000
2019-04-11,4.747762680053711,374600000
2019-04-12,4.709838390350342,471708000
2019-04-15,4.578216552734375,440092000
2019-04-16,4.665220260620117,394964000
2019-04-17,4.642416954040527,351004000
2019-04-18,4.61787748336792,380988000
2019-04-22,4.671665191650391,279936000
2019-04-23,4.726198196411133,346856000
2019-04-24,4.738592624664307,318204000
2019-04-25,4.632997512817383,499296000
2019-04-26,4.414373397827148,868988000
2019-04-29,4.4451093673706055,391920000
2019-04-30,4.486504077911377,362920000
2019-05-01,4.4733662605285645,354280000
2019-05-02,4.5407891273498535,394684000
2019-05-03,4.536327362060547,336824000
2019-05-06,4.458000183105469,422176000
2019-05-07,4.290933609008789,555220000
2019-05-08,4.311010360717773,419168000
2019-05-09,4.218552589416504,660248000
2019-05-10,4.184595584869385,569500000
2019-05-13,3.9275498390197754,656912000
2019-05-14,4.016536712646484,524880000
2019-05-15,3.9555602073669434,502320000
2019-05-16,3.9706807136535645,781088000
2019-05-17,3.8799586296081543,1022068000
2019-05-20,3.7614753246307373,572064000
2019-05-21,3.8435211181640625,361848000
2019-05-22,3.772630214691162,325868000
2019-05-23,3.651667594909668,591844000
2019-05-24,3.597878932952881,357584000
2019-05-28,3.5527663230895996,428356000
2019-05-29,3.4786524772644043,559800000
2019-05-30,3.452099561691284,394300000
2019-05-31,3.3615236282348633,389720000
2019-06-03,3.3198323249816895,478644000
2019-06-04,3.5486326217651367,641836000
2019-06-05,3.5059499740600586,511616000
2019-06-06,3.567988157272339,408140000
2019-06-07,3.610671281814575,348856000
2019-06-10,3.6833810806274414,402780000
2019-06-11,3.740953207015991,383872000
2019-06-12,3.628041982650757,358892000
2019-06-13,3.6791625022888184,308080000
2019-06-14,3.589329481124878,394428000
2019-06-17,3.5990073680877686,276040000
2019-06-18,3.7938108444213867,581920000
2019-06-19,3.799767017364502,331644000
2019-06-20,3.8240854740142822,350168000
2019-06-21,3.766016960144043,434428000
2019-06-24,3.788351058959961,282948000
2019-06-25,3.759068489074707,311868000
2019-06-26,3.952134847640991,584072000
2019-06-27,4.050652503967285,445440000
2019-06-28,4.075469017028809,397668000
2019-07-01,4.123610973358154,709756000
2019-07-02,4.025835990905762,400228000
2019-07-03,4.038740634918213,246636000
2019-07-05,3.9762051105499268,396552000
2019-07-08,3.901262044906616,329788000
2019-07-09,3.9037435054779053,342860000
2019-07-10,3.9719865322113037,452076000
2019-07-11,4.126338958740234,682560000
2019-07-12,4.1593451499938965,506392000
2019-07-15,4.150907516479492,289840000
2019-07-16,4.1461920738220215,341444000
2019-07-17,4.211457252502441,348204000
2019-07-18,4.223119735717773,442192000
2019-07-19,4.179941654205322,344896000
2019-07-22,4.251410961151123,315940000
2019-07-23,4.3591108322143555,428176000
2019-07-24,4.433556079864502,366236000
2019-07-25,4.302530765533447,392700000
2019-07-26,4.3444695472717285,274160000
2019-07-29,4.338263988494873,248160000
2019-07-30,4.353899955749512,197772000
2019-07-31,4.1868896484375,359416000
2019-08-01,4.092590808868408,421212000
2019-08-02,4.00002908706665,428348000
2019-08-05,3.74194598197937,589156000
2019-08-06,3.78065824508667,361272000
2019-08-07,3.8188748359680176,372560000
2019-08-08,3.9273183345794678,309300000
2019-08-09,3.82607102394104,341816000
2019-08-12,3.758324146270752,279200000
2019-08-13,3.8724758625030518,351956000
2019-08-14,3.724079132080078,419880000
2019-08-15,3.6918182373046875,477200000
2019-08-16,3.959578275680542,1007960000
2019-08-19,4.238010406494141,815112000
2019-08-20,4.165795803070068,463188000
2019-08-21,4.2491774559021,427244000
2019-08-22,4.255379676818848,303488000
2019-08-23,4.03104829788208,568056000
2019-08-26,4.105742454528809,318208000
2019-08-27,4.015166282653809,290968000
2019-08-28,4.004733085632324,255612000
2019-08-29,4.14831018447876,357976000
2019-08-30,4.160978317260742,290616000
2019-09-03,4.078010082244873,296140000
2019-09-04,4.192027568817139,227728000
2019-09-05,4.464772701263428,695676000
2019-09-06,4.437695026397705,376976000
2019-09-09,4.483651161193848,417524000
2019-09-10,4.550223350524902,352812000
2019-09-11,4.578789710998535,361512000
2019-09-12,4.577299118041992,327840000
2019-09-13,4.519421577453613,324592000
2019-09-16,4.476448059082031,231832000
2019-09-17,4.4978108406066895,223048000
2019-09-18,4.470733642578125,258152000
2019-09-19,4.3952202796936035,245476000
2019-09-20,4.289649486541748,350244000
2019-09-23,4.343055725097656,249712000
2019-09-24,4.285676002502441,317268000
2019-09-25,4.427264213562012,308432000
2019-09-26,4.405157089233398,234564000
2019-09-27,4.266548156738281,362056000
2019-09-30,4.323930263519287,186184000
2019-10-01,4.32219123840332,366008000
2019-10-02,4.298342704772949,293372000
2019-10-03,4.503771781921387,450588000
2019-10-04,4.520166873931885,265524000
2019-10-07,4.578789710998535,480984000
2019-10-08,4.402422904968262,444436000
2019-10-09,4.488868713378906,292412000
2019-10-10,4.5464959144592285,309124000
2019-10-11,4.62002420425415,446404000
2019-10-14,4.633438587188721,200040000
2019-10-15,4.877865314483643,664124000
2019-10-16,4.824211597442627,428944000
2019-10-17,4.826196670532227,263436000
2019-10-18,4.731804847717285,307440000
2019-10-21,4.868923187255859,261868000
2019-10-22,4.858986854553223,328720000
2019-10-23,4.846069812774658,279916000
2019-10-24,4.89003849029541,232020000
2019-10-25,5.080808639526367,423092000
2019-10-28,5.136699676513672,330792000
2019-10-29,5.0405683517456055,211236000
2019-10-30,5.042553901672363,205960000
2019-10-31,4.993372440338135,209732000
2019-11-01,5.0323710441589355,283640000
2019-11-04,5.228857040405273,376716000
2019-11-05,5.20674991607666,300868000
2019-11-06,5.157566070556641,269012000
2019-11-07,5.175200939178467,280340000
2019-11-08,5.161290645599365,189100000
2019-11-11,5.171228885650635,243436000
2019-11-12,5.20674991607666,283504000
2019-11-13,5.180915832519531,300188000
2019-11-14,5.2112202644348145,518080000
2019-11-15,5.072116374969482,1053628000
2019-11-18,5.273073673248291,574588000
2019-11-19,5.166508674621582,414564000
2019-11-20,5.245748043060303,472588000
2019-11-21,5.220906734466553,288388000
2019-11-22,5.2385454177856445,224100000
2019-11-25,5.49489688873291,506476000
2019-11-26,5.390318870544434,385244000
2019-11-27,5.425118923187256,215784000
2019-11-29,5.387831687927246,141556000
2019-12-02,5.2016425132751465,372036000
2019-12-03,5.162117958068848,465232000
2019-12-04,5.205866813659668,273424000
2019-12-05,5.188964366912842,184884000
2019-12-06,5.274229049682617,232236000
2019-12-09,5.274229049682617,211880000
2019-12-10,5.319222450256348,256388000
2019-12-11,5.402747631072998,233796000
2019-12-12,5.570043563842773,404348000
2019-12-13,5.568056583404541,454704000
2019-12-16,5.596892356872559,320976000
2019-12-17,5.674948692321777,321196000
2019-12-18,5.705275535583496,343548000
2019-12-19,5.853183269500732,445360000
2019-12-20,5.950380325317383,603044000
2019-12-23,5.936707496643066,355060000
2019-12-24,5.931735992431641,138864000
2019-12-26,5.945906162261963,182852000
2019-12-27,5.888233184814453,254644000
2019-12-30,5.775128364562988,258056000
2019-12-31,5.849205493927002,231004000
2020-01-02,5.963803768157959,237536000
2020-01-03,5.868347644805908,205384000
2020-01-06,5.8929572105407715,262636000
2020-01-07,5.964301109313965,314856000
2020-01-08,5.9754862785339355,277108000
2020-01-09,6.041114330291748,255112000
2020-01-10,6.073429584503174,316296000
2020-01-13,6.263846397399902,319840000
2020-01-14,6.147012233734131,359088000
2020-01-15,6.104501724243164,263104000
2020-01-16,6.188026428222656,284192000
2020-01-17,6.196728229522705,253792000
2020-01-21,6.163417339324951,217916000
2020-01-22,6.217360973358154,239240000
2020-01-23,6.285720348358154,244516000
2020-01-24,6.226558685302734,373512000
2020-01-27,5.971012592315674,470536000
2020-01-28,6.164163112640381,310976000
2020-01-29,6.103757381439209,258848000
2020-01-30,6.110468864440918,290504000
2020-01-31,5.877294540405273,370420000
2020-02-03,5.974244594573975,255564000
2020-02-04,6.143280982971191,271544000
2020-02-05,6.233518123626709,208220000
2020-02-06,6.320274353027344,218284000
2020-02-07,6.254150390625,189752000
2020-02-10,6.537041664123535,529608000
2020-02-11,6.659344673156738,638556000
2020-02-12,6.774936676025391,374644000
2020-02-13,6.731184959411621,528016000
2020-02-14,7.203746795654297,1041924000
2020-02-18,7.372286319732666,620164000
2020-02-19,7.822971343994141,694332000
2020-02-20,7.673820495605469,810052000
2020-02-21,7.3101396560668945,768180000
2020-02-24,6.793332099914551,856916000
2020-02-25,6.514170169830322,1055496000
2020-02-26,6.653377056121826,747732000
2020-02-27,6.283014297485352,906416000
2020-02-28,6.7175517082214355,1133252000
2020-03-02,6.87574577331543,890744000
2020-03-03,6.61358118057251,652792000
2020-03-04,7.076724052429199,597408000
2020-03-05,6.797644138336182,540328000
2020-03-06,6.617311954498291,515412000
2020-03-09,6.104920387268066,614160000
2020-03-10,6.493941307067871,580648000
2020-03-11,6.130540370941162,499964000
2020-03-12,5.380358695983887,816540000
2020-03-13,5.990501880645752,634836000
2020-03-16,4.885130405426025,726972000
2020-03-17,5.404237747192383,833632000
2020-03-18,5.0448174476623535,874268000
2020-03-19,5.297282695770264,765512000
2020-03-20,5.117696285247803,804636000
2020-03-23,5.290317535400391,643876000
2020-03-24,6.1979475021362305,1101644000
2020-03-25,6.109396934509277,793432000
2020-03-26,6.398426532745361,696108000
2020-03-27,6.286247253417969,638828000
2020-03-30,6.606119155883789,602252000
2020-03-31,6.556621074676514,949960000
2020-04-01,6.045970916748047,656912000
2020-04-02,6.354400157928467,675764000
2020-04-03,6.066863536834717,663212000
2020-04-06,6.6760149002075195,727884000
2020-04-07,6.4429497718811035,784520000
2020-04-08,6.639946937561035,542444000
2020-04-09,6.5404534339904785,525564000
2020-04-13,6.7120795249938965,398408000
2020-04-14,7.062794208526611,530948000
2020-04-15,6.985437870025635,366148000
2020-04-16,7.330182075500488,745620000
2020-04-17,7.270984649658203,539120000
2020-04-20,7.1399006843566895,449388000
2020-04-21,6.703624248504639,735160000
2020-04-22,7.117514610290527,483356000
2020-04-23,7.064286708831787,424160000
2020-04-24,7.203078746795654,352328000
2020-04-27,7.38938045501709,479388000
2020-04-28,7.247106075286865,442904000
2020-04-29,7.423707008361816,379160000
2020-04-30,7.269989967346191,375916000
2020-05-01,7.033692359924316,342096000
2020-05-04,7.245364189147949,317556000
2020-05-05,7.306303024291992,368896000
2020-05-06,7.407041549682617,323464000
2020-05-07,7.583144664764404,373732000
2020-05-08,7.7729291915893555,339216000
2020-05-11,8.024646759033203,469060000
2020-05-12,7.762979030609131,493060000
2020-05-13,7.740593433380127,625852000
2020-05-14,7.989823818206787,602312000
2020-05-15,8.447742462158203,987660000
2020-05-18,8.705931663513184,774460000
2020-05-19,8.760900497436523,717320000
2020-05-20,8.924566268920898,587536000
2020-05-21,8.730801582336426,761068000
2020-05-22,8.980531692504883,1038764000
2020-05-26,8.673592567443848,770780000
2020-05-27,8.482070922851562,1175892000
2020-05-28,8.444013595581055,734896000
2020-05-29,8.830545425415039,745256000
2020-06-01,8.76164722442627,389876000
2020-06-02,8.780549049377441,391320000
2020-06-03,8.725080490112305,365440000
2020-06-04,8.726078987121582,424280000
2020-06-05,8.878870010375977,481748000
2020-06-08,8.764400482177734,387736000
2020-06-09,9.004288673400879,468488000
2020-06-10,9.32355785369873,632180000
2020-06-11,8.755691528320312,583652000
2020-06-12,8.891312599182129,570908000
2020-06-15,9.131448745727539,400004000
2020-06-16,9.026684761047363,535716000
2020-06-17,9.193414688110352,408304000
2020-06-18,9.175495147705078,254408000
2020-06-19,9.218545913696289,524160000
2020-06-22,9.482820510864258,398468000
2020-06-23,9.406424522399902,375108000
2020-06-24,9.192914962768555,449372000
2020-06-25,9.446239471435547,376072000
2020-06-26,9.112787246704102,592084000
2020-06-29,9.157576560974121,342248000
2020-06-30,9.45395565032959,367892000
2020-07-01,9.486055374145508,326648000
2020-07-02,9.567931175231934,364056000
2020-07-06,9.793880462646484,315892000
2020-07-07,9.8262300491333,357800000
2020-07-08,10.168893814086914,365480000
2020-07-09,10.460542678833008,494548000
2020-07-10,10.430930137634277,497676000
2020-07-13,10.005898475646973,457076000
2020-07-14,10.329151153564453,542676000
2020-07-15,10.180091857910156,403984000
2020-07-16,10.088019371032715,344964000
2020-07-17,10.154459953308105,266284000
2020-07-20,10.462284088134766,284852000
2020-07-21,10.280874252319336,277036000
2020-07-22,10.390618324279785,367292000
2020-07-23,10.083041191101074,411660000
2020-07-24,10.147492408752441,473292000
2020-07-27,10.373443603515625,292132000
2020-07-28,10.16839599609375,271636000
2020-07-29,10.417240142822266,284508000
2020-07-30,10.56506061553955,308880000
2020-07-31,10.565804481506348,386080000
2020-08-03,10.959484100341797,412720000
2020-08-04,11.175978660583496,310336000
2020-08-05,11.234704971313477,249924000
2020-08-06,11.283234596252441,244316000
2020-08-07,11.147858619689941,342516000
2020-08-10,11.113518714904785,427796000
2020-08-11,10.799969673156738,354512000
2020-08-12,11.387499809265137,464412000
2020-08-13,11.390235900878906,374460000
2020-08-14,11.5106782913208,366436000
2020-08-17,12.280113220214844,621300000
2020-08-18,12.204214096069336,503448000
2020-08-19,12.082529067993164,622624000
2020-08-20,12.085017204284668,921388000
2020-08-21,12.625014305114746,999868000
2020-08-24,12.66159725189209,490564000
2020-08-25,12.691208839416504,289076000
2020-08-26,12.714101791381836,321244000
2020-08-27,12.570018768310547,317604000
2020-08-28,13.087126731872559,537160000
2020-08-31,13.31282901763916,500840000
2020-09-01,13.761387825012207,511316000
2020-09-02,14.284619331359863,874012000
2020-09-03,12.959362030029297,945128000
2020-09-04,12.5680570602417,1463684000
2020-09-08,11.861616134643555,795728000
2020-09-09,12.660158157348633,736200000
2020-09-10,12.258646011352539,698684000
2020-09-11,12.112032890319824,636928000
2020-09-14,12.816726684570312,1201744000
2020-09-15,12.934965133666992,727556000
2020-09-16,12.460521697998047,556384000
2020-09-17,12.409741401672363,792512000
2020-09-18,12.136673927307129,698460000
2020-09-21,12.463260650634766,721044000
2020-09-22,12.583240509033203,646452000
2020-09-23,12.07145881652832,647012000
2020-09-24,12.294740676879883,731240000
2020-09-25,12.818219184875488,588016000
2020-09-28,12.978776931762695,573808000
2020-09-29,13.168705940246582,621460000
2020-09-30,13.472140312194824,689184000
2020-10-01,13.555776596069336,525004000
2020-10-02,13.005912780761719,552496000
2020-10-05,13.583654403686523,479820000
2020-10-06,13.677252769470215,784420000
2020-10-07,13.903770446777344,418084000
2020-10-08,13.779061317443848,378900000
2020-10-09,13.703387260437012,346892000
2020-10-12,14.164639472961426,434744000
2020-10-13,14.18679428100586,344604000
2020-10-14,14.034453392028809,276100000
2020-10-15,13.909744262695312,267224000
2020-10-16,13.751927375793457,242392000
2020-10-19,13.439530372619629,298068000
2020-10-20,13.586645126342773,229212000
2020-10-21,13.466412544250488,219596000
2020-10-22,13.30337142944336,290480000
2020-10-23,13.531633377075195,233484000
2020-10-26,13.084567070007324,336896000
2020-10-27,13.338968276977539,250520000
2020-10-28,12.572538375854492,376520000
2020-10-29,12.967824935913086,320080000
2020-10-30,12.479938507080078,416820000
2020-11-02,12.526488304138184,299652000
2020-11-03,12.96334457397461,272900000
2020-11-04,13.734750747680664,410228000
2020-11-05,14.098923683166504,319028000
2020-11-06,14.499191284179688,383348000
2020-11-09,13.571954727172852,582976000
2020-11-10,12.714920997619629,644068000
2020-11-11,13.360124588012695,404744000
2020-11-12,13.398704528808594,365812000
2020-11-13,13.23964786529541,346312000
2020-11-16,13.456955909729004,413776000
2020-11-17,13.364355087280273,312028000
2020-11-18,13.370828628540039,510924000
2020-11-19,13.382278442382812,565936000
2020-11-20,13.031299591064453,341088000
2020-11-23,13.083324432373047,361356000
2020-11-24,12.901860237121582,346500000
2020-11-25,13.177664756774902,259916000
2020-11-27,13.204050064086914,167276000
2020-11-30,13.343695640563965,286952000
2020-12-01,13.332245826721191,296948000
2020-12-02,13.486078262329102,283360000
2020-12-03,13.342158317565918,199520000
2020-12-04,13.503756523132324,202244000
2020-12-07,13.55206298828125,223244000
2020-12-08,13.296343803405762,271920000
2020-12-09,12.878780364990234,401300000
2020-12-10,12.920113563537598,207764000
2020-12-11,12.960946083068848,209264000
2020-12-14,13.255263328552246,270156000
2020-12-15,13.306802749633789,193016000
2020-12-16,13.189278602600098,223116000
2020-12-17,13.287630081176758,231384000
2020-12-18,13.218658447265625,342064000
2020-12-21,13.278664588928223,302332000
2020-12-22,13.224883079528809,185580000
2020-12-23,12.956964492797852,179144000
2020-12-24,12.941526412963867,97884000
2020-12-28,12.84815502166748,212564000
2020-12-29,12.891227722167969,170372000
2020-12-30,13.092915534973145,225396000
2020-12-31,13.002530097961426,192424000
2021-01-04,13.060795783996582,560640000
2021-01-05,13.350874900817871,322760000
2021-01-06,12.563801765441895,580424000
2021-01-07,13.290369033813477,461480000
2021-01-08,13.223387718200684,292528000
2021-01-11,13.566753387451172,518344000
2021-01-12,13.430554389953613,291476000
2021-01-13,13.477364540100098,210028000
2021-01-14,13.147195816040039,283120000
2021-01-15,12.807814598083496,277780000
2021-01-19,12.972900390625,226188000
2021-01-20,13.312030792236328,258572000
2021-01-21,13.81176471710205,337780000
2021-01-22,13.657388687133789,246820000
2021-01-25,13.598374366760254,251112000
2021-01-26,13.381250381469727,163980000
2021-01-27,12.865832328796387,371272000
2021-01-28,12.998546600341797,228316000
2021-01-29,12.937541007995605,271552000
2021-02-01,13.18380069732666,217204000
2021-02-02,13.502264976501465,220440000
2021-02-03,13.476120948791504,245408000
2021-02-04,13.609333038330078,201340000
2021-02-05,13.536375999450684,169152000
2021-02-08,14.380720138549805,434624000
2021-02-09,14.205924034118652,287560000
2021-02-10,14.704910278320312,485352000
2021-02-11,15.189455032348633,450828000
2021-02-12,14.90112018585205,374756000
2021-02-16,15.268637657165527,321960000
2021-02-17,14.846091270446777,274756000
2021-02-18,14.76939868927002,233868000
2021-02-19,14.866510391235352,271724000
2021-02-22,14.298051834106445,325884000
2021-02-23,14.085162162780762,391780000
2021-02-24,14.440726280212402,448320000
2021-02-25,13.25401782989502,824436000
2021-02-26,13.659383773803711,500932000
2021-03-01,13.78611946105957,353184000
2021-03-02,13.35236930847168,264116000
2021-03-03,12.753286361694336,377592000
2021-03-04,12.32053279876709,573344000
2021-03-05,12.411416053771973,542840000
2021-03-08,11.546655654907227,543112000
2021-03-09,12.474235534667969,521824000
2021-03-10,12.42242431640625,384376000
2021-03-11,12.945746421813965,299916000
2021-03-12,12.808751106262207,243964000
2021-03-15,13.142767906188965,221988000
2021-03-16,13.242401123046875,272128000
2021-03-17,13.292217254638672,243864000
2021-03-18,12.675740242004395,293896000
2021-03-19,12.798539161682129,299208000
2021-03-22,13.13778305053711,297804000
2021-03-23,13.022709846496582,222048000
2021-03-24,12.596531867980957,245840000
2021-03-25,12.489181518554688,295144000
2021-03-26,12.792061805725098,363968000
2021-03-29,12.900662422180176,273520000
2021-03-30,12.824441909790039,200204000
2021-03-31,13.299190521240234,314776000
2021-04-01,13.760988235473633,308276000
2021-04-05,13.936091423034668,255672000
2021-04-06,13.810552597045898,191744000
2021-04-07,14.091520309448242,251284000
2021-04-08,14.264379501342773,244416000
2021-04-09,14.347075462341309,195172000
2021-04-12,15.15310287475586,869324000
2021-04-13,15.621872901916504,676212000
2021-04-14,15.220853805541992,385500000
2021-04-15,16.077938079833984,598480000
2021-04-16,15.854016304016113,335208000
2021-04-19,15.305289268493652,404420000
2021-04-20,15.115492820739746,334132000
2021-04-21,15.304044723510742,216776000
2021-04-22,14.795672416687012,277788000
2021-04-23,15.209147453308105,227500000
2021-04-26,15.421113014221191,197796000
2021-04-27,15.325218200683594,164572000
2021-04-28,15.220602989196777,209416000
2021-04-29,15.268426895141602,173196000
2021-04-30,14.954334259033203,201912000
2021-05-03,14.782222747802734,203912000
2021-05-04,14.298503875732422,405324000
2021-05-05,14.40535831451416,292024000
2021-05-06,14.469624519348145,193380000
2021-05-07,14.757811546325684,229328000
2021-05-10,14.213319778442383,268904000
2021-05-11,14.253669738769531,285584000
2021-05-12,13.707935333251953,303408000
2021-05-13,13.61502456665039,285404000
2021-05-14,14.190654754638672,258616000
2021-05-17,14.113436698913574,216980000
2021-05-18,13.964238166809082,186256000
2021-05-19,14.014053344726562,344000000
2021-05-20,14.558796882629395,321592000
2021-05-21,14.936650276184082,672992000
2021-05-24,15.554621696472168,554816000
2021-05-25,15.590240478515625,435408000
2021-05-26,15.64229965209961,370440000
2021-05-27,15.431077003479004,581476000
2021-05-28,16.184797286987305,644536000
2021-06-01,16.204721450805664,472804000
2021-06-02,16.716583251953125,594168000
2021-06-03,16.907381057739258,580008000
2021-06-04,17.513643264770508,617120000
2021-06-07,17.554243087768555,575756000
2021-06-08,17.392841339111328,323848000
2021-06-09,17.29841423034668,381656000
2021-06-10,17.364944458007812,287772000
2021-06-11,17.763805389404297,416308000
2021-06-14,17.956636428833008,321376000
2021-06-15,17.727176666259766,243032000
2021-06-16,17.748857498168945,307124000
2021-06-17,18.592941284179688,809656000
2021-06-18,18.57450294494629,968856000
2021-06-21,18.36372947692871,672384000
2021-06-22,18.82164764404297,580144000
2021-06-23,18.99155616760254,332356000
2021-06-24,19.139297485351562,320924000
2021-06-25,18.965402603149414,278364000
2021-06-28,19.916114807128906,495436000
2021-06-29,19.957717895507812,367632000
2021-06-30,19.933547973632812,326568000
2021-07-01,20.142332077026367,480136000
2021-07-02,20.416378021240234,342764000
2021-07-06,20.62714958190918,446708000
2021-07-07,20.301530838012695,418428000
2021-07-08,19.83414649963379,503300000
2021-07-09,19.981138229370117,296624000
2021-07-12,20.441795349121094,321984000
2021-07-13,20.180198669433594,290708000
2021-07-14,19.773107528686523,380100000
2021-07-15,18.900875091552734,550564000
2021-07-16,18.098398208618164,688224000
2021-07-19,18.71501922607422,749060000
2021-07-20,18.5478458404541,434687000
2021-07-21,19.343095779418945,371017000
2021-07-22,19.52646255493164,323826000
2021-07-23,19.490585327148438,195672000
2021-07-26,19.227493286132812,203943000
2021-07-27,19.14179039001465,248863000
2021-07-28,19.435775756835938,202191000
2021-07-29,19.594226837158203,190781000
2021-07-30,19.431791305541992,183497000
2021-08-02,19.681922912597656,217444000
2021-08-03,19.74669647216797,301811000
2021-08-04,20.204118728637695,231309000
2021-08-05,20.565866470336914,211435000
2021-08-06,20.295799255371094,178497000
2021-08-09,20.225046157836914,146443000
2021-08-10,19.867279052734375,179238000
2021-08-11,19.6310977935791,185925000
2021-08-12,19.836389541625977,151652000
2021-08-13,20.118412017822266,183063000
2021-08-16,19.8812313079834,210876000
2021-08-17,19.390926361083984,204585000
2021-08-18,18.9743709564209,285913000
2021-08-19,19.72975730895996,766555000
2021-08-20,20.74424934387207,675741000
2021-08-23,21.88231086730957,575807000
2021-08-24,21.717880249023438,297299000
2021-08-25,22.136432647705078,347701000
2021-08-26,21.991931915283203,237940000
2021-08-27,22.55797576904297,304722000
2021-08-30,22.60979461669922,262580000
2021-08-31,22.311769485473633,259850000
2021-09-01,22.36758804321289,201767000
2021-09-02,22.32274055480957,187834000
2021-09-03,22.768280029296875,280532000
2021-09-07,22.587867736816406,198107000
2021-09-08,22.26592254638672,254434000
2021-09-09,22.10445213317871,196856000
2021-09-10,22.40446662902832,248376000
2021-09-13,22.079530715942383,297500000
2021-09-14,22.16924285888672,199755000
2021-09-15,22.26791763305664,166538000
2021-09-16,22.16924285888672,156033000
2021-09-17,21.828359603881836,294503000
2021-09-20,21.04393196105957,349440000
2021-09-21,21.17650032043457,204688000
2021-09-22,21.869224548339844,268726000
2021-09-23,22.40845489501953,248555000
2021-09-24,22.008769989013672,217655000
2021-09-27,21.58914566040039,245215000
2021-09-28,20.631288528442383,343069000
2021-09-29,20.449880599975586,218394000
2021-09-30,20.648235321044922,221009000
2021-10-01,20.674144744873047,240978000
2021-10-04,19.66745376586914,345635000
2021-10-05,20.38409996032715,279282000
2021-10-06,20.632287979125977,297202000
2021-10-07,21.006057739257812,256919000
2021-10-08,20.762853622436523,151258000
2021-10-11,20.627302169799805,163388000
2021-10-12,20.603378295898438,162134000
2021-10-13,20.87050437927246,180652000
2021-10-14,21.67486572265625,243589000
2021-10-15,21.790481567382812,226994000
2021-10-18,22.149303436279297,189494000
2021-10-19,22.21708869934082,161473000
2021-10-20,22.030702590942383,146276000
2021-10-21,22.61776351928711,187590000
2021-10-22,22.651655197143555,249384000
2021-10-25,23.090219497680664,230235000
2021-10-26,24.636144638061523,485898000
2021-10-27,24.371017456054688,245990000
2021-10-28,24.859413146972656,234204000
2021-10-29,25.48336410522461,292503000
2021-11-01,25.742511749267578,265740000
2021-11-02,26.31463623046875,294112000
2021-11-03,26.5109920501709,239910000
2021-11-04,29.70351219177246,1153631000
2021-11-05,29.65467643737793,851260000
2021-11-08,30.703231811523438,503101000
2021-11-09,30.556711196899414,646746000
2021-11-10,29.362634658813477,636206000
2021-11-11,30.29058837890625,332172000
2021-11-12,30.29058837890625,413054000
2021-11-15,29.92678451538086,384909000
2021-11-16,30.10420036315918,264484000
2021-11-17,29.165285110473633,428508000
2021-11-18,31.571388244628906,781711000
2021-11-19,32.87710189819336,533867000
2021-11-22,31.851459503173828,754335000
2021-11-23,31.642147064208984,532163000
2021-11-24,32.567115783691406,435162000
2021-11-26,31.39995002746582,283069000
2021-11-29,33.266815185546875,454964000
2021-11-30,32.56909942626953,622066000
2021-12-01,31.336002349853516,484368000
2021-12-02,32.02482986450195,472890000
2021-12-03,30.596342086791992,544325000
2021-12-06,29.942407608032227,658938000
2021-12-07,32.324886322021484,593053000
2021-12-08,31.72577476501465,475551000
2021-12-09,30.393980026245117,488507000
2021-12-10,30.1028995513916,488825000
2021-12-13,28.072315216064453,598344000
2021-12-14,28.247758865356445,667035000
2021-12-15,30.363079071044922,698297000
2021-12-16,28.297603607177734,707366000
2021-12-17,27.713449478149414,713758000
2021-12-20,27.63170623779297,461847000
2021-12-21,28.983436584472656,524385000
2021-12-22,29.307415008544922,395184000
2021-12-23,29.54665756225586,343022000
2021-12-27,30.847545623779297,403686000
2021-12-28,30.226511001586914,420591000
2021-12-29,29.906517028808594,343139000
2021-12-30,29.49282455444336,308864000
2021-12-31,29.318376541137695,266530000
2022-01-03,30.02614402770996,391547000
2022-01-04,29.197763442993164,527154000
2022-01-05,27.517070770263672,498064000
2022-01-06,28.08926010131836,454186000
2022-01-07,27.161195755004883,409939000
2022-01-10,27.313711166381836,594681000
2022-01-11,27.72940444946289,404089000
2022-01-12,27.910823822021484,383413000
2022-01-13,26.49131202697754,540171000
2022-01-14,26.85715675354004,395832000
2022-01-18,25.821428298950195,424270000
2022-01-19,24.988061904907227,488315000
2022-01-20,24.073944091796875,435181000
2022-01-21,23.300390243530273,718958000
2022-01-24,23.298398971557617,913982000
2022-01-25,22.253700256347656,664616000
2022-01-26,22.700286865234375,755959000
2022-01-27,21.874889373779297,573353000
2022-01-28,22.768075942993164,543774000
2022-01-31,24.408889770507812,564680000
2022-02-01,24.560409545898438,518925000
2022-02-02,25.16250991821289,543419000
2022-02-03,23.872581481933594,410178000
2022-02-04,24.242414474487305,354829000
2022-02-07,24.65012550354004,376868000
2022-02-08,25.028928756713867,410359000
2022-02-09,26.620899200439453,524282000
2022-02-10,25.74267578125,513200000
2022-02-11,23.87357521057129,605472000
2022-02-14,24.190580368041992,440424000
2022-02-15,26.411561965942383,699869000
2022-02-16,26.427509307861328,732676000
2022-02-17,24.429824829101562,810595000
2022-02-18,23.567546844482422,761255000
2022-02-22,23.31633949279785,633422000
2022-02-23,22.31649398803711,566511000
2022-02-24,23.6732120513916,735801000
2022-02-25,24.08092498779297,528866000
2022-02-28,24.308210372924805,477319000
2022-03-01,23.403066635131836,412056000
2022-03-02,24.147838592529297,389642000
2022-03-03,23.643346786499023,365095000
2022-03-04,22.867666244506836,431415000
2022-03-07,21.28838539123535,450821000
2022-03-08,21.449901580810547,557467000
2022-03-09,22.945436477661133,492742000
2022-03-10,22.590496063232422,428066000
2022-03-11,22.034160614013672,367209000
2022-03-14,21.26645278930664,385354000
2022-03-15,22.904552459716797,491996000
2022-03-16,24.42302131652832,671422000
2022-03-17,24.692214965820312,471941000
2022-03-18,26.37418556213379,730719000
2022-03-21,26.65435218811035,591727000
2022-03-22,26.444976806640625,547007000
2022-03-23,25.557628631591797,502120000
2022-03-24,28.066133499145508,877379000
2022-03-25,27.609495162963867,579016000
2022-03-28,28.134925842285156,425494000
2022-03-29,28.570621490478516,488984000
2022-03-30,27.607501983642578,463487000
2022-03-31,27.204702377319336,523440000
2022-04-01,26.632417678833008,517235000
2022-04-04,27.278486251831055,397120000
2022-04-05,25.853740692138672,436615000
2022-04-06,24.334285736083984,703833000
2022-04-07,24.135873794555664,557992000
2022-04-08,23.05011749267578,524781000
2022-04-11,21.851701736450195,575207000
2022-04-12,21.439929962158203,662258000
2022-04-13,22.136844635009766,516943000
2022-04-14,21.194665908813477,569097000
2022-04-18,21.71809959411621,525701000
2022-04-19,22.131864547729492,512781000
2022-04-20,21.41799545288086,468974000
2022-04-21,20.12286376953125,656209000
2022-04-22,19.45685386657715,624713000
2022-04-25,19.842702865600586,641566000
2022-04-26,18.732025146484375,653143000
2022-04-27,18.360136032104492,499460000
2022-04-28,19.723066329956055,570327000
2022-04-29,18.491741180419922,500435000
2022-05-02,19.47480583190918,572049000
2022-05-03,19.543601989746094,475751000
2022-05-04,20.273418426513672,648855000
2022-05-05,18.787857055664062,626331000
2022-05-06,18.619361877441406,633297000
2022-05-09,16.89950180053711,644455000
2022-05-10,17.542577743530273,761474000
2022-05-11,16.580453872680664,670167000
2022-05-12,16.12681007385254,708728000
2022-05-13,17.653244018554688,670437000
2022-05-16,17.212562561035156,521446000
2022-05-17,18.12284278869629,585830000
2022-05-18,16.887531280517578,545161000
2022-05-19,17.07298469543457,621310000
2022-05-20,16.644262313842773,739105000
2022-05-23,16.847654342651367,639889000
2022-05-24,16.105871200561523,588550000
2022-05-25,16.924427032470703,781132000
2022-05-26,17.79781150817871,996575000
2022-05-27,18.754953384399414,738379000
2022-05-31,18.616371154785156,664100000
2022-06-01,18.26541519165039,544514000
2022-06-02,19.53362464904785,648656000
2022-06-03,18.664228439331055,598779000
2022-06-06,18.73002815246582,422406000
2022-06-07,18.869613647460938,388914000
2022-06-08,18.596370697021484,363252000
2022-06-09,17.998035430908203,395574000
2022-06-10,16.9270076751709,465248000
2022-06-13,15.603680610656738,604153000
2022-06-14,15.792156219482422,469680000
2022-06-15,16.481243133544922,563936000
2022-06-16,15.557808876037598,545749000
2022-06-17,15.836036682128906,630334000
2022-06-21,16.5201358795166,483089000
2022-06-22,16.31470489501953,437135000
2022-06-23,16.180078506469727,463680000
2022-06-24,17.078584671020508,472153000
2022-06-27,16.822298049926758,427968000
2022-06-28,15.937752723693848,461149000
2022-06-29,15.498969078063965,482352000
2022-06-30,15.117033958435059,686070000
2022-07-01,14.482789039611816,577610000
2022-07-05,14.922571182250977,651397000
2022-07-06,15.088111877441406,529066000
2022-07-07,15.814096450805664,492903000
2022-07-08,15.794151306152344,467972000
2022-07-11,15.110050201416016,437321000
2022-07-12,15.040244102478027,458483000
2022-07-13,15.122016906738281,521918000
2022-07-14,15.32944393157959,456235000
2022-07-15,15.71835994720459,385935000
2022-07-18,16.056425094604492,670517000
2022-07-19,16.944957733154297,702366000
2022-07-20,17.75770378112793,760538000
2022-07-21,18.000024795532227,557049000
2022-07-22,17.27105140686035,536671000
2022-07-25,16.976869583129883,480748000
2022-07-26,16.487226486206055,397865000
2022-07-27,17.74074363708496,569776000
2022-07-28,17.934206008911133,474646000
2022-07-29,18.112714767456055,435460000
2022-08-01,18.38994598388672,476469000
2022-08-02,18.47470474243164,489527000
2022-08-03,18.8406925201416,418146000
2022-08-04,19.161802291870117,409652000
2022-08-05,18.93642807006836,386068000
2022-08-08,17.74373435974121,981859000
2022-08-09,17.038698196411133,668263000
2022-08-10,18.046899795532227,597422000
2022-08-11,17.892322540283203,509327000
2022-08-12,18.657201766967773,478094000
2022-08-15,18.979310989379883,457666000
2022-08-16,18.826732635498047,451240000
2022-08-17,18.284236907958984,446799000
2022-08-18,18.721023559570312,415447000
2022-08-19,17.799583435058594,441588000
2022-08-22,16.986841201782227,409593000
2022-08-23,17.133432388305664,369986000
2022-08-24,17.174318313598633,522661000
2022-08-25,17.86341094970703,770691000
2022-08-26,16.214984893798828,769127000
2022-08-29,15.757251739501953,496132000
2022-08-30,15.425176620483398,530181000
2022-08-31,15.052210807800293,573710000
2022-09-01,13.898415565490723,1178865000
2022-09-02,13.60921859741211,743157000
2022-09-06,13.427720069885254,535751000
2022-09-07,13.680096626281738,512657000
2022-09-08,13.955412864685059,624873000
2022-09-09,14.351434707641602,486612000
2022-09-12,14.469141960144043,484159000
2022-09-13,13.098538398742676,714956000
2022-09-14,13.095544815063477,588507000
2022-09-15,12.897035598754883,523625000
2022-09-16,13.16537094116211,670751000
2022-09-19,13.348915100097656,569685000
2022-09-20,13.143424987792969,524818000
2022-09-21,13.228215217590332,807679000
2022-09-22,12.529943466186523,759162000
2022-09-23,12.48505687713623,663309000
2022-09-26,12.197768211364746,547343000
2022-09-27,12.382312774658203,553854000
2022-09-28,12.704514503479004,542414000
2022-09-29,12.189790725708008,532763000
2022-09-30,12.108988761901855,565638000
2022-10-03,12.481067657470703,547478000
2022-10-04,13.134448051452637,584182000
2022-10-05,13.176342010498047,507131000
2022-10-06,13.097539901733398,644157000
2022-10-07,12.046144485473633,672478000
2022-10-10,11.641148567199707,698699000
2022-10-11,11.557354927062988,667482000
2022-10-12,11.47156810760498,492590000
2022-10-13,11.93043041229248,850103000
2022-10-14,11.199243545532227,713432000
2022-10-17,11.85860824584961,580774000
2022-10-18,11.937416076660156,659362000
2022-10-19,12.021207809448242,523131000
2022-10-20,12.163853645324707,652398000
2022-10-21,12.435182571411133,609494000
2022-10-24,12.567850112915039,517457000
2022-10-25,13.228215217590332,505482000
2022-10-26,12.864118576049805,532953000
2022-10-27,13.143424987792969,583113000
2022-10-28,13.799798965454102,521040000
2022-10-31,13.463631629943848,486341000
2022-11-01,13.509516716003418,432817000
2022-11-02,13.186317443847656,672628000
2022-11-03,13.387819290161133,500065000
2022-11-04,14.121004104614258,612576000
2022-11-07,14.265644073486328,410061000
2022-11-08,14.565898895263672,595292000
2022-11-09,13.741941452026367,454414000
2022-11-10,15.711061477661133,700819000
2022-11-11,16.286636352539062,655487000
2022-11-14,16.254711151123047,527852000
2022-11-15,16.624797821044922,545876000
2022-11-16,15.87066650390625,649547000
2022-11-17,15.638240814208984,710894000
2022-11-18,15.370905876159668,492072000
2022-11-21,15.279133796691895,404739000
2022-11-22,15.998350143432617,472866000
2022-11-23,16.478160858154297,427241000
2022-11-25,16.229774475097656,167934000
2022-11-28,15.787872314453125,303741000
2022-11-29,15.600333213806152,298384000
2022-11-30,16.885482788085938,565298000
2022-12-01,17.09701156616211,470977000
2022-12-02,16.838581085205078,371389000
2022-12-05,16.57317543029785,352255000
2022-12-06,15.951555252075195,352694000
2022-12-07,16.084260940551758,372388000
2022-12-08,17.130937576293945,515456000
2022-12-09,16.963308334350586,465338000
2022-12-12,17.49612808227539,457328000
2022-12-13,18.031932830810547,656589000
2022-12-14,17.634817123413086,496888000
2022-12-15,16.914417266845703,478542000
2022-12-16,16.534257888793945,478232000
2022-12-19,16.21796226501465,354039000
2022-12-20,16.049339294433594,403260000
2022-12-21,16.464418411254883,325025000
2022-12-22,15.30499267578125,565045000
2022-12-23,15.172286987304688,349326000
2022-12-27,14.089693069458008,464902000
2022-12-28,14.004880905151367,351066000
2022-12-29,14.570625305175781,354923000
2022-12-30,14.5816011428833,310490000
2023-01-03,14.283262252807617,401277000
2023-01-04,14.716300010681152,431324000
2023-01-05,14.233375549316406,389168000
2023-01-06,14.826056480407715,405044000
2023-01-09,15.593351364135742,504231000
2023-01-10,15.873729705810547,384101000
2023-01-11,15.965524673461914,353285000
2023-01-12,16.474395751953125,551409000
2023-01-13,16.86153221130371,447287000
2023-01-17,17.662755966186523,511102000
2023-01-18,17.338472366333008,439624000
2023-01-19,16.727827072143555,452932000
2023-01-20,17.79945182800293,564967000
2023-01-23,19.150447845458984,655163000
2023-01-24,19.222286224365234,496204000
2023-01-25,19.280166625976562,449537000
2023-01-26,19.758098602294922,489535000
2023-01-27,20.319852828979492,542142000
2023-01-30,19.119522094726562,488611000
2023-01-31,19.493684768676758,498017000
2023-02-01,20.89657211303711,660477000
2023-02-02,21.660873413085938,564276000
2023-02-03,21.053218841552734,429366000
2023-02-06,21.042245864868164,452197000
2023-02-07,22.12384605407715,664150000
2023-02-08,22.155771255493164,559651000
2023-02-09,22.287477493286133,523876000
2023-02-10,21.217851638793945,550737000
2023-02-13,21.739694595336914,474919000
2023-02-14,22.920074462890625,675474000
2023-02-15,22.713531494140625,420575000
2023-02-16,21.95322036743164,412026000
2023-02-17,21.34058380126953,465888000
2023-02-21,20.609203338623047,410015000
2023-02-22,20.707984924316406,513184000
2023-02-23,23.611539840698242,1117995000
2023-02-24,23.234373092651367,589716000
2023-02-27,23.44889259338379,452994000
2023-02-28,23.16452980041504,455963000
2023-03-01,22.647676467895508,460026000
2023-03-02,23.262310028076172,389415000
2023-03-03,23.837034225463867,412393000
2023-03-06,23.50178337097168,437429000
2023-03-07,23.24031639099121,515154000
2023-03-08,24.131486892700195,513573000
2023-03-09,23.38801383972168,501257000
2023-03-10,22.9179744720459,474866000
2023-03-13,22.918973922729492,421890000
2023-03-14,24.01372718811035,474910000
2023-03-15,24.17839241027832,524486000
2023-03-16,25.488704681396484,583253000
2023-03-17,25.67232322692871,848547000
2023-03-20,25.846967697143555,432747000
2023-03-21,26.145357131958008,547408000
2023-03-22,26.41380500793457,797295000
2023-03-23,27.135324478149414,564889000
2023-03-24,26.72416877746582,454920000
2023-03-27,26.476675033569336,361026000
2023-03-28,26.355924606323242,356104000
2023-03-29,26.928747177124023,393694000
2023-03-30,27.326932907104492,364516000
2023-03-31,27.720125198364258,433933000
2023-04-03,27.90773582458496,398716000
2023-04-04,27.39678955078125,368592000
2023-04-05,26.825960159301758,515015000
2023-04-06,26.98164176940918,397654000
2023-04-10,27.52252960205078,395279000
2023-04-11,27.113370895385742,314378000
2023-04-12,26.44074821472168,446259000
2023-04-13,26.4088134765625,353615000
2023-04-14,26.703210830688477,395660000
2023-04-17,26.94671058654785,321471000
2023-04-18,27.610347747802734,604812000
2023-04-19,27.873807907104492,358660000
2023-04-20,27.048503875732422,427713000
2023-04-21,27.06346893310547,345103000
2023-04-24,26.986629486083984,339282000
2023-04-25,26.187265396118164,378527000
2023-04-26,26.900800704956055,406337000
2023-04-27,27.170249938964844,377161000
2023-04-28,27.692184448242188,292216000
2023-05-01,28.85080337524414,570329000
2023-05-02,28.152238845825195,402730000
2023-05-03,27.745071411132812,383387000
2023-05-04,27.505563735961914,321850000
2023-05-05,28.621274948120117,361494000
2023-05-08,29.091310501098633,344979000
2023-05-09,28.51249885559082,314869000
2023-05-10,28.82585334777832,369350000
2023-05-11,28.519481658935547,322149000
2023-05-12,28.281970977783203,274222000
2023-05-15,28.893714904785156,293926000
2023-05-16,29.153182983398438,449405000
2023-05-17,30.116209030151367,432535000
2023-05-18,31.613136291503906,748725000
2023-05-19,31.199983596801758,473908000
2023-05-22,31.112165451049805,372000000
2023-05-23,30.625164031982422,356253000
2023-05-24,30.47547149658203,721419000
2023-05-25,37.90223693847656,1543911000
2023-05-26,38.86625289916992,714397000
2023-05-30,40.028873443603516,923401000
2023-05-31,37.75653076171875,1002580000
2023-06-01,39.688568115234375,635873000
2023-06-02,39.2464714050293,482731000
2023-06-05,39.09079360961914,396094000
2023-06-06,38.57485580444336,388729000
2023-06-07,37.402137756347656,511998000
2023-06-08,38.43512725830078,417772000
2023-06-09,38.69462203979492,427717000
2023-06-12,39.40523147583008,388701000
2023-06-13,40.94223403930664,613208000
2023-06-14,42.91341018676758,740465000
2023-06-15,42.570068359375,568622000
2023-06-16,42.60898971557617,655709000
2023-06-20,43.72282409667969,451153000
2023-06-21,42.96131134033203,551603000
2023-06-22,42.94134521484375,417737000
2023-06-23,42.12693786621094,358140000
2023-06-26,40.553001403808594,594322000
2023-06-27,41.794578552246094,462175000
2023-06-28,41.03705596923828,582639000
2023-06-29,40.74263381958008,380514000
2023-06-30,42.219757080078125,501148000
2023-07-03,42.33052444458008,198209000
2023-07-05,42.2347297668457,323618000
2023-07-06,42.021141052246094,303582000
2023-07-07,42.42036437988281,355881000
2023-07-10,42.09798812866211,353908000
2023-07-11,42.322540283203125,298244000
2023-07-12,43.81663513183594,481277000
2023-07-13,45.887603759765625,478204000
2023-07-14,45.38059997558594,772075000
2023-07-17,46.37065887451172,510488000
2023-07-18,47.40165710449219,569164000
2023-07-19,46.985469818115234,427502000
2023-07-20,45.43149185180664,537865000
2023-07-21,44.22284698486328,963769000
2023-07-24,44.5252571105957,382516000
2023-07-25,45.590187072753906,348081000
2023-07-26,45.363624572753906,364237000
2023-07-27,45.81076431274414,455976000
2023-07-28,46.65910339355469,331194000
2023-07-31,46.63814163208008,251055000
2023-08-01,46.41657638549805,237858000
2023-08-02,44.18292999267578,530142000
2023-08-03,44.42844772338867,324176000
2023-08-04,44.5931282043457,362666000
2023-08-07,45.328697204589844,322154000
2023-08-08,44.57716369628906,353843000
2023-08-09,42.47126388549805,586449000
2023-08-10,42.305599212646484,492705000
2023-08-11,40.77556228637695,533085000
2023-08-14,43.667930603027344,690286000
2023-08-15,43.85457229614258,676512000
2023-08-16,43.40144729614258,527451000
2023-08-17,43.25972366333008,452395000
2023-08-18,43.21480941772461,583768000
2023-08-21,46.87567901611328,692573000
2023-08-22,45.57920455932617,755293000
2023-08-23,47.0244026184082,779046000
2023-08-24,47.0713005065918,1156044000
2023-08-25,45.92852783203125,925341000
2023-08-28,46.743934631347656,685192000
2023-08-29,48.68914794921875,701397000
2023-08-30,49.168209075927734,735206000
2023-08-31,49.259033203125,528570000
2023-09-01,48.41468048095703,463830000
2023-09-05,48.453617095947266,382653000
2023-09-06,46.973365783691406,468670000
2023-09-07,46.1548957824707,433330000
2023-09-08,45.48713684082031,473069000
2023-09-11,45.0938720703125,473966000
2023-09-12,44.78644943237305,349256000
2023-09-13,45.40030288696289,398355000
2023-09-14,45.496124267578125,370097000
2023-09-15,43.81825256347656,506831000
2023-09-18,43.88412094116211,500271000
2023-09-19,43.43896484375,373064000
2023-09-20,42.160343170166016,367108000
2023-09-21,40.94061279296875,450736000
2023-09-22,41.53252029418945,479236000
2023-09-25,42.14338302612305,419091000
2023-09-26,41.83294677734375,402282000
2023-09-27,42.388919830322266,444935000
2023-09-28,43.008766174316406,424663000
2023-09-29,43.41800308227539,397830000
2023-10-02,44.698612213134766,433298000
2023-10-03,43.43596649169922,470850000
2023-10-04,43.95899200439453,361821000
2023-10-05,44.60478973388672,393483000
2023-10-06,45.67678451538086,434436000
2023-10-09,45.188697814941406,409675000
2023-10-10,45.71271896362305,368582000
2023-10-11,46.718841552734375,378137000
2023-10-12,46.85758590698242,481325000
2023-10-13,45.376346588134766,474115000
2023-10-16,46.0091667175293,375099000
2023-10-17,43.8561897277832,812333000
2023-10-18,42.1174201965332,627294000
2023-10-19,42.022605895996094,501233000
2023-10-20,41.3099365234375,477266000
2023-10-23,42.89496994018555,478530000
2023-10-24,43.58169937133789,401463000
2023-10-25,41.70120620727539,398379000
2023-10-26,40.250911712646484,541001000
2023-10-27,40.42458724975586,416784000
2023-10-30,41.084354400634766,388028000
2023-10-31,40.70406723022461,517969000
2023-11-01,42.246185302734375,437593000
2023-11-02,43.424991607666016,409172000
2023-11-03,44.92119216918945,424610000
2023-11-06,45.66580581665039,400733000
2023-11-07,45.86943435668945,343165000
2023-11-08,46.48727798461914,346719000
2023-11-09,46.862579345703125,540496000
2023-11-10,48.2449951171875,421245000
2023-11-13,48.529457092285156,384136000
2023-11-14,49.563533782958984,416954000
2023-11-15,48.796966552734375,475497000
2023-11-16,49.38787078857422,339756000
2023-11-17,49.20620346069336,325205000
2023-11-20,50.31513977050781,414120000
2023-11-21,49.85099792480469,565747000
2023-11-22,48.62528610229492,899420000
2023-11-24,47.68703842163086,294645000
2023-11-27,48.15216827392578,395662000
2023-11-28,47.73195266723633,401491000
2023-11-29,48.05036163330078,382005000
2023-11-30,46.68291473388672,526247000
2023-12-01,46.677921295166016,369317000
2023-12-04,45.42525100708008,437543000
2023-12-05,46.48337936401367,371718000
2023-12-06,45.42225646972656,380590000
2023-12-07,46.51332092285156,350823000
2023-12-08,47.42171096801758,359224000
2023-12-11,46.544273376464844,509728000
2023-12-12,47.572444915771484,372387000
2023-12-13,48.00267791748047,447792000
2023-12-14,48.26420974731445,391232000
2023-12-15,48.80324935913086,479948000
2023-12-18,49.9881477355957,412587000
2023-12-19,49.51598358154297,464444000
2023-12-20,48.025634765625,397894000
2023-12-21,48.903079986572266,300425000
2023-12-22,48.743350982666016,252507000
2023-12-26,49.19156265258789,244200000
2023-12-27,49.32931900024414,233648000
2023-12-28,49.43413162231445,246587000
2023-12-29,49.43413162231445,389293000
2024-01-02,48.08253479003906,411254000
2024-01-03,47.484596252441406,320896000
2024-01-04,47.912837982177734,306535000
2024-01-05,49.009883880615234,415039000
2024-01-08,52.16028594970703,642510000
2024-01-09,53.045719146728516,773100000
2024-01-10,54.253562927246094,533796000
2024-01-11,54.724727630615234,596759000
2024-01-12,54.61292266845703,352994000
2024-01-16,56.28196334838867,449580000
2024-01-17,55.95354461669922,474394000
2024-01-18,57.005672454833984,491650000
2024-01-19,59.38544845581055,543501000
2024-01-22,59.548160552978516,452955000
2024-01-23,59.76676940917969,294654000
2024-01-24,61.25312423706055,560271000
2024-01-25,61.50767517089844,482777000
2024-01-26,60.92271423339844,390309000
2024-01-29,62.354164123535156,348733000
2024-01-30,62.66261672973633,410735000
2024-01-31,61.4178352355957,453795000
2024-02-01,62.9151725769043,369146000
2024-02-02,66.04261779785156,476578000
2024-02-05,69.208984375,680078000
2024-02-06,68.1019515991211,683111000
2024-02-07,69.97462463378906,495575000
2024-02-08,69.5174331665039,414422000
2024-02-09,72.00501251220703,436637000
2024-02-12,72.11979675292969,613710000
2024-02-13,72.0000228881836,602580000
2024-02-14,73.76888275146484,504917000
2024-02-15,72.52908325195312,420122000
2024-02-16,72.4841537475586,495327000
2024-02-20,69.32878112792969,704833000
2024-02-21,67.35228729248047,673755000
2024-02-22,78.39866638183594,865100000
2024-02-23,78.67715454101562,829388000
2024-02-26,78.95166778564453,503973000
2024-02-27,78.56136322021484,391705000
2024-02-28,77.52519226074219,393110000
2024-02-29,78.97163391113281,507289000
2024-03-01,82.13301849365234,479135000
2024-03-04,85.08575439453125,615616000
2024-03-05,85.81549835205078,520639000
2024-03-06,88.5467758178711,582520000
2024-03-07,92.5089111328125,608119000
2024-03-08,87.37679290771484,1142269000
2024-03-11,85.62582397460938,678364000
2024-03-12,91.75422668457031,668075000
2024-03-13,90.7309799194336,635713000
2024-03-14,87.79207611083984,602318000
2024-03-15,87.68526458740234,642086000
2024-03-18,88.30219268798828,668976000
2024-03-19,89.24357604980469,672171000
2024-03-20,90.21588897705078,479063000
2024-03-21,91.27703094482422,480372000
2024-03-22,94.1261215209961,586719000
2024-03-25,94.83788299560547,552136000
2024-03-26,92.40109252929688,513648000
2024-03-27,90.09410095214844,586067000
2024-03-28,90.19991302490234,435212000
2024-04-01,90.20690155029297,452441000
2024-04-02,89.29747009277344,433064000
2024-04-03,88.8103256225586,370067000
2024-04-04,85.75659942626953,434965000
2024-04-05,87.85597229003906,399678000
2024-04-08,86.98247528076172,283220000
2024-04-09,85.20654296875,501700000
2024-04-10,86.8886489868164,431929000
2024-04-11,90.45945739746094,431637000
2024-04-12,88.03365325927734,426805000
2024-04-15,85.85242462158203,443077000
2024-04-16,87.26399230957031,370453000
2024-04-17,83.88983154296875,495400000
2024-04-18,84.52472686767578,447260000
2024-04-19,76.06836700439453,875198000
2024-04-22,79.38063049316406,596341000
2024-04-23,82.2806167602539,438559000
2024-04-24,79.53936767578125,512208000
2024-04-25,82.4892578125,424641000
2024-04-26,87.58344268798828,551011000
2024-04-29,87.60540771484375,388971000
2024-04-30,86.25274658203125,363709000
2024-05-01,82.89753723144531,559863000
2024-05-02,85.66875457763672,377898000
2024-05-03,88.6356201171875,398341000
2024-05-06,91.98082733154297,376203000
2024-05-07,90.39756774902344,437342000
2024-05-08,90.25581359863281,325721000
2024-05-09,88.59368133544922,378013000
2024-05-10,89.72272491455078,335325000
2024-05-13,90.24283599853516,289680000
2024-05-14,91.19818115234375,296507000
2024-05-15,94.46653747558594,417735000
2024-05-16,94.19599914550781,323952000
2024-05-17,92.31924438476562,359691000
2024-05-20,94.61627197265625,318764000
2024-05-21,95.22122192382812,328946000
2024-05-22,94.78596496582031,548648000
2024-05-23,103.61968994140625,835065000
2024-05-24,106.28507232666016,429494000
2024-05-28,113.70423889160156,652728000
2024-05-29,114.62663269042969,557442000
2024-05-30,110.3091049194336,484553000
2024-05-31,109.44361114501953,613263000
2024-06-03,114.80133819580078,438392000
2024-06-04,116.2358627319336,403324000
2024-06-05,122.22847747802734,528402000
2024-06-06,120.78897857666016,664696000
2024-06-07,120.67916870117188,412386000
2024-06-10,121.5796127319336,313434100
2024-06-11,120.71104431152344,222551200
2024-06-12,124.99398040771484,299595000
2024-06-13,129.39674377441406,260704500
2024-06-14,131.66299438476562,309320400
2024-06-17,130.76446533203125,288504400
2024-06-18,135.35690307617188,294335100
2024-06-20,130.56480407714844,517768400
2024-06-21,126.36173248291016,649445800
2024-06-24,117.91565704345703,476060900
2024-06-25,125.88250732421875,414192600
2024-06-26,126.19200134277344,362975900
2024-06-27,123.78597259521484,252571700
2024-06-28,123.33671569824219,315516700
2024-07-01,124.095458984375,284885500
2024-07-02,122.46814727783203,218374000
2024-07-03,128.0689239501953,215749000
2024-07-05,125.62293243408203,214176700
2024-07-08,127.98902130126953,237677300
2024-07-09,131.16383361816406,285366600
2024-07-10,134.68801879882812,248978600
2024-07-11,127.19036102294922,374782700
2024-07-12,129.02734375,252680500
2024-07-15,128.2286376953125,208326200
2024-07-16,126.15206909179688,214769500
2024-07-17,117.79584503173828,390086200
2024-07-18,120.8907470703125,320979500
2024-07-19,117.7359390258789,217223800
2024-07-22,123.33671569824219,258068900
2024-07-23,122.38826751708984,173911000
2024-07-24,114.06201171875,327776900
2024-07-25,112.0952377319336,460067000
2024-07-26,112.87396240234375,293399100
2024-07-29,111.4063720703125,248152100
2024-07-30,103.5593032836914,486833300
2024-07-31,116.82743835449219,473174200
2024-08-01,109.03028869628906,523462300
2024-08-02,107.0934829711914,482027500
2024-08-05,100.28470611572266,552842400
2024-08-06,104.07846069335938,409012100
2024-08-07,98.74723815917969,411440400
2024-08-08,104.79725646972656,391910000
2024-08-09,104.57763671875,290844200
2024-08-12,108.84060668945312,325559900
2024-08-13,115.94889831542969,312646700
2024-08-14,117.88569641113281,339246400
2024-08-15,122.65782928466797,318086700
2024-08-16,124.375,302589900
2024-08-19,129.7860870361328,318333600
2024-08-20,127.04060363769531,300087400
2024-08-21,128.28855895996094,257883600
2024-08-22,123.53638458251953,376189100
2024-08-23,129.15711975097656,323230300
2024-08-26,126.25192260742188,331964700
2024-08-27,128.08889770507812,303134600
2024-08-28,125.40330505371094,448101100
2024-08-29,117.39649963378906,453023300
2024-08-30,119.17357635498047,333751600
2024-09-03,107.8222885131836,477155100
2024-09-04,106.03522491455078,372470300
2024-09-05,107.03357696533203,306850700
2024-09-06,102.66080474853516,413638100
2024-09-09,106.29479217529297,273912000
2024-09-10,107.922119140625,268283700
2024-09-11,116.71763610839844,441422400
2024-09-12,118.95413208007812,366052700
2024-09-13,118.91419219970703,238358300
2024-09-16,116.59781646728516,248772300
2024-09-17,115.40966796875,231925900
2024-09-18,113.1931381225586,310318900
2024-09-19,117.68611907958984,293506400
2024-09-20,115.81903076171875,382462400
2024-09-23,116.07861328125,206228500
2024-09-24,120.68143463134766,354966800
2024-09-25,123.31730651855469,284692900
2024-09-26,123.84648132324219,302582900
2024-09-27,121.21060180664062,271009200
2024-09-30,121.25054931640625,226553700
2024-10-01,116.81746673583984,302094500
2024-10-02,118.66458129882812,221845900
2024-10-03,122.65834045410156,277118000
2024-10-04,124.72511291503906,243678100
2024-10-07,127.52073669433594,346250200
2024-10-08,132.6826934814453,285722500
2024-10-09,132.44305419921875,246191600
2024-10-10,134.59967041015625,242311300
2024-10-11,134.58970642089844,170209500
2024-10-14,137.85459899902344,232347700
2024-10-15,131.39471435546875,377831000
2024-10-16,135.50827026367188,264879700
2024-10-17,136.71636962890625,306435900
2024-10-18,137.7847137451172,176090200
2024-10-21,143.4857940673828,264554500
2024-10-22,143.365966796875,226311600
2024-10-23,139.34228515625,285930000
2024-10-24,140.19094848632812,172354900
2024-10-25,141.31918334960938,205122100
2024-10-28,140.30076599121094,173586700
2024-10-29,141.02963256835938,157593600
2024-10-30,139.12261962890625,179418100
2024-10-31,132.5528564453125,270039600
2024-11-01,135.1887664794922,207127800
2024-11-04,135.8377227783203,187528200
2024-11-05,139.6917266845703,160537400
2024-11-06,145.38282775878906,242043900
2024-11-07,148.6477508544922,207323300
2024-11-08,147.399658203125,175665800
2024-11-11,145.03338623046875,182325600
2024-11-12,148.0586395263672,198634700
2024-11-13,146.04180908203125,191903300
2024-11-14,146.53102111816406,194463300
2024-11-15,141.75848388671875,250132900
2024-11-18,139.93133544921875,221205300
2024-11-19,146.7806396484375,227834900
2024-11-20,145.66241455078125,309871700
2024-11-21,146.44117736816406,400946600
2024-11-22,141.72854614257812,236406200
2024-11-25,135.80780029296875,344941900
2024-11-26,136.70639038085938,190287700
2024-11-27,135.1288604736328,226370900
2024-11-29,138.03433227539062,141863200
2024-12-02,138.41372680664062,171682800
2024-12-03,140.04119873046875,164414000
2024-12-04,144.91354370117188,231224300
2024-12-05,144.8436737060547,172621200
2024-12-06,142.22760009765625,188505600
2024-12-09,138.6029815673828,189308600
2024-12-10,134.8685760498047,210020900
2024-12-11,139.10223388671875,184905200
2024-12-12,137.13519287109375,159211400
2024-12-13,134.0498046875,231514900
2024-12-16,131.80313110351562,237951100
2024-12-17,130.19554138183594,259410300
2024-12-18,128.71775817871094,277444500
2024-12-19,130.48509216308594,209719200
2024-12-20,134.4990997314453,306528600
2024-12-23,139.46170043945312,176053500
2024-12-24,140.01089477539062,105157000
2024-12-26,139.72132873535156,116205600
2024-12-27,136.8056640625,170582600
2024-12-30,137.2849578857422,167734700
2024-12-31,134.08975219726562,155659200
