date,close,volume
2014-01-02,31.390636444091797,18162100
2014-01-03,31.307409286499023,11693900
2014-01-06,31.182598114013672,15329400
2014-01-07,31.498825073242188,16792200
2014-01-08,31.39063835144043,16111600
2014-01-09,31.332386016845703,13623500
2014-01-10,31.715200424194336,15402900
2014-01-13,31.415597915649414,20848300
2014-01-14,31.798423767089844,13486400
2014-01-15,31.96485710144043,17010900
2014-01-16,31.865007400512695,13463000
2014-01-17,31.798423767089844,14051100
2014-01-21,31.715200424194336,13540000
2014-01-22,31.607017517089844,14006300
2014-01-23,31.74847984313965,14174200
2014-01-24,30.882993698120117,26815600
2014-01-27,30.367036819458008,19073800
2014-01-28,30.874670028686523,13899900
2014-01-29,30.766483306884766,16553600
2014-01-30,31.124330520629883,12975500
2014-01-31,30.708240509033203,17039700
2014-02-03,29.82608985900879,21272600
2014-02-04,29.92597007751465,16228000
2014-02-05,29.917634963989258,11458400
2014-02-06,30.558446884155273,14762200
2014-02-07,30.9495792388916,13114700
2014-02-10,31.041107177734375,10976900
2014-02-11,31.49050521850586,12066100
2014-02-12,31.681913375854492,12343200
2014-02-13,31.973176956176758,11683200
2014-02-14,31.607017517089844,15641400
2014-02-18,31.598684310913086,10560300
2014-02-19,31.515478134155273,12491400
2014-02-20,31.84834861755371,11786000
2014-02-21,31.70688247680664,13243600
2014-02-24,31.74015235900879,10388100
2014-02-25,31.831693649291992,11766400
2014-02-26,32.039764404296875,11482900
2014-02-27,32.41423797607422,14055700
2014-02-28,32.547393798828125,19257800
2014-03-03,32.04806900024414,13293700
2014-03-04,32.79706954956055,13682100
2014-03-05,32.8719596862793,11929200
2014-03-06,32.83866500854492,13081900
2014-03-07,32.31437301635742,13821500
2014-03-10,32.339351654052734,8670300
2014-03-11,32.372642517089844,12841500
2014-03-12,32.056396484375,13226200
2014-03-13,31.332386016845703,15361200
2014-03-14,31.290775299072266,14308300
2014-03-17,31.806737899780273,14981300
2014-03-18,32.32271194458008,29707200
2014-03-19,32.08137130737305,45154900
2014-03-20,31.93156623840332,18960200
2014-03-21,31.207548141479492,33897900
2014-03-24,31.773460388183594,22539000
2014-03-25,31.956544876098633,19750600
2014-03-26,32.52244567871094,31357500
2014-03-27,32.65557098388672,26283600
2014-03-28,32.930213928222656,18405100
2014-03-31,34.04536056518555,48340300
2014-04-01,34.528038024902344,35431800
2014-04-02,34.22845458984375,22754900
2014-04-03,33.595977783203125,22497000
2014-04-04,33.37060546875,23836200
2014-04-07,32.94491958618164,27311900
2014-04-08,33.5876350402832,22197600
2014-04-09,34.121826171875,20314000
2014-04-10,33.21201705932617,26397800
2014-04-11,32.535911560058594,18655800
2014-04-14,33.028385162353516,16022000
2014-04-15,33.16193389892578,14553400
2014-04-16,33.495819091796875,13614800
2014-04-17,33.45408630371094,14644100
2014-04-21,33.5876350402832,8593600
2014-04-22,33.7712516784668,10396100
2014-04-23,33.21201705932617,10048500
2014-04-24,33.17863464355469,13966400
2014-04-25,32.9282341003418,11647800
2014-04-28,33.495819091796875,20141200
2014-04-29,33.47911834716797,14996300
2014-04-30,34.121826171875,16480900
2014-05-01,34.19694900512695,13945500
2014-05-02,34.06338882446289,10710100
2014-05-05,34.39726638793945,13722700
2014-05-06,34.23033905029297,12647500
2014-05-07,34.272056579589844,12570400
2014-05-08,34.11347198486328,10212900
2014-05-09,34.25537109375,10262400
2014-05-12,35.01494598388672,18751400
2014-05-13,34.964839935302734,10319200
2014-05-14,34.956512451171875,14015200
2014-05-15,34.99823760986328,19267000
2014-05-16,34.797916412353516,15497400
2014-05-19,35.190208435058594,11929700
2014-05-20,34.68941116333008,10580200
2014-05-21,34.78955078125,11151700
2014-05-22,34.65602493286133,12276200
2014-05-23,35.18187713623047,12044200
2014-05-27,34.9815559387207,12680200
2014-05-28,34.69774627685547,11308800
2014-05-29,35.22359848022461,9629500
2014-05-30,35.07335662841797,13496500
2014-06-02,35.03163528442383,11284900
2014-06-03,34.8980827331543,10968400
2014-06-04,34.806251525878906,8936300
2014-06-05,35.14014434814453,10647800
2014-06-06,35.582515716552734,11447800
2014-06-09,35.64094924926758,10307400
2014-06-10,35.60755920410156,13457200
2014-06-11,35.52408218383789,9622700
2014-06-12,35.05665588378906,11060900
2014-06-13,35.17352294921875,10324600
2014-06-16,35.18187713623047,8150200
2014-06-17,35.323760986328125,12792400
2014-06-18,35.732765197753906,10307000
2014-06-19,35.482357025146484,27255800
2014-06-20,34.07174301147461,65103700
2014-06-23,34.30546569824219,16956600
2014-06-24,34.021644592285156,16459200
2014-06-25,33.7712516784668,13889400
2014-06-26,33.51249694824219,16642500
2014-06-27,33.829681396484375,15320500
2014-06-30,33.829681396484375,14098200
2014-07-01,34.03002166748047,13147000
2014-07-02,34.18025588989258,13400200
2014-07-03,34.505794525146484,7863600
2014-07-07,34.229530334472656,11959400
2014-07-08,33.95328140258789,12350600
2014-07-09,33.702144622802734,14711600
2014-07-10,33.75238037109375,9566900
2014-07-11,33.59333038330078,11942300
2014-07-14,33.89468002319336,13586800
2014-07-15,33.9365348815918,11813800
2014-07-16,33.702144622802734,14722600
2014-07-17,33.409156799316406,24447800
2014-07-18,33.48448944091797,19123500
2014-07-21,33.49286651611328,15864700
2014-07-22,33.844459533691406,13728100
2014-07-23,33.74399948120117,9191700
2014-07-24,33.8779411315918,10797700
2014-07-25,33.76073455810547,7483800
2014-07-28,33.94490432739258,9658200
2014-07-29,34.01187515258789,9450400
2014-07-30,34.28812789916992,11406300
2014-07-31,33.81097412109375,13689500
2014-08-01,33.15801239013672,15074700
2014-08-04,33.568206787109375,12356200
2014-08-05,33.45101547241211,8806600
2014-08-06,33.618438720703125,8184800
2014-08-07,33.208255767822266,9180500
2014-08-08,33.434268951416016,8862000
2014-08-11,33.41754913330078,10292800
2014-08-12,33.40079116821289,6704300
2014-08-13,33.68540954589844,10629700
2014-08-14,33.668663024902344,9707000
2014-08-15,33.7188835144043,13418800
2014-08-18,34.020267486572266,7633600
2014-08-19,34.66483688354492,14378600
2014-08-20,34.5308837890625,9627100
2014-08-21,34.807132720947266,9569200
2014-08-22,34.849002838134766,9260700
2014-08-25,34.941062927246094,8856700
2014-08-26,35.024776458740234,7320800
2014-08-27,34.857364654541016,8440000
2014-08-28,34.54762649536133,8737100
2014-08-29,34.76527404785156,8970900
2014-09-02,34.87411880493164,8538600
2014-09-03,35.075016021728516,10041600
2014-09-04,34.782020568847656,12248100
2014-09-05,34.54762649536133,15155600
2014-09-08,34.020267486572266,19658500
2014-09-09,34.07884979248047,14044100
2014-09-10,34.07884979248047,9134500
2014-09-11,34.05373001098633,12389100
2014-09-12,33.90306091308594,11912300
2014-09-15,34.0369987487793,14018100
2014-09-16,34.480648040771484,13220100
2014-09-17,34.43880081176758,14083300
2014-09-18,34.782020568847656,26454500
2014-09-19,33.317073822021484,86679100
2014-09-22,33.13291549682617,24572600
2014-09-23,32.50507354736328,34353300
2014-09-24,32.99897384643555,18937000
2014-09-25,32.44647979736328,13287800
2014-09-26,32.605533599853516,16006400
2014-09-29,32.178585052490234,16586000
2014-09-30,32.04467010498047,21143300
2014-10-01,31.88560676574707,17452400
2014-10-02,32.03628158569336,14808100
2014-10-03,32.55530548095703,15289500
2014-10-06,32.815616607666016,14168000
2014-10-07,32.29499435424805,14309200
2014-10-08,32.76523208618164,16005500
2014-10-09,32.53010177612305,15004900
2014-10-10,31.99270248413086,18234100
2014-10-13,32.10185241699219,20723700
2014-10-14,32.29499435424805,19508500
2014-10-15,32.160648345947266,24561500
2014-10-16,31.53925895690918,21419300
2014-10-17,31.799558639526367,21122700
2014-10-20,31.74079704284668,16654100
2014-10-21,32.202632904052734,15381900
2014-10-22,31.606441497802734,16810200
2014-10-23,32.10185241699219,9659100
2014-10-24,32.5217170715332,8975900
2014-10-27,32.26979446411133,7525300
2014-10-28,32.454551696777344,11631800
2014-10-29,32.39577102661133,10923800
2014-10-30,32.328582763671875,9644400
2014-10-31,32.7904167175293,16142800
2014-11-03,32.740047454833984,10318600
2014-11-04,32.85759353637695,12671000
2014-11-05,32.991943359375,12280300
2014-11-06,33.42860794067383,11603400
2014-11-07,33.537750244140625,13728500
2014-11-10,33.96599197387695,11058100
2014-11-11,33.98280334472656,7061000
2014-11-12,33.7056884765625,10965100
2014-11-13,34.19270324707031,11868700
2014-11-14,34.293495178222656,11476500
2014-11-17,34.562191009521484,11987600
2014-11-18,34.64616775512695,9328200
2014-11-19,34.36066436767578,9202600
2014-11-20,34.36066436767578,9062200
2014-11-21,34.79729461669922,12641400
2014-11-24,34.78890609741211,9542100
2014-11-25,34.55380630493164,12404200
2014-11-26,35.15837478637695,11590000
2014-11-28,35.61181640625,11890100
2014-12-01,35.334720611572266,10802400
2014-12-02,35.41868209838867,9083200
2014-12-03,35.31791687011719,10326000
2014-12-04,35.17517852783203,9177100
2014-12-05,35.20876693725586,8925300
2014-12-08,34.73854064941406,12766500
2014-12-09,35.15837478637695,13897500
2014-12-10,34.36066436767578,12547600
2014-12-11,34.226314544677734,12395800
2014-12-12,33.54615783691406,14108200
2014-12-15,34.52021408081055,22343100
2014-12-16,34.11714172363281,16424500
2014-12-17,34.562191009521484,18151000
2014-12-18,38.08055114746094,54495600
2014-12-19,38.6263542175293,41782200
2014-12-22,38.33244705200195,21264400
2014-12-23,38.6347541809082,14042400
2014-12-24,38.819480895996094,10238200
2014-12-26,38.71031951904297,6901500
2014-12-29,38.29887771606445,9701400
2014-12-30,38.072174072265625,9968400
2014-12-31,37.76145935058594,13269200
2015-01-02,37.22404861450195,15070200
2015-01-05,36.7020263671875,18369400
2015-01-06,36.3231201171875,19229500
2015-01-07,36.33156204223633,13502200
2015-01-08,36.55046844482422,17516900
2015-01-09,36.53362274169922,15957500
2015-01-12,36.43258285522461,16055700
2015-01-13,36.14631271362305,12878200
2015-01-14,36.25578689575195,12707400
2015-01-15,35.89373016357422,13431000
2015-01-16,36.63466262817383,17786700
2015-01-20,36.963043212890625,16308400
2015-01-21,36.61781692504883,15876600
2015-01-22,37.08934783935547,17969100
2015-01-23,37.207210540771484,14150300
2015-01-26,36.963043212890625,12059500
2015-01-27,36.54205322265625,14984100
2015-01-28,35.94424819946289,15132500
2015-01-29,36.087379455566406,12805100
2015-01-30,35.27065658569336,22590000
2015-02-02,35.935813903808594,16889500
2015-02-03,36.23894500732422,12657100
2015-02-04,35.71691131591797,12912000
2015-02-05,36.3399658203125,9630300
2015-02-06,36.18840026855469,9522100
2015-02-09,36.54205322265625,12705700
2015-02-10,37.0388069152832,12714800
2015-02-11,36.50837326049805,12836900
2015-02-12,36.95461654663086,12519700
2015-02-13,36.9882926940918,10155700
2015-02-17,36.912506103515625,10118600
2015-02-18,37.13142776489258,8661100
2015-02-19,37.13984680175781,8465700
2015-02-20,36.85356903076172,14731200
2015-02-23,36.86198806762695,10995500
2015-02-24,36.946197509765625,10522500
2015-02-25,36.81989288330078,11785400
2015-02-26,36.95461654663086,8519300
2015-02-27,36.89568328857422,9549500
2015-03-02,37.07250213623047,11091000
2015-03-03,36.52522659301758,10058700
2015-03-04,36.7188835144043,14697600
2015-03-05,36.87883758544922,10983500
2015-03-06,35.6832389831543,15086600
2015-03-09,35.94424819946289,11474200
2015-03-10,35.21170425415039,13960700
2015-03-11,34.917015075683594,11108800
2015-03-12,35.043304443359375,13716700
2015-03-13,35.6832389831543,18405400
2015-03-16,36.55046844482422,17423200
2015-03-17,36.095787048339844,21509000
2015-03-18,37.15669250488281,37900300
2015-03-19,37.18196487426758,15729600
2015-03-20,37.39244842529297,20724700
2015-03-23,37.257728576660156,10749200
2015-03-24,36.80305862426758,14913400
2015-03-25,36.14631271362305,17491000
2015-03-26,36.19683837890625,14065600
2015-03-27,35.90214157104492,18030800
2015-03-30,36.57571029663086,12730100
2015-03-31,36.33156204223633,13264200
2015-04-01,36.15473556518555,12050900
2015-04-02,36.011104583740234,11183900
2015-04-06,36.29838562011719,9766500
2015-04-07,36.29838562011719,8075400
2015-04-08,36.42511749267578,6947100
2015-04-09,36.501155853271484,9399500
2015-04-10,36.76307678222656,12542800
2015-04-13,36.39976119995117,10943400
2015-04-14,36.104034423828125,10510500
2015-04-15,37.16864776611328,18188700
2015-04-16,36.72084426879883,11960800
2015-04-17,36.3321647644043,12473500
2015-04-20,36.60255432128906,10426300
2015-04-21,36.68703842163086,9312900
2015-04-22,36.79688262939453,7343900
2015-04-23,36.66169357299805,11311000
2015-04-24,36.39976119995117,17767100
2015-04-27,36.847591400146484,12916000
2015-04-28,37.599571228027344,18287700
2015-04-29,37.793907165527344,36608700
2015-04-30,36.85603713989258,20196300
2015-05-01,37.4897346496582,11942000
2015-05-04,37.67561340332031,9168200
2015-05-05,37.109527587890625,11410200
2015-05-06,36.55184555053711,12732100
2015-05-07,36.73774337768555,8787100
2015-05-08,37.185550689697266,9582900
2015-05-11,37.04190444946289,7429400
2015-05-12,36.813777923583984,8515100
2015-05-13,36.999671936035156,7451200
2015-05-14,37.49818420410156,7293000
2015-05-15,37.30385208129883,9369500
2015-05-18,37.379905700683594,6070900
2015-05-19,37.447479248046875,8640000
2015-05-20,37.42213821411133,9055700
2015-05-21,37.41368103027344,8036400
2015-05-22,37.11796188354492,7484300
2015-05-26,36.61100769042969,10440400
2015-05-27,37.295406341552734,11096800
2015-05-28,37.058807373046875,7273200
2015-05-29,36.746185302734375,10358700
2015-06-01,36.999671936035156,9764300
2015-06-02,36.92361831665039,8275900
2015-06-03,37.15176010131836,9220900
2015-06-04,36.982765197753906,13783100
2015-06-05,37.01657485961914,12850700
2015-06-08,36.416656494140625,9112200
2015-06-09,36.391319274902344,7634200
2015-06-10,37.12641143798828,15518400
2015-06-11,37.41368103027344,12519300
2015-06-12,37.46437454223633,11742300
2015-06-15,36.940521240234375,16727800
2015-06-16,37.71786880493164,18271600
2015-06-17,37.946014404296875,27080800
2015-06-18,36.11249542236328,79138400
2015-06-19,35.140804290771484,37430200
2015-06-22,35.05632400512695,22368300
2015-06-23,35.24220275878906,17394300
2015-06-24,34.81128692626953,17768200
2015-06-25,34.692996978759766,13587200
2015-06-26,34.633853912353516,39687300
2015-06-29,34.15223693847656,18195500
2015-06-30,34.05084228515625,16691500
2015-07-01,34.00016403198242,13948600
2015-07-02,34.10155487060547,11644100
2015-07-06,34.050662994384766,12434100
2015-07-07,34.05914306640625,16437100
2015-07-08,33.728397369384766,14598700
2015-07-09,34.07609939575195,13348300
2015-07-10,34.228763580322266,10470900
2015-07-13,34.6019172668457,10717000
2015-07-14,34.5849494934082,9298800
2015-07-15,34.59343338012695,9326700
2015-07-16,34.737606048583984,14861000
2015-07-17,34.26266860961914,14574400
2015-07-20,33.864078521728516,17488100
2015-07-21,33.55877685546875,14679100
2015-07-22,33.43156433105469,16797000
2015-07-23,33.07536315917969,18083800
2015-07-24,33.07536315917969,12030300
2015-07-27,32.659793853759766,15756800
2015-07-28,33.31282043457031,14289200
2015-07-29,33.745357513427734,13016400
2015-07-30,33.626625061035156,13634200
2015-07-31,33.87255096435547,13706100
2015-08-03,33.677490234375,12444500
2015-08-04,33.63509750366211,9697300
2015-08-05,33.61812973022461,11982000
2015-08-06,33.34674835205078,10613000
2015-08-07,33.5502815246582,10655100
2015-08-10,33.830162048339844,9525800
2015-08-11,33.219547271728516,10600500
2015-08-12,33.31282043457031,11062300
2015-08-13,33.33827590942383,7785700
2015-08-14,33.42307662963867,7185000
2015-08-17,33.68598175048828,7631200
2015-08-18,33.77928161621094,9950600
2015-08-19,33.52484893798828,11112900
2015-08-20,32.76156997680664,13071200
2015-08-21,31.845638275146484,19411300
2015-08-24,30.598949432373047,32522300
2015-08-25,30.06465721130371,21393600
2015-08-26,31.302854537963867,20554300
2015-08-27,31.226533889770508,28218200
2015-08-28,31.769311904907227,21559100
2015-08-31,31.455522537231445,15352800
2015-09-01,30.539579391479492,19948700
2015-09-02,31.16716194152832,15049300
2015-09-03,31.294376373291016,11787800
2015-09-04,30.76007652282715,13147900
2015-09-08,31.95586395263672,18949600
2015-09-09,31.455522537231445,14710200
2015-09-10,31.896509170532227,16930600
2015-09-11,32.159423828125,12948600
2015-09-14,31.854106903076172,15021500
2015-09-15,32.21878433227539,14877900
2015-09-16,32.45625305175781,19574000
2015-09-17,31.15867805480957,37299000
2015-09-18,30.85338592529297,34919800
2015-09-21,31.23501205444336,14964400
2015-09-22,30.692235946655273,19979700
2015-09-23,30.522632598876953,16991600
2015-09-24,30.581993103027344,18059500
2015-09-25,30.57349967956543,19387000
2015-09-28,30.05616569519043,21742700
2015-09-29,30.11553382873535,19785900
2015-09-30,30.63287925720215,16215000
2015-10-01,30.73464012145996,18331300
2015-10-02,31.285905838012695,18772800
2015-10-05,31.879562377929688,12741700
2015-10-06,31.998291015625,12427300
2015-10-07,31.938928604125977,16335700
2015-10-08,32.13399124145508,13247600
2015-10-09,32.44050216674805,14656400
2015-10-12,32.38942337036133,11022500
2015-10-13,32.20208740234375,11575600
2015-10-14,31.725282669067383,14069700
2015-10-15,31.97221565246582,12205500
2015-10-16,31.818950653076172,19694700
2015-10-19,31.393218994140625,18100500
2015-10-20,31.384702682495117,13678100
2015-10-21,31.180355072021484,11062600
2015-10-22,32.17655944824219,14701400
2015-10-23,32.41496658325195,16469100
2015-10-26,32.6703987121582,12330600
2015-10-27,32.64486312866211,14110500
2015-10-28,33.10465621948242,14020000
2015-10-29,33.08761978149414,11432900
2015-10-30,33.07058334350586,16471500
2015-11-02,33.84541702270508,19789700
2015-11-03,34.228572845458984,17153100
2015-11-04,34.466983795166016,16863300
2015-11-05,34.356292724609375,16358800
2015-11-06,34.586181640625,16481800
2015-11-09,34.14342498779297,14604900
2015-11-10,33.99015808105469,11294000
2015-11-11,33.240875244140625,18861500
2015-11-12,32.89177322387695,14591600
2015-11-13,31.759347915649414,23987600
2015-11-16,32.457542419433594,16741000
2015-11-17,32.4660530090332,14820000
2015-11-18,32.95138931274414,11958900
2015-11-19,33.223838806152344,12306100
2015-11-20,33.49632263183594,12023200
2015-11-23,33.32603454589844,9111900
2015-11-24,33.598487854003906,13766300
2015-11-25,33.42819595336914,8014700
2015-11-27,33.360069274902344,6869900
2015-11-30,33.18126678466797,18969800
2015-12-01,33.40266418457031,12718200
2015-12-02,32.95138931274414,13694200
2015-12-03,32.193580627441406,20322500
2015-12-04,33.34305953979492,18206600
2015-12-07,33.05356216430664,13798500
2015-12-08,32.9769287109375,15219700
2015-12-09,32.849205017089844,17516100
2015-12-10,32.51713943481445,18358300
2015-12-11,31.682714462280273,20346800
2015-12-14,32.057350158691406,20142700
2015-12-15,32.534175872802734,19262900
2015-12-16,33.13019943237305,23478000
2015-12-17,31.444297790527344,42879900
2015-12-18,30.950456619262695,28726800
2015-12-21,31.010061264038086,15042300
2015-12-22,31.15480613708496,13924800
2015-12-23,31.444297790527344,12832300
2015-12-24,31.512413024902344,4953900
2015-12-28,31.325103759765625,10921900
2015-12-29,31.537965774536133,10708600
2015-12-30,31.4357852935791,9585600
2015-12-31,31.103723526000977,10332400
2016-01-04,30.56509780883789,18784400
2016-01-05,30.471054077148438,25340700
2016-01-06,30.62493324279785,18165700
2016-01-07,29.95805549621582,22591400
2016-01-08,29.624624252319336,21962200
2016-01-11,29.8725643157959,18726600
2016-01-12,30.240201950073242,18457300
2016-01-13,29.137292861938477,28322900
2016-01-14,29.74432945251465,19523600
2016-01-15,29.1715030670166,25425000
2016-01-19,29.53912925720215,21423100
2016-01-20,29.017606735229492,25278700
2016-01-21,29.1715030670166,20380300
2016-01-22,29.752870559692383,15892700
2016-01-25,29.359588623046875,16793600
2016-01-26,30.120515823364258,19728900
2016-01-27,29.846914291381836,20567600
2016-01-28,30.206010818481445,15472800
2016-01-29,31.043874740600586,19059300
2016-02-01,31.05242919921875,14144000
2016-02-02,30.22310447692871,17404500
2016-02-03,30.513797760009766,13855300
2016-02-04,31.163562774658203,16925900
2016-02-05,30.52232551574707,17312200
2016-02-08,30.44539451599121,20118800
2016-02-09,29.992263793945312,17819800
2016-02-10,30.094860076904297,13368700
2016-02-11,29.78706169128418,18889700
2016-02-12,30.38555908203125,15837900
2016-02-16,30.52232551574707,19676300
2016-02-17,31.317468643188477,13186500
2016-02-18,31.317468643188477,12866600
2016-02-19,31.445709228515625,13203400
2016-02-22,31.727853775024414,10109900
2016-02-23,31.24906349182129,9417100
2016-02-24,31.317468643188477,10978200
2016-02-25,31.88173484802246,11566000
2016-02-26,31.59960174560547,16551100
2016-02-29,31.445709228515625,22300200
2016-03-01,32.4802131652832,13030800
2016-03-02,32.283573150634766,12791200
2016-03-03,32.39472198486328,8832200
2016-03-04,32.39472198486328,10638400
2016-03-07,32.79655075073242,13011000
2016-03-08,32.61701202392578,12384400
2016-03-09,32.8991584777832,16786500
2016-03-10,32.531517028808594,17620600
2016-03-11,33.300987243652344,13143300
2016-03-14,33.087249755859375,14704500
2016-03-15,33.1214485168457,17502900
2016-03-16,34.386802673339844,49082300
2016-03-17,34.7202262878418,22163500
2016-03-18,35.46406173706055,34354000
2016-03-21,35.57521438598633,17275100
2016-03-22,35.37855911254883,11970500
2016-03-23,34.83992385864258,13666800
2016-03-24,35.02802658081055,11956200
2016-03-28,34.72878646850586,14647000
2016-03-29,34.79718780517578,15159200
2016-03-30,35.02802658081055,9803600
2016-03-31,34.97671127319336,10196500
2016-04-01,35.19045639038086,9574100
2016-04-04,35.113529205322266,10243500
2016-04-05,34.65183639526367,9111300
2016-04-06,34.83992385864258,12516200
2016-04-07,34.17304229736328,12838600
2016-04-08,34.50650405883789,8011000
2016-04-11,34.532142639160156,10399600
2016-04-12,34.68660354614258,9245000
2016-04-13,35.45037078857422,12752300
2016-04-14,35.39029312133789,9150500
2016-04-15,35.20150375366211,10340300
2016-04-18,35.39029312133789,8849300
2016-04-19,35.23582077026367,9884400
2016-04-20,35.2701530456543,8481200
2016-04-21,35.17574691772461,11954100
2016-04-22,34.926902770996094,15003300
2016-04-25,34.99554443359375,10876200
2016-04-26,34.88398361206055,8365800
2016-04-27,35.05561447143555,8742100
2016-04-28,34.609371185302734,9233800
2016-04-29,34.2060432434082,12883300
2016-05-02,34.5836296081543,10454200
2016-05-03,34.05156707763672,11439600
2016-05-04,33.716896057128906,9046200
2016-05-05,33.665409088134766,8962700
2016-05-06,33.81987762451172,7587400
2016-05-09,33.77696990966797,7949400
2016-05-10,34.343345642089844,9290200
2016-05-11,34.02583694458008,7180100
2016-05-12,34.17171096801758,10006700
2016-05-13,33.99150848388672,9392600
2016-05-16,34.3004264831543,7797100
2016-05-17,33.9829216003418,9483700
2016-05-18,33.871360778808594,10379700
2016-05-19,33.330726623535156,15124400
2016-05-20,33.81987762451172,16153200
2016-05-23,33.62248611450195,8904800
2016-05-24,34.24037170410156,11329800
2016-05-25,34.437744140625,7972200
2016-05-26,34.28327178955078,7574000
2016-05-27,34.38624954223633,8240600
2016-05-31,34.497825622558594,12567400
2016-06-01,34.5493049621582,9268800
2016-06-02,33.1762580871582,51063400
2016-06-03,33.55384826660156,20740000
2016-06-06,33.845619201660156,16116900
2016-06-07,33.579593658447266,20009500
2016-06-08,33.70830535888672,11671000
2016-06-09,33.51094436645508,12316100
2016-06-10,33.24491500854492,10441700
2016-06-13,33.14193344116211,13036300
2016-06-14,33.322139739990234,12092200
2016-06-15,32.98746109008789,14476100
2016-06-16,33.15909957885742,17916500
2016-06-17,34.05156707763672,34512400
2016-06-20,34.09447479248047,17149200
2016-06-21,34.317596435546875,20111100
2016-06-22,34.33476257324219,12643400
2016-06-23,35.0384521484375,15430000
2016-06-24,33.665409088134766,44204500
2016-06-27,33.02179718017578,22506100
2016-06-28,33.579593658447266,14750900
2016-06-29,34.79816436767578,23009700
2016-06-30,35.124263763427734,20100900
2016-07-01,35.19317626953125,11381600
2016-07-05,34.796966552734375,12501400
2016-07-06,34.9089469909668,12124300
2016-07-07,34.9089469909668,11676700
2016-07-08,35.2017707824707,14235600
2016-07-11,35.124271392822266,12912000
2016-07-12,35.67551040649414,13321000
2016-07-13,35.709964752197266,9612700
2016-07-14,35.89083480834961,9259800
2016-07-15,35.976966857910156,11666300
2016-07-18,35.864994049072266,8738900
2016-07-19,35.38267135620117,12723000
2016-07-20,35.529083251953125,11409700
2016-07-21,35.374046325683594,11424700
2016-07-22,35.38267135620117,10426300
2016-07-25,35.451560974121094,8974400
2016-07-26,35.26206970214844,11031900
2016-07-27,35.25345993041992,9566900
2016-07-28,35.47740173339844,17048600
2016-07-29,35.34820556640625,13230800
2016-08-01,35.44295883178711,12435400
2016-08-02,35.063968658447266,10268200
2016-08-03,35.063968658447266,12350500
2016-08-04,35.22764205932617,9142100
2016-08-05,35.42572784423828,9615300
2016-08-08,35.451560974121094,11427800
2016-08-09,35.39988327026367,9533700
2016-08-10,35.391273498535156,11077400
2016-08-11,35.55492401123047,9473700
2016-08-12,35.391273498535156,6301200
2016-08-15,35.64967727661133,12774900
2016-08-16,35.58938217163086,8109100
2016-08-17,35.49462890625,9876400
2016-08-18,35.4343376159668,8544600
2016-08-19,35.58938217163086,9109900
2016-08-22,35.50324630737305,9834700
2016-08-23,35.744415283203125,10631800
2016-08-24,35.374046325683594,9830300
2016-08-25,35.39988327026367,7567200
2016-08-26,35.537696838378906,9228200
2016-08-29,35.58076477050781,9168500
2016-08-30,35.58076477050781,6840300
2016-08-31,35.50324630737305,9694700
2016-09-01,35.451560974121094,10652500
2016-09-02,35.529083251953125,9020200
2016-09-06,35.529083251953125,8308300
2016-09-07,35.529083251953125,10415300
2016-09-08,35.072593688964844,16732100
2016-09-09,34.4782829284668,14477500
2016-09-12,35.03814697265625,14927200
2016-09-13,34.607479095458984,13395200
2016-09-14,34.66777801513672,11626900
2016-09-15,35.19317626953125,18403700
2016-09-16,33.52222442626953,50703500
2016-09-19,33.789241790771484,19801900
2016-09-20,33.651424407958984,12121300
2016-09-21,34.03040313720703,10994000
2016-09-22,34.03040313720703,9679300
2016-09-23,33.789241790771484,14017300
2016-09-26,33.616981506347656,9840900
2016-09-27,33.84952163696289,10644600
2016-09-28,33.97010803222656,8103500
2016-09-29,33.69448471069336,8795200
2016-09-30,33.83229064941406,12861900
2016-10-03,33.582523345947266,10403500
2016-10-04,33.479148864746094,9199300
2016-10-05,33.720333099365234,8269200
2016-10-06,33.479148864746094,9789100
2016-10-07,33.47052001953125,11442000
2016-10-10,33.392696380615234,9475400
2016-10-11,32.86526870727539,14964000
2016-10-12,32.89985275268555,8944900
2016-10-13,32.882568359375,14117600
2016-10-14,33.21113204956055,11601200
2016-10-17,33.107364654541016,9419000
2016-10-18,33.219764709472656,7121900
2016-10-19,33.15924072265625,8310900
2016-10-20,32.93444061279297,11197000
2016-10-21,32.79609298706055,13413400
2016-10-24,33.09006881713867,13550500
2016-10-25,33.16789245605469,11627100
2016-10-26,33.124664306640625,9723100
2016-10-27,33.04684066772461,7588900
2016-10-28,33.00361251831055,7803300
2016-10-31,33.219764709472656,10485300
2016-11-01,33.254356384277344,12018200
2016-11-02,32.882568359375,9488400
2016-11-03,33.124664306640625,12393100
2016-11-04,33.098724365234375,14288900
2016-11-07,33.79907989501953,9506900
2016-11-08,33.83366775512695,7574700
2016-11-09,34.19682312011719,19497300
2016-11-10,34.22276306152344,26707200
2016-11-11,34.1103515625,12217700
2016-11-14,33.980655670166016,15417100
2016-11-15,33.86825942993164,13594300
2016-11-16,34.32652282714844,12597000
2016-11-17,34.80207061767578,13316600
2016-11-18,34.4648551940918,12890600
2016-11-21,34.49081039428711,8073100
2016-11-22,34.66373062133789,10993100
2016-11-23,34.6723747253418,11070100
2016-11-25,34.819366455078125,4013100
2016-11-28,34.845314025878906,12118300
2016-11-29,35.061458587646484,10157400
2016-11-30,34.75019454956055,14374600
2016-12-01,33.46186447143555,22740200
2016-12-02,33.288936614990234,19120300
2016-12-05,33.695308685302734,13681500
2016-12-06,34.127655029296875,13524700
2016-12-07,34.86259460449219,15170600
2016-12-08,34.88853454589844,10109700
2016-12-09,35.035545349121094,11219100
2016-12-12,35.02688980102539,10891400
2016-12-13,35.243045806884766,12493100
2016-12-14,35.34680938720703,25102400
2016-12-15,35.32950210571289,17783500
2016-12-16,33.80773162841797,46224200
2016-12-19,33.63480758666992,15135100
2016-12-20,33.72126770019531,14006400
2016-12-21,33.57427978515625,11966400
2016-12-22,33.68667221069336,11226300
2016-12-23,33.53104782104492,8143600
2016-12-27,33.56562423706055,5073700
2016-12-28,33.444580078125,8264100
2016-12-29,33.45322036743164,5711800
2016-12-30,33.245704650878906,10820200
2017-01-03,33.46271514892578,11051300
2017-01-04,33.62764358520508,9545500
2017-01-05,33.54084396362305,12064700
2017-01-06,33.375911712646484,14829700
2017-01-09,33.87937927246094,15587900
2017-01-10,33.55821228027344,11316600
2017-01-11,33.948814392089844,10403100
2017-01-12,34.02694320678711,11526900
2017-01-13,34.07903289794922,9455300
2017-01-17,33.94013977050781,11081400
2017-01-18,34.01826477050781,10394000
2017-01-19,34.03561782836914,12232400
2017-01-20,34.6085205078125,25439100
2017-01-23,34.44358444213867,13251200
2017-01-24,34.80817413330078,12216500
2017-01-25,34.8515739440918,13164800
2017-01-26,34.834205627441406,10556500
2017-01-27,34.9210090637207,9232700
2017-01-30,34.9210090637207,10589600
2017-01-31,34.81685256958008,10766700
2017-02-01,34.582489013671875,11837000
2017-02-02,34.70399856567383,10120300
2017-02-03,35.09462356567383,12941200
2017-02-06,34.80817413330078,7871300
2017-02-07,34.78211975097656,8848700
2017-02-08,34.73873519897461,8883300
2017-02-09,34.9210090637207,10977100
2017-02-10,35.4071159362793,13168700
2017-02-13,35.66753005981445,12779800
2017-02-14,35.67621612548828,9623000
2017-02-15,35.94530487060547,9243600
2017-02-16,36.10154342651367,10132700
2017-02-17,36.509517669677734,18545300
2017-02-21,36.69179916381836,12394700
2017-02-22,36.90012741088867,11602800
2017-02-23,37.29075241088867,15484000
2017-02-24,37.47304153442383,11426700
2017-02-27,37.06504821777344,13876500
2017-02-28,36.96958923339844,14450300
2017-03-01,37.25603103637695,11402200
2017-03-02,37.229984283447266,9431600
2017-03-03,37.05638122558594,8917100
2017-03-06,36.952213287353516,9196000
2017-03-07,36.978248596191406,9492900
2017-03-08,36.9869499206543,9217100
2017-03-09,36.8393669128418,10308400
2017-03-10,37.04771041870117,12244500
2017-03-13,36.96090316772461,12440800
2017-03-14,37.143184661865234,10291000
2017-03-15,37.368865966796875,18393200
2017-03-16,39.69520568847656,67535400
2017-03-17,39.63445281982422,31688700
2017-03-20,39.26119613647461,21452600
2017-03-21,38.92266082763672,21974500
2017-03-22,38.87925338745117,14339700
2017-03-23,39.018131256103516,16190500
2017-03-24,38.75773620605469,13110200
2017-03-27,38.92266082763672,8933100
2017-03-28,38.79243469238281,14008800
2017-03-29,38.64488983154297,10636200
2017-03-30,38.78377151489258,7792500
2017-03-31,38.723018646240234,10652800
2017-04-03,38.723018646240234,16044300
2017-04-04,38.70563888549805,9161300
2017-04-05,38.61883544921875,9445100
2017-04-06,38.34975051879883,11557800
2017-04-07,38.44524002075195,13446600
2017-04-10,38.358062744140625,11668600
2017-04-11,38.506263732910156,15422400
2017-04-12,38.51497268676758,8457000
2017-04-13,38.358062744140625,11838300
2017-04-17,38.61087417602539,10999300
2017-04-18,38.81138229370117,10446700
2017-04-19,38.52370071411133,10712000
2017-04-20,38.82009506225586,10880900
2017-04-21,38.73291778564453,11556000
2017-04-24,39.090354919433594,10848900
2017-04-25,38.98573684692383,12436800
2017-04-26,38.95956802368164,10122400
2017-04-27,39.02931594848633,8221000
2017-04-28,39.194969177246094,12962700
2017-05-01,39.2734260559082,9118300
2017-05-02,39.343170166015625,11649600
2017-05-03,39.13394546508789,10695900
2017-05-04,39.63957214355469,15505200
2017-05-05,39.735450744628906,8443400
2017-05-08,39.7180290222168,7559600
2017-05-09,39.64828872680664,6530600
2017-05-10,39.69186782836914,6906100
2017-05-11,39.36931228637695,8996400
2017-05-12,39.299591064453125,7965100
2017-05-15,39.50879669189453,9694000
2017-05-16,39.482635498046875,7944500
2017-05-17,38.558563232421875,18489200
2017-05-18,38.506263732910156,12777600
2017-05-19,38.628318786621094,11519200
2017-05-22,38.90727615356445,9805800
2017-05-23,38.84624481201172,6873700
2017-05-24,39.08163833618164,7653600
2017-05-25,39.40419006347656,7597600
2017-05-26,39.456485748291016,6899700
2017-05-30,39.59597396850586,10769800
2017-05-31,39.56982421875,14757600
2017-06-01,39.918540954589844,8138900
2017-06-02,39.80522155761719,11794600
2017-06-05,40.031864166259766,8617300
2017-06-06,39.76161193847656,7449500
2017-06-07,39.57854461669922,7688700
2017-06-08,39.59597396850586,12889500
2017-06-09,39.2559700012207,12188400
2017-06-12,39.09905242919922,16189900
2017-06-13,39.2123908996582,10705800
2017-06-14,39.0641975402832,12024600
2017-06-15,38.95086669921875,10394600
2017-06-16,39.30828094482422,15930900
2017-06-19,39.86622619628906,12787700
2017-06-20,39.96212387084961,15299600
2017-06-21,40.38929748535156,30757300
2017-06-22,43.85023498535156,63193900
2017-06-23,44.4168815612793,42812500
2017-06-26,44.33843231201172,29453400
2017-06-27,44.242530822753906,17876400
2017-06-28,44.3471565246582,15981600
2017-06-29,43.763057708740234,13929100
2017-06-30,43.71074676513672,13146400
2017-07-03,43.0307731628418,10883200
2017-07-05,43.11793899536133,15775300
2017-07-06,42.586158752441406,14411900
2017-07-07,43.022056579589844,10889400
2017-07-10,43.2574348449707,10098500
2017-07-11,43.48409652709961,9751100
2017-07-12,43.98099899291992,14461400
2017-07-13,43.893829345703125,11959900
2017-07-14,44.0768928527832,9875900
2017-07-17,44.13814163208008,8093600
2017-07-18,44.14689636230469,14104800
2017-07-19,44.6281852722168,13312800
2017-07-20,44.74195098876953,8772500
2017-07-21,44.45317077636719,8791900
2017-07-24,44.41815948486328,7639100
2017-07-25,44.77694320678711,10536200
2017-07-26,44.77694320678711,5724500
2017-07-27,44.14689636230469,16508800
2017-07-28,44.015647888183594,8996400
2017-07-31,43.69187545776367,10066600
2017-08-01,43.89312744140625,6066200
2017-08-02,43.551856994628906,8720700
2017-08-03,43.95439147949219,9490100
2017-08-04,43.71811294555664,7025300
2017-08-07,43.43810272216797,8280300
2017-08-08,42.96556854248047,14684300
2017-08-09,42.93056106567383,15872400
2017-08-10,42.09049606323242,13391100
2017-08-11,42.213008880615234,11704600
2017-08-14,42.746795654296875,9229100
2017-08-15,42.72930908203125,10663500
2017-08-16,43.09681701660156,9881200
2017-08-17,42.4842643737793,9661600
2017-08-18,42.54554748535156,10248400
2017-08-21,42.79056167602539,7293400
2017-08-22,43.1055793762207,9233000
2017-08-23,42.9393196105957,6895400
2017-08-24,43.044315338134766,7365500
2017-08-25,43.08808517456055,7853300
2017-08-28,43.08808517456055,6211300
2017-08-29,43.27183532714844,7245900
2017-08-30,43.57809829711914,6957400
2017-08-31,44.04188919067383,12958100
2017-09-01,44.295658111572266,8716800
2017-09-05,44.56694793701172,15610700
2017-09-06,44.636924743652344,15615600
2017-09-07,45.26698684692383,11516800
2017-09-08,45.1357307434082,10356500
2017-09-11,45.932029724121094,16526300
2017-09-12,46.177040100097656,13352400
2017-09-13,46.20329284667969,14463000
2017-09-14,46.19455337524414,21901600
2017-09-15,42.65055847167969,66367900
2017-09-18,42.29177474975586,29434700
2017-09-19,42.03799819946289,23070700
2017-09-20,41.97672653198242,21257300
2017-09-21,41.97672653198242,15656300
2017-09-22,42.143009185791016,15341900
2017-09-25,41.97672653198242,15663600
2017-09-26,41.93300247192383,18679900
2017-09-27,42.143009185791016,14499200
2017-09-28,42.072994232177734,12997700
2017-09-29,42.309268951416016,44896600
2017-10-02,42.70305252075195,26097300
2017-10-03,42.60679244995117,12710800
2017-10-04,42.79056167602539,15204500
2017-10-05,42.79930114746094,13886100
2017-10-06,42.35303497314453,16340400
2017-10-09,42.318023681640625,10173000
2017-10-10,42.353153228759766,15630500
2017-10-11,42.414649963378906,12588300
2017-10-12,42.370723724365234,11715600
2017-10-13,42.70456314086914,10142300
2017-10-16,42.924198150634766,9378100
2017-10-17,43.21410369873047,14191300
2017-10-18,43.55672836303711,12064100
2017-10-19,43.35466766357422,10048600
2017-10-20,43.266807556152344,15501500
2017-10-23,43.31951904296875,14633400
2017-10-24,43.90812301635742,17562400
2017-10-25,43.66215133666992,20635800
2017-10-26,44.05748748779297,16952900
2017-10-27,44.698787689208984,15099500
2017-10-30,44.523101806640625,9049800
2017-10-31,44.716346740722656,14453100
2017-11-01,44.487945556640625,10128000
2017-11-02,44.17168426513672,10389800
2017-11-03,44.08382797241211,15814500
2017-11-06,44.277103424072266,9678000
2017-11-07,44.356178283691406,6796500
2017-11-08,44.40010452270508,7977900
2017-11-09,43.25802230834961,16195400
2017-11-10,43.328311920166016,9944200
2017-11-13,43.39859390258789,6566700
2017-11-14,43.22288131713867,8498900
2017-11-15,42.88905334472656,9425100
2017-11-16,43.22288131713867,11738500
2017-11-17,42.994468688964844,10035100
2017-11-20,43.06475830078125,11525100
2017-11-21,42.722129821777344,18313300
2017-11-22,42.67821502685547,10618900
2017-11-24,43.05597686767578,6008300
2017-11-27,42.94176483154297,13395600
2017-11-28,43.05597686767578,13930600
2017-11-29,42.6254997253418,14377600
2017-11-30,43.09990692138672,24701100
2017-12-01,43.58307647705078,15899500
2017-12-04,42.520076751708984,13473900
2017-12-05,42.159881591796875,17858900
2017-12-06,42.537654876708984,12974500
2017-12-07,42.6254997253418,13482800
2017-12-08,43.57429504394531,14732300
2017-12-11,44.33860397338867,15852800
2017-12-12,44.2683219909668,17464000
2017-12-13,43.96962356567383,17196900
2017-12-14,44.09261703491211,22259300
2017-12-15,42.43223571777344,75176000
2017-12-18,41.91389083862305,25156800
2017-12-19,42.010528564453125,28664300
2017-12-20,42.0808219909668,11432200
2017-12-21,41.53614044189453,18396800
2017-12-22,41.606422424316406,11197300
2017-12-26,41.66792297363281,7650200
2017-12-27,41.62398910522461,8132200
2017-12-28,41.74698257446289,7777600
2017-12-29,41.53614044189453,9750000
2018-01-02,40.96510696411133,25380000
2018-01-03,41.91389083862305,24165000
2018-01-04,42.326805114746094,19815100
2018-01-05,42.58156204223633,14496400
2018-01-08,43.02960968017578,15075000
2018-01-09,43.267738342285156,14153700
2018-01-10,43.0384407043457,13476600
2018-01-11,43.17072296142578,11687800
2018-01-12,43.66461181640625,15978200
2018-01-16,43.735164642333984,17152600
2018-01-17,44.334877014160156,23183100
2018-01-18,44.29960250854492,17119200
2018-01-19,44.60828399658203,14011500
2018-01-22,44.72292709350586,16840000
2018-01-23,45.08452224731445,14141400
2018-01-24,45.375572204589844,17205600
2018-01-25,45.507850646972656,13904300
2018-01-26,46.52206802368164,14909200
2018-01-29,45.80771255493164,12234900
2018-01-30,44.94340896606445,16863500
2018-01-31,45.49903106689453,16806800
2018-02-01,45.53430938720703,11674100
2018-02-02,44.21141052246094,17562200
2018-02-05,42.41226577758789,19725800
2018-02-06,43.56760025024414,25921200
2018-02-07,43.10016632080078,15138000
2018-02-08,41.309844970703125,21255400
2018-02-09,42.09476089477539,23191000
2018-02-12,42.465179443359375,16261600
2018-02-13,42.76502990722656,12633100
2018-02-14,43.6116943359375,14271400
2018-02-15,44.66120147705078,14132500
2018-02-16,44.72292709350586,11098800
2018-02-20,43.999732971191406,14144900
2018-02-21,43.59406661987305,13050800
2018-02-22,43.735164642333984,9513200
2018-02-23,44.5377311706543,8866800
2018-02-26,45.12861633300781,12956000
2018-02-27,44.74055862426758,14339600
2018-02-28,44.68765640258789,14947900
2018-03-01,43.840999603271484,16539800
2018-03-02,44.37898254394531,17291000
2018-03-05,45.23444747924805,18771500
2018-03-06,45.41965866088867,13907100
2018-03-07,45.61367416381836,11727300
2018-03-08,45.975284576416016,15864400
2018-03-09,46.71611022949219,16218600
2018-03-12,46.65436935424805,14108400
2018-03-13,46.37214660644531,12864400
2018-03-14,46.142852783203125,10885500
2018-03-15,46.186927795410156,14155200
2018-03-16,46.098758697509766,21011500
2018-03-19,45.816532135009766,25777400
2018-03-20,41.495052337646484,68601000
2018-03-21,41.46858215332031,34597700
2018-03-22,40.47199630737305,25610100
2018-03-23,39.50187301635742,21398900
2018-03-26,40.99233627319336,20754800
2018-03-27,40.02220916748047,18925300
2018-03-28,39.66944122314453,22156900
2018-03-29,40.34852981567383,14256400
2018-04-02,39.695899963378906,15343300
2018-04-03,39.59007263183594,15734600
2018-04-04,40.13686752319336,18505900
2018-04-05,40.53373718261719,12313000
2018-04-06,39.537147521972656,13893600
2018-04-09,39.59888458251953,15200000
2018-04-10,40.41027069091797,14868900
2018-04-11,40.22507095336914,14911400
2018-04-12,40.46318817138672,13970300
2018-04-13,40.63956069946289,12493600
2018-04-16,40.7812614440918,11639000
2018-04-17,41.321475982666016,10762700
2018-04-18,41.69342803955078,11312900
2018-04-19,41.463157653808594,8563200
2018-04-20,40.9406623840332,15675600
2018-04-23,40.55986785888672,14904400
2018-04-24,40.32076644897461,13357000
2018-04-25,40.515586853027344,12637500
2018-04-26,40.701560974121094,12175800
2018-04-27,40.32076644897461,14420800
2018-04-30,40.44473648071289,13896600
2018-05-01,40.692710876464844,8838000
2018-05-02,40.30304718017578,10715200
2018-05-03,39.904544830322266,15370200
2018-05-04,40.48015594482422,10571800
2018-05-07,40.79897689819336,9006000
2018-05-08,40.68385696411133,9830600
2018-05-09,41.2506217956543,11822400
2018-05-10,41.56058120727539,10974200
2018-05-11,41.463157653808594,9498100
2018-05-14,41.463157653808594,9689500
2018-05-15,41.45431900024414,11304900
2018-05-16,41.383460998535156,9874200
2018-05-17,41.2152099609375,10162300
2018-05-18,41.02036666870117,13517300
2018-05-21,41.80854415893555,13416300
2018-05-22,41.06464767456055,18505100
2018-05-23,41.53400802612305,9204400
2018-05-24,41.14436721801758,12497700
2018-05-25,41.6225700378418,11354300
2018-05-29,40.96725082397461,12427800
2018-05-30,41.66685485839844,11906500
2018-05-31,41.37461853027344,13062400
2018-06-01,41.932525634765625,10863200
2018-06-04,41.90595245361328,12178400
2018-06-05,41.73769760131836,13430900
2018-06-06,42.286773681640625,13299100
2018-06-07,42.224769592285156,13714100
2018-06-08,42.667564392089844,14515400
2018-06-11,42.676422119140625,12521100
2018-06-12,42.90666580200195,14713600
2018-06-13,42.74726486206055,18053300
2018-06-14,40.648433685302734,37001300
2018-06-15,40.98495864868164,28120400
2018-06-18,41.1974983215332,21474100
2018-06-19,40.97608947753906,22764900
2018-06-20,37.920814514160156,59129000
2018-06-21,38.168785095214844,32635100
2018-06-22,39.05437088012695,29735100
2018-06-25,39.21377182006836,24640500
2018-06-26,39.32889938354492,20717500
2018-06-27,38.47874069213867,26360100
2018-06-28,38.82411575317383,20918400
2018-06-29,39.01894760131836,22144900
2018-07-02,39.80712127685547,20655500
2018-07-03,39.603431701660156,16783300
2018-07-05,40.21449661254883,21916200
2018-07-06,40.73698806762695,20764300
2018-07-09,41.383460998535156,25125700
2018-07-10,41.61372375488281,27422000
2018-07-11,42.1893424987793,22802600
2018-07-12,42.64099884033203,24857900
2018-07-13,43.066070556640625,25771400
2018-07-16,43.0838623046875,22949600
2018-07-17,43.47504425048828,18823100
2018-07-18,43.243896484375,19234700
2018-07-19,43.066070556640625,16656500
2018-07-20,43.13720703125,17232900
2018-07-23,43.270565032958984,17990200
2018-07-24,43.270565032958984,19885500
2018-07-25,43.51949691772461,16354900
2018-07-26,43.44837188720703,15229900
2018-07-27,43.23500442504883,14856100
2018-07-30,42.43484878540039,20167300
2018-07-31,42.39038848876953,18808100
2018-08-01,42.096981048583984,22933600
2018-08-02,42.58597946166992,14227400
2018-08-03,43.092742919921875,14295800
2018-08-06,43.270565032958984,13529300
2018-08-07,43.101646423339844,11608000
2018-08-08,43.0216178894043,10849400
2018-08-09,43.15497970581055,14708000
2018-08-10,42.959381103515625,10502200
2018-08-13,42.683780670166016,12152100
2018-08-14,42.87937545776367,11513700
2018-08-15,42.53263854980469,14091000
2018-08-16,42.7637939453125,11874300
2018-08-17,42.99495315551758,11412000
2018-08-20,43.04829406738281,11936700
2018-08-21,43.03940200805664,10187600
2018-08-22,43.38613510131836,11639400
2018-08-23,43.52837371826172,11026700
2018-08-24,43.795101165771484,14011700
2018-08-27,43.85733413696289,12253300
2018-08-28,43.243896484375,15475700
2018-08-29,43.466148376464844,17307700
2018-08-30,43.012733459472656,15154900
2018-08-31,43.1905517578125,17844100
2018-09-04,43.1905517578125,17289000
2018-09-05,42.710453033447266,16437700
2018-09-06,42.417057037353516,18456100
2018-09-07,42.50597381591797,20513900
2018-09-10,43.43948745727539,20390600
2018-09-11,43.492820739746094,14877200
2018-09-12,43.866241455078125,17058700
2018-09-13,43.52837371826172,22124400
2018-09-14,43.786216735839844,20066100
2018-09-17,43.723976135253906,29225000
2018-09-18,43.59062576293945,33451100
2018-09-19,43.94625473022461,20904800
2018-09-20,44.835304260253906,26973500
2018-09-21,45.430973052978516,50751900
2018-09-24,45.55545425415039,23906100
2018-09-25,45.98219299316406,18665800
2018-09-26,45.90217971801758,18131000
2018-09-27,45.95552062988281,17993500
2018-09-28,45.8399543762207,16234200
2018-10-01,46.05331802368164,19217800
2018-10-02,44.657493591308594,22406800
2018-10-03,44.23074722290039,21207600
2018-10-04,43.98181915283203,19034000
2018-10-05,43.87512969970703,16900200
2018-10-08,43.884010314941406,16295800
2018-10-09,43.44837188720703,19009800
2018-10-10,42.14144515991211,20885400
2018-10-11,41.590240478515625,26387600
2018-10-12,42.123661041259766,23152800
2018-10-15,42.06118392944336,15693400
2018-10-16,43.05201721191406,13600200
2018-10-17,42.72174835205078,15071100
2018-10-18,42.29325866699219,15084800
2018-10-19,42.48073196411133,17768400
2018-10-22,42.793148040771484,16480200
2018-10-23,42.83778381347656,18921500
2018-10-24,41.73984146118164,20028200
2018-10-25,42.811004638671875,19349300
2018-10-26,42.239715576171875,23088700
2018-10-29,41.97193145751953,19248700
2018-10-30,43.35551452636719,24438200
2018-10-31,43.596527099609375,21082900
2018-11-01,43.37336730957031,17764900
2018-11-02,43.58760070800781,17289300
2018-11-05,43.757205963134766,13125800
2018-11-06,43.9625129699707,12362700
2018-11-07,44.86406707763672,14329800
2018-11-08,45.01582336425781,11966600
2018-11-09,45.17649841308594,15316100
2018-11-12,43.93573760986328,14374400
2018-11-13,44.19460678100586,13550600
2018-11-14,43.596527099609375,16094000
2018-11-15,45.194366455078125,24922800
2018-11-16,45.6763801574707,20929600
2018-11-19,44.23030090332031,19520500
2018-11-20,43.14129638671875,19389600
2018-11-21,43.400150299072266,13859500
2018-11-23,43.4715576171875,7807300
2018-11-26,43.078792572021484,21603800
2018-11-27,42.346832275390625,28054600
2018-11-28,43.01632308959961,29352900
2018-11-29,42.7574462890625,17052100
2018-11-30,43.52511215209961,22884500
2018-12-03,44.480247497558594,21966600
2018-12-04,43.51619338989258,24643500
2018-12-06,41.668434143066406,39877000
2018-12-07,41.06142807006836,23978000
2018-12-10,41.65949630737305,26375500
2018-12-11,41.4720458984375,22680200
2018-12-12,42.239715576171875,21404000
2018-12-13,42.159385681152344,23295400
2018-12-14,41.597007751464844,21434300
2018-12-17,40.8204231262207,30441100
2018-12-18,40.92753219604492,42855600
2018-12-19,41.463111877441406,34397300
2018-12-20,41.27566909790039,35165200
2018-12-21,39.276145935058594,58768400
2018-12-24,38.106788635253906,17230400
2018-12-26,39.802799224853516,21428900
2018-12-27,40.14201736450195,19048700
2018-12-28,40.008113861083984,39141200
2018-12-31,40.30268859863281,14932600
2019-01-02,40.36517333984375,14320400
2019-01-03,39.972412109375,19868700
2019-01-04,41.695213317871094,20984000
2019-01-07,42.35576629638672,17967900
2019-01-08,42.739601135253906,16255700
2019-01-09,42.650333404541016,19100200
2019-01-10,42.68603515625,16652700
2019-01-11,43.105567932128906,16397400
2019-01-14,43.007381439208984,14869400
2019-01-15,43.356895446777344,12142100
2019-01-16,43.070125579833984,14114000
2019-01-17,43.536136627197266,12711200
2019-01-18,44.15449142456055,15930600
2019-01-22,43.8587646484375,13318700
2019-01-23,44.12760925292969,15551200
2019-01-24,44.091758728027344,11442200
2019-01-25,44.62946701049805,16656600
2019-01-28,44.37852478027344,11799100
2019-01-29,44.45919418334961,10838600
2019-01-30,45.131324768066406,13483800
2019-01-31,45.01482009887695,20403600
2019-02-01,45.534603118896484,14849600
2019-02-04,45.731754302978516,12221200
2019-02-05,45.91995620727539,13345500
2019-02-06,45.937870025634766,9220900
2019-02-07,45.00584030151367,14905000
2019-02-08,45.731754302978516,11535600
2019-02-11,45.9109992980957,9714500
2019-02-12,45.90203094482422,14188500
2019-02-13,46.08125686645508,11342600
2019-02-14,46.13503646850586,11155300
2019-02-15,46.35012435913086,13822200
2019-02-19,46.61896514892578,12357500
2019-02-20,46.394935607910156,13440900
2019-02-21,46.69962692260742,14759500
2019-02-22,47.03120803833008,11689700
2019-02-25,47.102901458740234,14722200
2019-02-26,47.138755798339844,12041300
2019-02-27,46.941593170166016,10674200
2019-02-28,46.71754455566406,31856900
2019-03-01,47.05809783935547,15757700
2019-03-04,46.63688659667969,14850100
2019-03-05,46.92366027832031,16291900
2019-03-06,46.91470718383789,12389300
2019-03-07,47.12083435058594,16624100
2019-03-08,47.29110336303711,15071100
2019-03-11,47.19252014160156,20027700
2019-03-12,47.31798553466797,18048500
2019-03-13,47.550994873046875,19490800
2019-03-14,47.54201889038086,24000300
2019-03-15,47.44345474243164,43340200
2019-03-18,47.909454345703125,21953600
2019-03-19,48.42923355102539,19214000
2019-03-20,47.174591064453125,24111600
2019-03-21,48.42923355102539,16686300
2019-03-22,47.29110336303711,16201500
2019-03-25,47.264217376708984,11755900
2019-03-26,47.74814224243164,11657600
2019-03-27,47.32695007324219,12636000
2019-03-28,47.6674919128418,9103100
2019-03-29,48.133506774902344,11485700
2019-04-01,48.913169860839844,15191700
2019-04-02,48.52781295776367,10812100
2019-04-03,48.447174072265625,12853400
2019-04-04,48.23208999633789,9978800
2019-04-05,48.33066940307617,10016300
2019-04-08,48.142459869384766,10126700
2019-04-09,48.241050720214844,9789000
2019-04-10,48.58312225341797,8477300
2019-04-11,48.421077728271484,8147600
2019-04-12,49.06021499633789,9014000
2019-04-15,49.1772346496582,7694900
2019-04-16,49.1412239074707,7265200
2019-04-17,49.04220962524414,7792200
2019-04-18,49.078224182128906,8233000
2019-04-22,49.168243408203125,6088100
2019-04-23,49.4562873840332,10923400
2019-04-24,49.672340393066406,8769800
2019-04-25,49.51930236816406,8226100
2019-04-26,49.879398345947266,7101600
2019-04-29,49.58232879638672,6443000
2019-04-30,49.807369232177734,10562300
2019-05-01,49.40228271484375,7792700
2019-05-02,49.150230407714844,9652200
2019-05-03,49.32126998901367,11066500
2019-05-06,49.375274658203125,9305400
2019-05-07,48.61011505126953,11712400
2019-05-08,48.60111999511719,10729800
2019-05-09,48.83516311645508,10711800
2019-05-10,49.19524002075195,11200300
2019-05-13,48.09701919555664,10664700
2019-05-14,48.727142333984375,11520800
2019-05-15,49.11423110961914,8573000
2019-05-16,49.186241149902344,10013800
2019-05-17,49.06021499633789,9057100
2019-05-20,48.304054260253906,9820200
2019-05-21,48.76314163208008,8482000
2019-05-22,48.79015350341797,8389700
2019-05-23,47.78194808959961,11213900
2019-05-24,47.502891540527344,9090700
2019-05-28,46.58469772338867,28230400
2019-05-29,46.53068923950195,12448700
2019-05-30,46.557701110839844,8569500
2019-05-31,45.54948043823242,11847100
2019-06-03,45.22541809082031,17434400
2019-06-04,46.82774353027344,17073200
2019-06-05,46.899757385253906,15855300
2019-06-06,47.34085464477539,10266900
2019-06-07,47.9439811706543,11591800
2019-06-10,48.6191291809082,12984600
2019-06-11,48.55610656738281,11288400
2019-06-12,48.26805114746094,10235400
2019-06-13,48.46609115600586,11289100
2019-06-14,47.96198654174805,12973000
2019-06-17,47.82695770263672,15207900
2019-06-18,47.61991882324219,20999700
2019-06-19,47.42188262939453,35449500
2019-06-20,51.30168151855469,54173900
2019-06-21,50.51851272583008,45169000
2019-06-24,51.07664108276367,19544200
2019-06-25,50.47350311279297,25462100
2019-06-26,51.00461959838867,15045200
2019-06-27,51.10364532470703,12605800
2019-06-28,51.28367233276367,42570500
2019-07-01,52.21987533569336,20413000
2019-07-02,52.62495803833008,17569600
2019-07-03,52.985042572021484,9989100
2019-07-05,53.36310958862305,13838900
2019-07-08,53.588157653808594,16105600
2019-07-09,53.651161193847656,14348600
2019-07-10,54.14627456665039,16059100
2019-07-11,54.00224304199219,11150200
2019-07-12,53.840213775634766,11234300
2019-07-15,53.588157653808594,10721600
2019-07-16,52.97355651855469,9698900
2019-07-17,52.41318893432617,9090900
2019-07-18,52.530670166015625,11882300
2019-07-19,52.00645065307617,11663500
2019-07-22,52.06068801879883,8761700
2019-07-23,51.925113677978516,8141100
2019-07-24,52.521636962890625,10778700
2019-07-25,52.684329986572266,8175900
2019-07-26,52.87413024902344,6057200
2019-07-29,52.47644805908203,7439300
2019-07-30,51.96126174926758,6367200
2019-07-31,50.88570785522461,11966700
2019-08-01,50.50608825683594,10215200
2019-08-02,50.469932556152344,12644400
2019-08-05,48.589962005615234,16204600
2019-08-06,48.7707405090332,13149500
2019-08-07,48.210357666015625,16344100
2019-08-08,49.394378662109375,12460700
2019-08-09,48.71651077270508,8471300
2019-08-12,48.1290168762207,6580100
2019-08-13,48.77978515625,11014800
2019-08-14,47.2884521484375,12489200
2019-08-15,47.53248596191406,11257000
2019-08-16,48.43632125854492,9913100
2019-08-19,48.68939208984375,8273100
2019-08-20,47.884979248046875,7577800
2019-08-21,48.1199836730957,6113100
2019-08-22,48.07478713989258,6744900
2019-08-23,46.619625091552734,11374500
2019-08-26,47.116729736328125,8582300
2019-08-27,47.351722717285156,13853100
2019-08-28,46.954036712646484,7499000
2019-08-29,47.143836975097656,6858000
2019-08-30,47.05345916748047,7920000
2019-09-03,46.89979934692383,10128000
2019-09-04,47.875946044921875,10558300
2019-09-05,48.66227722167969,10414500
2019-09-06,48.04766082763672,11636100
2019-09-09,49.294960021972656,17803800
2019-09-10,50.13552474975586,19976400
2019-09-11,50.87667465209961,16749400
2019-09-12,48.707462310791016,28184400
2019-09-13,48.580936431884766,14736700
2019-09-16,48.02959060668945,15204200
2019-09-17,47.78556823730469,11111400
2019-09-18,47.50537109375,8911800
2019-09-19,48.23747634887695,14855000
2019-09-20,48.32786560058594,59517000
2019-09-23,48.824951171875,13863100
2019-09-24,48.219390869140625,15354800
2019-09-25,48.66227722167969,11607200
2019-09-26,48.7707405090332,13324300
2019-09-27,48.88823699951172,12391100
2019-09-30,49.73784255981445,17445100
2019-10-01,48.626121520996094,16443200
2019-10-02,48.03862762451172,15923700
2019-10-03,48.68035888671875,11268500
2019-10-04,49.83726119995117,13659500
2019-10-07,49.52994918823242,12352100
2019-10-08,48.85207748413086,14771500
2019-10-09,49.50574493408203,12803100
2019-10-10,50.377288818359375,13789000
2019-10-11,51.648292541503906,18675200
2019-10-14,51.25791549682617,11079600
2019-10-15,51.158050537109375,9150100
2019-10-16,50.731353759765625,8912300
2019-10-17,49.98691177368164,9917700
2019-10-18,49.52389144897461,12562900
2019-10-21,50.050453186035156,8256600
2019-10-22,49.12444305419922,7777100
2019-10-23,49.14259338378906,10491000
2019-10-24,49.2606201171875,6449200
2019-10-25,49.178897857666016,6307000
2019-10-28,49.60560989379883,7280200
2019-10-29,49.7508659362793,8333900
2019-10-30,49.79625701904297,6284900
2019-10-31,49.469425201416016,8260600
2019-11-01,49.93244552612305,7313600
2019-11-04,50.34097671508789,8757000
2019-11-05,50.54069137573242,10759300
2019-11-06,50.56794357299805,10572100
2019-11-07,50.822139739990234,9677700
2019-11-08,51.285160064697266,5869600
2019-11-11,51.230674743652344,5018000
2019-11-12,51.37594985961914,6184900
2019-11-13,51.03095245361328,6802300
2019-11-14,50.922019958496094,9056100
2019-11-15,51.22159957885742,7216900
2019-11-18,51.012794494628906,6923300
2019-11-19,51.085426330566406,7199500
2019-11-20,51.05818557739258,9117000
2019-11-21,51.04909896850586,8067100
2019-11-22,51.194366455078125,6346900
2019-11-25,51.34870529174805,7977700
2019-11-26,51.303321838378906,12076900
2019-11-27,51.394100189208984,5790000
2019-11-29,50.96739959716797,6479400
2019-12-02,50.322818756103516,14314000
2019-12-03,49.560218811035156,11963700
2019-12-04,49.39680099487305,11436800
2019-12-05,49.64192581176758,10557400
2019-12-06,49.778099060058594,9088600
2019-12-09,50.21387481689453,11996700
2019-12-10,50.676876068115234,10719700
2019-12-11,51.12173843383789,12159600
2019-12-12,51.26701354980469,15413200
2019-12-13,49.487586975097656,21427700
2019-12-16,49.015499114990234,19951000
2019-12-17,47.97145462036133,19778400
2019-12-18,48.47077560424805,14123100
2019-12-19,48.3345947265625,11910100
2019-12-20,48.66142272949219,27423700
2019-12-23,48.761295318603516,10591500
2019-12-24,48.51616668701172,3331700
2019-12-26,48.634185791015625,6702000
2019-12-27,48.53432083129883,7262000
2019-12-30,47.8443489074707,5936100
2019-12-31,48.09855651855469,7094500
2020-01-02,48.97917938232422,13899600
2020-01-03,48.806678771972656,11026700
2020-01-06,49.060890197753906,10982400
2020-01-07,49.169830322265625,12015400
2020-01-08,49.361331939697266,11856700
2020-01-09,49.589298248291016,10671000
2020-01-10,49.65314865112305,9734800
2020-01-13,49.77169418334961,10858900
2020-01-14,50.045257568359375,12627200
2020-01-15,49.935829162597656,9090800
2020-01-16,50.54680633544922,9866000
2020-01-17,50.27323532104492,11166600
2020-01-21,50.35530471801758,8773000
2020-01-22,49.89935302734375,6380500
2020-01-23,50.13644790649414,6583200
2020-01-24,49.30662536621094,6426000
2020-01-27,48.04819869995117,8259100
2020-01-28,48.7503547668457,8620300
2020-01-29,48.513267517089844,6332500
2020-01-30,48.61357116699219,7176200
2020-01-31,47.8293342590332,8884700
2020-02-03,48.41294860839844,8892500
2020-02-04,49.27925491333008,9769800
2020-02-05,49.91758346557617,9612900
2020-02-06,49.89023208618164,8832000
2020-02-07,49.89935302734375,7864800
2020-02-10,50.145572662353516,7198200
2020-02-11,50.29146957397461,8466600
2020-02-12,50.820377349853516,7541100
2020-02-13,50.437374114990234,8480100
2020-02-14,50.583290100097656,7496800
2020-02-18,50.56504440307617,7185700
2020-02-19,50.555912017822266,6819200
2020-02-20,50.61975860595703,6114600
2020-02-21,49.86287307739258,9078600
2020-02-24,48.01171875,10992500
2020-02-25,46.47058868408203,12202600
2020-02-26,47.464576721191406,16413100
2020-02-27,46.30644607543945,16161100
2020-02-28,45.10274124145508,24426000
2020-03-02,46.41588592529297,17328500
2020-03-03,44.54648208618164,21830500
2020-03-04,46.08760070800781,14813700
2020-03-05,43.771366119384766,15843000
2020-03-06,43.196861267089844,24581400
2020-03-09,41.9566764831543,25949300
2020-03-10,44.300262451171875,27067700
2020-03-11,40.78032684326172,24139200
2020-03-12,36.29374694824219,24123800
2020-03-13,43.707523345947266,28339400
2020-03-16,38.95650863647461,27493700
2020-03-17,42.73179626464844,25588900
2020-03-18,43.10566329956055,29557000
2020-03-19,41.0994873046875,20159100
2020-03-20,41.62839889526367,26340800
2020-03-23,40.29700469970703,23063700
2020-03-24,43.62546157836914,19323700
2020-03-25,41.89283752441406,25625800
2020-03-26,46.03288269042969,22417900
2020-03-27,45.440147399902344,20025300
2020-03-30,45.92345428466797,20611900
2020-03-31,44.072296142578125,15802000
2020-04-01,44.4188117980957,17918200
2020-04-02,45.412784576416016,16434400
2020-04-03,45.04802322387695,13362500
2020-04-06,46.95390319824219,13845800
2020-04-07,46.288211822509766,14063000
2020-04-08,47.76335525512695,15710700
2020-04-09,48.72541427612305,15521200
2020-04-13,48.532997131347656,12694800
2020-04-14,49.476722717285156,11674600
2020-04-15,48.70708465576172,10398100
2020-04-16,49.201847076416016,14098300
2020-04-17,50.04478073120117,13608800
2020-04-20,49.39426040649414,10358900
2020-04-21,47.01204299926758,14111700
2020-04-22,47.89164352416992,9668300
2020-04-23,47.616764068603516,10330200
2020-04-24,48.56964111328125,9403500
2020-04-27,48.89949035644531,9123200
2020-04-28,48.74373245239258,8350500
2020-04-29,49.36676788330078,9064100
2020-04-30,48.532997131347656,11808800
2020-05-01,47.45184326171875,8702400
2020-05-04,47.415191650390625,7567900
2020-05-05,47.6900634765625,7271800
2020-05-06,47.51596450805664,7050000
2020-05-07,48.1939811706543,7154700
2020-05-08,49.082733154296875,8130800
2020-05-11,49.046085357666016,8138600
2020-05-12,47.89164352416992,8598800
2020-05-13,47.323570251464844,10274300
2020-05-14,48.4780158996582,13794000
2020-05-15,48.48719024658203,39055700
2020-05-18,48.69792175292969,9901900
2020-05-19,47.95576477050781,9805100
2020-05-20,48.4688606262207,9115900
2020-05-21,47.845829010009766,7464000
2020-05-22,48.212310791015625,7211700
2020-05-26,48.35890579223633,11200600
2020-05-27,48.74373245239258,9228100
2020-05-28,49.1285514831543,9465400
2020-05-29,49.26598358154297,14734800
2020-06-01,48.61546325683594,7363200
2020-06-02,48.817020416259766,8756300
2020-06-03,49.00942611694336,9188700
2020-06-04,48.42305374145508,9696000
2020-06-05,49.45839309692383,12210100
2020-06-08,50.484580993652344,11519500
2020-06-09,49.64164352416992,8852500
2020-06-10,49.57750701904297,7436700
2020-06-11,47.01204299926758,12805700
2020-06-12,47.51596450805664,11537200
2020-06-15,48.78953552246094,16038100
2020-06-16,50.01729202270508,19380200
2020-06-17,47.20445251464844,28692600
2020-06-18,49.192691802978516,19259500
2020-06-19,49.84321212768555,33051200
2020-06-22,50.502899169921875,16705900
2020-06-23,50.56703186035156,18695000
2020-06-24,49.87985610961914,18287400
2020-06-25,49.96232223510742,16008700
2020-06-26,49.64164352416992,17969400
2020-06-29,50.17306137084961,14366900
2020-06-30,50.64034652709961,18885900
2020-07-01,50.8419075012207,17856800
2020-07-02,51.25421142578125,15478900
2020-07-06,51.85892868041992,15309700
2020-07-07,51.59321594238281,13232100
2020-07-08,51.913902282714844,12582200
2020-07-09,52.711029052734375,15692600
2020-07-10,52.5827522277832,12615800
2020-07-13,52.23457717895508,15965600
2020-07-14,52.63023376464844,15510300
2020-07-15,52.09656524658203,10570800
2020-07-16,51.36050033569336,8779300
2020-07-17,50.51398468017578,14344800
2020-07-20,50.974037170410156,11469300
2020-07-21,51.443294525146484,11875100
2020-07-22,51.53530502319336,13842400
2020-07-23,51.30527877807617,12576000
2020-07-24,51.204071044921875,8939700
2020-07-27,50.9188346862793,10319600
2020-07-28,50.92803955078125,13030100
2020-07-29,51.250083923339844,7242700
2020-07-30,50.836021423339844,7633200
2020-07-31,51.020050048828125,9355800
2020-08-03,51.5077018737793,9164900
2020-08-04,51.5261116027832,6364300
2020-08-05,51.066043853759766,6629000
2020-08-06,50.863616943359375,8169600
2020-08-07,50.817630767822266,8772300
2020-08-10,50.550785064697266,10046900
2020-08-11,49.9343147277832,8075100
2020-08-12,49.842308044433594,9068200
2020-08-13,49.70429229736328,8260300
2020-08-14,49.86990737915039,5454400
2020-08-17,49.67668533325195,9523700
2020-08-18,50.77161407470703,21102600
2020-08-19,51.71012878417969,16751500
2020-08-20,50.84521484375,10974800
2020-08-21,50.78080368041992,9552000
2020-08-24,51.53530502319336,7892100
2020-08-25,51.60892105102539,7427000
2020-08-26,52.897071838378906,11597600
2020-08-27,52.61183166503906,15834700
2020-08-28,53.255916595458984,8613800
2020-08-31,52.64863586425781,18683500
2020-09-01,53.05348587036133,10169500
2020-09-02,54.31403350830078,14342800
2020-09-03,52.5382194519043,15387400
2020-09-04,51.27768325805664,14697200
2020-09-08,50.90043640136719,16472800
2020-09-09,52.40021514892578,13993200
2020-09-10,52.749847412109375,20500900
2020-09-11,52.44621276855469,40220600
2020-09-14,54.70967483520508,50107400
2020-09-15,56.071441650390625,30385600
2020-09-16,55.60219192504883,21223300
2020-09-17,55.372161865234375,22831200
2020-09-18,54.97650909423828,49311700
2020-09-21,55.961036682128906,32560400
2020-09-22,55.777008056640625,13306000
2020-09-23,54.2496223449707,15513500
2020-09-24,54.562461853027344,9560500
2020-09-25,55.022525787353516,9371900
2020-09-28,54.82011032104492,9356300
2020-09-29,54.71889114379883,6340600
2020-09-30,54.930511474609375,11001500
2020-10-01,54.912109375,7357700
2020-10-02,54.13001251220703,7329800
2020-10-05,54.80169677734375,6899200
2020-10-06,54.755680084228516,9743600
2020-10-07,55.97514724731445,8690900
2020-10-08,56.25230026245117,7202800
2020-10-09,56.49249267578125,7355700
2020-10-12,56.77888870239258,8275000
2020-10-13,56.32620620727539,8896300
2020-10-14,56.31696319580078,6651100
2020-10-15,55.91047668457031,6251600
2020-10-16,55.697994232177734,6070800
2020-10-19,55.07902908325195,8311000
2020-10-20,55.19912338256836,9241200
2020-10-21,55.12521743774414,10114900
2020-10-22,55.14368438720703,11900600
2020-10-23,55.33770751953125,9739300
2020-10-26,53.111263275146484,18876900
2020-10-27,52.732486724853516,10806500
2020-10-28,51.355979919433594,13910600
2020-10-29,51.753231048583984,13573700
2020-10-30,51.836368560791016,12602300
2020-11-02,52.150482177734375,11413200
2020-11-03,52.47380065917969,8911200
2020-11-04,52.187416076660156,12054900
2020-11-05,52.344478607177734,9017100
2020-11-06,52.47380065917969,7510400
2020-11-09,52.51076889038086,11486600
2020-11-10,52.35371017456055,9015900
2020-11-11,52.84334945678711,7724400
2020-11-12,52.150482177734375,7324000
2020-11-13,52.575439453125,5870300
2020-11-16,52.797157287597656,6309200
2020-11-17,52.769447326660156,5569700
2020-11-18,51.965702056884766,8998800
2020-11-19,52.150482177734375,9643100
2020-11-20,51.45760726928711,8395800
2020-11-23,51.808650970458984,8235900
2020-11-24,53.1851692199707,10427200
2020-11-25,53.037357330322266,6848900
2020-11-27,53.36069107055664,5627000
2020-11-30,53.32374954223633,26676900
2020-12-01,54.26604461669922,11855300
2020-12-02,54.58015441894531,9330400
2020-12-03,54.755680084228516,9783900
2020-12-04,55.39313507080078,10872700
2020-12-07,55.24531173706055,14922900
2020-12-08,54.53396224975586,15237800
2020-12-09,55.180641174316406,12204100
2020-12-10,54.94968795776367,14219900
2020-12-11,55.99363327026367,16209900
2020-12-14,56.13219451904297,16193600
2020-12-15,57.14842987060547,15506700
2020-12-16,57.99834060668945,16119900
2020-12-17,58.76512908935547,15320500
2020-12-18,60.104679107666016,33728700
2020-12-21,59.56886672973633,18210200
2020-12-22,60.187835693359375,17136000
2020-12-23,60.326412200927734,13075200
2020-12-24,60.012306213378906,3796500
2020-12-28,59.92914581298828,6463500
2020-12-29,59.55039978027344,7770200
2020-12-30,59.494964599609375,6192000
2020-12-31,59.76286697387695,6928600
2021-01-04,58.894466400146484,11249900
2021-01-05,58.164642333984375,11005700
2021-01-06,58.02552795410156,8685400
2021-01-07,58.48922348022461,7382800
2021-01-08,58.77669906616211,7751700
2021-01-11,58.45212173461914,6284700
2021-01-12,57.88643264770508,7758200
2021-01-13,57.552574157714844,8298000
2021-01-14,57.1259765625,10258600
2021-01-15,57.292911529541016,7532600
2021-01-19,56.83848571777344,8903400
2021-01-20,57.08889389038086,7025000
2021-01-21,56.764312744140625,6943600
2021-01-22,55.976043701171875,9896700
2021-01-25,56.4768180847168,8524700
2021-01-26,57.31145095825195,8186500
2021-01-27,58.00699234008789,14789000
2021-01-28,56.773582458496094,11166400
2021-01-29,56.040958404541016,11451800
2021-02-01,57.04251480102539,10553500
2021-02-02,57.840049743652344,10528000
2021-02-03,57.65458679199219,9933500
2021-02-04,58.748870849609375,9928700
2021-02-05,58.9807243347168,9170200
2021-02-08,58.52631378173828,7003400
2021-02-09,59.045631408691406,5437400
2021-02-10,58.674686431884766,9577500
2021-02-11,58.146087646484375,7690800
2021-02-12,58.498497009277344,6663400
2021-02-16,57.62676239013672,7526000
2021-02-17,57.58039093017578,6244500
2021-02-18,57.56184387207031,6262400
2021-02-19,56.69011306762695,10905100
2021-02-22,59.76898956298828,20940300
2021-02-23,59.81534957885742,18175400
2021-02-24,60.00082015991211,10609300
2021-02-25,60.557254791259766,15356100
2021-02-26,59.82462692260742,20512600
2021-03-01,61.36406326293945,11758900
2021-03-02,61.8184928894043,13282000
2021-03-03,62.05031967163086,15827600
2021-03-04,60.8447380065918,19951100
2021-03-05,64.88806915283203,34211500
2021-03-08,66.91900634765625,23300500
2021-03-09,67.36414337158203,17296400
2021-03-10,66.88192749023438,21378600
2021-03-11,62.51401138305664,38095400
2021-03-12,62.28215408325195,11606300
2021-03-15,62.810760498046875,8919600
2021-03-16,61.99467849731445,14512500
2021-03-17,61.410438537597656,11892400
2021-03-18,61.892662048339844,13750300
2021-03-19,61.447509765625,30963600
2021-03-22,61.50316619873047,10263700
2021-03-23,62.3841667175293,12390100
2021-03-24,61.976131439208984,11391100
2021-03-25,63.6453971862793,14844700
2021-03-26,65.1477279663086,12617000
2021-03-29,65.96382141113281,15183700
2021-03-30,65.42596435546875,12000200
2021-03-31,65.07353973388672,9971700
2021-04-01,66.59442138671875,13228700
2021-04-05,68.77374267578125,25010200
2021-04-06,68.8850326538086,14699800
2021-04-07,68.98749542236328,12356800
2021-04-08,70.11445617675781,13507700
2021-04-09,70.39386749267578,13285700
2021-04-12,70.89682006835938,10634900
2021-04-13,71.40908813476562,13142400
2021-04-14,71.54878997802734,12730700
2021-04-15,72.91791534423828,13604200
2021-04-16,73.53263092041016,13334100
2021-04-19,73.34636688232422,19967200
2021-04-20,73.80272674560547,12562300
2021-04-21,71.39976501464844,18672800
2021-04-22,69.73259735107422,16769300
2021-04-23,69.82571411132812,10664700
2021-04-26,69.38797760009766,9402200
2021-04-27,70.05858612060547,9300200
2021-04-28,69.63945007324219,6107800
2021-04-29,70.66397857666016,7940400
2021-04-30,70.58946990966797,7825300
2021-05-03,72.02379608154297,15319600
2021-05-04,73.14144134521484,15316500
2021-05-05,73.75616455078125,12271900
2021-05-06,74.2684097290039,14089700
2021-05-07,74.88313293457031,14073400
2021-05-10,74.6502914428711,17356700
2021-05-11,72.35908508300781,12980400
2021-05-12,71.48357391357422,12302600
2021-05-13,72.77821350097656,11399300
2021-05-14,73.47674560546875,9033400
2021-05-17,73.65371704101562,6637900
2021-05-18,73.29045104980469,6643100
2021-05-19,73.33704376220703,8165000
2021-05-20,73.31842041015625,8802700
2021-05-21,73.60713195800781,8629000
2021-05-24,73.93313598632812,7044700
2021-05-25,73.42086791992188,7160600
2021-05-26,73.82135772705078,12851100
2021-05-27,73.56059265136719,12867800
2021-05-28,73.33704376220703,6929700
2021-06-01,74.1100845336914,10485300
2021-06-02,74.76205444335938,12249300
2021-06-03,75.52578735351562,12038700
2021-06-04,77.20226287841797,14502900
2021-06-07,78.18024444580078,10445600
2021-06-08,78.80426788330078,10726800
2021-06-09,78.72042846679688,9720300
2021-06-10,76.65277099609375,16680800
2021-06-11,77.21159362792969,11066500
2021-06-14,76.9508056640625,10173200
2021-06-15,76.03805541992188,17298000
2021-06-16,71.79093933105469,36560600
2021-06-17,72.23799896240234,14836100
2021-06-18,70.99927520751953,22521200
2021-06-21,72.63849639892578,8924300
2021-06-22,73.28116607666016,9845800
2021-06-23,72.74095916748047,7295900
2021-06-24,72.40564727783203,9624000
2021-06-25,73.07624816894531,12845000
2021-06-28,73.1135025024414,5605400
2021-06-29,72.74095916748047,5392900
2021-06-30,72.49879455566406,7899800
2021-07-01,74.0821304321289,13108000
2021-07-02,76.20570373535156,15258100
2021-07-06,77.37923431396484,14200400
2021-07-07,80.18268585205078,20976600
2021-07-08,79.71700286865234,16383300
2021-07-09,81.73810577392578,15685300
2021-07-12,81.10477447509766,16076800
2021-07-13,81.09545135498047,12789300
2021-07-14,82.5257339477539,13330500
2021-07-15,80.61869049072266,18306300
2021-07-16,81.78720092773438,14617500
2021-07-19,81.31047058105469,15619900
2021-07-20,82.88097381591797,12813900
2021-07-21,83.84381866455078,13108100
2021-07-22,84.77862548828125,13638900
2021-07-23,81.97417449951172,12680900
2021-07-26,82.13311004638672,10454100
2021-07-27,82.07701873779297,8465200
2021-07-28,81.49742889404297,6396800
2021-07-29,81.91809844970703,6201400
2021-07-30,81.46004486083984,7962800
2021-08-02,81.89004516601562,5579100
2021-08-03,83.89055633544922,9889800
2021-08-04,84.18035888671875,7509900
2021-08-05,83.60076141357422,8231300
2021-08-06,83.68489074707031,6513900
2021-08-09,84.0401382446289,5798700
2021-08-10,83.79707336425781,5473300
2021-08-11,83.78772735595703,8009800
2021-08-12,83.95598602294922,5687200
2021-08-13,84.48884582519531,6640400
2021-08-16,84.9001693725586,7122800
2021-08-17,85.02169036865234,6738500
2021-08-18,83.14269256591797,7666300
2021-08-19,82.92770385742188,8099400
2021-08-20,83.14269256591797,8716400
2021-08-23,83.31096649169922,7147300
2021-08-24,82.77813720703125,6320100
2021-08-25,82.84358215332031,5748500
2021-08-26,82.93704986572266,9093200
2021-08-27,83.52599334716797,5426800
2021-08-30,83.61945343017578,5357000
2021-08-31,83.32032775878906,8113300
2021-09-01,84.08687591552734,8208000
2021-09-02,83.94664764404297,7717400
2021-09-03,84.13361358642578,8456900
2021-09-07,82.93704986572266,11046000
2021-09-08,83.63815307617188,8851200
2021-09-09,83.70359802246094,11034700
2021-09-10,83.83445739746094,10547400
2021-09-13,83.09597778320312,18883400
2021-09-14,80.75891876220703,22714200
2021-09-15,82.0115737915039,14951100
2021-09-16,81.56285095214844,12410500
2021-09-17,80.75891876220703,58069000
2021-09-20,80.55325317382812,13897700
2021-09-21,81.25437927246094,11124400
2021-09-22,82.67530822753906,9908000
2021-09-23,83.59140014648438,9720200
2021-09-24,84.07752990722656,7617800
2021-09-27,85.1058120727539,11533000
2021-09-28,84.5916748046875,15041800
2021-09-29,85.30213928222656,12007300
2021-09-30,81.45068359375,15649900
2021-10-01,83.89055633544922,13320900
2021-10-04,83.44184112548828,10853900
2021-10-05,85.52649688720703,9788600
2021-10-06,85.38626861572266,10268300
2021-10-07,86.29302978515625,9124400
2021-10-08,88.54439544677734,13202300
2021-10-11,89.388671875,12959300
2021-10-12,89.6513442993164,9964100
2021-10-13,90.42992401123047,9453900
2021-10-14,89.37928771972656,7911200
2021-10-15,89.42621612548828,7422800
2021-10-18,90.53312683105469,7344100
2021-10-19,91.0490493774414,5616500
2021-10-20,90.65506744384766,6574100
2021-10-21,90.33613586425781,6224400
2021-10-22,92.16535186767578,6819600
2021-10-25,91.8276596069336,5083100
2021-10-26,90.9740219116211,7089700
2021-10-27,90.08285522460938,5941200
2021-10-28,90.2704849243164,5177200
2021-10-29,89.99842834472656,7578600
2021-11-01,88.53502655029297,7327600
2021-11-02,89.93276977539062,6229600
2021-11-03,90.19541931152344,5746400
2021-11-04,89.70761108398438,5857500
2021-11-05,89.0697250366211,6160200
2021-11-08,89.24797821044922,5056400
2021-11-09,88.7320327758789,6102600
2021-11-10,88.01909637451172,5828800
2021-11-11,88.21609497070312,3620600
2021-11-12,87.74706268310547,6435300
2021-11-15,88.19733428955078,5700900
2021-11-16,89.6888656616211,7392900
2021-11-17,89.42621612548828,6257600
2021-11-18,88.79769897460938,5725300
2021-11-19,88.15042114257812,8936600
2021-11-22,88.75078582763672,6488200
2021-11-23,87.1842041015625,8905500
2021-11-24,87.78459167480469,10908500
2021-11-26,86.61199951171875,4519300
2021-11-29,87.1842041015625,9552500
2021-11-30,85.12044525146484,23271200
2021-12-01,84.1917495727539,12084900
2021-12-02,84.41691589355469,7089800
2021-12-03,82.7752914428711,10808600
2021-12-06,83.43191528320312,8398500
2021-12-07,84.47318267822266,6803700
2021-12-08,83.43191528320312,7695800
2021-12-09,83.2724838256836,8615800
2021-12-10,96.27412414550781,45824600
2021-12-13,94.64188385009766,16317600
2021-12-14,93.70379638671875,9511600
2021-12-15,97.23094177246094,14452200
2021-12-16,96.82759094238281,9053200
2021-12-17,90.63629913330078,28872300
2021-12-20,85.9647216796875,17205400
2021-12-21,85.84276580810547,15823000
2021-12-22,84.29496765136719,10539000
2021-12-23,84.16363525390625,9655400
2021-12-27,83.9947738647461,7666200
2021-12-28,83.15989685058594,5610500
2021-12-29,82.74713897705078,5628500
2021-12-30,82.55953979492188,7382400
2021-12-31,81.80906677246094,5908200
2022-01-03,82.45632934570312,10644400
2022-01-04,83.3381118774414,11959000
2022-01-05,81.10552978515625,11236700
2022-01-06,81.29383850097656,7918400
2022-01-07,82.39545440673828,9836800
2022-01-10,84.06201934814453,11025500
2022-01-11,83.30876922607422,7249800
2022-01-12,83.14869689941406,5840300
2022-01-13,82.65909576416016,6044300
2022-01-14,82.56492614746094,6054800
2022-01-18,80.55000305175781,6824700
2022-01-19,78.50682830810547,10501800
2022-01-20,77.88541412353516,10836900
2022-01-21,77.41462707519531,11609000
2022-01-24,77.60293579101562,16770400
2022-01-25,76.33183288574219,13469900
2022-01-26,74.9383316040039,13971300
2022-01-27,75.11722564697266,10331900
2022-01-28,75.77632141113281,7854700
2022-01-31,76.41657257080078,10594200
2022-02-01,76.30358123779297,8016900
2022-02-02,77.67826843261719,9287600
2022-02-03,77.15098571777344,8207200
2022-02-04,77.3110580444336,5570200
2022-02-07,76.02112579345703,6292200
2022-02-08,76.06820678710938,6585300
2022-02-09,78.57272338867188,8755900
2022-02-10,77.06623840332031,6336300
2022-02-11,75.08898162841797,7670500
2022-02-14,74.33573150634766,5389800
2022-02-15,75.1078109741211,5712800
2022-02-16,74.56172180175781,6227000
2022-02-17,71.1156234741211,9247100
2022-02-18,70.21172332763672,7790100
2022-02-22,69.78803253173828,8039000
2022-02-23,68.23445892333984,6807100
2022-02-24,70.43769073486328,11240500
2022-02-25,71.88768768310547,8291800
2022-02-28,71.52989959716797,9234400
2022-03-01,71.56756591796875,8752100
2022-03-02,73.70490264892578,8527200
2022-03-03,73.67664337158203,8203000
2022-03-04,72.0195083618164,8841300
2022-03-07,69.97633361816406,11110100
2022-03-08,69.04419708251953,9134100
2022-03-09,71.65229797363281,8959500
2022-03-10,72.1701889038086,13812600
2022-03-11,73.27177429199219,22795800
2022-03-14,72.56563568115234,13306200
2022-03-15,75.88929748535156,16847200
2022-03-16,75.28670501708984,14071300
2022-03-17,75.88929748535156,10462400
2022-03-18,76.90618133544922,24176000
2022-03-21,76.228271484375,8131300
2022-03-22,77.01918029785156,9292300
2022-03-23,75.69158172607422,7451100
2022-03-24,77.43346405029297,7025700
2022-03-25,76.9532699584961,5682300
2022-03-28,78.71398162841797,6626700
2022-03-29,79.36365509033203,5762000
2022-03-30,78.48799133300781,5533100
2022-03-31,77.89481353759766,9433300
2022-04-01,77.21691131591797,6147500
2022-04-04,79.15650939941406,7882400
2022-04-05,78.09253692626953,5143400
2022-04-06,77.32047271728516,5492400
2022-04-07,77.07470703125,7112200
2022-04-08,76.5075454711914,6182500
2022-04-11,75.3921890258789,5738400
2022-04-12,74.98572540283203,6174700
2022-04-13,75.38273620605469,4728600
2022-04-14,75.09915924072266,5590400
2022-04-18,73.93651580810547,4955900
2022-04-19,75.2031478881836,5412400
2022-04-20,75.8931655883789,9472600
2022-04-21,75.12751770019531,5616100
2022-04-22,72.03658294677734,9357100
2022-04-25,72.7644271850586,7305900
2022-04-26,70.4296875,7555200
2022-04-27,70.66600799560547,7279200
2022-04-28,71.97042083740234,6177900
2022-04-29,69.3804702758789,7946900
2022-05-02,69.9476089477539,7379900
2022-05-03,69.2764892578125,5211500
2022-05-04,71.09135437011719,6759900
2022-05-05,68.8133316040039,7197200
2022-05-06,68.52030181884766,6222500
2022-05-09,67.6223373413086,7019700
2022-05-10,68.55811309814453,8129000
2022-05-11,67.14025115966797,6932100
2022-05-12,66.85667419433594,11698900
2022-05-13,67.27257537841797,6700100
2022-05-16,65.89254760742188,6942100
2022-05-17,67.9437026977539,5952500
2022-05-18,64.55976867675781,7977300
2022-05-19,63.36875534057617,9451600
2022-05-20,64.8716812133789,7531100
2022-05-23,66.2044677734375,7370200
2022-05-24,65.24977111816406,6644100
2022-05-25,66.0059814453125,7103300
2022-05-26,67.73575592041016,6758900
2022-05-27,68.79441833496094,6566700
2022-05-31,67.98152160644531,16890300
2022-06-01,67.67904663085938,5804700
2022-06-02,69.13469696044922,6200400
2022-06-03,67.85863494873047,8169500
2022-06-06,68.97401428222656,5274700
2022-06-07,68.70936584472656,5675700
2022-06-08,67.47109985351562,5253500
2022-06-09,65.42936706542969,6824900
2022-06-10,63.46327209472656,10256100
2022-06-13,60.54249954223633,16547200
2022-06-14,66.84723663330078,29661300
2022-06-15,65.88308715820312,11765500
2022-06-16,64.94729614257812,10686000
2022-06-17,64.01152801513672,16445600
2022-06-21,63.973697662353516,10047700
2022-06-22,62.88668441772461,8219900
2022-06-23,63.92644500732422,8775800
2022-06-24,66.82832336425781,20132600
2022-06-27,66.55422973632812,8840600
2022-06-28,64.82443237304688,7252100
2022-06-29,65.41992950439453,8077900
2022-06-30,66.04379272460938,9888600
2022-07-01,66.98902130126953,7805600
2022-07-05,68.04768371582031,9040400
2022-07-06,67.73575592041016,6043700
2022-07-07,67.89645385742188,7814500
2022-07-08,67.93425750732422,4927300
2022-07-11,67.9532470703125,4543300
2022-07-12,66.85187530517578,7140800
2022-07-13,66.49105834960938,6454800
2022-07-14,65.94035339355469,4915500
2022-07-15,67.1651840209961,5134100
2022-07-18,66.6619644165039,4642300
2022-07-19,68.5893783569336,7160300
2022-07-20,68.92169952392578,5655700
2022-07-21,70.77315521240234,7005100
2022-07-22,71.11498260498047,6659800
2022-07-25,71.07699584960938,5721600
2022-07-26,70.28893280029297,7284400
2022-07-27,72.03595733642578,6677200
2022-07-28,73.14682006835938,5688100
2022-07-29,73.90637969970703,5926600
2022-08-01,73.52661895751953,5227500
2022-08-02,72.49169158935547,6403400
2022-08-03,73.46013641357422,6127800
2022-08-04,73.48863983154297,3656200
2022-08-05,73.44115447998047,4858100
2022-08-08,72.60562896728516,4733500
2022-08-09,72.89044952392578,4243700
2022-08-10,73.6215591430664,5258500
2022-08-11,73.26078033447266,5554600
2022-08-12,75.15017700195312,6692300
2022-08-15,75.11221313476562,3733500
2022-08-16,75.50148010253906,6185100
2022-08-17,75.24515533447266,5185100
2022-08-18,75.31160736083984,4120500
2022-08-19,74.68495178222656,4679000
2022-08-22,72.59613800048828,5757700
2022-08-23,72.54866790771484,4432300
2022-08-24,72.32079315185547,3876400
2022-08-25,73.00440979003906,3523400
2022-08-26,70.8775863647461,4904100
2022-08-29,70.44084930419922,4295500
2022-08-30,70.39337158203125,5099100
2022-08-31,70.40287017822266,8612900
2022-09-01,71.49475860595703,8139800
2022-09-02,70.90608978271484,11027700
2022-09-06,70.09905242919922,7090100
2022-09-07,70.7256851196289,5792600
2022-09-08,70.8775863647461,6897100
2022-09-09,72.07393646240234,7762400
2022-09-12,73.18480682373047,15628900
2022-09-13,72.19737243652344,29476500
2022-09-14,68.47544860839844,21601400
2022-09-15,66.69044494628906,12478100
2022-09-16,65.35171508789062,23412000
2022-09-19,65.57958984375,8364000
2022-09-20,64.66809844970703,8624300
2022-09-21,63.37682342529297,6768200
2022-09-22,62.69319534301758,7190700
2022-09-23,61.288002014160156,9282500
2022-09-26,60.24358367919922,6897800
2022-09-27,59.26564025878906,9284800
2022-09-28,59.882789611816406,8549900
2022-09-29,58.297183990478516,8882100
2022-09-30,57.98386001586914,9794400
2022-10-03,59.89228439331055,9661400
2022-10-04,62.370384216308594,9892600
2022-10-05,63.272377014160156,9201600
2022-10-06,62.00009536743164,6992000
2022-10-07,60.091670989990234,7137900
2022-10-10,59.40805435180664,6407200
2022-10-11,59.56074905395508,7376900
2022-10-12,60.86820983886719,9008600
2022-10-13,62.22337341308594,10147100
2022-10-14,61.374000549316406,8044500
2022-10-17,63.96028518676758,11368300
2022-10-18,63.96983337402344,6688600
2022-10-19,63.27315139770508,5506000
2022-10-20,66.0884780883789,17600500
2022-10-21,69.3809814453125,15652600
2022-10-24,69.5909194946289,11489400
2022-10-25,69.80088806152344,9137700
2022-10-26,71.40418243408203,10693600
2022-10-27,71.71912384033203,7053000
2022-10-28,73.82823181152344,8758100
2022-10-31,74.50581359863281,12349000
2022-11-01,73.58964538574219,7753000
2022-11-02,71.69049835205078,7524300
2022-11-03,71.60462188720703,6761200
2022-11-04,72.53031921386719,7219000
2022-11-07,73.23651885986328,5394300
2022-11-08,72.18675994873047,9104200
2022-11-09,72.20582580566406,6013700
2022-11-10,73.64689636230469,10437300
2022-11-11,74.19087219238281,7712900
2022-11-14,74.9448013305664,7153000
2022-11-15,75.56513977050781,7618500
2022-11-16,76.24271392822266,6011900
2022-11-17,75.584228515625,5717300
2022-11-18,76.09002685546875,6107000
2022-11-21,76.17591857910156,5235400
2022-11-22,78.37090301513672,8796200
2022-11-23,78.79082489013672,6347900
2022-11-25,78.94351196289062,2754900
2022-11-28,77.67425537109375,5112200
2022-11-29,77.15889739990234,4928200
2022-11-30,79.23936462402344,9610300
2022-12-01,80.27007293701172,6127200
2022-12-02,79.54475402832031,4798900
2022-12-05,75.80372619628906,9102900
2022-12-06,75.30746459960938,7656100
2022-12-07,75.18340301513672,5105500
2022-12-08,76.41450500488281,5918700
2022-12-09,76.21409606933594,6850800
2022-12-12,77.56925964355469,15807600
2022-12-13,76.88212585449219,22812200
2022-12-14,78.08462524414062,11183100
2022-12-15,76.41450500488281,8196800
2022-12-16,75.94686889648438,19200700
2022-12-19,76.82485961914062,7738800
2022-12-20,77.24478149414062,6390200
2022-12-21,77.77922058105469,5932400
2022-12-22,76.81532287597656,8181400
2022-12-23,77.15889739990234,4129100
2022-12-27,77.28295135498047,4290700
2022-12-28,76.66263580322266,3794000
2022-12-29,77.68378448486328,3867800
2022-12-30,78.00826263427734,5375700
2023-01-03,79.89786529541016,8997500
2023-01-04,80.6231689453125,7836200
2023-01-05,80.46092987060547,7643800
2023-01-06,81.7492904663086,8641600
2023-01-09,82.78384399414062,7519700
2023-01-10,82.8604965209961,5703300
2023-01-11,84.87213897705078,8359700
2023-01-12,85.0445556640625,6071100
2023-01-13,85.44688415527344,5090800
2023-01-17,84.87213897705078,6550400
2023-01-18,83.06165313720703,6397700
2023-01-19,82.32405853271484,5597000
2023-01-20,83.57894134521484,5567300
2023-01-23,85.2265625,7390200
2023-01-24,85.92585754394531,7004600
2023-01-25,85.86837768554688,5896800
2023-01-26,86.05037689208984,7302800
2023-01-27,85.2457046508789,5676800
2023-01-30,83.67472076416016,6255300
2023-01-31,84.73802947998047,6200400
2023-02-01,86.26112365722656,6141300
2023-02-02,85.61931610107422,8269200
2023-02-03,85.8492202758789,5671800
2023-02-06,84.80509948730469,4097200
2023-02-07,84.04830932617188,9226000
2023-02-08,83.0425033569336,7624400
2023-02-09,83.0041732788086,4960300
2023-02-10,83.47357177734375,5318400
2023-02-13,85.65762329101562,5560900
2023-02-14,85.34150695800781,7484800
2023-02-15,84.623046875,4329900
2023-02-16,84.02915954589844,5942500
2023-02-17,83.607666015625,6398400
2023-02-21,82.57312774658203,5260300
2023-02-22,82.68807220458984,5840100
2023-02-23,84.85298156738281,8637100
2023-02-24,84.92961883544922,7659200
2023-02-27,84.25907135009766,6748800
2023-02-28,83.72264099121094,7468000
2023-03-01,82.70721435546875,5119800
2023-03-02,83.31072235107422,5293600
2023-03-03,85.49476623535156,5498500
2023-03-06,85.96417236328125,7424800
2023-03-07,84.64222717285156,5382400
2023-03-08,84.76676940917969,5159200
2023-03-09,83.21492004394531,10572300
2023-03-10,80.53273010253906,16029300
2023-03-13,81.3565444946289,10299800
2023-03-14,81.00211334228516,8732200
2023-03-15,79.48860168457031,11463000
2023-03-16,81.25118255615234,10148100
2023-03-17,81.67266082763672,13065800
2023-03-20,83.30113220214844,9177300
2023-03-21,83.89505004882812,6683700
2023-03-22,84.20159149169922,7233700
2023-03-23,84.08663177490234,10747100
2023-03-24,84.30695343017578,5852100
2023-03-27,86.34735107421875,8170100
2023-03-28,86.06954193115234,6378900
2023-03-29,86.80714416503906,5233600
2023-03-30,86.7017822265625,5640700
2023-03-31,89.01036834716797,10476300
2023-04-03,89.9682846069336,8410900
2023-04-04,90.04493713378906,6651500
2023-04-05,90.89747619628906,7478800
2023-04-06,91.88414764404297,9146200
2023-04-10,90.1911392211914,8681500
2023-04-11,90.39315795898438,8196000
2023-04-12,90.3258056640625,8040300
2023-04-13,91.91301727294922,6240200
2023-04-14,92.06690216064453,6485100
2023-04-17,91.95146179199219,4772400
2023-04-18,92.79798889160156,7219400
2023-04-19,92.16310119628906,4766200
2023-04-20,91.22040557861328,5815500
2023-04-21,91.52823638916016,7335800
2023-04-24,91.80719757080078,4901700
2023-04-25,90.47972106933594,5768800
2023-04-26,90.1430435180664,6395500
2023-04-27,91.42240905761719,5615700
2023-04-28,91.11458587646484,8498500
2023-05-01,91.2588882446289,5459800
2023-05-02,91.19154357910156,5995100
2023-05-03,91.17230987548828,6744800
2023-05-04,91.35508728027344,5038200
2023-05-05,93.27896118164062,8068600
2023-05-08,93.10579681396484,5314800
2023-05-09,92.48056030273438,6333500
2023-05-10,93.8080062866211,5935300
2023-05-11,93.7310562133789,5144500
2023-05-12,94.12545776367188,4994700
2023-05-15,93.55790710449219,4443700
2023-05-16,94.51023864746094,6896500
2023-05-17,95.97237396240234,9436000
2023-05-18,98.44453430175781,10005700
2023-05-19,98.9255142211914,8560300
2023-05-22,97.896240234375,5890500
2023-05-23,94.78919982910156,10047300
2023-05-24,94.57756805419922,6815900
2023-05-25,100.32032775878906,16729600
2023-05-26,100.11831665039062,13994100
2023-05-30,101.14759826660156,10296700
2023-05-31,101.90752410888672,13713500
2023-06-01,101.95562744140625,7835900
2023-06-02,101.85942840576172,8652400
2023-06-05,102.8598403930664,7442000
2023-06-06,103.02336120605469,7023000
2023-06-07,101.2437744140625,9842500
2023-06-08,103.38890838623047,9526700
2023-06-09,105.6686782836914,12597100
2023-06-12,111.99822235107422,39081500
2023-06-13,112.23872375488281,39190900
2023-06-14,117.61592102050781,26264200
2023-06-15,121.73302459716797,27476700
2023-06-16,120.68452453613281,19514700
2023-06-20,117.39469146728516,16273000
2023-06-21,117.45240783691406,17583000
2023-06-22,115.9902572631836,12203400
2023-06-23,114.12410736083984,19734300
2023-06-26,112.33490753173828,8987000
2023-06-27,113.35454559326172,6970400
2023-06-28,112.09442138671875,9240500
2023-06-29,113.29682922363281,9234300
2023-06-30,114.55697631835938,13703100
2023-07-03,112.6908187866211,4284700
2023-07-05,111.54611206054688,8466500
2023-07-06,111.0555191040039,7982800
2023-07-07,110.24749755859375,7001600
2023-07-10,110.02625274658203,6931000
2023-07-11,110.89503479003906,6117100
2023-07-12,111.99549865722656,11011600
2023-07-13,113.37588500976562,9359600
2023-07-14,115.13275146484375,7723800
2023-07-17,114.76594543457031,6735900
2023-07-18,116.58071899414062,8903600
2023-07-19,114.57286834716797,7609000
2023-07-20,111.8603515625,12913000
2023-07-21,113.5689468383789,9159600
2023-07-24,113.9743881225586,6200400
2023-07-25,113.85855102539062,6266300
2023-07-26,111.4935302734375,8160000
2023-07-27,112.36231231689453,7843000
2023-07-28,111.96654510498047,6910400
2023-07-31,113.16353607177734,6703100
2023-08-01,113.81993865966797,5246000
2023-08-02,111.69625091552734,6387800
2023-08-03,110.57649993896484,5193800
2023-08-04,110.4703140258789,5579300
2023-08-07,112.07271575927734,7347000
2023-08-08,111.23290252685547,4694800
2023-08-09,109.1767807006836,6542400
2023-08-10,109.07061004638672,6004100
2023-08-11,109.13816833496094,5288900
2023-08-14,111.56111145019531,6494200
2023-08-15,113.22144317626953,10412200
2023-08-16,111.33908081054688,5722000
2023-08-17,110.89503479003906,6183900
2023-08-18,112.42023468017578,9412800
2023-08-21,112.54573059082031,5811200
2023-08-22,112.49746704101562,4960300
2023-08-23,113.75236511230469,16517300
2023-08-24,108.99337005615234,11995900
2023-08-25,112.03411102294922,8758100
2023-08-28,112.78705596923828,4514800
2023-08-29,116.46489715576172,11920500
2023-08-30,116.91860961914062,5601800
2023-08-31,116.21391296386719,9109800
2023-09-01,116.73518371582031,6189900
2023-09-05,119.67939758300781,11089600
2023-09-06,120.01724243164062,8728500
2023-09-07,120.75086975097656,11864400
2023-09-08,121.9382095336914,10595500
2023-09-11,122.31468963623047,22155600
2023-09-12,105.8078384399414,68605700
2023-09-13,107.96050262451172,27171000
2023-09-14,109.71736907958984,19849700
2023-09-15,109.95869445800781,23215000
2023-09-18,108.31766510009766,11744100
2023-09-19,108.85823822021484,9536100
2023-09-20,108.95477294921875,8777100
2023-09-21,105.63407897949219,12645800
2023-09-22,105.24796295166016,11150000
2023-09-25,104.54329681396484,8410000
2023-09-26,101.24192810058594,13209000
2023-09-27,100.99095153808594,8916400
2023-09-28,102.46786499023438,7373600
2023-09-29,102.24584197998047,7299100
2023-10-02,103.00845336914062,5963500
2023-10-03,100.89441680908203,8783300
2023-10-04,103.3656005859375,8842700
2023-10-05,104.591552734375,7651500
2023-10-06,106.14569854736328,8247000
2023-10-09,106.49322509765625,6012400
2023-10-10,105.90438079833984,6910400
2023-10-11,106.22411346435547,5641700
2023-10-12,105.71061706542969,6598500
2023-10-13,104.87740325927734,5879400
2023-10-16,105.32306671142578,5488000
2023-10-17,105.64278411865234,5261800
2023-10-18,104.87740325927734,5123900
2023-10-19,104.96459197998047,7989200
2023-10-20,98.67680358886719,21831400
2023-10-23,100.430419921875,10722600
2023-10-24,99.98473358154297,6174000
2023-10-25,98.26988220214844,7081700
2023-10-26,97.27198028564453,7565600
2023-10-27,97.84359741210938,5207900
2023-10-30,98.4830322265625,5433700
2023-10-31,100.17850494384766,6258400
2023-11-01,102.4552993774414,8602400
2023-11-02,103.5404052734375,5918300
2023-11-03,104.68363952636719,7280000
2023-11-06,105.71061706542969,6062800
2023-11-07,105.59434509277344,7412600
2023-11-08,108.83028411865234,10994900
2023-11-09,108.6849594116211,6853900
2023-11-10,109.5472183227539,5233900
2023-11-13,110.59357452392578,5740500
2023-11-14,112.48282623291016,6733700
2023-11-15,110.50638580322266,7386200
2023-11-16,111.0973892211914,7476100
2023-11-17,111.76589965820312,4791300
2023-11-20,113.27727508544922,5728300
2023-11-21,112.46345520019531,5995300
2023-11-22,112.61844635009766,4343700
2023-11-24,112.6281509399414,2168200
2023-11-27,112.84130096435547,5165300
2023-11-28,112.61844635009766,4892600
2023-11-29,112.58940887451172,6127200
2023-11-30,112.58940887451172,11075600
2023-12-01,113.50980377197266,5739800
2023-12-04,112.17279052734375,5587500
2023-12-05,110.96173858642578,5913600
2023-12-06,108.53963470458984,7815700
2023-12-07,109.35348510742188,6772800
2023-12-08,110.07040405273438,7766000
2023-12-11,111.54305267333984,19544200
2023-12-12,97.66919708251953,57666500
2023-12-13,99.78126525878906,29392200
2023-12-14,97.18478393554688,22865200
2023-12-15,100.10099792480469,30212300
2023-12-18,101.7286605834961,13473100
2023-12-19,102.93971252441406,10108500
2023-12-20,100.90514373779297,9242000
2023-12-21,102.5618667602539,8168000
2023-12-22,102.89126586914062,5680000
2023-12-26,102.88158416748047,5767400
2023-12-27,102.6393814086914,5627400
2023-12-28,102.93971252441406,5689100
2023-12-29,102.14527130126953,6899700
2024-01-02,100.81793212890625,9597500
2024-01-03,99.2677993774414,9455600
2024-01-04,99.39373016357422,6822300
2024-01-05,99.52938079833984,6133800
2024-01-08,101.39925384521484,7038700
2024-01-09,100.40132141113281,6725200
2024-01-10,101.07244110107422,7270500
2024-01-11,101.89913177490234,6119000
2024-01-12,103.67900085449219,9703800
2024-01-16,103.64981079101562,7547200
2024-01-17,103.51366424560547,7771500
2024-01-18,105.72145080566406,10362300
2024-01-19,106.66487121582031,11163800
2024-01-22,107.08308410644531,7485300
2024-01-23,108.76567840576172,9185900
2024-01-24,111.17774200439453,11702700
2024-01-25,111.84882354736328,8877200
2024-01-26,111.49869537353516,5541800
2024-01-29,110.63306427001953,7014400
2024-01-30,111.03184509277344,8231900
2024-01-31,108.63924407958984,7386700
2024-02-01,112.36429595947266,7882200
2024-02-02,112.61717987060547,6499400
2024-02-05,113.20072937011719,8084500
2024-02-06,112.14061737060547,4637500
2024-02-07,114.0566177368164,7672900
2024-02-08,113.48279571533203,4472800
2024-02-09,113.44388580322266,5787100
2024-02-12,112.66580963134766,5439600
2024-02-13,110.56500244140625,8171700
2024-02-14,111.12908935546875,5946100
2024-02-15,109.68963623046875,8455600
2024-02-16,108.25994110107422,8936000
2024-02-20,105.4782943725586,10975600
2024-02-21,105.19625854492188,7865300
2024-02-22,107.9681625366211,8957800
2024-02-23,108.88240051269531,7504500
2024-02-26,107.92924499511719,6342900
2024-02-27,108.3280029296875,6593100
2024-02-28,108.61979675292969,5278300
2024-02-29,108.61979675292969,12193900
2024-03-01,110.66226196289062,7605100
2024-03-04,110.9345703125,6588100
2024-03-05,107.90007019042969,8242000
2024-03-06,109.1936264038086,6706400
2024-03-07,111.40142822265625,7670100
2024-03-08,109.33952331542969,8312900
2024-03-11,111.00265502929688,20438300
2024-03-12,124.04521179199219,48536100
2024-03-13,122.0805435180664,15870300
2024-03-14,122.09028625488281,10965900
2024-03-15,122.10000610351562,17844900
2024-03-18,124.298095703125,12231400
2024-03-19,125.65000915527344,10221000
2024-03-20,125.69862365722656,8373300
2024-03-21,125.47492980957031,17842400
2024-03-22,124.2883529663086,6660000
2024-03-25,122.6252212524414,7446100
2024-03-26,123.00453186035156,7063900
2024-03-27,121.83740997314453,8115900
2024-03-28,122.16809844970703,6587400
2024-04-01,122.04166412353516,4133600
2024-04-02,120.93289184570312,4862400
2024-04-03,122.78082275390625,7430000
2024-04-04,120.78701782226562,7588300
2024-04-05,121.47755432128906,4899500
2024-04-08,120.94261932373047,6119200
2024-04-09,120.24009704589844,5564100
2024-04-10,118.79600524902344,4509900
2024-04-11,120.24983978271484,7315200
2024-04-12,118.17153930664062,6196900
2024-04-15,116.97137451171875,5101500
2024-04-16,117.69341278076172,7000000
2024-04-17,115.79073333740234,5366600
2024-04-18,113.18550872802734,6662400
2024-04-19,112.09268188476562,8251500
2024-04-22,111.75119018554688,7125500
2024-04-23,112.29759216308594,5494800
2024-04-24,112.5415267944336,5791800
2024-04-25,112.10243225097656,6796600
2024-04-26,114.36615753173828,8355100
2024-04-29,113.66361999511719,4994100
2024-04-30,110.99010467529297,6234700
2024-05-01,111.84874725341797,5583600
2024-05-02,112.1707534790039,5001000
2024-05-03,112.99036407470703,4485000
2024-05-06,115.46873474121094,6052400
2024-05-07,115.06868743896484,6437700
2024-05-08,114.54179382324219,4636000
2024-05-09,113.80998229980469,3236200
2024-05-10,113.83924865722656,4122500
2024-05-13,113.54653930664062,4140000
2024-05-14,117.9373550415039,17811200
2024-05-15,118.67890930175781,6604600
2024-05-16,119.196044921875,5159300
2024-05-17,120.5035400390625,6179400
2024-05-20,121.49878692626953,5989000
2024-05-21,121.60611724853516,5549500
2024-05-22,121.57685852050781,5705000
2024-05-23,121.07923126220703,6108600
2024-05-24,119.9278564453125,7173400
2024-05-28,121.46952819824219,6911400
2024-05-29,120.73771667480469,4735100
2024-05-30,114.24906158447266,10839600
2024-05-31,114.34664154052734,12755600
2024-06-03,116.38591766357422,7256300
2024-06-04,117.1567611694336,7368000
2024-06-05,119.65464782714844,5973700
2024-06-06,120.5035400390625,7347200
2024-06-07,122.86481475830078,11545000
2024-06-10,121.4792709350586,10164700
2024-06-11,120.87431335449219,18373900
2024-06-12,136.97398376464844,40871300
2024-06-13,136.4568328857422,13733200
2024-06-14,134.778564453125,11330800
2024-06-17,137.88140869140625,11232800
2024-06-18,141.130615234375,11629400
2024-06-20,139.44259643554688,8940000
2024-06-21,138.06680297851562,14844100
2024-06-24,136.49588012695312,7793300
2024-06-25,135.79331970214844,8205500
2024-06-26,134.87612915039062,8036300
2024-06-27,136.77883911132812,7518200
2024-06-28,137.77407836914062,25814800
2024-07-01,139.61822509765625,6552400
2024-07-02,139.8036346435547,5920500
2024-07-03,140.87692260742188,3560800
2024-07-05,141.31600952148438,5365500
2024-07-08,141.5111541748047,8622600
2024-07-09,137.26669311523438,14334200
2024-07-10,138.62298583984375,6350300
2024-07-11,139.6895294189453,5245100
2024-07-12,141.65631103515625,7361800
2024-07-15,139.99288940429688,8687800
2024-07-16,139.54278564453125,7181500
2024-07-17,136.26480102539062,9157000
2024-07-18,135.06124877929688,5998700
2024-07-19,135.57986450195312,6111900
2024-07-22,137.15524291992188,5387200
2024-07-23,140.03201293945312,6697400
2024-07-24,135.78536987304688,8018800
2024-07-25,134.8557891845703,7654600
2024-07-26,136.02017211914062,5139400
2024-07-29,135.3352508544922,4054600
2024-07-30,132.7519989013672,6505700
2024-07-31,136.45074462890625,7188000
2024-08-01,134.55242919921875,5906800
2024-08-02,130.41342163085938,8251600
2024-08-05,125.10999298095703,10355000
2024-08-06,125.45248413085938,8373900
2024-08-07,123.19215393066406,8617700
2024-08-08,126.18634796142578,6243200
2024-08-09,129.2196807861328,5597300
2024-08-12,129.72848510742188,5600800
2024-08-13,131.37234497070312,4324000
2024-08-14,132.68353271484375,4044600
2024-08-15,133.9849090576172,4698100
2024-08-16,134.5133056640625,4893800
2024-08-19,134.95362854003906,3641600
2024-08-20,136.17672729492188,3738300
2024-08-21,137.18460083007812,3776800
2024-08-22,135.11019897460938,5162200
2024-08-23,136.19630432128906,4544600
2024-08-26,135.91253662109375,2729600
2024-08-27,135.50157165527344,3872200
2024-08-28,134.91448974609375,3022600
2024-08-29,136.42137145996094,4588400
2024-08-30,138.25112915039062,7980700
2024-09-03,136.4996337890625,6831200
2024-09-04,137.72274780273438,6243300
2024-09-05,139.54278564453125,8733200
2024-09-06,138.7599639892578,11154800
2024-09-09,136.8812713623047,20233400
2024-09-10,152.53712463378906,37374200
2024-09-11,153.79937744140625,12630100
2024-09-12,157.90902709960938,16161300
2024-09-13,158.54507446289062,25727800
2024-09-16,166.66656494140625,27384400
2024-09-17,163.86807250976562,12580100
2024-09-18,160.99131774902344,12274400
2024-09-19,163.98548889160156,10075900
2024-09-20,164.3866729736328,12187700
2024-09-23,162.3807373046875,7916100
2024-09-24,162.23397827148438,6155100
2024-09-25,162.70367431640625,7142400
2024-09-26,164.48452758789062,7096800
2024-09-27,165.11077880859375,8974400
2024-09-30,166.73504638671875,10210300
2024-10-01,163.56472778320312,7595100
2024-10-02,164.10292053222656,7073000
2024-10-03,163.2711639404297,4735700
2024-10-04,167.18515014648438,6386900
2024-10-07,166.31430053710938,6791000
2024-10-08,170.6196746826172,7845400
2024-10-09,174.45535278320312,8120900
2024-10-10,172.0232391357422,7115900
2024-10-11,172.37631225585938,5869400
2024-10-14,172.71949768066406,4688700
2024-10-15,170.7287139892578,5848600
2024-10-16,171.39559936523438,6383000
2024-10-17,172.2880096435547,5474000
2024-10-18,171.31712341308594,5001300
2024-10-21,170.4050750732422,4198400
2024-10-22,171.92518615722656,5510100
2024-10-23,169.75782775878906,4830400
2024-10-24,171.0131072998047,3488000
2024-10-25,170.1697235107422,3674700
2024-10-28,169.0909423828125,4330000
2024-10-29,170.08145141601562,4122900
2024-10-30,171.18963623046875,5822500
2024-10-31,164.59938049316406,9477500
2024-11-01,166.73731994628906,5680600
2024-11-04,166.31561279296875,4804400
2024-11-05,168.4633331298828,5456800
2024-11-06,177.74066162109375,11085000
2024-11-07,182.77162170410156,7759400
2024-11-08,185.59603881835938,8520400
2024-11-11,185.4783477783203,5973600
2024-11-12,185.91964721679688,6629900
2024-11-13,185.96868896484375,5695400
2024-11-14,183.43849182128906,7804300
2024-11-15,180.19239807128906,8986300
2024-11-18,182.14398193359375,6289400
2024-11-19,185.2527618408203,8117000
2024-11-20,187.0670623779297,4860200
2024-11-21,188.71461486816406,11394300
2024-11-22,188.57730102539062,6879400
2024-11-25,184.36036682128906,15138500
2024-11-26,186.6943817138672,6427200
2024-11-27,179.17250061035156,8368800
2024-11-29,181.27114868164062,4628000
2024-12-02,177.9073944091797,8859700
2024-12-03,179.3588104248047,8917100
2024-12-04,184.55650329589844,8906300
2024-12-05,182.64413452148438,6398100
2024-12-06,187.9888916015625,10503400
2024-12-09,186.77285766601562,20158000
2024-12-10,174.3082733154297,26502000
2024-12-11,175.1320343017578,13188700
2024-12-12,171.93496704101562,8154200
2024-12-13,170.04225158691406,8351100
2024-12-16,167.92393493652344,9572000
2024-12-17,166.43328857421875,8940200
2024-12-18,162.21632385253906,8817900
2024-12-19,165.5310516357422,8386400
2024-12-20,166.38426208496094,13810500
2024-12-23,165.87428283691406,6518200
2024-12-24,168.10047912597656,2451500
2024-12-26,168.36524963378906,4100100
2024-12-27,165.69776916503906,4344300
2024-12-30,163.68736267089844,5254800
2024-12-31,163.4225616455078,4307500
