date,close,volume
2014-01-02,62.139400482177734,2873093
2014-01-03,61.920902252197266,2972670
2014-01-06,62.10628890991211,3315863
2014-01-07,63.264976501464844,3852571
2014-01-08,62.761775970458984,3674503
2014-01-09,62.794864654541016,3266910
2014-01-10,62.139400482177734,3555513
2014-01-13,60.60992431640625,5376273
2014-01-14,61.1197395324707,4575072
2014-01-15,60.556922912597656,5104474
2014-01-16,60.7621955871582,3942336
2014-01-17,59.9676513671875,4104017
2014-01-21,59.570430755615234,5196848
2014-01-22,60.22590637207031,4096501
2014-01-23,59.20623016357422,4565365
2014-01-24,58.266014099121094,4941332
2014-01-27,57.66349792480469,3742558
2014-01-28,58.471282958984375,3093539
2014-01-29,58.14685821533203,4273943
2014-01-30,58.46466064453125,5764766
2014-01-31,57.9813346862793,6052326
2014-02-03,57.762821197509766,6500940
2014-02-04,57.69660949707031,6458459
2014-02-05,57.79591751098633,5835325
2014-02-06,58.58384704589844,5611331
2014-02-07,59.98090744018555,5158229
2014-02-10,60.047115325927734,4535722
2014-02-11,60.64963150024414,3937117
2014-02-12,61.04029083251953,3496331
2014-02-13,61.093231201171875,3870420
2014-02-14,63.40400695800781,9163817
2014-02-18,63.748348236083984,6052535
2014-02-19,62.86111068725586,5606217
2014-02-20,63.1656608581543,3995151
2014-02-21,63.1590461730957,3857895
2014-02-24,63.60929870605469,4829022
2014-02-25,63.443756103515625,3021623
2014-02-26,63.03326416015625,3914572
2014-02-27,63.251747131347656,2966303
2014-02-28,63.90725326538086,4173323
2014-03-03,63.596038818359375,3550086
2014-03-04,64.37071990966797,3452180
2014-03-05,64.12574005126953,3197290
2014-03-06,64.2191162109375,3116606
2014-03-07,64.79278564453125,3097401
2014-03-10,64.85285186767578,2502762
2014-03-11,64.31253051757812,2600251
2014-03-12,64.29915618896484,3178084
2014-03-13,63.91226577758789,2736672
2014-03-14,64.38591003417969,3080596
2014-03-17,64.60603332519531,2553594
2014-03-18,64.8795394897461,3019744
2014-03-19,63.46535873413086,4797709
2014-03-20,61.99110412597656,11349899
2014-03-21,62.751556396484375,11467532
2014-03-24,62.6181526184082,4577995
2014-03-25,63.13848876953125,4532069
2014-03-26,62.39801788330078,5498917
2014-03-27,63.13179397583008,4563382
2014-03-28,63.73882293701172,4450550
2014-03-31,63.565391540527344,4050784
2014-04-01,63.30521774291992,4604089
2014-04-02,64.05235290527344,6867723
2014-04-03,64.37922668457031,3724396
2014-04-04,63.07177734375,5862255
2014-04-07,62.43136978149414,4641769
2014-04-08,63.33859634399414,3443725
2014-04-09,64.01899719238281,3247600
2014-04-10,62.99836349487305,4330307
2014-04-11,62.25794219970703,5336088
2014-04-14,62.918304443359375,3071202
2014-04-15,63.30521774291992,4191485
2014-04-16,63.91226577758789,3976885
2014-04-17,64.43925476074219,4810965
2014-04-21,65.00628662109375,2848252
2014-04-22,64.65939331054688,3436627
2014-04-23,64.55265808105469,3117337
2014-04-24,64.7994613647461,2057906
2014-04-25,64.28582763671875,2560379
2014-04-28,64.49264526367188,4409947
2014-04-29,64.6193618774414,3415439
2014-04-30,63.87226867675781,2934154
2014-05-01,63.365257263183594,3276199
2014-05-02,62.99836349487305,3680557
2014-05-05,63.17183303833008,5898682
2014-05-06,63.925621032714844,4859709
2014-05-07,64.19244384765625,3534533
2014-05-08,63.49869918823242,2787086
2014-05-09,64.1124267578125,3852258
2014-05-12,64.3191909790039,3709679
2014-05-13,65.05297088623047,3720012
2014-05-14,64.9595718383789,2650770
2014-05-15,64.74610900878906,3673460
2014-05-16,63.83223342895508,4115081
2014-05-19,63.9990119934082,2764854
2014-05-20,63.67879104614258,3237997
2014-05-21,65.09965515136719,4194303
2014-05-22,64.85951232910156,2858272
2014-05-23,64.68608093261719,2693877
2014-05-27,65.00628662109375,3450614
2014-05-28,66.07361602783203,5959952
2014-05-29,66.5938949584961,5137771
2014-05-30,66.50050354003906,4501173
2014-06-02,66.54718780517578,3365755
2014-06-03,66.86741638183594,3140613
2014-06-04,66.8140640258789,3224010
2014-06-05,67.30770874023438,4854699
2014-06-06,67.4420394897461,3995568
2014-06-09,67.31441497802734,2524682
2014-06-10,67.17327880859375,2855976
2014-06-11,67.1128158569336,3165872
2014-06-12,68.02655792236328,5237764
2014-06-13,69.35684967041016,4535200
2014-06-16,69.43749237060547,4445226
2014-06-17,69.02764129638672,3498106
2014-06-18,69.37031555175781,2908164
2014-06-19,69.43749237060547,3295822
2014-06-20,69.87420654296875,7623520
2014-06-23,70.67371368408203,5215010
2014-06-24,68.16094207763672,5784702
2014-06-25,68.94705963134766,4941437
2014-06-26,68.96049499511719,2658180
2014-06-27,68.67155456542969,4403789
2014-06-30,68.95374298095703,4274778
2014-07-01,69.06798553466797,3459382
2014-07-02,68.69171905517578,5580331
2014-07-03,68.64468383789062,2520402
2014-07-07,68.25503540039062,3006592
2014-07-08,68.44985961914062,2660581
2014-07-09,68.49687957763672,2356634
2014-07-10,67.46220397949219,5036212
2014-07-11,67.50924682617188,3252505
2014-07-14,68.00640106201172,2726130
2014-07-15,66.86425018310547,3968743
2014-07-16,68.34906768798828,3237162
2014-07-17,67.15315246582031,2903676
2014-07-18,67.81156921386719,3536934
2014-07-21,67.57640838623047,2720389
2014-07-22,68.0400390625,2682083
2014-07-23,68.26171112060547,1767528
2014-07-24,67.77796936035156,2455584
2014-07-25,67.24720764160156,2703376
2014-07-28,67.06580352783203,2443789
2014-07-29,66.73656463623047,2355173
2014-07-30,65.91690063476562,4434476
2014-07-31,65.64816284179688,5682621
2014-08-01,65.76910400390625,5414684
2014-08-04,67.69063568115234,5348300
2014-08-05,66.58878326416016,4921501
2014-08-06,66.79033660888672,3035087
2014-08-07,66.037841796875,3405836
2014-08-08,67.0523910522461,3137377
2014-08-11,67.03221893310547,2579793
2014-08-12,67.05907440185547,3111283
2014-08-13,67.1800308227539,2561527
2014-08-14,67.16658782958984,3613338
2014-08-15,67.49578094482422,4465371
2014-08-18,67.58987426757812,3099697
2014-08-19,68.39611053466797,3300310
2014-08-20,68.35578918457031,2003107
2014-08-21,68.71189880371094,2782494
2014-08-22,68.82610321044922,3195202
2014-08-25,69.39047241210938,3327970
2014-08-26,69.30311584472656,2387425
2014-08-27,69.45763397216797,2331375
2014-08-28,69.88091278076172,2932589
2014-08-29,69.69279479980469,2594614
2014-09-02,68.7723617553711,2832386
2014-09-03,68.83280944824219,3109300
2014-09-04,68.77906799316406,3952356
2014-09-05,68.06688690185547,4972541
2014-09-08,66.68646240234375,5188603
2014-09-09,66.55113983154297,4337509
2014-09-10,66.6797103881836,3700911
2014-09-11,66.55113983154297,3282671
2014-09-12,65.90827941894531,3019744
2014-09-15,66.5105209350586,4571732
2014-09-16,66.69324493408203,3973336
2014-09-17,66.42930603027344,3845996
2014-09-18,66.226318359375,2459028
2014-09-19,66.1180419921875,4121239
2014-09-22,65.57671356201172,3595803
2014-09-23,65.27220916748047,3865932
2014-09-24,66.59172821044922,5890228
2014-09-25,65.48197174072266,5587742
2014-09-26,66.55113983154297,4649493
2014-09-29,65.7932357788086,5387337
2014-09-30,65.06243896484375,5304670
2014-10-01,63.803829193115234,6383516
2014-10-02,64.43313598632812,5847016
2014-10-03,64.93386840820312,5421469
2014-10-06,65.6917495727539,5206138
2014-10-07,64.19630432128906,5592335
2014-10-08,64.66321563720703,5650055
2014-10-09,62.61284637451172,5716439
2014-10-10,61.95647430419922,6272458
2014-10-13,59.479854583740234,6819709
2014-10-14,58.566341400146484,6905403
2014-10-15,57.68666458129883,9691759
2014-10-16,58.49192810058594,9163191
2014-10-17,59.79112243652344,9220808
2014-10-20,60.04826354980469,3957679
2014-10-21,61.62493896484375,4246074
2014-10-22,60.69786834716797,4441886
2014-10-23,61.584312438964844,4498146
2014-10-24,60.57607650756836,4920666
2014-10-27,58.51221466064453,10274915
2014-10-28,59.64224624633789,6061198
2014-10-29,60.122703552246094,4867955
2014-10-30,59.50014877319336,4672352
2014-10-31,60.17680740356445,5554237
2014-11-03,58.965572357177734,5602459
2014-11-04,57.734012603759766,6075289
2014-11-05,58.51221466064453,4434684
2014-11-06,58.46483612060547,8053450
2014-11-07,59.57460021972656,5673853
2014-11-10,59.50014877319336,4780800
2014-11-11,60.298641204833984,5478250
2014-11-12,59.94676208496094,5766123
2014-11-13,58.39042282104492,8276087
2014-11-14,58.64078140258789,5705062
2014-11-17,58.12650680541992,7427499
2014-11-18,58.64078140258789,5187037
2014-11-19,58.22123718261719,4545324
2014-11-20,58.78288269042969,3911858
2014-11-21,59.27685546875,7073972
2014-11-24,59.72346115112305,5882191
2014-11-25,58.437767028808594,7133781
2014-11-26,58.28212356567383,5888245
2014-11-28,53.978485107421875,9151501
2014-12-01,56.01993942260742,16735150
2014-12-02,56.89427185058594,12108084
2014-12-03,58.59355545043945,9088551
2014-12-04,58.19868469238281,6859361
2014-12-05,57.451271057128906,7176801
2014-12-08,54.14336013793945,9385856
2014-12-09,55.09662628173828,7600321
2014-12-10,53.45330047607422,7780627
2014-12-11,53.4106330871582,6044576
2014-12-12,52.7988395690918,7172493
2014-12-15,52.044769287109375,6574577
2014-12-16,52.93402099609375,8898828
2014-12-17,55.345611572265625,8778223
2014-12-18,56.32019805908203,8075829
2014-12-19,57.991943359375,10516979
2014-12-22,57.472633361816406,7224181
2014-12-23,58.973628997802734,7775719
2014-12-24,58.504154205322266,3099970
2014-12-26,58.368988037109375,2674046
2014-12-29,58.127098083496094,4200040
2014-12-30,57.90654373168945,4142242
2014-12-31,57.34457015991211,3561855
2015-01-02,57.3730354309082,3640789
2015-01-05,55.24601364135742,6115096
2015-01-06,54.776493072509766,6048382
2015-01-07,54.78359603881836,5484624
2015-01-08,55.267356872558594,6746168
2015-01-09,55.16064453125,5212662
2015-01-12,53.318153381347656,7139938
2015-01-13,53.33236312866211,7096564
2015-01-14,53.69518280029297,7121907
2015-01-15,54.05799102783203,7283883
2015-01-16,55.530574798583984,6575278
2015-01-20,55.49498748779297,5620355
2015-01-21,56.369998931884766,4499349
2015-01-22,56.099674224853516,5230492
2015-01-23,56.092559814453125,4878393
2015-01-26,57.13827896118164,3877993
2015-01-27,56.490928649902344,4475609
2015-01-28,54.42080307006836,6185315
2015-01-29,55.70841979980469,6308324
2015-01-30,56.9106330871582,9233797
2015-02-02,57.02446365356445,7977662
2015-02-03,58.44012451171875,7148953
2015-02-04,57.51530075073242,6883001
2015-02-05,58.41876220703125,5255935
2015-02-06,58.15555953979492,4689572
2015-02-09,57.806976318359375,6593709
2015-02-10,57.842567443847656,5640389
2015-02-11,56.89642333984375,4836021
2015-02-12,58.361854553222656,6020735
2015-02-13,59.123050689697266,4530702
2015-02-17,58.710426330566406,4498447
2015-02-18,57.88524627685547,5200040
2015-02-19,57.34457015991211,4529200
2015-02-20,56.98179626464844,3789542
2015-02-23,56.76837158203125,3167685
2015-02-24,56.7327880859375,2715516
2015-02-25,57.060035705566406,2897325
2015-02-26,55.71552276611328,4704397
2015-02-27,55.40251159667969,5132525
2015-03-02,55.30291748046875,4463688
2015-03-03,55.49498748779297,4282580
2015-03-04,55.72263717651367,3222278
2015-03-05,55.125064849853516,3620755
2015-03-06,53.68894958496094,5094060
2015-03-09,53.710487365722656,3405690
2015-03-10,53.00680160522461,4206551
2015-03-11,53.32277297973633,3463688
2015-03-12,53.552528381347656,4276069
2015-03-13,52.30310821533203,6210257
2015-03-16,52.49699401855469,5451868
2015-03-17,51.95843505859375,3948212
2015-03-18,53.14323425292969,4188621
2015-03-19,51.606597900390625,5475709
2015-03-20,52.216949462890625,13430332
2015-03-23,52.317474365234375,3773916
2015-03-24,52.023048400878906,2866774
2015-03-25,52.93497848510742,4791546
2015-03-26,52.94219970703125,4960934
2015-03-27,52.216949462890625,3605129
2015-03-30,53.12167739868164,3913653
2015-03-31,52.41799545288086,4901232
2015-04-01,53.30839538574219,4435641
2015-04-02,53.53098678588867,5286587
2015-04-06,54.93836975097656,7009416
2015-04-07,55.153770446777344,4489733
2015-04-08,55.00301742553711,5098367
2015-04-09,55.886199951171875,4107883
2015-04-10,56.331398010253906,3343885
2015-04-13,55.82158660888672,2659521
2015-04-14,56.941749572753906,4581188
2015-04-15,58.52864456176758,6778023
2015-04-16,58.42813491821289,5520184
2015-04-17,57.824954986572266,6590504
2015-04-20,57.7100715637207,3887709
2015-04-21,57.04944610595703,2987379
2015-04-22,57.14998245239258,3472103
2015-04-23,57.473106384277344,3431233
2015-04-24,57.27925109863281,3437844
2015-04-27,57.03510284423828,4679054
2015-04-28,57.22895812988281,2752279
2015-04-29,57.523372650146484,3936392
2015-04-30,57.51620864868164,3861765
2015-05-01,57.803401947021484,3357408
2015-05-04,57.4659309387207,2783131
2015-05-05,56.453453063964844,4884904
2015-05-06,57.027931213378906,6812581
2015-05-07,55.72825622558594,6714715
2015-05-08,55.93647384643555,6223680
2015-05-11,55.06044387817383,4994090
2015-05-12,55.06044387817383,4107883
2015-05-13,54.694244384765625,3530802
2015-05-14,54.7804069519043,2461685
2015-05-15,55.17534255981445,2729340
2015-05-18,55.46253967285156,3214565
2015-05-19,54.45728302001953,5179605
2015-05-20,55.01736068725586,3633777
2015-05-21,55.25432586669922,3464890
2015-05-22,55.29738998413086,3747270
2015-05-26,55.08917999267578,5209456
2015-05-27,55.16099166870117,4097265
2015-05-28,55.81441116333008,4795953
2015-05-29,56.14470672607422,6059401
2015-06-01,56.6473388671875,5075128
2015-06-02,57.04228210449219,5447661
2015-06-03,56.273963928222656,4178103
2015-06-04,55.505638122558594,4757287
2015-06-05,56.79096221923828,5378744
2015-06-08,55.98630142211914,4823700
2015-06-09,56.16751480102539,4073826
2015-06-10,57.14616775512695,4651508
2015-06-11,57.189659118652344,3361314
2015-06-12,56.385005950927734,3677552
2015-06-15,56.14578628540039,3042272
2015-06-16,56.91419219970703,3753681
2015-06-17,57.12440872192383,4170891
2015-06-18,57.341880798339844,4342482
2015-06-19,56.52272033691406,5631774
2015-06-22,57.11716842651367,3594811
2015-06-23,57.55937194824219,4648502
2015-06-24,57.50138854980469,3866273
2015-06-25,56.92868423461914,4251628
2015-06-26,57.42163848876953,5971752
2015-06-29,56.0877571105957,4901933
2015-06-30,56.377750396728516,4082140
2015-07-01,55.058380126953125,4249925
2015-07-02,54.898895263671875,3012521
2015-07-06,53.572265625,4224582
2015-07-07,53.78974914550781,4825604
2015-07-08,52.58635330200195,3452469
2015-07-09,53.0068244934082,3560553
2015-07-10,53.144569396972656,3377341
2015-07-13,53.24604415893555,3112992
2015-07-14,53.84773254394531,3370931
2015-07-15,52.98507308959961,4163278
2015-07-16,52.55736541748047,4427427
2015-07-17,52.136905670166016,4112191
2015-07-20,50.933528900146484,5410698
2015-07-21,50.9045295715332,4015827
2015-07-22,50.360836029052734,4968847
2015-07-23,50.52033233642578,3714314
2015-07-24,49.59966278076172,4844035
2015-07-27,49.12120056152344,6075929
2015-07-28,50.46957778930664,5116598
2015-07-29,51.36848831176758,5601222
2015-07-30,51.75994873046875,4952018
2015-07-31,50.89002990722656,4925473
2015-08-03,50.31008529663086,4005710
2015-08-04,50.04186248779297,3655915
2015-08-05,49.77362823486328,3945307
2015-08-06,50.324588775634766,5523490
2015-08-07,49.86063003540039,3212161
2015-08-10,51.67293167114258,4485726
2015-08-11,51.81795120239258,5113092
2015-08-12,53.44905471801758,7950115
2015-08-13,52.86909866333008,7370229
2015-08-14,53.20979690551758,3210157
2015-08-17,53.45627212524414,4892117
2015-08-18,53.49252700805664,3791345
2015-08-19,52.31090545654297,5710508
2015-08-20,51.08576965332031,4272864
2015-08-21,50.20859909057617,6101873
2015-08-24,47.64959716796875,10508965
2015-08-25,47.664100646972656,8439848
2015-08-26,48.67900085449219,8003806
2015-08-27,51.1510124206543,8189522
2015-08-28,52.07890701293945,6665031
2015-08-31,52.927085876464844,7350997
2015-09-01,50.752281188964844,7106581
2015-09-02,51.52797317504883,5675949
2015-09-03,51.36848831176758,4748573
2015-09-04,50.49131393432617,4587799
2015-09-08,50.9310188293457,5330862
2015-09-09,49.567970275878906,4232996
2015-09-10,49.6412467956543,4481719
2015-09-11,49.02567672729492,5647000
2015-09-14,48.50537872314453,3885105
2015-09-15,48.915767669677734,4769208
2015-09-16,50.117584228515625,5143644
2015-09-17,50.0809440612793,5811680
2015-09-18,48.981712341308594,6148953
2015-09-21,48.952392578125,3430732
2015-09-22,48.19027328491211,6204548
2015-09-23,47.50143051147461,3915657
2015-09-24,47.69194030761719,4376740
2015-09-25,48.45408248901367,5663127
2015-09-28,46.636688232421875,4819393
2015-09-29,47.24492645263672,4065411
2015-09-30,48.4760627746582,5177402
2015-10-01,48.34416198730469,5170289
2015-10-02,50.41070556640625,4848042
2015-10-05,51.773746490478516,4636883
2015-10-06,52.462608337402344,6602925
2015-10-07,52.68244552612305,7662025
2015-10-08,54.28001403808594,6145848
2015-10-09,53.935569763183594,5825503
2015-10-12,53.52519607543945,3298908
2015-10-13,53.28337478637695,3060002
2015-10-14,54.155426025390625,4271161
2015-10-15,54.75632858276367,5451868
2015-10-16,54.397239685058594,5200441
2015-10-19,53.28337478637695,4929280
2015-10-20,53.1880989074707,4472303
2015-10-21,52.77039337158203,3647501
2015-10-22,54.47785186767578,4268957
2015-10-23,54.01618576049805,4033357
2015-10-26,52.51389694213867,3864670
2015-10-27,51.44397735595703,4492537
2015-10-28,54.08948516845703,7546128
2015-10-29,54.323974609375,4835320
2015-10-30,54.62442398071289,4692077
2015-11-02,55.386539459228516,4642592
2015-11-03,56.134033203125,5252129
2015-11-04,55.51846694946289,4422719
2015-11-05,55.4818115234375,3960032
2015-11-06,55.0348014831543,3658720
2015-11-09,55.11541748046875,4103276
2015-11-10,55.88487243652344,4070820
2015-11-11,55.41588592529297,5110788
2015-11-12,53.59849166870117,3873685
2015-11-13,53.869625091552734,3697185
2015-11-16,54.93952941894531,4430532
2015-11-17,54.41191482543945,3354603
2015-11-18,55.52578353881836,3608434
2015-11-19,55.18136978149414,3761795
2015-11-20,54.29465103149414,3246419
2015-11-23,54.30198669433594,2496344
2015-11-24,55.621070861816406,4281879
2015-11-25,55.23999786376953,2954423
2015-11-27,55.10075378417969,1417710
2015-11-30,55.393882751464844,5475508
2015-12-01,56.199981689453125,4668637
2015-12-02,55.188697814941406,6633677
2015-12-03,53.07817840576172,6973956
2015-12-04,52.55786895751953,8924772
2015-12-07,50.799095153808594,7652509
2015-12-08,49.858245849609375,7682160
2015-12-09,50.33979415893555,4981869
2015-12-10,50.68798828125,5012321
2015-12-11,48.917381286621094,6369128
2015-12-14,49.37670135498047,6626665
2015-12-15,50.70280075073242,5339677
2015-12-16,51.02135467529297,5573174
2015-12-17,49.206298828125,5757989
2015-12-18,48.86552429199219,7039367
2015-12-21,48.9988899230957,4542122
2015-12-22,49.62118911743164,5765101
2015-12-23,51.273250579833984,5657518
2015-12-24,51.26583480834961,2210157
2015-12-28,50.36943054199219,3526295
2015-12-29,50.5175895690918,3509366
2015-12-30,49.65081024169922,3142442
2015-12-31,50.087913513183594,4625864
2016-01-04,49.93973159790039,4785736
2016-01-05,50.76947021484375,4475609
2016-01-06,48.480281829833984,6751978
2016-01-07,47.60609817504883,6573775
2016-01-08,46.79859161376953,6213563
2016-01-11,45.353965759277344,9141741
2016-01-12,45.16875457763672,8010518
2016-01-13,44.74646759033203,7849745
2016-01-14,47.413475036621094,9598618
2016-01-15,46.51707077026367,7427026
2016-01-19,45.53175735473633,7865371
2016-01-20,44.168636322021484,9801863
2016-01-21,45.07985305786133,7213763
2016-01-22,47.265323638916016,7603025
2016-01-25,45.776241302490234,5632275
2016-01-26,46.84304428100586,5590404
2016-01-27,47.53202438354492,6222979
2016-01-28,48.79884719848633,7611439
2016-01-29,50.99171829223633,10032355
2016-02-01,49.31001663208008,6064309
2016-02-02,48.509910583496094,5772914
2016-02-03,50.473140716552734,6430532
2016-02-04,49.62118911743164,9283081
2016-02-05,48.50251770019531,6403686
2016-02-08,49.03592300415039,6607232
2016-02-09,48.31730651855469,4978964
2016-02-10,48.643272399902344,7309426
2016-02-11,49.04331970214844,6049584
2016-02-12,49.68044662475586,5033457
2016-02-16,50.384246826171875,6307322
2016-02-17,52.32522964477539,6550937
2016-02-18,52.073341369628906,4886607
2016-02-19,52.051109313964844,5556446
2016-02-22,53.10310363769531,4673044
2016-02-23,51.11765670776367,4221877
2016-02-24,51.465858459472656,3453271
2016-02-25,51.68708038330078,2522900
2016-02-26,51.798404693603516,3347800
2016-02-29,51.071144104003906,4651000
2016-03-01,52.280738830566406,4472100
2016-03-02,53.141597747802734,4522400
2016-03-03,52.31044006347656,6663200
2016-03-04,51.739013671875,5744800
2016-03-07,52.20655822753906,6939600
2016-03-08,49.806243896484375,7144900
2016-03-09,51.328941345214844,5721100
2016-03-10,51.33644104003906,4637700
2016-03-11,52.46906661987305,3925300
2016-03-14,51.79399871826172,2938200
2016-03-15,51.25391387939453,4180000
2016-03-16,52.071533203125,3601500
2016-03-17,53.00164794921875,4337100
2016-03-18,53.48170852661133,5978200
2016-03-21,53.00914764404297,2327000
2016-03-22,52.21405792236328,3321000
2016-03-23,51.22391891479492,4478900
2016-03-24,51.388946533203125,5142200
2016-03-28,51.02889633178711,2499600
2016-03-29,50.953880310058594,3324700
2016-03-30,51.456443786621094,3037600
2016-03-31,51.328941345214844,3304700
2016-04-01,51.156410217285156,2629500
2016-04-04,51.1489143371582,3233700
2016-04-05,50.57134246826172,4191400
2016-04-06,52.59659957885742,4120800
2016-04-07,52.04152297973633,2558800
2016-04-08,52.956634521484375,3212700
2016-04-11,53.09914779663086,3170900
2016-04-12,54.34431838989258,4211000
2016-04-13,54.186798095703125,3753200
2016-04-14,55.74699783325195,6062700
2016-04-15,54.11928939819336,4782300
2016-04-18,54.981903076171875,3763100
2016-04-19,56.15205001831055,4027200
2016-04-20,56.30955123901367,4187200
2016-04-21,55.972023010253906,3228800
2016-04-22,56.89461898803711,2851900
2016-04-25,56.332054138183594,3065200
2016-04-26,57.367191314697266,3223500
2016-04-27,58.14728546142578,3678600
2016-04-28,57.179656982421875,3683300
2016-04-29,57.49471664428711,4495300
2016-05-02,57.254669189453125,3354900
2016-05-03,56.684608459472656,4191900
2016-05-04,55.476959228515625,6165400
2016-05-05,57.1121711730957,6338800
2016-05-06,57.05215072631836,5258000
2016-05-09,56.66209030151367,3936400
2016-05-10,57.3146858215332,4696300
2016-05-11,57.23966979980469,4523400
2016-05-12,57.367191314697266,3639500
2016-05-13,56.51209259033203,3689900
2016-05-16,57.404701232910156,4468400
2016-05-17,57.26215744018555,5319300
2016-05-18,56.114524841308594,6095500
2016-05-19,56.13703155517578,3963800
2016-05-20,56.22703170776367,3411300
2016-05-23,56.159549713134766,3334500
2016-05-24,57.097164154052734,3619900
2016-05-25,57.134681701660156,3399500
2016-05-26,57.08965301513672,2286800
2016-05-27,57.119667053222656,2203100
2016-05-31,56.58710861206055,4584800
2016-06-01,56.58710861206055,3041900
2016-06-02,56.414573669433594,2244600
2016-06-03,56.12953567504883,2562000
2016-06-06,56.564605712890625,3296100
2016-06-07,57.659732818603516,4531800
2016-06-08,57.1446418762207,4143400
2016-06-09,57.26582717895508,3846600
2016-06-10,57.15220260620117,4066300
2016-06-13,57.00071716308594,5074600
2016-06-14,56.90224838256836,3880300
2016-06-15,56.69771957397461,3104700
2016-06-16,56.394744873046875,3378000
2016-06-17,56.77345275878906,4062600
2016-06-20,57.64459228515625,3698000
2016-06-21,58.447505950927734,3164000
2016-06-22,58.40206527709961,3564000
2016-06-23,59.3186149597168,4104000
2016-06-24,57.015865325927734,5601400
2016-06-27,55.387264251708984,5173100
2016-06-28,56.03114700317383,4449100
2016-06-29,56.879520416259766,4330800
2016-06-30,57.23554229736328,3779300
2016-07-01,57.3188591003418,3944600
2016-07-05,56.97800827026367,3599000
2016-07-06,57.15220260620117,3358300
2016-07-07,57.15220260620117,4564200
2016-07-08,57.66730499267578,3804200
2016-07-11,57.7203254699707,3204200
2016-07-12,58.606605529785156,4347500
2016-07-13,58.19755554199219,3659400
2016-07-14,58.48537063598633,4158200
2016-07-15,58.5687141418457,3886400
2016-07-18,58.15208435058594,2779400
2016-07-19,57.84909439086914,2262500
2016-07-20,57.83393859863281,1825800
2016-07-21,57.364288330078125,1980400
2016-07-22,57.09918212890625,2411400
2016-07-25,56.440189361572266,4181800
2016-07-26,56.5765266418457,2734400
2016-07-27,56.17507553100586,2975100
2016-07-28,55.985687255859375,3570000
2016-07-29,56.60681915283203,3210700
2016-08-01,55.7432975769043,4132400
2016-08-02,55.387264251708984,5563900
2016-08-03,56.34170150756836,4697100
2016-08-04,56.24321746826172,3745600
2016-08-05,55.81147003173828,3842600
2016-08-08,56.32655334472656,3378000
2016-08-09,55.81147003173828,3353200
2016-08-10,55.500892639160156,2659800
2016-08-11,56.24321746826172,2729400
2016-08-12,56.40229797363281,2151400
2016-08-15,56.84921646118164,4851600
2016-08-16,57.57639694213867,4289400
2016-08-17,58.03089141845703,3983000
2016-08-18,58.68990707397461,4390500
2016-08-19,57.97787094116211,2992200
2016-08-22,57.84154510498047,2521900
2016-08-23,58.24300003051758,2432900
2016-08-24,58.871707916259766,5358000
2016-08-25,58.5989990234375,3228100
2016-08-26,58.45509719848633,3517400
2016-08-29,59.045921325683594,3335300
2016-08-30,58.962589263916016,2309600
2016-08-31,58.21268844604492,3376600
2016-09-01,58.20512008666992,3261000
2016-09-02,58.7126350402832,3458300
2016-09-06,59.08379364013672,3978800
2016-09-07,58.999664306640625,3881700
2016-09-08,59.473915100097656,5019200
2016-09-09,58.21940231323242,4496700
2016-09-12,58.02053451538086,4638200
2016-09-13,56.230594635009766,5846500
2016-09-14,54.92254638671875,5624200
2016-09-15,55.28207015991211,5324800
2016-09-16,54.333534240722656,5411300
2016-09-19,54.17290496826172,4220500
2016-09-20,53.92812728881836,4337600
2016-09-21,54.92254638671875,4294500
2016-09-22,54.62421417236328,5204000
2016-09-23,53.23966598510742,5802100
2016-09-26,53.02548599243164,4688300
2016-09-27,52.513004302978516,4862200
2016-09-28,54.999019622802734,8044800
2016-09-29,55.1826171875,6467700
2016-09-30,55.77927017211914,5110500
2016-10-03,55.7027702331543,3002200
2016-10-04,55.572750091552734,4532700
2016-10-05,55.488590240478516,4196900
2016-10-06,56.253543853759766,5269400
2016-10-07,56.253543853759766,3117600
2016-10-10,57.194393157958984,3766400
2016-10-11,56.368289947509766,3694800
2016-10-12,56.60540771484375,4128900
2016-10-13,56.52887725830078,4574000
2016-10-14,56.00875473022461,4494200
2016-10-17,55.43505859375,5608500
2016-10-18,55.51153564453125,3814000
2016-10-19,56.99551010131836,5840000
2016-10-20,56.681907653808594,4088600
2016-10-21,57.07201385498047,4983800
2016-10-24,57.39328384399414,6117200
2016-10-25,56.934326171875,4943800
2016-10-26,56.903717041015625,3678000
2016-10-27,56.44475173950195,4124700
2016-10-28,56.3223762512207,5823000
2016-10-31,55.771610260009766,4722100
2016-11-01,52.78070068359375,13046300
2016-11-02,51.85513687133789,5810300
2016-11-03,51.59505081176758,7863000
2016-11-04,50.93720626831055,7713900
2016-11-07,51.44207763671875,5855500
2016-11-08,51.16668701171875,4283000
2016-11-09,51.174339294433594,8582900
2016-11-10,50.2717170715332,9215400
2016-11-11,49.68271255493164,7290200
2016-11-14,50.30997085571289,8700300
2016-11-15,52.390602111816406,7442800
2016-11-16,52.72716522216797,7106400
2016-11-17,51.87042999267578,6668000
2016-11-18,52.18405532836914,5490200
2016-11-21,52.95664596557617,4330900
2016-11-22,53.002532958984375,5663100
2016-11-23,53.43088912963867,3954500
2016-11-25,53.35441589355469,1319200
2016-11-28,52.3140983581543,3836700
2016-11-29,51.686851501464844,3975300
2016-11-30,54.58597183227539,9434900
2016-12-01,54.51711654663086,5690800
2016-12-02,54.19582748413086,4153300
2016-12-05,54.29528045654297,4933400
2016-12-06,53.85928726196289,4643800
2016-12-07,53.0782585144043,8381800
2016-12-08,53.604095458984375,6258100
2016-12-09,54.57844924926758,4563500
2016-12-12,55.20479202270508,5439500
2016-12-13,55.9471321105957,4355500
2016-12-14,54.872283935546875,3741200
2016-12-15,55.13521194458008,4855300
2016-12-16,56.79004669189453,9264700
2016-12-19,56.03996276855469,3490900
2016-12-20,55.9703369140625,2953100
2016-12-21,55.80021286010742,2450400
2016-12-22,55.95488739013672,3700600
2016-12-23,55.76156997680664,2344200
2016-12-27,55.9471321105957,2200500
2016-12-28,55.575965881347656,2373400
2016-12-29,55.36716842651367,1939700
2016-12-30,55.0810661315918,2641600
2017-01-03,55.88528060913086,4393600
2017-01-04,55.27436447143555,4151400
2017-01-05,54.60936737060547,4769900
2017-01-06,54.96506118774414,3935600
2017-01-09,54.50111389160156,5543700
2017-01-10,53.627281188964844,3993200
2017-01-11,53.627281188964844,6423200
2017-01-12,53.37983322143555,5343000
2017-01-13,53.41850662231445,3739700
2017-01-17,53.921146392822266,3776400
2017-01-18,53.604095458984375,3659300
2017-01-19,53.147850036621094,3901100
2017-01-20,53.039581298828125,4239100
2017-01-23,52.575626373291016,3129400
2017-01-24,52.48281478881836,4946800
2017-01-25,52.683876037597656,6147400
2017-01-26,53.00865936279297,3698700
2017-01-27,53.3179817199707,3836500
2017-01-30,52.490570068359375,4551000
2017-01-31,52.40549850463867,5538400
2017-02-01,52.28175735473633,3975700
2017-02-02,52.96998596191406,4889000
2017-02-03,53.49583435058594,4069400
2017-02-06,52.73027420043945,3799300
2017-02-07,51.67087936401367,4857200
2017-02-08,51.63222122192383,5676700
2017-02-09,52.73027420043945,6777800
2017-02-10,52.94681167602539,7394500
2017-02-13,52.111656188964844,6124000
2017-02-14,51.93378448486328,8697000
2017-02-15,51.972450256347656,4673900
2017-02-16,51.37702178955078,4905200
2017-02-17,51.24556350708008,5259200
2017-02-21,51.79460144042969,4796100
2017-02-22,50.96720504760742,5177700
2017-02-23,50.456825256347656,6441500
2017-02-24,50.178436279296875,5286600
2017-02-27,50.6269416809082,5015700
2017-02-28,50.68880844116211,5309400
2017-03-01,51.22238540649414,5277000
2017-03-02,50.650146484375,5647000
2017-03-03,50.155242919921875,5070100
2017-03-06,50.054718017578125,5100800
2017-03-07,50.03151321411133,5391600
2017-03-08,48.56045913696289,7226000
2017-03-09,48.904754638671875,8182500
2017-03-10,48.98299026489258,6070000
2017-03-13,49.202083587646484,6118100
2017-03-14,49.32728576660156,5747000
2017-03-15,50.90788650512695,7500300
2017-03-16,49.937618255615234,5789500
2017-03-17,50.14888381958008,7553800
2017-03-20,49.81242752075195,4655600
2017-03-21,49.57767868041992,6446600
2017-03-22,49.69504165649414,4984500
2017-03-23,49.32728576660156,3975500
2017-03-24,49.162967681884766,4228900
2017-03-27,49.19425964355469,3350300
2017-03-28,49.60898208618164,4961400
2017-03-29,49.90631866455078,4351400
2017-03-30,50.28972625732422,8501400
2017-03-31,49.57767868041992,6520800
2017-04-03,49.87501907348633,4324400
2017-04-04,50.08628463745117,3050400
2017-04-05,49.6324577331543,4740800
2017-04-06,49.51507568359375,4285400
2017-04-07,49.28816223144531,3871700
2017-04-10,50.18800354003906,4063100
2017-04-11,50.84528732299805,4828800
2017-04-12,50.90788650512695,6533900
2017-04-13,50.14888381958008,4693000
2017-04-17,50.101932525634766,4065000
2017-04-18,49.061248779296875,4404100
2017-04-19,48.482208251953125,5447500
2017-04-20,48.45872497558594,4094000
2017-04-21,48.403961181640625,4400200
2017-04-24,48.56829833984375,2945200
2017-04-25,48.904754638671875,3384600
2017-04-26,48.849979400634766,3559000
2017-04-27,48.137916564941406,6506500
2017-04-28,48.1535758972168,3724100
2017-05-01,47.59019088745117,4614500
2017-05-02,46.979862213134766,5447700
2017-05-03,47.081581115722656,6641200
2017-05-04,45.399253845214844,11589300
2017-05-05,47.26154708862305,7710400
2017-05-08,47.41804885864258,5637100
2017-05-09,46.85465621948242,4491300
2017-05-10,47.9892578125,5880700
2017-05-11,47.785804748535156,3924800
2017-05-12,47.62930679321289,3675900
2017-05-15,47.97360610961914,5426800
2017-05-16,47.3632698059082,3524400
2017-05-17,47.159828186035156,4053500
2017-05-18,47.175472259521484,3506400
2017-05-19,47.449337005615234,4442800
2017-05-22,47.410221099853516,3008800
2017-05-23,48.16923522949219,3826700
2017-05-24,47.85622787475586,4686600
2017-05-25,47.50412368774414,4688300
2017-05-26,47.73103332519531,4675400
2017-05-30,47.042449951171875,3381500
2017-05-31,46.11130905151367,7475500
2017-06-01,47.34761428833008,7530900
2017-06-02,47.49628448486328,6778400
2017-06-05,46.995506286621094,5404000
2017-06-06,48.23964309692383,7535600
2017-06-07,47.637542724609375,9861700
2017-06-08,46.4333381652832,10782800
2017-06-09,48.334716796875,6237000
2017-06-12,48.207950592041016,5823400
2017-06-13,48.32679748535156,4041100
2017-06-14,47.629615783691406,4894200
2017-06-15,47.059207916259766,3982800
2017-06-16,48.984352111816406,6438500
2017-06-19,49.142799377441406,6818300
2017-06-20,48.14457702636719,4150100
2017-06-21,47.439476013183594,4976100
2017-06-22,47.700927734375,3700500
2017-06-23,47.629615783691406,4844000
2017-06-26,47.542457580566406,3687300
2017-06-27,47.24142074584961,2975500
2017-06-28,47.19389343261719,4533400
2017-06-29,47.37610626220703,3959700
2017-06-30,47.431556701660156,4707800
2017-07-03,48.53277587890625,2806500
2017-07-05,47.33647918701172,4070500
2017-07-06,46.639320373535156,4341000
2017-07-07,46.4887809753418,3257100
2017-07-10,46.56007766723633,2778300
2017-07-11,46.69477081298828,2757300
2017-07-12,46.86906814575195,3355800
2017-07-13,47.138423919677734,3053800
2017-07-14,47.391937255859375,2575100
2017-07-17,47.56624221801758,3966800
2017-07-18,47.724693298339844,3613700
2017-07-19,48.23963928222656,4062600
2017-07-20,47.946510314941406,3082200
2017-07-21,47.558319091796875,3418900
2017-07-24,47.06713104248047,2750600
2017-07-25,48.334716796875,3941300
2017-07-26,48.79422378540039,3537800
2017-07-27,49.229949951171875,4622500
2017-07-28,49.69736099243164,3984800
2017-07-31,49.063575744628906,4094300
2017-08-01,48.746681213378906,2918200
2017-08-02,48.61993408203125,5934600
2017-08-03,48.762535095214844,5768900
2017-08-04,49.19034194946289,3313000
2017-08-07,48.984352111816406,3204400
2017-08-08,48.60407257080078,3231100
2017-08-09,48.849674224853516,2483400
2017-08-10,48.59614944458008,2991000
2017-08-11,48.429779052734375,2474900
2017-08-14,48.51693344116211,2464100
2017-08-15,48.02574157714844,3133300
2017-08-16,47.296878814697266,3687500
2017-08-17,46.678924560546875,4145900
2017-08-18,46.86113739013672,4042900
2017-08-21,46.615543365478516,2789000
2017-08-22,46.86906814575195,2563800
2017-08-23,47.21764373779297,2759800
2017-08-24,46.84530258178711,2387800
2017-08-25,46.916603088378906,1925900
2017-08-28,46.84530258178711,2381100
2017-08-29,46.80569076538086,2824700
2017-08-30,46.87699508666992,2855900
2017-08-31,47.296878814697266,3729600
2017-09-01,47.33647918701172,2635800
2017-09-05,48.104976654052734,4619800
2017-09-06,48.81798553466797,4086300
2017-09-07,49.00811004638672,4037100
2017-09-08,48.32622528076172,3502000
2017-09-11,48.46261215209961,4403000
2017-09-12,48.759429931640625,4436600
2017-09-13,49.37714767456055,4139200
2017-09-14,49.40121841430664,4765000
2017-09-15,49.216697692871094,5291400
2017-09-18,49.57769775390625,4192200
2017-09-19,49.625831604003906,3221300
2017-09-20,50.131248474121094,3519800
2017-09-21,50.339820861816406,2676800
2017-09-22,50.49224090576172,3412100
2017-09-25,51.807899475097656,5157900
2017-09-26,51.69559097290039,3424900
2017-09-27,52.29726028442383,3523400
2017-09-28,52.12076187133789,3388700
2017-09-29,51.51106643676758,3559700
2017-10-02,51.43083953857422,2775100
2017-10-03,51.326576232910156,1862000
2017-10-04,51.65547180175781,3355800
2017-10-05,51.62337875366211,3028600
2017-10-06,51.27040481567383,2303200
2017-10-09,51.34260559082031,3117400
2017-10-10,51.74372100830078,3435000
2017-10-11,51.65547180175781,2044600
2017-10-12,51.51910400390625,3100000
2017-10-13,51.92823028564453,3377200
2017-10-16,51.96031188964844,2668800
2017-10-17,51.856021881103516,3092600
2017-10-18,51.8480110168457,2894800
2017-10-19,52.0164680480957,3568100
2017-10-20,52.52187728881836,4523000
2017-10-23,52.184940338134766,3410600
2017-10-24,52.80264663696289,6594200
2017-10-25,52.425601959228516,6910300
2017-10-26,51.839996337890625,4454200
2017-10-27,52.184940338134766,5064300
2017-10-30,52.112735748291016,4370800
2017-10-31,51.79987335205078,5235100
2017-11-01,52.51385498046875,6184200
2017-11-02,54.47129440307617,7875800
2017-11-03,54.76009750366211,6370500
2017-11-06,55.2093505859375,3986200
2017-11-07,55.1531982421875,3306500
2017-11-08,54.68790054321289,4635600
2017-11-09,55.11308670043945,2973900
2017-11-10,54.68790054321289,3494000
2017-11-13,54.4953498840332,3682400
2017-11-14,54.006004333496094,4178300
2017-11-15,53.484561920166016,4881500
2017-11-16,53.88566207885742,3595900
2017-11-17,54.87242889404297,5513700
2017-11-20,54.39908981323242,4157600
2017-11-21,54.45524597167969,2972600
2017-11-22,54.736019134521484,2696100
2017-11-24,54.88844299316406,1596200
2017-11-27,54.61569595336914,8203500
2017-11-28,55.321659088134766,4807500
2017-11-29,56.07575607299805,5105300
2017-11-30,56.55708694458008,6525700
2017-12-01,56.3484992980957,4972100
2017-12-04,56.20411682128906,3678200
2017-12-05,56.15597915649414,2723800
2017-12-06,55.570350646972656,3304900
2017-12-07,55.68265914916992,3813100
2017-12-08,55.86925506591797,3063800
2017-12-11,56.38032150268555,2855800
2017-12-12,56.81026077270508,6178700
2017-12-13,56.761592864990234,3985800
2017-12-14,57.23209762573242,5522600
2017-12-15,57.28889846801758,7554000
2017-12-18,57.57283401489258,3092300
2017-12-19,57.51603698730469,4198200
2017-12-20,58.31104278564453,2844200
2017-12-21,58.87889862060547,2902400
2017-12-22,59.21149826049805,5465800
2017-12-26,59.65766906738281,2214400
2017-12-27,59.47919845581055,2237500
2017-12-28,59.7874641418457,1682700
2017-12-29,59.75503158569336,3181600
2018-01-02,60.01461410522461,2830000
2018-01-03,60.84205627441406,3463300
2018-01-04,60.80960464477539,2706100
2018-01-05,60.477012634277344,3240300
2018-01-08,60.9962043762207,3174600
2018-01-09,60.75283432006836,2985100
2018-01-10,60.233646392822266,4094300
2018-01-11,61.50726318359375,5061100
2018-01-12,62.0832405090332,5781100
2018-01-16,61.061100006103516,4333100
2018-01-17,61.53972625732422,3109900
2018-01-18,61.158451080322266,3012400
2018-01-19,61.28824234008789,3224800
2018-01-22,62.9755859375,4309400
2018-01-23,62.80522155761719,3314000
2018-01-24,62.91879653930664,3356100
2018-01-25,62.25360107421875,2468700
2018-01-26,62.61054229736328,2345900
2018-01-29,61.847999572753906,3014800
2018-01-30,60.64738464355469,4415200
2018-01-31,60.8177375793457,4626100
2018-02-01,61.734413146972656,3165300
2018-02-02,59.69010543823242,5505000
2018-02-05,57.52415084838867,5786800
2018-02-06,57.775634765625,5616400
2018-02-07,56.68047332763672,5630300
2018-02-08,55.54475784301758,7126300
2018-02-09,55.30949783325195,5440300
2018-02-12,56.68047332763672,3951700
2018-02-13,56.55877685546875,4519800
2018-02-14,56.66424560546875,8007800
2018-02-15,56.32353973388672,5020800
2018-02-16,55.29328155517578,5793600
2018-02-20,55.15536117553711,5107900
2018-02-21,54.52259826660156,5113600
2018-02-22,55.09857177734375,3785300
2018-02-23,55.423057556152344,3854700
2018-02-26,54.57126998901367,7385600
2018-02-27,54.149436950683594,6623600
2018-02-28,53.216529846191406,8149600
2018-03-01,53.24085235595703,5519300
2018-03-02,53.24897003173828,3752500
2018-03-05,53.47612380981445,4746900
2018-03-06,53.265193939208984,4435300
2018-03-07,52.88393783569336,4694200
2018-03-08,51.68537521362305,9402600
2018-03-09,52.26822280883789,12059700
2018-03-12,52.448829650878906,7821500
2018-03-13,52.703311920166016,4840300
2018-03-14,52.57197189331055,3466700
2018-03-15,52.46525192260742,3226100
2018-03-16,52.908546447753906,6189300
2018-03-19,52.2518310546875,4686200
2018-03-20,52.46525192260742,4877700
2018-03-21,54.213829040527344,4784800
2018-03-22,53.50783157348633,6320700
2018-03-23,53.76231002807617,6253700
2018-03-26,55.16609573364258,3938800
2018-03-27,54.03321075439453,5378600
2018-03-28,51.84135055541992,10391800
2018-03-29,53.32722473144531,7823500
2018-04-02,53.08915328979492,6816400
2018-04-03,54.69816589355469,7486000
2018-04-04,54.68994903564453,6631900
2018-04-05,55.63400650024414,7941200
2018-04-06,55.43700408935547,6898800
2018-04-09,56.58628845214844,7918700
2018-04-10,57.88335037231445,7965100
2018-04-11,58.84381866455078,4999400
2018-04-12,58.92593002319336,4736800
2018-04-13,60.44463348388672,6321800
2018-04-16,61.495418548583984,5205600
2018-04-17,61.749916076660156,4187700
2018-04-18,62.324562072753906,4276300
2018-04-19,62.38200378417969,5457600
2018-04-20,62.77605438232422,5027900
2018-04-23,63.40816116333008,3220800
2018-04-24,63.49026107788086,4876800
2018-04-25,63.50667953491211,5583100
2018-04-26,63.703731536865234,3672100
2018-04-27,63.243988037109375,2901700
2018-04-30,63.42458724975586,3742400
2018-05-01,62.86637496948242,3895000
2018-05-02,63.071598052978516,3978300
2018-05-03,63.44921875,4773200
2018-05-04,63.79401397705078,2975000
2018-05-07,63.44099426269531,5105400
2018-05-08,64.19625091552734,7160000
2018-05-09,67.64414978027344,11030000
2018-05-10,68.8426742553711,5741200
2018-05-11,69.75391387939453,6621300
2018-05-14,69.688232421875,6459600
2018-05-15,69.17927551269531,4637300
2018-05-16,69.17105865478516,5235700
2018-05-17,70.73082733154297,4935500
2018-05-18,70.1233139038086,3498600
2018-05-21,70.42708587646484,5806100
2018-05-22,69.73749542236328,3827400
2018-05-23,70.0494384765625,3507300
2018-05-24,68.8426742553711,3319200
2018-05-25,67.64414978027344,4152100
2018-05-29,67.17621612548828,4130300
2018-05-30,69.01507568359375,3781000
2018-05-31,69.12179565429688,4861100
2018-06-01,69.86064147949219,4940200
2018-06-04,70.0740737915039,4312000
2018-06-05,70.19720458984375,6391000
2018-06-06,70.97708892822266,6534300
2018-06-07,70.99351501464844,7229000
2018-06-08,70.79473876953125,5533200
2018-06-11,71.35794830322266,5813400
2018-06-12,70.34742736816406,6053600
2018-06-13,69.85044860839844,4401600
2018-06-14,69.86701202392578,3675600
2018-06-15,69.02216339111328,7476900
2018-06-18,69.40320587158203,5247200
2018-06-19,68.40092468261719,5427000
2018-06-20,68.9476089477539,4452500
2018-06-21,67.99504852294922,4997400
2018-06-22,69.02216339111328,5305100
2018-06-25,67.38212585449219,3780300
2018-06-26,68.48375701904297,3925600
2018-06-27,69.38660430908203,5131800
2018-06-28,69.08013153076172,3507100
2018-06-29,69.31204986572266,3849700
2018-07-02,68.35124206542969,3091300
2018-07-03,69.46113586425781,2978900
2018-07-05,69.73450469970703,3670100
2018-07-06,69.78418731689453,2801100
2018-07-09,70.61248779296875,3001600
2018-07-10,70.9852294921875,4601500
2018-07-11,69.51912689208984,5109400
2018-07-12,70.04094696044922,4694100
2018-07-13,69.27893829345703,4723700
2018-07-16,68.35948944091797,3661700
2018-07-17,68.49203491210938,3476100
2018-07-18,68.7156753540039,3827000
2018-07-19,68.73224639892578,3495500
2018-07-20,68.8150863647461,2934400
2018-07-23,68.29325866699219,3328200
2018-07-24,69.12983703613281,7053100
2018-07-25,69.85044860839844,4610200
2018-07-26,69.70964050292969,4169200
2018-07-27,69.13813018798828,2787300
2018-07-30,69.00559997558594,3198900
2018-07-31,69.51912689208984,5069900
2018-08-01,68.45062255859375,3417600
2018-08-02,68.11929321289062,3355700
2018-08-03,68.1607437133789,3281600
2018-08-06,68.16899871826172,3224200
2018-08-07,67.87080383300781,3933400
2018-08-08,67.25788879394531,4532100
2018-08-09,64.43338012695312,14625200
2018-08-10,65.2533950805664,8380600
2018-08-13,64.72327423095703,6056000
2018-08-14,65.9822998046875,5701600
2018-08-15,63.721038818359375,6489500
2018-08-16,64.62389373779297,5470600
2018-08-17,65.06287384033203,4795100
2018-08-20,65.44391632080078,3119000
2018-08-21,65.34451293945312,3282400
2018-08-22,65.7089614868164,2948900
2018-08-23,65.41905975341797,2313600
2018-08-24,65.71722412109375,2580800
2018-08-27,66.43787384033203,2242100
2018-08-28,66.35504150390625,3173100
2018-08-29,66.45442962646484,3149800
2018-08-30,66.37161254882812,3216600
2018-08-31,66.15624237060547,3227800
2018-09-04,65.65924835205078,5131600
2018-09-05,65.55158233642578,3851000
2018-09-06,64.25115203857422,4084200
2018-09-07,64.13401794433594,3317500
2018-09-10,64.32646179199219,2732100
2018-09-11,64.52726745605469,4164700
2018-09-12,63.372596740722656,5535700
2018-09-13,64.12564849853516,7684700
2018-09-14,64.91213989257812,4672700
2018-09-17,64.92889404296875,3000600
2018-09-18,65.99989318847656,3789700
2018-09-19,66.4182357788086,3785000
2018-09-20,66.29273223876953,3752900
2018-09-21,66.60232543945312,8385900
2018-09-24,67.56454467773438,4700600
2018-09-25,68.0331039428711,5316300
2018-09-26,67.78207397460938,4221400
2018-09-27,67.91596221923828,5241400
2018-09-28,68.7526626586914,6414600
2018-10-01,69.555908203125,4169600
2018-10-02,69.3383560180664,3474200
2018-10-03,68.98695373535156,3871200
2018-10-04,68.76103973388672,3960700
2018-10-05,68.10841369628906,3254500
2018-10-08,68.40125274658203,5287700
2018-10-09,68.80287170410156,3328600
2018-10-10,65.19666290283203,5059200
2018-10-11,64.0335922241211,5673700
2018-10-12,64.39340209960938,4274500
2018-10-15,60.44411087036133,9755700
2018-10-16,61.18041229248047,7987500
2018-10-17,61.0130615234375,5399200
2018-10-18,60.15965270996094,5417200
2018-10-19,60.39390182495117,5693600
2018-10-22,60.48594665527344,4341200
2018-10-23,59.10536575317383,5664700
2018-10-24,57.088890075683594,7294200
2018-10-25,57.44032669067383,5413800
2018-10-26,56.82114791870117,6326500
2018-10-29,55.607906341552734,4507400
2018-10-30,56.51994323730469,4770700
2018-10-31,56.118309020996094,4994800
2018-11-01,57.18930435180664,6132700
2018-11-02,57.15583419799805,6663900
2018-11-05,58.52804183959961,7969800
2018-11-06,61.364501953125,11077000
2018-11-07,61.68242645263672,5995300
2018-11-08,60.77043533325195,4441400
2018-11-09,61.54019546508789,6984100
2018-11-12,60.37717819213867,5204400
2018-11-13,59.222496032714844,5500400
2018-11-14,59.36475372314453,5873800
2018-11-15,60.736961364746094,4813100
2018-11-16,61.397953033447266,4761900
2018-11-19,61.381229400634766,5149600
2018-11-20,58.82088088989258,4476500
2018-11-21,60.310245513916016,4505500
2018-11-23,58.42762756347656,3248800
2018-11-26,59.10536575317383,4534300
2018-11-27,58.051116943359375,5545900
2018-11-28,59.1639404296875,4660100
2018-11-29,59.331298828125,3615200
2018-11-30,58.79581069946289,5947800
2018-12-03,59.674339294433594,5019100
2018-12-04,58.29375076293945,4455900
2018-12-06,56.49482345581055,7532700
2018-12-07,56.32552719116211,5494600
2018-12-10,54.54790496826172,6135500
2018-12-11,54.76797103881836,6031000
2018-12-12,55.368995666503906,6621400
2018-12-13,56.44404220581055,6730400
2018-12-14,55.10658264160156,5090200
2018-12-17,54.2685546875,5665600
2018-12-18,53.44744873046875,5804700
2018-12-19,52.68562316894531,6612100
2018-12-20,51.3227653503418,7295300
2018-12-21,50.772544860839844,12543000
2018-12-24,48.343109130859375,4131100
2018-12-26,51.297367095947266,7171400
2018-12-27,51.43281555175781,6814700
2018-12-28,51.18732833862305,5029100
2018-12-31,51.9576416015625,5126200
2019-01-02,52.48246383666992,5355300
2019-01-03,51.839134216308594,5465500
2019-01-04,53.506710052490234,6367400
2019-01-07,54.581764221191406,5771600
2019-01-08,55.013465881347656,5420100
2019-01-09,55.68220520019531,4515800
2019-01-10,56.02926254272461,4983200
2019-01-11,56.05466842651367,3894600
2019-01-14,55.512901306152344,6604000
2019-01-15,55.46210479736328,4499700
2019-01-16,55.14044189453125,4484500
2019-01-17,55.724525451660156,4767500
2019-01-18,56.74031448364258,4596200
2019-01-22,55.12351989746094,4140800
2019-01-23,54.65793991088867,3730600
2019-01-24,55.005008697509766,4035100
2019-01-25,56.31707000732422,3474700
2019-01-28,55.93614196777344,3795300
2019-01-29,56.274757385253906,3887200
2019-01-30,56.68952178955078,3894100
2019-01-31,56.5286979675293,5914100
2019-02-01,57.59527587890625,5387200
2019-02-04,57.341331481933594,3250900
2019-02-05,56.96886444091797,2916300
2019-02-06,56.401702880859375,3205500
2019-02-07,54.954219818115234,4421700
2019-02-08,54.988067626953125,4651500
2019-02-11,54.88648986816406,5489500
2019-02-12,55.65679931640625,3903100
2019-02-13,55.74144744873047,7206200
2019-02-14,56.3509407043457,5701600
2019-02-15,56.87575912475586,6058100
2019-02-19,57.24819564819336,5082900
2019-02-20,57.77302551269531,4017600
2019-02-21,56.37632369995117,4122700
2019-02-22,55.809165954589844,5035900
2019-02-25,56.063114166259766,3594600
2019-02-26,55.90229415893555,2764700
2019-02-27,56.41864776611328,2959300
2019-02-28,55.995391845703125,3856300
2019-03-01,57.18050003051758,3866000
2019-03-04,57.0958366394043,4198600
2019-03-05,57.16355514526367,3699200
2019-03-06,56.02926254272461,4453400
2019-03-07,55.64833450317383,3156900
2019-03-08,53.720855712890625,5581500
2019-03-11,54.72315979003906,3770000
2019-03-12,54.997276306152344,3195500
2019-03-13,55.7339973449707,2561600
2019-03-14,55.86249542236328,2446300
2019-03-15,56.085235595703125,5602900
2019-03-18,57.404483795166016,3256800
2019-03-19,56.68490219116211,3695500
2019-03-20,57.618656158447266,5112800
2019-03-21,57.60150909423828,5284600
2019-03-22,55.8881950378418,6138600
2019-03-25,55.793968200683594,6588600
2019-03-26,57.46444320678711,5885500
2019-03-27,56.83908462524414,3559800
2019-03-28,57.02756118774414,2522500
2019-03-29,56.71057891845703,3190400
2019-04-01,57.55013656616211,2809900
2019-04-02,57.078941345214844,3312400
2019-04-03,56.59065246582031,3056700
2019-04-04,56.91618728637695,2855700
2019-04-05,58.286842346191406,3808400
2019-04-08,58.56953811645508,2527700
2019-04-09,57.63576889038086,3301400
2019-04-10,57.55013656616211,3645800
2019-04-11,57.55013656616211,2956400
2019-04-12,55.96530532836914,10070600
2019-04-15,54.27769088745117,11793400
2019-04-16,54.54324722290039,11094100
2019-04-17,53.669471740722656,6554000
2019-04-18,52.95844268798828,8480700
2019-04-22,54.01213455200195,5873700
2019-04-23,53.42103576660156,10307300
2019-04-24,53.11263656616211,28235200
2019-04-25,52.9755744934082,16502800
2019-04-26,52.521541595458984,10170800
2019-04-29,51.51069641113281,9112800
2019-04-30,50.43987274169922,24103900
2019-05-01,49.24055480957031,11084200
2019-05-02,49.129188537597656,18795100
2019-05-03,49.643192291259766,10790000
2019-05-06,50.34563446044922,25494800
2019-05-07,51.133758544921875,21567200
2019-05-08,51.57921600341797,17378500
2019-05-09,48.255393981933594,36678600
2019-05-10,47.090362548828125,17791400
2019-05-13,46.4050178527832,12889800
2019-05-14,46.730552673339844,7195100
2019-05-15,46.47355651855469,13684500
2019-05-16,46.04523468017578,10655200
2019-05-17,45.197139739990234,13991500
2019-05-20,45.79680252075195,9405500
2019-05-21,45.839637756347656,12046600
2019-05-22,45.21427536010742,13530500
2019-05-23,45.32563781738281,21382600
2019-05-24,45.80537414550781,14996800
2019-05-28,44.78594970703125,8680400
2019-05-29,44.546085357666016,9055400
2019-05-30,44.46897888183594,16919000
2019-05-31,42.635746002197266,11162300
2019-06-03,42.2502555847168,11148500
2019-06-04,42.567195892333984,8835700
2019-06-05,40.63117218017578,18563800
2019-06-06,42.010379791259766,11660800
2019-06-07,41.644775390625,11714200
2019-06-10,41.69700622558594,9861500
2019-06-11,42.69807815551758,12867800
2019-06-12,42.47175979614258,7644900
2019-06-13,43.29001998901367,8013700
2019-06-14,42.92440414428711,7779300
2019-06-17,43.35966110229492,7424500
2019-06-18,43.82972717285156,9473900
2019-06-19,43.78620910644531,8907700
2019-06-20,44.65671157836914,7389500
2019-06-21,44.056068420410156,10298500
2019-06-24,43.42929458618164,9648100
2019-06-25,42.98533630371094,4574900
2019-06-26,43.89067459106445,7025100
2019-06-27,43.307430267333984,5387200
2019-06-28,43.7687873840332,6752100
2019-07-01,43.333534240722656,7251200
2019-07-02,42.46303176879883,10160700
2019-07-03,42.80253219604492,4435200
2019-07-05,42.898292541503906,5613200
2019-07-08,42.91570281982422,4740300
2019-07-09,43.18556213378906,7461100
2019-07-10,43.733970642089844,7594700
2019-07-11,43.90806579589844,6399400
2019-07-12,45.02231979370117,9102800
2019-07-15,44.94397735595703,10130400
2019-07-16,44.48260498046875,8790200
2019-07-17,44.55224609375,7615300
2019-07-18,44.404266357421875,9688500
2019-07-19,45.55332946777344,7196300
2019-07-22,45.71001052856445,5995900
2019-07-23,45.09195327758789,5822600
2019-07-24,45.30957794189453,6096000
2019-07-25,44.51742935180664,6627400
2019-07-26,44.90915298461914,5452200
2019-07-29,44.31721115112305,6412100
2019-07-30,45.6751823425293,7420300
2019-07-31,44.70893478393555,12342300
2019-08-01,46.28453826904297,14069700
2019-08-02,44.55224609375,12206900
2019-08-05,43.02016830444336,9977700
2019-08-06,41.418453216552734,13008000
2019-08-07,40.04304885864258,16687000
2019-08-08,41.02671813964844,23937100
2019-08-09,41.02671813964844,9879700
2019-08-12,39.163841247558594,13456400
2019-08-13,38.963626861572266,17633500
2019-08-14,38.04090118408203,16953400
2019-08-15,38.267234802246094,9352900
2019-08-16,38.79823684692383,8513800
2019-08-19,39.67744827270508,9850700
2019-08-20,39.398868560791016,7379100
2019-08-21,39.22477722167969,8500300
2019-08-22,38.91139221191406,5863400
2019-08-23,36.88314437866211,12545900
2019-08-26,36.674198150634766,8304200
2019-08-27,36.865718841552734,7322200
2019-08-28,37.52730178833008,7084700
2019-08-29,37.753623962402344,6651300
2019-08-30,37.849388122558594,6881900
2019-09-03,37.15299606323242,6917100
2019-09-04,37.936439514160156,4837900
2019-09-05,39.250892639160156,9679900
2019-09-06,39.5729866027832,10958800
2019-09-09,39.83875274658203,11069800
2019-09-10,41.13215255737305,9770900
2019-09-11,41.00812911987305,7662900
2019-09-12,40.219688415527344,7403700
2019-09-13,39.94505310058594,11149400
2019-09-16,42.34583282470703,24116000
2019-09-17,39.998207092285156,15436200
2019-09-18,39.528682708740234,9732800
2019-09-19,40.56517791748047,10491800
2019-09-20,40.48545455932617,8589600
2019-09-23,40.30827331542969,7298300
2019-09-24,40.281700134277344,6503800
2019-09-25,40.15766143798828,4324500
2019-09-26,40.17538833618164,4958800
2019-09-27,39.989349365234375,4515900
2019-09-30,39.395809173583984,6520300
2019-10-01,38.77566909790039,5229400
2019-10-02,38.04037857055664,6041000
2019-10-03,38.27070999145508,5679200
2019-10-04,38.155548095703125,5109400
2019-10-07,37.367103576660156,7449000
2019-10-08,36.17113494873047,8741900
2019-10-09,36.18000030517578,7057700
2019-10-10,36.34831619262695,7686300
2019-10-11,36.42803955078125,7375600
2019-10-14,35.887657165527344,12931400
2019-10-15,36.14455032348633,6216600
2019-10-16,35.73704528808594,5658900
2019-10-17,35.72819519042969,6484300
2019-10-18,35.834503173828125,6972400
2019-10-21,36.16228103637695,6592300
2019-10-22,37.402523040771484,10472400
2019-10-23,38.02266311645508,7655800
2019-10-24,37.464542388916016,7127000
2019-10-25,37.677162170410156,5270700
2019-10-28,37.45568084716797,4644400
2019-10-29,37.49998092651367,6373400
2019-10-30,36.640663146972656,5558500
2019-10-31,35.87879943847656,12515400
2019-11-01,37.464542388916016,9024800
2019-11-04,39.18318176269531,13452300
2019-11-05,37.127899169921875,19344300
2019-11-06,35.09035110473633,17042700
2019-11-07,34.5765266418457,15278600
2019-11-08,35.52442932128906,13610500
2019-11-11,34.44364547729492,14584000
2019-11-12,34.05384063720703,12823100
2019-11-13,33.770355224609375,9096500
2019-11-14,33.4514274597168,8786400
2019-11-15,34.50565719604492,14162200
2019-11-18,34.81571960449219,13130200
2019-11-19,33.78807830810547,12533200
2019-11-20,34.08928298950195,10302200
2019-11-21,34.65626525878906,9308900
2019-11-22,35.06376266479492,9467200
2019-11-25,35.37382888793945,10264400
2019-11-26,34.16901397705078,13362000
2019-11-27,34.32846450805664,7058500
2019-11-29,34.16901397705078,4664000
2019-12-02,34.266456604003906,10829600
2019-12-03,33.6817741394043,11535400
2019-12-04,34.06269836425781,10537700
2019-12-05,33.64634323120117,9214900
2019-12-06,34.55880355834961,10411500
2019-12-09,33.76310729980469,17193200
2019-12-10,33.97107696533203,12617600
2019-12-11,33.943946838378906,7861100
2019-12-12,34.5859375,9477300
2019-12-13,34.0976676940918,9886500
2019-12-16,34.64923095703125,9572400
2019-12-17,34.64923095703125,13579300
2019-12-18,34.96570587158203,9412200
2019-12-19,34.99283218383789,7469200
2019-12-20,35.27312088012695,17274200
2019-12-23,35.90607452392578,10019000
2019-12-24,36.06883239746094,4696300
2019-12-26,36.30392837524414,6050000
2019-12-27,36.31296157836914,7050800
2019-12-30,36.80125045776367,10487100
2019-12-31,37.26238250732422,10372400
2020-01-02,38.50114059448242,13066400
2020-01-03,39.4324836730957,15097400
2020-01-06,40.73453140258789,16659700
2020-01-07,40.93346405029297,12084800
2020-01-08,40.6712532043457,12250900
2020-01-09,41.02388381958008,14635000
2020-01-10,41.50312042236328,10540000
2020-01-13,42.108943939208984,8456100
2020-01-14,42.71476364135742,12183900
2020-01-15,42.732845306396484,7085700
2020-01-16,42.19935989379883,9757600
2020-01-17,41.43982696533203,14379300
2020-01-21,40.074459075927734,10814200
2020-01-22,39.14313507080078,12953200
2020-01-23,38.44690704345703,10789800
2020-01-24,38.17564010620117,8797600
2020-01-27,37.289520263671875,9303900
2020-01-28,37.25334167480469,7206400
2020-01-29,36.59328079223633,6653900
2020-01-30,36.70176696777344,9509100
2020-01-31,35.91512680053711,16035700
2020-02-03,36.24064254760742,8727900
2020-02-04,36.62040328979492,7859600
2020-02-05,38.08522415161133,8613200
2020-02-06,38.08522415161133,6201500
2020-02-07,37.87724304199219,5030100
2020-02-10,36.62040328979492,7915400
2020-02-11,37.22622299194336,12132300
2020-02-12,38.41977310180664,8214600
2020-02-13,38.01288604736328,8402000
2020-02-14,37.61502456665039,6401500
2020-02-18,37.578857421875,9519200
2020-02-19,38.4378547668457,7536300
2020-02-20,38.85379409790039,7728900
2020-02-21,38.08522415161133,8921100
2020-02-24,35.69811248779297,12503100
2020-02-25,32.723270416259766,22058600
2020-02-26,30.941978454589844,22683000
2020-02-27,28.762834548950195,23516900
2020-02-28,29.6037540435791,24168100
2020-03-02,29.79363441467285,17223700
2020-03-03,29.829805374145508,19991600
2020-03-04,29.775550842285156,14006600
2020-03-05,28.464447021484375,19218000
2020-03-06,24.287012100219727,38969100
2020-03-09,11.654411315917969,104930300
2020-03-10,13.359254837036133,110525300
2020-03-11,10.992968559265137,70436000
2020-03-12,11.076815605163574,73141800
2020-03-13,13.2847261428833,64910400
2020-03-16,11.19792366027832,37309700
2020-03-17,10.564431190490723,34731500
2020-03-18,9.809830665588379,41257200
2020-03-19,10.089311599731445,38092500
2020-03-20,9.53034782409668,50833300
2020-03-23,9.027277946472168,36784000
2020-03-24,9.986832618713379,42020600
2020-03-25,11.179293632507324,55409600
2020-03-26,11.952527046203613,70253700
2020-03-27,10.815962791442871,34675600
2020-03-30,10.256999969482422,44717600
2020-03-31,10.788015365600586,35568400
2020-04-01,10.005464553833008,39837200
2020-04-02,11.89663028717041,79141600
2020-04-03,12.110899925231934,92062300
2020-04-06,12.520806312561035,52068100
2020-04-07,12.893450736999512,54728600
2020-04-08,14.495817184448242,48988600
2020-04-09,14.309493064880371,110464100
2020-04-13,14.28154468536377,43697500
2020-04-14,13.880952835083008,40661000
2020-04-15,12.679180145263672,47465200
2020-04-16,11.36561393737793,40453900
2020-04-17,12.69781494140625,51691000
2020-04-20,11.7289400100708,74975500
2020-04-21,11.496038436889648,62591200
2020-04-22,12.12952995300293,44530500
2020-04-23,12.92139720916748,55054600
2020-04-24,12.86550521850586,40991300
2020-04-27,13.182247161865234,39972500
2020-04-28,14.132486343383789,46179400
2020-04-29,15.632377624511719,59582800
2020-04-30,15.464686393737793,44491700
2020-05-01,14.197700500488281,36902400
2020-05-04,14.458553314208984,37197400
2020-05-05,14.272228240966797,49502200
2020-05-06,12.483542442321777,57659000
2020-05-07,12.93071460723877,35565400
2020-05-08,13.99274730682373,31255200
2020-05-11,14.00206184387207,22899400
2020-05-12,13.582839012145996,27103700
2020-05-13,12.520806312561035,35258100
2020-05-14,12.81891918182373,32064000
2020-05-15,12.874818801879883,27756400
2020-05-18,14.039326667785645,39883800
2020-05-19,13.387203216552734,28708600
2020-05-20,13.964800834655762,29203100
2020-05-21,13.275410652160645,35671400
2020-05-22,13.163616180419922,26334300
2020-05-26,13.415149688720703,28033000
2020-05-27,13.4337797164917,31403000
2020-05-28,12.707130432128906,39856900
2020-05-29,12.06432056427002,61295900
2020-06-01,12.86550521850586,36714900
2020-06-02,13.741212844848633,40165900
2020-06-03,14.393336296081543,41191600
2020-06-04,14.48650074005127,39027900
2020-06-05,19.368125915527344,119073400
2020-06-08,22.73122787475586,131285800
2020-06-09,21.594667434692383,71936800
2020-06-10,19.340173721313477,50740500
2020-06-11,16.21929168701172,61262900
2020-06-12,17.244647979736328,44937900
2020-06-15,17.75732421875,46134000
2020-06-16,18.913183212280273,57505000
2020-06-17,17.748004913330078,38371600
2020-06-18,18.335262298583984,36051700
2020-06-19,18.372543334960938,70262400
2020-06-22,18.558971405029297,30116700
2020-06-23,18.44710922241211,33856800
2020-06-24,16.77857780456543,32322000
2020-06-25,17.281936645507812,23327600
2020-06-26,16.489612579345703,31831900
2020-06-29,16.6480712890625,24504500
2020-06-30,17.058218002319336,26525200
2020-07-01,16.228614807128906,32856700
2020-07-02,16.57350730895996,28133200
2020-07-06,16.94636344909668,23933200
2020-07-07,15.98625659942627,20117700
2020-07-08,16.107433319091797,20482300
2020-07-09,15.175291061401367,22124600
2020-07-10,15.576112747192383,17584200
2020-07-13,15.063430786132812,21665700
2020-07-14,15.548145294189453,19740500
2020-07-15,16.014225006103516,22801400
2020-07-16,15.855755805969238,15463000
2020-07-17,15.175291061401367,21065900
2020-07-20,14.625326156616211,21260200
2020-07-21,16.228614807128906,44440800
2020-07-22,15.799827575683594,16994300
2020-07-23,15.678645133972168,14044100
2020-07-24,15.60407543182373,12779100
2020-07-27,15.566791534423828,13963300
2020-07-28,15.240541458129883,12859500
2020-07-29,15.874396324157715,16384000
2020-07-30,14.699896812438965,29336400
2020-07-31,14.671931266784668,15439000
2020-08-03,14.215184211730957,22888000
2020-08-04,14.671931266784668,21703200
2020-08-05,14.85836124420166,24570500
2020-08-06,14.40160846710205,18745100
2020-08-07,14.40160846710205,20961300
2020-08-10,15.361719131469727,26718500
2020-08-11,14.131290435791016,41894000
2020-08-12,13.907574653625488,31774800
2020-08-13,13.609291076660156,28459100
2020-08-14,13.646574020385742,21267200
2020-08-17,12.966111183166504,31108800
2020-08-18,13.003396034240723,16758400
2020-08-19,12.882218360900879,18143400
2020-08-20,12.490715980529785,21869700
2020-08-21,12.267001152038574,22666000
2020-08-24,12.695789337158203,18722900
2020-08-25,12.593252182006836,16296300
2020-08-26,12.080577850341797,19787700
2020-08-27,12.155149459838867,20130100
2020-08-28,12.239038467407227,14105800
2020-08-31,11.875503540039062,17913800
2020-09-01,11.633145332336426,22914400
2020-09-02,11.558574676513672,19131800
2020-09-03,11.735681533813477,26076900
2020-09-04,11.418752670288086,22767800
2020-09-08,10.309501647949219,36644800
2020-09-09,10.318822860717773,22103500
2020-09-10,9.49853801727295,43466300
2020-09-11,9.526503562927246,35175700
2020-09-14,9.489181518554688,25198900
2020-09-15,9.993027687072754,34684800
2020-09-16,10.860774040222168,53161800
2020-09-17,11.066044807434082,27860600
2020-09-18,10.870102882385254,40722900
2020-09-21,10.534201622009277,23028100
2020-09-22,10.33825969696045,17454800
2020-09-23,9.713111877441406,24502800
2020-09-24,9.927717208862305,22870400
2020-09-25,9.535836219787598,30812500
2020-09-28,9.647799491882324,22622600
2020-09-29,9.3212308883667,29525300
2020-09-30,9.339893341064453,23364000
2020-10-01,9.031983375549316,32990300
2020-10-02,9.20926284790039,28572300
2020-10-05,9.806419372558594,24671000
2020-10-06,9.451859474182129,29493800
2020-10-07,9.591814994812012,17454800
2020-10-08,10.43156623840332,27490300
2020-10-09,10.095666885375977,26633400
2020-10-12,10.086338996887207,18540200
2020-10-13,9.815750122070312,15524300
2020-10-14,9.750434875488281,20091000
2020-10-15,9.899725914001465,18906900
2020-10-16,9.414535522460938,19244700
2020-10-19,9.162610054016113,22074700
2020-10-20,9.395874977111816,17400100
2020-10-21,9.013320922851562,22783400
2020-10-22,9.489181518554688,25219200
2020-10-23,9.349224090576172,19872400
2020-10-26,8.826709747314453,26754800
2020-10-27,8.649431228637695,20727700
2020-10-28,8.285538673400879,30986800
2020-10-29,8.51880168914795,28731900
2020-10-30,8.51880168914795,23078900
2020-11-02,9.003990173339844,28544100
2020-11-03,9.041313171386719,19259100
2020-11-04,9.153279304504395,22377000
2020-11-05,9.769096374511719,35111200
2020-11-06,9.339893341064453,21645300
2020-11-09,11.411273956298828,60444800
2020-11-10,11.55123519897461,31413900
2020-11-11,11.103365898132324,28596700
2020-11-12,10.552864074707031,19566200
2020-11-13,11.010059356689453,16880400
2020-11-16,11.849812507629395,24354800
2020-11-17,12.120397567749023,18665700
2020-11-18,12.00843334197998,29659900
2020-11-19,12.465628623962402,20162700
2020-11-20,12.58692741394043,20175000
2020-11-23,14.704964637756348,44957100
2020-11-24,15.656679153442383,54355000
2020-11-25,15.600695610046387,29706200
2020-11-27,15.451408386230469,13272500
2020-11-30,14.704964637756348,31056400
2020-12-01,14.117138862609863,31278000
2020-12-02,14.826260566711426,33045500
2020-12-03,15.292790412902832,26614800
2020-12-04,17.34551429748535,52874500
2020-12-07,16.972288131713867,32247800
2020-12-08,17.849363327026367,32923800
2020-12-09,18.10141372680664,44634800
2020-12-10,19.893823623657227,52292600
2020-12-11,19.501737594604492,30941000
2020-12-14,17.896038055419922,36149200
2020-12-15,18.521512985229492,26858600
2020-12-16,18.157428741455078,17050800
2020-12-17,17.90537452697754,17630800
2020-12-18,17.289236068725586,38206600
2020-12-21,16.30901336669922,29666900
2020-12-22,15.795565605163574,21507600
2020-12-23,16.701101303100586,24012800
2020-12-24,16.4957218170166,9203900
2020-12-28,16.24366569519043,14617500
2020-12-29,16.094295501708984,18074000
2020-12-30,16.719776153564453,16517200
2020-12-31,16.15964698791504,15193600
2021-01-04,16.29034996032715,18497800
2021-01-05,17.933380126953125,37293800
2021-01-06,18.670879364013672,37156400
2021-01-07,19.203004837036133,24299300
2021-01-08,18.745563507080078,18277900
2021-01-11,18.745563507080078,15120400
2021-01-12,21.11676788330078,37326600
2021-01-13,20.846046447753906,19527000
2021-01-14,22.629106521606445,29879100
2021-01-15,20.902050018310547,24701700
2021-01-19,21.5368595123291,21931400
2021-01-20,21.490184783935547,14737000
2021-01-21,20.108539581298828,19306300
2021-01-22,20.061859130859375,17640700
2021-01-25,20.080535888671875,15398900
2021-01-26,19.025630950927734,19138100
2021-01-27,19.21233558654785,25688400
2021-01-28,19.55774688720703,16438200
2021-01-29,18.726890563964844,19971500
2021-02-01,19.03495979309082,13688000
2021-02-02,19.352367401123047,15513800
2021-02-03,20.556640625,18308300
2021-02-04,20.818031311035156,13247100
2021-02-05,21.060754776000977,13227600
2021-02-08,23.758697509765625,31510500
2021-02-09,23.011857986450195,20757100
2021-02-10,23.898725509643555,22400500
2021-02-11,23.31993293762207,15232200
2021-02-12,23.70268440246582,12382000
2021-02-16,24.701568603515625,19260400
2021-02-17,24.95363426208496,15082100
2021-02-18,23.599990844726562,15311700
2021-02-19,23.730688095092773,14936100
2021-02-22,24.710912704467773,22820600
2021-02-23,24.328155517578125,22587700
2021-02-24,26.288597106933594,27789000
2021-02-25,24.97230339050293,21142500
2021-02-26,24.841604232788086,21626700
2021-03-01,25.803157806396484,16185700
2021-03-02,25.9711971282959,16557000
2021-03-03,26.755374908447266,20382100
2021-03-04,27.91297149658203,39491600
2021-03-05,29.15458106994629,42026500
2021-03-08,27.791606903076172,22684800
2021-03-09,26.755029678344727,23868200
2021-03-10,27.418062210083008,24101800
2021-03-11,28.9309139251709,21984300
2021-03-12,28.60405921936035,16114000
2021-03-15,27.362030029296875,19532800
2021-03-16,26.306777954101562,16895200
2021-03-17,27.119226455688477,16242400
2021-03-18,24.859294891357422,24421000
2021-03-19,26.24140167236328,29558100
2021-03-22,25.643733978271484,14200400
2021-03-23,24.83127784729004,20609400
2021-03-24,25.270193099975586,15596400
2021-03-25,24.93400764465332,18172000
2021-03-26,25.923892974853516,16268500
2021-03-29,25.214160919189453,13907100
2021-03-30,25.5223331451416,9799200
2021-03-31,24.859294891357422,15989700
2021-04-01,25.56902503967285,27311000
2021-04-05,23.635942459106445,32081300
2021-04-06,23.673297882080078,20232400
2021-04-07,23.62660026550293,14354600
2021-04-08,23.094303131103516,14911100
2021-04-09,22.963563919067383,10378800
2021-04-12,22.62737274169922,15386300
2021-04-13,22.68340492248535,11106500
2021-04-14,23.860069274902344,26392800
2021-04-15,23.215702056884766,13541200
2021-04-16,22.7674503326416,11494800
2021-04-19,22.916868209838867,11162600
2021-04-20,21.66550064086914,18736200
2021-04-21,22.832822799682617,19500100
2021-04-22,22.505970001220703,16448500
2021-04-23,23.019596099853516,10825300
2021-04-26,23.25305938720703,12515600
2021-04-27,23.430490493774414,13876000
2021-04-28,24.373685836791992,20741000
2021-04-29,24.22426986694336,18230000
2021-04-30,23.682632446289062,14842900
2021-05-03,24.411041259765625,13380900
2021-05-04,24.14956283569336,15044700
2021-05-05,25.260852813720703,19853100
2021-05-06,24.887310028076172,14458200
2021-05-07,25.578365325927734,17631400
2021-05-10,24.868635177612305,19188300
2021-05-11,22.907533645629883,30525000
2021-05-12,23.458505630493164,26921900
2021-05-13,22.141765594482422,20686400
2021-05-14,23.439828872680664,19639600
2021-05-17,24.64450454711914,17232100
2021-05-18,24.15890121459961,15992400
2021-05-19,23.411813735961914,18157200
2021-05-20,23.299755096435547,14554200
2021-05-21,23.458505630493164,13212200
2021-05-24,23.757343292236328,13100500
2021-05-25,22.9915771484375,13774200
2021-05-26,23.617263793945312,14084100
2021-05-27,24.345672607421875,19886300
2021-05-28,24.24294662475586,10132100
2021-06-01,26.58692741394043,27701900
2021-06-02,27.296661376953125,28273100
2021-06-03,27.343351364135742,19504400
2021-06-04,27.212615966796875,16134500
2021-06-07,27.231292724609375,10040800
2021-06-08,27.259309768676758,12127700
2021-06-09,26.48394203186035,15365900
2021-06-10,26.465253829956055,14212500
2021-06-11,26.465253829956055,10863600
2021-06-14,26.418548583984375,13827300
2021-06-15,27.27799415588379,13087700
2021-06-16,28.52979278564453,42712700
2021-06-17,26.36249542236328,39315200
2021-06-18,26.147634506225586,24074300
2021-06-21,27.558246612548828,18633600
2021-06-22,28.03467559814453,15195900
2021-06-23,28.92214584350586,24067600
2021-06-24,29.650806427001953,15182200
2021-06-25,30.743791580200195,25211900
2021-06-28,29.1837100982666,17426100
2021-06-29,29.239763259887695,15619000
2021-06-30,29.211740493774414,12823900
2021-07-01,30.69708824157715,23100200
2021-07-02,30.435514450073242,10646500
2021-07-06,28.50176239013672,21467000
2021-07-07,27.5395565032959,20238500
2021-07-08,27.707714080810547,16379100
2021-07-09,28.249534606933594,13108800
2021-07-12,28.0159912109375,11171500
2021-07-13,28.10007095336914,11039500
2021-07-14,25.998172760009766,22822500
2021-07-15,25.437660217285156,18361000
2021-07-16,24.232568740844727,18512300
2021-07-19,23.186296463012695,28376800
2021-07-20,23.70009422302246,17071000
2021-07-21,25.39095115661621,19629300
2021-07-22,25.23214340209961,12459600
2021-07-23,24.830446243286133,9502500
2021-07-26,25.33489990234375,11080800
2021-07-27,24.531509399414062,12870400
2021-07-28,25.129384994506836,11767700
2021-07-29,25.01728057861328,11718200
2021-07-30,24.38204002380371,15123300
2021-08-02,24.092449188232422,13880000
2021-08-03,24.69032096862793,15215300
2021-08-04,23.9990291595459,20780200
2021-08-05,24.466115951538086,12976200
2021-08-06,24.6529541015625,12862500
2021-08-09,23.924299240112305,12029100
2021-08-10,24.531509399414062,13269600
2021-08-11,25.073335647583008,15265600
2021-08-12,25.101354598999023,9245400
2021-08-13,24.092449188232422,12000900
2021-08-16,23.15826988220215,16354900
2021-08-17,22.495004653930664,15987800
2021-08-18,21.90647315979004,15233200
2021-08-19,20.635990142822266,26408100
2021-08-20,20.50520133972168,18519000
2021-08-23,21.925151824951172,17577600
2021-08-24,22.775257110595703,15360000
2021-08-25,23.008798599243164,10024500
2021-08-26,22.420269012451172,11491000
2021-08-27,23.97100067138672,17295300
2021-08-30,23.587989807128906,10804400
2021-08-31,23.9990291595459,17367700
2021-09-01,23.429182052612305,14779500
2021-09-02,24.830446243286133,21133400
2021-09-03,24.213890075683594,13454900
2021-09-07,23.97100067138672,11330500
2021-09-08,23.270368576049805,12672600
2021-09-09,23.429241180419922,12905300
2021-09-10,23.345136642456055,10690200
2021-09-13,24.90583610534668,22818800
2021-09-14,24.560054779052734,16350300
2021-09-15,26.055335998535156,25212400
2021-09-16,25.54133415222168,13235200
2021-09-17,25.17685890197754,25230600
2021-09-20,23.812410354614258,20470000
2021-09-21,23.765682220458984,12866200
2021-09-22,24.99929428100586,21793400
2021-09-23,26.13010025024414,17428000
2021-09-24,26.260936737060547,13473800
2021-09-27,28.214155197143555,26376700
2021-09-28,27.943134307861328,29296300
2021-09-29,28.064624786376953,16325000
2021-09-30,27.64407730102539,19182700
2021-10-01,29.111324310302734,19625100
2021-10-04,29.72812843322754,25391800
2021-10-05,30.625307083129883,27604500
2021-10-06,29.905698776245117,22400600
2021-10-07,30.354280471801758,21848900
2021-10-08,31.42901611328125,20246900
2021-10-11,31.20471954345703,21394900
2021-10-12,30.849592208862305,15502200
2021-10-13,30.1673641204834,14943900
2021-10-14,29.89635467529297,17846800
2021-10-15,29.587949752807617,14781600
2021-10-18,30.77483367919922,25900800
2021-10-19,30.784170150756836,13006200
2021-10-20,31.176687240600586,15636600
2021-10-21,30.653339385986328,14869300
2021-10-22,31.70939064025879,15001000
2021-10-25,32.91495895385742,19253700
2021-10-26,33.04579544067383,15398100
2021-10-27,31.120615005493164,20124800
2021-10-28,31.615930557250977,12039200
2021-10-29,31.335559844970703,13346500
2021-11-01,32.53179168701172,14134100
2021-11-02,32.111244201660156,11558000
2021-11-03,31.63461685180664,13784000
2021-11-04,31.54115867614746,20375400
2021-11-05,31.23275375366211,18862600
2021-11-08,32.04582977294922,14267500
2021-11-09,31.531827926635742,13200100
2021-11-10,29.737476348876953,17561000
2021-11-11,30.017845153808594,10685000
2021-11-12,29.98046112060547,10241300
2021-11-15,29.88700294494629,10287600
2021-11-16,29.75617027282715,10348500
2021-11-17,28.746854782104492,14406100
2021-11-18,28.63470458984375,12785500
2021-11-19,27.21417999267578,19305800
2021-11-22,28.045934677124023,16567300
2021-11-23,29.830928802490234,21482800
2021-11-24,29.915035247802734,11491000
2021-11-26,27.7562255859375,22787800
2021-11-29,28.092662811279297,15448100
2021-11-30,27.709495544433594,20779600
2021-12-01,27.055309295654297,19000400
2021-12-02,27.709495544433594,18877800
2021-12-03,27.251567840576172,15148800
2021-12-06,27.887062072753906,11188800
2021-12-07,29.083295822143555,13643800
2021-12-08,28.75619125366211,11473700
2021-12-09,28.27007293701172,9111700
2021-12-10,28.76554298400879,9672300
2021-12-13,27.32585906982422,12525700
2021-12-14,26.86778450012207,14116400
2021-12-15,26.662113189697266,19091700
2021-12-16,26.53123664855957,13027200
2021-12-17,26.213382720947266,23302200
2021-12-20,25.222434997558594,21316200
2021-12-21,26.736906051635742,13116200
2021-12-22,27.036054611206055,8381000
2021-12-23,26.970619201660156,8401600
2021-12-27,27.70915412902832,8380000
2021-12-28,27.5595760345459,9544200
2021-12-29,27.353914260864258,11311000
2021-12-30,27.08279800415039,9509500
2021-12-31,27.101497650146484,8669200
2022-01-03,29.03664779663086,15094100
2022-01-04,31.205522537231445,26692400
2022-01-05,29.737794876098633,21157300
2022-01-06,30.625911712646484,18528200
2022-01-07,31.046594619750977,14884500
2022-01-10,30.270666122436523,17609700
2022-01-11,32.43952941894531,20876100
2022-01-12,32.48627853393555,15501800
2022-01-13,31.925363540649414,13529500
2022-01-14,33.19675827026367,19566000
2022-01-18,33.68288803100586,24397200
2022-01-19,33.495914459228516,18393300
2022-01-20,32.67325973510742,16099300
2022-01-21,31.551424026489258,18434100
2022-01-24,31.794479370117188,23734700
2022-01-25,34.37468719482422,28095600
2022-01-26,34.64579391479492,25911600
2022-01-27,34.832763671875,21095800
2022-01-28,35.12257385253906,16658200
2022-01-31,35.2160530090332,16469300
2022-02-01,36.730525970458984,20514800
2022-02-02,37.03902053833008,14752700
2022-02-03,37.3942756652832,22557500
2022-02-04,38.14216232299805,23757400
2022-02-07,38.329132080078125,15544000
2022-02-08,36.786617279052734,20307500
2022-02-09,37.67473220825195,16412000
2022-02-10,38.02997589111328,17756300
2022-02-11,40.180145263671875,24477900
2022-02-14,38.54413604736328,21485900
2022-02-15,37.2540397644043,23600000
2022-02-16,37.06707000732422,18292100
2022-02-17,37.263389587402344,15162800
2022-02-18,36.98293685913086,14462700
2022-02-22,35.82371139526367,20757200
2022-02-23,36.16960906982422,15379400
2022-02-24,36.38462448120117,32173800
2022-02-25,36.21635437011719,29780400
2022-02-28,40.881282806396484,50039500
2022-03-01,43.741947174072266,68949800
2022-03-02,45.219024658203125,51230100
2022-03-03,44.63941192626953,43690500
2022-03-04,52.49221420288086,101631900
2022-03-07,51.77237319946289,81361200
2022-03-08,51.04317855834961,81141800
2022-03-09,53.882564544677734,134669000
2022-03-10,54.47292709350586,81812600
2022-03-11,54.30424499511719,48469600
2022-03-14,52.09272384643555,53706900
2022-03-15,51.099403381347656,49163900
2022-03-16,49.65629196166992,43406300
2022-03-17,54.360477447509766,59355500
2022-03-18,52.70182418823242,40835900
2022-03-21,57.124874114990234,52223000
2022-03-22,55.8879280090332,35853500
2022-03-23,56.075347900390625,39139700
2022-03-24,54.11683654785156,28409100
2022-03-25,55.01642990112305,37749900
2022-03-28,53.076656341552734,24924700
2022-03-29,53.217227935791016,29111200
2022-03-30,53.86381912231445,26069000
2022-03-31,53.170372009277344,32217500
2022-04-01,54.454185485839844,21019000
2022-04-04,54.15431594848633,19338700
2022-04-05,52.21454620361328,22939300
2022-04-06,52.57064437866211,27903000
2022-04-07,54.051239013671875,24408300
2022-04-08,57.91203308105469,41639000
2022-04-11,54.2761344909668,27618000
2022-04-12,55.41938018798828,26820900
2022-04-13,55.86918640136719,21358400
2022-04-14,55.6068000793457,18789400
2022-04-18,57.50908660888672,30802500
2022-04-19,56.58135986328125,19514600
2022-04-20,57.60280227661133,20837800
2022-04-21,55.475608825683594,32050400
2022-04-22,53.05791473388672,22816900
2022-04-25,51.464866638183594,32977000
2022-04-26,51.371158599853516,27151300
2022-04-27,52.09272384643555,20688500
2022-04-28,53.442108154296875,20633100
2022-04-29,51.624176025390625,19208600
2022-05-02,54.632225036621094,38104700
2022-05-03,55.51309585571289,24723400
2022-05-04,57.69650650024414,27975500
2022-05-05,58.371212005615234,42153600
2022-05-06,60.8545036315918,30897900
2022-05-09,54.20116424560547,40093500
2022-05-10,55.672393798828125,30590200
2022-05-11,56.318992614746094,36357100
2022-05-12,55.494346618652344,23862900
2022-05-13,60.0485954284668,35184900
2022-05-16,63.45960235595703,38650700
2022-05-17,63.665771484375,28834800
2022-05-18,60.25475311279297,28649800
2022-05-19,59.93614196777344,27147600
2022-05-20,59.28017807006836,23803400
2022-05-23,61.304298400878906,24517300
2022-05-24,60.9763069152832,19892900
2022-05-25,62.21327590942383,18245000
2022-05-26,64.34046936035156,22548600
2022-05-27,66.40206146240234,20843900
2022-05-31,64.94956970214844,41019500
2022-06-01,65.98973083496094,28856900
2022-06-02,64.94020080566406,23447600
2022-06-03,65.86792755126953,23397800
2022-06-06,65.2306900024414,25654100
2022-06-07,66.1115493774414,25630500
2022-06-08,64.68718719482422,29262700
2022-06-09,61.194637298583984,25112700
2022-06-10,59.96473693847656,27407900
2022-06-13,56.1717643737793,34448400
2022-06-14,58.29357147216797,31328400
2022-06-15,56.59423828125,29608900
2022-06-16,53.33641052246094,40604300
2022-06-17,52.275508880615234,51530800
2022-06-21,54.33159637451172,31096600
2022-06-22,52.360008239746094,37726100
2022-06-23,52.66043472290039,36861500
2022-06-24,54.00300598144531,45335600
2022-06-27,55.298622131347656,26793500
2022-06-28,57.936805725097656,39095200
2022-06-29,55.48639678955078,31710700
2022-06-30,55.27985382080078,27244400
2022-07-01,56.744468688964844,28036800
2022-07-05,55.495784759521484,39977000
2022-07-06,55.495784759521484,30682700
2022-07-07,57.71148681640625,25249700
2022-07-08,56.960391998291016,25463700
2022-07-11,55.880714416503906,17894700
2022-07-12,53.8621711730957,25927800
2022-07-13,54.46303939819336,19295500
2022-07-14,53.73072814941406,24478800
2022-07-15,55.120235443115234,18944500
2022-07-18,56.3783073425293,20112500
2022-07-19,58.97893524169922,21616400
2022-07-20,59.664302825927734,17643100
2022-07-21,58.209075927734375,16640500
2022-07-22,57.326560974121094,14198400
2022-07-25,60.47172164916992,19564400
2022-07-26,58.2747917175293,20190800
2022-07-27,58.941383361816406,16625100
2022-07-28,58.809940338134766,14559400
2022-07-29,61.729793548583984,19570700
2022-08-01,61.241580963134766,16725700
2022-08-02,61.081974029541016,16296800
2022-08-03,57.260833740234375,32476600
2022-08-04,53.9466667175293,37999100
2022-08-05,55.40188980102539,20987500
2022-08-08,56.368919372558594,18132800
2022-08-09,58.594017028808594,22286800
2022-08-10,59.01649856567383,14200100
2022-08-11,61.673465728759766,21762300
2022-08-12,61.71100997924805,11746100
2022-08-15,60.4059944152832,16684700
2022-08-16,59.626739501953125,16662200
2022-08-17,59.11976623535156,14889800
2022-08-18,60.91297149658203,16818000
2022-08-19,66.93106842041016,79948100
2022-08-22,64.80924987792969,47928800
2022-08-23,69.27819061279297,59618700
2022-08-24,70.32971954345703,39632300
2022-08-25,69.92601013183594,22784600
2022-08-26,69.05288696289062,20581100
2022-08-29,70.6583251953125,29995000
2022-08-30,67.6070327758789,26152900
2022-08-31,66.65878295898438,21579100
2022-09-01,64.2177505493164,21504300
2022-09-02,64.56512451171875,22793000
2022-09-06,62.79069900512695,21676400
2022-09-07,61.42933654785156,22488400
2022-09-08,60.65949630737305,22052700
2022-09-09,61.722537994384766,21708300
2022-09-12,62.84203338623047,26349100
2022-09-13,61.468536376953125,25446400
2022-09-14,63.21832275390625,28407000
2022-09-15,61.23333740234375,24382100
2022-09-16,60.59364318847656,57451400
2022-09-19,60.84764099121094,19677400
2022-09-20,60.471343994140625,20264200
2022-09-21,58.96615219116211,18597200
2022-09-22,58.21355056762695,20343200
2022-09-23,55.25018310546875,29654900
2022-09-26,54.45055389404297,25390700
2022-09-27,55.062034606933594,28187500
2022-09-28,57.771385192871094,22343900
2022-09-29,58.4299201965332,30091400
2022-09-30,57.80902862548828,19494900
2022-10-03,60.264373779296875,25451400
2022-10-04,62.249359130859375,25152300
2022-10-05,63.72633361816406,25491400
2022-10-06,66.32279968261719,23475300
2022-10-07,65.66426849365234,29085000
2022-10-10,61.741355895996094,24069200
2022-10-11,60.23615646362305,22465500
2022-10-12,61.252166748046875,17647100
2022-10-13,63.970924377441406,22618700
2022-10-14,62.729129791259766,17836000
2022-10-17,63.36884689331055,14839400
2022-10-18,63.76395797729492,15683800
2022-10-19,64.40367126464844,17116000
2022-10-20,64.77055358886719,15403000
2022-10-21,67.03777313232422,16716000
2022-10-24,66.63324737548828,12902800
2022-10-25,66.87782287597656,12413500
2022-10-26,68.22311401367188,12722000
2022-10-27,67.61164093017578,12754100
2022-10-28,67.58341217041016,13814400
2022-10-31,68.29835510253906,13646400
2022-11-01,69.42727661132812,13011800
2022-11-02,66.88724517822266,16178400
2022-11-03,67.88445281982422,12815300
2022-11-04,68.92867279052734,16034400
2022-11-07,71.46869659423828,17469200
2022-11-08,70.396240234375,16029700
2022-11-09,63.905059814453125,24783400
2022-11-10,66.30399322509766,18619500
2022-11-11,69.92587280273438,20663600
2022-11-14,68.93807983398438,15592000
2022-11-15,70.01994323730469,17099100
2022-11-16,67.66807556152344,13155000
2022-11-17,67.22591400146484,11624400
2022-11-18,67.02836608886719,16252800
2022-11-21,65.46671295166016,21673000
2022-11-22,68.45830535888672,15944400
2022-11-23,66.90605926513672,12375500
2022-11-25,66.11583709716797,5426500
2022-11-28,64.18730926513672,13366300
2022-11-29,65.01516723632812,12701700
2022-11-30,65.37263488769531,13850000
2022-12-01,64.7235107421875,9247400
2022-12-02,64.16849517822266,9092400
2022-12-05,62.42808532714844,15275500
2022-12-06,60.339637756347656,13006900
2022-12-07,60.160888671875,11757800
2022-12-08,59.93511199951172,13268600
2022-12-09,59.011295318603516,11979500
2022-12-12,60.35932159423828,12659500
2022-12-13,60.59498977661133,13408900
2022-12-14,60.02938461303711,13390400
2022-12-15,59.53919219970703,10737500
2022-12-16,58.94530487060547,19373100
2022-12-19,58.83218765258789,10057700
2022-12-20,58.79448318481445,9925600
2022-12-21,60.07651901245117,11611900
2022-12-22,58.257164001464844,12991200
2022-12-23,60.28390121459961,11828800
2022-12-27,60.642120361328125,9026100
2022-12-28,58.52111053466797,10347000
2022-12-29,58.70964050292969,7338700
2022-12-30,59.378944396972656,8182000
2023-01-03,57.55015563964844,13104000
2023-01-04,57.606712341308594,12238000
2023-01-05,58.653079986572266,10692800
2023-01-06,60.095375061035156,9832700
2023-01-09,60.40645217895508,12519800
2023-01-10,60.472442626953125,6613500
2023-01-11,60.41587448120117,7613900
2023-01-12,61.971290588378906,12351900
2023-01-13,61.56592559814453,7200100
2023-01-17,61.009761810302734,7503300
2023-01-18,60.726959228515625,13922500
2023-01-19,61.90529251098633,10038400
2023-01-20,63.074222564697266,12439900
2023-01-23,62.68772506713867,9891500
2023-01-24,60.73638916015625,8519100
2023-01-25,60.821224212646484,10053300
2023-01-26,63.243900299072266,12564400
2023-01-27,62.725425720214844,8761000
2023-01-30,60.45357894897461,9515100
2023-01-31,61.07575607299805,10315300
2023-02-01,59.85970687866211,12695000
2023-02-02,58.88874816894531,13098500
2023-02-03,57.7292594909668,17851500
2023-02-06,58.021488189697266,11803100
2023-02-07,60.896644592285156,12969300
2023-02-08,60.26504898071289,7668300
2023-02-09,59.57689666748047,6738800
2023-02-10,61.86759948730469,13530700
2023-02-13,61.04746627807617,7835100
2023-02-14,62.53689193725586,12410300
2023-02-15,59.294097900390625,17780100
2023-02-16,58.91703414916992,12173900
2023-02-17,57.24848937988281,20380400
2023-02-21,56.390663146972656,11314600
2023-02-22,55.070919036865234,17198700
2023-02-23,55.8250617980957,12734600
2023-02-24,55.598819732666016,13116300
2023-02-27,55.57996368408203,17984600
2023-02-28,55.202903747558594,34364400
2023-03-01,56.28696823120117,14414200
2023-03-02,56.81486511230469,13858700
2023-03-03,57.73869323730469,17088900
2023-03-06,58.14404296875,12890800
2023-03-07,57.36162185668945,12547300
2023-03-08,58.58708953857422,22947000
2023-03-09,57.25406265258789,13331000
2023-03-10,56.59227752685547,14715800
2023-03-13,55.92103576660156,19574500
2023-03-14,56.90425491333008,16825700
2023-03-15,53.69931411743164,30722100
2023-03-16,55.817039489746094,22719100
2023-03-17,55.2876091003418,21005700
2023-03-20,55.76030731201172,14579700
2023-03-21,56.95153045654297,16959100
2023-03-22,55.476688385009766,13936200
2023-03-23,55.2876091003418,15059300
2023-03-24,55.00398635864258,13598000
2023-03-27,56.393741607666016,14419700
2023-03-28,58.81399154663086,21795500
2023-03-29,58.700538635253906,13107100
2023-03-30,58.91797637939453,8311700
2023-03-31,59.021976470947266,9618800
2023-04-03,61.62186050415039,24486500
2023-04-04,61.29096603393555,16176400
2023-04-05,61.04515838623047,12056100
2023-04-06,59.59868240356445,10480900
2023-04-10,60.59135818481445,11531400
2023-04-11,60.85608673095703,8979000
2023-04-12,61.300411224365234,9185400
2023-04-13,61.23423767089844,7697000
2023-04-14,60.9600715637207,6763400
2023-04-17,59.50413513183594,8514700
2023-04-18,59.56085968017578,7936600
2023-04-19,59.05979537963867,7742200
2023-04-20,58.6438102722168,7769000
2023-04-21,58.492549896240234,7825200
2023-04-24,59.33396530151367,7560200
2023-04-25,57.98202896118164,9709700
2023-04-26,56.97043991088867,8470900
2023-04-27,57.27296829223633,8172100
2023-04-28,58.17111587524414,9727700
2023-05-01,57.83076477050781,7337700
2023-05-02,56.762451171875,12442900
2023-05-03,55.75086212158203,11639200
2023-05-04,55.495601654052734,11202000
2023-05-05,57.3769645690918,11276000
2023-05-08,55.74140167236328,17632100
2023-05-09,55.74140167236328,13373200
2023-05-10,53.74658966064453,21378600
2023-05-11,54.76763153076172,14178100
2023-05-12,54.91889190673828,9463700
2023-05-15,55.3254280090332,9155600
2023-05-16,54.96616744995117,10516000
2023-05-17,55.70359420776367,9549100
2023-05-18,55.07016372680664,11296800
2023-05-19,55.90211868286133,16016600
2023-05-22,55.817039489746094,9445200
2023-05-23,56.42210006713867,9639200
2023-05-24,56.14793014526367,10665800
2023-05-25,55.59960174560547,10362900
2023-05-26,55.72249984741211,9946000
2023-05-30,55.39160919189453,12529400
2023-05-31,54.51237106323242,15280300
2023-06-01,54.947261810302734,10189800
2023-06-02,56.43155288696289,14473200
2023-06-05,56.15739440917969,8796500
2023-06-06,56.1952018737793,8616500
2023-06-07,56.762451171875,9055600
2023-06-08,56.620208740234375,11009100
2023-06-09,56.250389099121094,7396200
2023-06-12,56.12712097167969,8312500
2023-06-13,55.728858947753906,11501300
2023-06-14,55.44437789916992,11289200
2023-06-15,55.39695739746094,10699700
2023-06-16,55.14093780517578,13741500
2023-06-20,54.26853942871094,12586100
2023-06-21,54.49612808227539,9013200
2023-06-22,53.595279693603516,10322000
2023-06-23,53.16857147216797,21395600
2023-06-26,54.28750991821289,11174900
2023-06-27,54.1737174987793,9013500
2023-06-28,54.48664474487305,8867400
2023-06-29,55.491790771484375,10982600
2023-06-30,55.75729751586914,11629500
2023-07-03,56.14608383178711,4541200
2023-07-05,55.8426399230957,8018800
2023-07-06,54.628875732421875,9765000
2023-07-07,55.57713317871094,11270000
2023-07-10,55.66246795654297,8200100
2023-07-11,57.41674041748047,14636200
2023-07-12,58.14689636230469,11581700
2023-07-13,58.260684967041016,9794200
2023-07-14,56.30729293823242,9846000
2023-07-17,56.22193908691406,6601200
2023-07-18,56.971065521240234,10918100
2023-07-19,57.04692459106445,7568300
2023-07-20,57.331398010253906,5714600
2023-07-21,57.59691619873047,6490000
2023-07-24,59.09516143798828,11878000
2023-07-25,60.128746032714844,10371700
2023-07-26,59.59772491455078,6861000
2023-07-27,58.64947509765625,7804900
2023-07-28,58.86756134033203,6211300
2023-07-31,59.86323928833008,9513700
2023-08-01,59.398597717285156,6603100
2023-08-02,58.28913497924805,11352600
2023-08-03,58.9908447265625,12127000
2023-08-04,60.233062744140625,14326800
2023-08-07,60.59339141845703,8879200
2023-08-08,60.45114517211914,7304600
2023-08-09,60.50804901123047,10757500
2023-08-10,60.43218994140625,7611100
2023-08-11,62.43301010131836,17115400
2023-08-14,61.74078369140625,7953300
2023-08-15,60.26150894165039,7857300
2023-08-16,59.3132438659668,7805700
2023-08-17,59.89168167114258,7863000
2023-08-18,60.75459671020508,7518600
2023-08-21,60.43218994140625,6809800
2023-08-22,59.654624938964844,5116900
2023-08-23,58.62102127075195,8758500
2023-08-24,58.17534255981445,6267100
2023-08-25,58.63999938964844,6790000
2023-08-28,59.01929473876953,4840300
2023-08-29,59.17101287841797,5509500
2023-08-30,59.38911437988281,4714500
2023-08-31,59.54083251953125,10915100
2023-09-01,61.22872543334961,9029500
2023-09-05,62.75541305541992,15600800
2023-09-06,62.176971435546875,8177800
2023-09-07,61.39727783203125,6617500
2023-09-08,62.07238006591797,6346600
2023-09-11,60.7031364440918,7917300
2023-09-12,63.165870666503906,11441800
2023-09-13,63.0612678527832,9142900
2023-09-14,63.99311828613281,9851300
2023-09-15,62.899635314941406,23148000
2023-09-18,63.0612678527832,7746800
2023-09-19,62.57632827758789,8150900
2023-09-20,61.092994689941406,6735500
2023-09-21,59.48603439331055,10259900
2023-09-22,59.7998161315918,7146300
2023-09-25,60.056549072265625,6234000
2023-09-26,60.04704284667969,6196300
2023-09-27,62.37664794921875,11679100
2023-09-28,62.64290237426758,9156800
2023-09-29,61.69203567504883,10063300
2023-10-02,59.23879623413086,10859900
2023-10-03,59.39094924926758,7765900
2023-10-04,57.08986282348633,15878800
2023-10-05,56.50031661987305,10278000
2023-10-06,58.38302993774414,12539400
2023-10-09,61.02642822265625,17276600
2023-10-10,60.83626174926758,7885600
2023-10-11,60.23720932006836,11481200
2023-10-12,60.11359786987305,8634600
2023-10-13,61.20709991455078,15373900
2023-10-16,62.157962799072266,8005600
2023-10-17,62.310089111328125,7290600
2023-10-18,63.23244094848633,8930500
2023-10-19,63.19441223144531,8545800
2023-10-20,61.977298736572266,8296700
2023-10-23,59.73325729370117,16032400
2023-10-24,59.45750427246094,7463000
2023-10-25,60.16114807128906,6676100
2023-10-26,60.16114807128906,8717500
2023-10-27,59.172245025634766,9197900
2023-10-30,58.6397590637207,7252600
2023-10-31,58.772884368896484,5572700
2023-11-01,58.34498977661133,6285100
2023-11-02,60.16114807128906,7404200
2023-11-03,59.913909912109375,8661700
2023-11-06,58.71583557128906,8165900
2023-11-07,57.24198913574219,13014700
2023-11-08,58.14531326293945,11345100
2023-11-09,57.60332489013672,7046600
2023-11-10,57.98366928100586,7604100
2023-11-13,58.582706451416016,6830600
2023-11-14,58.696815490722656,6766900
2023-11-15,58.28794479370117,6789600
2023-11-16,57.346588134765625,10976600
2023-11-17,57.96465301513672,9178000
2023-11-20,58.135799407958984,6135400
2023-11-21,57.76496887207031,6092600
2023-11-22,57.251495361328125,10582400
2023-11-24,57.20396041870117,4449200
2023-11-27,56.9282112121582,8319500
2023-11-28,57.1088752746582,6972800
2023-11-29,57.36560821533203,7542200
2023-11-30,56.243587493896484,15858700
2023-12-01,55.93931198120117,9722500
2023-12-04,55.01697540283203,11467600
2023-12-05,54.46547317504883,8243300
2023-12-06,53.70478439331055,12915500
2023-12-07,53.800167083740234,11624600
2023-12-08,53.866947174072266,8209000
2023-12-11,54.429744720458984,15273800
2023-12-12,52.989349365234375,23323200
2023-12-13,54.58237075805664,15845700
2023-12-14,56.05137634277344,19890300
2023-12-15,55.86061096191406,17700600
2023-12-18,56.251705169677734,9284700
2023-12-19,57.52039337158203,11375100
2023-12-20,57.39638137817383,11445000
2023-12-21,57.653934478759766,9863000
2023-12-22,58.00688552856445,10994200
2023-12-26,58.60784149169922,7126500
2023-12-27,58.22629165649414,5456400
2023-12-28,57.205604553222656,7957800
2023-12-29,56.95759201049805,5926200
2024-01-02,57.28192138671875,7456200
2024-01-03,57.81610870361328,7269300
2024-01-04,56.3947868347168,9423300
2024-01-05,56.223087310791016,8016800
2024-01-08,55.58396530151367,10343500
2024-01-09,54.81130599975586,8531400
2024-01-10,54.18172836303711,10864200
2024-01-11,54.49651336669922,9455300
2024-01-12,55.383644104003906,11246000
2024-01-16,54.01002883911133,13323500
2024-01-17,53.62845993041992,9651200
2024-01-18,53.866947174072266,12283500
2024-01-19,53.819244384765625,9597300
2024-01-22,54.12449264526367,8047500
2024-01-23,54.114959716796875,6337500
2024-01-24,54.66822052001953,7615400
2024-01-25,55.33595657348633,9611700
2024-01-26,55.707977294921875,7102800
2024-01-29,55.53627395629883,7175800
2024-01-30,56.184932708740234,8337500
2024-01-31,54.916236877441406,8941900
2024-02-01,54.677757263183594,11277700
2024-02-02,54.41067123413086,8412400
2024-02-05,54.353431701660156,10196900
2024-02-06,54.916236877441406,9081100
2024-02-07,54.963932037353516,8045000
2024-02-08,55.374107360839844,7706500
2024-02-09,54.82084655761719,8114600
2024-02-12,55.35503387451172,8878200
2024-02-13,54.95439910888672,10324700
2024-02-14,54.6586799621582,12516600
2024-02-15,57.33915710449219,21966000
2024-02-16,57.73025131225586,13472000
2024-02-20,56.814510345458984,16896800
2024-02-21,57.682559967041016,10308100
2024-02-22,57.73979568481445,9369300
2024-02-23,57.253292083740234,7789900
2024-02-26,57.682559967041016,8510000
2024-02-27,57.80656433105469,7051800
2024-02-28,57.48223876953125,7838200
2024-02-29,57.81610870361328,7574400
2024-03-01,58.53153610229492,7662000
2024-03-04,57.88288116455078,6359300
2024-03-05,57.7874870300293,6543000
2024-03-06,58.27397537231445,7919100
2024-03-07,58.4463005065918,7403300
2024-03-08,58.206966400146484,5288300
2024-03-11,58.896263122558594,6760600
2024-03-12,58.5324592590332,7124900
2024-03-13,59.4132194519043,8672400
2024-03-14,59.911048889160156,7433700
2024-03-15,59.978065490722656,9782600
2024-03-18,60.50460433959961,6797600
2024-03-19,61.32792282104492,6956000
2024-03-20,61.06945037841797,6313600
2024-03-21,61.20347213745117,5371100
2024-03-22,61.088592529296875,4927700
2024-03-25,61.797035217285156,6921300
2024-03-26,60.61948776245117,6182700
2024-03-27,61.46195602416992,5725700
2024-03-28,62.21826934814453,7159600
2024-04-01,63.54898452758789,8035300
2024-04-02,64.39144897460938,11722100
2024-04-03,64.82225799560547,8505900
2024-04-04,64.74566650390625,7475700
2024-04-05,66.29658508300781,12365300
2024-04-08,65.79876708984375,7830400
2024-04-09,65.62644958496094,4828900
2024-04-10,65.99979400634766,8136300
2024-04-11,66.30615234375,7078400
2024-04-12,66.06681060791016,14699500
2024-04-15,65.4253921508789,9248600
2024-04-16,63.970218658447266,12448000
2024-04-17,63.16604995727539,7053800
2024-04-18,63.223487854003906,7017500
2024-04-19,63.78831481933594,9794500
2024-04-22,64.14253997802734,6274000
2024-04-23,64.51590728759766,5385800
2024-04-24,64.4584732055664,5285800
2024-04-25,64.9850082397461,5316700
2024-04-26,64.8892593383789,5426900
2024-04-29,65.32008361816406,5426900
2024-04-30,63.31922149658203,7386100
2024-05-01,61.701297760009766,8655000
2024-05-02,61.90234375,5504600
2024-05-03,61.643856048583984,6771500
2024-05-06,62.246986389160156,8382900
2024-05-07,62.29485321044922,6266300
2024-05-08,60.96413803100586,9079800
2024-05-09,61.50025177001953,4983500
2024-05-10,60.858829498291016,6540400
2024-05-13,60.22697448730469,6419800
2024-05-14,60.370582580566406,4711000
2024-05-15,60.67692947387695,6410700
2024-05-16,60.179107666015625,5313500
2024-05-17,60.705650329589844,6602600
2024-05-20,60.858829498291016,4840800
2024-05-21,60.6482048034668,4089500
2024-05-22,59.987632751464844,5747900
2024-05-23,59.3174934387207,6609200
2024-05-24,59.30792236328125,4616700
2024-05-28,59.556827545166016,6271900
2024-05-29,58.5133171081543,6714300
2024-05-30,58.59947967529297,3784200
2024-05-31,59.83446502685547,7976900
2024-06-03,57.98677444458008,7562900
2024-06-04,57.33577346801758,6910100
2024-06-05,57.287906646728516,4903000
2024-06-06,57.517669677734375,5026800
2024-06-07,56.94325256347656,6964200
2024-06-10,58.11556625366211,7812600
2024-06-11,58.24048614501953,4899100
2024-06-12,57.94260025024414,7426100
2024-06-13,57.46215057373047,9185100
2024-06-14,57.50058364868164,8611100
2024-06-17,57.84651184082031,7717200
2024-06-18,58.86505889892578,10427100
2024-06-20,59.99893569946289,11219700
2024-06-21,58.538360595703125,21275100
2024-06-24,60.77727127075195,10315100
2024-06-25,60.63313674926758,5971400
2024-06-26,60.41212844848633,5259300
2024-06-27,60.239166259765625,4730900
2024-06-28,60.56586837768555,8397000
2024-07-01,60.42173767089844,5321600
2024-07-02,59.92206573486328,6663000
2024-07-03,59.883628845214844,4119000
2024-07-05,59.37435531616211,4850700
2024-07-08,58.56718826293945,6330900
2024-07-09,58.63445281982422,5500900
2024-07-10,59.00920486450195,5217200
2024-07-11,59.07646560668945,5158000
2024-07-12,58.80741500854492,5098700
2024-07-15,59.576133728027344,8332400
2024-07-16,59.691444396972656,5007200
2024-07-17,60.681182861328125,7923800
2024-07-18,61.23850631713867,9040800
2024-07-19,60.66196823120117,10018700
2024-07-22,58.8170280456543,9944100
2024-07-23,58.04829788208008,8853100
2024-07-24,57.721595764160156,5568200
2024-07-25,58.163612365722656,5711700
2024-07-26,58.173221588134766,5189100
2024-07-29,57.82728958129883,6335300
2024-07-30,57.91377258300781,5804200
2024-07-31,58.4422721862793,5683100
2024-08-01,57.058570861816406,9600100
2024-08-02,55.4154167175293,16195900
2024-08-05,53.983665466308594,13395800
2024-08-06,53.93562698364258,8999100
2024-08-07,53.916412353515625,9895000
2024-08-08,56.24179458618164,13799500
2024-08-09,56.12649154663086,7596900
2024-08-12,56.67420959472656,6594400
2024-08-13,55.213626861572266,22503600
2024-08-14,54.713958740234375,18222200
2024-08-15,55.54994583129883,10305800
2024-08-16,55.35776901245117,8914700
2024-08-19,55.146358489990234,11056500
2024-08-20,53.974056243896484,14461100
2024-08-21,53.829925537109375,13709700
2024-08-22,53.90679931640625,8677000
2024-08-23,55.00223159790039,12116800
2024-08-26,55.12714767456055,11299600
2024-08-27,54.61787414550781,8436300
2024-08-28,54.560211181640625,7284400
2024-08-29,54.9734001159668,9452000
2024-08-30,54.75239181518555,9622300
2024-09-03,53.234161376953125,15361100
2024-09-04,52.49427032470703,10359500
2024-09-05,51.63906478881836,14145200
2024-09-06,49.995906829833984,17188000
2024-09-09,50.14004898071289,11129100
2024-09-10,49.59001159667969,13685500
2024-09-11,48.88558578491211,16988500
2024-09-12,49.20402526855469,11892300
2024-09-13,49.26192092895508,12359200
2024-09-16,49.49351501464844,9625500
2024-09-17,50.23654556274414,11814000
2024-09-18,49.937408447265625,9013500
2024-09-19,50.20759201049805,10834400
2024-09-20,49.83125305175781,11379100
2024-09-23,50.41024398803711,9572000
2024-09-24,50.56463623046875,9206800
2024-09-25,49.329471588134766,11820000
2024-09-26,48.1618537902832,22350700
2024-09-27,49.24262237548828,15713900
2024-09-30,49.73475646972656,20308800
2024-10-01,51.384864807128906,27900400
2024-10-02,51.56821060180664,22803300
2024-10-03,52.87092590332031,17561500
2024-10-04,53.80695343017578,14388300
2024-10-07,53.95169448852539,16170100
2024-10-08,52.41738510131836,13771600
2024-10-09,52.01210403442383,8850100
2024-10-10,52.658626556396484,7234200
2024-10-11,52.841976165771484,9436800
2024-10-14,52.02174377441406,10175800
2024-10-15,49.75406265258789,14928800
2024-10-16,49.46456527709961,8507400
2024-10-17,49.90845489501953,7644000
2024-10-18,49.85055923461914,9433700
2024-10-21,50.00495529174805,8892300
2024-10-22,50.275142669677734,7730800
2024-10-23,49.522464752197266,8185500
2024-10-24,49.55141067504883,8926500
2024-10-25,49.77336120605469,8825300
2024-10-28,48.856632232666016,11747700
2024-10-29,48.32590103149414,8425600
2024-10-30,48.41273880004883,7022500
2024-10-31,48.3548469543457,10964100
2024-11-01,47.83375930786133,13267200
2024-11-04,48.789085388183594,9668500
2024-11-05,48.63468933105469,7997900
2024-11-06,49.59001159667969,20203700
2024-11-07,49.41632080078125,12328200
2024-11-08,48.760135650634766,13729900
2024-11-11,49.030330657958984,10676000
2024-11-12,48.528541564941406,12197400
2024-11-13,49.329471588134766,24172200
2024-11-14,48.895233154296875,13340700
2024-11-15,48.21975326538086,15043300
2024-11-18,49.1268310546875,11980300
2024-11-19,48.73118591308594,8065500
2024-11-20,49.1268310546875,7554100
2024-11-21,49.73475646972656,8156100
2024-11-22,50.11110305786133,7431800
2024-11-25,48.67327880859375,13813000
2024-11-26,48.10395431518555,12284600
2024-11-27,48.5574836730957,6828000
2024-11-29,48.808387756347656,3820300
2024-12-02,48.65398025512695,8008100
2024-12-03,48.63468933105469,6351300
2024-12-04,47.187232971191406,14729200
2024-12-05,46.78193664550781,9937800
2024-12-06,45.87485885620117,16583800
2024-12-09,47.01353454589844,12216300
2024-12-10,46.57732391357422,10054000
2024-12-11,46.98445510864258,9617300
2024-12-12,46.71303176879883,7557700
2024-12-13,46.17988586425781,10414900
2024-12-16,45.17176818847656,14145500
2024-12-17,45.132991790771484,16866600
2024-12-18,44.60953903198242,16405600
2024-12-19,43.96976852416992,18592100
2024-12-20,45.685523986816406,29108300
2024-12-23,46.37376022338867,16857600
2024-12-24,46.645179748535156,5786900
2024-12-26,46.72272491455078,11247100
2024-12-27,47.07168960571289,11712100
2024-12-30,46.97475814819336,10123500
2024-12-31,47.8956413269043,10556400
