date,close,volume
2014-01-02,56.27585220336914,3275900
2014-01-03,56.37179946899414,3287200
2014-01-06,56.399200439453125,3888400
2014-01-07,57.22178268432617,6332400
2014-01-08,57.05726623535156,5653300
2014-01-09,56.78995132446289,4565900
2014-01-10,57.235477447509766,3712000
2014-01-13,56.46092224121094,4487100
2014-01-14,56.46092224121094,4389200
2014-01-15,56.81734848022461,4189100
2014-01-16,56.79679870605469,3724700
2014-01-17,56.34437942504883,6259600
2014-01-21,56.83790588378906,4790700
2014-01-22,56.78995132446289,3920400
2014-01-23,56.502037048339844,5429100
2014-01-24,55.81657791137695,5906200
2014-01-27,56.24842834472656,5811000
2014-01-28,56.42662811279297,3867800
2014-01-29,54.9871826171875,7539700
2014-01-30,55.57666778564453,4589100
2014-01-31,55.08315658569336,6728600
2014-02-03,53.85619354248047,7073500
2014-02-04,54.0275764465332,5431700
2014-02-05,54.43882751464844,4829600
2014-02-06,54.41826248168945,6113800
2014-02-07,54.9871826171875,4553800
2014-02-10,55.24766159057617,4742000
2014-02-11,55.6932258605957,5068100
2014-02-12,55.85771179199219,4471200
2014-02-13,54.6238899230957,11197000
2014-02-14,53.52717590332031,13206500
2014-02-18,53.5888557434082,9800200
2014-02-19,52.84855651855469,10353400
2014-02-20,53.47233200073242,9580300
2014-02-21,53.616294860839844,7488400
2014-02-24,54.06865692138672,7747000
2014-02-25,54.308589935302734,7509200
2014-02-26,53.91102981567383,6586200
2014-02-27,54.19891357421875,7809200
2014-02-28,54.88437271118164,9870600
2014-03-03,54.507362365722656,5767200
2014-03-04,55.41902160644531,7518000
2014-03-05,55.99059295654297,6398300
2014-03-06,56.142452239990234,5874500
2014-03-07,56.30121612548828,4032200
2014-03-10,56.418575286865234,4313500
2014-03-11,57.164100646972656,5837300
2014-03-12,56.70851135253906,5674500
2014-03-13,56.466896057128906,6119000
2014-03-14,55.9146614074707,7763000
2014-03-17,56.63948440551758,7762000
2014-03-18,56.570430755615234,3488300
2014-03-19,56.17007064819336,5106000
2014-03-20,56.508331298828125,3241100
2014-03-21,56.70159912109375,9206700
2014-03-24,56.52903366088867,5253600
2014-03-25,56.8810920715332,4170500
2014-03-26,57.205535888671875,6388200
2014-03-27,56.97773742675781,4352000
2014-03-28,57.26073455810547,4078100
2014-03-31,57.64042282104492,6620900
2014-04-01,57.2124137878418,4676800
2014-04-02,57.1088981628418,4919200
2014-04-03,57.233154296875,3362700
2014-04-04,57.012237548828125,4404100
2014-04-07,57.92345428466797,8976500
2014-04-08,57.61973190307617,6552700
2014-04-09,57.92345428466797,4926400
2014-04-10,57.7232780456543,7665500
2014-04-11,57.398799896240234,6703700
2014-04-14,57.674957275390625,4617800
2014-04-15,57.95796203613281,5673800
2014-04-16,58.51710510253906,5578400
2014-04-17,59.0555534362793,11168400
2014-04-21,59.304046630859375,4889800
2014-04-22,58.77251434326172,4483300
2014-04-23,58.958900451660156,4805300
2014-04-24,59.03483200073242,3749700
2014-04-25,58.84844207763672,3749300
2014-04-28,59.93223190307617,5978500
2014-04-29,59.20049285888672,4869100
2014-04-30,59.290260314941406,4387500
2014-05-01,59.069339752197266,3848700
2014-05-02,59.03483200073242,3438000
2014-05-05,59.304046630859375,2989800
2014-05-06,58.93129348754883,3141100
2014-05-07,59.918426513671875,5500600
2014-05-08,59.821781158447266,3507900
2014-05-09,60.17382049560547,3330100
2014-05-12,60.00816345214844,3218600
2014-05-13,60.21525192260742,2259400
2014-05-14,59.946044921875,2726300
2014-05-15,59.18669891357422,3877100
2014-05-16,59.73895263671875,3672600
2014-05-19,59.43521499633789,4201400
2014-05-20,59.12457275390625,4510200
2014-05-21,59.43521499633789,2647100
2014-05-22,59.07624435424805,2970600
2014-05-23,59.24882507324219,2750700
2014-05-27,59.73203659057617,4400100
2014-05-28,60.104801177978516,4030700
2014-05-29,60.56039810180664,4647300
2014-05-30,60.97459030151367,5181600
2014-06-02,60.657073974609375,2876100
2014-06-03,60.89864730834961,5174700
2014-06-04,60.80475997924805,3872400
2014-06-05,61.034271240234375,2937800
2014-06-06,61.138587951660156,3675400
2014-06-09,61.20118713378906,2280100
2014-06-10,61.4932861328125,3420600
2014-06-11,61.04819107055664,3747600
2014-06-12,60.65871810913086,3856200
2014-06-13,60.637855529785156,3047500
2014-06-16,60.88823699951172,3894500
2014-06-17,60.70045471191406,3393100
2014-06-18,61.827117919921875,5314400
2014-06-19,62.66166305541992,5380400
2014-06-20,61.966190338134766,5697000
2014-06-23,61.47239685058594,4187700
2014-06-24,61.23595428466797,4309700
2014-06-25,61.60456085205078,3965300
2014-06-26,61.62544631958008,3539300
2014-06-27,61.729736328125,3646100
2014-06-30,62.133113861083984,4473400
2014-07-01,61.9870719909668,3541000
2014-07-02,62.36262512207031,2829600
2014-07-03,62.606014251708984,2216800
2014-07-07,62.4947624206543,2534500
2014-07-08,62.40434646606445,3128700
2014-07-09,62.432151794433594,2603300
2014-07-10,62.66166305541992,3145600
2014-07-11,62.487789154052734,3655300
2014-07-14,63.34320831298828,4496100
2014-07-15,62.82855987548828,3959100
2014-07-16,62.939842224121094,5121600
2014-07-17,62.585166931152344,2823800
2014-07-18,62.65468978881836,5273200
2014-07-21,62.52951431274414,3024100
2014-07-22,62.01490020751953,5304400
2014-07-23,63.16241455078125,10953700
2014-07-24,63.92049026489258,5614700
2014-07-25,63.67009353637695,2925000
2014-07-28,63.2667236328125,4653900
2014-07-29,62.68949890136719,4268600
2014-07-30,61.83406448364258,4250200
2014-07-31,61.27070617675781,4825900
2014-08-01,61.27768325805664,3987700
2014-08-04,62.37652587890625,6488900
2014-08-05,62.03573989868164,7678800
2014-08-06,62.94680404663086,6589900
2014-08-07,62.522552490234375,4625600
2014-08-08,62.79381561279297,4739900
2014-08-11,63.83702087402344,5231100
2014-08-12,63.43362808227539,2776000
2014-08-13,63.80224609375,3690300
2014-08-14,63.83702087402344,3624900
2014-08-15,63.87874984741211,3844600
2014-08-18,64.08737182617188,2974700
2014-08-19,63.88569641113281,3086300
2014-08-20,64.14302825927734,5709300
2014-08-21,64.0178451538086,4060300
2014-08-22,63.704856872558594,3865500
2014-08-25,64.81065368652344,5031800
2014-08-26,64.40034484863281,3143400
2014-08-27,64.14302825927734,2955100
2014-08-28,64.38641357421875,3234300
2014-08-29,64.3238296508789,3657700
2014-09-02,64.31688690185547,5130300
2014-09-03,64.96478271484375,4929600
2014-09-04,64.33441162109375,4466800
2014-09-05,64.26433563232422,3148000
2014-09-08,64.3414077758789,3534300
2014-09-09,64.03319549560547,3259200
2014-09-10,64.2923812866211,3720500
2014-09-11,64.19432067871094,3670600
2014-09-12,63.64799118041992,3587700
2014-09-15,63.879119873046875,3770700
2014-09-16,64.8387222290039,5155400
2014-09-17,65.03482818603516,4997200
2014-09-18,65.39906311035156,4753300
2014-09-19,65.69322967529297,6259500
2014-09-22,65.54612731933594,3790600
2014-09-23,65.09085845947266,3386300
2014-09-24,65.49012756347656,4227300
2014-09-25,64.90874481201172,4372400
2014-09-26,65.23091888427734,3536300
2014-09-29,65.2449722290039,2973500
2014-09-30,65.20294189453125,4219300
2014-10-01,64.89472198486328,4842800
2014-10-02,64.84569549560547,3513800
2014-10-03,65.49012756347656,4084400
2014-10-06,65.39906311035156,3733100
2014-10-07,65.20994567871094,6799900
2014-10-08,65.79826354980469,5715200
2014-10-09,65.53912353515625,9094000
2014-10-10,66.29558563232422,8350900
2014-10-13,65.79826354980469,5194500
2014-10-14,65.14689636230469,5869000
2014-10-15,64.27835083007812,8580700
2014-10-16,63.591949462890625,7226400
2014-10-17,64.09625244140625,6260100
2014-10-20,65.52510070800781,6883100
2014-10-21,65.6512222290039,6982200
2014-10-22,66.16251373291016,5148200
2014-10-23,65.67222595214844,5805000
2014-10-24,66.26057434082031,4005800
2014-10-27,66.27459716796875,3135500
2014-10-28,66.72285461425781,3368300
2014-10-29,66.3236312866211,3274300
2014-10-30,66.99603271484375,3567200
2014-10-31,67.3602523803711,5259300
2014-11-03,67.12211608886719,4330400
2014-11-04,67.75249481201172,3944500
2014-11-05,67.86457061767578,3804100
2014-11-06,67.80854034423828,4198500
2014-11-07,67.8015365600586,5273400
2014-11-10,67.92058563232422,3345500
2014-11-11,67.73149871826172,3263600
2014-11-12,68.05368041992188,3247500
2014-11-13,69.02027893066406,6257900
2014-11-14,68.44589233398438,4335400
2014-11-17,68.93620300292969,3745200
2014-11-18,68.60001373291016,3908600
2014-11-19,68.92920684814453,3396800
2014-11-20,68.68402862548828,3727100
2014-11-21,69.2654037475586,5259800
2014-11-24,69.11831665039062,4540700
2014-11-25,69.29341888427734,3640900
2014-11-26,69.58763122558594,2685600
2014-11-28,70.11293029785156,2504300
2014-12-01,69.81175231933594,3658500
2014-12-02,70.3160629272461,3888000
2014-12-03,69.31845092773438,4943800
2014-12-04,68.91658782958984,4582600
2014-12-05,68.92363739013672,5308200
2014-12-08,68.937744140625,4233800
2014-12-09,68.47945404052734,3459700
2014-12-10,67.80966186523438,3972300
2014-12-11,67.88720703125,4784700
2014-12-12,66.79444885253906,3935900
2014-12-15,66.37142181396484,4555200
2014-12-16,65.27861022949219,6962800
2014-12-17,66.07530975341797,6189200
2014-12-18,67.2315444946289,8122800
2014-12-19,67.2879638671875,7678700
2014-12-22,68.119873046875,3623000
2014-12-23,68.64160919189453,3065800
2014-12-24,68.45124816894531,1604100
2014-12-26,68.42306518554688,1492700
2014-12-29,68.19744110107422,2453800
2014-12-30,67.65457153320312,2134400
2014-12-31,66.66753387451172,3727400
2015-01-02,66.58293151855469,3545700
2015-01-05,66.08236694335938,6441000
2015-01-06,65.58177185058594,6195000
2015-01-07,67.49948120117188,6526300
2015-01-08,68.7262191772461,7131600
2015-01-09,68.26090240478516,4061500
2015-01-12,67.9788818359375,4192700
2015-01-13,67.9295425415039,5371300
2015-01-14,68.15516662597656,5127800
2015-01-15,68.15516662597656,4424000
2015-01-16,68.59226989746094,4404400
2015-01-20,68.74737548828125,7029500
2015-01-21,68.66983032226562,5031100
2015-01-22,69.72735595703125,7620400
2015-01-23,69.46649932861328,4857700
2015-01-26,69.57929229736328,4298700
2015-01-27,68.19039916992188,7365300
2015-01-28,67.48533630371094,6280100
2015-01-29,67.70391082763672,4600300
2015-01-30,66.11761474609375,7741500
2015-02-02,67.21039581298828,6889500
2015-02-03,67.82379913330078,5090400
2015-02-04,68.10577392578125,5064700
2015-02-05,68.11284637451172,4466200
2015-02-06,68.183349609375,4629200
2015-02-09,67.66162109375,4217100
2015-02-10,69.08576965332031,6797400
2015-02-11,70.78490447998047,9736400
2015-02-12,70.69324493408203,9062300
2015-02-13,69.88949584960938,5643000
2015-02-17,69.34664916992188,5877800
2015-02-18,70.0304946899414,3472500
2015-02-19,69.6004409790039,4186300
2015-02-20,69.84015655517578,3945500
2015-02-23,70.1151123046875,3075700
2015-02-24,70.20677947998047,3389900
2015-02-25,70.15036010742188,3366100
2015-02-26,69.84720611572266,5722000
2015-02-27,69.7837905883789,6461700
2015-03-02,69.7978515625,3613600
2015-03-03,69.37483215332031,4148100
2015-03-04,69.1015625,3884200
2015-03-05,69.00932312011719,3537200
2015-03-06,68.25696563720703,6466100
2015-03-09,68.16470336914062,4810500
2015-03-10,67.02200317382812,5390300
2015-03-11,66.45421600341797,4637300
2015-03-12,67.93050384521484,4455000
2015-03-13,66.9439468383789,4703800
2015-03-16,67.7459716796875,4687400
2015-03-17,66.80909729003906,4507400
2015-03-18,67.17107391357422,7692100
2015-03-19,66.78781127929688,4386400
2015-03-20,67.66787719726562,8810400
2015-03-23,68.02986145019531,4739400
2015-03-24,68.03694152832031,7118600
2015-03-25,67.6111068725586,4965600
2015-03-26,67.87371826171875,5077700
2015-03-27,68.10081481933594,4245600
2015-03-30,68.50540161132812,5021200
2015-03-31,67.86663055419922,4397600
2015-04-01,67.49044036865234,4241200
2015-04-02,67.91630554199219,3586200
2015-04-06,68.47702026367188,4861800
2015-04-07,68.28538513183594,3376600
2015-04-08,68.15760040283203,3879100
2015-04-09,68.38472747802734,3487000
2015-04-10,68.27828979492188,2704900
2015-04-13,67.80272674560547,3772900
2015-04-14,68.48410034179688,4501700
2015-04-15,68.58345031738281,3508700
2015-04-16,68.45571899414062,3699000
2015-04-17,68.00144958496094,4991600
2015-04-20,68.49119567871094,4468600
2015-04-21,68.68991088867188,4184300
2015-04-22,69.04478454589844,5293600
2015-04-23,67.94470977783203,7827700
2015-04-24,67.54723358154297,5381700
2015-04-27,67.06461334228516,5348500
2015-04-28,67.0149154663086,5065900
2015-04-29,66.98651885986328,4963600
2015-04-30,67.51173400878906,6714400
2015-05-01,67.82402801513672,4622300
2015-05-04,68.10081481933594,3729400
2015-05-05,67.72468566894531,3502800
2015-05-06,67.76726531982422,3376400
2015-05-07,67.53302764892578,3157400
2015-05-08,68.52670288085938,5231600
2015-05-11,68.38472747802734,3070300
2015-05-12,68.27828979492188,4229900
2015-05-13,68.42732238769531,3739800
2015-05-14,69.55582427978516,4018500
2015-05-15,69.71199035644531,3809500
2015-05-18,69.59133911132812,3328300
2015-05-19,69.52037048339844,3323900
2015-05-20,69.33583068847656,2789800
2015-05-21,68.98804473876953,3406100
2015-05-22,68.32088470458984,3311100
2015-05-26,67.98727416992188,3806200
2015-05-27,68.40603637695312,4028200
2015-05-28,68.88866424560547,5321700
2015-05-29,68.44152069091797,5731700
2015-06-01,68.11502838134766,4407000
2015-06-02,68.17181396484375,3959800
2015-06-03,68.13821411132812,3248800
2015-06-04,67.30883026123047,4793700
2015-06-05,66.52949523925781,4741200
2015-06-08,66.37934875488281,4466600
2015-06-09,66.54379272460938,3411900
2015-06-10,66.98709869384766,3892000
2015-06-11,67.27307891845703,3020100
2015-06-12,67.0228271484375,3748500
2015-06-15,66.23635864257812,7203000
2015-06-16,66.88699340820312,2728700
2015-06-17,67.24446868896484,3108900
2015-06-18,68.08817291259766,4035400
2015-06-19,67.82361602783203,5463300
2015-06-22,68.3526840209961,3626700
2015-06-23,68.3526840209961,3679900
2015-06-24,68.13105773925781,4742000
2015-06-25,67.80216217041016,4426400
2015-06-26,67.8593521118164,5119600
2015-06-29,66.98709869384766,3625600
2015-06-30,66.73682403564453,4188500
2015-07-01,67.58049011230469,4808600
2015-07-02,67.68061828613281,3209600
2015-07-06,67.49471282958984,4952400
2015-07-07,68.92469787597656,7724800
2015-07-08,68.35987854003906,6055100
2015-07-09,67.63058471679688,9932300
2015-07-10,68.31697082519531,7233600
2015-07-13,69.51097869873047,7263800
2015-07-14,69.4466552734375,4479400
2015-07-15,68.8889389038086,5464700
2015-07-16,69.28216552734375,4253000
2015-07-17,69.19637298583984,3573300
2015-07-20,69.5753402709961,3391800
2015-07-21,69.30364990234375,3065400
2015-07-22,69.47523498535156,3371300
2015-07-23,69.2607421875,2742900
2015-07-24,68.76741790771484,3631700
2015-07-27,68.39559936523438,4783400
2015-07-28,68.71736145019531,4937100
2015-07-29,69.01763153076172,3851100
2015-07-30,69.0891342163086,3380700
2015-07-31,68.8889389038086,5049600
2015-08-03,69.67540740966797,3711100
2015-08-04,69.93280792236328,3955000
2015-08-05,70.91952514648438,4320400
2015-08-06,70.89090728759766,6224000
2015-08-07,70.85516357421875,4608300
2015-08-10,70.84800720214844,4753700
2015-08-11,70.51197814941406,3581300
2015-08-12,70.34037017822266,3743300
2015-08-13,70.6335220336914,4190600
2015-08-14,70.94810485839844,3375600
2015-08-17,71.39854431152344,3253100
2015-08-18,71.3342056274414,4578500
2015-08-19,70.7764892578125,3903500
2015-08-20,70.05438232421875,3956800
2015-08-21,68.81743621826172,7514400
2015-08-24,65.65718841552734,13366900
2015-08-25,64.09139251708984,8258100
2015-08-26,66.12907409667969,7614100
2015-08-27,66.92273712158203,6690000
2015-08-28,66.87268829345703,6002300
2015-08-31,66.44369506835938,5328000
2015-09-01,65.29969787597656,8367800
2015-09-02,66.02958679199219,5935400
2015-09-03,66.3826675415039,3774100
2015-09-04,65.51081848144531,5653600
2015-09-08,66.55561065673828,3638200
2015-09-09,65.44597625732422,4474400
2015-09-10,65.61170959472656,3928100
2015-09-11,66.0152359008789,4062600
2015-09-14,65.71258544921875,4383600
2015-09-15,66.33222198486328,3725100
2015-09-16,67.05996704101562,4152000
2015-09-17,67.27613830566406,5300800
2015-09-18,67.04557800292969,9622400
2015-09-21,67.5211181640625,3654000
2015-09-22,66.55561065673828,4547900
2015-09-23,66.57720947265625,3401600
2015-09-24,66.62765502929688,4064000
2015-09-25,67.34819030761719,4897200
2015-09-28,66.62765502929688,4659200
2015-09-29,67.03836059570312,5632200
2015-09-30,67.94622802734375,5873600
2015-10-01,67.62199401855469,5061800
2015-10-02,67.84535217285156,5163700
2015-10-05,69.03421783447266,5700200
2015-10-06,69.94210815429688,7094300
2015-10-07,70.98687744140625,6528200
2015-10-08,71.31111907958984,4683300
2015-10-09,71.67138671875,5607000
2015-10-12,71.43359375,4581300
2015-10-13,70.55455780029297,5989400
2015-10-14,70.24473571777344,4238400
2015-10-15,70.81394958496094,5763900
2015-10-16,71.83712005615234,5550800
2015-10-19,72.18295288085938,4902700
2015-10-20,72.24781036376953,3613600
2015-10-21,72.23339080810547,4332000
2015-10-22,74.27250671386719,5934800
2015-10-23,73.80415344238281,5015800
2015-10-26,73.88343048095703,3770700
2015-10-27,74.17162322998047,3995700
2015-10-28,74.02751159667969,5164800
2015-10-29,74.07075500488281,3008100
2015-10-30,73.63124084472656,5425800
2015-11-02,73.06200408935547,5007300
2015-11-03,72.71614074707031,4174900
2015-11-04,72.49999237060547,3345600
2015-11-05,72.4927978515625,2834100
2015-11-06,71.85150909423828,4660400
2015-11-09,71.24626922607422,3959900
2015-11-10,71.21024322509766,3367800
2015-11-11,71.6425552368164,3147300
2015-11-12,70.8788070678711,3892800
2015-11-13,70.64102935791016,4001000
2015-11-16,71.73623657226562,3446600
2015-11-17,71.21024322509766,3446500
2015-11-18,72.24781036376953,4074200
2015-11-19,72.72337341308594,3496000
2015-11-20,72.12530517578125,4800600
2015-11-23,72.66570281982422,4604000
2015-11-24,72.5072021484375,3405400
2015-11-25,72.41351318359375,2906000
2015-11-27,72.58646392822266,1463400
2015-11-30,72.16856384277344,6083300
2015-12-01,72.8170394897461,4473200
2015-12-02,72.18070220947266,4361600
2015-12-03,71.89772033691406,5661000
2015-12-04,73.32711791992188,6422700
2015-12-07,73.04414367675781,3408000
2015-12-08,72.68132781982422,3385200
2015-12-09,71.9267578125,4195100
2015-12-10,71.75985717773438,3926600
2015-12-11,70.94720458984375,5429700
2015-12-14,71.07056427001953,6633900
2015-12-15,72.11539459228516,5554200
2015-12-16,73.3416519165039,4994500
2015-12-17,72.70310974121094,4303600
2015-12-18,71.0342788696289,6926800
2015-12-21,71.55670166015625,3089100
2015-12-22,72.41287994384766,3882100
2015-12-23,73.0223617553711,2929600
2015-12-24,72.94981384277344,1044300
2015-12-28,73.05139923095703,4017700
2015-12-29,73.6100845336914,2362200
2015-12-30,73.39238739013672,2333000
2015-12-31,72.49995422363281,3041500
2016-01-04,71.66553497314453,6689000
2016-01-05,72.15889739990234,4893800
2016-01-06,72.18070220947266,5483400
2016-01-07,70.79483032226562,5440000
2016-01-08,70.53362274169922,4853500
2016-01-11,70.70052337646484,5638000
2016-01-12,70.83113098144531,5185800
2016-01-13,70.01847076416016,5161500
2016-01-14,69.51780700683594,6592500
2016-01-15,68.15372467041016,8229400
2016-01-19,69.48878479003906,6828900
2016-01-20,68.03761291503906,7558100
2016-01-21,68.54554748535156,6076300
2016-01-22,69.54683685302734,6946600
2016-01-25,69.6121597290039,4407000
2016-01-26,69.88788604736328,3735200
2016-01-27,69.6121597290039,5795100
2016-01-28,70.70775604248047,5169900
2016-01-29,72.05009460449219,7340600
2016-02-01,71.85420227050781,3648100
2016-02-02,71.25920104980469,3809900
2016-02-03,71.62925720214844,5146000
2016-02-04,70.66424560546875,5212000
2016-02-05,70.61345672607422,5574800
2016-02-08,70.75856018066406,4729500
2016-02-09,71.31000518798828,4994200
2016-02-10,70.83113098144531,4505500
2016-02-11,70.30868530273438,5898500
2016-02-12,71.46236419677734,5110600
2016-02-16,71.54216766357422,4709700
2016-02-17,72.23148345947266,4493200
2016-02-18,72.28225708007812,3729100
2016-02-19,72.25328063964844,4531300
2016-02-22,72.46366882324219,4731500
2016-02-23,72.2242202758789,3721100
2016-02-24,72.32581329345703,5691200
2016-02-25,73.04414367675781,4668900
2016-02-26,71.36805725097656,6506200
2016-02-29,70.9762191772461,5955300
2016-03-01,71.89772033691406,5160200
2016-03-02,71.85607147216797,4180000
2016-03-03,72.46260833740234,4856600
2016-03-04,73.07646179199219,7067200
2016-03-07,72.52837371826172,5967100
2016-03-08,72.88644409179688,4871200
2016-03-09,73.22258758544922,5085000
2016-03-10,73.64643859863281,5502800
2016-03-11,74.03372955322266,5912400
2016-03-14,73.55146026611328,3580500
2016-03-15,73.91682434082031,3860300
2016-03-16,73.6829833984375,4176600
2016-03-17,74.4429702758789,5635800
2016-03-18,74.01912689208984,7273900
2016-03-21,74.20181274414062,4420300
2016-03-22,73.63915252685547,3457600
2016-03-23,73.6683578491211,3407900
2016-03-24,73.57337188720703,3183100
2016-03-28,73.7925796508789,3785500
2016-03-29,74.07759094238281,3356700
2016-03-30,75.04219818115234,4673600
2016-03-31,74.88873291015625,5367700
2016-04-01,75.83872985839844,4128600
2016-04-04,75.86798095703125,4220400
2016-04-05,75.34181213378906,3589200
2016-04-06,75.94103240966797,4196800
2016-04-07,75.70720672607422,6220900
2016-04-08,76.78872680664062,6154500
2016-04-11,76.2187271118164,5354000
2016-04-12,76.66450500488281,3777200
2016-04-13,76.08717346191406,3802400
2016-04-14,75.38565063476562,5593300
2016-04-15,75.83142852783203,4553500
2016-04-18,75.79486846923828,7736900
2016-04-19,76.23331451416016,4996200
2016-04-20,74.85952758789062,4778000
2016-04-21,73.79989624023438,7145600
2016-04-22,74.52336120605469,5660200
2016-04-25,75.12258911132812,3501300
2016-04-26,74.9764175415039,3222900
2016-04-27,74.99833679199219,3730900
2016-04-28,75.24681091308594,4350200
2016-04-29,75.23950958251953,4604000
2016-05-02,75.5829849243164,3998100
2016-05-03,75.6779556274414,3945400
2016-05-04,76.01412963867188,3852600
2016-05-05,76.15296173095703,3401400
2016-05-06,76.70105743408203,3547700
2016-05-09,76.93487548828125,4432300
2016-05-10,77.87759399414062,3885500
2016-05-11,77.25642395019531,3424900
2016-05-12,77.53409576416016,3195200
2016-05-13,76.13103485107422,7811500
2016-05-16,76.09449768066406,4243200
2016-05-17,74.808349609375,5443300
2016-05-18,73.74143981933594,6970100
2016-05-19,74.04837799072266,4722400
2016-05-20,73.14950561523438,5704000
2016-05-23,73.38336181640625,4185900
2016-05-24,73.87297058105469,3446300
2016-05-25,73.87297058105469,3223800
2016-05-26,74.46489715576172,4543100
2016-05-27,74.50875091552734,2877000
2016-05-31,73.93144226074219,6368700
2016-06-01,74.78032684326172,4741400
2016-06-02,75.09689331054688,3618200
2016-06-03,75.48712158203125,4511700
2016-06-06,75.6122817993164,2944200
2016-06-07,75.45767211914062,4078700
2016-06-08,75.96566009521484,2860800
2016-06-09,76.31909942626953,3552200
2016-06-10,76.06138610839844,3462400
2016-06-13,75.8773193359375,4368300
2016-06-14,76.00247192382812,4363600
2016-06-15,75.7300796508789,3434400
2016-06-16,76.45896911621094,3520900
2016-06-17,76.13500213623047,5577900
2016-06-20,76.10556030273438,3567000
2016-06-21,76.6283187866211,3214500
2016-06-22,76.37797546386719,3398900
2016-06-23,76.89334106445312,3068100
2016-06-24,75.08219909667969,8654800
2016-06-27,75.19261169433594,6381900
2016-06-28,75.19999694824219,5195100
2016-06-29,75.92151641845703,4898700
2016-06-30,77.9977035522461,7973200
2016-07-01,77.76946258544922,4115700
2016-07-05,78.3510971069336,5365200
2016-07-06,77.98297119140625,6126500
2016-07-07,79.13890075683594,9912800
2016-07-08,79.71318054199219,6052800
2016-07-11,80.1843490600586,6446600
2016-07-12,80.09603118896484,4175800
2016-07-13,80.9206314086914,5232100
2016-07-14,80.95742797851562,4834300
2016-07-15,80.73654174804688,5230600
2016-07-18,80.40522766113281,3688700
2016-07-19,80.64083862304688,3987500
2016-07-20,80.19171905517578,3021800
2016-07-21,79.94139862060547,2765400
2016-07-22,80.39049530029297,2693100
2016-07-25,80.26533508300781,3053100
2016-07-26,79.66163635253906,3386100
2016-07-27,79.13153076171875,4724200
2016-07-28,79.61009979248047,3446500
2016-07-29,80.19171905517578,3995300
2016-08-01,80.1990737915039,3880700
2016-08-02,80.04447174072266,3431600
2016-08-03,79.54383087158203,3691900
2016-08-04,79.82357025146484,3226900
2016-08-05,80.00028228759766,3189400
2016-08-08,79.61744689941406,3304200
2016-08-09,79.72050476074219,2378200
2016-08-10,80.11810302734375,2189900
2016-08-11,79.8677749633789,2786800
2016-08-12,79.9487533569336,2563400
2016-08-15,80.04447174072266,2357800
2016-08-16,79.51436614990234,2677200
2016-08-17,79.86042785644531,2963900
2016-08-18,79.72050476074219,2373000
2016-08-19,79.6395492553711,2846600
2016-08-22,79.48490905761719,2304600
2016-08-23,79.426025390625,2473000
2016-08-24,79.59537506103516,3422600
2016-08-25,79.426025390625,2129500
2016-08-26,79.10944366455078,2868900
2016-08-29,79.50700378417969,2576400
2016-08-30,78.93272399902344,3708100
2016-08-31,79.14996337890625,3995000
2016-09-01,79.55037689208984,3799000
2016-09-02,79.98040771484375,3671200
2016-09-06,80.01748657226562,2913300
2016-09-07,79.49101257324219,3260500
2016-09-08,79.24636840820312,3491400
2016-09-09,77.14806365966797,6134500
2016-09-12,78.60872650146484,4569400
2016-09-13,77.54847717285156,4597700
2016-09-14,77.88953399658203,4007800
2016-09-15,78.20833587646484,3598600
2016-09-16,78.06005859375,4934100
2016-09-19,78.3492202758789,3439300
2016-09-20,78.81634521484375,3561700
2016-09-21,79.43174743652344,3913900
2016-09-22,79.9433364868164,3869400
2016-09-23,79.58744049072266,3235900
2016-09-26,79.35758972167969,4440400
2016-09-27,79.69866943359375,3779300
2016-09-28,79.6170883178711,5030500
2016-09-29,79.89884948730469,7249100
2016-09-30,80.647705078125,7173300
2016-10-03,80.26214599609375,4566000
2016-10-04,79.40949249267578,5830100
2016-10-05,78.60131072998047,6297000
2016-10-06,78.8904800415039,4886000
2016-10-07,78.58647918701172,4398400
2016-10-10,78.75701904296875,3119300
2016-10-11,78.27508544921875,3814400
2016-10-12,78.65320587158203,3419800
2016-10-13,78.53456115722656,3582600
2016-10-14,79.20933532714844,4788600
2016-10-17,79.22413635253906,4104400
2016-10-18,79.29826354980469,3850000
2016-10-19,78.78665161132812,4330600
2016-10-20,78.49751281738281,3751600
2016-10-21,78.31214904785156,3615400
2016-10-24,79.56517791748047,5126000
2016-10-25,79.5058822631836,3756300
2016-10-26,79.38723754882812,3440700
2016-10-27,79.0610122680664,4205300
2016-10-28,79.38723754882812,3378900
2016-10-31,79.48361206054688,3141700
2016-11-01,79.12035369873047,4289600
2016-11-02,79.12035369873047,3679200
2016-11-03,79.0610122680664,3447700
2016-11-04,78.45301818847656,2897600
2016-11-07,79.30570983886719,5469100
2016-11-08,80.61064147949219,4671000
2016-11-09,79.52071380615234,6515800
2016-11-10,76.55487060546875,9095200
2016-11-11,76.51043701171875,5888400
2016-11-14,75.17581176757812,7248800
2016-11-15,75.51686096191406,5672300
2016-11-16,75.4130859375,3962900
2016-11-17,75.34635162353516,4212600
2016-11-18,75.11649322509766,4919200
2016-11-21,75.82086944580078,3870800
2016-11-22,76.28799438476562,4540300
2016-11-23,75.27960205078125,4658400
2016-11-25,75.75414276123047,3644900
2016-11-28,76.2138671875,5556900
2016-11-29,76.02847290039062,3886800
2016-11-30,74.76838684082031,8123500
2016-12-01,73.96916198730469,7123000
2016-12-02,75.14187622070312,4594600
2016-12-05,75.22402954101562,3961800
2016-12-06,75.85142517089844,4828400
2016-12-07,76.7926025390625,4873400
2016-12-08,76.29961395263672,3993900
2016-12-09,77.36026000976562,5040200
2016-12-12,78.21924591064453,4858400
2016-12-13,78.89895629882812,4508600
2016-12-14,78.03250885009766,5007500
2016-12-15,78.65243530273438,4179400
2016-12-16,79.0782241821289,7499300
2016-12-19,78.73462677001953,3683800
2016-12-20,78.35369873046875,4903400
2016-12-21,78.20428466796875,3245200
2016-12-22,78.68980407714844,2605000
2016-12-23,78.49559020996094,1769300
2016-12-27,78.52546691894531,1505000
2016-12-28,78.14454650878906,1878600
2016-12-29,78.4208984375,2438100
2016-12-30,78.15202331542969,3484000
2017-01-03,78.16692352294922,3741200
2017-01-04,78.31632995605469,3029700
2017-01-05,78.21174621582031,5087200
2017-01-06,78.0997314453125,4109700
2017-01-09,77.2780990600586,5603500
2017-01-10,76.16514587402344,5399200
2017-01-11,76.045654296875,4650300
2017-01-12,76.06806182861328,3126000
2017-01-13,75.85142517089844,3478600
2017-01-17,76.32949829101562,3745800
2017-01-18,76.74028778076172,4340400
2017-01-19,76.45646667480469,3923100
2017-01-20,77.11378479003906,4750800
2017-01-23,77.68892669677734,4584800
2017-01-24,78.21174621582031,4992300
2017-01-25,78.13709259033203,3566100
2017-01-26,77.78601837158203,3634600
2017-01-27,77.29305267333984,4248200
2017-01-30,77.44989776611328,3462600
2017-01-31,77.5171127319336,3846600
2017-02-01,76.94197845458984,3515600
2017-02-02,77.70386505126953,3213700
2017-02-03,78.5105209350586,4287100
2017-02-06,78.1072006225586,4355200
2017-02-07,78.88400268554688,3980400
2017-02-08,78.94377899169922,3407100
2017-02-09,79.15291595458984,4012400
2017-02-10,79.25000762939453,2475500
2017-02-13,79.56373596191406,3463700
2017-02-14,79.86248779296875,5665000
2017-02-15,79.7205810546875,7617200
2017-02-16,80.75882720947266,5559900
2017-02-17,80.78123474121094,5498400
2017-02-21,81.6850357055664,5370700
2017-02-22,81.72239685058594,3815300
2017-02-23,81.81948852539062,3382700
2017-02-24,82.03609466552734,3991800
2017-02-27,81.6178207397461,3475100
2017-02-28,82.44688415527344,4684700
2017-03-01,82.52435302734375,4750700
2017-03-02,82.8101577758789,3880800
2017-03-03,83.1485824584961,4111300
2017-03-06,82.44916534423828,4491000
2017-03-07,82.21602630615234,4361100
2017-03-08,82.20098876953125,5244500
2017-03-09,81.99038696289062,4066900
2017-03-10,82.41905212402344,3488900
2017-03-13,82.2837142944336,3131200
2017-03-14,82.23104858398438,3630000
2017-03-15,83.56220245361328,4973400
2017-03-16,83.58477020263672,4580700
2017-03-17,83.77278137207031,6444400
2017-03-20,83.59231567382812,3382100
2017-03-21,84.05860137939453,5587700
2017-03-22,84.2466049194336,3882200
2017-03-23,84.06609344482422,3208400
2017-03-24,84.32180786132812,3913200
2017-03-27,84.10370635986328,3514600
2017-03-28,84.56998443603516,3945400
2017-03-29,84.5549545288086,2683700
2017-03-30,84.3669204711914,2104900
2017-03-31,84.12627410888672,3744400
2017-04-03,84.12627410888672,3587100
2017-04-04,84.29173278808594,2360700
2017-04-05,84.18644714355469,2992000
2017-04-06,83.91570281982422,2740600
2017-04-07,83.93824768066406,2799600
2017-04-10,84.2466049194336,2873200
2017-04-11,84.02849578857422,3031500
2017-04-12,85.44239807128906,6260300
2017-04-13,84.74296569824219,3257300
2017-04-17,85.22428131103516,2917700
2017-04-18,85.94625854492188,4574200
2017-04-19,85.44989013671875,3044700
2017-04-20,85.42736053466797,2973000
2017-04-21,85.30701446533203,3885300
2017-04-24,85.97635650634766,3221500
2017-04-25,85.85602569580078,3643600
2017-04-26,85.2318115234375,5343900
2017-04-27,84.71288299560547,4096200
2017-04-28,85.1941909790039,4872000
2017-05-01,84.44214630126953,4074300
2017-05-02,84.44965362548828,3082400
2017-05-03,84.07363891601562,3342600
2017-05-04,84.95355987548828,3488800
2017-05-05,85.14908599853516,3046100
2017-05-08,85.14908599853516,3097200
2017-05-09,84.7730484008789,2708200
2017-05-10,84.86328125,2160100
2017-05-11,85.01371765136719,2277200
2017-05-12,84.91595458984375,2383500
2017-05-15,85.69056701660156,3500300
2017-05-16,85.5777816772461,2444300
2017-05-17,85.54016876220703,2999300
2017-05-18,85.75823211669922,3439500
2017-05-19,85.50254821777344,5750100
2017-05-22,86.26213836669922,3324000
2017-05-23,86.52534484863281,3261300
2017-05-24,87.28495788574219,2816000
2017-05-25,88.3905029296875,3596200
2017-05-26,88.67628479003906,3104800
2017-05-30,88.7514877319336,3231600
2017-05-31,88.49781036376953,5232900
2017-06-01,88.77041625976562,4404900
2017-06-02,89.10359191894531,3162900
2017-06-05,89.26260375976562,2968800
2017-06-06,89.1263198852539,2643200
2017-06-07,88.63411712646484,3681100
2017-06-08,87.75572967529297,3956700
2017-06-09,87.7935791015625,3197700
2017-06-12,88.01316833496094,3492100
2017-06-13,88.0813217163086,2760000
2017-06-14,88.8764419555664,3597200
2017-06-15,88.75527954101562,3372700
2017-06-16,88.490234375,5156200
2017-06-19,88.81585693359375,2436600
2017-06-20,89.31562042236328,3703500
2017-06-21,88.91429138183594,3767100
2017-06-22,87.9526138305664,3288100
2017-06-23,88.5659408569336,3453400
2017-06-26,88.6871337890625,2704000
2017-06-27,87.7935791015625,2884300
2017-06-28,88.12676239013672,3110600
2017-06-29,87.21810913085938,3474400
2017-06-30,87.45283508300781,3313300
2017-07-03,87.41497039794922,2250800
2017-07-05,87.3089599609375,4023100
2017-07-06,87.18022918701172,4007000
2017-07-07,87.46798706054688,3972500
2017-07-10,86.52899169921875,5771200
2017-07-11,86.1276626586914,6368500
2017-07-12,86.9076156616211,3885200
2017-07-13,86.33969116210938,3089400
2017-07-14,87.02876281738281,2956400
2017-07-17,87.02876281738281,2481300
2017-07-18,87.0893783569336,2694800
2017-07-19,87.33924865722656,2578200
2017-07-20,87.46798706054688,3518100
2017-07-21,88.31608581542969,3476400
2017-07-24,87.93744659423828,3681300
2017-07-25,88.17977142333984,3075100
2017-07-26,88.74014282226562,3305600
2017-07-27,88.85369873046875,2954800
2017-07-28,88.3009262084961,3276300
2017-07-31,88.3009262084961,3098600
2017-08-01,87.77845764160156,2946100
2017-08-02,87.54370880126953,2626400
2017-08-03,88.06617736816406,2986200
2017-08-04,88.11920928955078,2955200
2017-08-07,88.5659408569336,2569600
2017-08-08,88.37664794921875,2412600
2017-08-09,88.31608581542969,2513800
2017-08-10,88.12676239013672,2236000
2017-08-11,88.22521209716797,2759700
2017-08-14,89.23233032226562,3191700
2017-08-15,90.0879898071289,2749800
2017-08-16,90.18647766113281,2373900
2017-08-17,89.64879608154297,3096900
2017-08-18,89.05059814453125,3776500
2017-08-21,89.55037689208984,2119500
2017-08-22,89.29291534423828,2313700
2017-08-23,88.81585693359375,2616300
2017-08-24,88.005615234375,4760000
2017-08-25,87.72542572021484,3442500
2017-08-28,87.49069213867188,2932700
2017-08-29,87.71785736083984,2348700
2017-08-30,87.80555725097656,2491800
2017-08-31,88.2478256225586,4709500
2017-09-01,88.33171081542969,2591900
2017-09-05,88.35456848144531,2711400
2017-09-06,88.7205810546875,2617500
2017-09-07,89.2086181640625,2623800
2017-09-08,87.7216567993164,4818300
2017-09-11,88.21733093261719,3247900
2017-09-12,87.69116973876953,2998500
2017-09-13,87.27176666259766,5141500
2017-09-14,87.07351684570312,3456900
2017-09-15,87.57679748535156,5543000
2017-09-18,87.68353271484375,2441200
2017-09-19,87.30225372314453,2568300
2017-09-20,86.6083755493164,4059800
2017-09-21,86.01359558105469,3630900
2017-09-22,85.28919982910156,3746300
2017-09-25,85.35784149169922,3885000
2017-09-26,85.25869750976562,2953800
2017-09-27,84.71729278564453,4016200
2017-09-28,85.12905883789062,11581100
2017-09-29,84.96893310546875,5122300
2017-10-02,83.2074966430664,8306400
2017-10-03,83.21510314941406,6064400
2017-10-04,83.37522888183594,9092400
2017-10-05,84.2216567993164,5670400
2017-10-06,84.18353271484375,3240300
2017-10-09,83.88613891601562,1977800
2017-10-10,84.4732894897461,3032300
2017-10-11,85.02993774414062,4051100
2017-10-12,85.74671173095703,3287200
2017-10-13,85.87635040283203,3090500
2017-10-16,86.60074615478516,2675900
2017-10-17,85.54846954345703,3825200
2017-10-18,85.36544799804688,2590500
2017-10-19,85.91446685791016,2673700
2017-10-20,85.10619354248047,3772300
2017-10-23,85.1672134399414,2263200
2017-10-24,84.45040893554688,3351100
2017-10-25,83.931884765625,3836900
2017-10-26,84.4351577758789,2865000
2017-10-27,84.3360595703125,3343200
2017-10-30,83.61162567138672,2206100
2017-10-31,84.05390167236328,4379400
2017-11-01,83.97762298583984,2822400
2017-11-02,83.91665649414062,2169800
2017-11-03,84.04627227783203,1725700
2017-11-06,83.31423950195312,3331800
2017-11-07,84.23692321777344,3882000
2017-11-08,85.40357208251953,3685300
2017-11-09,85.007080078125,2856900
2017-11-10,85.97547149658203,3699500
2017-11-13,86.95913696289062,3194500
2017-11-14,88.27070617675781,4998900
2017-11-15,87.76742553710938,3861500
2017-11-16,87.8665542602539,3058100
2017-11-17,87.44715881347656,2646400
2017-11-20,87.62255859375,3594300
2017-11-21,88.49183654785156,3179300
2017-11-22,87.75216674804688,3598500
2017-11-24,88.37743377685547,1183000
2017-11-27,88.33930969238281,2818900
2017-11-28,89.04083251953125,3600400
2017-11-29,89.09424591064453,3276300
2017-11-30,89.46662139892578,5984000
2017-12-01,89.66624450683594,4956600
2017-12-04,90.18839263916016,4403000
2017-12-05,90.28821563720703,3198600
2017-12-06,91.29405212402344,3203500
2017-12-07,89.62787628173828,5409500
2017-12-08,89.50503540039062,3127500
2017-12-11,90.13462829589844,2429400
2017-12-12,90.14229583740234,2664600
2017-12-13,90.44947052001953,3193900
2017-12-14,90.61835479736328,4057800
2017-12-15,91.53975677490234,7173500
2017-12-18,90.64141082763672,3472700
2017-12-19,91.07135772705078,3942500
2017-12-20,91.38616943359375,4273400
2017-12-21,90.80264282226562,2790000
2017-12-22,91.0636978149414,2045600
2017-12-26,91.2863540649414,2156300
2017-12-27,91.60115051269531,2465100
2017-12-28,91.63957214355469,1999300
2017-12-29,92.07720947265625,3116400
2018-01-02,90.6490707397461,4165800
2018-01-03,90.41104888916016,4224000
2018-01-04,90.85639190673828,3147000
2018-01-05,91.11744689941406,2714200
2018-01-08,90.59532928466797,5730400
2018-01-09,90.6644287109375,4573600
2018-01-10,90.20374298095703,3363900
2018-01-11,89.74302673339844,3685200
2018-01-12,90.1269302368164,4335500
2018-01-16,90.49551391601562,4936500
2018-01-17,91.50901794433594,4554600
2018-01-18,91.40922546386719,6221800
2018-01-19,92.2691879272461,6002600
2018-01-22,93.29805755615234,4308600
2018-01-23,93.13681030273438,3536900
2018-01-24,93.01396179199219,3445200
2018-01-25,92.82969665527344,2712900
2018-01-26,93.4900131225586,3993900
2018-01-29,91.88526153564453,3854700
2018-01-30,92.05419158935547,4945200
2018-01-31,92.36898040771484,4018100
2018-02-01,92.36898040771484,3485600
2018-02-02,91.11744689941406,3348900
2018-02-05,87.88492584228516,5347600
2018-02-06,87.1938705444336,6642600
2018-02-07,87.14781188964844,4931400
2018-02-08,84.57559967041016,4907900
2018-02-09,85.36644744873047,5301700
2018-02-12,85.94232177734375,4759200
2018-02-13,86.10356903076172,5274700
2018-02-14,83.77705383300781,7702700
2018-02-15,85.20521545410156,5125200
2018-02-16,85.27429962158203,5578500
2018-02-20,84.0611572265625,3835500
2018-02-21,82.92476654052734,4501900
2018-02-22,83.8922348022461,5394700
2018-02-23,84.21470642089844,4760400
2018-02-26,85.18217468261719,5355400
2018-02-27,85.14378356933594,6385800
2018-02-28,84.25312042236328,4638900
2018-03-01,83.63046264648438,6896300
2018-03-02,84.34207916259766,4903600
2018-03-05,84.64375305175781,3781700
2018-03-06,84.75975036621094,3380800
2018-03-07,84.96086883544922,4612600
2018-03-08,86.69348907470703,5437700
2018-03-09,87.04930114746094,3680600
2018-03-12,87.21172332763672,4509600
2018-03-13,87.86921691894531,4590000
2018-03-14,87.10344696044922,4055700
2018-03-15,86.6238784790039,3906800
2018-03-16,86.35316467285156,7730800
2018-03-19,85.3630599975586,4216700
2018-03-20,85.00728607177734,3319000
2018-03-21,84.11002349853516,3867600
2018-03-22,83.4912109375,4325500
2018-03-23,82.10665130615234,4873300
2018-03-26,82.6171646118164,4119400
2018-03-27,83.2591781616211,5036300
2018-03-28,84.45034790039062,6413000
2018-03-29,84.42716217041016,3829500
2018-04-02,82.80279541015625,4325500
2018-04-03,83.68460083007812,4699000
2018-04-04,85.22386169433594,4694200
2018-04-05,85.5255126953125,3275700
2018-04-06,84.54318237304688,3579100
2018-04-09,84.60504913330078,2620000
2018-04-10,84.6205062866211,2817000
2018-04-11,84.0635986328125,4000200
2018-04-12,83.77741241455078,2691700
2018-04-13,84.51223754882812,2828300
2018-04-16,85.0227279663086,2769800
2018-04-17,84.2105712890625,5022000
2018-04-18,82.74867248535156,6525500
2018-04-19,81.65801239013672,6320200
2018-04-20,79.26793670654297,8650000
2018-04-23,79.34529113769531,6670600
2018-04-24,78.46349334716797,5695500
2018-04-25,78.23917388916016,4828300
2018-04-26,79.87124633789062,5978800
2018-04-27,78.67231750488281,4765900
2018-04-30,78.07672119140625,5479900
2018-05-01,76.67670440673828,4543900
2018-05-02,75.20707702636719,5927700
2018-05-03,75.49327087402344,6668200
2018-05-04,76.56840515136719,5937000
2018-05-07,75.98057556152344,3475400
2018-05-08,74.86669921875,5333700
2018-05-09,74.37944030761719,6201500
2018-05-10,75.23802947998047,3100600
2018-05-11,75.36176300048828,3507300
2018-05-14,75.14519500732422,4307900
2018-05-15,74.87446594238281,6555700
2018-05-16,75.17613983154297,5544700
2018-05-17,75.74080657958984,6531100
2018-05-18,75.42367553710938,6894000
2018-05-21,76.97064971923828,6678100
2018-05-22,77.2955093383789,6807600
2018-05-23,77.69771575927734,6249900
2018-05-24,77.48888397216797,4696700
2018-05-25,77.58944702148438,5324300
2018-05-29,78.20049285888672,8302600
2018-05-30,78.76514434814453,6256600
2018-05-31,78.25621032714844,8270100
2018-06-01,78.25621032714844,4414200
2018-06-04,78.15470886230469,3932000
2018-06-05,78.22498321533203,4851900
2018-06-06,78.7089614868164,3946700
2018-06-07,78.96656799316406,5052900
2018-06-08,80.0047836303711,4795500
2018-06-11,80.56681060791016,3984500
2018-06-12,81.55815887451172,5075900
2018-06-13,82.17485046386719,7553500
2018-06-14,82.0655746459961,4812600
2018-06-15,84.0014877319336,10573000
2018-06-18,82.2607421875,5964400
2018-06-19,82.71347045898438,5504400
2018-06-20,82.59638977050781,4601400
2018-06-21,83.712646484375,6550700
2018-06-22,84.59474182128906,5709400
2018-06-25,85.0787353515625,5183000
2018-06-26,84.344970703125,5034100
2018-06-27,84.5167007446289,6229200
2018-06-28,84.83674621582031,4297400
2018-06-29,84.98506927490234,4721400
2018-07-02,85.50025939941406,4711900
2018-07-03,84.93043518066406,3769100
2018-07-05,85.5158920288086,4870400
2018-07-06,85.52368927001953,4387300
2018-07-09,84.11856079101562,7866400
2018-07-10,88.12311553955078,16107200
2018-07-11,87.84989166259766,5521400
2018-07-12,87.06149291992188,5500100
2018-07-13,87.96701049804688,4417100
2018-07-16,88.17776489257812,5413600
2018-07-17,89.67652130126953,6783800
2018-07-18,89.63748931884766,5379000
2018-07-19,90.37127685546875,9241300
2018-07-20,90.5586166381836,27559700
2018-07-23,89.29402923583984,7769300
2018-07-24,89.5672378540039,5095100
2018-07-25,89.93412017822266,4762300
2018-07-26,89.77021026611328,5096300
2018-07-27,89.20813751220703,4563700
2018-07-30,89.13011169433594,3621800
2018-07-31,89.77021026611328,4892100
2018-08-01,88.68517303466797,4169000
2018-08-02,89.5282211303711,4167200
2018-08-03,90.7850112915039,3934500
2018-08-06,91.62806701660156,6704800
2018-08-07,89.16134643554688,6919600
2018-08-08,88.59147644042969,5172900
2018-08-09,88.75541687011719,4115400
2018-08-10,88.10747528076172,3711900
2018-08-13,88.22460174560547,3170100
2018-08-14,88.28704071044922,3836700
2018-08-15,88.56027221679688,6513300
2018-08-16,89.18474578857422,4504600
2018-08-17,89.73896026611328,3391600
2018-08-20,89.64530181884766,3676000
2018-08-21,88.77103424072266,4667700
2018-08-22,87.61570739746094,3860900
2018-08-23,87.37373352050781,4508800
2018-08-24,87.54547119140625,3677700
2018-08-27,87.7484359741211,3155700
2018-08-28,86.78045654296875,5229400
2018-08-29,87.46739959716797,2403200
2018-08-30,87.39713287353516,2119100
2018-08-31,87.43619537353516,4248800
2018-09-04,86.64775085449219,4576300
2018-09-05,88.30265045166016,4392100
2018-09-06,89.33213806152344,4808300
2018-09-07,88.73397827148438,3833800
2018-09-10,89.38724517822266,3289700
2018-09-11,89.19833374023438,2807300
2018-09-12,89.60763549804688,3651400
2018-09-13,90.50487518310547,3808100
2018-09-14,90.17430877685547,2698300
2018-09-17,90.82756042480469,3092600
2018-09-18,89.7099380493164,4081200
2018-09-19,89.54463958740234,2844900
2018-09-20,90.68587493896484,3375900
2018-09-21,90.44190979003906,6989500
2018-09-24,88.36404418945312,3387400
2018-09-25,88.12791442871094,3538700
2018-09-26,87.75801086425781,4053500
2018-09-27,87.4038314819336,3841500
2018-09-28,87.99413299560547,5945300
2018-10-01,87.13621520996094,5064700
2018-10-02,85.56997680664062,6702200
2018-10-03,84.6254653930664,6107500
2018-10-04,83.90924835205078,4930300
2018-10-05,83.81480407714844,3438100
2018-10-08,85.1528091430664,3994100
2018-10-09,85.09771728515625,4105600
2018-10-10,84.48379516601562,5796200
2018-10-11,82.68929290771484,5755100
2018-10-12,82.8624267578125,4543000
2018-10-15,83.13793182373047,3805700
2018-10-16,84.52316284179688,4061600
2018-10-17,85.24726104736328,4495900
2018-10-18,84.94816589355469,4093700
2018-10-19,86.80564880371094,5109000
2018-10-22,86.10517883300781,5477700
2018-10-23,86.67973327636719,4484100
2018-10-24,88.9071273803711,8222900
2018-10-25,88.820556640625,6712900
2018-10-26,86.93158721923828,5872800
2018-10-29,88.8520278930664,5706000
2018-10-30,89.54463958740234,4900400
2018-10-31,88.45063018798828,6449500
2018-11-01,87.76586151123047,5736700
2018-11-02,87.4982681274414,6705700
2018-11-05,90.03262329101562,5270400
2018-11-06,90.67802429199219,3913400
2018-11-07,90.99286651611328,4219600
2018-11-08,91.34703063964844,2925100
2018-11-09,92.46466064453125,5026300
2018-11-12,92.06327056884766,4781900
2018-11-13,92.19707489013672,3609900
2018-11-14,91.8114013671875,4423800
2018-11-15,91.92948150634766,4045700
2018-11-16,93.14942169189453,4484300
2018-11-19,93.66889190673828,4673900
2018-11-20,91.2998046875,5087800
2018-11-21,90.7331314086914,3245000
2018-11-23,90.83544921875,1444700
2018-11-26,91.18960571289062,2972500
2018-11-27,91.64612579345703,2884700
2018-11-28,93.26748657226562,3989400
2018-11-29,93.08643341064453,2878700
2018-11-30,95.97499084472656,8051100
2018-12-03,93.64527130126953,6112600
2018-12-04,92.71654510498047,7018200
2018-12-06,92.69115447998047,5191700
2018-12-07,91.88197326660156,4615500
2018-12-10,92.1755142211914,4150600
2018-12-11,93.04812622070312,5545100
2018-12-12,92.81806945800781,4889700
2018-12-13,93.8890380859375,6181200
2018-12-14,90.39846801757812,7404200
2018-12-17,89.54167175292969,6015300
2018-12-18,88.72457885742188,5846200
2018-12-19,87.29658508300781,6915400
2018-12-20,87.43145751953125,8468300
2018-12-21,86.80473327636719,13263600
2018-12-24,84.11538696289062,3354000
2018-12-26,85.94003295898438,4537000
2018-12-27,86.80473327636719,5175900
2018-12-28,87.55046081542969,5410300
2018-12-31,87.6456527709961,5019100
2019-01-02,86.69367218017578,4835400
2019-01-03,85.88448333740234,5975900
2019-01-04,87.6456527709961,6293900
2019-01-07,86.89198303222656,5220300
2019-01-08,87.7249755859375,6407700
2019-01-09,85.27365112304688,8521300
2019-01-10,85.7972183227539,7905000
2019-01-11,85.80513763427734,5939000
2019-01-14,85.13876342773438,5804600
2019-01-15,86.46360778808594,4508000
2019-01-16,85.94793701171875,4953500
2019-01-17,86.64608764648438,4612200
2019-01-18,87.32038116455078,5142700
2019-01-22,87.19345092773438,5298200
2019-01-23,87.843994140625,5197400
2019-01-24,86.8681869506836,4478000
2019-01-25,86.74919128417969,5074800
2019-01-28,86.32874298095703,4055900
2019-01-29,86.47154998779297,4301500
2019-01-30,87.91537475585938,5023800
2019-01-31,89.38300323486328,6183400
2019-02-01,89.00223541259766,5010500
2019-02-04,89.71620178222656,3665000
2019-02-05,89.56546783447266,4593400
2019-02-06,89.68448638916016,4209400
2019-02-07,89.71620178222656,4227700
2019-02-08,89.66067504882812,3868300
2019-02-11,89.62102508544922,4851100
2019-02-12,90.27152252197266,6765300
2019-02-13,90.53330993652344,5528000
2019-02-14,89.31954956054688,6359200
2019-02-15,91.95336151123047,8889500
2019-02-19,91.96922302246094,5596100
2019-02-20,91.8899154663086,6038900
2019-02-21,92.10409545898438,4825900
2019-02-22,92.627685546875,4865400
2019-02-25,92.07234954833984,3755900
2019-02-26,92.00096130371094,4074600
2019-02-27,91.52498626708984,4175100
2019-02-28,92.48307037353516,5586300
2019-03-01,92.9149398803711,3629100
2019-03-04,92.90692901611328,4383100
2019-03-05,92.79496765136719,3785400
2019-03-06,93.29881286621094,4770700
2019-03-07,92.85096740722656,4858300
2019-03-08,92.15516662597656,5003300
2019-03-11,93.24284362792969,4821600
2019-03-12,93.22684478759766,4356400
2019-03-13,93.23485565185547,5968600
2019-03-14,92.37110900878906,8986600
2019-03-15,92.49906921386719,18194200
2019-03-18,93.78666687011719,9476000
2019-03-19,94.44242858886719,6751700
2019-03-20,94.62639617919922,5733500
2019-03-21,95.52212524414062,4305600
2019-03-22,96.54579162597656,6668100
2019-03-25,96.64974975585938,4275400
2019-03-26,97.58546447753906,4583000
2019-03-27,97.48151397705078,5318500
2019-03-28,97.4415283203125,3694700
2019-03-29,98.00935363769531,5758800
2019-04-01,97.56948852539062,5025700
2019-04-02,97.31356048583984,3242600
2019-04-03,97.21758270263672,4534400
2019-04-04,97.14559936523438,3022500
2019-04-05,97.26558685302734,3971500
2019-04-08,97.56948852539062,3140100
2019-04-09,97.70543670654297,3864400
2019-04-10,97.60147094726562,2681100
2019-04-11,97.30554962158203,3399700
2019-04-12,97.75342559814453,3501100
2019-04-15,98.89708709716797,4419800
2019-04-16,97.8973617553711,5263700
2019-04-17,101.57623291015625,7318200
2019-04-18,101.64021301269531,6331200
2019-04-22,101.120361328125,3707000
2019-04-23,101.64021301269531,4464100
2019-04-24,101.50426483154297,3517200
2019-04-25,100.8724365234375,4433700
2019-04-26,101.08838653564453,3033800
2019-04-29,101.3203125,2793400
2019-04-30,102.40795135498047,4963600
2019-05-01,101.76016235351562,3810800
2019-05-02,101.43225860595703,2875900
2019-05-03,102.10406494140625,2854900
2019-05-06,101.78416442871094,2883900
2019-05-07,100.75251007080078,3558900
2019-05-08,100.78447723388672,3844700
2019-05-09,100.80847930908203,3127200
2019-05-10,102.37596130371094,3720400
2019-05-13,101.69620513916016,4297200
2019-05-14,101.89614868164062,5150300
2019-05-15,103.4476318359375,3751900
2019-05-16,104.18342590332031,4812900
2019-05-17,104.37535095214844,4011700
2019-05-20,103.9594955444336,3965600
2019-05-21,103.20771789550781,4080800
2019-05-22,104.0234603881836,3588000
2019-05-23,103.94348907470703,3901400
2019-05-24,103.5676040649414,2702700
2019-05-28,102.07206726074219,8806000
2019-05-29,102.50394439697266,5502700
2019-05-30,102.8558349609375,2710300
2019-05-31,102.36797332763672,4191200
2019-06-03,103.1517333984375,3588700
2019-06-04,103.22372436523438,4242400
2019-06-05,105.07911682128906,5084200
2019-06-06,106.32378387451172,5528000
2019-06-07,107.52413177490234,6332700
2019-06-10,107.62081909179688,2957900
2019-06-11,107.3066177368164,3553600
2019-06-12,107.25828552246094,3302800
2019-06-13,107.09717559814453,2851400
2019-06-14,106.927978515625,3291800
2019-06-17,106.75881958007812,2725800
2019-06-18,106.38825225830078,4378200
2019-06-19,107.02466583251953,4349900
2019-06-20,108.08001708984375,3847500
2019-06-21,107.91888427734375,7696300
2019-06-24,108.06391143798828,3685800
2019-06-25,107.79804229736328,4176300
2019-06-26,106.59770202636719,6024100
2019-06-27,106.09016418457031,4750900
2019-06-28,105.6390380859375,6318500
2019-07-01,106.23517608642578,3544800
2019-07-02,106.68632507324219,3233300
2019-07-03,107.94303894042969,2859200
2019-07-05,107.16162109375,3356000
2019-07-08,106.79104614257812,5854500
2019-07-09,106.13044738769531,8233200
2019-07-10,108.28141784667969,6141500
2019-07-11,108.23308563232422,3944200
2019-07-12,107.37107849121094,4481200
2019-07-15,108.07195281982422,3077900
2019-07-16,107.7900161743164,4019700
2019-07-17,106.96826934814453,4105100
2019-07-18,107.04887390136719,3698600
2019-07-19,104.80120086669922,5022000
2019-07-22,104.95425415039062,4411700
2019-07-23,105.3248519897461,4145800
2019-07-24,104.09226989746094,4669700
2019-07-25,103.91500854492188,3335200
2019-07-26,105.71154022216797,4580800
2019-07-29,105.96127319335938,4533400
2019-07-30,105.11539459228516,3367900
2019-07-31,102.96442413330078,5757600
2019-08-01,102.42467498779297,6199400
2019-08-02,103.05300903320312,5573300
2019-08-05,100.2173080444336,6192800
2019-08-06,101.86880493164062,6258600
2019-08-07,102.94023895263672,6149000
2019-08-08,104.30171203613281,3702100
2019-08-09,103.60084533691406,2929500
2019-08-12,103.39944458007812,2920800
2019-08-13,104.67230224609375,4088200
2019-08-14,104.01976776123047,6232700
2019-08-15,105.30873107910156,3701800
2019-08-16,106.14655303955078,3405000
2019-08-19,106.79911041259766,3101200
2019-08-20,106.38825225830078,3160300
2019-08-21,106.6137924194336,2936900
2019-08-22,106.87162017822266,2484200
2019-08-23,104.94622039794922,4239500
2019-08-26,107.74168395996094,3954100
2019-08-27,108.56336212158203,7187800
2019-08-28,108.90977478027344,3972600
2019-08-29,109.57843017578125,3045200
2019-08-30,110.1504135131836,3742800
2019-09-03,110.738525390625,2989800
2019-09-04,112.0999755859375,3201700
2019-09-05,110.30321502685547,4994600
2019-09-06,111.43074798583984,3051600
2019-09-09,110.64393615722656,4062100
2019-09-10,110.20589447021484,4175000
2019-09-11,110.6114730834961,5005100
2019-09-12,111.36585235595703,4146900
2019-09-13,110.6763687133789,4008200
2019-09-16,109.41093444824219,2953600
2019-09-17,110.07609558105469,4013300
2019-09-18,109.91384887695312,2647800
2019-09-19,109.89765167236328,2804500
2019-09-20,109.27306365966797,6671100
2019-09-23,109.86518096923828,3346500
2019-09-24,109.80032348632812,4798500
2019-09-25,109.5812759399414,3579500
2019-09-26,110.09233856201172,4309600
2019-09-27,109.9950180053711,3559400
2019-09-30,111.21173858642578,3705200
2019-10-01,111.43074798583984,3638900
2019-10-02,108.64844512939453,5728600
2019-10-03,111.885009765625,8829700
2019-10-04,113.791259765625,5278700
2019-10-07,112.21759796142578,4273300
2019-10-08,111.32533264160156,4074900
2019-10-09,111.82012939453125,3065300
2019-10-10,111.85256958007812,2191000
2019-10-11,111.64977264404297,2761400
2019-10-14,111.49565124511719,2371500
2019-10-15,110.58714294433594,3369300
2019-10-16,110.6601333618164,2812000
2019-10-17,111.09819030761719,2322500
2019-10-18,110.52223205566406,3630400
2019-10-21,110.41680908203125,2829400
2019-10-22,110.8548355102539,3248100
2019-10-23,111.49565124511719,2323600
2019-10-24,111.85256958007812,2292500
2019-10-25,110.838623046875,2520000
2019-10-28,110.78182220458984,3212600
2019-10-29,110.38435363769531,2550300
2019-10-30,111.04951477050781,2653700
2019-10-31,111.26854705810547,4492300
2019-11-01,111.07386016845703,3054900
2019-11-04,109.63807678222656,3202400
2019-11-05,108.70523071289062,4300800
2019-11-06,109.05403137207031,3645600
2019-11-07,108.14551544189453,3338700
2019-11-08,107.99140930175781,2604000
2019-11-11,107.3911361694336,2227200
2019-11-12,107.05853271484375,3246500
2019-11-13,108.12117767333984,3166600
2019-11-14,108.15363311767578,2141900
2019-11-15,108.54298400878906,3648700
2019-11-18,108.74577331542969,3619700
2019-11-19,109.15948486328125,3019100
2019-11-20,108.48624420166016,3047700
2019-11-21,108.62409210205078,3391200
2019-11-22,108.75390625,3014900
2019-11-25,108.55921936035156,3612400
2019-11-26,110.07609558105469,4947400
2019-11-27,110.24644470214844,2476100
2019-11-29,110.18158721923828,2978400
2019-12-02,110.22212982177734,3866300
2019-12-03,109.88142395019531,5000000
2019-12-04,111.37397766113281,4228200
2019-12-05,111.36991882324219,3351800
2019-12-06,112.20307922363281,3216900
2019-12-09,112.03971099853516,3882900
2019-12-10,111.31270599365234,2940200
2019-12-11,111.99070739746094,3339100
2019-12-12,112.05607604980469,3502100
2019-12-13,112.6768569946289,3557900
2019-12-16,111.95801544189453,4701000
2019-12-17,111.23103332519531,5491800
2019-12-18,111.06766510009766,5370500
2019-12-19,111.47608184814453,3641700
2019-12-20,112.6605224609375,10311300
2019-12-23,111.94168853759766,2992900
2019-12-24,111.81917572021484,1220600
2019-12-26,111.65579986572266,2934700
2019-12-27,112.35012817382812,2554000
2019-12-30,111.75379943847656,3024700
2019-12-31,111.63945770263672,3229400
2020-01-02,110.94513702392578,3784100
2020-01-03,110.7899398803711,4000100
2020-01-06,111.21468353271484,4085100
2020-01-07,109.46662139892578,5718100
2020-01-08,110.03026580810547,3681400
2020-01-09,110.10374450683594,3954700
2020-01-10,109.89140319824219,3099500
2020-01-13,111.52511596679688,5127200
2020-01-14,111.78649139404297,4159700
2020-01-15,113.70606231689453,5002600
2020-01-16,114.04100799560547,4977900
2020-01-17,115.38880157470703,6908700
2020-01-21,115.8789291381836,4440000
2020-01-22,117.12055206298828,5366100
2020-01-23,117.3410873413086,3915700
2020-01-24,116.74481964111328,2791500
2020-01-27,116.10765075683594,3895300
2020-01-28,116.35274505615234,2908300
2020-01-29,115.77275848388672,3263200
2020-01-30,117.4881362915039,4058500
2020-01-31,116.0096435546875,4753100
2020-02-03,116.40990447998047,3977800
2020-02-04,116.98985290527344,3494300
2020-02-05,117.87205505371094,3504900
2020-02-06,117.89657592773438,3571400
2020-02-07,118.74609375,3138500
2020-02-10,118.9830093383789,3775600
2020-02-11,119.32608032226562,3870500
2020-02-12,119.32608032226562,4217400
2020-02-13,119.64462280273438,5041400
2020-02-14,120.06942749023438,3555600
2020-02-18,118.93396759033203,4938700
2020-02-19,118.87682342529297,2978800
2020-02-20,118.5745620727539,2805900
2020-02-21,119.13821411132812,4271800
2020-02-24,116.5160903930664,5027700
2020-02-25,115.25811767578125,7585800
2020-02-26,115.9769515991211,6157200
2020-02-27,111.39441680908203,8605000
2020-02-28,107.8492660522461,14164000
2020-03-02,112.38278198242188,8504500
2020-03-03,110.74909210205078,8728300
2020-03-04,116.3118896484375,7635700
2020-03-05,113.56925964355469,6579100
2020-03-06,112.87845611572266,6754900
2020-03-09,107.03965759277344,8716300
2020-03-10,110.31269836425781,8258600
2020-03-11,106.70248413085938,7465100
2020-03-12,94.85212707519531,12808300
2020-03-13,104.81102752685547,12007700
2020-03-16,93.00180053710938,10733300
2020-03-17,105.03306579589844,14242300
2020-03-18,99.44095611572266,15250800
2020-03-19,96.49684143066406,9393500
2020-03-20,85.46887969970703,13093200
2020-03-23,86.4968490600586,13926800
2020-03-24,93.61859130859375,11447000
2020-03-25,92.5166015625,9485500
2020-03-26,98.89818572998047,10376800
2020-03-27,99.06269073486328,9852500
2020-03-30,103.19097137451172,6916800
2020-03-31,98.7666015625,7091700
2020-04-01,97.1383056640625,6873000
2020-04-02,101.85871887207031,6181800
2020-04-03,102.45906066894531,5552000
2020-04-06,107.86202239990234,8242200
2020-04-07,107.30281829833984,6253900
2020-04-08,109.054443359375,5241100
2020-04-09,109.893310546875,5502400
2020-04-13,107.63998413085938,3785000
2020-04-14,113.81595611572266,6278700
2020-04-15,111.04458618164062,5773100
2020-04-16,111.54621887207031,4564000
2020-04-17,113.116943359375,4866500
2020-04-20,110.64984130859375,3995400
2020-04-21,107.68109893798828,4359500
2020-04-22,109.06269073486328,4084600
2020-04-23,107.12187194824219,5527700
2020-04-24,110.49359893798828,4063100
2020-04-27,110.57587432861328,4009200
2020-04-28,112.10543823242188,6674200
2020-04-29,109.67121887207031,6706800
2020-04-30,108.7912826538086,6783000
2020-05-01,107.02320861816406,4488000
2020-05-04,107.66466522216797,5245300
2020-05-05,108.28143310546875,3580000
2020-05-06,107.54953002929688,4192200
2020-05-07,108.18273162841797,5528000
2020-05-08,110.38670349121094,4209100
2020-05-11,110.51004791259766,3591100
2020-05-12,109.32582092285156,3914600
2020-05-13,109.34229278564453,5168500
2020-05-14,109.44098663330078,5522200
2020-05-15,111.8011703491211,20338200
2020-05-18,111.44754791259766,8480300
2020-05-19,108.33077239990234,6640300
2020-05-20,107.94424438476562,8213100
2020-05-21,107.08078002929688,4886300
2020-05-22,107.30281829833984,3429200
2020-05-26,106.70248413085938,5579300
2020-05-27,107.57418823242188,5686500
2020-05-28,108.7912826538086,4974400
2020-05-29,108.18273162841797,13337900
2020-06-01,109.36697387695312,4049200
2020-06-02,109.07089233398438,5327500
2020-06-03,109.2271499633789,5421200
2020-06-04,108.21028900146484,5229700
2020-06-05,109.7600326538086,7075700
2020-06-08,109.5694351196289,5613000
2020-06-09,110.19928741455078,6446900
2020-06-10,111.16063690185547,7069900
2020-06-11,105.9477767944336,8541000
2020-06-12,106.90911865234375,7039500
2020-06-15,108.13569641113281,5481000
2020-06-16,109.12191009521484,5197700
2020-06-17,109.19646453857422,3309700
2020-06-18,110.04183959960938,3417200
2020-06-19,108.79869079589844,8310100
2020-06-22,108.60807037353516,3379900
2020-06-23,108.864990234375,3625600
2020-06-24,107.37323760986328,4853500
2020-06-25,108.90642547607422,4442000
2020-06-26,106.85111999511719,7372700
2020-06-29,108.63294982910156,4173900
2020-06-30,109.61087036132812,4626700
2020-07-01,109.6937484741211,3633000
2020-07-02,110.0998306274414,2769200
2020-07-06,110.47278594970703,4221600
2020-07-07,110.69654083251953,4424500
2020-07-08,111.23521423339844,3798200
2020-07-09,109.98382568359375,4005200
2020-07-10,111.43415832519531,5932800
2020-07-13,111.80704498291016,8960000
2020-07-14,112.31259155273438,6766800
2020-07-15,110.79598236083984,5561300
2020-07-16,110.95345306396484,3788100
2020-07-17,111.599853515625,3229300
2020-07-20,110.31529998779297,3620300
2020-07-21,111.40926361083984,5435400
2020-07-22,112.71869659423828,3522300
2020-07-23,113.60546875,5011400
2020-07-24,112.76013946533203,3300000
2020-07-27,114.09442138671875,3607700
2020-07-28,113.85408020019531,3787500
2020-07-29,114.30988311767578,3179000
2020-07-30,114.11101531982422,2817600
2020-07-31,114.08613586425781,4304100
2020-08-03,113.29053497314453,2819200
2020-08-04,113.92869567871094,2553500
2020-08-05,112.9175796508789,2924000
2020-08-06,112.59436798095703,2692900
2020-08-07,113.32372283935547,3692100
2020-08-10,112.69380187988281,3052000
2020-08-11,111.9811019897461,3301200
2020-08-12,114.2021484375,4424600
2020-08-13,114.4507827758789,2393500
2020-08-14,114.00323486328125,2461700
2020-08-17,114.30162048339844,2862500
2020-08-18,114.45906066894531,2638600
2020-08-19,113.08334350585938,3682200
2020-08-20,113.30709838867188,2263000
2020-08-21,113.09162139892578,4295600
2020-08-24,114.06954956054688,3177800
2020-08-25,113.78780364990234,2597400
2020-08-26,114.75740814208984,6019700
2020-08-27,114.69940185546875,4159300
2020-08-28,115.97566223144531,3355400
2020-08-31,116.07515716552734,3828700
2020-09-01,115.3541259765625,3421700
2020-09-02,118.75202178955078,4918200
2020-09-03,116.3338394165039,6642400
2020-09-04,115.82466888427734,4836400
2020-09-08,113.14525604248047,4901500
2020-09-09,114.4474105834961,4282300
2020-09-10,112.4858169555664,6050500
2020-09-11,113.3622817993164,3411900
2020-09-14,114.08012390136719,2779000
2020-09-15,113.20367431640625,4080800
2020-09-16,112.66947174072266,3353500
2020-09-17,111.18368530273438,5186400
2020-09-18,109.73963928222656,8473000
2020-09-21,109.54764556884766,4402700
2020-09-22,110.30720520019531,3951000
2020-09-23,109.34732818603516,5909900
2020-09-24,109.83145904541016,4316600
2020-09-25,111.475830078125,4576000
2020-09-28,115.16525268554688,7487500
2020-09-29,114.4891357421875,4330500
2020-09-30,115.69112396240234,7060700
2020-10-01,117.52749633789062,6483900
2020-10-02,115.2403564453125,5130200
2020-10-05,115.13185119628906,4519800
2020-10-06,113.27046966552734,5031000
2020-10-07,114.36392211914062,4347300
2020-10-08,115.06510162353516,2977400
2020-10-09,115.55757141113281,3194000
2020-10-12,118.63768005371094,6167200
2020-10-13,119.81462097167969,4293200
2020-10-14,118.96320343017578,3641000
2020-10-15,118.05335235595703,3306800
2020-10-16,118.30377960205078,5076000
2020-10-19,116.59262084960938,3223200
2020-10-20,116.61766052246094,2750900
2020-10-21,116.52586364746094,2560100
2020-10-22,116.53417205810547,2909000
2020-10-23,116.49246978759766,2758400
2020-10-26,115.2403564453125,3431100
2020-10-27,116.12517547607422,3390800
2020-10-28,111.99337768554688,5196000
2020-10-29,111.84310913085938,3856500
2020-10-30,111.2587661743164,4303900
2020-11-02,112.81137084960938,3126400
2020-11-03,114.38897705078125,3293900
2020-11-04,115.07345581054688,4576300
2020-11-05,115.23202514648438,3667800
2020-11-06,115.50749969482422,2867000
2020-11-09,115.5658950805664,6111300
2020-11-10,118.29542541503906,5284500
2020-11-11,120.11509704589844,4389800
2020-11-12,120.06500244140625,2570100
2020-11-13,120.79120635986328,2580400
2020-11-16,121.66764831542969,3399000
2020-11-17,121.23358917236328,2924000
2020-11-18,119.68107604980469,4335200
2020-11-19,119.63097381591797,4263500
2020-11-20,119.71443939208984,3469100
2020-11-23,119.38056945800781,3443300
2020-11-24,120.22357940673828,4472300
2020-11-25,120.33211517333984,2278300
2020-11-27,120.69940948486328,1596000
2020-11-30,120.39054870605469,4906900
2020-12-01,121.92642974853516,3999200
2020-12-02,120.71609497070312,4432900
2020-12-03,121.43317413330078,4757900
2020-12-04,122.61009979248047,3592600
2020-12-07,122.20658111572266,4217300
2020-12-08,122.33268737792969,3623800
2020-12-09,122.4755630493164,3842000
2020-12-10,121.61811065673828,3985000
2020-12-11,121.87034606933594,2975500
2020-12-14,121.24825286865234,3952400
2020-12-15,121.70219421386719,3183300
2020-12-16,121.80307006835938,4915800
2020-12-17,122.49238586425781,3312500
2020-12-18,123.51799011230469,8980400
2020-12-21,122.23179626464844,3946900
2020-12-22,121.07170867919922,2653700
2020-12-23,121.39955139160156,2645100
2020-12-24,121.94599151611328,883300
2020-12-28,123.50119018554688,2493500
2020-12-29,123.92994689941406,3186700
2020-12-30,123.83744049072266,2224900
2020-12-31,124.66972351074219,2076800
2021-01-04,121.28185272216797,7486900
2021-01-05,121.64335632324219,4126000
2021-01-06,120.15534973144531,4843300
2021-01-07,119.7686767578125,4473200
2021-01-08,121.2061996459961,4312000
2021-01-11,119.44922637939453,3902700
2021-01-12,118.8943862915039,5150000
2021-01-13,119.86956787109375,4361600
2021-01-14,119.17179870605469,4724700
2021-01-15,118.86077880859375,4309100
2021-01-19,119.42398834228516,5158600
2021-01-20,118.81031036376953,5019300
2021-01-21,117.3643798828125,5684100
2021-01-22,116.50691223144531,4014900
2021-01-25,117.84355163574219,3829000
2021-01-26,119.20542907714844,4242500
2021-01-27,116.04456329345703,6659800
2021-01-28,117.0113296508789,5514000
2021-01-29,114.80880737304688,6778100
2021-02-01,115.1534423828125,4185700
2021-02-02,116.33038330078125,3581600
2021-02-03,116.02775573730469,3609600
2021-02-04,117.4232177734375,3860300
2021-02-05,118.4992904663086,4437900
2021-02-08,118.02851104736328,4112200
2021-02-09,117.3559799194336,3179300
2021-02-10,115.75872802734375,6966600
2021-02-11,113.46373748779297,7528000
2021-02-12,112.53897857666016,5659300
2021-02-16,112.96775817871094,5180100
2021-02-17,113.03498077392578,3353000
2021-02-18,113.80001068115234,3935200
2021-02-19,111.39570617675781,5414900
2021-02-22,110.95855712890625,5792900
2021-02-23,111.62268829345703,6264300
2021-02-24,111.0426254272461,4944000
2021-02-25,109.28565216064453,5702300
2021-02-26,108.6047134399414,8329000
2021-03-01,109.8068618774414,5287300
2021-03-02,110.1851577758789,5614000
2021-03-03,108.56267547607422,7505800
2021-03-04,109.1668701171875,9102800
2021-03-05,112.725830078125,10186500
2021-03-08,111.96318054199219,8634900
2021-03-09,112.06488037109375,8930200
2021-03-10,113.1918716430664,7791700
2021-03-11,112.8868179321289,4458900
2021-03-12,112.73429870605469,5275100
2021-03-15,112.725830078125,5389200
2021-03-16,113.5562515258789,5544700
2021-03-17,113.22577667236328,6199500
2021-03-18,112.30215454101562,6476700
2021-03-19,113.97144317626953,16114400
2021-03-22,116.76778411865234,7813400
2021-03-23,118.1744384765625,6978400
2021-03-24,117.62362670898438,5082300
2021-03-25,118.31846618652344,5827600
2021-03-26,120.919921875,6785600
2021-03-29,122.70784759521484,6105800
2021-03-30,120.78431701660156,4372700
2021-03-31,119.86067962646484,6257900
2021-04-01,119.7166519165039,4823400
2021-04-05,121.30970001220703,5980700
2021-04-06,121.74187469482422,4751900
2021-04-07,121.52156066894531,4849200
2021-04-08,120.78431701660156,6725100
2021-04-09,120.80975341796875,4950800
2021-04-12,121.19105529785156,4386700
2021-04-13,121.21651458740234,5283300
2021-04-14,120.41996002197266,4685300
2021-04-15,120.58943176269531,4777100
2021-04-16,122.15705871582031,6481400
2021-04-19,122.65702056884766,6621200
2021-04-20,123.47047424316406,4999700
2021-04-21,124.54666137695312,6316000
2021-04-22,123.77556610107422,4904400
2021-04-23,123.57217407226562,4354700
2021-04-26,121.47917175292969,5817700
2021-04-27,121.08089447021484,4693700
2021-04-28,120.1827163696289,4962700
2021-04-29,121.97061920166016,4699900
2021-04-30,122.15705871582031,5051100
2021-05-03,123.53825378417969,6109800
2021-05-04,121.98760986328125,6603800
2021-05-05,121.92829895019531,5305200
2021-05-06,123.34339904785156,4472200
2021-05-07,123.34339904785156,4181000
2021-05-10,124.32633209228516,5270600
2021-05-11,123.41963195800781,5266100
2021-05-12,122.21640014648438,5651700
2021-05-13,124.02975463867188,4849400
2021-05-14,124.2161636352539,4224700
2021-05-17,123.86029052734375,3747100
2021-05-18,123.30097198486328,4527300
2021-05-19,123.23318481445312,4432700
2021-05-20,124.75851440429688,3964600
2021-05-21,124.64833068847656,5194200
2021-05-24,125.28386688232422,3627800
2021-05-25,125.66519165039062,4649300
2021-05-26,125.66519165039062,4462600
2021-05-27,124.14839172363281,9203600
2021-05-28,125.3601303100586,4913700
2021-06-01,125.09745788574219,5530300
2021-06-02,125.59738159179688,4546900
2021-06-03,126.04551696777344,4651600
2021-06-04,126.19061279296875,4427400
2021-06-07,126.1137924194336,4724100
2021-06-08,124.9358901977539,5997200
2021-06-09,124.7054672241211,4008000
2021-06-10,125.98575592041016,4698200
2021-06-11,126.06259155273438,4364600
2021-06-14,126.81370544433594,3831900
2021-06-15,126.8222427368164,4256500
2021-06-16,125.55899810791016,5492100
2021-06-17,126.7710189819336,5316400
2021-06-18,124.12500762939453,10661700
2021-06-21,125.0980453491211,4904300
2021-06-22,125.28585052490234,3518000
2021-06-23,123.63848876953125,3901700
2021-06-24,124.33843994140625,3818900
2021-06-25,124.97004699707031,6387600
2021-06-28,125.50777435302734,4282800
2021-06-29,125.42241668701172,3197700
2021-06-30,126.4722900390625,4943700
2021-07-01,126.49791717529297,3997600
2021-07-02,127.10394287109375,3835500
2021-07-06,127.29170227050781,4313800
2021-07-07,127.85504150390625,4225000
2021-07-08,127.91481018066406,4216000
2021-07-09,127.59043884277344,4088600
2021-07-12,127.61607360839844,4873700
2021-07-13,130.5608367919922,8750800
2021-07-14,131.90943908691406,6390300
2021-07-15,132.51553344726562,4920600
2021-07-16,133.00209045410156,5852500
2021-07-19,132.9849853515625,5750200
2021-07-20,133.00209045410156,5213500
2021-07-21,132.50698852539062,4905900
2021-07-22,132.46429443359375,3333500
2021-07-23,134.16287231445312,3588400
2021-07-26,134.06898498535156,2999800
2021-07-27,134.8115997314453,4043900
2021-07-28,133.57394409179688,3556800
2021-07-29,133.84706115722656,3055600
2021-07-30,133.96658325195312,3757300
2021-08-02,133.42886352539062,3425900
2021-08-03,133.72756958007812,3359900
2021-08-04,131.49124145507812,4846300
2021-08-05,131.71315002441406,3733500
2021-08-06,131.730224609375,3430900
2021-08-09,131.74729919433594,2636600
2021-08-10,131.8155517578125,2670200
2021-08-11,132.3362579345703,3058000
2021-08-12,132.3618927001953,1958700
2021-08-13,133.59954833984375,2113800
2021-08-16,134.90548706054688,3224000
2021-08-17,134.7774658203125,3736300
2021-08-18,133.3946990966797,3419200
2021-08-19,135.63955688476562,4745600
2021-08-20,135.1615753173828,3484100
2021-08-23,134.7347869873047,3102100
2021-08-24,133.0618133544922,3760800
2021-08-25,132.4728240966797,3346700
2021-08-26,131.98631286621094,3220700
2021-08-27,132.25088500976562,4166500
2021-08-30,133.1557159423828,2540300
2021-08-31,133.4885711669922,5291200
2021-09-01,134.78598022460938,4231400
2021-09-02,134.88485717773438,2862500
2021-09-03,135.005126953125,2035100
2021-09-07,132.8050537109375,4609900
2021-09-08,134.68719482421875,3199100
2021-09-09,133.8363494873047,3560400
2021-09-10,133.60433959960938,3851500
2021-09-13,133.86215209960938,3367200
2021-09-14,133.33786010742188,2808600
2021-09-15,134.0855712890625,3702400
2021-09-16,133.69027709960938,4589900
2021-09-17,132.46128845214844,8127400
2021-09-20,132.0143585205078,5484600
2021-09-21,131.95423889160156,4479800
2021-09-22,132.358154296875,3001000
2021-09-23,132.46128845214844,2712500
2021-09-24,132.5214080810547,2366100
2021-09-27,131.24952697753906,4482000
2021-09-28,129.81430053710938,5910900
2021-09-29,130.88858032226562,3326500
2021-09-30,129.2642364501953,4949200
2021-10-01,129.72833251953125,4274300
2021-10-04,129.08380126953125,5404900
2021-10-05,129.84864807128906,6103100
2021-10-06,133.17459106445312,5499200
2021-10-07,134.40354919433594,4605100
2021-10-08,134.0941619873047,4186000
2021-10-11,134.27464294433594,2738100
2021-10-12,134.86764526367188,3195400
2021-10-13,135.7786102294922,3599900
2021-10-14,136.87005615234375,3677100
2021-10-15,136.4833221435547,4313000
2021-10-18,135.86453247070312,3274200
2021-10-19,137.5919952392578,3125800
2021-10-20,138.63185119628906,3716500
2021-10-21,136.80130004882812,4164700
2021-10-22,137.48023986816406,3240300
2021-10-25,136.83567810058594,3281200
2021-10-26,138.51156616210938,3684700
2021-10-27,138.03025817871094,3751800
2021-10-28,138.89830017089844,3589600
2021-10-29,138.881103515625,4558200
2021-11-01,138.5889129638672,3017100
2021-11-02,139.86083984375,3464500
2021-11-03,141.20152282714844,3595000
2021-11-04,141.2101287841797,3310100
2021-11-05,142.66250610351562,3754300
2021-11-08,139.5944366455078,5766400
2021-11-09,140.52256774902344,3778600
2021-11-10,140.97808837890625,2683500
2021-11-11,139.81787109375,2453000
2021-11-12,139.78347778320312,3540900
2021-11-15,140.7718048095703,3357100
2021-11-16,140.35069274902344,2899400
2021-11-17,140.4022216796875,3332200
2021-11-18,140.44520568847656,3498900
2021-11-19,140.78041076660156,5242200
2021-11-22,141.07260131835938,4157200
2021-11-23,142.01797485351562,3878000
2021-11-24,140.72024536132812,3309500
2021-11-26,138.48574829101562,3402900
2021-11-29,141.06398010253906,5305800
2021-11-30,137.31698608398438,7610000
2021-12-01,137.64353942871094,5385600
2021-12-02,138.97161865234375,4619800
2021-12-03,142.51040649414062,6465900
2021-12-06,143.9899139404297,5403100
2021-12-07,143.82553100585938,5460100
2021-12-08,144.07647705078125,3891900
2021-12-09,143.89476013183594,3644500
2021-12-10,146.19622802734375,5025700
2021-12-13,146.9230499267578,5411800
2021-12-14,146.55966186523438,4985000
2021-12-15,148.44581604003906,5507800
2021-12-16,148.66213989257812,6909900
2021-12-17,145.61656188964844,10159600
2021-12-20,146.5855712890625,5263600
2021-12-21,146.15296936035156,3401400
2021-12-22,147.06146240234375,4362900
2021-12-23,146.89706420898438,3241700
2021-12-27,148.3592987060547,2868800
2021-12-28,149.12933349609375,2332100
2021-12-29,149.65713500976562,2299500
2021-12-30,149.39755249023438,1988900
2021-12-31,150.29739379882812,2914900
2022-01-03,149.665771484375,5488900
2022-01-04,149.88206481933594,4717600
2022-01-05,150.39256286621094,6564600
2022-01-06,150.4272003173828,4288700
2022-01-07,150.6175079345703,4916000
2022-01-10,150.69540405273438,5055900
2022-01-11,150.6261749267578,6452300
2022-01-12,150.46176147460938,5268000
2022-01-13,150.70401000976562,4310300
2022-01-14,151.9672393798828,4474500
2022-01-18,150.513671875,5789500
2022-01-19,151.59524536132812,6424500
2022-01-20,150.4963836669922,6284200
2022-01-21,150.73863220214844,6753200
2022-01-24,149.96859741210938,9263900
2022-01-25,148.24681091308594,6536900
2022-01-26,146.68075561523438,6841800
2022-01-27,146.54232788085938,6543500
2022-01-28,149.39755249023438,5796000
2022-01-31,150.1329803466797,5908000
2022-02-01,149.1120147705078,5952700
2022-02-02,151.82017517089844,5767000
2022-02-03,151.73362731933594,4632700
2022-02-04,149.2418212890625,4592400
2022-02-07,148.6534423828125,4813300
2022-02-08,148.83517456054688,3957700
2022-02-09,148.76600646972656,6780200
2022-02-10,145.67709350585938,7899800
2022-02-11,145.8588409423828,7299600
2022-02-14,144.232177734375,6822500
2022-02-15,143.59190368652344,4943800
2022-02-16,143.88609313964844,4161700
2022-02-17,144.2754669189453,5156800
2022-02-18,145.10606384277344,5181600
2022-02-22,145.65977478027344,7733900
2022-02-23,144.22352600097656,5812800
2022-02-24,141.71437072753906,8888800
2022-02-25,145.68576049804688,6535600
2022-02-28,141.671142578125,7677000
2022-03-01,140.3992919921875,5107900
2022-03-02,142.34600830078125,5452100
2022-03-03,142.19361877441406,5352200
2022-03-04,144.35342407226562,6340300
2022-03-07,141.4794464111328,6319500
2022-03-08,137.4906768798828,6163700
2022-03-09,137.0813751220703,5764900
2022-03-10,134.5644073486328,6103700
2022-03-11,133.88510131835938,4762600
2022-03-14,135.76626586914062,6075600
2022-03-15,138.474853515625,6203400
2022-03-16,139.08445739746094,6299000
2022-03-17,140.1643524169922,3587600
2022-03-18,141.7755584716797,12123000
2022-03-21,141.57525634765625,5122600
2022-03-22,143.12547302246094,5779200
2022-03-23,142.37648010253906,4533700
2022-03-24,143.23870849609375,3160300
2022-03-25,143.90931701660156,4146800
2022-03-28,144.3360595703125,4308000
2022-03-29,146.478515625,4440400
2022-03-30,146.27818298339844,3871500
2022-03-31,145.77304077148438,6076200
2022-04-01,147.84580993652344,3239600
2022-04-04,147.46261596679688,3759900
2022-04-05,147.61936950683594,4480700
2022-04-06,150.13626098632812,4294800
2022-04-07,150.2756805419922,5041600
2022-04-08,150.78077697753906,3883100
2022-04-11,150.31918334960938,3825100
2022-04-12,150.92881774902344,3924300
2022-04-13,150.6675567626953,4394000
2022-04-14,149.7095489501953,4834300
2022-04-18,148.4206085205078,3086000
2022-04-19,150.58045959472656,3642000
2022-04-20,152.8187255859375,4197600
2022-04-21,152.27001953125,3701300
2022-04-22,149.9272918701172,5864000
2022-04-25,151.31204223632812,7369900
2022-04-26,150.92881774902344,7386600
2022-04-27,152.27871704101562,5180300
2022-04-28,154.586669921875,5235800
2022-04-29,149.5440673828125,6505600
2022-05-02,146.10398864746094,7692100
2022-05-03,146.30430603027344,5564900
2022-05-04,151.4165802001953,6231500
2022-05-05,148.3944854736328,6534300
2022-05-06,148.4119110107422,5824600
2022-05-09,149.53536987304688,7269100
2022-05-10,149.35247802734375,5936700
2022-05-11,148.62965393066406,5376900
2022-05-12,148.4031982421875,6473500
2022-05-13,151.2945556640625,4714600
2022-05-16,152.8187255859375,5317200
2022-05-17,151.93910217285156,5012200
2022-05-18,142.52452087402344,8875400
2022-05-19,140.39080810546875,6423800
2022-05-20,141.27044677734375,5768800
2022-05-23,144.22283935546875,4657800
2022-05-24,146.15621948242188,6327600
2022-05-25,147.1577911376953,5781000
2022-05-26,148.15065002441406,5193800
2022-05-27,149.59634399414062,6713500
2022-05-31,146.09527587890625,13610000
2022-06-01,144.9979248046875,5613900
2022-06-02,146.17308044433594,4677300
2022-06-03,144.56822204589844,4222000
2022-06-06,145.17333984375,3447800
2022-06-07,146.06788635253906,4168300
2022-06-08,145.3399658203125,2646800
2022-06-09,142.75289916992188,3522900
2022-06-10,142.52488708496094,5203300
2022-06-13,140.08692932128906,6300700
2022-06-14,136.9122772216797,6159200
2022-06-15,138.3768310546875,5940100
2022-06-16,137.7103271484375,7207900
2022-06-17,137.7366485595703,9881800
2022-06-21,140.93756103515625,4449600
2022-06-22,142.09518432617188,4706500
2022-06-23,143.91049194335938,5810700
2022-06-24,145.69073486328125,5951500
2022-06-27,145.88368225097656,4595800
2022-06-28,143.83155822753906,4372900
2022-06-29,146.2169189453125,3653600
2022-06-30,146.15554809570312,6295100
2022-07-01,148.5496826171875,3918700
2022-07-05,148.21641540527344,4971600
2022-07-06,149.698486328125,4209100
2022-07-07,149.4003143310547,5150200
2022-07-08,150.7333221435547,3482900
2022-07-11,149.4967803955078,4921300
2022-07-12,148.6461181640625,5201600
2022-07-13,149.1723175048828,4533100
2022-07-14,149.9440460205078,4218300
2022-07-15,150.06680297851562,4659100
2022-07-18,147.5587158203125,3479700
2022-07-19,149.13720703125,4201600
2022-07-20,147.5587158203125,3460700
2022-07-21,147.77789306640625,3088300
2022-07-22,148.7425994873047,3757800
2022-07-25,148.95306396484375,3357200
2022-07-26,150.689453125,3732100
2022-07-27,150.47900390625,4479000
2022-07-28,153.32913208007812,3134200
2022-07-29,153.43438720703125,4215500
2022-08-01,155.17955017089844,4034600
2022-08-02,153.899169921875,3781100
2022-08-03,155.0742950439453,4401300
2022-08-04,154.23240661621094,3822500
2022-08-05,153.07479858398438,3295600
2022-08-08,152.4609375,2846100
2022-08-09,153.03094482421875,3228800
2022-08-10,154.29383850097656,4041100
2022-08-11,153.50448608398438,2743800
2022-08-12,155.51278686523438,3756200
2022-08-15,157.2228546142578,3043100
2022-08-16,158.1349334716797,3395700
2022-08-17,158.0472412109375,2666200
2022-08-18,158.20506286621094,3010600
2022-08-19,158.0033721923828,3704000
2022-08-22,156.4949951171875,3385000
2022-08-23,156.4248046875,2575000
2022-08-24,157.20533752441406,3340600
2022-08-25,157.21409606933594,3401800
2022-08-26,153.50448608398438,5246600
2022-08-29,153.022216796875,4184500
2022-08-30,151.70677185058594,4026300
2022-08-31,151.07533264160156,5597900
2022-09-01,152.6026611328125,4846100
2022-09-02,150.66920471191406,5801500
2022-09-06,149.6539306640625,4900100
2022-09-07,152.95584106445312,6074600
2022-09-08,152.44374084472656,3888100
2022-09-09,152.9293212890625,3662000
2022-09-12,153.52967834472656,5953300
2022-09-13,147.79991149902344,6926200
2022-09-14,148.92112731933594,5156900
2022-09-15,146.44912719726562,5461000
2022-09-16,147.4114227294922,12012600
2022-09-19,148.9652862548828,3720900
2022-09-20,149.13304138183594,3872000
2022-09-21,148.709228515625,5134500
2022-09-22,148.8505401611328,4290600
2022-09-23,148.77987670898438,4565100
2022-09-26,148.71807861328125,5326400
2022-09-27,146.5638885498047,5400700
2022-09-28,148.91232299804688,5480900
2022-09-29,147.0936279296875,5167700
2022-09-30,144.13604736328125,5971900
2022-10-03,145.89291381835938,5093400
2022-10-04,147.5350341796875,4596800
2022-10-05,146.55508422851562,3538600
2022-10-06,143.7299041748047,4623400
2022-10-07,142.67933654785156,4779200
2022-10-10,142.86471557617188,4839200
2022-10-11,143.5445098876953,5222600
2022-10-12,149.54800415039062,9795300
2022-10-13,154.15652465820312,8412700
2022-10-14,150.2542724609375,5937900
2022-10-17,152.4967041015625,6401800
2022-10-18,154.55380249023438,4547400
2022-10-19,153.05296325683594,5200200
2022-10-20,151.37548828125,4314000
2022-10-21,152.7880859375,5071500
2022-10-24,156.86688232421875,5316500
2022-10-25,157.38780212402344,5220000
2022-10-26,158.09408569335938,5136000
2022-10-27,157.9263153076172,5424100
2022-10-28,160.8839111328125,6715300
2022-10-31,160.31005859375,4877200
2022-11-01,159.5861053466797,4084500
2022-11-02,157.36129760742188,4970600
2022-11-03,156.95518493652344,3753800
2022-11-04,157.8380584716797,3922400
2022-11-07,159.1005401611328,3246100
2022-11-08,159.54197692871094,3724700
2022-11-09,157.63504028320312,4723600
2022-11-10,160.41603088378906,6704100
2022-11-11,157.19354248046875,7390500
2022-11-14,156.02818298339844,5633000
2022-11-15,156.43429565429688,5153600
2022-11-16,157.4407958984375,4701100
2022-11-17,158.94161987304688,3920300
2022-11-18,160.08935546875,4498100
2022-11-21,163.17054748535156,4397600
2022-11-22,163.1881866455078,4109600
2022-11-23,163.4000701904297,2511000
2022-11-25,162.54373168945312,1837000
2022-11-28,162.34947204589844,6411400
2022-11-29,161.2017364501953,4375400
2022-11-30,163.77969360351562,7915600
2022-12-01,165.1477813720703,4683300
2022-12-02,164.9612274169922,3547700
2022-12-05,162.6781005859375,4083200
2022-12-06,161.35447692871094,5835100
2022-12-07,161.84304809570312,4241700
2022-12-08,163.26446533203125,3800800
2022-12-09,162.66038513183594,3116100
2022-12-12,163.43324279785156,4691400
2022-12-13,163.3444061279297,5634900
2022-12-14,162.89132690429688,5392500
2022-12-15,160.1285400390625,6127800
2022-12-16,160.20843505859375,15708100
2022-12-19,161.09683227539062,4447800
2022-12-20,160.9990997314453,3249000
2022-12-21,162.1273651123047,4236900
2022-12-22,160.87474060058594,4304700
2022-12-23,161.9141082763672,2197800
2022-12-27,162.6337127685547,3045000
2022-12-28,161.46104431152344,2694300
2022-12-29,161.6653594970703,2549200
2022-12-30,160.4927520751953,3136200
2023-01-03,159.38230895996094,5137400
2023-01-04,158.9914093017578,4771300
2023-01-05,157.3301239013672,3647100
2023-01-06,160.8836212158203,3713200
2023-01-09,159.31121826171875,3319200
2023-01-10,157.99642944335938,3817300
2023-01-11,158.17408752441406,4369900
2023-01-12,156.15750122070312,4246600
2023-01-13,155.67779541015625,4720400
2023-01-17,156.40618896484375,5032600
2023-01-18,152.46185302734375,5032600
2023-01-19,150.6940460205078,4720400
2023-01-20,150.9161376953125,5779100
2023-01-23,150.240966796875,5440400
2023-01-24,151.63571166992188,4125600
2023-01-25,152.73728942871094,3852800
2023-01-26,151.2181396484375,4558400
2023-01-27,150.68515014648438,5451400
2023-01-30,150.56076049804688,5191500
2023-01-31,151.92884826660156,4665500
2023-02-01,152.4085693359375,4147700
2023-02-02,150.99606323242188,5653800
2023-02-03,150.240966796875,5308200
2023-02-06,152.63955688476562,5640000
2023-02-07,152.4085693359375,6044700
2023-02-08,152.05323791503906,5687300
2023-02-09,153.49240112304688,9619400
2023-02-10,156.53060913085938,6176000
2023-02-13,157.9253692626953,5205100
2023-02-14,156.1486053466797,5203000
2023-02-15,156.36183166503906,4125500
2023-02-16,155.91763305664062,4973200
2023-02-17,156.6016845703125,3952100
2023-02-21,156.51287841796875,5797300
2023-02-22,156.4595184326172,5299500
2023-02-23,156.6283721923828,3801400
2023-02-24,156.3173828125,2959100
2023-02-27,156.27301025390625,3208500
2023-02-28,154.15866088867188,4317100
2023-03-01,152.20425415039062,5359100
2023-03-02,155.01255798339844,4476300
2023-03-03,154.86050415039062,3627100
2023-03-06,155.17355346679688,3611400
2023-03-07,154.40438842773438,4094900
2023-03-08,154.8247833251953,2920200
2023-03-09,153.65313720703125,4042100
2023-03-10,153.85885620117188,4129900
2023-03-13,155.36138916015625,8265100
2023-03-14,155.2003936767578,6480800
2023-03-15,157.9729766845703,7099800
2023-03-16,157.86566162109375,4734400
2023-03-17,156.6313934326172,8854600
2023-03-20,158.83154296875,4367000
2023-03-21,159.20718383789062,3812000
2023-03-22,157.86566162109375,4380800
2023-03-23,157.09645080566406,4655600
2023-03-24,160.17312622070312,3713800
2023-03-27,160.53085327148438,4078600
2023-03-28,160.47718811035156,2850000
2023-03-29,161.58619689941406,4496000
2023-03-30,161.72930908203125,2743000
2023-03-31,163.04405212402344,4479800
2023-04-03,163.22291564941406,3902300
2023-04-04,162.64158630371094,3306400
2023-04-05,164.24252319335938,3826300
2023-04-06,164.88645935058594,3389700
2023-04-10,163.84898376464844,2408100
2023-04-11,163.5985565185547,3586700
2023-04-12,163.27659606933594,3620900
2023-04-13,164.9043731689453,4303600
2023-04-14,164.12623596191406,2572900
2023-04-17,164.96694946289062,3224400
2023-04-18,165.30682373046875,2438600
2023-04-19,165.20843505859375,2209900
2023-04-20,165.75399780273438,3868200
2023-04-21,165.82553100585938,3781800
2023-04-24,165.90603637695312,3540200
2023-04-25,169.67135620117188,6231600
2023-04-26,168.6249237060547,4481700
2023-04-27,169.65345764160156,4574500
2023-04-28,170.72669982910156,4608900
2023-05-01,171.4332733154297,3137800
2023-05-02,171.9430389404297,3712200
2023-05-03,171.88046264648438,3389600
2023-05-04,172.95370483398438,4267600
2023-05-05,173.7496795654297,4146500
2023-05-08,172.9268341064453,2249900
2023-05-09,173.63343811035156,3087600
2023-05-10,173.7496795654297,4352900
2023-05-11,174.70664978027344,3690200
2023-05-12,175.40426635742188,2741000
2023-05-15,173.7496795654297,2946400
2023-05-16,172.9984130859375,5803100
2023-05-17,171.77313232421875,4878800
2023-05-18,171.32594299316406,3709400
2023-05-19,171.5763397216797,3883000
2023-05-22,166.92562866210938,5787000
2023-05-23,166.4158477783203,6382300
2023-05-24,165.36048889160156,3721000
2023-05-25,164.38558959960938,4712700
2023-05-26,164.1888427734375,4449300
2023-05-30,162.42691040039062,4331800
2023-05-31,163.08876037597656,20414600
2023-06-01,164.0839385986328,5277400
2023-06-02,165.76808166503906,4288300
2023-06-05,165.8851776123047,4311700
2023-06-06,163.51657104492188,3975600
2023-06-07,162.21066284179688,5162700
2023-06-08,164.00289916992188,4036100
2023-06-09,164.22804260253906,3200100
2023-06-12,163.82276916503906,4207100
2023-06-13,163.49856567382812,2838700
2023-06-14,164.96653747558594,3559300
2023-06-15,167.254150390625,4326100
2023-06-16,167.5513458251953,8925700
2023-06-20,166.89389038085938,4154800
2023-06-21,167.00193786621094,3832400
2023-06-22,168.73114013671875,3185800
2023-06-23,167.578369140625,7592600
2023-06-26,166.51564025878906,3706100
2023-06-27,167.71343994140625,5763000
2023-06-28,165.4438934326172,5193900
2023-06-29,165.60601806640625,5770400
2023-06-30,166.81280517578125,7635100
2023-07-03,167.15505981445312,2389000
2023-07-05,168.03768920898438,5277100
2023-07-06,168.05569458007812,5592100
2023-07-07,164.88552856445312,6309900
2023-07-10,165.98423767089844,5508800
2023-07-11,165.696044921875,3914300
2023-07-12,164.96653747558594,6080100
2023-07-13,168.8932342529297,8223100
2023-07-14,169.50570678710938,4467600
2023-07-17,167.18209838867188,5637400
2023-07-18,166.11932373046875,5684100
2023-07-19,167.7494659423828,4140800
2023-07-20,170.48736572265625,5056500
2023-07-21,171.26190185546875,15022100
2023-07-24,171.94635009765625,4225800
2023-07-25,172.3426513671875,3521600
2023-07-26,172.55880737304688,3898900
2023-07-27,169.7938690185547,4141800
2023-07-28,171.39697265625,5602300
2023-07-31,168.83023071289062,5687700
2023-08-01,168.2538299560547,2853900
2023-08-02,169.5957489013672,4285900
2023-08-03,168.52401733398438,2857400
2023-08-04,166.2544708251953,4651100
2023-08-07,168.31686401367188,3323400
2023-08-08,166.1103515625,5017900
2023-08-09,165.696044921875,4413100
2023-08-10,165.48890686035156,3727200
2023-08-11,165.7501220703125,2873800
2023-08-14,165.37184143066406,3385600
2023-08-15,163.32745361328125,3331800
2023-08-16,163.20135498046875,2633700
2023-08-17,160.71563720703125,4503000
2023-08-18,160.4724578857422,6020300
2023-08-21,159.4547576904297,4284100
2023-08-22,158.23892211914062,3489300
2023-08-23,160.41842651367188,4042700
2023-08-24,159.5718231201172,5709800
2023-08-25,161.5892333984375,4710700
2023-08-28,162.33676147460938,3189800
2023-08-29,162.9491729736328,4368600
2023-08-30,163.0842742919922,3153400
2023-08-31,161.36558532714844,5566700
2023-09-01,159.00750732421875,4801400
2023-09-05,157.95542907714844,5081800
2023-09-06,158.47238159179688,5933800
2023-09-07,159.9870147705078,4934300
2023-09-08,159.86911010742188,2995000
2023-09-11,162.28160095214844,4512700
2023-09-12,161.68301391601562,3331100
2023-09-13,162.96182250976562,3781400
2023-09-14,164.36761474609375,4118300
2023-09-15,163.10691833496094,11661200
2023-09-18,162.68972778320312,3182600
2023-09-19,161.72836303710938,3369300
2023-09-20,161.78277587890625,3695800
2023-09-21,159.06192016601562,5351000
2023-09-22,158.96217346191406,4542300
2023-09-25,158.10960388183594,3553600
2023-09-26,156.468017578125,5213700
2023-09-27,153.79249572753906,5729900
2023-09-28,153.72903442382812,4841600
2023-09-29,153.67462158203125,5194200
2023-10-02,153.42970275878906,3838800
2023-10-03,152.09649658203125,4873400
2023-10-04,153.1938934326172,4134000
2023-10-05,145.20364379882812,10556400
2023-10-06,145.37594604492188,12774700
2023-10-09,146.3463592529297,7244500
2023-10-10,149.10354614257812,11456400
2023-10-11,147.48915100097656,7371500
2023-10-12,143.37161254882812,9024100
2023-10-13,145.11294555664062,6757100
2023-10-16,146.0924530029297,5605000
2023-10-17,145.448486328125,6411300
2023-10-18,146.95407104492188,6650600
2023-10-19,145.620849609375,6336800
2023-10-20,145.11294555664062,5486500
2023-10-23,145.18548583984375,5795800
2023-10-24,147.0991668701172,5265200
2023-10-25,147.24427795410156,4534600
2023-10-26,146.39175415039062,5147000
2023-10-27,144.76828002929688,5078000
2023-10-30,147.1807861328125,4625900
2023-10-31,148.08773803710938,5947400
2023-11-01,149.52981567382812,6682500
2023-11-02,151.3074493408203,5413400
2023-11-03,151.2711639404297,4063300
2023-11-06,151.18955993652344,5784600
2023-11-07,151.62486267089844,4687200
2023-11-08,151.8153076171875,4926600
2023-11-09,150.69981384277344,5639300
2023-11-10,151.38905334472656,5552900
2023-11-13,152.15997314453125,5402300
2023-11-14,152.46836853027344,6238900
2023-11-15,151.68836975097656,5611200
2023-11-16,152.10557556152344,5386400
2023-11-17,151.24395751953125,5583100
2023-11-20,151.02626037597656,4886200
2023-11-21,152.1872100830078,3980000
2023-11-22,153.47506713867188,3235600
2023-11-24,153.611083984375,1751700
2023-11-27,152.65879821777344,3664700
2023-11-28,153.1485595703125,4056100
2023-11-29,151.60675048828125,4722400
2023-11-30,153.7954559326172,7346700
2023-12-01,154.1610107421875,4897400
2023-12-04,154.57223510742188,5323300
2023-12-05,153.47560119628906,4553800
2023-12-06,153.08261108398438,4726600
2023-12-07,153.0369415283203,4934800
2023-12-08,151.4102325439453,5115200
2023-12-11,153.36593627929688,6912600
2023-12-12,153.95994567871094,4515800
2023-12-13,157.19505310058594,6082100
2023-12-14,153.7589111328125,7119300
2023-12-15,152.61654663085938,17734600
2023-12-18,154.36204528808594,5439500
2023-12-19,153.4847412109375,4855900
2023-12-20,151.4193878173828,5157800
2023-12-21,152.58914184570312,4374000
2023-12-22,153.2379913330078,3030400
2023-12-26,154.31637573242188,2779200
2023-12-27,154.80984497070312,3502500
2023-12-28,154.80072021484375,2911100
2023-12-29,155.21194458007812,3291500
2024-01-02,158.01754760742188,5743100
2024-01-03,158.05410766601562,5588200
2024-01-04,156.70156860351562,6283200
2024-01-05,154.38949584960938,5252500
2024-01-08,154.54481506347656,5735600
2024-01-09,152.7719268798828,6268800
2024-01-10,152.54344177246094,4394900
2024-01-11,151.82150268554688,4800700
2024-01-12,152.86331176757812,3546100
2024-01-16,151.85804748535156,4576600
2024-01-17,152.1047821044922,4392300
2024-01-18,152.7719268798828,4709400
2024-01-19,151.50164794921875,6528600
2024-01-22,150.8893585205078,5697400
2024-01-23,153.20144653320312,4932700
2024-01-24,151.337158203125,4984700
2024-01-25,152.21446228027344,5373800
2024-01-26,153.40248107910156,4849000
2024-01-29,153.66749572753906,5713600
2024-01-30,155.01087951660156,4804200
2024-01-31,154.01480102539062,5769200
2024-02-01,156.9117431640625,4920800
2024-02-02,156.24461364746094,5307700
2024-02-05,156.19894409179688,5142700
2024-02-06,156.65586853027344,5182700
2024-02-07,156.70156860351562,5769700
2024-02-08,158.8765869140625,9269700
2024-02-09,153.22885131835938,12731700
2024-02-12,155.91563415527344,7867500
2024-02-13,154.33462524414062,7302000
2024-02-14,153.091796875,5731900
2024-02-15,153.40248107910156,4451400
2024-02-16,151.99514770507812,5246000
2024-02-20,154.1244354248047,6117900
2024-02-21,154.28895568847656,4192600
2024-02-22,153.7589111328125,7539200
2024-02-23,154.9926300048828,6409800
2024-02-26,153.76805114746094,3837000
2024-02-27,153.6766815185547,3567600
2024-02-28,152.64398193359375,5275300
2024-02-29,152.25259399414062,8489400
2024-03-01,151.56198120117188,6109900
2024-03-04,152.28024291992188,4303700
2024-03-05,149.2138214111328,6631300
2024-03-06,150.09783935546875,5302500
2024-03-07,150.19912719726562,5801600
2024-03-08,150.14385986328125,6065300
2024-03-11,151.69088745117188,5404800
2024-03-12,151.51593017578125,6158500
2024-03-13,152.21578979492188,4585800
2024-03-14,151.73692321777344,5155300
2024-03-15,151.62644958496094,21887300
2024-03-18,157.70404052734375,10478500
2024-03-19,158.20126342773438,7653700
2024-03-20,158.2565155029297,5046700
2024-03-21,158.79981994628906,4343000
2024-03-22,158.4038543701172,4106400
2024-03-25,158.9379425048828,3941900
2024-03-26,159.05764770507812,4593000
2024-03-27,159.83120727539062,4911300
2024-03-28,161.1571807861328,5710400
2024-04-01,159.28785705566406,4815400
2024-04-02,157.86976623535156,5158500
2024-04-03,156.2490692138672,5828000
2024-04-04,156.22146606445312,5422600
2024-04-05,155.7518310546875,4412200
2024-04-08,156.15699768066406,3755700
2024-04-09,157.10548400878906,3773900
2024-04-10,155.57687377929688,4581500
2024-04-11,155.0335693359375,4241500
2024-04-12,154.7941436767578,5453500
2024-04-15,153.73516845703125,5133200
2024-04-16,154.24163818359375,4569700
2024-04-17,156.0648956298828,4069200
2024-04-18,158.6340789794922,5574700
2024-04-19,160.34686279296875,6636700
2024-04-22,162.49244689941406,7288700
2024-04-23,157.6671905517578,9145000
2024-04-24,163.36721801757812,10016700
2024-04-25,162.6949920654297,7441500
2024-04-26,161.6820831298828,4472100
2024-04-29,162.19773864746094,3224500
2024-04-30,161.9859619140625,4465100
2024-05-01,161.28611755371094,4340500
2024-05-02,161.56236267089844,3964800
2024-05-03,162.20693969726562,3491900
2024-05-06,161.90309143066406,3576200
2024-05-07,163.92893981933594,3708000
2024-05-08,163.36721801757812,3400900
2024-05-09,163.96575927734375,2421400
2024-05-10,165.55885314941406,4201600
2024-05-13,166.58096313476562,4408100
2024-05-14,165.63250732421875,3508600
2024-05-15,165.25494384765625,4785100
2024-05-16,168.6160430908203,5984700
2024-05-17,167.76885986328125,4449100
2024-05-20,166.0376739501953,3221100
2024-05-21,166.74671936035156,3288100
2024-05-22,167.67677307128906,4047000
2024-05-23,165.07997131347656,4009000
2024-05-24,163.9013214111328,3447400
2024-05-28,159.65621948242188,6178100
2024-05-29,157.6027374267578,5352100
2024-05-30,156.98574829101562,3903100
2024-05-31,159.21420288085938,8155600
2024-06-03,157.67640686035156,5032400
2024-06-04,160.1258544921875,4619100
2024-06-05,159.75750732421875,5370700
2024-06-06,159.49046325683594,5536700
2024-06-07,158.7433319091797,3521100
2024-06-10,153.97286987304688,9429400
2024-06-11,153.20254516601562,8284500
2024-06-12,152.05169677734375,6281100
2024-06-13,151.58766174316406,5432600
2024-06-14,152.0331268310547,3603300
2024-06-17,154.1956329345703,5412200
2024-06-18,154.5111846923828,3519500
2024-06-20,154.69679260253906,4942400
2024-06-21,155.253662109375,10899100
2024-06-24,155.99615478515625,4476900
2024-06-25,155.3186492919922,4217300
2024-06-26,154.75250244140625,4778300
2024-06-27,154.30697631835938,4326500
2024-06-28,153.07260131835938,8755900
2024-07-01,151.1792755126953,4508000
2024-07-02,151.81967163085938,4650800
2024-07-03,150.9101104736328,2879600
2024-07-05,152.57142639160156,4208200
2024-07-08,150.46461486816406,5268800
2024-07-09,150.26043701171875,5801200
2024-07-10,151.8289337158203,7372300
2024-07-11,152.1630859375,10258600
2024-07-12,154.4183807373047,6677000
2024-07-15,152.07952880859375,4551800
2024-07-16,152.9148406982422,4461700
2024-07-17,157.67604064941406,7671000
2024-07-18,158.12149047851562,6228600
2024-07-19,157.18411254882812,5332800
2024-07-22,155.60633850097656,5308400
2024-07-23,154.32554626464844,3344300
2024-07-24,156.0796661376953,5867000
2024-07-25,158.7248077392578,6270900
2024-07-26,160.33041381835938,5746300
2024-07-29,160.75732421875,4152700
2024-07-30,160.72947692871094,4994600
2024-07-31,160.2561492919922,6245600
2024-08-01,162.38153076171875,5994500
2024-08-02,165.24008178710938,6856100
2024-08-05,161.5276336669922,7502300
2024-08-06,160.08909606933594,7287100
2024-08-07,159.4394073486328,5428900
2024-08-08,159.9777069091797,5112500
2024-08-09,159.99627685546875,3223000
2024-08-12,159.09600830078125,3802300
2024-08-13,159.9777069091797,3894700
2024-08-14,161.2213897705078,3555800
2024-08-15,160.116943359375,4472100
2024-08-16,160.20974731445312,4614600
2024-08-19,161.323486328125,3521700
2024-08-20,163.20753479003906,5330100
2024-08-21,162.61354064941406,4020700
2024-08-22,163.10543823242188,5265900
2024-08-23,163.22608947753906,5283600
2024-08-26,163.31890869140625,4146700
2024-08-27,162.69708251953125,3520600
2024-08-28,161.4163055419922,3915500
2024-08-29,159.71783447265625,4654300
2024-08-30,160.4510498046875,8677300
2024-09-03,164.77601623535156,7032100
2024-09-04,165.68557739257812,6188500
2024-09-05,166.4095001220703,5743100
2024-09-06,165.84373474121094,6395300
2024-09-09,166.63861083984375,4666200
2024-09-10,166.2832489013672,4315800
2024-09-11,164.3848419189453,4036000
2024-09-12,165.7595672607422,4222800
2024-09-13,165.8624267578125,3290400
2024-09-16,165.72216796875,4940100
2024-09-17,165.4041748046875,6305100
2024-09-18,163.851806640625,5307900
2024-09-19,163.3374481201172,5504000
2024-09-20,160.08303833007812,12198400
2024-09-23,160.9527587890625,5350300
2024-09-24,158.90472412109375,7837900
2024-09-25,158.41842651367188,4505100
2024-09-26,158.6896209716797,5673600
2024-09-27,158.9795684814453,7545800
2024-09-30,159.0262908935547,5054300
2024-10-01,160.27008056640625,7095900
2024-10-02,158.5587158203125,5786000
2024-10-03,157.60484313964844,5090300
2024-10-04,157.08114624023438,4390100
2024-10-07,156.3704071044922,5459500
2024-10-08,159.37232971191406,8297800
2024-10-09,161.35488891601562,7177500
2024-10-10,161.7757110595703,5292400
2024-10-11,163.4777374267578,4720300
2024-10-14,164.68411254882812,4535900
2024-10-15,164.4970703125,5802300
2024-10-16,163.16912841796875,4400900
2024-10-17,163.34681701660156,4125900
2024-10-18,163.71153259277344,5097000
2024-10-21,163.6647491455078,6436300
2024-10-22,163.06625366210938,3790500
2024-10-23,161.73829650878906,3800700
2024-10-24,160.99952697753906,4244900
2024-10-25,160.65350341796875,4442600
2024-10-28,158.82989501953125,5186400
2024-10-29,156.6416015625,5127900
2024-10-30,155.43524169921875,4801500
2024-10-31,155.31365966796875,5582400
2024-11-01,154.85540771484375,6339000
2024-11-04,155.55679321289062,4885500
2024-11-05,156.9689178466797,3678300
2024-11-06,154.032470703125,7849300
2024-11-07,153.36849975585938,5333500
2024-11-08,154.40655517578125,4618300
2024-11-11,153.61163330078125,3762000
2024-11-12,153.68646240234375,5386600
2024-11-13,154.060546875,4145000
2024-11-14,154.44393920898438,5422700
2024-11-15,148.33726501464844,9108900
2024-11-18,148.06607055664062,6991300
2024-11-19,146.56044006347656,8248900
2024-11-20,148.44949340820312,5067300
2024-11-21,149.94577026367188,5977000
2024-11-22,151.49815368652344,5846300
2024-11-25,152.48007202148438,8580400
2024-11-26,151.64776611328125,4653600
2024-11-27,152.17147827148438,3622900
2024-11-29,152.85415649414062,2799300
2024-12-02,152.48007202148438,4967400
2024-12-03,151.21759033203125,4277400
2024-12-04,149.796142578125,6964600
2024-12-05,150.08604431152344,5229600
2024-12-06,148.81753540039062,8359200
2024-12-09,150.40199279785156,8380400
2024-12-10,150.75096130371094,5329400
2024-12-11,147.8555450439453,7925900
2024-12-12,149.8643798828125,6849500
2024-12-13,148.98728942871094,4353900
2024-12-16,147.14817810058594,6696500
2024-12-17,147.2613525390625,6572600
2024-12-18,145.64857482910156,7620900
2024-12-19,142.85690307617188,9829500
2024-12-20,144.10182189941406,19205200
2024-12-23,142.68711853027344,6822200
2024-12-24,144.12071228027344,3399800
2024-12-26,143.771728515625,5528500
2024-12-27,144.19613647460938,4287000
2024-12-30,143.09268188476562,5397000
2024-12-31,143.41334533691406,4274800
