date,close,volume
2014-01-02,56.173179626464844,6981700
2014-01-03,56.11040115356445,6925600
2014-01-06,56.242923736572266,7208200
2014-01-07,56.78696060180664,7158200
2014-01-08,55.96394729614258,13458800
2014-01-09,56.08949661254883,10833900
2014-01-10,56.00578308105469,8448300
2014-01-13,55.80353927612305,9360800
2014-01-14,56.40333938598633,8737100
2014-01-15,56.3475456237793,8221900
2014-01-16,56.187129974365234,11673300
2014-01-17,55.71288299560547,13629800
2014-01-21,55.9221076965332,13216400
2014-01-22,55.67754364013672,8455600
2014-01-23,54.981849670410156,12667700
2014-01-24,55.642417907714844,20163200
2014-01-27,55.14347457885742,10395400
2014-01-28,55.59321594238281,10060800
2014-01-29,54.56020736694336,13443100
2014-01-30,54.019100189208984,9450500
2014-01-31,53.843414306640625,12988800
2014-02-03,53.196922302246094,14292700
2014-02-04,53.47096252441406,12055400
2014-02-05,53.72394943237305,9734100
2014-02-06,54.04020309448242,7819700
2014-02-07,54.32828903198242,7259200
2014-02-10,54.83426284790039,8959700
2014-02-11,55.40348434448242,10500800
2014-02-12,54.45478057861328,11019700
2014-02-13,54.67264938354492,7420600
2014-02-14,55.79701614379883,10791900
2014-02-18,54.792076110839844,15750700
2014-02-19,54.91157913208008,8740000
2014-02-20,54.756980895996094,8275200
2014-02-21,54.792076110839844,8089200
2014-02-24,54.714813232421875,7838700
2014-02-25,54.89751434326172,8177500
2014-02-26,54.714813232421875,7764700
2014-02-27,54.94670104980469,6549800
2014-02-28,55.27700424194336,8489600
2014-03-03,54.447776794433594,8598600
2014-03-04,55.129432678222656,8306900
2014-03-05,54.686683654785156,8542300
2014-03-06,54.8553581237793,6475600
2014-03-07,55.08021926879883,5865400
2014-03-10,55.18564224243164,5229900
2014-03-11,55.48079299926758,6595800
2014-03-12,55.684574127197266,7469300
2014-03-13,55.64944839477539,9676600
2014-03-14,55.50186538696289,14850700
2014-03-17,56.106231689453125,8452100
2014-03-18,56.05702590942383,7703200
2014-03-19,55.36133575439453,8607200
2014-03-20,55.038063049316406,8659500
2014-03-21,54.72887420654297,21244400
2014-03-24,55.72675323486328,11221600
2014-03-25,56.08515167236328,8892500
2014-03-26,55.867279052734375,8269800
2014-03-27,55.972694396972656,8134100
2014-03-28,56.049983978271484,6413500
2014-03-31,56.640316009521484,8492800
2014-04-01,56.45757293701172,8222300
2014-04-02,56.31001663208008,6741800
2014-04-03,56.28893280029297,5646000
2014-04-04,56.05702590942383,8649600
2014-04-07,56.56298828125,13229000
2014-04-08,57.1673469543457,11880700
2014-04-09,57.26572036743164,11550700
2014-04-10,56.98463821411133,12194300
2014-04-11,56.75273895263672,11831400
2014-04-14,56.78785705566406,7105600
2014-04-15,56.80893325805664,9000800
2014-04-16,57.378170013427734,8300700
2014-04-17,57.4554557800293,8374700
2014-04-21,57.31492233276367,6391000
2014-04-22,57.09707260131836,9259100
2014-04-23,56.92280197143555,9577500
2014-04-24,57.4824104309082,9523200
2014-04-25,57.66656494140625,7497400
2014-04-28,58.7503776550293,11595100
2014-04-29,58.39618682861328,7214300
2014-04-30,58.47410583496094,6243300
2014-05-01,58.325340270996094,5305000
2014-05-02,58.02782440185547,6629200
2014-05-05,57.87200927734375,4563600
2014-05-06,57.468238830566406,4591300
2014-05-07,58.148258209228516,6639500
2014-05-08,58.19783020019531,4631200
2014-05-09,58.36079406738281,7303500
2014-05-12,57.893253326416016,7859000
2014-05-13,57.80823516845703,6540200
2014-05-14,57.49660110473633,6867200
2014-05-15,57.04323959350586,9402100
2014-05-16,56.901573181152344,11558900
2014-05-19,56.61824035644531,6068100
2014-05-20,56.83074188232422,7057200
2014-05-21,57.0149040222168,6339800
2014-05-22,57.12824630737305,5561100
2014-05-23,57.0361442565918,4472600
2014-05-27,56.724491119384766,7003800
2014-05-28,56.738651275634766,4201400
2014-05-29,56.951148986816406,3886800
2014-05-30,57.2274169921875,7433000
2014-06-02,56.92280197143555,4331700
2014-06-03,56.61824035644531,6970600
2014-06-04,56.568641662597656,5427700
2014-06-05,56.745731353759766,5787700
2014-06-06,56.68907165527344,5520500
2014-06-09,56.73157501220703,6352500
2014-06-10,56.774085998535156,5658400
2014-06-11,56.71031951904297,7453700
2014-06-12,56.497806549072266,6526800
2014-06-13,56.41279602050781,5214000
2014-06-16,56.448204040527344,5334600
2014-06-17,56.370296478271484,5337300
2014-06-18,56.51906204223633,9614200
2014-06-19,56.83782196044922,12485100
2014-06-20,56.61824035644531,11659900
2014-06-23,56.327816009521484,6938900
2014-06-24,55.96656036376953,8157300
2014-06-25,56.18614196777344,12569300
2014-06-26,55.69028854370117,7258800
2014-06-27,55.9736328125,8974900
2014-06-30,55.66902160644531,10297700
2014-07-01,56.15778350830078,8421200
2014-07-02,56.35614776611328,6276600
2014-07-03,56.65365219116211,5501100
2014-07-07,56.802406311035156,6673600
2014-07-08,57.064476013183594,9150200
2014-07-09,57.85074234008789,12113100
2014-07-10,57.80823516845703,8786500
2014-07-11,57.489498138427734,7519300
2014-07-14,57.60283279418945,6802000
2014-07-15,57.560333251953125,9637600
2014-07-16,57.79166793823242,8940500
2014-07-17,57.40608596801758,5844700
2014-07-18,57.513214111328125,6502400
2014-07-21,57.3204231262207,4434300
2014-07-22,57.19189453125,6073200
2014-07-23,57.11336135864258,5891200
2014-07-24,57.3061408996582,6273100
2014-07-25,56.806339263916016,6293400
2014-07-28,56.592124938964844,6757300
2014-07-29,56.15658187866211,6419600
2014-07-30,55.80672073364258,8296500
2014-07-31,55.206974029541016,11235600
2014-08-01,56.87059020996094,18110700
2014-08-04,56.56357955932617,12075300
2014-08-05,56.69925308227539,7995900
2014-08-06,57.89875793457031,12839000
2014-08-07,57.22046661376953,7904000
2014-08-08,57.798805236816406,6215600
2014-08-11,58.1772346496582,8188000
2014-08-12,58.13441467285156,6591200
2014-08-13,58.1772346496582,5472200
2014-08-14,58.5128173828125,5930700
2014-08-15,58.39141845703125,7418400
2014-08-18,58.862674713134766,8450500
2014-08-19,59.041168212890625,6867700
2014-08-20,59.12688446044922,4581800
2014-08-21,59.462459564208984,7099800
2014-08-22,59.54096984863281,6978500
2014-08-25,59.64807891845703,5586800
2014-08-26,59.53386688232422,5188400
2014-08-27,59.48384094238281,4248300
2014-08-28,59.28396224975586,4278700
2014-08-29,59.341064453125,4901300
2014-09-02,59.248233795166016,5528900
2014-09-03,59.19111251831055,5851800
2014-09-04,59.76232147216797,7444200
2014-09-05,59.81230163574219,5888900
2014-09-08,59.49100875854492,4899600
2014-09-09,59.25537872314453,5202900
2014-09-10,59.7194938659668,6715300
2014-09-11,59.61238479614258,6341600
2014-09-12,59.44814682006836,6358500
2014-09-15,59.88371658325195,7004700
2014-09-16,60.03364944458008,7143800
2014-09-17,60.09077453613281,8273800
2014-09-18,60.112205505371094,5309200
2014-09-19,60.31210708618164,11377700
2014-09-22,60.55485534667969,8397100
2014-09-23,60.290687561035156,7723500
2014-09-24,60.861881256103516,11694700
2014-09-25,60.21214294433594,8212300
2014-09-26,60.39064025878906,5478000
2014-09-29,60.290687561035156,6360000
2014-09-30,59.79088592529297,8074700
2014-10-01,59.36248779296875,9024700
2014-10-02,59.29824447631836,8858400
2014-10-03,59.82658386230469,6701500
2014-10-06,59.66951370239258,5656500
2014-10-07,59.37676239013672,7378200
2014-10-08,60.10505294799805,8107100
2014-10-09,59.7337646484375,7765700
2014-10-10,60.469200134277344,13732400
2014-10-13,59.526695251464844,10066100
2014-10-14,59.655208587646484,8210300
2014-10-15,59.2268180847168,13283200
2014-10-16,58.719871520996094,11310200
2014-10-17,59.45530700683594,11786600
2014-10-20,60.10505294799805,8558100
2014-10-21,60.412078857421875,12389600
2014-10-22,60.60200500488281,9747600
2014-10-23,59.88251495361328,14292100
2014-10-24,61.27112579345703,13465600
2014-10-27,61.839534759521484,10316600
2014-10-28,62.213653564453125,9437700
2014-10-29,62.26402282714844,6880600
2014-10-30,62.551822662353516,5560300
2014-10-31,62.78921127319336,9359800
2014-11-03,62.86837387084961,7789500
2014-11-04,63.774932861328125,10594800
2014-11-05,64.03392791748047,8462000
2014-11-06,63.961997985839844,6628900
2014-11-07,64.1274642944336,5975700
2014-11-10,64.35771179199219,5927100
2014-11-11,64.51599884033203,6343900
2014-11-12,64.37931060791016,6298700
2014-11-13,63.74617004394531,10191600
2014-11-14,63.39361572265625,7559400
2014-11-17,63.1993408203125,9475800
2014-11-18,63.278526306152344,6419400
2014-11-19,63.839691162109375,6570400
2014-11-20,63.652610778808594,5527600
2014-11-21,63.74617004394531,8984100
2014-11-24,63.39361572265625,5569200
2014-11-25,63.89004898071289,6439700
2014-11-26,63.94761276245117,4420000
2014-11-28,65.06279754638672,7661800
2014-12-01,64.81098937988281,6745100
2014-12-02,65.52327728271484,7432900
2014-12-03,64.75343322753906,6465600
2014-12-04,65.17070770263672,6406700
2014-12-05,65.02681732177734,6383400
2014-12-08,65.30023956298828,4721900
2014-12-09,65.2642822265625,5704000
2014-12-10,64.75343322753906,6293300
2014-12-11,65.04840850830078,6468700
2014-12-12,64.42965698242188,6574600
2014-12-15,64.17784118652344,6511900
2014-12-16,64.29295349121094,8773800
2014-12-17,65.257080078125,7412700
2014-12-18,66.19239807128906,8724500
2014-12-19,66.22834777832031,14037800
2014-12-22,66.62408447265625,7157100
2014-12-23,67.12052917480469,5610600
2014-12-24,67.01260375976562,2403000
2014-12-26,67.24285888671875,3148700
2014-12-29,66.65286254882812,4657700
2014-12-30,66.48013305664062,4730000
2014-12-31,65.53765869140625,5712100
2015-01-02,65.07001495361328,7251400
2015-01-05,64.76063537597656,8626100
2015-01-06,64.46564483642578,7791200
2015-01-07,64.80377960205078,5986600
2015-01-08,65.54486083984375,6823300
2015-01-09,64.93330383300781,4872800
2015-01-12,64.69588470458984,5250900
2015-01-13,64.96927642822266,6727100
2015-01-14,64.74623107910156,6418200
2015-01-15,64.6526870727539,6768200
2015-01-16,65.65278625488281,8815700
2015-01-20,65.60960388183594,9869900
2015-01-21,65.74295043945312,6974500
2015-01-22,66.38784790039062,7211200
2015-01-23,65.27195739746094,6745700
2015-01-26,64.90966033935547,9371700
2015-01-27,62.6706428527832,14417400
2015-01-28,61.69968032836914,14033400
2015-01-29,62.07647705078125,12054500
2015-01-30,61.07650375366211,14685300
2015-02-02,61.67793655395508,10278700
2015-02-03,62.279354095458984,10747900
2015-02-04,62.16343688964844,9212800
2015-02-05,62.82281494140625,6531300
2015-02-06,62.03299331665039,8429800
2015-02-09,61.62722396850586,8811500
2015-02-10,61.87356948852539,7059300
2015-02-11,62.05473709106445,7184600
2015-02-12,62.33730697631836,6074600
2015-02-13,62.243133544921875,6272000
2015-02-17,61.94602966308594,10310400
2015-02-18,62.503990173339844,8132300
2015-02-19,61.7431640625,7271600
2015-02-20,61.49678421020508,9581300
2015-02-23,61.87356948852539,7919200
2015-02-24,61.95329284667969,6502200
2015-02-25,61.92430114746094,5975800
2015-02-26,61.71417236328125,7964500
2015-02-27,61.6851692199707,7685000
2015-03-02,61.8880729675293,7235200
2015-03-03,61.706905364990234,6095600
2015-03-04,61.1199951171875,7370000
2015-03-05,61.322872161865234,5914200
2015-03-06,59.89542770385742,11338700
2015-03-09,60.20700454711914,7326700
2015-03-10,59.083885192871094,9681400
2015-03-11,58.975181579589844,10066600
2015-03-12,59.48239517211914,6951100
2015-03-13,59.29399490356445,7492500
2015-03-16,60.547569274902344,15618300
2015-03-17,60.033111572265625,7509300
2015-03-18,60.68522262573242,12607900
2015-03-19,60.4171142578125,9257500
2015-03-20,61.402584075927734,22580300
2015-03-23,61.48953628540039,9891100
2015-03-24,60.80841064453125,7478800
2015-03-25,60.14902877807617,8482200
2015-03-26,59.52588653564453,7311600
2015-03-27,59.64183807373047,6440600
2015-03-30,59.938880920410156,6416800
2015-03-31,59.373695373535156,8649700
2015-04-01,59.64906311035156,7395300
2015-04-02,59.72877502441406,6169800
2015-04-06,60.17076873779297,6856300
2015-04-07,59.699771881103516,6329900
2015-04-08,59.975120544433594,6523400
2015-04-09,60.06208038330078,6185000
2015-04-10,60.395389556884766,7001700
2015-04-13,60.453372955322266,8290500
2015-04-14,60.576568603515625,6792600
2015-04-15,60.511314392089844,7006400
2015-04-16,60.50409698486328,7615900
2015-04-17,59.80121612548828,9533800
2015-04-20,60.04758071899414,7416000
2015-04-21,60.199729919433594,7696400
2015-04-22,60.20700454711914,6753100
2015-04-23,59.128150939941406,14569500
2015-04-24,59.164669036865234,8785500
2015-04-27,58.87250518798828,9192300
2015-04-28,58.741024017333984,8395500
2015-04-29,58.32467269897461,11858500
2015-04-30,58.07634353637695,9409300
2015-05-01,58.64607238769531,8193000
2015-05-04,58.68991470336914,7203800
2015-05-05,58.485382080078125,6589400
2015-05-06,58.7264289855957,7335700
2015-05-07,58.58034133911133,7224300
2015-05-08,59.13545608520508,6929400
2015-05-11,58.631465911865234,5237800
2015-05-12,58.39771270751953,6305800
2015-05-13,58.21512985229492,6459900
2015-05-14,58.850608825683594,5634200
2015-05-15,59.20120620727539,7454800
2015-05-18,58.97475051879883,5590800
2015-05-19,59.04047775268555,5729500
2015-05-20,58.784854888916016,5487000
2015-05-21,58.73371124267578,6054700
2015-05-22,58.39771270751953,6003600
2015-05-26,57.80607223510742,6698300
2015-05-27,57.98869323730469,8094600
2015-05-28,57.94486999511719,5803400
2015-05-29,57.25825500488281,12551700
2015-06-01,57.59425735473633,7588000
2015-06-02,57.367820739746094,7380800
2015-06-03,57.382442474365234,5985800
2015-06-04,57.08297348022461,7714600
2015-06-05,56.557037353515625,9439700
2015-06-08,56.761566162109375,10916200
2015-06-09,57.63078308105469,11528900
2015-06-10,58.09823989868164,9483500
2015-06-11,58.003292083740234,7633300
2015-06-12,57.608863830566406,6508600
2015-06-15,57.0610466003418,7527900
2015-06-16,57.77685546875,8285700
2015-06-17,58.49267578125,9305800
2015-06-18,59.033199310302734,10712500
2015-06-19,58.82868194580078,15598800
2015-06-22,58.762943267822266,6907900
2015-06-23,58.280845642089844,7190600
2015-06-24,58.07634353637695,8843700
2015-06-25,57.98869323730469,5855700
2015-06-26,57.95215606689453,7703200
2015-06-29,57.20714569091797,7966200
2015-06-30,57.148704528808594,8451400
2015-07-01,58.22972106933594,8868000
2015-07-02,58.38312530517578,6602500
2015-07-06,58.470767974853516,6601200
2015-07-07,59.69057846069336,11690400
2015-07-08,59.15736389160156,6724700
2015-07-09,58.91633224487305,10419800
2015-07-10,59.128150939941406,6892500
2015-07-13,59.829368591308594,7332900
2015-07-14,59.92433547973633,6119500
2015-07-15,60.004669189453125,6673700
2015-07-16,60.11421585083008,6623400
2015-07-17,60.070396423339844,5827300
2015-07-20,60.03388595581055,5012900
2015-07-21,59.624847412109375,7512400
2015-07-22,59.52393341064453,6106400
2015-07-23,59.428226470947266,5380900
2015-07-24,59.12630081176758,5660800
2015-07-27,58.89065933227539,8613600
2015-07-28,59.082122802734375,8649900
2015-07-29,59.36931610107422,8921500
2015-07-30,56.99068069458008,22067800
2015-07-31,56.48258590698242,11877200
2015-08-03,56.26166534423828,9511300
2015-08-04,55.90083312988281,13369100
2015-08-05,55.797733306884766,10895400
2015-08-06,55.775634765625,9353300
2015-08-07,55.58416748046875,10045400
2015-08-10,56.2469367980957,9165900
2015-08-11,56.12910842895508,7491900
2015-08-12,56.254276275634766,10397700
2015-08-13,55.80510711669922,5948000
2015-08-14,55.68726348876953,5586900
2015-08-17,55.62098693847656,8683900
2015-08-18,55.32642364501953,7445900
2015-08-19,54.58265686035156,9865300
2015-08-20,54.428001403808594,10696500
2015-08-21,52.90364456176758,15763900
2015-08-24,50.91533660888672,23696300
2015-08-25,50.38511276245117,21476900
2015-08-26,52.21141815185547,17464700
2015-08-27,52.6385383605957,13434000
2015-08-28,52.4397087097168,10020000
2015-08-31,52.04204559326172,9520900
2015-09-01,50.73858642578125,15437700
2015-09-02,51.408721923828125,8903700
2015-09-03,51.49708938598633,8468300
2015-09-04,50.635498046875,11497500
2015-09-08,51.5339241027832,9182300
2015-09-09,50.429298400878906,11070600
2015-09-10,50.31147384643555,12591100
2015-09-11,50.38511276245117,11291400
2015-09-14,50.12001037597656,9712800
2015-09-15,51.143611907958984,11043700
2015-09-16,51.62228775024414,8704200
2015-09-17,51.72538757324219,11029600
2015-09-18,51.50447463989258,18210200
2015-09-21,52.02731704711914,7742800
2015-09-22,51.68856430053711,10207800
2015-09-23,51.7401237487793,6294200
2015-09-24,52.55015563964844,13423500
2015-09-25,53.51486587524414,15080700
2015-09-28,52.852088928222656,9207300
2015-09-29,53.22764587402344,9033300
2015-09-30,52.97727966308594,11041900
2015-10-01,52.98463821411133,8547600
2015-10-02,53.330745697021484,9085600
2015-10-05,53.919891357421875,9187700
2015-10-06,54.05244827270508,8851500
2015-10-07,54.2880973815918,8013200
2015-10-08,54.788841247558594,6856600
2015-10-09,54.84775924682617,6880100
2015-10-12,54.7372932434082,6255900
2015-10-13,54.575279235839844,8390200
2015-10-14,54.648929595947266,8479200
2015-10-15,54.69309997558594,8607400
2015-10-16,55.15706253051758,9578900
2015-10-19,55.3485221862793,7292200
2015-10-20,54.810943603515625,8531900
2015-10-21,54.67942810058594,8302100
2015-10-22,55.615638732910156,14080900
2015-10-23,57.235443115234375,16451200
2015-10-26,57.57723617553711,11464700
2015-10-27,57.428611755371094,9423400
2015-10-28,56.84906005859375,10178400
2015-10-29,57.227996826171875,8230700
2015-10-30,56.75246047973633,9547700
2015-11-02,56.91592788696289,7152900
2015-11-03,57.250301361083984,8013200
2015-11-04,57.25773620605469,6375400
2015-11-05,56.759883880615234,6860900
2015-11-06,56.15060043334961,9483500
2015-11-09,56.02430725097656,8607200
2015-11-10,56.299224853515625,6551000
2015-11-11,56.44039535522461,5295900
2015-11-12,55.4744758605957,7678600
2015-11-13,54.95433807373047,8468800
2015-11-16,55.95001220703125,7410600
2015-11-17,55.77910232543945,8761800
2015-11-18,56.39581298828125,6447100
2015-11-19,56.63359832763672,7899500
2015-11-20,56.33635711669922,9533200
2015-11-23,56.447845458984375,9421300
2015-11-24,56.80445098876953,7086800
2015-11-25,56.39581298828125,4266500
2015-11-27,56.2472038269043,2390100
2015-11-30,55.60818862915039,8935700
2015-12-01,56.425537109375,8391700
2015-12-02,56.314083099365234,8104200
2015-12-03,56.27693557739258,11177800
2015-12-04,57.82986831665039,11961000
2015-12-07,58.23109436035156,9460000
2015-12-08,57.7703971862793,8312700
2015-12-09,57.7332649230957,10081900
2015-12-10,57.800140380859375,8984200
2015-12-11,57.792724609375,12280500
2015-12-14,58.17166519165039,12179000
2015-12-15,59.20446014404297,14113400
2015-12-16,60.177833557128906,14102600
2015-12-17,59.65772247314453,9864200
2015-12-18,58.05278015136719,21342100
2015-12-21,58.66204071044922,9105800
2015-12-22,59.1450080871582,9872200
2015-12-23,59.38280487060547,8254600
2015-12-24,59.28619384765625,2498000
2015-12-28,59.38280487060547,4150000
2015-12-29,59.70970916748047,4406100
2015-12-30,59.4942512512207,3793200
2015-12-31,59.00384521484375,5077700
2016-01-04,58.23109436035156,11529800
2016-01-05,58.4168586730957,8133700
2016-01-06,57.85214614868164,9551000
2016-01-07,57.34690475463867,11973900
2016-01-08,56.447845458984375,9676400
2016-01-11,56.96794509887695,10209200
2016-01-12,56.84906005859375,8774700
2016-01-13,56.358665466308594,9310100
2016-01-14,56.581581115722656,12835100
2016-01-15,55.71222686767578,17023900
2016-01-19,57.01253128051758,13457300
2016-01-20,56.83489990234375,17795000
2016-01-21,57.501956939697266,12712900
2016-01-22,57.981624603271484,9465800
2016-01-25,57.59941101074219,9870400
2016-01-26,59.06841278076172,16374800
2016-01-27,59.06093978881836,10816100
2016-01-28,59.8254280090332,9895100
2016-01-29,61.22697067260742,19895000
2016-02-01,60.79975891113281,9657200
2016-02-02,60.125221252441406,9116400
2016-02-03,60.784786224365234,10149600
2016-02-04,60.484962463378906,8295100
2016-02-05,60.85972213745117,9957600
2016-02-08,61.924049377441406,16530200
2016-02-09,61.93901062011719,14308900
2016-02-10,61.17454528808594,10585400
2016-02-11,59.88539123535156,12343900
2016-02-12,60.70234680175781,9306100
2016-02-16,61.06209945678711,9352600
2016-02-17,61.79661178588867,10892900
2016-02-18,61.44436264038086,7702600
2016-02-19,61.30194091796875,7709600
2016-02-22,61.55677032470703,6916500
2016-02-23,61.316932678222656,5840600
2016-02-24,61.12955093383789,6759800
2016-02-25,61.71417236328125,6789700
2016-02-26,60.784786224365234,9281100
2016-02-29,60.17769241333008,11065300
2016-03-01,60.882225036621094,9483900
2016-03-02,61.871578216552734,12096600
2016-03-03,62.08890914916992,8747100
2016-03-04,62.576080322265625,9406700
2016-03-07,62.283782958984375,6792400
2016-03-08,62.25381851196289,7788400
2016-03-09,62.17885971069336,8954800
2016-03-10,61.66920471191406,10385600
2016-03-11,61.27193832397461,11109500
2016-03-14,60.8372688293457,12389300
2016-03-15,60.94216537475586,9297800
2016-03-16,60.96464538574219,9490300
2016-03-17,62.02146530151367,12061500
2016-03-18,62.3212890625,33635200
2016-03-21,62.448673248291016,8625600
2016-03-22,62.013999938964844,7205900
2016-03-23,62.07392501831055,5594600
2016-03-24,62.12639236450195,6645700
2016-03-28,61.924049377441406,4988500
2016-03-29,62.05892562866211,6731400
2016-03-30,61.969017028808594,6925400
2016-03-31,61.69169998168945,6819200
2016-04-01,62.60608673095703,8028600
2016-04-04,62.3662223815918,5593400
2016-04-05,62.32875442504883,5259100
2016-04-06,62.81593704223633,6292100
2016-04-07,62.38872528076172,6655900
2016-04-08,62.35873794555664,5453000
2016-04-11,62.00647735595703,7081500
2016-04-12,62.0814094543457,7081600
2016-04-13,61.804107666015625,11738600
2016-04-14,61.9703483581543,6904400
2016-04-15,62.18947982788086,7299300
2016-04-18,62.58998107910156,5628000
2016-04-19,62.930030822753906,6606100
2016-04-20,61.62275695800781,9124200
2016-04-21,61.05601501464844,8802100
2016-04-22,61.16936492919922,8027700
2016-04-25,61.5169677734375,7672800
2016-04-26,60.1114616394043,13742300
2016-04-27,60.368385314941406,7689700
2016-04-28,60.270137786865234,7615900
2016-04-29,60.54219436645508,9391000
2016-05-02,61.18449401855469,7862600
2016-05-03,61.28270721435547,7617500
2016-05-04,61.660545349121094,7365900
2016-05-05,61.43385696411133,6399500
2016-05-06,62.061004638671875,6297200
2016-05-09,62.05345916748047,6718800
2016-05-10,62.32549285888672,6222400
2016-05-11,62.076148986816406,5975000
2016-05-12,62.27260971069336,4925000
2016-05-13,61.380958557128906,6579000
2016-05-16,61.683197021484375,6497200
2016-05-17,60.920013427734375,10188200
2016-05-18,60.338172912597656,8344100
2016-05-19,60.595088958740234,6242500
2016-05-20,60.46660232543945,6526800
2016-05-23,60.60261917114258,5620600
2016-05-24,61.18449401855469,6293300
2016-05-25,61.569854736328125,6049800
2016-05-26,61.37339401245117,4622300
2016-05-27,61.532081604003906,4322200
2016-05-31,61.23737716674805,6705000
2016-06-01,61.804100036621094,6184100
2016-06-02,61.925010681152344,5186300
2016-06-03,62.31793212890625,6306700
2016-06-06,62.54463577270508,5292300
2016-06-07,62.20457458496094,6327500
2016-06-08,62.453975677490234,4712600
2016-06-09,62.84688186645508,6144900
2016-06-10,62.86955642700195,6840800
2016-06-13,62.39352035522461,6167400
2016-06-14,62.98291015625,6868600
2016-06-15,62.68064880371094,7082200
2016-06-16,63.028263092041016,6630100
2016-06-17,62.816654205322266,11741700
2016-06-20,62.74867630004883,6164300
2016-06-21,63.028263092041016,6594700
2016-06-22,63.14916229248047,4940100
2016-06-23,63.63276672363281,7361300
2016-06-24,62.15925598144531,12401100
2016-06-27,61.380958557128906,9601800
2016-06-28,62.31037902832031,9257100
2016-06-29,63.406089782714844,7927500
2016-06-30,63.98036575317383,10969300
2016-07-01,64.0634765625,9531100
2016-07-05,64.56220245361328,11403100
2016-07-06,64.25239562988281,8356500
2016-07-07,64.10126495361328,7905700
2016-07-08,64.81156158447266,6827300
2016-07-11,64.79645538330078,6156800
2016-07-12,64.79645538330078,6649800
2016-07-13,64.9022445678711,7572100
2016-07-14,64.88715362548828,11342600
2016-07-15,64.99291229248047,8491300
2016-07-18,64.93246459960938,4781300
2016-07-19,65.11380767822266,6078200
2016-07-20,64.97673797607422,6289000
2016-07-21,64.93106842041016,5407000
2016-07-22,65.28138732910156,6165600
2016-07-25,65.34230041503906,5605300
2016-07-26,64.93866729736328,5379300
2016-07-27,64.32177734375,7744700
2016-07-28,64.5883560180664,5911600
2016-07-29,65.18238830566406,7520900
2016-08-01,65.80686950683594,10420600
2016-08-02,66.07337951660156,13083200
2016-08-03,65.4717788696289,8192100
2016-08-04,65.5326919555664,5564100
2016-08-05,65.32707214355469,6729700
2016-08-08,65.31183624267578,5388200
2016-08-09,65.48699188232422,4158800
2016-08-10,65.73068237304688,5981400
2016-08-11,66.050537109375,7387100
2016-08-12,66.2866439819336,8063400
2016-08-15,66.2713851928711,6871200
2016-08-16,65.93632507324219,8071100
2016-08-17,66.22570037841797,6762100
2016-08-18,66.59126281738281,7082800
2016-08-19,66.49224853515625,6199900
2016-08-22,66.14195251464844,5921100
2016-08-23,66.56078338623047,5420100
2016-08-24,66.49224853515625,5713300
2016-08-25,66.94157409667969,10595500
2016-08-26,66.6978759765625,16408200
2016-08-29,67.24623107910156,8934500
2016-08-30,66.66742706298828,11619400
2016-08-31,66.49224853515625,11407800
2016-09-01,67.25382995605469,29793300
2016-09-02,67.17003631591797,17470400
2016-09-06,67.50514221191406,14472100
2016-09-07,66.97967529296875,17556400
2016-09-08,66.8501968383789,23465700
2016-09-09,65.67736053466797,21955000
2016-09-12,67.20812225341797,16105700
2016-09-13,66.29425048828125,19682700
2016-09-14,66.26378631591797,25397900
2016-09-15,67.06343078613281,13833600
2016-09-16,67.05583190917969,23518300
2016-09-19,67.2995376586914,19173900
2016-09-20,67.45946502685547,33986500
2016-09-21,66.86544799804688,55409800
2016-09-22,67.77169036865234,52692700
2016-09-23,66.83495330810547,48281400
2016-09-26,66.90350341796875,60276600
2016-09-27,67.29190826416016,65150800
2016-09-28,68.1296157836914,89806000
2016-09-29,67.1928939819336,74587500
2016-09-30,68.35049438476562,123735700
2016-10-03,67.52037811279297,26789500
2016-10-04,67.28427124023438,23317600
2016-10-05,67.66504669189453,64580300
2016-10-06,67.94684600830078,61462800
2016-10-07,68.54086303710938,20518800
2016-10-10,67.82499694824219,15492400
2016-10-11,67.42900085449219,11723100
2016-10-12,67.45183563232422,17118000
2016-10-13,67.20052337646484,11158100
2016-10-14,67.34521484375,7369000
2016-10-17,66.88824462890625,7610600
2016-10-18,66.59888458251953,10749500
2016-10-19,65.6472396850586,12788800
2016-10-20,65.17911529541016,10175100
2016-10-21,64.7186508178711,13974100
2016-10-24,64.5421371459961,10573200
2016-10-25,66.74469757080078,20761200
2016-10-26,67.0746841430664,8464100
2016-10-27,66.4454116821289,6598300
2016-10-28,66.64491271972656,7021100
2016-10-31,66.61424255371094,8207100
2016-11-01,66.65261840820312,8564500
2016-11-02,66.56820678710938,7773200
2016-11-03,66.46073913574219,6899900
2016-11-04,65.29421997070312,9378100
2016-11-07,66.43003845214844,8878500
2016-11-08,67.1207504272461,7674600
2016-11-09,65.9465560913086,11972500
2016-11-10,63.667240142822266,22095000
2016-11-11,64.14306640625,8905700
2016-11-14,63.697914123535156,12862500
2016-11-15,64.17373657226562,9464000
2016-11-16,63.84374237060547,8542900
2016-11-17,63.75165557861328,9083700
2016-11-18,62.930484771728516,14565500
2016-11-21,63.421653747558594,11482100
2016-11-22,63.51376724243164,7426500
2016-11-23,63.45237350463867,7693300
2016-11-25,64.05097198486328,3882900
2016-11-28,63.75165557861328,6990100
2016-11-29,63.61351776123047,6183100
2016-11-30,63.283512115478516,12115500
2016-12-01,62.82304763793945,12516900
2016-12-02,63.23748016357422,9079400
2016-12-05,63.69025802612305,8597500
2016-12-06,63.628883361816406,7327200
2016-12-07,64.60352325439453,8567700
2016-12-08,64.08164978027344,7522800
2016-12-09,64.74935150146484,8004500
2016-12-12,65.33259582519531,7494100
2016-12-13,65.37095642089844,11795900
2016-12-14,64.74935150146484,12292200
2016-12-15,64.98724365234375,8768100
2016-12-16,64.98724365234375,21172400
2016-12-19,65.01028442382812,6431200
2016-12-20,64.9028091430664,7485400
2016-12-21,64.68026733398438,6099300
2016-12-22,64.82608795166016,7864800
2016-12-23,65.20214080810547,5284200
2016-12-27,64.92585754394531,3782600
2016-12-28,64.51910400390625,4298800
2016-12-29,64.73401641845703,3718300
2016-12-30,64.52678680419922,6209800
2017-01-03,64.61885833740234,8792700
2017-01-04,64.84910583496094,8096700
2017-01-05,65.27888488769531,6852400
2017-01-06,65.25584411621094,4799900
2017-01-09,64.7723388671875,11000600
2017-01-10,64.07398223876953,10918200
2017-01-11,64.27352905273438,9572300
2017-01-12,64.34260559082031,6545400
2017-01-13,64.47306823730469,6762800
2017-01-17,65.39398956298828,13145100
2017-01-18,65.69567108154297,10520400
2017-01-19,65.51778411865234,14074500
2017-01-20,67.64496612548828,22944400
2017-01-23,67.26590728759766,9408900
2017-01-24,67.96212005615234,8704700
2017-01-25,67.42066192626953,8082900
2017-01-26,66.98745727539062,6542300
2017-01-27,67.08029174804688,9332300
2017-01-30,67.10348510742188,7350000
2017-01-31,67.76097869873047,9712400
2017-02-01,67.55211639404297,8291000
2017-02-02,67.88475799560547,8997200
2017-02-03,67.61400604248047,7161900
2017-02-06,67.60626220703125,7483000
2017-02-07,68.07811737060547,6646100
2017-02-08,68.32565307617188,6815800
2017-02-09,68.58865356445312,9914100
2017-02-10,68.04718780517578,11057600
2017-02-13,68.3101806640625,6905100
2017-02-14,67.96212005615234,20123400
2017-02-15,70.48380279541016,25847700
2017-02-16,70.228515625,12408500
2017-02-17,70.4605941772461,12152400
2017-02-21,70.90922546386719,9018700
2017-02-22,70.73133087158203,6749900
2017-02-23,70.49153137207031,7611600
2017-02-24,70.42964935302734,6643400
2017-02-27,70.30587768554688,11840300
2017-02-28,70.44513702392578,10535600
2017-03-01,70.9015121459961,8792200
2017-03-02,70.32137298583984,7031200
2017-03-03,70.00421905517578,8334900
2017-03-06,69.90364837646484,9533800
2017-03-07,69.84178924560547,5363000
2017-03-08,69.72576141357422,5503700
2017-03-09,69.88043975830078,5587400
2017-03-10,70.44513702392578,6797800
2017-03-13,70.63076782226562,7397500
2017-03-14,70.39098358154297,6686400
2017-03-15,70.70039367675781,7855300
2017-03-16,70.73133087158203,6601200
2017-03-17,70.39098358154297,37010100
2017-03-20,70.56116485595703,7772900
2017-03-21,70.53795623779297,8211000
2017-03-22,70.38324737548828,7798000
2017-03-23,70.21304321289062,6831400
2017-03-24,70.05838012695312,9252000
2017-03-27,69.99650573730469,10072000
2017-03-28,70.20531463623047,11855800
2017-03-29,70.08153533935547,4252800
2017-03-30,69.7721176147461,3691900
2017-03-31,69.50142669677734,6942400
2017-04-03,69.36993408203125,6967400
2017-04-04,69.54783630371094,5680800
2017-04-05,69.59425354003906,6320100
2017-04-06,69.15333557128906,7231500
2017-04-07,69.0218505859375,4739100
2017-04-10,69.22293090820312,5956000
2017-04-11,69.4627685546875,5186000
2017-04-12,69.85726165771484,6286300
2017-04-13,69.6406478881836,5040100
2017-04-17,69.91911315917969,6931700
2017-04-18,70.23625946044922,7087800
2017-04-19,69.8387451171875,6919000
2017-04-20,69.6283187866211,6983500
2017-04-21,69.07487487792969,9061200
2017-04-24,69.79976654052734,8338500
2017-04-25,70.1505126953125,9088400
2017-04-26,68.38896179199219,11951300
2017-04-27,68.3499984741211,8517500
2017-04-28,68.06940460205078,8295400
2017-05-01,67.8823471069336,4546600
2017-05-02,67.2042007446289,13197500
2017-05-03,67.36788940429688,6122000
2017-05-04,67.38348388671875,5986200
2017-05-05,67.42245483398438,4506200
2017-05-08,67.46142578125,4634600
2017-05-09,67.34451293945312,9577600
2017-05-10,67.41466522216797,6178500
2017-05-11,67.16522216796875,6064700
2017-05-12,67.18083190917969,5892400
2017-05-15,67.28997039794922,5820700
2017-05-16,67.21979522705078,6554500
2017-05-17,67.23540496826172,7805800
2017-05-18,66.93141174316406,6985600
2017-05-19,67.21979522705078,7320700
2017-05-22,67.19640350341797,4260000
2017-05-23,67.0950698852539,4394200
2017-05-24,67.42245483398438,4878800
2017-05-25,67.70306396484375,4368000
2017-05-26,68.00703430175781,4337000
2017-05-30,68.12394714355469,4594500
2017-05-31,68.66178894042969,10146600
2017-06-01,68.69295501708984,6251300
2017-06-02,69.05150604248047,6136400
2017-06-05,69.16842651367188,4115300
2017-06-06,69.21519470214844,6503000
2017-06-07,69.19181823730469,4781600
2017-06-08,68.47473907470703,7712100
2017-06-09,68.71633911132812,9696900
2017-06-12,68.77870178222656,7867700
2017-06-13,68.63841247558594,6419300
2017-06-14,68.93460083007812,6183900
2017-06-15,69.66727447509766,7047500
2017-06-16,69.88552856445312,13855000
2017-06-19,70.04141235351562,5246200
2017-06-20,69.86212921142578,5674200
2017-06-21,69.68286895751953,4164500
2017-06-22,69.39444732666016,4536700
2017-06-23,69.69845581054688,8782100
2017-06-26,69.65167236328125,4373300
2017-06-27,69.06707763671875,5180400
2017-06-28,68.88003540039062,4875000
2017-06-29,67.80438232421875,8123500
2017-06-30,67.92910766601562,6070300
2017-07-03,68.38896179199219,3607400
2017-07-05,68.33438110351562,4974300
2017-07-06,68.10057830810547,6038900
2017-07-07,68.31883239746094,5142200
2017-07-10,67.8823471069336,5356400
2017-07-11,67.63291931152344,5838600
2017-07-12,67.78101348876953,4374200
2017-07-13,67.5783462524414,5448900
2017-07-14,67.8901138305664,4577700
2017-07-17,68.24088287353516,5227800
2017-07-18,69.0904769897461,7492300
2017-07-19,69.40470886230469,6008500
2017-07-20,69.6010971069336,7285000
2017-07-21,69.60894012451172,5714800
2017-07-24,69.27116394042969,6202000
2017-07-25,70.02531433105469,6766700
2017-07-26,70.1510009765625,6987000
2017-07-27,71.23507690429688,11089200
2017-07-28,70.86585998535156,6137500
2017-07-31,71.34506225585938,7835700
2017-08-01,71.56501007080078,8662100
2017-08-02,71.51789855957031,7167700
2017-08-03,71.3764877319336,6413200
2017-08-04,71.22722625732422,5824400
2017-08-07,71.83211517333984,5011300
2017-08-08,71.94207763671875,5623400
2017-08-09,72.20917510986328,5572800
2017-08-10,72.0677719116211,6338200
2017-08-11,71.7535400390625,7094200
2017-08-14,71.9970932006836,5398400
2017-08-15,72.42913818359375,5293400
2017-08-16,72.61769104003906,7965500
2017-08-17,72.3270263671875,5711400
2017-08-18,72.64125061035156,6815000
2017-08-21,72.94761657714844,4334300
2017-08-22,72.89263153076172,4731500
2017-08-23,72.61769104003906,3631900
2017-08-24,72.48412322998047,5173700
2017-08-25,72.67265319824219,4933000
2017-08-28,72.64125061035156,5386500
2017-08-29,72.52339172363281,3676300
2017-08-30,72.16989135742188,4709600
2017-08-31,72.48412322998047,5864400
2017-09-01,72.6883773803711,4960700
2017-09-05,72.8376235961914,6532100
2017-09-06,72.8376235961914,6747200
2017-09-07,73.03401184082031,7735400
2017-09-08,72.931884765625,6070100
2017-09-11,73.83531188964844,10177300
2017-09-12,73.45824432373047,5804000
2017-09-13,73.48965454101562,5369300
2017-09-14,73.48965454101562,5492300
2017-09-15,73.26966857910156,12428800
2017-09-18,73.1754150390625,6177700
2017-09-19,73.9767074584961,6587200
2017-09-20,74.15737915039062,5941500
2017-09-21,72.77478790283203,9376700
2017-09-22,72.4605484008789,6837700
2017-09-25,72.8376235961914,6436200
2017-09-26,72.78263854980469,4885200
2017-09-27,71.38430786132812,9631200
2017-09-28,71.40005493164062,4999800
2017-09-29,71.47074890136719,6634500
2017-10-02,72.09134674072266,7302400
2017-10-03,72.3663101196289,5909900
2017-10-04,72.6019515991211,6140700
2017-10-05,72.29557800292969,6912800
2017-10-06,72.53123474121094,5241900
2017-10-09,72.3663101196289,5149000
2017-10-10,71.9735107421875,17125600
2017-10-11,71.84781646728516,7115400
2017-10-12,72.38985443115234,5984900
2017-10-13,73.0890121459961,6956700
2017-10-16,73.1675796508789,4159100
2017-10-17,72.90048217773438,5316100
2017-10-18,72.87690734863281,7399700
2017-10-19,72.48908233642578,8585000
2017-10-20,69.84564208984375,19997800
2017-10-23,69.0937728881836,13358200
2017-10-24,68.84048461914062,11519000
2017-10-25,68.74555206298828,9024300
2017-10-26,69.2520523071289,6233800
2017-10-27,68.88797760009766,7433800
2017-10-30,68.27857208251953,5387100
2017-10-31,68.333984375,7119000
2017-11-01,68.76927185058594,4884100
2017-11-02,68.46852111816406,5021200
2017-11-03,68.52392578125,5106500
2017-11-06,68.10444641113281,5186700
2017-11-07,68.84048461914062,6875100
2017-11-08,69.31536865234375,6910000
2017-11-09,69.4736557006836,5280000
2017-11-10,69.7744140625,7227300
2017-11-13,70.4392318725586,6873500
2017-11-14,70.33635711669922,5035500
2017-11-15,69.82982635498047,6688100
2017-11-16,70.63712310791016,7205100
2017-11-17,69.98811340332031,5941800
2017-11-20,69.8614501953125,4926200
2017-11-21,70.21761322021484,6196400
2017-11-22,69.90898132324219,6006900
2017-11-24,70.00393676757812,2196700
2017-11-27,70.4075927734375,6199700
2017-11-28,70.75581359863281,4841300
2017-11-29,70.73998260498047,5158900
2017-11-30,71.22276306152344,9789900
2017-12-01,71.51561737060547,7953200
2017-12-04,72.34664916992188,9003700
2017-12-05,72.33871459960938,8683000
2017-12-06,72.2199935913086,6737400
2017-12-07,71.30980682373047,7273600
2017-12-08,71.52350616455078,5883400
2017-12-11,71.4127197265625,4856000
2017-12-12,71.1119613647461,6558900
2017-12-13,71.92716217041016,7141000
2017-12-14,72.02213287353516,5853500
2017-12-15,72.7265396118164,15924000
2017-12-18,72.71859741210938,7405700
2017-12-19,72.56031799316406,5644400
2017-12-20,72.44161224365234,6938500
2017-12-21,72.5523910522461,4860400
2017-12-22,72.91647338867188,4919400
2017-12-26,73.19349670410156,3431900
2017-12-27,72.89274597167969,4276700
2017-12-28,72.86900329589844,3005400
2017-12-29,72.71859741210938,4346700
2018-01-02,71.7451171875,7558900
2018-01-03,71.6580810546875,5863600
2018-01-04,72.16459655761719,6322500
2018-01-05,72.21208190917969,5949700
2018-01-08,72.59196472167969,4860700
2018-01-09,72.06171417236328,6630100
2018-01-10,71.60267639160156,6564700
2018-01-11,71.3493881225586,5469700
2018-01-12,70.92202758789062,8111000
2018-01-16,71.40479278564453,9465300
2018-01-17,72.18043518066406,8345500
2018-01-18,71.9172592163086,7699800
2018-01-19,72.62702941894531,9364000
2018-01-22,73.28095245361328,8658000
2018-01-23,71.01609802246094,18756300
2018-01-24,70.42595672607422,15141900
2018-01-25,70.44989013671875,11264400
2018-01-26,69.96343231201172,11503100
2018-01-29,69.26959991455078,11685800
2018-01-30,69.34137725830078,9662900
2018-01-31,68.85491180419922,11798100
2018-02-01,68.46412658691406,8606300
2018-02-02,67.18817138671875,12846300
2018-02-05,64.6441879272461,17462200
2018-02-06,65.6968765258789,19955500
2018-02-07,65.26624298095703,11851800
2018-02-08,63.97431182861328,14596100
2018-02-09,63.73503875732422,18838800
2018-02-12,64.8595199584961,10769000
2018-02-13,64.99506378173828,9278700
2018-02-14,64.34114837646484,9412000
2018-02-15,65.72079467773438,8910700
2018-02-16,65.872314453125,10371700
2018-02-20,64.86746978759766,7087700
2018-02-21,63.99026107788086,9134500
2018-02-22,64.46874237060547,10277700
2018-02-23,64.63623046875,10321800
2018-02-26,65.0987548828125,9422200
2018-02-27,64.2295150756836,8919600
2018-02-28,62.618568420410156,16862000
2018-03-01,62.762107849121094,13504200
2018-03-02,63.40009307861328,9317700
2018-03-05,64.03012084960938,8177000
2018-03-06,63.81481170654297,9085300
2018-03-07,63.12896728515625,9089500
2018-03-08,63.77490997314453,7951700
2018-03-09,64.03012084960938,7662200
2018-03-12,63.68721008300781,7182000
2018-03-13,63.575538635253906,9620200
2018-03-14,63.00135803222656,8898100
2018-03-15,62.73820877075195,6996900
2018-03-16,62.97745132446289,17715400
2018-03-19,62.730228424072266,8368200
2018-03-20,62.45111083984375,8465500
2018-03-21,61.43830871582031,9822800
2018-03-22,60.93588638305664,10481600
2018-03-23,60.53712844848633,11728300
2018-03-26,60.93588638305664,12937000
2018-03-27,62.03640365600586,11288200
2018-03-28,62.8737907409668,12857800
2018-03-29,63.22466278076172,10036400
2018-04-02,61.725406646728516,12017200
2018-04-03,62.57073974609375,11933100
2018-04-04,63.041259765625,9030800
2018-04-05,62.84186935424805,7864700
2018-04-06,62.54679489135742,8300800
2018-04-09,62.331485748291016,9031200
2018-04-10,62.49894714355469,6779000
2018-04-11,62.41921615600586,7143500
2018-04-12,62.03640365600586,8282300
2018-04-13,62.49894714355469,6198500
2018-04-16,62.69033432006836,5962200
2018-04-17,62.54679489135742,6492400
2018-04-18,62.36337661743164,7349400
2018-04-19,60.32465362548828,16955600
2018-04-20,59.39906311035156,14085000
2018-04-23,58.75516891479492,13653400
2018-04-24,58.35273742675781,16551700
2018-04-25,58.1917724609375,14208800
2018-04-26,58.5539665222168,11204300
2018-04-27,58.60224533081055,8144800
2018-04-30,58.223960876464844,13076500
2018-05-01,57.91810989379883,8103800
2018-05-02,57.09715270996094,10830900
2018-05-03,57.4351806640625,9386500
2018-05-04,58.29638671875,8107400
2018-05-07,57.934207916259766,6633600
2018-05-08,57.49958419799805,8084100
2018-05-09,58.24811553955078,7528400
2018-05-10,58.87590789794922,7618500
2018-05-11,59.05297088623047,7586200
2018-05-14,58.98054504394531,8646900
2018-05-15,58.714927673339844,11502800
2018-05-16,59.18174362182617,8325000
2018-05-17,59.527835845947266,8053600
2018-05-18,59.11735534667969,7042700
2018-05-21,59.60831069946289,6428400
2018-05-22,59.584190368652344,7744200
2018-05-23,59.70491027832031,6592500
2018-05-24,59.37492752075195,6508900
2018-05-25,59.80954360961914,7546500
2018-05-29,59.60027313232422,8905600
2018-05-30,60.27635955810547,8128600
2018-05-31,58.89199447631836,15526000
2018-06-01,59.11735534667969,7209300
2018-06-04,59.70491027832031,8743800
2018-06-05,59.535892486572266,6910100
2018-06-06,59.84174728393555,7002900
2018-06-07,60.97661209106445,13476100
2018-06-08,62.11949157714844,13625300
2018-06-11,62.401206970214844,9049400
2018-06-12,62.16778564453125,8786000
2018-06-13,61.54805374145508,8022400
2018-06-14,61.16172409057617,8895200
2018-06-15,62.280479431152344,14943500
2018-06-18,61.04096984863281,7384900
2018-06-19,61.435386657714844,8514000
2018-06-20,61.049041748046875,6603500
2018-06-21,61.52390670776367,8691200
2018-06-22,62.32072830200195,11446400
2018-06-25,62.6104621887207,11300500
2018-06-26,62.77949905395508,9558500
2018-06-27,62.529972076416016,7873300
2018-06-28,62.81974411010742,5714400
2018-06-29,62.8277702331543,7679900
2018-07-02,62.88414764404297,6092800
2018-07-03,62.699012756347656,5897200
2018-07-05,63.75337219238281,7956100
2018-07-06,63.83385467529297,7244000
2018-07-09,62.66680908203125,9095900
2018-07-10,64.24434661865234,12773500
2018-07-11,63.71314239501953,7851600
2018-07-12,63.49584197998047,8556800
2018-07-13,63.83385467529297,6021300
2018-07-16,64.01094055175781,6931200
2018-07-17,64.41337585449219,8983400
2018-07-18,64.16386413574219,9105100
2018-07-19,63.942134857177734,8010600
2018-07-20,63.90154266357422,8234700
2018-07-23,63.76346969604492,5881600
2018-07-24,64.15328979492188,8297100
2018-07-25,64.54315185546875,6208400
2018-07-26,65.04667663574219,9771100
2018-07-27,65.44464111328125,7492900
2018-07-30,65.13603973388672,7090700
2018-07-31,65.68830871582031,9878200
2018-08-01,65.50150299072266,7556700
2018-08-02,66.59793853759766,9261700
2018-08-03,66.86595153808594,7102800
2018-08-06,67.02027130126953,5669200
2018-08-07,67.11773681640625,6418000
2018-08-08,66.8822021484375,4891300
2018-08-09,66.11062622070312,5167400
2018-08-10,66.13500213623047,5566000
2018-08-13,66.2081069946289,5068100
2018-08-14,66.03752136230469,6226900
2018-08-15,66.84158325195312,8753500
2018-08-16,67.97052001953125,12368000
2018-08-17,67.97052001953125,8409300
2018-08-20,67.92989349365234,6795800
2018-08-21,68.14105987548828,8534500
2018-08-22,67.72686004638672,5132600
2018-08-23,67.60501861572266,4323200
2018-08-24,67.7024917602539,5356000
2018-08-27,67.76744842529297,3941500
2018-08-28,67.79994201660156,5405200
2018-08-29,67.80806732177734,4520400
2018-08-30,67.74310302734375,4549700
2018-08-31,67.36949157714844,6674900
2018-09-04,67.16646575927734,5800700
2018-09-05,67.6456298828125,7651900
2018-09-06,67.12584686279297,7541100
2018-09-07,66.52483367919922,11110900
2018-09-10,66.90656280517578,6783000
2018-09-11,66.6060791015625,5210300
2018-09-12,67.49944305419922,5925200
2018-09-13,67.77558898925781,5328400
2018-09-14,67.90553283691406,5004100
2018-09-17,68.4253158569336,7098800
2018-09-18,68.22227478027344,6022800
2018-09-19,68.22227478027344,6157600
2018-09-20,69.32684326171875,10053000
2018-09-21,69.70043182373047,17402500
2018-09-24,68.4415512084961,6389400
2018-09-25,67.5075912475586,5657200
2018-09-26,67.62128448486328,6581000
2018-09-27,67.29641723632812,6277600
2018-09-28,67.5969009399414,5125800
2018-10-01,67.9542465209961,4899900
2018-10-02,68.51465606689453,7390900
2018-10-03,67.4344711303711,7958700
2018-10-04,66.532958984375,7029900
2018-10-05,66.71975708007812,5454600
2018-10-08,66.92282104492188,7192300
2018-10-09,66.76038360595703,6268100
2018-10-10,66.14311218261719,9295800
2018-10-11,64.05585479736328,12560300
2018-10-12,64.21014404296875,9878700
2018-10-15,65.07917785644531,9691500
2018-10-16,65.79389953613281,9462600
2018-10-17,66.4842529296875,10375300
2018-10-18,65.7443618774414,9869500
2018-10-19,71.52896881103516,30276400
2018-10-22,70.95540618896484,14124100
2018-10-23,71.41426086425781,16269500
2018-10-24,73.29875183105469,26703500
2018-10-25,72.92182922363281,14647000
2018-10-26,71.98779296875,14335900
2018-10-29,72.29913330078125,12878900
2018-10-30,73.07752227783203,13844000
2018-10-31,72.6596450805664,13362400
2018-11-01,73.40525817871094,9732400
2018-11-02,73.58550262451172,11336000
2018-11-05,74.72438049316406,12270100
2018-11-06,74.97840881347656,8857800
2018-11-07,74.79814147949219,9019800
2018-11-08,74.85549926757812,6614400
2018-11-09,75.7158203125,10713500
2018-11-12,75.95343017578125,12522100
2018-11-13,76.58430480957031,13438700
2018-11-14,76.6006851196289,11623000
2018-11-15,76.87928771972656,12506000
2018-11-16,76.8710708618164,13013500
2018-11-19,76.43679809570312,9458300
2018-11-20,75.46180725097656,12074000
2018-11-21,74.89646911621094,8911800
2018-11-23,75.00296783447266,4399600
2018-11-26,75.33073425292969,8171400
2018-11-27,75.96981048583984,9023400
2018-11-28,76.20741271972656,8093700
2018-11-29,76.05172729492188,6126900
2018-11-30,77.43641662597656,16291800
2018-12-03,76.46141815185547,13934700
2018-12-04,76.45320129394531,11123600
2018-12-06,76.6498794555664,14199200
2018-12-07,75.74857330322266,7996800
2018-12-10,76.22380828857422,9307600
2018-12-11,76.94482421875,8743800
2018-12-12,77.04313659667969,9644000
2018-12-13,79.05875396728516,18541300
2018-12-14,79.18164825439453,12657300
2018-12-17,76.01077270507812,12427600
2018-12-18,75.7813491821289,12250600
2018-12-19,75.1832275390625,10825600
2018-12-20,74.54413604736328,14439200
2018-12-21,74.53595733642578,24030000
2018-12-24,71.57809448242188,7396300
2018-12-26,73.81491088867188,8630900
2018-12-27,75.39625549316406,11360100
2018-12-28,74.7080307006836,9611800
2018-12-31,75.31432342529297,7239500
2019-01-02,74.78993225097656,9843900
2019-01-03,74.26554107666016,9820200
2019-01-04,75.7813491821289,10565700
2019-01-07,75.47822570800781,9012500
2019-01-08,75.75678253173828,9551300
2019-01-09,74.51956176757812,15015600
2019-01-10,74.69981384277344,11102300
2019-01-11,75.19141387939453,7166600
2019-01-14,74.68344116210938,7952000
2019-01-15,75.3880615234375,7834500
2019-01-16,74.86369323730469,7964500
2019-01-17,74.85295104980469,8044500
2019-01-18,75.4970932006836,9100300
2019-01-22,74.68778991699219,13518500
2019-01-23,78.32144165039062,22869000
2019-01-24,77.87548828125,12146400
2019-01-25,77.29741668701172,10618000
2019-01-28,77.23130798339844,9765600
2019-01-29,77.24784851074219,9769800
2019-01-30,78.05715942382812,7750200
2019-01-31,79.66751098632812,16044400
2019-02-01,80.49335479736328,12720800
2019-02-04,80.955810546875,11887500
2019-02-05,80.46857452392578,9772300
2019-02-06,80.86495208740234,8693900
2019-02-07,80.22084045410156,8732500
2019-02-08,80.69155883789062,7483200
2019-02-11,81.15399932861328,8494100
2019-02-12,81.9715805053711,11238800
2019-02-13,81.95507049560547,11587200
2019-02-14,81.3108901977539,7930100
2019-02-15,81.32745361328125,12069100
2019-02-19,82.5744400024414,10098200
2019-02-20,81.98809814453125,8947400
2019-02-21,82.4010009765625,7444800
2019-02-22,82.78913116455078,7925400
2019-02-25,82.22759246826172,7436100
2019-02-26,82.44229888916016,7115300
2019-02-27,81.68253326416016,6013600
2019-02-28,81.38526916503906,10575400
2019-03-01,81.2944107055664,7733200
2019-03-04,81.64950561523438,6895300
2019-03-05,81.83119201660156,6274600
2019-03-06,81.69905853271484,4622300
2019-03-07,81.38526916503906,8408600
2019-03-08,81.26962280273438,5144500
2019-03-11,82.2358627319336,7544400
2019-03-12,82.62397766113281,7597500
2019-03-13,83.55716705322266,9883300
2019-03-14,83.67281341552734,8590200
2019-03-15,84.59771728515625,30802700
2019-03-18,83.82969665527344,8442800
2019-03-19,84.15177917480469,7334100
2019-03-20,84.00311279296875,7513800
2019-03-21,84.63899993896484,8221000
2019-03-22,83.95358276367188,11035900
2019-03-25,84.20130157470703,6955500
2019-03-26,85.07669067382812,6909400
2019-03-27,84.97758483886719,6037100
2019-03-28,85.51438903808594,6793700
2019-03-29,85.92727661132812,7535400
2019-04-01,85.58871459960938,6626500
2019-04-02,85.67955780029297,6088800
2019-04-03,85.62999725341797,5226500
2019-04-04,85.41526794433594,4786100
2019-04-05,85.5969467163086,4281800
2019-04-08,86.68706512451172,8468600
2019-04-09,86.43106079101562,5820300
2019-04-10,86.42279815673828,5394300
2019-04-11,86.50535583496094,5078400
2019-04-12,86.76136016845703,6707900
2019-04-15,87.3146743774414,5639200
2019-04-16,87.8844985961914,8136100
2019-04-17,88.03087615966797,6778100
2019-04-18,88.19721221923828,7248900
2019-04-22,88.1639404296875,9057200
2019-04-23,85.79370880126953,15979800
2019-04-24,86.23450469970703,10094800
2019-04-25,85.89352416992188,6085300
2019-04-26,88.0391845703125,7747400
2019-04-29,87.14099884033203,4787600
2019-04-30,88.55481719970703,8251300
2019-05-01,87.2657470703125,6733800
2019-05-02,87.78968811035156,6270300
2019-05-03,88.22216033935547,4793400
2019-05-06,87.8895034790039,4890400
2019-05-07,87.07447814941406,6021700
2019-05-08,87.38217163085938,5392600
2019-05-09,86.69190979003906,6901700
2019-05-10,88.1639404296875,5815800
2019-05-13,88.24710083007812,7575500
2019-05-14,87.82298278808594,7004000
2019-05-15,88.73777770996094,5535600
2019-05-16,89.9104232788086,9284200
2019-05-17,89.36153411865234,6370200
2019-05-20,89.26173400878906,6565300
2019-05-21,88.46333312988281,5226400
2019-05-22,88.7544174194336,4889700
2019-05-23,88.78768157958984,6175600
2019-05-24,88.72947692871094,4372100
2019-05-28,86.8748550415039,7615500
2019-05-29,86.65032196044922,7137300
2019-05-30,87.59840393066406,4729200
2019-05-31,85.5858154296875,10282300
2019-06-03,86.32599639892578,8532900
2019-06-04,87.05783081054688,6906400
2019-06-05,88.7627182006836,6481700
2019-06-06,89.3033218383789,6681600
2019-06-07,90.45928955078125,8063400
2019-06-10,90.41770935058594,4767000
2019-06-11,90.96662139892578,8074400
2019-06-12,91.21612548828125,7687800
2019-06-13,92.23906707763672,8611400
2019-06-14,92.48023223876953,6438100
2019-06-17,92.30558013916016,6020000
2019-06-18,91.14956665039062,7731200
2019-06-19,91.83153533935547,7028000
2019-06-20,92.9293441772461,7044200
2019-06-21,92.48023223876953,13799400
2019-06-24,93.42001342773438,5518100
2019-06-25,92.9126968383789,6805600
2019-06-26,91.25770568847656,7170300
2019-06-27,91.29930877685547,5613300
2019-06-28,91.19117736816406,12152000
2019-07-01,91.88975524902344,6775900
2019-07-02,92.7131118774414,6578200
2019-07-03,94.87542724609375,6223300
2019-07-05,94.1019515991211,8694800
2019-07-08,94.8504638671875,5317800
2019-07-09,93.90238189697266,7537700
2019-07-10,94.60098266601562,5600700
2019-07-11,95.1249008178711,4625300
2019-07-12,95.63221740722656,7058600
2019-07-15,96.03973388671875,6240700
2019-07-16,96.3807144165039,7644300
2019-07-17,96.42230224609375,7861700
2019-07-18,96.62818908691406,5828700
2019-07-19,96.2682876586914,6547000
2019-07-22,96.51103210449219,4018800
2019-07-23,95.29732513427734,8194600
2019-07-24,94.2509765625,9635900
2019-07-25,94.39331817626953,7809400
2019-07-26,96.03392028808594,5559600
2019-07-29,97.09695434570312,7768700
2019-07-30,100.78831481933594,18788800
2019-07-31,98.80451965332031,12641800
2019-08-01,97.70797729492188,11308600
2019-08-02,97.46525573730469,12266100
2019-08-05,94.65277862548828,12974800
2019-08-06,95.6572265625,9490600
2019-08-07,96.69515991210938,9507600
2019-08-08,98.30229187011719,7416600
2019-08-09,97.74983215332031,6939500
2019-08-12,97.12205505371094,4996200
2019-08-13,98.14325714111328,6722000
2019-08-14,96.92118072509766,10148300
2019-08-15,98.26042175292969,7758000
2019-08-16,99.75873565673828,8302400
2019-08-19,100.64601135253906,5867100
2019-08-20,99.52437591552734,6744300
2019-08-21,99.77546691894531,4037400
2019-08-22,99.95963287353516,4558400
2019-08-23,98.20184326171875,7336800
2019-08-26,99.87593078613281,5661500
2019-08-27,100.905517578125,6996300
2019-08-28,101.61699676513672,4600300
2019-08-29,101.43283081054688,5011500
2019-08-30,100.63766479492188,6007100
2019-09-03,101.58348083496094,4959300
2019-09-04,103.13203430175781,5586900
2019-09-05,102.75537872314453,7491900
2019-09-06,102.8474349975586,5306900
2019-09-09,102.26148986816406,7662400
2019-09-10,100.34468078613281,9582200
2019-09-11,101.5081558227539,7565500
2019-09-12,102.76372528076172,6194300
2019-09-13,102.21965789794922,6777400
2019-09-16,100.23585510253906,9626700
2019-09-17,101.4161148071289,6377100
2019-09-18,101.62533569335938,5684200
2019-09-19,102.0354995727539,4525800
2019-09-20,102.3200912475586,15362000
2019-09-23,103.1404037475586,6060400
2019-09-24,103.46682739257812,7633200
2019-09-25,102.97300720214844,5812600
2019-09-26,104.05277252197266,6984800
2019-09-27,104.2703857421875,5589800
2019-09-30,104.11135864257812,5206900
2019-10-01,103.667724609375,5415700
2019-10-02,101.34913635253906,6755100
2019-10-03,101.90156555175781,5171000
2019-10-04,103.79329681396484,4377900
2019-10-07,102.82231140136719,4749700
2019-10-08,101.22357940673828,5545300
2019-10-09,102.10243225097656,3775600
2019-10-10,102.06898498535156,3943400
2019-10-11,101.35749816894531,6292200
2019-10-14,100.48696899414062,7360200
2019-10-15,98.10140228271484,11113900
2019-10-16,98.37763214111328,7973100
2019-10-17,98.24788665771484,5956900
2019-10-18,98.95551300048828,9016700
2019-10-21,100.31175231933594,6731600
2019-10-22,102.92316436767578,14410500
2019-10-23,103.61390686035156,8249300
2019-10-24,105.12178802490234,6725600
2019-10-25,103.82453155517578,6093300
2019-10-28,104.01826477050781,5459500
2019-10-29,104.11934661865234,5659800
2019-10-30,105.2481460571289,4734500
2019-10-31,104.88592529296875,6399500
2019-11-01,104.34679412841797,6010200
2019-11-04,100.30332946777344,10351400
2019-11-05,100.16012573242188,9239600
2019-11-06,101.3563232421875,6756300
2019-11-07,100.76663970947266,8909700
2019-11-08,100.83402252197266,4249900
2019-11-11,100.5223388671875,3850400
2019-11-12,100.4718017578125,4759600
2019-11-13,101.63429260253906,7262800
2019-11-14,101.5079345703125,5188300
2019-11-15,101.54164123535156,7108600
2019-11-18,102.6788558959961,7493700
2019-11-19,102.2829360961914,5989000
2019-11-20,103.01581573486328,6480000
2019-11-21,101.37315368652344,7094200
2019-11-22,101.33104705810547,4414900
2019-11-25,101.51636505126953,5134300
2019-11-26,102.99055480957031,8235200
2019-11-27,102.56935119628906,3751400
2019-11-29,102.82207489013672,2927300
2019-12-02,103.37806701660156,6146200
2019-12-03,103.57176971435547,6396200
2019-12-04,104.90278625488281,6857300
2019-12-05,104.97858428955078,7029200
2019-12-06,104.61634063720703,7150900
2019-12-09,105.18919372558594,7452800
2019-12-10,104.68374633789062,4740100
2019-12-11,105.0123062133789,4823300
2019-12-12,104.93646240234375,5897800
2019-12-13,105.69461822509766,5471600
2019-12-16,105.77043914794922,8281900
2019-12-17,105.55982208251953,8832200
2019-12-18,104.46473693847656,8607600
2019-12-19,105.23129272460938,6629100
2019-12-20,105.6019515991211,16250500
2019-12-23,105.2144546508789,6619500
2019-12-24,105.4840087890625,2022100
2019-12-26,105.4840087890625,4760400
2019-12-27,106.21688079833984,5192000
2019-12-30,104.85224914550781,3884300
2019-12-31,105.2144546508789,4798900
2020-01-02,103.95930480957031,8130800
2020-01-03,103.2601089477539,7970500
2020-01-06,103.4033203125,6674400
2020-01-07,102.76310729980469,7583400
2020-01-08,103.2011489868164,5385100
2020-01-09,104.3299331665039,5944000
2020-01-10,104.4310531616211,3927100
2020-01-13,105.19760131835938,8409200
2020-01-14,105.03755187988281,7829700
2020-01-15,106.10739135742188,4843700
2020-01-16,106.20006561279297,6233700
2020-01-17,106.48645782470703,11315200
2020-01-21,106.21688079833984,8553100
2020-01-22,106.4022216796875,7396700
2020-01-23,105.91581726074219,11096500
2020-01-24,106.04292297363281,9508600
2020-01-27,106.50898742675781,9338400
2020-01-28,106.797119140625,6200200
2020-01-29,105.97515106201172,5271000
2020-01-30,106.72931671142578,5894400
2020-01-31,105.60228729248047,6612900
2020-02-03,106.01750183105469,6052300
2020-02-04,106.48359680175781,6512200
2020-02-05,107.45807647705078,6125400
2020-02-06,107.73772430419922,9102700
2020-02-07,106.83948516845703,5915100
2020-02-10,106.91574096679688,5216100
2020-02-11,105.21250915527344,6105700
2020-02-12,104.61083221435547,6031700
2020-02-13,105.89038848876953,7159000
2020-02-14,106.89034271240234,5889100
2020-02-18,105.81414031982422,6767600
2020-02-19,106.29715728759766,4734000
2020-02-20,107.26316833496094,6094600
2020-02-21,107.3648681640625,8723900
2020-02-24,104.48373413085938,7533900
2020-02-25,102.89910888671875,8903200
2020-02-26,101.82290649414062,6894200
2020-02-27,96.17926025390625,13298900
2020-02-28,95.95047760009766,22784300
2020-03-02,101.31449890136719,12399800
2020-03-03,100.13658905029297,12510900
2020-03-04,105.50061798095703,9459300
2020-03-05,103.0685806274414,9363500
2020-03-06,103.0940170288086,9817400
2020-03-09,98.34857177734375,13116500
2020-03-10,102.15340423583984,11419100
2020-03-11,94.56072235107422,16456000
2020-03-12,86.29863739013672,20988000
2020-03-13,96.66226196289062,17378700
2020-03-16,91.94229888916016,17367400
2020-03-17,100.1959228515625,19451400
2020-03-18,99.5264663696289,23139200
2020-03-19,93.91671752929688,16428100
2020-03-20,86.79859161376953,19922900
2020-03-23,82.79041290283203,17776800
2020-03-24,87.51043701171875,14625500
2020-03-25,85.51904296875,13789100
2020-03-26,90.99321746826172,15796000
2020-03-27,93.35742950439453,16073100
2020-03-30,97.45036315917969,14571600
2020-03-31,93.21338653564453,21691000
2020-04-01,92.64563751220703,11095800
2020-04-02,96.94190979003906,9168800
2020-04-03,97.51815032958984,7768700
2020-04-06,99.83152770996094,16848400
2020-04-07,95.56068420410156,14438400
2020-04-08,97.53508758544922,12564500
2020-04-09,97.16224670410156,12747300
2020-04-13,98.25537872314453,7926700
2020-04-14,102.50080871582031,10474200
2020-04-15,102.72115325927734,14192900
2020-04-16,102.95840454101562,12020200
2020-04-17,105.66162109375,15899800
2020-04-20,102.19576263427734,10832000
2020-04-21,101.41616821289062,9465400
2020-04-22,101.17888641357422,10259400
2020-04-23,101.85365295410156,17277000
2020-04-24,101.32476043701172,12751100
2020-04-27,100.1902084350586,10635700
2020-04-28,99.71250915527344,9958000
2020-04-29,99.87458801269531,8707900
2020-04-30,100.54849243164062,10026400
2020-05-01,99.65280151367188,7366400
2020-05-04,98.75709533691406,5636000
2020-05-05,98.9618148803711,5425200
2020-05-06,96.47947692871094,7892200
2020-05-07,95.68611145019531,8762800
2020-05-08,98.91064453125,9279900
2020-05-11,98.36469268798828,6947500
2020-05-12,97.71636962890625,6734400
2020-05-13,97.178955078125,9312600
2020-05-14,97.08511352539062,9310000
2020-05-15,97.7675552368164,10694800
2020-05-18,99.13243865966797,10020800
2020-05-19,95.91645050048828,8047600
2020-05-20,96.63301086425781,6593800
2020-05-21,95.2169418334961,6552700
2020-05-22,96.05293273925781,5571900
2020-05-26,95.56671142578125,10432400
2020-05-27,97.15337371826172,8279700
2020-05-28,99.00447082519531,6586700
2020-05-29,98.8850326538086,7868000
2020-06-01,100.01960754394531,5105600
2020-06-02,100.71056365966797,6327900
2020-06-03,101.11149597167969,6171000
2020-06-04,98.99594116210938,6895800
2020-06-05,100.94087982177734,7337800
2020-06-08,101.55509185791016,6926700
2020-06-09,100.94943237304688,5563200
2020-06-10,101.70863342285156,6678200
2020-06-11,99.17506408691406,8937500
2020-06-12,98.62911987304688,7998500
2020-06-15,99.5418930053711,8786000
2020-06-16,100.7702865600586,8165200
2020-06-17,100.59967803955078,6320800
2020-06-18,101.75128936767578,6274400
2020-06-19,101.4441909790039,17506200
2020-06-22,100.44613647460938,5695600
2020-06-23,100.42906951904297,5340400
2020-06-24,99.31157684326172,6547800
2020-06-25,100.56556701660156,5489300
2020-06-26,98.29646301269531,23201700
2020-06-29,100.36935424804688,6866900
2020-06-30,101.99867248535156,7818000
2020-07-01,102.3484115600586,6501200
2020-07-02,103.11615753173828,6150900
2020-07-06,103.75593566894531,6023300
2020-07-07,104.25923156738281,6866300
2020-07-08,104.83078002929688,6494100
2020-07-09,104.48101806640625,5341000
2020-07-10,105.683837890625,6752600
2020-07-13,105.82032012939453,7681500
2020-07-14,106.70745849609375,6272100
2020-07-15,106.20418548583984,8145000
2020-07-16,106.42598724365234,3959300
2020-07-17,107.16810607910156,4868600
2020-07-20,106.8354263305664,4242100
2020-07-21,106.69044494628906,5162300
2020-07-22,107.60317993164062,5929200
2020-07-23,108.29936218261719,6664800
2020-07-24,108.127685546875,6014200
2020-07-27,108.43670654296875,6464600
2020-07-28,109.77587127685547,7644400
2020-07-29,110.14498901367188,6702000
2020-07-30,112.81468200683594,10400700
2020-07-31,112.55717468261719,8487000
2020-08-03,112.70309448242188,7769400
2020-08-04,114.84917449951172,7773700
2020-08-05,114.54872131347656,5680000
2020-08-06,113.92207336425781,3974100
2020-08-07,114.64313507080078,4934900
2020-08-10,115.11531066894531,5812700
2020-08-11,114.36845397949219,5329900
2020-08-12,116.28275299072266,5920400
2020-08-13,116.55743408203125,4989500
2020-08-14,115.97373962402344,5845200
2020-08-17,116.31705474853516,5603800
2020-08-18,117.18408203125,8670700
2020-08-19,116.54886627197266,6827700
2020-08-20,117.47595977783203,4352200
2020-08-21,117.9824447631836,5706600
2020-08-24,118.90097045898438,7420500
2020-08-25,119.37308502197266,4718300
2020-08-26,118.79794311523438,4746200
2020-08-27,118.6434097290039,6156100
2020-08-28,119.12416076660156,4166300
2020-08-31,118.74644470214844,5596800
2020-09-01,118.61767578125,5671800
2020-09-02,120.6177978515625,8384800
2020-09-03,118.68635559082031,7277900
2020-09-04,118.4288101196289,7437700
2020-09-08,116.69481658935547,6847500
2020-09-09,118.5919189453125,6002900
2020-09-10,117.3471908569336,5242500
2020-09-11,118.58335876464844,4398000
2020-09-14,119.00398254394531,4767400
2020-09-15,119.00398254394531,4046500
2020-09-16,118.20562744140625,6049900
2020-09-17,118.0511245727539,4648500
2020-09-18,117.9223403930664,10192800
2020-09-21,117.35579681396484,7092600
2020-09-22,118.4288101196289,4722800
2020-09-23,117.01239776611328,6373700
2020-09-24,117.53605651855469,5708200
2020-09-25,118.136962890625,4969900
2020-09-28,118.47174835205078,5810800
2020-09-29,117.82791900634766,4492100
2020-09-30,119.31304168701172,8727800
2020-10-01,119.52762603759766,5713400
2020-10-02,118.56615447998047,6077900
2020-10-05,119.65640258789062,6333900
2020-10-06,119.84521484375,6042900
2020-10-07,120.78092193603516,4640900
2020-10-08,121.59642791748047,4569800
2020-10-09,122.6866226196289,6551700
2020-10-12,124.03434753417969,5791500
2020-10-13,123.79399108886719,4509400
2020-10-14,123.6480484008789,3860700
2020-10-15,123.46778106689453,4997100
2020-10-16,123.94852447509766,6806100
2020-10-19,121.81961822509766,6427600
2020-10-20,122.30891418457031,7582100
2020-10-21,122.96992492675781,5649700
2020-10-22,122.09896850585938,4502900
2020-10-23,122.9017105102539,4278100
2020-10-26,121.96946716308594,5315500
2020-10-27,122.88442993164062,6806700
2020-10-28,118.82744598388672,8192200
2020-10-29,118.74977111816406,5476900
2020-10-30,118.34403991699219,6422000
2020-11-02,119.55252838134766,6682800
2020-11-03,121.900390625,6244200
2020-11-04,121.3997802734375,5820600
2020-11-05,122.9017105102539,5673100
2020-11-06,123.6353988647461,4702300
2020-11-09,119.11229705810547,12664700
2020-11-10,121.07173919677734,7854000
2020-11-11,122.6341323852539,5554300
2020-11-12,122.70319366455078,5631700
2020-11-13,124.54180908203125,6466800
2020-11-16,122.94486999511719,7976600
2020-11-17,122.4701156616211,6396800
2020-11-18,120.58837890625,6097100
2020-11-19,120.44160461425781,5284100
2020-11-20,120.24309539794922,4726900
2020-11-23,119.77696228027344,4770600
2020-11-24,119.38850402832031,7101800
2020-11-25,119.70787048339844,8411300
2020-11-27,119.6474838256836,4252200
2020-11-30,119.8719253540039,11640400
2020-12-01,120.30348205566406,7169700
2020-12-02,119.43167877197266,6963000
2020-12-03,118.55120086669922,8742500
2020-12-04,118.66344451904297,6617200
2020-12-07,118.8447036743164,6918000
2020-12-08,119.16410064697266,6493500
2020-12-09,117.74842834472656,6773400
2020-12-10,116.97154235839844,6800500
2020-12-11,117.83474731445312,6548000
2020-12-14,117.26507568359375,6485300
2020-12-15,117.95560455322266,5397000
2020-12-16,118.49079132080078,5382500
2020-12-17,119.33672332763672,7405300
2020-12-18,120.01863098144531,19988800
2020-12-21,118.70660400390625,6732400
2020-12-22,117.86933135986328,5023100
2020-12-23,117.68800354003906,6004200
2020-12-24,118.87921142578125,2588200
2020-12-28,119.70787048339844,3714700
2020-12-29,119.48348999023438,5139300
2020-12-30,118.92239379882812,3261400
2020-12-31,120.10497283935547,4076400
2021-01-04,118.96553039550781,8330900
2021-01-05,119.72515106201172,6856400
2021-01-06,120.98538970947266,10578000
2021-01-07,119.85464477539062,7355400
2021-01-08,119.80282592773438,7448500
2021-01-11,118.99146270751953,7239900
2021-01-12,118.30088806152344,6333500
2021-01-13,118.4821548461914,6078800
2021-01-14,117.2219009399414,6172800
2021-01-15,116.34144592285156,7757600
2021-01-19,115.32284545898438,9184900
2021-01-20,113.88131713867188,12506600
2021-01-21,113.76932525634766,8761600
2021-01-22,112.89221954345703,7202800
2021-01-25,114.83744812011719,9640000
2021-01-26,115.5755615234375,5996700
2021-01-27,111.48542785644531,10826700
2021-01-28,113.204833984375,8242000
2021-01-29,111.33777618408203,8344100
2021-02-01,111.9977798461914,6534200
2021-02-02,111.84147644042969,6825600
2021-02-03,111.98041534423828,7309400
2021-02-04,112.04988098144531,6613700
2021-02-05,112.51881408691406,5063700
2021-02-08,112.17144012451172,7011200
2021-02-09,111.73724365234375,5917800
2021-02-10,111.34646606445312,8594100
2021-02-11,111.4419937133789,6139200
2021-02-12,110.82544708251953,8407300
2021-02-16,111.08594512939453,8246000
2021-02-17,111.55490112304688,8845200
2021-02-18,112.48406219482422,6936400
2021-02-19,110.3912353515625,8277900
2021-02-22,109.92230987548828,6975500
2021-02-23,110.73857879638672,10145300
2021-02-24,110.86016082763672,7263000
2021-02-25,109.92230987548828,7790800
2021-02-26,107.27365112304688,17718800
2021-03-01,107.93364715576172,7740200
2021-03-02,107.59497833251953,10206500
2021-03-03,106.95237731933594,7537000
2021-03-04,106.07527160644531,10228100
2021-03-05,109.4012451171875,10490900
2021-03-08,110.55622100830078,9224700
2021-03-09,109.57491302490234,8859700
2021-03-10,110.582275390625,9070900
2021-03-11,110.2088623046875,6941500
2021-03-12,111.2770004272461,6521900
2021-03-15,111.6417236328125,7172600
2021-03-16,111.97171020507812,6485200
2021-03-17,111.5201644897461,6192900
2021-03-18,111.76329803466797,6871300
2021-03-19,111.16409301757812,20262100
2021-03-22,113.04852294921875,8077600
2021-03-23,115.15007781982422,9503800
2021-03-24,115.11532592773438,8318000
2021-03-25,115.91423797607422,7517300
2021-03-26,117.62503814697266,10821200
2021-03-29,119.4660415649414,11176000
2021-03-30,117.62503814697266,8090600
2021-03-31,117.60762023925781,9202600
2021-04-01,116.60897064208984,9117800
2021-04-05,118.4934310913086,8279100
2021-04-06,118.5368423461914,6180600
2021-04-07,118.74526977539062,10244500
2021-04-08,119.19681549072266,6190300
2021-04-09,118.4239273071289,5855400
2021-04-12,118.90155029296875,6440900
2021-04-13,117.32976531982422,9161200
2021-04-14,117.75528717041016,7584000
2021-04-15,119.17945098876953,7945300
2021-04-16,119.18811798095703,7708500
2021-04-19,118.63237762451172,9149400
2021-04-20,119.62234497070312,10040500
2021-04-21,118.84078216552734,8465900
2021-04-22,117.66094207763672,7338300
2021-04-23,117.05792236328125,6708300
2021-04-26,114.7156753540039,9910600
2021-04-27,114.64579772949219,8296800
2021-04-28,114.83802795410156,6262800
2021-04-29,115.80812072753906,6786800
2021-04-30,116.60343933105469,9188600
2021-05-03,117.98431396484375,8070300
2021-05-04,117.582275390625,9624000
2021-05-05,116.63839721679688,8295900
2021-05-06,118.10665130615234,9771100
2021-05-07,118.1153793334961,6299100
2021-05-10,120.3177719116211,8852700
2021-05-11,119.72347259521484,10973700
2021-05-12,118.45623016357422,8853700
2021-05-13,120.3614501953125,8753600
2021-05-14,120.61490631103516,5989500
2021-05-17,120.37018585205078,7690700
2021-05-18,119.13792419433594,9239100
2021-05-19,119.38265228271484,9806800
2021-05-20,120.60614776611328,8768200
2021-05-21,120.60614776611328,10161000
2021-05-24,120.57120513916016,6981300
2021-05-25,120.98197937011719,8142400
2021-05-26,120.7110366821289,8122900
2021-05-27,117.96683502197266,33095700
2021-05-28,117.85321044921875,10477100
2021-06-01,116.13150787353516,9993900
2021-06-02,116.63839721679688,8254100
2021-06-03,118.72718048095703,11249800
2021-06-04,118.81453704833984,6894400
2021-06-07,119.22531127929688,8418000
2021-06-08,117.84447479248047,6911500
2021-06-09,117.80077362060547,6200700
2021-06-10,118.67469787597656,6515500
2021-06-11,117.86196899414062,10641400
2021-06-14,117.9056396484375,6302000
2021-06-15,117.67841339111328,5543400
2021-06-16,116.04412841796875,8936400
2021-06-17,117.10161590576172,7875600
2021-06-18,115.38863372802734,13997600
2021-06-21,116.29756164550781,8014800
2021-06-22,116.34125518798828,6550900
2021-06-23,116.17520141601562,5796000
2021-06-24,116.25386810302734,6056700
2021-06-25,117.91436004638672,24504900
2021-06-28,118.26397705078125,6065400
2021-06-29,117.45992279052734,5792300
2021-06-30,117.92310333251953,5776600
2021-07-01,118.19405364990234,5922300
2021-07-02,118.77085876464844,5572000
2021-07-06,118.84077453613281,6534400
2021-07-07,119.73223114013672,5532700
2021-07-08,119.71472930908203,7585200
2021-07-09,119.7584228515625,5948700
2021-07-12,119.85454559326172,6807300
2021-07-13,119.70600891113281,5603800
2021-07-14,120.58866119384766,5903600
2021-07-15,121.61996459960938,7357100
2021-07-16,122.7998046875,9346300
2021-07-19,122.7386245727539,9544100
2021-07-20,122.0831527709961,8136300
2021-07-21,121.65491485595703,6954700
2021-07-22,121.18883514404297,6013800
2021-07-23,122.93891143798828,7906000
2021-07-26,123.369873046875,5925800
2021-07-27,123.87117004394531,7075400
2021-07-28,122.03308868408203,8520000
2021-07-29,122.66632080078125,5430500
2021-07-30,125.08480072021484,14394300
2021-08-02,124.7770004272461,7009500
2021-08-03,126.59744262695312,8455700
2021-08-04,125.26067352294922,6628000
2021-08-05,125.32222747802734,5363300
2021-08-06,124.3636245727539,6030100
2021-08-09,125.0407943725586,4743800
2021-08-10,125.12001037597656,5253500
2021-08-11,125.42777252197266,4205000
2021-08-12,125.71797943115234,4956100
2021-08-13,126.32484436035156,4888800
2021-08-16,127.20429992675781,6040800
2021-08-17,127.41537475585938,7577000
2021-08-18,126.02581787109375,7162000
2021-08-19,127.51211547851562,5787200
2021-08-20,127.5999984741211,5273800
2021-08-23,126.94925689697266,4522200
2021-08-24,125.92028045654297,4560400
2021-08-25,125.47175598144531,3861500
2021-08-26,125.25189971923828,4749400
2021-08-27,125.15515899658203,4741200
2021-08-30,125.7004165649414,3845800
2021-08-31,125.2254638671875,9642400
2021-09-01,126.50072479248047,6214200
2021-09-02,126.59744262695312,5392500
2021-09-03,126.6854019165039,5466400
2021-09-07,126.21048736572266,6520600
2021-09-08,127.1690902709961,6897800
2021-09-09,126.63263702392578,6354700
2021-09-10,126.7557601928711,5750000
2021-09-13,128.11891174316406,9952500
2021-09-14,127.89900207519531,5831800
2021-09-15,127.62644958496094,6237100
2021-09-16,126.73818969726562,6142100
2021-09-17,126.9404296875,18737400
2021-09-20,125.66521453857422,10238700
2021-09-21,125.85872650146484,6651300
2021-09-22,126.28964233398438,6332500
2021-09-23,126.80853271484375,5171200
2021-09-24,126.24567413330078,5009400
2021-09-27,124.58350372314453,5749700
2021-09-28,123.64252471923828,7015300
2021-09-29,124.90010070800781,5460000
2021-09-30,122.94770812988281,6934900
2021-10-01,122.7542495727539,5587200
2021-10-04,122.0594711303711,5816000
2021-10-05,122.53436279296875,6902700
2021-10-06,124.17019653320312,5332900
2021-10-07,125.16394805908203,5334600
2021-10-08,124.64505767822266,6131800
2021-10-11,125.16394805908203,5995600
2021-10-12,124.97926330566406,6734800
2021-10-13,125.26947784423828,5689800
2021-10-14,126.6854019165039,6777800
2021-10-15,127.01081848144531,6923700
2021-10-18,125.1815185546875,9119000
2021-10-19,123.70406341552734,9555300
2021-10-20,124.18777465820312,7352700
2021-10-21,123.29398345947266,6545500
2021-10-22,124.62139129638672,5265000
2021-10-25,124.63906860351562,5382100
2021-10-26,126.40887451171875,6234900
2021-10-27,125.50627899169922,9643500
2021-10-28,126.2584228515625,4538500
2021-10-29,126.53273010253906,6239500
2021-11-01,126.22303771972656,5038900
2021-11-02,127.4795913696289,9954300
2021-11-03,128.3556671142578,7620100
2021-11-04,128.59458923339844,6402500
2021-11-05,129.23171997070312,6062700
2021-11-08,128.26718139648438,5854400
2021-11-09,128.65650939941406,4873100
2021-11-10,129.92196655273438,7334900
2021-11-11,129.55029296875,4096300
2021-11-12,129.69183349609375,5687400
2021-11-15,130.4351806640625,5510200
2021-11-16,130.24937438964844,7603900
2021-11-17,130.1697235107422,4900200
2021-11-18,130.18740844726562,5509300
2021-11-19,129.92196655273438,6274300
2021-11-22,130.78916931152344,6625400
2021-11-23,132.24038696289062,7912800
2021-11-24,131.5501708984375,5665200
2021-11-26,130.4971466064453,6299800
2021-11-29,131.86875915527344,7113300
2021-11-30,127.93975830078125,11696400
2021-12-01,129.55029296875,8313500
2021-12-02,130.3113250732422,9468800
2021-12-03,132.62977600097656,11200800
2021-12-06,134.63848876953125,11935100
2021-12-07,134.2845458984375,7913400
2021-12-08,134.88624572753906,8329300
2021-12-09,135.67381286621094,8334300
2021-12-10,137.5675506591797,7172300
2021-12-13,139.523193359375,8944000
2021-12-14,140.03643798828125,8677500
2021-12-15,140.57623291015625,9152600
2021-12-16,142.5672607421875,10852900
2021-12-17,139.33737182617188,24349400
2021-12-20,139.6912841796875,9202600
2021-12-21,139.60284423828125,6946000
2021-12-22,140.9832763671875,6626300
2021-12-23,141.67352294921875,5640900
2021-12-27,143.32830810546875,4548600
2021-12-28,144.09812927246094,5929400
2021-12-29,145.2927703857422,5346100
2021-12-30,144.03619384765625,5911500
2021-12-31,144.7529754638672,5327000
2022-01-03,144.1512451171875,9317300
2022-01-04,144.65562438964844,9253800
2022-01-05,145.31048583984375,9330200
2022-01-06,144.0893096923828,7556000
2022-01-07,144.00965881347656,6098500
2022-01-10,142.04518127441406,8055000
2022-01-11,140.3992462158203,11957900
2022-01-12,140.70895385742188,7127500
2022-01-13,140.0718231201172,6551000
2022-01-14,141.41685485839844,10708000
2022-01-18,138.69134521484375,10988400
2022-01-19,143.35482788085938,14088300
2022-01-20,144.12884521484375,10799100
2022-01-21,144.680419921875,10900400
2022-01-24,143.5060577392578,14838100
2022-01-25,141.94020080566406,9369600
2022-01-26,140.7035369873047,10707100
2022-01-27,141.57546997070312,9083000
2022-01-28,142.79428100585938,9494200
2022-01-31,142.74981689453125,8950100
2022-02-01,142.11817932128906,6284100
2022-02-02,144.66265869140625,7558800
2022-02-03,146.03277587890625,10474500
2022-02-04,143.71067810058594,8959900
2022-02-07,142.63417053222656,6430500
2022-02-08,142.31390380859375,5048700
2022-02-09,141.99362182617188,8077400
2022-02-10,139.8316650390625,7033000
2022-02-11,139.04873657226562,9341400
2022-02-14,139.4491424560547,9472200
2022-02-15,139.52029418945312,6659200
2022-02-16,140.57901000976562,9315700
2022-02-17,142.18931579589844,7925500
2022-02-18,142.26051330566406,8063200
2022-02-22,140.5078125,8179500
2022-02-23,138.755126953125,6273000
2022-02-24,135.0184783935547,13145100
2022-02-25,140.7836456298828,8888800
2022-02-28,138.69285583496094,8669200
2022-03-01,136.39747619628906,8311900
2022-03-02,136.82452392578125,6111300
2022-03-03,137.3316650390625,7451200
2022-03-04,138.02561950683594,8639100
2022-03-07,135.97933959960938,8374500
2022-03-08,130.5967559814453,9517200
2022-03-09,132.3583526611328,7044100
2022-03-10,128.9508514404297,9221000
2022-03-11,127.42054748535156,7086100
2022-03-14,129.0487060546875,7964600
2022-03-15,133.69284057617188,9868400
2022-03-16,133.2390899658203,6908900
2022-03-17,133.65724182128906,6003800
2022-03-18,133.58609008789062,15570300
2022-03-21,134.0932159423828,6937500
2022-03-22,135.125244140625,7292100
2022-03-23,134.1821746826172,5531900
2022-03-24,134.41348266601562,4203100
2022-03-25,135.9704132080078,5047700
2022-03-28,136.9046173095703,4234000
2022-03-29,138.31033325195312,5643400
2022-03-30,137.3583526611328,5779300
2022-03-31,135.9437713623047,7538600
2022-04-01,137.98110961914062,5742600
2022-04-04,137.08253479003906,5992000
2022-04-05,137.56297302246094,7653000
2022-04-06,139.52915954589844,8884700
2022-04-07,141.3352508544922,6889700
2022-04-08,142.43846130371094,6045400
2022-04-11,141.89576721191406,6158400
2022-04-12,141.4687042236328,7221500
2022-04-13,141.8690185546875,5247700
2022-04-14,141.0772247314453,7806500
2022-04-18,139.73379516601562,6034500
2022-04-19,141.8245849609375,7897000
2022-04-20,145.59683227539062,10196100
2022-04-21,145.4832000732422,9365700
2022-04-22,144.2664337158203,9394600
2022-04-25,145.4295196533203,6986800
2022-04-26,142.960205078125,7769500
2022-04-27,142.57553100585938,6754900
2022-04-28,146.1989288330078,9306800
2022-04-29,143.64016723632812,10637000
2022-05-02,141.69873046875,10351600
2022-05-03,139.75729370117188,10344000
2022-05-04,140.78611755371094,7771000
2022-05-05,138.1915740966797,8217100
2022-05-06,139.56936645507812,7304800
2022-05-09,139.22047424316406,8540800
2022-05-10,138.48684692382812,7447400
2022-05-11,136.5364227294922,7692200
2022-05-12,135.9817352294922,9600800
2022-05-13,137.44007873535156,5675500
2022-05-16,138.78208923339844,5971000
2022-05-17,138.38841247558594,6509100
2022-05-18,129.76373291015625,9670700
2022-05-19,126.7755355834961,9694100
2022-05-20,126.85606384277344,7786900
2022-05-23,129.772705078125,7134500
2022-05-24,132.08094787597656,7207400
2022-05-25,129.91586303710938,8217800
2022-05-26,131.0520782470703,5702600
2022-05-27,133.05616760253906,6028800
2022-05-31,132.30462646484375,12416700
2022-06-01,130.300537109375,7036000
2022-06-02,131.70523071289062,6479800
2022-06-03,130.52423095703125,4720700
2022-06-06,130.0142822265625,4751100
2022-06-07,131.46365356445312,4918600
2022-06-08,129.826416015625,4369600
2022-06-09,127.48233795166016,4625700
2022-06-10,126.99917602539062,6630800
2022-06-13,123.59944915771484,8549500
2022-06-14,119.74337768554688,9980200
2022-06-15,118.55343627929688,12178100
2022-06-16,119.27816009521484,9683300
2022-06-17,118.41925811767578,17113300
2022-06-21,122.00688934326172,9017000
2022-06-22,123.91255950927734,8374500
2022-06-23,127.31234741210938,6418300
2022-06-24,129.14642333984375,19440600
2022-06-27,128.16229248046875,5618500
2022-06-28,126.07769012451172,6077300
2022-06-29,127.22286987304688,5174600
2022-06-30,128.64537048339844,7410100
2022-07-01,130.72108459472656,5937200
2022-07-05,129.45953369140625,5760900
2022-07-06,130.6673583984375,5485200
2022-07-07,130.6226348876953,6623400
2022-07-08,129.74586486816406,4294200
2022-07-11,130.65841674804688,5482900
2022-07-12,129.50430297851562,5204400
2022-07-13,130.35423278808594,5075600
2022-07-14,129.96954345703125,4867000
2022-07-15,129.79058837890625,6264600
2022-07-18,128.21595764160156,6047500
2022-07-19,128.8690643310547,5943600
2022-07-20,126.64136505126953,8635300
2022-07-21,126.76110076904297,8310200
2022-07-22,128.78720092773438,5292700
2022-07-25,129.66065979003906,5262100
2022-07-26,129.9127960205078,5375700
2022-07-27,131.1464385986328,5500000
2022-07-28,133.3256378173828,7115700
2022-07-29,125.0862045288086,18694700
2022-08-01,128.6791229248047,12590000
2022-08-02,127.82363891601562,7495000
2022-08-03,130.46209716796875,6811000
2022-08-04,130.2550048828125,6124700
2022-08-05,130.31802368164062,4580300
2022-08-08,130.81329345703125,4486800
2022-08-09,130.50711059570312,3977300
2022-08-10,131.74078369140625,4641300
2022-08-11,130.8042449951172,5954300
2022-08-12,132.07394409179688,5038700
2022-08-15,133.77584838867188,6008000
2022-08-16,135.00955200195312,7093000
2022-08-17,134.38821411132812,4834600
2022-08-18,134.8654327392578,3829000
2022-08-19,134.82943725585938,6502500
2022-08-22,134.46923828125,6380700
2022-08-23,131.87582397460938,5268200
2022-08-24,131.30856323242188,5903200
2022-08-25,131.20046997070312,5097600
2022-08-26,128.12985229492188,6086600
2022-08-29,127.58956909179688,5272100
2022-08-30,126.22978210449219,5203700
2022-08-31,124.21275329589844,8406900
2022-09-01,125.74354553222656,7446500
2022-09-02,123.51036071777344,7077800
2022-09-06,122.13261413574219,8217200
2022-09-07,123.97860717773438,6609400
2022-09-08,124.14070129394531,7380500
2022-09-09,126.03170776367188,6434300
2022-09-12,127.05825805664062,5818700
2022-09-13,124.4288330078125,6350200
2022-09-14,124.72598266601562,6137800
2022-09-15,123.76250457763672,5320700
2022-09-16,124.51889038085938,9321500
2022-09-19,124.25772857666016,6056000
2022-09-20,123.81649780273438,5589800
2022-09-21,122.22266387939453,6413900
2022-09-22,122.6548843383789,5061600
2022-09-23,122.08759307861328,6523600
2022-09-26,122.20467376708984,7396400
2022-09-27,118.8458480834961,7722200
2022-09-28,118.8458480834961,10455100
2022-09-29,115.89225769042969,7128500
2022-09-30,113.68606567382812,9431900
2022-10-03,115.7211685180664,8477700
2022-10-04,117.15293884277344,7211600
2022-10-05,116.34249877929688,5071100
2022-10-06,113.8931884765625,5530800
2022-10-07,111.90312194824219,6095400
2022-10-10,111.4438705444336,6923300
2022-10-11,111.86709594726562,5516200
2022-10-12,112.04719543457031,6823500
2022-10-13,113.74008178710938,6910500
2022-10-14,112.63250732421875,5516800
2022-10-17,114.6676025390625,6664600
2022-10-18,115.59510040283203,7114200
2022-10-19,116.66667175292969,9993700
2022-10-20,115.16397094726562,8168000
2022-10-21,116.60592651367188,6394600
2022-10-24,117.32235717773438,6946000
2022-10-25,118.67359161376953,6776000
2022-10-26,119.50789642333984,6612800
2022-10-27,119.59860229492188,6676700
2022-10-28,122.6275405883789,6996400
2022-10-31,122.12876892089844,8346300
2022-11-01,122.31924438476562,6428300
2022-11-02,120.5599136352539,7318100
2022-11-03,119.73462677001953,5204000
2022-11-04,121.9201889038086,5555400
2022-11-07,123.78836822509766,6746800
2022-11-08,124.06949615478516,5266200
2022-11-09,123.770263671875,5690700
2022-11-10,128.0325469970703,8068700
2022-11-11,127.84210205078125,7175200
2022-11-14,127.85114288330078,8516200
2022-11-15,127.40679931640625,7732400
2022-11-16,128.54042053222656,6193700
2022-11-17,127.75139617919922,5186300
2022-11-18,129.2930908203125,5671400
2022-11-21,130.93450927734375,6377200
2022-11-22,132.05905151367188,5372900
2022-11-23,132.81175231933594,4296000
2022-11-25,133.05661010742188,2411100
2022-11-28,132.9478302001953,6628200
2022-11-29,131.93209838867188,5634200
2022-11-30,135.26939392089844,12396800
2022-12-01,135.35101318359375,6927400
2022-12-02,136.5843505859375,4938300
2022-12-05,135.2058868408203,5402500
2022-12-06,135.37818908691406,6866700
2022-12-07,136.24879455566406,6175500
2022-12-08,137.22825622558594,5187100
2022-12-09,136.86546325683594,5868200
2022-12-12,138.2711639404297,6142400
2022-12-13,138.0625762939453,7680600
2022-12-14,138.60667419433594,7385600
2022-12-15,137.03781127929688,7117200
2022-12-16,136.43019104003906,19966400
2022-12-19,136.39390563964844,5881800
2022-12-20,136.44833374023438,5646100
2022-12-21,137.6998291015625,5024700
2022-12-22,138.01722717285156,5904900
2022-12-23,138.4071807861328,3401800
2022-12-27,139.61329650878906,4215100
2022-12-28,137.8086395263672,4197500
2022-12-29,138.37997436523438,3809100
2022-12-30,137.4459228515625,4532000
2023-01-03,137.4550018310547,6447300
2023-01-04,138.05348205566406,7313400
2023-01-05,136.33949279785156,5373800
2023-01-06,139.5861358642578,7882200
2023-01-09,137.88119506835938,5727000
2023-01-10,137.7451629638672,4716400
2023-01-11,136.62969970703125,8691300
2023-01-12,135.85882568359375,7801600
2023-01-13,136.82920837402344,5535800
2023-01-17,136.43019104003906,9611800
2023-01-18,132.77548217773438,10461200
2023-01-19,129.96754455566406,12683700
2023-01-20,130.4694061279297,8603300
2023-01-23,128.71730041503906,7473100
2023-01-24,129.41998291015625,6822500
2023-01-25,129.32875061035156,6902600
2023-01-26,128.80853271484375,5398600
2023-01-27,128.279296875,6870800
2023-01-30,128.68081665039062,6369300
2023-01-31,129.9310302734375,9373400
2023-02-01,130.6702117919922,7207900
2023-02-02,129.7393798828125,6444300
2023-02-03,130.14089965820312,5993100
2023-02-06,129.0366973876953,6108100
2023-02-07,127.7773666381836,6278300
2023-02-08,126.45417022705078,7123800
2023-02-09,125.06705474853516,6547400
2023-02-10,126.1712417602539,8108900
2023-02-13,127.82301330566406,5081600
2023-02-14,127.1020736694336,5253500
2023-02-15,126.81004333496094,5530300
2023-02-16,125.149169921875,7595700
2023-02-17,127.76822662353516,8034700
2023-02-21,127.67698669433594,6899500
2023-02-22,128.2154083251953,6126300
2023-02-23,127.80474090576172,5835400
2023-02-24,127.08381652832031,5260700
2023-02-27,126.97429656982422,5820900
2023-02-28,125.53245544433594,6709900
2023-03-01,125.62369537353516,7101800
2023-03-02,127.69524383544922,5924600
2023-03-03,128.6260223388672,5259400
2023-03-06,128.07850646972656,4943100
2023-03-07,125.53245544433594,5606800
2023-03-08,125.55071258544922,5518800
2023-03-09,124.6290283203125,4467200
2023-03-10,125.19480895996094,5928000
2023-03-13,126.06175231933594,8337100
2023-03-14,127.62222290039062,9219700
2023-03-15,129.42910766601562,8823500
2023-03-16,130.3964080810547,7063400
2023-03-17,130.43295288085938,16018800
2023-03-20,132.44058227539062,8379200
2023-03-21,131.48239135742188,7753200
2023-03-22,131.4002685546875,5729100
2023-03-23,131.2177276611328,5788400
2023-03-24,133.89154052734375,6144800
2023-03-27,133.18887329101562,5917200
2023-03-28,133.56304931640625,4213800
2023-03-29,133.9736785888672,4987700
2023-03-30,134.5577392578125,4117700
2023-03-31,135.68930053710938,7685900
2023-04-03,136.43760681152344,5721700
2023-04-04,137.0946502685547,6714300
2023-04-05,138.0345916748047,6094800
2023-04-06,138.91065979003906,5399700
2023-04-10,137.7608184814453,4891800
2023-04-11,137.487060546875,6311800
2023-04-12,137.8612060546875,6137900
2023-04-13,138.50001525878906,5489500
2023-04-14,137.79733276367188,4478800
2023-04-17,137.84295654296875,4296400
2023-04-18,137.98898315429688,4158400
2023-04-19,138.01634216308594,3837600
2023-04-20,138.52235412597656,5370900
2023-04-21,143.3157501220703,14876900
2023-04-24,143.57284545898438,8109800
2023-04-25,143.60955810546875,8341800
2023-04-26,141.94749450683594,4843700
2023-04-27,143.6830596923828,4805600
2023-04-28,143.60040283203125,5754700
2023-05-01,143.7748565673828,3844600
2023-05-02,143.6463165283203,5262900
2023-05-03,143.46266174316406,5775000
2023-05-04,142.80148315429688,4892600
2023-05-05,143.2789764404297,3989200
2023-05-08,142.60867309570312,4950700
2023-05-09,141.1486053466797,4472100
2023-05-10,141.4424591064453,4754900
2023-05-11,141.7730255126953,3495300
2023-05-12,143.21473693847656,5252900
2023-05-15,143.26060485839844,5414900
2023-05-16,143.0126953125,5591500
2023-05-17,142.40664672851562,4286900
2023-05-18,140.06500244140625,6997600
2023-05-19,140.6527099609375,4754100
2023-05-22,136.97042846679688,7876200
2023-05-23,135.49200439453125,6116000
2023-05-24,134.37168884277344,5755400
2023-05-25,133.50851440429688,6510300
2023-05-26,133.51766967773438,4716400
2023-05-30,131.4791259765625,5561000
2023-05-31,130.85467529296875,19854800
2023-06-01,132.19537353515625,6091100
2023-06-02,134.54617309570312,6124400
2023-06-05,134.0135955810547,4753700
2023-06-06,132.68206787109375,4635900
2023-06-07,132.9667205810547,6194400
2023-06-08,134.4727325439453,4863700
2023-06-09,134.5828857421875,5569500
2023-06-12,133.52687072753906,5354000
2023-06-13,133.20545959472656,5321200
2023-06-14,134.45436096191406,5693300
2023-06-15,136.31845092773438,5863000
2023-06-16,137.31935119628906,11244900
2023-06-20,136.05213928222656,5340700
2023-06-21,137.22752380371094,4649700
2023-06-22,137.6958465576172,6666800
2023-06-23,136.32765197753906,13843300
2023-06-26,136.4653778076172,4353100
2023-06-27,137.76014709472656,5445400
2023-06-28,137.7325897216797,6733300
2023-06-29,137.17247009277344,7343000
2023-06-30,139.33958435058594,7058300
2023-07-03,140.0374755859375,3996100
2023-07-05,139.79873657226562,8279800
2023-07-06,139.56915283203125,7958300
2023-07-07,136.63986206054688,9169500
2023-07-10,136.69496154785156,5529200
2023-07-11,135.9786834716797,5150300
2023-07-12,136.6857452392578,6764600
2023-07-13,136.777587890625,5561400
2023-07-14,137.78770446777344,6128900
2023-07-17,136.81434631347656,4625300
2023-07-18,137.07144165039062,5351200
2023-07-19,138.00808715820312,6203600
2023-07-20,139.12709045410156,6445400
2023-07-21,141.3171844482422,9938400
2023-07-24,141.76995849609375,5549500
2023-07-25,142.1025848388672,5883800
2023-07-26,142.25045776367188,7013800
2023-07-27,140.55941772460938,7191600
2023-07-28,144.53289794921875,9397300
2023-07-31,144.4312744140625,7955200
2023-08-01,144.3850555419922,5718800
2023-08-02,144.69921875,5636000
2023-08-03,145.0780792236328,5792700
2023-08-04,143.4886932373047,4785900
2023-08-07,145.00418090820312,4107400
2023-08-08,145.16127014160156,4625500
2023-08-09,144.9764404296875,4293200
2023-08-10,144.25567626953125,4307800
2023-08-11,145.09658813476562,3862300
2023-08-14,143.95997619628906,4297600
2023-08-15,143.03591918945312,6921100
2023-08-16,141.57589721679688,6356800
2023-08-17,140.55941772460938,6419500
2023-08-18,140.95675659179688,5448200
2023-08-21,140.24522399902344,4504700
2023-08-22,140.3007049560547,4195600
2023-08-23,141.61285400390625,4522500
2023-08-24,140.95675659179688,4088900
2023-08-25,141.88082885742188,3541500
2023-08-28,142.1025848388672,3614700
2023-08-29,142.18576049804688,4034600
2023-08-30,142.3428497314453,3712200
2023-08-31,142.6200714111328,5451400
2023-09-01,142.77716064453125,4126300
2023-09-05,140.86436462402344,5097000
2023-09-06,140.58717346191406,3877400
2023-09-07,141.92703247070312,4824800
2023-09-08,141.3171844482422,3384700
2023-09-11,142.9989471435547,4288500
2023-09-12,140.48548889160156,4537800
2023-09-13,141.4650115966797,4040600
2023-09-14,143.01744079589844,4606800
2023-09-15,141.8161163330078,10262400
2023-09-18,142.35211181640625,3536500
2023-09-19,141.93630981445312,4704200
2023-09-20,141.8161163330078,5446400
2023-09-21,140.58717346191406,5096400
2023-09-22,140.06964111328125,6327000
2023-09-25,139.21951293945312,5527000
2023-09-26,137.98129272460938,6366500
2023-09-27,136.15162658691406,5403700
2023-09-28,135.22756958007812,6237100
2023-09-29,134.78402709960938,6683300
2023-10-02,134.16490173339844,5153800
2023-10-03,134.44212341308594,4670600
2023-10-04,134.8856658935547,4727800
2023-10-05,132.8804473876953,5205700
2023-10-06,133.14840698242188,7406700
2023-10-09,132.473876953125,5062200
2023-10-10,133.78604125976562,5988900
2023-10-11,132.1411895751953,5469100
2023-10-12,132.4368896484375,5965600
2023-10-13,133.70286560058594,7078900
2023-10-16,134.9781036376953,6509800
2023-10-17,135.15365600585938,6160100
2023-10-18,138.63739013671875,10508500
2023-10-19,137.85719299316406,8146000
2023-10-20,137.6712188720703,7284200
2023-10-23,137.7642059326172,5981800
2023-10-24,139.39151000976562,6322000
2023-10-25,140.04244995117188,6172900
2023-10-26,139.29855346679688,7582100
2023-10-27,136.84361267089844,8131800
2023-10-30,138.79638671875,5412800
2023-10-31,139.5124053955078,6762100
2023-11-01,139.12184143066406,5896900
2023-11-02,140.8235626220703,5859200
2023-11-03,139.5496063232422,6587700
2023-11-06,140.35862731933594,6480800
2023-11-07,140.0331573486328,6003800
2023-11-08,139.49383544921875,4832600
2023-11-09,139.80995178222656,6581500
2023-11-10,140.795654296875,5387200
2023-11-13,141.77206420898438,6297500
2023-11-14,141.4558563232422,7982600
2023-11-15,140.80496215820312,7672600
2023-11-16,142.11611938476562,7590500
2023-11-17,140.47950744628906,8495600
2023-11-20,139.73558044433594,6856500
2023-11-21,139.12184143066406,7310400
2023-11-22,140.43299865722656,4372700
2023-11-24,140.76776123046875,2132500
2023-11-27,140.63755798339844,6021300
2023-11-28,141.61398315429688,6110400
2023-11-29,140.53529357910156,5342700
2023-11-30,142.7577667236328,9771300
2023-12-01,141.95802307128906,5685400
2023-12-04,141.4001007080078,6578300
2023-12-05,136.4716033935547,11895800
2023-12-06,136.36932373046875,7610000
2023-12-07,136.22984313964844,6119600
2023-12-08,134.9744873046875,6385300
2023-12-11,135.59754943847656,8471200
2023-12-12,135.7091522216797,6069200
2023-12-13,138.16404724121094,9055500
2023-12-14,134.51885986328125,10565200
2023-12-15,133.867919921875,14550000
2023-12-18,135.92298889160156,8421800
2023-12-19,135.92298889160156,5233600
2023-12-20,133.82144165039062,7663800
2023-12-21,134.14691162109375,6104700
2023-12-22,135.0954132080078,4413800
2023-12-26,135.7091522216797,3634900
2023-12-27,135.82070922851562,4569400
2023-12-28,135.51385498046875,5023000
2023-12-29,136.26707458496094,5300900
2024-01-02,138.3128662109375,7238400
2024-01-03,137.47589111328125,7697500
2024-01-04,138.2291259765625,7067400
2024-01-05,137.0853729248047,5294200
2024-01-08,138.266357421875,8255300
2024-01-09,138.8335723876953,9786800
2024-01-10,139.42869567871094,8591100
2024-01-11,139.95870971679688,6659400
2024-01-12,140.04244995117188,5684700
2024-01-16,139.2892303466797,8120100
2024-01-17,139.42869567871094,6541400
2024-01-18,138.62490844726562,6526200
2024-01-19,138.0915069580078,7848100
2024-01-22,138.36285400390625,11084100
2024-01-23,144.08978271484375,19101600
2024-01-24,142.3492431640625,11592700
2024-01-25,145.6244354248047,10352500
2024-01-26,146.11105346679688,8356600
2024-01-29,146.1297607421875,8987400
2024-01-30,147.3743438720703,7794700
2024-01-31,147.04681396484375,8870000
2024-02-01,148.9557647705078,7601100
2024-02-02,147.93577575683594,7937700
2024-02-05,148.04808044433594,6931900
2024-02-06,148.74993896484375,6185400
2024-02-07,148.89962768554688,7209300
2024-02-08,148.45046997070312,6121600
2024-02-09,147.30882263183594,5978000
2024-02-12,147.01873779296875,5482000
2024-02-13,146.23269653320312,6046800
2024-02-14,145.6338348388672,5727300
2024-02-15,146.9251251220703,6249200
2024-02-16,147.3930206298828,6617600
2024-02-20,148.3288116455078,6622100
2024-02-21,150.09739685058594,7121000
2024-02-22,150.2471466064453,6619500
2024-02-23,150.6869659423828,5486500
2024-02-26,149.92897033691406,4531900
2024-02-27,149.0680694580078,3868200
2024-02-28,149.76992797851562,3802900
2024-02-29,148.73118591308594,8348100
2024-03-01,148.64698791503906,4819800
2024-03-04,149.31137084960938,3841600
2024-03-05,149.0867919921875,4481600
2024-03-06,149.32073974609375,5405700
2024-03-07,150.30328369140625,4783900
2024-03-08,150.0506591796875,5080200
2024-03-11,151.173583984375,5170900
2024-03-12,151.52914428710938,4229100
2024-03-13,151.87539672851562,5410500
2024-03-14,151.1267547607422,5848100
2024-03-15,151.01446533203125,10956900
2024-03-18,150.8553924560547,6086300
2024-03-19,151.43557739257812,6148100
2024-03-20,151.58529663085938,4870300
2024-03-21,151.46365356445312,5211500
2024-03-22,151.2764892578125,6393200
2024-03-25,149.90090942382812,7145600
2024-03-26,150.23777770996094,5842700
2024-03-27,152.1654815673828,6599700
2024-03-28,151.8285675048828,7191500
2024-04-01,150.265869140625,5971900
2024-04-02,150.2565155029297,6771200
2024-04-03,146.12039184570312,9601800
2024-04-04,145.46536254882812,6801700
2024-04-05,146.07362365722656,5121200
2024-04-08,146.01747131347656,5476800
2024-04-09,146.59762573242188,4608100
2024-04-10,147.14039611816406,7784900
2024-04-11,145.83030700683594,8209800
2024-04-12,145.3530731201172,6770500
2024-04-15,145.46536254882812,5754000
2024-04-16,145.93325805664062,6103300
2024-04-17,146.87838745117188,6621900
2024-04-18,148.1375732421875,7819300
2024-04-19,148.9381103515625,12034200
2024-04-22,151.1984405517578,8926300
2024-04-23,152.10260009765625,7707300
2024-04-24,153.13861083984375,7217600
2024-04-25,153.09152221679688,7094600
2024-04-26,151.90481567382812,5659800
2024-04-29,152.2532958984375,4621000
2024-04-30,153.7036590576172,8106100
2024-05-01,153.89202880859375,7543000
2024-05-02,154.3064422607422,5647500
2024-05-03,154.890380859375,5581500
2024-05-06,154.8715362548828,5472400
2024-05-07,156.11471557617188,6433000
2024-05-08,155.46487426757812,4579400
2024-05-09,156.37843322753906,4671100
2024-05-10,157.14129638671875,4879400
2024-05-13,156.2183074951172,5725500
2024-05-14,156.11471557617188,6009800
2024-05-15,156.8210906982422,5102700
2024-05-16,158.09251403808594,6793600
2024-05-17,157.8853302001953,4700800
2024-05-20,157.57452392578125,3804600
2024-05-21,158.5540313720703,5147100
2024-05-22,158.04544067382812,4536700
2024-05-23,155.86044311523438,4729800
2024-05-24,155.70974731445312,3820100
2024-05-28,153.61892700195312,6466200
2024-05-29,152.24386596679688,4360400
2024-05-30,153.11976623535156,4748200
2024-05-31,154.9656982421875,10341400
2024-06-03,155.0692901611328,5828400
2024-06-04,157.29197692871094,6277000
2024-06-05,156.38783264160156,5243300
2024-06-06,158.6670379638672,6302000
2024-06-07,157.3390655517578,4558200
2024-06-10,157.61221313476562,4110600
2024-06-11,157.734619140625,3947700
2024-06-12,155.56846618652344,5474500
2024-06-13,156.72689819335938,4902200
2024-06-14,157.0847930908203,3695000
2024-06-17,157.7534637451172,6759400
2024-06-18,158.75177001953125,5112600
2024-06-20,157.91357421875,8483600
2024-06-21,158.46923828125,14682000
2024-06-24,158.648193359375,7565200
2024-06-25,157.14129638671875,7968200
2024-06-26,157.7063751220703,5164000
2024-06-27,156.92466735839844,5007000
2024-06-28,155.32359313964844,9253100
2024-07-01,153.2516326904297,7638600
2024-07-02,154.36293029785156,5449200
2024-07-03,154.29701232910156,2980500
2024-07-05,155.5967559814453,6509200
2024-07-08,156.8304901123047,5144500
2024-07-09,156.0205535888672,4393100
2024-07-10,157.09423828125,5037100
2024-07-11,155.90750122070312,5831500
2024-07-12,156.915283203125,4684600
2024-07-15,155.00338745117188,5752500
2024-07-16,157.23545837402344,6378300
2024-07-17,159.58058166503906,7982300
2024-07-18,158.63877868652344,5926300
2024-07-19,159.1381072998047,6597100
2024-07-22,159.41287231445312,6383000
2024-07-23,157.86846923828125,4863400
2024-07-24,159.176025390625,5907000
2024-07-25,158.13375854492188,7338300
2024-07-26,160.22769165039062,5581600
2024-07-29,161.00460815429688,6797800
2024-07-30,153.20687866210938,15746300
2024-07-31,152.31625366210938,9660900
2024-08-01,156.9873504638672,12532700
2024-08-02,161.146728515625,11899000
2024-08-05,159.23284912109375,10338800
2024-08-06,159.26124572753906,7454900
2024-08-07,161.08987426757812,8385500
2024-08-08,161.89523315429688,6386900
2024-08-09,161.5825958251953,5377300
2024-08-12,158.04849243164062,7208100
2024-08-13,158.50328063964844,3770000
2024-08-14,159.93399047851562,5476600
2024-08-15,159.10020446777344,9491400
2024-08-16,159.07179260253906,5640800
2024-08-19,159.5739288330078,3885300
2024-08-20,161.45941162109375,4513600
2024-08-21,161.22254943847656,4082000
2024-08-22,161.21307373046875,4097300
2024-08-23,160.28456115722656,4771300
2024-08-26,161.402587890625,6472400
2024-08-27,160.3603515625,4456400
2024-08-28,160.18032836914062,5644800
2024-08-29,161.09938049316406,4413200
2024-08-30,162.53004455566406,7301600
2024-09-03,165.35354614257812,10101400
2024-09-04,166.6610565185547,7517500
2024-09-05,166.253662109375,6061900
2024-09-06,166.36732482910156,5785700
2024-09-09,166.81263732910156,6450200
2024-09-10,168.45181274414062,6396300
2024-09-11,164.78504943847656,6828200
2024-09-12,164.3586883544922,4838900
2024-09-13,164.93667602539062,3918000
2024-09-16,167.93067932128906,6892300
2024-09-17,166.64212036132812,4757100
2024-09-18,164.78504943847656,5102900
2024-09-19,162.53004455566406,8692000
2024-09-20,165.0692901611328,28647500
2024-09-23,164.6429443359375,10265000
2024-09-24,164.1407470703125,5422400
2024-09-25,163.21224975585938,8916500
2024-09-26,164.1123504638672,4957200
2024-09-27,164.43450927734375,4599500
2024-09-30,164.10289001464844,6296600
2024-10-01,163.95126342773438,7130600
2024-10-02,162.8900909423828,6212700
2024-10-03,161.1846466064453,4794300
2024-10-04,160.00979614257812,6002800
2024-10-07,158.34222412109375,6325300
2024-10-08,159.3275909423828,7473000
2024-10-09,160.37930297851562,8758800
2024-10-10,160.0760955810547,6932300
2024-10-11,162.10369873046875,7036500
2024-10-14,163.4490966796875,5909000
2024-10-15,164.45343017578125,7172200
2024-10-16,163.32595825195312,6117000
2024-10-17,163.231201171875,7045600
2024-10-18,163.2378692626953,8372500
2024-10-21,161.57955932617188,5522500
2024-10-22,161.73204040527344,7511400
2024-10-23,161.61769104003906,4837800
2024-10-24,161.6558074951172,5861200
2024-10-25,160.32154846191406,4877900
2024-10-28,161.35084533691406,5753800
2024-10-29,159.3208465576172,5681000
2024-10-30,158.35826110839844,5518100
2024-10-31,157.4242706298828,6056500
2024-11-01,157.34803771972656,5454800
2024-11-04,157.32896423339844,5130200
2024-11-05,157.97703552246094,4397400
2024-11-06,153.48818969726562,11473700
2024-11-07,155.7373809814453,9056700
2024-11-08,159.83547973632812,7506200
2024-11-11,158.23435974121094,6364400
2024-11-12,158.05328369140625,6507500
2024-11-13,158.75856018066406,5412300
2024-11-14,159.23507690429688,7444300
2024-11-15,161.57955932617188,9939400
2024-11-18,162.73277282714844,6681000
2024-11-19,162.7422637939453,5683700
2024-11-20,162.8661651611328,7081100
2024-11-21,164.63885498046875,6240400
2024-11-22,168.0030975341797,10609800
2024-11-25,169.06097412109375,19357000
2024-11-26,170.89083862304688,6276700
2024-11-27,170.9384765625,5522900
2024-11-29,170.8431854248047,3823700
2024-12-02,171.2624969482422,5728200
2024-12-03,167.1834716796875,8127300
2024-12-04,166.88803100585938,6823500
2024-12-05,167.76483154296875,5022200
2024-12-06,165.65863037109375,5741200
2024-12-09,162.77085876464844,7164300
2024-12-10,164.19091796875,6219900
2024-12-11,162.61837768554688,5237500
2024-12-12,162.82806396484375,4072800
2024-12-13,163.0281982421875,3884500
2024-12-16,163.10443115234375,5943600
2024-12-17,162.33245849609375,6069200
2024-12-18,161.1411895751953,7517100
2024-12-19,161.2460174560547,8585200
2024-12-20,160.16903686523438,21999300
2024-12-23,160.21673583984375,6983900
2024-12-24,161.00775146484375,2460800
2024-12-26,162.1704559326172,3629400
2024-12-27,161.57003784179688,4367900
2024-12-30,159.24459838867188,4354500
2024-12-31,159.77833557128906,3957600
