date,close,volume
2014-01-02,49.11737823486328,2846700
2014-01-03,49.01459503173828,1958200
2014-01-06,49.4771842956543,2815600
2014-01-07,49.48360061645508,4005700
2014-01-08,49.38723373413086,4492200
2014-01-09,50.19676208496094,4187400
2014-01-10,50.11322784423828,3019900
2014-01-13,48.70621109008789,3046300
2014-01-14,49.143096923828125,3359100
2014-01-15,48.532737731933594,3697800
2014-01-16,48.43635940551758,3231900
2014-01-17,48.841129302978516,3901600
2014-01-21,49.406532287597656,2792000
2014-01-22,49.53499984741211,2748300
2014-01-23,49.5992546081543,4105600
2014-01-24,47.826011657714844,4712700
2014-01-27,48.121559143066406,3408300
2014-01-28,48.23719787597656,2792000
2014-01-29,47.65898132324219,5942000
2014-01-30,47.26063537597656,4595300
2014-01-31,46.958675384521484,5799800
2014-02-03,45.847190856933594,5620300
2014-02-04,45.70583724975586,4647500
2014-02-05,45.403873443603516,6071000
2014-02-06,47.09360122680664,5388900
2014-02-07,47.72321319580078,3310400
2014-02-10,46.431846618652344,3743600
2014-02-11,47.60116195678711,3711500
2014-02-12,47.312034606933594,3045200
2014-02-13,48.2162971496582,3234400
2014-02-14,49.04304885864258,2408700
2014-02-18,48.68779754638672,2813700
2014-02-19,48.61676025390625,3700300
2014-02-20,48.629676818847656,3164800
2014-02-21,48.41006851196289,3210500
2014-02-24,49.24974060058594,3631400
2014-02-25,50.07649230957031,4201700
2014-02-26,49.579124450683594,3384100
2014-02-27,48.274444580078125,5635900
2014-02-28,48.351924896240234,4209000
2014-03-03,48.351924896240234,2672200
2014-03-04,49.139923095703125,2380300
2014-03-05,49.61143493652344,2815300
2014-03-06,50.47048568725586,3699300
2014-03-07,50.43171310424805,2243500
2014-03-10,50.80635070800781,2371900
2014-03-11,51.077632904052734,3068100
2014-03-12,51.671844482421875,3437700
2014-03-13,50.47048568725586,3439100
2014-03-14,50.82572937011719,2751000
2014-03-17,51.25201416015625,2640700
2014-03-18,51.897926330566406,3002000
2014-03-19,50.657806396484375,2894800
2014-03-20,50.703006744384766,3108200
2014-03-21,50.347747802734375,4624400
2014-03-24,50.005428314208984,3287000
2014-03-25,50.509239196777344,3040600
2014-03-26,49.869789123535156,2657000
2014-03-27,49.643733978271484,3430600
2014-03-28,49.50809860229492,3014100
2014-03-31,49.77288818359375,3071500
2014-04-01,51.40056610107422,4031200
2014-04-02,51.18096923828125,3083000
2014-04-03,52.059391021728516,3319400
2014-04-04,51.394107818603516,3315400
2014-04-07,50.347747802734375,3224400
2014-04-08,50.09585189819336,3338900
2014-04-09,50.59320831298828,2515700
2014-04-10,49.53391647338867,3875400
2014-04-11,49.57267379760742,5550200
2014-04-14,50.386497497558594,2673900
2014-04-15,50.81924819946289,3647700
2014-04-16,52.38881301879883,3800900
2014-04-17,51.852699279785156,4512100
2014-04-21,52.847389221191406,2938800
2014-04-22,52.950740814208984,2987200
2014-04-23,53.15740966796875,2077200
2014-04-24,53.331809997558594,2592200
2014-04-25,53.3447151184082,2544900
2014-04-28,54.287757873535156,3864300
2014-04-29,54.093955993652344,2732500
2014-04-30,53.751644134521484,2860200
2014-05-01,54.287757873535156,2602300
2014-05-02,53.95187759399414,2095700
2014-05-05,54.21023178100586,2101300
2014-05-06,54.42336654663086,2669000
2014-05-07,54.92072677612305,2584100
2014-05-08,53.557861328125,3057500
2014-05-09,52.9055290222168,3687700
2014-05-12,53.95832824707031,3181100
2014-05-13,54.42336654663086,2566700
2014-05-14,53.971256256103516,3143600
2014-05-15,53.28895568847656,11581500
2014-05-16,53.19149398803711,2305200
2014-05-19,53.75682067871094,2907900
2014-05-20,53.26298141479492,2316600
2014-05-21,53.016075134277344,6323700
2014-05-22,53.52939224243164,2433300
2014-05-23,53.30195617675781,2540600
2014-05-27,53.39944076538086,3004300
2014-05-28,53.92576599121094,3488700
2014-05-29,54.789974212646484,2451600
2014-05-30,55.09537887573242,4139400
2014-06-02,55.387779235839844,2520000
2014-06-03,54.93292999267578,2335700
2014-06-04,54.38710021972656,2449600
2014-06-05,54.2701301574707,3736300
2014-06-06,54.81596755981445,2492800
2014-06-09,54.4066047668457,2308600
2014-06-10,53.821781158447266,2394900
2014-06-11,53.860782623291016,2355300
2014-06-12,53.80231857299805,2879000
2014-06-13,54.25067138671875,4330000
2014-06-16,54.218162536621094,2279700
2014-06-17,54.62752151489258,2965900
2014-06-18,54.90692901611328,2617000
2014-06-19,55.40077209472656,2950200
2014-06-20,55.842628479003906,7281900
2014-06-23,56.0960578918457,2316700
2014-06-24,55.19284439086914,2801900
2014-06-25,52.866615295410156,10144700
2014-06-26,53.34745788574219,5304200
2014-06-27,52.951072692871094,5490200
2014-06-30,52.26228332519531,3392600
2014-07-01,52.372779846191406,3127100
2014-07-02,52.632686614990234,2437000
2014-07-03,52.957584381103516,1712300
2014-07-07,52.30778121948242,2226500
2014-07-08,51.515052795410156,3010600
2014-07-09,51.85944366455078,3278400
2014-07-10,51.807472229003906,2722600
2014-07-11,52.171321868896484,2235200
2014-07-14,51.950416564941406,8384700
2014-07-15,52.71067428588867,8653600
2014-07-16,52.528709411621094,2888000
2014-07-17,51.684017181396484,2370200
2014-07-18,52.54172134399414,3127200
2014-07-21,52.086883544921875,2102800
2014-07-22,52.30778121948242,2733900
2014-07-23,52.8081169128418,2118400
2014-07-24,53.34745788574219,3517400
2014-07-25,53.7048454284668,2064000
2014-07-28,53.6788444519043,2359500
2014-07-29,53.58788299560547,3163300
2014-07-30,53.10053253173828,2664700
2014-07-31,52.70417785644531,3120000
2014-08-01,52.33378601074219,4488000
2014-08-04,53.20450210571289,2934400
2014-08-05,52.63918685913086,2735500
2014-08-06,53.46440887451172,2730200
2014-08-07,52.97057342529297,2532100
2014-08-08,53.96473693847656,2290400
2014-08-11,53.535892486572266,2293700
2014-08-12,53.64634704589844,2113300
2014-08-13,54.117061614990234,2411200
2014-08-14,54.71195983886719,2849900
2014-08-15,54.777347564697266,4763500
2014-08-18,55.967159271240234,3347700
2014-08-19,56.28094482421875,2676900
2014-08-20,56.6143684387207,2128300
2014-08-21,56.378990173339844,1767600
2014-08-22,56.28094482421875,1633900
2014-08-25,56.81049346923828,1903500
2014-08-26,56.660125732421875,1869300
2014-08-27,56.50975799560547,1824500
2014-08-28,56.62089157104492,1188200
2014-08-29,56.8889274597168,2150300
2014-09-02,56.84317398071289,2376000
2014-09-03,57.03276062011719,2881000
2014-09-04,56.79739761352539,3332000
2014-09-05,57.20927429199219,2236800
2014-09-08,56.915077209472656,2060200
2014-09-09,56.52936553955078,2486700
2014-09-10,55.659881591796875,4590100
2014-09-11,54.921173095703125,3313500
2014-09-12,54.27394485473633,2782700
2014-09-15,54.84925079345703,2412600
2014-09-16,56.078285217285156,5220300
2014-09-17,56.01945495605469,4135200
2014-09-18,56.15019607543945,3497400
2014-09-19,56.05866241455078,3614200
2014-09-22,54.810020446777344,2576400
2014-09-23,54.430843353271484,2168700
2014-09-24,54.05821990966797,2514100
2014-09-25,53.43715286254883,2420500
2014-09-26,53.757511138916016,3274500
2014-09-29,53.45677185058594,2073500
2014-09-30,53.15604019165039,5197200
2014-10-01,52.05774688720703,4192300
2014-10-02,50.83525085449219,8948800
2014-10-03,50.75679397583008,4846200
2014-10-06,50.567195892333984,2580100
2014-10-07,50.567195892333984,3654200
2014-10-08,51.75049591064453,4384500
2014-10-09,50.08344650268555,3570400
2014-10-10,49.893856048583984,4702000
2014-10-13,47.75611114501953,5176000
2014-10-14,46.14789962768555,9368900
2014-10-15,44.382774353027344,11400000
2014-10-16,45.57260513305664,8930400
2014-10-17,47.20696258544922,8218500
2014-10-20,47.29847717285156,3495500
2014-10-21,50.21418762207031,6745200
2014-10-22,49.2858772277832,5186800
2014-10-23,49.76311492919922,3218500
2014-10-24,50.0049934387207,2924800
2014-10-27,49.344703674316406,4295500
2014-10-28,50.68489074707031,7580200
2014-10-29,49.939613342285156,4319500
2014-10-30,50.59990692138672,3747000
2014-10-31,51.31902313232422,3848500
2014-11-03,50.12919235229492,5523700
2014-11-04,48.69750213623047,6013000
2014-11-05,48.8609504699707,5429500
2014-11-06,49.30549621582031,4054400
2014-11-07,48.83478546142578,5464000
2014-11-10,48.70404052734375,3332200
2014-11-11,48.14181137084961,3976000
2014-11-12,48.076011657714844,3703800
2014-11-13,46.62134552001953,5418400
2014-11-14,47.24664306640625,7638900
2014-11-17,47.90486526489258,4327600
2014-11-18,48.681575775146484,4730000
2014-11-19,49.872928619384766,4721100
2014-11-20,51.228843688964844,4789900
2014-11-21,52.27539825439453,5331200
2014-11-24,52.27539825439453,2976700
2014-11-25,52.35441207885742,3458700
2014-11-26,52.18326187133789,4383900
2014-11-28,48.062828063964844,5301900
2014-12-01,47.29930114746094,7524300
2014-12-02,48.549903869628906,5166700
2014-12-03,49.254188537597656,3270600
2014-12-04,49.346343994140625,3904000
2014-12-05,48.062828063964844,4252400
2014-12-08,45.3707275390625,6709000
2014-12-09,45.291770935058594,5270200
2014-12-10,44.17278289794922,5589700
2014-12-11,43.981895446777344,4743700
2014-12-12,43.231536865234375,4427800
2014-12-15,42.84319305419922,9156000
2014-12-16,44.126708984375,6209400
2014-12-17,44.995567321777344,4530100
2014-12-18,45.436546325683594,5258500
2014-12-19,47.266380310058594,6677000
2014-12-22,46.88463592529297,3540100
2014-12-23,47.760047912597656,3717500
2014-12-24,47.457279205322266,2090100
2014-12-26,47.81929397583008,1842900
2014-12-29,47.93119430541992,2980000
2014-12-30,47.99700927734375,3144000
2014-12-31,47.19398498535156,2565400
2015-01-02,47.582340240478516,2545200
2015-01-05,44.705936431884766,5886000
2015-01-06,43.455326080322266,5793500
2015-01-07,43.646202087402344,5556700
2015-01-08,45.344390869140625,5432700
2015-01-09,44.30442810058594,4438000
2015-01-12,42.28369903564453,5232300
2015-01-13,40.48019790649414,8886400
2015-01-14,39.111114501953125,11611100
2015-01-15,38.89390563964844,5531100
2015-01-16,40.0391960144043,4978600
2015-01-20,41.8756103515625,7995200
2015-01-21,43.606719970703125,7109000
2015-01-22,44.30442810058594,5501500
2015-01-23,45.10085678100586,4667600
2015-01-26,45.021881103515625,4149700
2015-01-27,45.811737060546875,4407900
2015-01-28,45.00214385986328,6039300
2015-01-29,46.3909797668457,5810100
2015-01-30,46.285648345947266,5793200
2015-02-02,47.918025970458984,4818900
2015-02-03,49.287109375,6683000
2015-02-04,48.98432922363281,5353000
2015-02-05,49.50431442260742,3014400
2015-02-06,50.09012985229492,3592200
2015-02-09,49.97824478149414,2783100
2015-02-10,49.80709457397461,3340600
2015-02-11,48.83295440673828,4125600
2015-02-12,49.773948669433594,2812700
2015-02-13,50.774600982666016,3479200
2015-02-17,50.960140228271484,3523800
2015-02-18,50.33060073852539,3997800
2015-02-19,51.31136703491211,4599000
2015-02-20,51.2517204284668,4566600
2015-02-23,52.57045364379883,3785500
2015-02-24,53.01444625854492,4442900
2015-02-25,52.411415100097656,2959700
2015-02-26,53.054229736328125,4279900
2015-02-27,51.99393844604492,4296600
2015-03-02,51.02640914916992,5976200
2015-03-03,51.748722076416016,3361500
2015-03-04,51.662593841552734,2199900
2015-03-05,50.946895599365234,2721700
2015-03-06,49.93962860107422,3681700
2015-03-09,50.555908203125,3630500
2015-03-10,49.05826187133789,3496400
2015-03-11,49.402854919433594,2422400
2015-03-12,49.144405364990234,2960800
2015-03-13,49.46248245239258,2848900
2015-03-16,50.555908203125,2471600
2015-03-17,50.33060073852539,2634300
2015-03-18,51.76861572265625,4731200
2015-03-19,51.364376068115234,2647400
2015-03-20,52.25901794433594,5172300
2015-03-23,52.040321350097656,2747400
2015-03-24,51.443885803222656,2198400
2015-03-25,52.351776123046875,4135100
2015-03-26,51.980674743652344,2035800
2015-03-27,51.43064880371094,1979000
2015-03-30,52.722862243652344,3035700
2015-03-31,52.08668899536133,2715700
2015-04-01,52.97470474243164,3257500
2015-04-02,51.8017578125,4424700
2015-04-06,52.0535888671875,3260600
2015-04-07,51.536678314208984,2776100
2015-04-08,51.298126220703125,2352500
2015-04-09,51.56320571899414,3572700
2015-04-10,51.914405822753906,2306300
2015-04-13,50.98004150390625,3996800
2015-04-14,51.57644271850586,3443900
2015-04-15,52.31200408935547,2989800
2015-04-16,52.51082229614258,2545700
2015-04-17,51.695716857910156,2411000
2015-04-20,52.550567626953125,2620100
2015-04-21,52.68313217163086,2458100
2015-04-22,53.624122619628906,2822400
2015-04-23,53.829559326171875,2919000
2015-04-24,54.0681266784668,2067000
2015-04-27,53.723533630371094,2040000
2015-04-28,54.081390380859375,2265000
2015-04-29,53.67714309692383,2855600
2015-04-30,52.55720901489258,4829400
2015-05-01,54.081390380859375,3061900
2015-05-04,53.57109832763672,2833700
2015-05-05,53.30604553222656,2279300
2015-05-06,52.89518737792969,3398700
2015-05-07,52.97470474243164,4047600
2015-05-08,54.09462356567383,3008900
2015-05-11,53.372310638427734,2406400
2015-05-12,53.345794677734375,2245800
2015-05-13,53.524723052978516,2343100
2015-05-14,54.47229766845703,2658400
2015-05-15,54.085269927978516,2046500
2015-05-18,54.272098541259766,2015000
2015-05-19,53.85169219970703,2549200
2015-05-20,53.73157501220703,2551000
2015-05-21,54.051902770996094,2289400
2015-05-22,54.0318717956543,1735000
2015-05-26,52.9575080871582,3202900
2015-05-27,52.84406280517578,3368500
2015-05-28,53.09096145629883,3302200
2015-05-29,52.797367095947266,3734300
2015-06-01,52.950843811035156,3007400
2015-06-02,52.78401184082031,3281600
2015-06-03,52.25016403198242,3198400
2015-06-04,51.63624954223633,2623000
2015-06-05,52.083343505859375,1934400
2015-06-08,51.50278854370117,3344500
2015-06-09,51.24253845214844,3383300
2015-06-10,51.91651153564453,3600200
2015-06-11,52.49708557128906,3126400
2015-06-12,51.81642532348633,2574600
2015-06-15,52.10335159301758,2546600
2015-06-16,52.31023025512695,2511000
2015-06-17,52.61050796508789,2799100
2015-06-18,53.404598236083984,2508100
2015-06-19,53.16438293457031,3030700
2015-06-22,53.11766815185547,3153000
2015-06-23,53.59145736694336,2453100
2015-06-24,52.84406280517578,3106400
2015-06-25,52.64387512207031,2347100
2015-06-26,53.13100051879883,8753600
2015-06-29,52.3769416809082,4888300
2015-06-30,53.75828170776367,4628100
2015-07-01,54.25209426879883,3779600
2015-07-02,54.35218811035156,3388900
2015-07-06,54.41223907470703,3978700
2015-07-07,54.95275115966797,4170700
2015-07-08,52.383628845214844,4513100
2015-07-09,53.01757049560547,3839200
2015-07-10,54.378868103027344,3236100
2015-07-13,55.66679000854492,4148900
2015-07-14,55.7335090637207,4884500
2015-07-15,54.565711975097656,3737700
2015-07-16,55.526634216308594,3017300
2015-07-17,55.54667663574219,2502100
2015-07-20,54.939414978027344,3095200
2015-07-21,54.70586013793945,2215000
2015-07-22,54.605751037597656,3725600
2015-07-23,54.31215286254883,2110100
2015-07-24,52.73728942871094,5377100
2015-07-27,51.19580841064453,7687900
2015-07-28,52.48371887207031,4784200
2015-07-29,53.404598236083984,4380000
2015-07-30,52.797367095947266,4040100
2015-07-31,53.05094909667969,3615800
2015-08-03,52.503726959228516,4085500
2015-08-04,52.22349166870117,3601300
2015-08-05,52.23680114746094,3102700
2015-08-06,53.14435958862305,4605300
2015-08-07,53.13100051879883,2969400
2015-08-10,55.06621551513672,3876700
2015-08-11,55.8536262512207,3584100
2015-08-12,56.26735305786133,5037900
2015-08-13,55.810569763183594,4177400
2015-08-14,55.286582946777344,3277000
2015-08-17,55.7971305847168,2586100
2015-08-18,55.92475128173828,2516800
2015-08-19,54.27894592285156,4913600
2015-08-20,53.425777435302734,3737800
2015-08-21,50.879764556884766,7353200
2015-08-24,48.138954162597656,7050100
2015-08-25,47.39329147338867,4731500
2015-08-26,49.240657806396484,4573100
2015-08-27,50.39609909057617,5814300
2015-08-28,51.8807258605957,4889900
2015-08-31,53.11676025390625,8614300
2015-09-01,52.12254333496094,5302200
2015-09-02,52.77416229248047,3621900
2015-09-03,52.70697784423828,3358300
2015-09-04,51.86056137084961,4266100
2015-09-08,53.660892486572266,6212500
2015-09-09,54.17816925048828,6346100
2015-09-10,54.42670822143555,4424900
2015-09-11,54.144561767578125,3950700
2015-09-14,52.53902053833008,4261200
2015-09-15,53.210811614990234,4053900
2015-09-16,53.19736862182617,4018400
2015-09-17,53.277984619140625,4060300
2015-09-18,52.7943000793457,12950800
2015-09-21,53.24441146850586,3399100
2015-09-22,52.512176513671875,2957200
2015-09-23,52.29719924926758,2485200
2015-09-24,52.16283416748047,3727500
2015-09-25,52.35765838623047,3193100
2015-09-28,49.784786224365234,4161900
2015-09-29,50.053497314453125,4335400
2015-09-30,51.61870193481445,3901000
2015-10-01,52.35094451904297,3044000
2015-10-02,53.392189025878906,2467100
2015-10-05,54.96411895751953,3449600
2015-10-06,55.474666595458984,5355200
2015-10-07,55.91803741455078,4013700
2015-10-08,56.818206787109375,3179500
2015-10-09,56.10613250732422,3104300
2015-10-12,56.34125900268555,1791100
2015-10-13,55.192543029785156,3322200
2015-10-14,55.400794982910156,2172100
2015-10-15,56.08595657348633,2289700
2015-10-16,56.509185791015625,2679000
2015-10-19,54.82978057861328,3054100
2015-10-20,54.81633758544922,2896000
2015-10-21,54.0773811340332,2347500
2015-10-22,55.49483108520508,3323800
2015-10-23,55.99192428588867,2522900
2015-10-26,55.75682067871094,3124300
2015-10-27,56.13300323486328,2595800
2015-10-28,57.02643585205078,2672500
2015-10-29,58.06096267700195,3568900
2015-10-30,59.82101058959961,7125400
2015-11-02,60.862247467041016,4939700
2015-11-03,62.25283432006836,3636600
2015-11-04,62.696197509765625,3933900
2015-11-05,62.93130874633789,3115200
2015-11-06,62.30654525756836,2447100
2015-11-09,61.809444427490234,2730500
2015-11-10,62.24878692626953,2299200
2015-11-11,61.22818374633789,2590000
2015-11-12,60.31575393676758,2692300
2015-11-13,60.20762634277344,3080000
2015-11-16,61.552608489990234,2743500
2015-11-17,61.58640670776367,2306700
2015-11-18,62.54616165161133,1857500
2015-11-19,62.438011169433594,2367400
2015-11-20,61.95815658569336,2758700
2015-11-23,62.29610061645508,2725700
2015-11-24,62.94493103027344,2807400
2015-11-25,62.70159912109375,1949500
2015-11-27,62.694881439208984,769900
2015-11-30,61.863529205322266,4113100
2015-12-01,62.63404083251953,2580500
2015-12-02,61.12680435180664,3024700
2015-12-03,59.8629035949707,2834600
2015-12-04,60.964603424072266,3025900
2015-12-07,58.59225082397461,5261600
2015-12-08,58.43003845214844,3427300
2015-12-09,58.18672561645508,2916800
2015-12-10,58.6328125,2694500
2015-12-11,55.94955062866211,4232800
2015-12-14,55.01683807373047,5113500
2015-12-15,55.27366256713867,5233100
2015-12-16,56.13880157470703,3981600
2015-12-17,55.27366256713867,3147700
2015-12-18,54.449100494384766,6246600
2015-12-21,54.48964309692383,2809400
2015-12-22,55.219600677490234,2623100
2015-12-23,57.31482696533203,3113800
2015-12-24,57.01744079589844,1054200
2015-12-28,55.73325729370117,1690500
2015-12-29,55.94277572631836,1906100
2015-12-30,55.429107666015625,1527700
2015-12-31,55.28718185424805,2095800
2016-01-04,54.12467575073242,3251400
2016-01-05,54.746482849121094,2849900
2016-01-06,52.73910140991211,4273300
2016-01-07,51.67121887207031,6358000
2016-01-08,50.83312225341797,6010000
2016-01-11,51.48872756958008,4356000
2016-01-12,52.59716796875,5370100
2016-01-13,50.86015701293945,6500200
2016-01-14,53.58396530151367,5363500
2016-01-15,53.036502838134766,5343200
2016-01-19,53.17168045043945,4574300
2016-01-20,51.99563980102539,5169900
2016-01-21,51.394100189208984,4360700
2016-01-22,54.09087371826172,4035600
2016-01-25,51.52252197265625,4273700
2016-01-26,52.55662155151367,3177200
2016-01-27,52.53633499145508,4782100
2016-01-28,53.191951751708984,5161000
2016-01-29,54.171966552734375,7448400
2016-02-01,53.719146728515625,4487700
2016-02-02,53.05678176879883,4295400
2016-02-03,53.46229553222656,7337500
2016-02-04,53.9894905090332,5657700
2016-02-05,52.94187927246094,4650400
2016-02-08,51.556312561035156,7979800
2016-02-09,50.98857879638672,4348600
2016-02-10,50.88718795776367,5693400
2016-02-11,49.64106750488281,7720800
2016-02-12,51.207244873046875,4217700
2016-02-16,53.284114837646484,5690300
2016-02-17,54.87755584716797,4464600
2016-02-18,54.09446334838867,4609000
2016-02-19,54.53706359863281,3173500
2016-02-22,55.06819152832031,3278100
2016-02-23,53.49522399902344,3323400
2016-02-24,53.85612869262695,3667200
2016-02-25,53.63140869140625,3297200
2016-02-26,53.86292266845703,2490100
2016-02-29,54.06040954589844,3106400
2016-03-01,56.79782485961914,6029000
2016-03-02,57.58770751953125,3585500
2016-03-03,58.62275695800781,3831300
2016-03-04,58.41165542602539,2891100
2016-03-07,59.52159881591797,3741800
2016-03-08,57.744319915771484,3514400
2016-03-09,58.62275695800781,3076700
2016-03-10,58.17332077026367,2464600
2016-03-11,58.85425567626953,2914700
2016-03-14,58.68402099609375,2028600
2016-03-15,58.97002410888672,2208900
2016-03-16,59.63053894042969,2351800
2016-03-17,60.18211364746094,2463500
2016-03-18,60.88349533081055,5398200
2016-03-21,61.074161529541016,2170200
2016-03-22,61.39421463012695,2171400
2016-03-23,60.00508117675781,2012500
2016-03-24,59.964210510253906,2547300
2016-03-28,59.57606887817383,2083500
2016-03-29,59.53522872924805,1974600
2016-03-30,59.66461181640625,1850900
2016-03-31,58.96322250366211,2810600
2016-04-01,58.33674240112305,2639100
2016-04-04,58.377620697021484,1817400
2016-04-05,57.75113296508789,2126100
2016-04-06,57.89414596557617,3172000
2016-04-07,57.54685592651367,1751800
2016-04-08,58.60231399536133,2741300
2016-04-11,57.59451675415039,2158100
2016-04-12,58.54783248901367,2587500
2016-04-13,59.249237060546875,2089200
2016-04-14,59.187931060791016,1735400
2016-04-15,57.778377532958984,2723400
2016-04-18,58.32313919067383,2454600
2016-04-19,58.847476959228516,1935800
2016-04-20,59.03131866455078,2344300
2016-04-21,59.514793395996094,2270700
2016-04-22,59.90974044799805,2038900
2016-04-25,59.875701904296875,1730700
2016-04-26,60.19573974609375,1654800
2016-04-27,60.570255279541016,2451700
2016-04-28,59.780357360839844,3039000
2016-04-29,55.91257095336914,7296800
2016-05-02,55.973854064941406,4486800
2016-05-03,54.48257827758789,4397100
2016-05-04,54.01273727416992,2996800
2016-05-05,53.84931945800781,2830500
2016-05-06,53.46798324584961,3802800
2016-05-09,53.3317756652832,3064600
2016-05-10,53.96508026123047,2236500
2016-05-11,54.06040954589844,2652200
2016-05-12,53.284114837646484,2603500
2016-05-13,53.34540557861328,3029400
2016-05-16,54.011268615722656,3107000
2016-05-17,53.75728225708008,2235800
2016-05-18,53.63370895385742,2508400
2016-05-19,53.304203033447266,2240900
2016-05-20,53.4758415222168,2352300
2016-05-23,53.42091751098633,2498900
2016-05-24,54.711463928222656,3454500
2016-05-25,55.00663757324219,2917400
2016-05-26,54.94487380981445,3572100
2016-05-27,55.349884033203125,2319000
2016-05-31,55.1645393371582,5908500
2016-06-01,55.50090408325195,3022500
2016-06-02,55.487186431884766,2303700
2016-06-03,55.00663757324219,2985100
2016-06-06,55.43914031982422,2185000
2016-06-07,55.823543548583984,2708400
2016-06-08,56.54433822631836,3595800
2016-06-09,55.69313049316406,3298200
2016-06-10,54.9654655456543,2341400
2016-06-13,54.093666076660156,3347700
2016-06-14,54.16230392456055,2638700
2016-06-15,54.327056884765625,2321700
2016-06-16,54.526123046875,1867400
2016-06-17,53.887718200683594,4086500
2016-06-20,54.27214431762695,2748300
2016-06-21,54.471214294433594,2331100
2016-06-22,54.601646423339844,1842100
2016-06-23,55.5146369934082,2097300
2016-06-24,53.970096588134766,6031800
2016-06-27,52.789363861083984,3474000
2016-06-28,54.05933380126953,2479000
2016-06-29,54.711463928222656,2348700
2016-06-30,54.464359283447266,3505600
2016-07-01,54.76638412475586,2661000
2016-07-05,53.49641799926758,3063900
2016-07-06,52.42554473876953,5344900
2016-07-07,50.98395919799805,6056100
2016-07-08,51.38211441040039,4058200
2016-07-11,51.629241943359375,2704900
2016-07-12,52.44615173339844,3309200
2016-07-13,52.34316635131836,3586500
2016-07-14,52.59029769897461,2901000
2016-07-15,51.938148498535156,2977600
2016-07-18,51.931270599365234,2418400
2016-07-19,51.9930534362793,2018000
2016-07-20,51.71847152709961,2144500
2016-07-21,51.56745529174805,2631000
2016-07-22,51.75279998779297,1688300
2016-07-25,51.121246337890625,3318200
2016-07-26,52.329444885253906,2901700
2016-07-27,51.75965881347656,3108500
2016-07-28,52.34316635131836,4051900
2016-07-29,52.21272277832031,5548800
2016-08-01,50.97709274291992,3399600
2016-08-02,52.2745361328125,4528300
2016-08-03,53.997554779052734,4582400
2016-08-04,53.22870635986328,2692900
2016-08-05,53.7366943359375,1619100
2016-08-08,53.94263458251953,2327900
2016-08-09,52.665809631347656,3052700
2016-08-10,52.823692321777344,2228200
2016-08-11,53.654327392578125,1962200
2016-08-12,54.10052490234375,2454500
2016-08-15,53.949493408203125,2808000
2016-08-16,53.96333312988281,1624800
2016-08-17,53.77649688720703,2642600
2016-08-18,53.94257736206055,3632100
2016-08-19,54.01176452636719,2400300
2016-08-22,53.264408111572266,2252000
2016-08-23,53.85260772705078,1724100
2016-08-24,53.7557258605957,1655700
2016-08-25,54.7176399230957,3666000
2016-08-26,54.406227111816406,2061300
2016-08-29,54.586158752441406,1782300
2016-08-30,54.897560119628906,1980800
2016-08-31,54.28858184814453,2648800
2016-09-01,54.177860260009766,2165400
2016-09-02,54.579246520996094,1561100
2016-09-06,54.745304107666016,2729900
2016-09-07,55.07748031616211,3312500
2016-09-08,55.41658401489258,2001800
2016-09-09,53.88029479980469,2834200
2016-09-12,54.558475494384766,2224700
2016-09-13,53.45817184448242,4007800
2016-09-14,53.264408111572266,3115100
2016-09-15,54.73839569091797,2875300
2016-09-16,54.73148727416992,7599600
2016-09-19,55.60340881347656,3205500
2016-09-20,55.07056427001953,2218400
2016-09-21,55.40964889526367,2133400
2016-09-22,55.3819694519043,1728500
2016-09-23,55.07056427001953,2065100
2016-09-26,54.994449615478516,2351000
2016-09-27,54.952919006347656,2274600
2016-09-28,56.18472671508789,2954500
2016-09-29,54.86295700073242,4121800
2016-09-30,55.74180603027344,2819900
2016-10-03,55.64493179321289,1702800
2016-10-04,55.23664474487305,1985400
2016-10-05,56.11550521850586,2358100
2016-10-06,55.89406204223633,1828800
2016-10-07,55.63109588623047,1614700
2016-10-10,56.26083755493164,1338500
2016-10-11,55.74875259399414,1581600
2016-10-12,55.229732513427734,1664600
2016-10-13,54.77299880981445,2185300
2016-10-14,54.883724212646484,1420800
2016-10-17,54.76606750488281,2397000
2016-10-18,55.07748031616211,1339300
2016-10-19,55.13285446166992,1737400
2016-10-20,55.18129348754883,1407300
2016-10-21,55.60340881347656,2070800
2016-10-24,55.7695198059082,1490300
2016-10-25,55.887149810791016,2263300
2016-10-26,56.094730377197266,2064900
2016-10-27,55.35430908203125,2434400
2016-10-28,55.45115280151367,2977400
2016-10-31,56.15703201293945,2819800
2016-11-01,55.53419876098633,4350600
2016-11-02,54.21245193481445,2958400
2016-11-03,54.72456741333008,2530700
2016-11-04,54.392391204833984,1568500
2016-11-07,55.31277084350586,2051400
2016-11-08,55.28509521484375,1617300
2016-11-09,57.056640625,4490400
2016-11-10,57.49952697753906,3188500
2016-11-11,56.8974723815918,2185500
2016-11-14,57.686378479003906,2602400
2016-11-15,58.36274337768555,2991100
2016-11-16,57.87465286254883,1601300
2016-11-17,58.45340347290039,2294800
2016-11-18,58.32090759277344,2220300
2016-11-21,59.171592712402344,2118400
2016-11-22,59.18553924560547,2853900
2016-11-23,59.31106185913086,2681300
2016-11-25,59.19251251220703,972200
2016-11-28,58.63468551635742,3389300
2016-11-29,57.449302673339844,2150500
2016-11-30,57.9304313659668,4999400
2016-12-01,59.25525665283203,3535500
2016-12-02,59.18553924560547,2104400
2016-12-05,59.57601547241211,2811300
2016-12-06,59.20647048950195,2564200
2016-12-07,60.6707763671875,2687000
2016-12-08,61.10306167602539,2240700
2016-12-09,60.77534484863281,1513000
2016-12-12,60.87297058105469,1844200
2016-12-13,61.479618072509766,1976900
2016-12-14,60.25936508178711,2667500
2016-12-15,60.363929748535156,2133800
2016-12-16,60.98453903198242,2295800
2016-12-19,60.78232192993164,1516800
2016-12-20,60.6219482421875,1483700
2016-12-21,60.51036834716797,1512600
2016-12-22,61.05426025390625,1456700
2016-12-23,61.16582489013672,948800
2016-12-27,61.179779052734375,926600
2016-12-28,60.74745559692383,1359800
2016-12-29,60.41973114013672,1035700
2016-12-30,60.25239562988281,1374800
2017-01-03,60.517364501953125,2257900
2017-01-04,60.84506607055664,2306900
2017-01-05,60.482486724853516,2056300
2017-01-06,59.548133850097656,1989400
2017-01-09,58.585872650146484,2581900
2017-01-10,58.40458297729492,3697700
2017-01-11,59.19251251220703,3543500
2017-01-12,58.80900573730469,2169400
2017-01-13,58.07687759399414,2242900
2017-01-17,58.26512908935547,2379700
2017-01-18,58.6625862121582,1967400
2017-01-19,57.8676643371582,1929600
2017-01-20,57.90253829956055,2068200
2017-01-23,57.31681442260742,2033700
2017-01-24,58.70442199707031,2398500
2017-01-25,59.26921081542969,1707900
2017-01-26,58.73927688598633,1618200
2017-01-27,57.714256286621094,2099300
2017-01-30,57.40748977661133,2375000
2017-01-31,56.912391662597656,2740200
2017-02-01,56.305747985839844,3030200
2017-02-02,56.51491928100586,3386800
2017-02-03,55.747920989990234,3672500
2017-02-06,55.1831169128418,3016700
2017-02-07,54.7717399597168,3255400
2017-02-08,54.98788070678711,3042800
2017-02-09,55.25984191894531,2596900
2017-02-10,55.68516159057617,2030700
2017-02-13,55.713069915771484,2111900
2017-02-14,55.76885986328125,2543900
2017-02-15,55.83858108520508,2272800
2017-02-16,55.1708984375,2939200
2017-02-17,55.28335189819336,2219200
2017-02-21,55.543399810791016,2833700
2017-02-22,55.08655548095703,2017500
2017-02-23,55.24821090698242,1864600
2017-02-24,54.840572357177734,2225500
2017-02-27,55.42390823364258,2648400
2017-02-28,54.953025817871094,3243100
2017-03-01,55.7823371887207,3204500
2017-03-02,55.051429748535156,2550400
2017-03-03,55.058433532714844,1737700
2017-03-06,55.32551193237305,1848200
2017-03-07,54.454036712646484,2679200
2017-03-08,54.292388916015625,2817600
2017-03-09,54.00422668457031,2684500
2017-03-10,55.42390823364258,5038100
2017-03-13,55.52933120727539,2178700
2017-03-14,55.17792510986328,2343400
2017-03-15,56.330543518066406,2411800
2017-03-16,56.00725555419922,2474600
2017-03-17,56.182945251464844,2799600
2017-03-20,55.81046676635742,2285400
2017-03-21,55.24118423461914,4631300
2017-03-22,55.40283966064453,3026800
2017-03-23,55.156837463378906,2211800
2017-03-24,54.30642318725586,2359700
2017-03-27,54.292388916015625,2089300
2017-03-28,54.76325988769531,2388500
2017-03-29,55.044403076171875,2282000
2017-03-30,55.23415756225586,3241500
2017-03-31,55.67692184448242,2744100
2017-04-03,55.0233154296875,1711600
2017-04-04,55.1217155456543,1368100
2017-04-05,54.51729202270508,2867200
2017-04-06,54.03235626220703,3322400
2017-04-07,54.222110748291016,2484300
2017-04-10,54.85462951660156,2503900
2017-04-11,54.73515319824219,2042900
2017-04-12,54.383750915527344,2006100
2017-04-13,53.884735107421875,2606600
2017-04-17,54.12372589111328,1548800
2017-04-18,53.36466979980469,2326300
2017-04-19,52.94297790527344,2511300
2017-04-20,53.238155364990234,1682300
2017-04-21,53.65985107421875,2561100
2017-04-24,54.475120544433594,2483300
2017-04-25,54.87571334838867,2632800
2017-04-26,54.89678955078125,2977500
2017-04-27,54.85462951660156,3001200
2017-04-28,55.915889739990234,5260800
2017-05-01,55.915889739990234,2632700
2017-05-02,55.70505142211914,2202900
2017-05-03,55.936954498291016,1946200
2017-05-04,54.9881591796875,2163800
2017-05-05,55.768287658691406,1764000
2017-05-08,55.97211456298828,1867800
2017-05-09,55.94400405883789,1455800
2017-05-10,56.049400329589844,1690500
2017-05-11,55.887752532958984,1440400
2017-05-12,56.07752990722656,1439900
2017-05-15,56.309452056884766,1725800
2017-05-16,55.685550689697266,2011800
2017-05-17,55.068687438964844,2208700
2017-05-18,54.98361587524414,2534400
2017-05-19,55.479915618896484,2293200
2017-05-22,55.69261932373047,1386600
2017-05-23,55.40193176269531,2977000
2017-05-24,55.501190185546875,1424900
2017-05-25,54.891456604003906,2765100
2017-05-26,54.90562057495117,2300400
2017-05-30,54.59365463256836,1920200
2017-05-31,53.96263885498047,3842300
2017-06-01,54.324241638183594,2503800
2017-06-02,54.14698028564453,2150900
2017-06-05,54.494388580322266,2251900
2017-06-06,54.62201690673828,1707200
2017-06-07,54.5653076171875,2556000
2017-06-08,54.87726593017578,2434700
2017-06-09,56.415828704833984,2832800
2017-06-12,56.86957931518555,2971200
2017-06-13,57.16736602783203,1843100
2017-06-14,55.85569381713867,2810800
2017-06-15,56.068416595458984,2157300
2017-06-16,57.38714599609375,4870900
2017-06-19,57.59987258911133,2757400
2017-06-20,56.40163803100586,2299700
2017-06-21,55.933692932128906,2073900
2017-06-22,55.94786834716797,1016100
2017-06-23,56.9121208190918,2696600
2017-06-26,56.89085388183594,1512900
2017-06-27,57.10355758666992,1653900
2017-06-28,57.989830017089844,2317500
2017-06-29,58.04652404785156,2514000
2017-06-30,58.62791442871094,2458700
2017-07-03,59.08875274658203,1076900
2017-07-05,58.37269592285156,1974200
2017-07-06,58.06068801879883,1590800
2017-07-07,58.5640983581543,1710800
2017-07-10,58.46483612060547,1498700
2017-07-11,58.393959045410156,1365400
2017-07-12,58.30885696411133,1606000
2017-07-13,57.9401969909668,2318400
2017-07-14,58.28049850463867,1435800
2017-07-17,58.003990173339844,1843700
2017-07-18,58.11035919189453,1339100
2017-07-19,58.790992736816406,1666200
2017-07-20,58.393959045410156,1167700
2017-07-21,58.74137496948242,2190600
2017-07-24,58.59955596923828,1417900
2017-07-25,59.875770568847656,2335600
2017-07-26,59.343994140625,1753700
2017-07-27,59.918312072753906,2188400
2017-07-28,59.30857849121094,2169400
2017-07-31,59.37944412231445,3641500
2017-08-01,60.7124137878418,2696700
2017-08-02,61.449771881103516,2952400
2017-08-03,60.72658157348633,2430100
2017-08-04,60.691139221191406,2087500
2017-08-07,60.315364837646484,2187200
2017-08-08,60.27991485595703,1848000
2017-08-09,59.904117584228516,2297100
2017-08-10,59.30148696899414,1850500
2017-08-11,59.15968322753906,1858200
2017-08-14,59.47167205810547,1758700
2017-08-15,59.3298454284668,1907600
2017-08-16,59.365596771240234,2138400
2017-08-17,57.83552169799805,2359100
2017-08-18,58.31454086303711,2288900
2017-08-21,58.557640075683594,1686900
2017-08-22,58.79359436035156,1709100
2017-08-23,58.886558532714844,1159800
2017-08-24,59.96620178222656,2463200
2017-08-25,59.644439697265625,1778600
2017-08-28,59.80889129638672,2285600
2017-08-29,59.70164489746094,1696800
2017-08-30,59.77315139770508,1853600
2017-08-31,59.92327117919922,2446000
2017-09-01,60.366580963134766,2048800
2017-09-05,59.51573181152344,2491400
2017-09-06,59.60153579711914,1885900
2017-09-07,60.08771896362305,1853200
2017-09-08,60.55961608886719,1936700
2017-09-11,60.90995788574219,1508900
2017-09-12,61.29605484008789,1567300
2017-09-13,61.73933792114258,1748100
2017-09-14,61.660701751708984,2002600
2017-09-15,62.683143615722656,4363600
2017-09-18,63.140724182128906,1815900
2017-09-19,63.69843292236328,1928600
2017-09-20,63.68413543701172,2279000
2017-09-21,63.73418045043945,2035700
2017-09-22,64.27042388916016,2036600
2017-09-25,65.07122039794922,2039700
2017-09-26,65.31431579589844,1986500
2017-09-27,65.63607025146484,2468200
2017-09-28,65.62889099121094,2197400
2017-09-29,65.50019073486328,1947300
2017-10-02,66.05075073242188,1929500
2017-10-03,66.9444808959961,2606100
2017-10-04,66.80146789550781,2214300
2017-10-05,66.7300033569336,2046000
2017-10-06,66.3653335571289,1769400
2017-10-09,66.72281646728516,1238700
2017-10-10,66.83007049560547,1109900
2017-10-11,66.98023223876953,1644300
2017-10-12,67.45211791992188,1692800
2017-10-13,67.51647186279297,1608600
2017-10-16,64.97112274169922,3563000
2017-10-17,64.79952239990234,2398400
2017-10-18,64.52069091796875,1942200
2017-10-19,64.6279067993164,1899800
2017-10-20,64.92103576660156,2109800
2017-10-23,65.23565673828125,2036000
2017-10-24,65.65750885009766,1425700
2017-10-25,65.57169342041016,2187400
2017-10-26,65.1927490234375,1683300
2017-10-27,65.77190399169922,2082900
2017-10-30,65.07835388183594,1922900
2017-10-31,65.12126159667969,1442200
2017-11-01,65.9935302734375,2152200
2017-11-02,66.82292175292969,1822800
2017-11-03,66.90872192382812,1868100
2017-11-06,67.51647186279297,1927100
2017-11-07,67.61658477783203,1370900
2017-11-08,67.60225677490234,2035400
2017-11-09,67.50930786132812,1532600
2017-11-10,66.96592712402344,1347800
2017-11-13,66.72281646728516,1264000
2017-11-14,66.37250518798828,1774800
2017-11-15,66.18658447265625,1766000
2017-11-16,66.61163330078125,2197900
2017-11-17,66.74854278564453,1340700
2017-11-20,66.72693634033203,919600
2017-11-21,67.44734954833984,1509100
2017-11-22,67.20960235595703,1414100
2017-11-24,67.4617691040039,605700
2017-11-27,66.86378479003906,2066200
2017-11-28,67.75717163085938,1584200
2017-11-29,68.37674713134766,2004100
2017-11-30,70.28588104248047,3332600
2017-12-01,70.2930679321289,2329600
2017-12-04,70.2642593383789,1953800
2017-12-05,70.7973861694336,1820200
2017-12-06,70.3074951171875,1612400
2017-12-07,70.50200653076172,1485700
2017-12-08,71.71955871582031,2360000
2017-12-11,71.84202575683594,1299500
2017-12-12,71.37376403808594,1670400
2017-12-13,72.03653717041016,1912700
2017-12-14,71.71955871582031,1455900
2017-12-15,71.98612213134766,2957300
2017-12-18,72.02933502197266,1833000
2017-12-19,71.42417907714844,1552300
2017-12-20,72.56246185302734,2223100
2017-12-21,72.10140991210938,2359900
2017-12-22,72.68495178222656,1092600
2017-12-26,73.22525787353516,900400
2017-12-27,73.52784729003906,1226000
2017-12-28,73.455810546875,1258300
2017-12-29,72.87224578857422,1267600
2018-01-02,73.30451965332031,1222300
2018-01-03,73.79440307617188,1351700
2018-01-04,73.59268951416016,1110600
2018-01-05,73.59989166259766,1752500
2018-01-08,73.52784729003906,1236500
2018-01-09,73.28289794921875,1537000
2018-01-10,73.54227447509766,977500
2018-01-11,73.75118255615234,1358600
2018-01-12,75.62434387207031,1849300
2018-01-16,74.56526184082031,2601200
2018-01-17,76.48163604736328,2333400
2018-01-18,75.85486602783203,1514000
2018-01-19,76.09980010986328,1657500
2018-01-22,76.84187316894531,1348000
2018-01-23,77.01476287841797,1436500
2018-01-24,75.37938690185547,1945300
2018-01-25,75.04796600341797,1864000
2018-01-26,76.79141235351562,2645100
2018-01-29,75.10559844970703,2563500
2018-01-30,73.68635559082031,2049800
2018-01-31,73.77278900146484,3388700
2018-02-01,72.663330078125,3243600
2018-02-02,69.88961791992188,4492300
2018-02-05,68.59285736083984,4252500
2018-02-06,69.79596710205078,2894200
2018-02-07,68.88102722167969,2199700
2018-02-08,66.59724426269531,2621100
2018-02-09,66.71251678466797,2679300
2018-02-12,67.42574310302734,1809000
2018-02-13,67.54820251464844,1441200
2018-02-14,67.23844909667969,4091300
2018-02-15,66.8349609375,2639600
2018-02-16,66.77690887451172,2220500
2018-02-20,66.05099487304688,2957100
2018-02-21,65.02745056152344,2256700
2018-02-22,65.42670440673828,2905600
2018-02-23,66.6607894897461,2922000
2018-02-26,67.16165161132812,3391100
2018-02-27,66.87127685546875,3183100
2018-02-28,65.6009292602539,3233800
2018-03-01,65.9638900756836,3431900
2018-03-02,66.32685089111328,1903800
2018-03-05,67.55364227294922,2953300
2018-03-06,68.18519592285156,2056500
2018-03-07,68.39569854736328,1791400
2018-03-08,69.09984588623047,2101300
2018-03-09,69.62251281738281,1776400
2018-03-12,68.95465850830078,1310600
2018-03-13,68.63525390625,1735500
2018-03-14,68.38844299316406,1607800
2018-03-15,68.5699234008789,2688200
2018-03-16,69.53538513183594,3193400
2018-03-19,68.5263671875,1778400
2018-03-20,69.03450012207031,2011800
2018-03-21,69.79672241210938,1623300
2018-03-22,68.744140625,1401500
2018-03-23,67.79320526123047,1743600
2018-03-26,69.68782043457031,1618800
2018-03-27,69.4773178100586,1533100
2018-03-28,68.47554779052734,2399200
2018-03-29,69.6297378540039,1553000
2018-04-02,68.92561340332031,1677600
2018-04-03,69.8184814453125,1511100
2018-04-04,69.68058776855469,2492100
2018-04-05,70.97271728515625,1856800
2018-04-06,70.39197540283203,2596300
2018-04-09,70.950927734375,1401200
2018-04-10,72.77295684814453,1825300
2018-04-11,74.44255828857422,2247500
2018-04-12,74.50064086914062,2031600
2018-04-13,75.30641174316406,1496600
2018-04-16,77.54224395751953,2142000
2018-04-17,78.29719543457031,2087300
2018-04-18,79.04486846923828,2488400
2018-04-19,80.31521606445312,3075300
2018-04-20,80.56930541992188,3155400
2018-04-23,80.90320587158203,1958600
2018-04-24,79.29170227050781,3092900
2018-04-25,79.69818878173828,2043200
2018-04-26,81.67993927001953,2819500
2018-04-27,80.82335662841797,2062800
2018-04-30,80.80158996582031,3310300
2018-05-01,81.19357299804688,3783500
2018-05-02,83.13178253173828,3452700
2018-05-03,83.90850067138672,3096500
2018-05-04,83.92302703857422,2526400
2018-05-07,83.77783966064453,2631500
2018-05-08,84.38761138916016,3056800
2018-05-09,85.29499053955078,3148100
2018-05-10,85.62887573242188,1969600
2018-05-11,85.48373413085938,1851400
2018-05-14,85.86849212646484,2355200
2018-05-15,85.8902587890625,1921700
2018-05-16,85.77410888671875,2034300
2018-05-17,88.4672622680664,3571800
2018-05-18,87.92652893066406,3423500
2018-05-21,88.73762512207031,2065000
2018-05-22,86.77198791503906,2780600
2018-05-23,86.91814422607422,2507700
2018-05-24,86.82315826416016,1630700
2018-05-25,84.47026062011719,1941700
2018-05-29,85.35442352294922,2961500
2018-05-30,87.08621978759766,3583000
2018-05-31,85.12059783935547,5907100
2018-06-01,86.95467376708984,2757000
2018-06-04,87.10082244873047,2979100
2018-06-05,86.83047485351562,2369800
2018-06-06,85.2375259399414,2413000
2018-06-07,85.81475830078125,2478300
2018-06-08,85.37632751464844,2220600
2018-06-11,85.50788879394531,2225200
2018-06-12,84.43370819091797,2471100
2018-06-13,84.5798568725586,2973000
2018-06-14,84.43370819091797,2464100
2018-06-15,83.52032470703125,3483900
2018-06-18,83.98798370361328,2654200
2018-06-19,83.72492980957031,1997000
2018-06-20,83.73223876953125,2317000
2018-06-21,81.43780517578125,2481200
2018-06-22,81.85431671142578,2965800
2018-06-25,80.70709228515625,1799800
2018-06-26,80.97013092041016,1878400
2018-06-27,80.8970718383789,1831700
2018-06-28,81.64969635009766,1723200
2018-06-29,82.06620025634766,1928000
2018-07-02,80.82402038574219,2516500
2018-07-03,80.75093841552734,1248900
2018-07-05,80.48786926269531,2070800
2018-07-06,81.24051666259766,1561300
2018-07-09,82.27082061767578,1608800
2018-07-10,82.70924377441406,1867900
2018-07-11,80.86054992675781,1433500
2018-07-12,81.21127319335938,1249300
2018-07-13,81.70085144042969,1563300
2018-07-16,81.34281921386719,1795100
2018-07-17,81.15282440185547,2062000
2018-07-18,81.03591918945312,2561700
2018-07-19,81.03591918945312,2333100
2018-07-20,80.64131927490234,2334800
2018-07-23,80.69979858398438,1568000
2018-07-24,81.26973724365234,2163000
2018-07-25,82.09544372558594,1671100
2018-07-26,84.7625503540039,3212100
2018-07-27,86.80122375488281,3715600
2018-07-30,89.25640106201172,3985900
2018-07-31,90.12596130371094,3831100
2018-08-01,89.88481140136719,2679300
2018-08-02,89.18335723876953,2627000
2018-08-03,88.89836120605469,1692000
2018-08-06,89.54138946533203,1542600
2018-08-07,89.6729507446289,2058100
2018-08-08,89.86292266845703,1411600
2018-08-09,89.27832794189453,1897600
2018-08-10,89.57794189453125,1847400
2018-08-13,88.83261108398438,1989100
2018-08-14,88.37225341796875,2703100
2018-08-15,84.30950927734375,3985400
2018-08-16,83.98798370361328,2747800
2018-08-17,84.35334014892578,1774000
2018-08-20,85.41291046142578,2461600
2018-08-21,85.72932434082031,2479700
2018-08-22,86.10457611083984,3889800
2018-08-23,87.09791564941406,2062700
2018-08-24,87.74544525146484,2959200
2018-08-27,88.3193588256836,2328800
2018-08-28,88.11331939697266,2237200
2018-08-29,88.62104797363281,1956700
2018-08-30,87.96617889404297,1847300
2018-08-31,87.200927734375,2575200
2018-09-04,87.53204345703125,2477400
2018-09-05,86.81831359863281,2324700
2018-09-06,85.86911010742188,1943500
2018-09-07,84.1031723022461,3032400
2018-09-10,83.84561920166016,2543800
2018-09-11,82.81548309326172,3772500
2018-09-12,82.52853393554688,3762800
2018-09-13,83.16132354736328,3368500
2018-09-14,83.58810424804688,2774300
2018-09-17,83.00679016113281,2773400
2018-09-18,83.36736297607422,2521000
2018-09-19,80.46826934814453,2934800
2018-09-20,81.18199920654297,3175700
2018-09-21,82.16063690185547,5963200
2018-09-24,83.4850845336914,2757500
2018-09-25,84.52995300292969,2819800
2018-09-26,83.80147552490234,2692800
2018-09-27,83.05831146240234,1943900
2018-09-28,82.94058227539062,2540000
2018-10-01,84.23563385009766,2021600
2018-10-02,84.39013671875,2884700
2018-10-03,87.17149353027344,3310000
2018-10-04,86.60491943359375,2576400
2018-10-05,87.09791564941406,2572200
2018-10-08,86.92865753173828,2306300
2018-10-09,86.5902099609375,2263600
2018-10-10,83.18339538574219,2576500
2018-10-11,80.5418472290039,3565200
2018-10-12,80.5418472290039,3078200
2018-10-15,78.88626098632812,2670600
2018-10-16,80.83618927001953,2644000
2018-10-17,80.04148864746094,2214700
2018-10-18,80.29166412353516,1841100
2018-10-19,75.61927032470703,4013500
2018-10-22,75.89888000488281,4927100
2018-10-23,73.43390655517578,3292200
2018-10-24,70.12276458740234,3379100
2018-10-25,72.4699935913086,4015800
2018-10-26,73.1763687133789,5267700
2018-10-29,72.49205780029297,2752000
2018-10-30,75.09683990478516,2554400
2018-10-31,75.65606689453125,2688200
2018-11-01,75.42060089111328,2147700
2018-11-02,72.85263061523438,2726700
2018-11-05,73.96369171142578,2226600
2018-11-06,74.22858428955078,2185200
2018-11-07,75.8768081665039,4212300
2018-11-08,72.60243225097656,2989400
2018-11-09,73.38975524902344,2096700
2018-11-12,71.86663055419922,1677300
2018-11-13,69.7548599243164,2990200
2018-11-14,70.34351348876953,2933400
2018-11-15,70.80706787109375,2618000
2018-11-16,71.68260955810547,3468800
2018-11-19,70.41383361816406,1987200
2018-11-20,68.6627426147461,4553500
2018-11-21,69.48634338378906,2447400
2018-11-23,66.0361328125,2169900
2018-11-26,68.31401824951172,3324200
2018-11-27,67.7130126953125,2675900
2018-11-28,68.72953033447266,3525700
2018-11-29,68.7666244506836,2290800
2018-11-30,69.38990020751953,4393700
2018-12-03,68.32887268066406,5780700
2018-12-04,67.81689453125,3191800
2018-12-06,68.70726776123047,4165300
2018-12-07,67.03780364990234,3880700
2018-12-10,65.91740417480469,2610800
2018-12-11,65.60580444335938,2535900
2018-12-12,66.22164154052734,2570700
2018-12-13,65.91000366210938,3040700
2018-12-14,64.42605590820312,2867100
2018-12-17,63.706329345703125,4396800
2018-12-18,62.867881774902344,2708700
2018-12-19,63.18693161010742,3893400
2018-12-20,61.4210319519043,4929700
2018-12-21,61.124244689941406,5015200
2018-12-24,58.24535369873047,2322100
2018-12-26,62.474613189697266,3493300
2018-12-27,63.67664337158203,2737800
2018-12-28,63.038551330566406,2248900
2018-12-31,63.92151641845703,2580600
2019-01-02,65.3832015991211,3147800
2019-01-03,64.47798919677734,3182000
2019-01-04,67.40138244628906,3307200
2019-01-07,67.86882019042969,3474000
2019-01-08,67.80947875976562,2357300
2019-01-09,68.2546615600586,2588600
2019-01-10,68.95953369140625,2323700
2019-01-11,68.7740478515625,2102600
2019-01-14,68.87793731689453,2178600
2019-01-15,68.59595489501953,1953500
2019-01-16,68.99663543701172,2316100
2019-01-17,69.31568908691406,3069200
2019-01-18,70.71060943603516,4014900
2019-01-22,69.00407409667969,4733500
2019-01-23,68.72953033447266,2542400
2019-01-24,67.76496124267578,3194000
2019-01-25,69.01887512207031,2044800
2019-01-28,68.633056640625,2349500
2019-01-29,69.26374816894531,2056500
2019-01-30,70.13929748535156,3093300
2019-01-31,70.79224395751953,4044500
2019-02-01,69.90185546875,2618100
2019-02-04,70.30995178222656,2758500
2019-02-05,70.61416625976562,2849300
2019-02-06,70.05766296386719,3127800
2019-02-07,68.06915283203125,5291500
2019-02-08,69.38990020751953,4248400
2019-02-11,69.91667938232422,4229500
2019-02-12,69.74604797363281,2486000
2019-02-13,71.31904602050781,2627100
2019-02-14,70.97029876708984,2701500
2019-02-15,71.82329559326172,2647300
2019-02-19,72.39195251464844,2108000
2019-02-20,72.91571807861328,3586900
2019-02-21,72.43684387207031,2054000
2019-02-22,72.848388671875,2102500
2019-02-25,72.79598999023438,1661000
2019-02-26,73.20751953125,2274400
2019-02-27,73.05789947509766,1881900
2019-02-28,72.10014343261719,2351200
2019-03-01,72.93814849853516,2879000
2019-03-04,72.78850555419922,2386200
2019-03-05,72.92318725585938,2511900
2019-03-06,73.02796173095703,2644600
2019-03-07,72.16747283935547,3638000
2019-03-08,70.56624603271484,3334100
2019-03-11,72.33210754394531,2257400
2019-03-12,72.8708267211914,2362600
2019-03-13,73.3871078491211,2294500
2019-03-14,73.67891693115234,1663000
2019-03-15,73.71632385253906,3785800
2019-03-18,73.865966796875,2530800
2019-03-19,73.9931640625,2932600
2019-03-20,73.46192169189453,3292600
2019-03-21,73.73876190185547,2124000
2019-03-22,71.8158187866211,1856900
2019-03-25,71.72602081298828,1357500
2019-03-26,73.34220886230469,2284700
2019-03-27,72.7810287475586,1657400
2019-03-28,71.58384704589844,2524800
2019-03-29,71.20974731445312,2900400
2019-04-01,71.13492584228516,2635300
2019-04-02,70.72338104248047,2594800
2019-04-03,71.11246490478516,2096100
2019-04-04,72.47425079345703,2146800
2019-04-05,73.17012786865234,2705200
2019-04-08,73.55171966552734,2332400
2019-04-09,72.85587310791016,2352800
2019-04-10,73.78368377685547,1792100
2019-04-11,73.70884704589844,1486200
2019-04-12,72.70622253417969,2223700
2019-04-15,72.0103530883789,1934400
2019-04-16,71.8158187866211,1829600
2019-04-17,72.17496490478516,1591600
2019-04-18,71.39679718017578,2400100
2019-04-22,72.68376922607422,1927300
2019-04-23,72.87830352783203,2461000
2019-04-24,70.54380798339844,2974100
2019-04-25,71.24715423583984,2745400
2019-04-26,71.02267456054688,2091500
2019-04-29,71.3519058227539,2651200
2019-04-30,70.53631591796875,3303300
2019-05-01,68.71810150146484,3350700
2019-05-02,66.66793060302734,3708800
2019-05-03,67.01212310791016,2811100
2019-05-06,65.11907958984375,3427500
2019-05-07,64.75993347167969,3421700
2019-05-08,64.27356719970703,3095300
2019-05-09,64.1613540649414,3393700
2019-05-10,64.83476257324219,3094900
2019-05-13,64.19129180908203,3065600
2019-05-14,65.0367660522461,2450300
2019-05-15,65.32111358642578,2059900
2019-05-16,66.06934356689453,2645700
2019-05-17,64.1114501953125,2562400
2019-05-20,63.89222717285156,2106500
2019-05-21,65.1319808959961,2722600
2019-05-22,64.7086410522461,2111600
2019-05-23,62.19136428833008,3020000
2019-05-24,62.697845458984375,2661600
2019-05-28,62.38035202026367,3105100
2019-05-29,62.554222106933594,2232000
2019-05-30,62.032615661621094,2449600
2019-05-31,61.080135345458984,2785000
2019-06-03,62.13843536376953,3144800
2019-06-04,63.5898551940918,2781800
2019-06-05,64.1265640258789,3097000
2019-06-06,64.17948150634766,2837200
2019-06-07,64.64818572998047,2623700
2019-06-10,64.9354248046875,3026700
2019-06-11,64.03585815429688,2736700
2019-06-12,62.932186126708984,3232800
2019-06-13,64.43650817871094,3029700
2019-06-14,64.70108795166016,1830500
2019-06-17,64.94298553466797,2003400
2019-06-18,65.61579895019531,2336600
2019-06-19,66.22054290771484,2901700
2019-06-20,68.6622314453125,4082600
2019-06-21,68.47323608398438,6129800
2019-06-24,67.85335540771484,2360800
2019-06-25,67.90629577636719,3343800
2019-06-26,70.12120819091797,3816200
2019-06-27,69.35771942138672,2086400
2019-06-28,70.7108154296875,4442600
2019-07-01,71.10391998291016,2668700
2019-07-02,72.3587875366211,4112200
2019-07-03,73.34149169921875,2035500
2019-07-05,73.17520141601562,1956000
2019-07-08,73.29615020751953,3044500
2019-07-09,73.87068176269531,2369900
2019-07-10,74.16548919677734,1954600
2019-07-11,75.28428649902344,2446600
2019-07-12,75.84368133544922,1842400
2019-07-15,76.35771179199219,3089500
2019-07-16,76.63742065429688,2625600
2019-07-17,76.19141387939453,2254400
2019-07-18,77.04563903808594,2468000
2019-07-19,77.07587432861328,3972900
2019-07-22,77.52188110351562,1966800
2019-07-23,77.34800720214844,1873800
2019-07-24,77.423583984375,2924400
2019-07-25,76.78105926513672,3649000
2019-07-26,77.34800720214844,2267300
2019-07-29,77.71841430664062,2275200
2019-07-30,78.32316589355469,1465900
2019-07-31,77.5294418334961,2415900
2019-08-01,77.09854888916016,2153200
2019-08-02,75.23136138916016,2075600
2019-08-05,72.29830932617188,3034800
2019-08-06,73.63632202148438,2164500
2019-08-07,73.57584381103516,2349800
2019-08-08,76.1309585571289,2311900
2019-08-09,75.92682647705078,2005600
2019-08-12,74.3166732788086,1967400
2019-08-13,75.39767456054688,2267800
2019-08-14,73.72704315185547,2529800
2019-08-15,73.68168640136719,2089900
2019-08-16,74.70979309082031,2118400
2019-08-19,75.34295654296875,2747900
2019-08-20,75.28194427490234,1904500
2019-08-21,75.75492858886719,1988300
2019-08-22,75.11412048339844,1946100
2019-08-23,72.61182403564453,3305100
2019-08-26,73.47388458251953,1568100
2019-08-27,72.10831451416016,2586000
2019-08-28,73.3670883178711,2318100
2019-08-29,74.8547134399414,2372500
2019-08-30,75.2437744140625,1932500
2019-09-03,75.8846206665039,2140100
2019-09-04,76.0524673461914,1664100
2019-09-05,76.1363754272461,2668700
2019-09-06,76.98316192626953,2117500
2019-09-09,77.94440460205078,2396100
2019-09-10,78.54710388183594,2367200
2019-09-11,78.17328643798828,1924500
2019-09-12,77.95967864990234,1868500
2019-09-13,78.40214538574219,1688400
2019-09-16,79.36338806152344,4654400
2019-09-17,77.96730041503906,2464500
2019-09-18,78.5699691772461,1814700
2019-09-19,78.638671875,1332700
2019-09-20,78.78360748291016,9381800
2019-09-23,79.53886413574219,2413000
2019-09-24,79.05062866210938,2599700
2019-09-25,80.14916229248047,3043400
2019-09-26,79.76773071289062,1762600
2019-09-27,79.08111572265625,2297000
2019-09-30,78.11988830566406,1801600
2019-10-01,77.07472229003906,1897900
2019-10-02,74.9462661743164,2066700
2019-10-03,75.42688751220703,1639800
2019-10-04,76.94503021240234,2097300
2019-10-07,77.32646179199219,2377200
2019-10-08,76.91449737548828,1904300
2019-10-09,78.35639190673828,1827300
2019-10-10,81.32400512695312,3782100
2019-10-11,81.2706298828125,2388900
2019-10-14,81.3621597290039,1409000
2019-10-15,81.85803985595703,1606400
2019-10-16,81.06465911865234,1865400
2019-10-17,81.78939056396484,1767600
2019-10-18,81.78175354003906,3015900
2019-10-21,82.54464721679688,1638800
2019-10-22,82.9794921875,1571400
2019-10-23,83.15496826171875,2329600
2019-10-24,84.3984603881836,3471800
2019-10-25,87.28982543945312,6245900
2019-10-28,89.44879150390625,4706800
2019-10-29,90.7533187866211,3838400
2019-10-30,88.83847045898438,2286700
2019-10-31,89.12073516845703,3940600
2019-11-01,90.32611846923828,2248800
2019-11-04,90.43292999267578,2031600
2019-11-05,90.72280883789062,2268900
2019-11-06,90.34138488769531,2130300
2019-11-07,91.21869659423828,2386400
2019-11-08,91.31787109375,1577600
2019-11-11,90.33375549316406,1634300
2019-11-12,90.09725952148438,2178400
2019-11-13,90.34898376464844,1542200
2019-11-14,91.11951446533203,1507500
2019-11-15,90.98114776611328,1636700
2019-11-18,91.20406341552734,1365000
2019-11-19,90.25859069824219,2781500
2019-11-20,89.21318817138672,4337000
2019-11-21,90.98887634277344,2401300
2019-11-22,89.65132904052734,2261000
2019-11-25,88.72123718261719,2758900
2019-11-26,87.88336944580078,4118100
2019-11-27,88.16011047363281,2290500
2019-11-29,88.18315887451172,1105700
2019-12-02,87.88336944580078,2418300
2019-12-03,86.66883850097656,4128900
2019-12-04,86.5304946899414,2128900
2019-12-05,86.50740814208984,1688600
2019-12-06,87.29149627685547,2142600
2019-12-09,86.06159210205078,1585300
2019-12-10,86.03854370117188,2215800
2019-12-11,86.2537612915039,1652500
2019-12-12,87.42217254638672,1618800
2019-12-13,86.85334014892578,1621900
2019-12-16,87.7373046875,2097700
2019-12-17,86.88406372070312,2672000
2019-12-18,86.89179229736328,3074800
2019-12-19,86.7149658203125,1850500
2019-12-20,87.13007354736328,4666900
2019-12-23,86.60736083984375,1937500
2019-12-24,87.0147705078125,1190800
2019-12-26,86.1384506225586,1147700
2019-12-27,85.01620483398438,1427500
2019-12-30,84.83939361572266,1712000
2019-12-31,85.6388168334961,1695900
2020-01-02,86.24609375,1607900
2020-01-03,83.3942642211914,2236900
2020-01-06,82.87157440185547,3917100
2020-01-07,83.1252212524414,2687900
2020-01-08,80.0197525024414,3452600
2020-01-09,81.18816375732422,3127700
2020-01-10,80.61164855957031,1910700
2020-01-13,80.94217681884766,2243100
2020-01-14,81.77233123779297,2753400
2020-01-15,80.62701416015625,2386300
2020-01-16,79.7814712524414,2568200
2020-01-17,79.4124984741211,2782000
2020-01-21,78.6668701171875,2102000
2020-01-22,78.29790496826172,2505400
2020-01-23,78.46701049804688,3520300
2020-01-24,77.11414337158203,2120500
2020-01-27,74.50062561035156,2472800
2020-01-28,74.3238296508789,2926900
2020-01-29,73.63968658447266,2395600
2020-01-30,74.10858917236328,2610400
2020-01-31,70.23442840576172,6451000
2020-02-03,68.38959503173828,4306800
2020-02-04,68.19742584228516,3427900
2020-02-05,71.21066284179688,3100700
2020-02-06,69.35044860839844,2606100
2020-02-07,69.43501281738281,2481500
2020-02-10,69.3812026977539,2171400
2020-02-11,69.38890075683594,2682900
2020-02-12,70.05765533447266,2361400
2020-02-13,69.44270324707031,2727700
2020-02-14,69.46599578857422,2254900
2020-02-18,68.32463836669922,4542600
2020-02-19,68.60417175292969,2441800
2020-02-20,70.0250244140625,2905900
2020-02-21,69.29518127441406,2406900
2020-02-24,67.20661926269531,3732700
2020-02-25,64.29505920410156,4211800
2020-02-26,62.36954879760742,4156400
2020-02-27,57.656700134277344,6900500
2020-02-28,58.1225471496582,7137800
2020-03-02,58.316646575927734,5279400
2020-03-03,56.569705963134766,5710300
2020-03-04,57.9439582824707,4201800
2020-03-05,55.88646697998047,5724800
2020-03-06,53.805660247802734,6374400
2020-03-09,48.20771026611328,7993800
2020-03-10,49.19375991821289,7047200
2020-03-11,42.81937026977539,8448500
2020-03-12,36.025726318359375,11492100
2020-03-13,42.20600509643555,6997200
2020-03-16,37.47763442993164,7192800
2020-03-17,36.2353515625,6274500
2020-03-18,33.362613677978516,6970800
2020-03-19,35.466705322265625,4936100
2020-03-20,37.539737701416016,7605100
2020-03-23,32.67937088012695,6075800
2020-03-24,35.389068603515625,5476000
2020-03-25,39.20903778076172,6516900
2020-03-26,42.22929763793945,6014400
2020-03-27,40.62211608886719,4191500
2020-03-30,42.050724029541016,5207900
2020-03-31,41.65475082397461,4743800
2020-04-01,38.44037628173828,4142800
2020-04-02,40.15626907348633,5169000
2020-04-03,40.07862091064453,3587300
2020-04-06,44.581844329833984,5347800
2020-04-07,45.521305084228516,5281100
2020-04-08,49.457733154296875,3754800
2020-04-09,47.7651481628418,5316800
2020-04-13,47.796199798583984,3438100
2020-04-14,47.41576385498047,3496900
2020-04-15,43.84424591064453,4093100
2020-04-16,41.56157302856445,4363300
2020-04-17,46.22007751464844,5601700
2020-04-20,45.12532043457031,3468500
2020-04-21,44.100460052490234,3287100
2020-04-22,45.17192077636719,3071800
2020-04-23,46.56169891357422,3419800
2020-04-24,46.99649429321289,3399900
2020-04-27,49.2946891784668,3234300
2020-04-28,52.28388595581055,3851900
2020-04-29,57.066619873046875,5191400
2020-04-30,56.810401916503906,5993400
2020-05-01,51.523006439208984,6626600
2020-05-04,57.05110549926758,7575800
2020-05-05,58.38650894165039,6934400
2020-05-06,55.832115173339844,5972000
2020-05-07,56.91910934448242,3586900
2020-05-08,59.830657958984375,3275800
2020-05-11,59.52783966064453,3441800
2020-05-12,57.08991241455078,3117400
2020-05-13,55.148860931396484,3687400
2020-05-14,55.70789337158203,3159700
2020-05-15,55.77078628540039,2830600
2020-05-18,59.977378845214844,4530900
2020-05-19,59.14393615722656,3736700
2020-05-20,61.5263557434082,3501500
2020-05-21,60.614280700683594,2299500
2020-05-22,60.11892318725586,2036100
2020-05-26,62.09246826171875,2747400
2020-05-27,64.26261138916016,3328100
2020-05-28,61.77008056640625,4129200
2020-05-29,61.53423309326172,4305200
2020-06-01,61.982391357421875,2470200
2020-06-02,64.13680267333984,3151900
2020-06-03,65.83517456054688,2562400
2020-06-04,65.36337280273438,2586300
2020-06-05,68.72081756591797,3767300
2020-06-08,70.5528564453125,3355700
2020-06-09,67.36053466796875,3809900
2020-06-10,66.30693054199219,3201700
2020-06-11,58.970951080322266,4387200
2020-06-12,60.74795913696289,3025700
2020-06-15,59.44271469116211,4308900
2020-06-16,60.57497024536133,3419100
2020-06-17,57.304039001464844,3665500
2020-06-18,59.94594192504883,3760200
2020-06-19,58.73506164550781,7484400
2020-06-22,58.499183654785156,2455400
2020-06-23,58.73506164550781,2749700
2020-06-24,55.031681060791016,3560200
2020-06-25,55.094581604003906,2655200
2020-06-26,53.52204132080078,3797700
2020-06-29,53.98593521118164,2364900
2020-06-30,56.533477783203125,3502500
2020-07-01,54.33976364135742,2251700
2020-07-02,53.7972297668457,2624100
2020-07-06,53.537757873535156,3592400
2020-07-07,50.801513671875,3120400
2020-07-08,50.30615997314453,3798000
2020-07-09,46.37474822998047,6096200
2020-07-10,48.010215759277344,4247900
2020-07-13,47.38905334472656,3481400
2020-07-14,48.717864990234375,3423300
2020-07-15,51.4698371887207,3635500
2020-07-16,51.00594711303711,1857300
2020-07-17,50.196067810058594,2122100
2020-07-20,49.0087890625,2079600
2020-07-21,52.224666595458984,3241200
2020-07-22,51.304725646972656,2585400
2020-07-23,51.24967956542969,2104700
2020-07-24,51.15533447265625,2040600
2020-07-27,50.78578186035156,1826600
2020-07-28,49.991641998291016,2428300
2020-07-29,51.5641975402832,2449100
2020-07-30,49.60635757446289,3118400
2020-07-31,48.765045166015625,5838600
2020-08-03,48.05738830566406,4331600
2020-08-04,48.63136672973633,3412600
2020-08-05,48.717864990234375,4538200
2020-08-06,47.93944549560547,3187800
2020-08-07,49.43337631225586,2914000
2020-08-10,51.00594711303711,3387100
2020-08-11,50.408355712890625,3544200
2020-08-12,50.644256591796875,3442200
2020-08-13,49.24467086791992,2875500
2020-08-14,50.05453872680664,2638100
2020-08-17,49.73552703857422,2816100
2020-08-18,48.89808654785156,2658800
2020-08-19,48.98582077026367,3100800
2020-08-20,48.626914978027344,2598700
2020-08-21,48.626914978027344,3124900
2020-08-24,50.764366149902344,3011200
2020-08-25,49.1533088684082,2303900
2020-08-26,47.87721252441406,3003400
2020-08-27,48.06064987182617,3160200
2020-08-28,49.28091049194336,2469100
2020-08-31,46.63303756713867,3657000
2020-09-01,46.88825225830078,3194900
2020-09-02,47.89317321777344,4491700
2020-09-03,47.606048583984375,3365700
2020-09-04,47.03977966308594,3420100
2020-09-08,46.22628402709961,4119800
2020-09-09,46.15449523925781,3057100
2020-09-10,44.15263748168945,3100900
2020-09-11,45.51645278930664,3002100
2020-09-14,46.55327606201172,2889700
2020-09-15,46.29806137084961,3397700
2020-09-16,48.260040283203125,5347700
2020-09-17,48.13243103027344,4187000
2020-09-18,47.70973205566406,7292400
2020-09-21,44.59925842285156,6187500
2020-09-22,44.15263748168945,4135900
2020-09-23,41.975311279296875,3725300
2020-09-24,42.15077209472656,2981000
2020-09-25,42.17469787597656,2824300
2020-09-28,43.05200958251953,2126600
2020-09-29,41.624393463134766,2464600
2020-09-30,41.345245361328125,2670300
2020-10-01,40.10105895996094,4047100
2020-10-02,40.723148345947266,3453200
2020-10-05,41.91150665283203,2711600
2020-10-06,40.723148345947266,2926500
2020-10-07,41.417022705078125,2621200
2020-10-08,42.780845642089844,2398000
2020-10-09,42.302310943603516,3185700
2020-10-12,42.63728713989258,2769000
2020-10-13,40.8906364440918,2885600
2020-10-14,41.536659240722656,2111400
2020-10-15,41.87960433959961,3502000
2020-10-16,40.340328216552734,2938700
2020-10-19,39.040306091308594,3683200
2020-10-20,39.55073928833008,3471300
2020-10-21,38.856868743896484,3798400
2020-10-22,39.885719299316406,3408600
2020-10-23,40.26056671142578,3291400
2020-10-26,38.3942756652832,3215000
2020-10-27,37.54090881347656,3525700
2020-10-28,35.267887115478516,4911700
2020-10-29,36.67156982421875,4436300
2020-10-30,37.21390914916992,4578900
2020-11-02,38.25072479248047,3732600
2020-11-03,37.899810791015625,3287300
2020-11-04,38.218833923339844,3709000
2020-11-05,38.434173583984375,3211600
2020-11-06,37.229862213134766,3617000
2020-11-09,45.484554290771484,8912800
2020-11-10,46.369834899902344,5192400
2020-11-11,47.03977966308594,4588500
2020-11-12,43.745880126953125,5068000
2020-11-13,46.864322662353516,5655700
2020-11-16,50.719730377197266,6020300
2020-11-17,52.11285400390625,5370200
2020-11-18,49.205108642578125,4151000
2020-11-19,49.7720832824707,2673700
2020-11-20,49.88548278808594,2651600
2020-11-23,53.32780075073242,4504300
2020-11-24,54.85053634643555,4207300
2020-11-25,53.66799545288086,3755900
2020-11-27,52.83372497558594,1936000
2020-11-30,49.06741714477539,6423000
2020-12-01,50.120361328125,4021100
2020-12-02,52.185768127441406,4410700
2020-12-03,52.663631439208984,2732700
2020-12-04,56.14647674560547,4437500
2020-12-07,54.307861328125,3059500
2020-12-08,54.583251953125,3050800
2020-12-09,55.70098876953125,3602200
2020-12-10,57.393829345703125,3352600
2020-12-11,56.30036926269531,2557000
2020-12-14,54.421260833740234,2816400
2020-12-15,55.27981185913086,3028500
2020-12-16,54.50224685668945,3395200
2020-12-17,54.40504837036133,3162500
2020-12-18,54.1458740234375,8457000
2020-12-21,53.854278564453125,3479200
2020-12-22,54.680442810058594,3573900
2020-12-23,56.17887878417969,2988100
2020-12-24,55.66859436035156,1295200
2020-12-28,56.15456771850586,2442000
2020-12-29,55.385101318359375,3847500
2020-12-30,57.18321990966797,2906000
2020-12-31,56.64864730834961,2003500
2021-01-04,56.60005187988281,2714200
2021-01-05,58.11468505859375,3907000
2021-01-06,57.685401916503906,5097800
2021-01-07,58.20376205444336,2568200
2021-01-08,57.27231979370117,2683600
2021-01-11,58.535850524902344,4944300
2021-01-12,59.72650909423828,2648600
2021-01-13,58.1308708190918,2520600
2021-01-14,60.050472259521484,3028700
2021-01-15,58.1065788269043,3413700
2021-01-19,60.56885528564453,2976200
2021-01-20,61.06293869018555,2566800
2021-01-21,59.2567253112793,2698600
2021-01-22,58.76264953613281,2563600
2021-01-25,58.381954193115234,3003600
2021-01-26,57.75829315185547,2056800
2021-01-27,57.669193267822266,3080400
2021-01-28,57.87169647216797,2654500
2021-01-29,54.91534423828125,5732800
2021-02-01,54.57514953613281,2968800
2021-02-02,55.61189651489258,2324900
2021-02-03,57.74211120605469,2598900
2021-02-04,58.260459899902344,1997000
2021-02-05,58.34956741333008,2466500
2021-02-08,61.38690948486328,2678800
2021-02-09,60.36638259887695,2644900
2021-02-10,62.14019775390625,2231600
2021-02-11,62.56135177612305,2308000
2021-02-12,62.55326843261719,1954700
2021-02-16,64.30276489257812,2763700
2021-02-17,65.31523132324219,2135800
2021-02-18,64.83734893798828,2075000
2021-02-19,67.4259262084961,3401800
2021-02-22,68.77754974365234,3213900
2021-02-23,70.06365203857422,2557200
2021-02-24,71.4726333618164,3540700
2021-02-25,69.33458709716797,2767000
2021-02-26,68.03211975097656,4790700
2021-03-01,69.38374328613281,2227400
2021-03-02,67.3931655883789,2354100
2021-03-03,68.67925262451172,2352400
2021-03-04,69.14619445800781,2829300
2021-03-05,71.5545425415039,3367100
2021-03-08,72.47203063964844,2892300
2021-03-09,69.9571762084961,3497500
2021-03-10,72.44745635986328,2554600
2021-03-11,71.86585235595703,2667700
2021-03-12,72.62767028808594,1864100
2021-03-15,71.95594024658203,2200800
2021-03-16,69.57215881347656,3064000
2021-03-17,70.00630950927734,2490300
2021-03-18,66.6559066772461,3516700
2021-03-19,67.38497161865234,5098200
2021-03-22,66.0087661743164,2946100
2021-03-23,64.69810485839844,3348500
2021-03-24,67.19657135009766,3417400
2021-03-25,67.53242492675781,2613300
2021-03-26,69.06427764892578,2370000
2021-03-29,67.60614013671875,1880600
2021-03-30,67.4259262084961,1960600
2021-03-31,66.79515838623047,2665200
2021-04-01,68.12223815917969,2732900
2021-04-05,67.22112274169922,3060200
2021-04-06,66.22994995117188,2905200
2021-04-07,65.53365325927734,2707200
2021-04-08,64.23937225341797,2908500
2021-04-09,64.73905944824219,3592000
2021-04-12,63.584022521972656,1846300
2021-04-13,63.584022521972656,2000600
2021-04-14,65.03395080566406,2237300
2021-04-15,64.73084259033203,2143800
2021-04-16,64.46053314208984,2422300
2021-04-19,63.84614944458008,2352600
2021-04-20,61.781829833984375,2283800
2021-04-21,63.092506408691406,2553200
2021-04-22,61.39681625366211,2625700
2021-04-23,62.65836715698242,1992800
2021-04-26,62.66654586791992,1582100
2021-04-27,63.97720718383789,1955100
2021-04-28,65.61553955078125,2670500
2021-04-29,66.45110321044922,2814500
2021-04-30,66.2790756225586,3061400
2021-05-03,68.76116943359375,3078200
2021-05-04,68.01571655273438,2867600
2021-05-05,69.62129211425781,2899900
2021-05-06,70.12919616699219,1661100
2021-05-07,70.4814453125,1894900
2021-05-10,70.11282348632812,2567400
2021-05-11,68.50724029541016,2450700
2021-05-12,69.90802001953125,3060600
2021-05-13,69.09703826904297,2265300
2021-05-14,71.84126281738281,2818200
2021-05-17,72.66043090820312,3022200
2021-05-18,71.07123565673828,2147700
2021-05-19,70.22748565673828,2669700
2021-05-20,69.71143341064453,3492300
2021-05-21,69.78592681884766,2675100
2021-05-24,70.79600524902344,1683300
2021-05-25,68.9083251953125,2433200
2021-05-26,69.02422332763672,2529100
2021-05-27,69.88526916503906,2903500
2021-05-28,69.72796630859375,1722900
2021-06-01,71.9054183959961,3599900
2021-06-02,74.19879913330078,3142100
2021-06-03,73.85932922363281,2995900
2021-06-04,75.73871612548828,3267400
2021-06-07,76.5086898803711,3160000
2021-06-08,76.63288116455078,2778100
2021-06-09,76.54180908203125,3670900
2021-06-10,75.87118530273438,2248500
2021-06-11,75.31645965576172,2518300
2021-06-14,75.7055892944336,2030900
2021-06-15,76.25202178955078,2450100
2021-06-16,75.12604522705078,2188600
2021-06-17,71.74812316894531,3044100
2021-06-18,69.68655395507812,3990400
2021-06-21,72.31937408447266,2828400
2021-06-22,72.83267974853516,2689400
2021-06-23,73.07278442382812,3452400
2021-06-24,74.2567367553711,3097500
2021-06-25,74.54650115966797,8032600
2021-06-28,70.72148132324219,4141800
2021-06-29,70.46482849121094,3392700
2021-06-30,71.05267333984375,3103500
2021-07-01,72.10411071777344,2358100
2021-07-02,72.77474212646484,2080300
2021-07-06,69.91839599609375,6464400
2021-07-07,68.33706665039062,5109200
2021-07-08,66.8882064819336,2484200
2021-07-09,68.46951293945312,2376600
2021-07-12,68.22115325927734,3251800
2021-07-13,67.60021209716797,3340600
2021-07-14,65.02534484863281,4263700
2021-07-15,63.89107894897461,3481000
2021-07-16,61.66397476196289,3305400
2021-07-19,58.41021728515625,5171600
2021-07-20,58.89041519165039,4956500
2021-07-21,61.067867279052734,4450100
2021-07-22,59.867366790771484,2807100
2021-07-23,59.75145721435547,2126000
2021-07-26,61.531497955322266,2167800
2021-07-27,61.713645935058594,1932500
2021-07-28,62.27663803100586,1958000
2021-07-29,61.9123420715332,1938400
2021-07-30,60.79463195800781,3301000
2021-08-02,60.83604049682617,4061200
2021-08-03,62.98035430908203,3148500
2021-08-04,59.31266403198242,4259700
2021-08-05,60.74497604370117,2182900
2021-08-06,61.23344802856445,1807900
2021-08-09,60.4469108581543,2220700
2021-08-10,61.45699691772461,2823800
2021-08-11,61.60600662231445,2021300
2021-08-12,61.63085174560547,1790000
2021-08-13,61.17549133300781,2214700
2021-08-16,59.48652648925781,4751400
2021-08-17,58.66485595703125,3161400
2021-08-18,57.138919830322266,3895000
2021-08-19,55.56266403198242,4008600
2021-08-20,55.294368743896484,4518600
2021-08-23,57.68390655517578,3549900
2021-08-24,59.469749450683594,3351900
2021-08-25,60.517784118652344,2229500
2021-08-26,59.26015090942383,2518500
2021-08-27,60.878318786621094,2349900
2021-08-30,60.00635528564453,1790300
2021-08-31,59.60390090942383,3333500
2021-09-01,58.02764129638672,3334500
2021-09-02,58.62293243408203,2336500
2021-09-03,58.37141036987305,1606200
2021-09-07,57.63359451293945,2108700
2021-09-08,56.16633605957031,2498400
2021-09-09,55.95673370361328,3575700
2021-09-10,55.654903411865234,2477500
2021-09-13,56.392723083496094,3545100
2021-09-14,54.699092864990234,3572200
2021-09-15,55.3614501953125,4584500
2021-09-16,55.13507843017578,2427000
2021-09-17,55.353057861328125,6201900
2021-09-20,53.88581848144531,2989700
2021-09-21,53.94450378417969,2170000
2021-09-22,56.183101654052734,4003600
2021-09-23,57.52458953857422,2520300
2021-09-24,57.046688079833984,2424700
2021-09-27,59.6374397277832,3136300
2021-09-28,59.452972412109375,3790400
2021-09-29,58.65645980834961,2351900
2021-09-30,58.71516799926758,3435400
2021-10-01,60.84477996826172,2859400
2021-10-04,63.477447509765625,6312000
2021-10-05,64.85245513916016,5064900
2021-10-06,65.72443389892578,4437300
2021-10-07,66.48739624023438,2746500
2021-10-08,68.86015319824219,3274000
2021-10-11,68.7846908569336,2671900
2021-10-12,69.27935791015625,2217500
2021-10-13,68.64214324951172,3511800
2021-10-14,68.88531494140625,2283100
2021-10-15,68.09718322753906,2092900
2021-10-18,67.80371856689453,2534500
2021-10-19,69.40513610839844,2880000
2021-10-20,69.85787963867188,2016900
2021-10-21,69.36320495605469,2536000
2021-10-22,69.49735260009766,1880200
2021-10-25,70.20165252685547,1939200
2021-10-26,68.93561553955078,3262700
2021-10-27,64.85245513916016,5417200
2021-10-28,64.34940338134766,3380000
2021-10-29,62.69770050048828,5110900
2021-11-01,65.51481628417969,5824600
2021-11-02,65.0201644897461,4552600
2021-11-03,66.18556213378906,4270800
2021-11-04,64.4583969116211,2859200
2021-11-05,65.20459747314453,2682400
2021-11-08,65.38905334472656,1640600
2021-11-09,66.37841033935547,2363700
2021-11-10,65.00338745117188,2910300
2021-11-11,65.28843688964844,1510500
2021-11-12,64.95307922363281,2146500
2021-11-15,66.16040802001953,3721000
2021-11-16,65.31209564208984,2950000
2021-11-17,63.35246658325195,2299800
2021-11-18,62.52962112426758,2548600
2021-11-19,59.07694625854492,4692200
2021-11-22,61.24016189575195,3782400
2021-11-23,62.631412506103516,3452500
2021-11-24,62.66534423828125,2305200
2021-11-26,58.74610900878906,5044500
2021-11-29,59.26357650756836,3400500
2021-11-30,58.67823791503906,5819900
2021-12-01,58.25407791137695,3976800
2021-12-02,60.553016662597656,3617500
2021-12-03,59.3823356628418,3219500
2021-12-06,60.29003143310547,3866000
2021-12-07,61.48617172241211,2572900
2021-12-08,60.95174026489258,1947700
2021-12-09,61.333492279052734,3913400
2021-12-10,61.520111083984375,2268800
2021-12-13,59.07694625854492,2527800
2021-12-14,60.001625061035156,3360000
2021-12-15,59.82346725463867,2666100
2021-12-16,60.19673538208008,2965600
2021-12-17,60.909332275390625,5988200
2021-12-20,58.8988037109375,5883100
2021-12-21,61.197750091552734,5058500
2021-12-22,60.756614685058594,2320700
2021-12-23,60.99414825439453,2970100
2021-12-27,61.7491569519043,2229500
2021-12-28,62.71622085571289,2316200
2021-12-29,61.8000602722168,2693100
2021-12-30,61.46072006225586,2469200
2021-12-31,61.469215393066406,2317800
2022-01-03,64.25170135498047,3710300
2022-01-04,66.65245819091797,4484400
2022-01-05,66.44036102294922,4196400
2022-01-06,68.27272033691406,3631300
2022-01-07,69.52824401855469,3771000
2022-01-10,71.14004516601562,5816300
2022-01-11,73.08267974853516,4409600
2022-01-12,73.2099380493164,4263400
2022-01-13,73.61713409423828,3706600
2022-01-14,75.14411926269531,3389700
2022-01-18,75.21199035644531,3862500
2022-01-19,74.00735473632812,3086500
2022-01-20,72.53128814697266,2943500
2022-01-21,70.78377532958984,3592700
2022-01-24,70.26627349853516,3803800
2022-01-25,72.9215316772461,3122800
2022-01-26,72.14955139160156,3907700
2022-01-27,72.8027572631836,3917900
2022-01-28,71.47089385986328,6742900
2022-01-31,71.92897033691406,3778700
2022-02-01,74.36366271972656,3360100
2022-02-02,74.3975830078125,4159500
2022-02-03,73.99040222167969,2829400
2022-02-04,75.36466979980469,3256300
2022-02-07,76.5947265625,4104900
2022-02-08,75.34771728515625,3048400
2022-02-09,75.88213348388672,2605900
2022-02-10,75.89063262939453,2660100
2022-02-11,79.0633316040039,4821300
2022-02-14,76.78985595703125,3951800
2022-02-15,75.00837707519531,3397400
2022-02-16,74.9065933227539,3426300
2022-02-17,73.83770751953125,2670700
2022-02-18,72.93743896484375,2488000
2022-02-22,72.10578155517578,3562000
2022-02-23,72.00289916992188,3261800
2022-02-24,71.57422637939453,3775000
2022-02-25,72.61164093017578,2999700
2022-02-28,72.22582244873047,4639400
2022-03-01,70.45104217529297,5324500
2022-03-02,72.28585815429688,3644200
2022-03-03,71.16268157958984,3894300
2022-03-04,72.27725982666016,4030100
2022-03-07,70.81973266601562,6183500
2022-03-08,72.28585815429688,16579800
2022-03-09,68.0332260131836,14161400
2022-03-10,69.6279525756836,10788600
2022-03-11,69.2507095336914,7198200
2022-03-14,67.10724639892578,5807200
2022-03-15,64.59513854980469,5925300
2022-03-16,65.58967590332031,4031800
2022-03-17,66.48995208740234,4840500
2022-03-18,67.52738189697266,8269500
2022-03-21,69.13068389892578,4278900
2022-03-22,68.41047668457031,3541700
2022-03-23,68.822021484375,3446700
2022-03-24,69.5508041381836,3946900
2022-03-25,71.89143371582031,4290900
2022-03-28,70.55393981933594,4214600
2022-03-29,71.56563568115234,3546000
2022-03-30,74.96945190429688,4512500
2022-03-31,74.06920623779297,4830800
2022-04-01,73.70053100585938,3204400
2022-04-04,74.30927276611328,2410900
2022-04-05,73.65766143798828,3003100
2022-04-06,73.46045684814453,2563300
2022-04-07,71.23126220703125,7514600
2022-04-08,72.23440551757812,4686200
2022-04-11,70.72540283203125,3973800
2022-04-12,70.27954864501953,2943900
2022-04-13,71.28271484375,2659600
2022-04-14,71.03406524658203,3014900
2022-04-18,74.7293930053711,3679600
2022-04-19,76.77851867675781,5120900
2022-04-20,76.19548797607422,2816600
2022-04-21,73.69194030761719,4574000
2022-04-22,71.69424438476562,3458600
2022-04-25,69.46505737304688,5577500
2022-04-26,70.2024154663086,4847000
2022-04-27,71.17123413085938,4482600
2022-04-28,74.77224731445312,4228700
2022-04-29,74.38643646240234,6279900
2022-05-02,76.4612808227539,4280400
2022-05-03,77.8416748046875,4292000
2022-05-04,82.45439147949219,5874800
2022-05-05,81.03971099853516,5448500
2022-05-06,82.61729431152344,4093600
2022-05-09,76.718505859375,5173000
2022-05-10,76.7956771850586,4186100
2022-05-11,78.19319152832031,2981700
2022-05-12,78.18463134765625,3910600
2022-05-13,81.10830688476562,3329000
2022-05-16,83.23460388183594,4561900
2022-05-17,83.78333282470703,3747200
2022-05-18,81.89708709716797,4002600
2022-05-19,81.73419189453125,4660600
2022-05-20,81.24047088623047,3838800
2022-05-23,82.35784149169922,4220300
2022-05-24,83.82171630859375,3076300
2022-05-25,85.8226318359375,3422100
2022-05-26,85.47615051269531,3262700
2022-05-27,88.11805725097656,3621300
2022-05-31,87.32115173339844,5541800
2022-06-01,89.3740234375,4086100
2022-06-02,89.21812438964844,3031400
2022-06-03,90.48275756835938,2940200
2022-06-06,91.83401489257812,3046000
2022-06-07,95.21216583251953,3477600
2022-06-08,95.49803161621094,3611100
2022-06-09,93.78297424316406,2946100
2022-06-10,92.0852279663086,3015000
2022-06-13,87.8668441772461,4227500
2022-06-14,90.1969223022461,4522800
2022-06-15,88.68106842041016,4747200
2022-06-16,83.58784484863281,6847800
2022-06-17,78.39933776855469,14918000
2022-06-21,83.13742065429688,5764900
2022-06-22,78.39933776855469,5178900
2022-06-23,73.09822082519531,6160600
2022-06-24,72.93364715576172,5269800
2022-06-27,75.5322494506836,3796200
2022-06-28,76.96143341064453,3791400
2022-06-29,73.2627944946289,4246300
2022-06-30,71.01934814453125,4829100
2022-07-01,73.08089447021484,4093300
2022-07-05,69.6334457397461,5205700
2022-07-06,68.88851165771484,4624400
2022-07-07,71.49575805664062,3711300
2022-07-08,71.03668975830078,2219400
2022-07-11,70.82011413574219,2444000
2022-07-12,69.73737335205078,2565200
2022-07-13,68.9924545288086,3591300
2022-07-14,68.0396499633789,4199000
2022-07-15,70.71617889404297,2792200
2022-07-18,71.67766571044922,2709600
2022-07-19,73.98174285888672,2767400
2022-07-20,75.22905731201172,3590900
2022-07-21,73.80850219726562,3628000
2022-07-22,73.219482421875,2706700
2022-07-25,75.56685638427734,2756600
2022-07-26,74.4494857788086,1870000
2022-07-27,76.51968383789062,2277100
2022-07-28,76.23384857177734,3257100
2022-07-29,77.09136962890625,4750400
2022-08-01,75.78343200683594,2910900
2022-08-02,75.82673645019531,2455900
2022-08-03,74.06836700439453,3539700
2022-08-04,71.59102630615234,2989700
2022-08-05,72.55252838134766,1796200
2022-08-08,72.58716583251953,1680200
2022-08-09,74.08568572998047,2062300
2022-08-10,74.17230987548828,2191600
2022-08-11,76.51103210449219,2803200
2022-08-12,77.95757293701172,2795200
2022-08-15,77.22996520996094,3082700
2022-08-16,77.4032211303711,3420100
2022-08-17,78.69925689697266,3063900
2022-08-18,77.6659164428711,5466000
2022-08-19,77.4469985961914,3167500
2022-08-22,77.26309967041016,2694600
2022-08-23,80.0478286743164,3128000
2022-08-24,80.88848876953125,3200700
2022-08-25,82.14950561523438,2766000
2022-08-26,80.72211456298828,2750000
2022-08-29,81.61532592773438,2576400
2022-08-30,78.94444274902344,2836400
2022-08-31,78.34019470214844,2841700
2022-09-01,75.59927368164062,4004200
2022-09-02,77.4645004272461,2641600
2022-09-06,75.97582244873047,2556200
2022-09-07,75.59049987792969,2633200
2022-09-08,75.2490005493164,2477400
2022-09-09,77.08795928955078,2474400
2022-09-12,78.42777252197266,2454500
2022-09-13,75.45039367675781,3004000
2022-09-14,75.31026458740234,3872100
2022-09-15,71.69364166259766,5077600
2022-09-16,70.69534301757812,6839900
2022-09-19,71.74618530273438,3124400
2022-09-20,72.8758316040039,3482700
2022-09-21,71.168212890625,2872300
2022-09-22,72.04390716552734,2963900
2022-09-23,66.54450988769531,5632400
2022-09-26,64.94198608398438,4717500
2022-09-27,66.74592590332031,4147800
2022-09-28,71.28204345703125,5401100
2022-09-29,70.6077651977539,3118000
2022-09-30,70.68659210205078,3259300
2022-10-03,74.0667953491211,3891800
2022-10-04,79.12834167480469,5402400
2022-10-05,81.09866333007812,5443400
2022-10-06,81.75544738769531,3237500
2022-10-07,81.00232696533203,3283500
2022-10-10,79.78511810302734,2786000
2022-10-11,79.11082458496094,2939500
2022-10-12,81.38764190673828,2838800
2022-10-13,84.85543060302734,3690000
2022-10-14,82.40345764160156,3905200
2022-10-17,83.59442901611328,3667600
2022-10-18,84.16364288330078,2756500
2022-10-19,85.77490997314453,3343500
2022-10-20,85.59101104736328,3033400
2022-10-21,87.95541381835938,3260100
2022-10-24,87.9203872680664,1996100
2022-10-25,87.76276397705078,2627300
2022-10-26,89.5491943359375,3171700
2022-10-27,90.68757629394531,3394200
2022-10-28,91.24803924560547,3561000
2022-10-31,91.32685852050781,3581600
2022-11-01,94.03276824951172,5810800
2022-11-02,90.40736389160156,3682200
2022-11-03,90.30229187011719,3073700
2022-11-04,90.61754608154297,3059200
2022-11-07,92.32515716552734,3226700
2022-11-08,92.04493713378906,2488600
2022-11-09,91.1517105102539,4702300
2022-11-10,93.03447723388672,3457300
2022-11-11,97.46553039550781,5586800
2022-11-14,96.5548095703125,3977400
2022-11-15,97.29913330078125,3785700
2022-11-16,95.12593841552734,3021700
2022-11-17,96.93693542480469,2446000
2022-11-18,96.28321838378906,3696400
2022-11-21,96.31855010986328,3047200
2022-11-22,99.19847106933594,3494100
2022-11-23,97.80268096923828,2662300
2022-11-25,97.86451721191406,1409400
2022-11-28,95.24961853027344,3598700
2022-11-29,96.26555633544922,3854100
2022-11-30,95.79734802246094,3987300
2022-12-01,95.4439697265625,3214200
2022-12-02,94.22486114501953,2676000
2022-12-05,92.00749206542969,3015200
2022-12-06,91.06224822998047,3627000
2022-12-07,91.00041198730469,2817100
2022-12-08,89.13641357421875,2899700
2022-12-09,86.57449340820312,3212200
2022-12-12,90.16999053955078,3692400
2022-12-13,90.2229995727539,2984000
2022-12-14,89.47209930419922,2646800
2022-12-15,89.63993835449219,2445400
2022-12-16,88.9067153930664,7235200
2022-12-19,88.88021087646484,2451200
2022-12-20,90.67353057861328,2442300
2022-12-21,91.3007583618164,2471800
2022-12-22,88.80951690673828,2287700
2022-12-23,91.82198333740234,2216300
2022-12-27,92.38736724853516,2474900
2022-12-28,90.24067687988281,1910700
2022-12-29,91.97217559814453,1827300
2022-12-30,91.9456558227539,2088900
2023-01-03,89.2512435913086,2877200
2023-01-04,88.94206237792969,2959100
2023-01-05,91.00923919677734,3348400
2023-01-06,93.37678527832031,3101300
2023-01-09,90.11698913574219,4707400
2023-01-10,89.72830200195312,3259200
2023-01-11,89.59577178955078,3551100
2023-01-12,90.86790466308594,2231600
2023-01-13,91.01806640625,2133200
2023-01-17,90.5586929321289,2600800
2023-01-18,90.73536682128906,2908000
2023-01-19,92.21067810058594,2696800
2023-01-20,94.48987579345703,2986400
2023-01-23,94.47221374511719,3070100
2023-01-24,94.53404235839844,2360500
2023-01-25,96.15953826904297,2889100
2023-01-26,98.49172973632812,2723600
2023-01-27,96.05351257324219,2506700
2023-01-30,94.01285552978516,3110000
2023-01-31,88.57984161376953,7890100
2023-02-01,86.56566619873047,4467800
2023-02-02,87.44026184082031,4668700
2023-02-03,87.2900619506836,3525100
2023-02-06,86.6451644897461,2666300
2023-02-07,90.35551452636719,3628400
2023-02-08,90.76187133789062,3683600
2023-02-09,90.20533752441406,2897400
2023-02-10,94.86090850830078,3003300
2023-02-13,95.63831329345703,2608800
2023-02-14,95.36446380615234,2267500
2023-02-15,94.21601867675781,2626400
2023-02-16,92.68772888183594,2876500
2023-02-17,88.82386779785156,3537600
2023-02-21,88.92205047607422,2569200
2023-02-22,88.76140594482422,2087700
2023-02-23,89.54667663574219,2738000
2023-02-24,91.01903533935547,3005800
2023-02-27,92.49140930175781,2699500
2023-02-28,91.51876068115234,4104500
2023-03-01,95.69493103027344,4581100
2023-03-02,94.41886138916016,4644000
2023-03-03,94.60626983642578,3755700
2023-03-06,92.78588104248047,4000200
2023-03-07,90.83164978027344,3119900
2023-03-08,88.61863708496094,3876200
2023-03-09,90.25161743164062,5194700
2023-03-10,90.32301330566406,4367100
2023-03-13,85.23665618896484,6037700
2023-03-14,87.4050521850586,3521200
2023-03-15,83.5679702758789,6810300
2023-03-16,84.81724548339844,5801500
2023-03-17,84.52278137207031,10256800
2023-03-20,85.263427734375,4692800
2023-03-21,85.263427734375,7228900
2023-03-22,84.49600982666016,3012600
2023-03-23,83.46981811523438,2856300
2023-03-24,83.63935852050781,3718400
2023-03-27,85.8702163696289,3475300
2023-03-28,88.14569091796875,3350700
2023-03-29,89.48421478271484,3053600
2023-03-30,89.22543334960938,2336700
2023-03-31,90.46578979492188,3920500
2023-04-03,91.83108520507812,4212300
2023-04-04,87.69950866699219,4202300
2023-04-05,93.18742370605469,6353400
2023-04-06,91.76860046386719,3808300
2023-04-10,93.66038513183594,2887700
2023-04-11,94.99889373779297,2484100
2023-04-12,94.61518096923828,3192500
2023-04-13,94.82935333251953,2765300
2023-04-14,94.82041931152344,2111500
2023-04-17,92.73233795166016,3326700
2023-04-18,93.0803451538086,2932200
2023-04-19,91.96492004394531,3676700
2023-04-20,90.34977722167969,3784400
2023-04-21,89.36820220947266,3111000
2023-04-24,89.85008239746094,2897800
2023-04-25,88.6275634765625,2738500
2023-04-26,88.58294677734375,2716000
2023-04-27,87.21764373779297,3132800
2023-04-28,88.34200286865234,2710500
2023-05-01,87.80661010742188,2546600
2023-05-02,84.53170776367188,4207200
2023-05-03,85.620361328125,6286000
2023-05-04,82.3722152709961,4619500
2023-05-05,83.38056945800781,2720800
2023-05-08,83.8446044921875,3352800
2023-05-09,83.8624496459961,3274100
2023-05-10,84.08554077148438,3323800
2023-05-11,83.34488677978516,3428400
2023-05-12,83.18427276611328,2777000
2023-05-15,84.07659912109375,3344000
2023-05-16,81.99744415283203,4389600
2023-05-17,84.58525085449219,3408600
2023-05-18,85.91482543945312,4405000
2023-05-19,85.65320587158203,3206500
2023-05-22,86.2125473022461,2398100
2023-05-23,86.28472900390625,3113600
2023-05-24,87.11473083496094,2780400
2023-05-25,85.83364868164062,3091700
2023-05-26,85.62614440917969,2440600
2023-05-30,84.43524169921875,2943500
2023-05-31,82.64893341064453,4851700
2023-06-01,83.94808197021484,3100900
2023-06-02,87.53874969482422,4658500
2023-06-05,86.6275405883789,2996100
2023-06-06,87.34929656982422,2888000
2023-06-07,91.16553497314453,3871100
2023-06-08,89.44236755371094,3653600
2023-06-09,89.09953308105469,3247700
2023-06-12,87.31321716308594,2883900
2023-06-13,87.40342712402344,2733400
2023-06-14,86.33885955810547,2297500
2023-06-15,87.52974700927734,2123000
2023-06-16,87.62896728515625,4964900
2023-06-20,84.33600616455078,3273300
2023-06-21,84.15557098388672,2902800
2023-06-22,81.92718505859375,3515500
2023-06-23,81.97230529785156,4192000
2023-06-26,82.56774139404297,2846000
2023-06-27,83.5150375366211,3763800
2023-06-28,84.26383972167969,2574100
2023-06-29,85.2833023071289,2254400
2023-06-30,86.0501480102539,2574200
2023-07-03,86.30276489257812,1348800
2023-07-05,86.726806640625,3854700
2023-07-06,86.06819915771484,4692900
2023-07-07,89.71302032470703,5340900
2023-07-10,90.5159683227539,3785200
2023-07-11,91.58954620361328,3060700
2023-07-12,91.98651885986328,2374100
2023-07-13,92.54588317871094,2886300
2023-07-14,90.63325500488281,2865000
2023-07-17,89.35215759277344,3078300
2023-07-18,91.26477813720703,2367000
2023-07-19,92.43760681152344,3052100
2023-07-20,93.87208557128906,2520300
2023-07-21,95.38775634765625,2711700
2023-07-24,96.398193359375,3691800
2023-07-25,97.17406463623047,2744600
2023-07-26,98.87017822265625,2687600
2023-07-27,98.2386474609375,2925800
2023-07-28,99.55583190917969,2141100
2023-07-31,100.63845825195312,3800800
2023-08-01,101.1436767578125,2694200
2023-08-02,98.328857421875,4886000
2023-08-03,99.6099624633789,3510700
2023-08-04,99.6731185913086,2650300
2023-08-07,100.53921508789062,2982000
2023-08-08,101.65792083740234,2865000
2023-08-09,103.22770690917969,3864800
2023-08-10,103.45325469970703,2587700
2023-08-11,105.23056030273438,2559000
2023-08-14,103.45325469970703,3043900
2023-08-15,102.33454895019531,5087600
2023-08-16,102.19020080566406,3904400
2023-08-17,103.43775939941406,4704400
2023-08-18,104.02964782714844,4896500
2023-08-21,103.20100402832031,2662600
2023-08-22,102.84585571289062,2217200
2023-08-23,102.22662353515625,2027400
2023-08-24,102.34501647949219,1713600
2023-08-25,103.71092987060547,2262100
2023-08-28,103.01888275146484,1702200
2023-08-29,102.61819458007812,1933200
2023-08-30,103.49239349365234,2113400
2023-08-31,103.95681762695312,3086400
2023-09-01,106.69779205322266,2787700
2023-09-05,106.30622100830078,2327000
2023-09-06,106.21516418457031,1764200
2023-09-07,108.1365737915039,3348800
2023-09-08,111.30555725097656,4711200
2023-09-11,111.40570831298828,3105400
2023-09-12,113.17233276367188,4229600
2023-09-13,112.16155242919922,2779400
2023-09-14,111.97941589355469,2526300
2023-09-15,110.21279907226562,9312900
2023-09-18,111.5058822631836,2237500
2023-09-19,109.4751968383789,2970100
2023-09-20,109.3386001586914,2491400
2023-09-21,109.22021484375,2730800
2023-09-22,107.98177337646484,2426300
2023-09-25,109.51162719726562,2499100
2023-09-26,108.7467041015625,2350800
2023-09-27,110.00334930419922,2793800
2023-09-28,112.35277557373047,3294300
2023-09-29,109.41144561767578,2841900
2023-10-02,108.38246154785156,2445800
2023-10-03,105.29544067382812,2988400
2023-10-04,100.61482238769531,4464100
2023-10-05,99.69509887695312,3206000
2023-10-06,99.4310073852539,2625500
2023-10-09,101.27046966552734,2769800
2023-10-10,102.34501647949219,2662300
2023-10-11,102.10823822021484,2035900
2023-10-12,100.8515853881836,1976800
2023-10-13,100.7149887084961,3393200
2023-10-16,101.7895278930664,2750200
2023-10-17,103.72916412353516,2471900
2023-10-18,105.86002349853516,3249700
2023-10-19,104.89476013183594,2091400
2023-10-20,103.3922348022461,2667200
2023-10-23,102.9460220336914,2463500
2023-10-24,101.92613220214844,2331600
2023-10-25,100.84248352050781,2581100
2023-10-26,100.25968170166016,3517900
2023-10-27,101.01549530029297,5214900
2023-10-30,102.39054107666016,3194600
2023-10-31,103.87486267089844,3618600
2023-11-01,105.71431732177734,3343100
2023-11-02,107.5628890991211,2566900
2023-11-03,106.35176086425781,2525000
2023-11-06,106.40641021728516,2484500
2023-11-07,103.68363189697266,2180700
2023-11-08,101.81684112548828,2898600
2023-11-09,100.74231719970703,1802200
2023-11-10,103.3011703491211,2429400
2023-11-13,103.94772338867188,1487900
2023-11-14,104.73994445800781,2407900
2023-11-15,105.16793823242188,3203500
2023-11-16,104.3316650390625,4559600
2023-11-17,106.94158172607422,3354300
2023-11-20,108.54058074951172,2876700
2023-11-21,107.89730072021484,2039400
2023-11-22,108.44869995117188,2212000
2023-11-24,109.01844787597656,1173600
2023-11-27,108.7427749633789,2447200
2023-11-28,108.43950653076172,1926400
2023-11-29,112.31758117675781,6873900
2023-11-30,118.44718933105469,9147400
2023-12-01,119.1915512084961,4757300
2023-12-04,118.03366088867188,4842900
2023-12-05,117.35359954833984,3484500
2023-12-06,114.87236022949219,2952000
2023-12-07,114.52315521240234,3702200
2023-12-08,115.16643524169922,4102700
2023-12-11,116.1681137084961,2976800
2023-12-12,115.07452392578125,3484900
2023-12-13,116.85736846923828,3054600
2023-12-14,119.56834411621094,4260100
2023-12-15,119.3477783203125,9648400
2023-12-18,120.66193389892578,2987700
2023-12-19,122.9593734741211,2873100
2023-12-20,123.20751190185547,3365700
2023-12-21,123.40966033935547,3235100
2023-12-22,123.19830322265625,1402200
2023-12-26,124.72380828857422,1542400
2023-12-27,123.78643798828125,1799000
2023-12-28,122.0771484375,1827500
2023-12-29,122.35283660888672,2023900
2024-01-02,123.40966033935547,2500300
2024-01-03,124.75138092041016,3094700
2024-01-04,124.31946563720703,3125200
2024-01-05,124.28270721435547,3126500
2024-01-08,123.00532531738281,3636500
2024-01-09,122.41716766357422,2172600
2024-01-10,118.92506408691406,3619900
2024-01-11,119.72456359863281,3540000
2024-01-12,122.10472106933594,2909900
2024-01-16,118.98019409179688,3169400
2024-01-17,117.8774185180664,2437000
2024-01-18,117.32603454589844,2337300
2024-01-19,118.6309814453125,2880300
2024-01-22,119.15480041503906,2307900
2024-01-23,120.48731994628906,2309600
2024-01-24,122.83990478515625,2649200
2024-01-25,126.49744415283203,3167700
2024-01-26,128.85922241210938,3389100
2024-01-29,127.82074737548828,3099600
2024-01-30,130.8717803955078,3664500
2024-01-31,132.61782836914062,8307900
2024-02-01,133.7573699951172,5090500
2024-02-02,133.6838836669922,3702200
2024-02-05,135.3104705810547,2899800
2024-02-06,134.0882110595703,3323300
2024-02-07,134.65797424316406,2607800
2024-02-08,134.92449951171875,4018700
2024-02-09,133.8584747314453,2889100
2024-02-12,132.7465057373047,3753800
2024-02-13,133.39895629882812,3226300
2024-02-14,133.44493103027344,3086700
2024-02-15,134.5109405517578,2810900
2024-02-16,133.1132354736328,2690100
2024-02-20,130.641845703125,3483200
2024-02-21,132.8726043701172,2403100
2024-02-22,135.71424865722656,2633700
2024-02-23,136.16778564453125,2189700
2024-02-26,137.27853393554688,2584700
2024-02-27,134.52943420410156,2106200
2024-02-28,130.7344207763672,2594700
2024-02-29,131.90992736816406,3370200
2024-03-01,133.4742431640625,2063600
2024-03-04,133.52976989746094,3479200
2024-03-05,135.23294067382812,2886800
2024-03-06,135.8531036376953,3210200
2024-03-07,138.11160278320312,2947200
2024-03-08,138.23191833496094,2398500
2024-03-11,138.3707733154297,3230900
2024-03-12,139.18531799316406,2367700
2024-03-13,142.9803466796875,4028600
2024-03-14,142.89703369140625,3637300
2024-03-15,147.201171875,11726000
2024-03-18,145.1000213623047,3470600
2024-03-19,145.3129119873047,2877200
2024-03-20,146.9512481689453,2388900
2024-03-21,147.24745178222656,2488000
2024-03-22,147.5899200439453,2078500
2024-03-25,144.8223419189453,2306200
2024-03-26,144.95191955566406,2351200
2024-03-27,147.13638305664062,2211300
2024-03-28,151.19058227539062,3177300
2024-04-01,151.19058227539062,2214100
2024-04-02,156.88314819335938,2999400
2024-04-03,159.86363220214844,3210500
2024-04-04,157.98463439941406,2781100
2024-04-05,158.0494384765625,2182800
2024-04-08,156.0130615234375,2624200
2024-04-09,153.10659790039062,2358100
2024-04-10,152.87522888183594,1802400
2024-04-11,153.10659790039062,1997100
2024-04-12,150.40382385253906,2002400
2024-04-15,148.85801696777344,1589900
2024-04-16,146.13671875,1864200
2024-04-17,145.5535888671875,1946700
2024-04-18,141.90660095214844,2347100
2024-04-19,143.20249938964844,2760800
2024-04-22,145.36843872070312,1625500
2024-04-23,147.0253143310547,1756400
2024-04-24,146.05340576171875,1945000
2024-04-25,145.54432678222656,2617500
2024-04-26,140.14796447753906,4206700
2024-04-29,140.26829528808594,2822000
2024-04-30,132.55787658691406,3763900
2024-05-01,129.78103637695312,2537100
2024-05-02,133.1687774658203,2310300
2024-05-03,132.92813110351562,1806100
2024-05-06,134.3258056640625,2239100
2024-05-07,134.4091339111328,2212400
2024-05-08,136.0104522705078,2919000
2024-05-09,136.732421875,2187000
2024-05-10,134.77011108398438,1808800
2024-05-13,134.28878784179688,1748000
2024-05-14,134.0758819580078,1836000
2024-05-15,135.33473205566406,1870400
2024-05-16,135.0015411376953,1630500
2024-05-17,137.22198486328125,1886300
2024-05-20,134.74029541015625,1969300
2024-05-21,134.4790496826172,1804300
2024-05-22,133.32215881347656,2441800
2024-05-23,132.65975952148438,1696800
2024-05-24,133.1168975830078,1250600
2024-05-28,133.1915283203125,1590100
2024-05-29,128.92782592773438,2220900
2024-05-30,129.1144561767578,1950100
2024-05-31,132.58509826660156,3669900
2024-06-03,129.61827087402344,2345700
2024-06-04,127.80828094482422,3147000
2024-06-05,128.1814727783203,2190400
2024-06-06,129.09576416015625,1567600
2024-06-07,128.81588745117188,1687300
2024-06-10,128.86251831054688,1861500
2024-06-11,129.0211639404297,1692600
2024-06-12,126.89395141601562,2217700
2024-06-13,128.4427032470703,3486400
2024-06-14,127.59367370605469,2107800
2024-06-17,128.0881805419922,1790800
2024-06-18,126.74471282958984,2588800
2024-06-20,128.71327209472656,2740500
2024-06-21,128.8345489501953,6463600
2024-06-24,129.2637176513672,1919200
2024-06-25,130.8404541015625,1934300
2024-06-26,130.41127014160156,1517600
2024-06-27,130.05673217773438,1847200
2024-06-28,131.70811462402344,10211500
2024-07-01,131.4842071533203,1422900
2024-07-02,131.05502319335938,2622100
2024-07-03,130.96173095703125,1081600
2024-07-05,129.12376403808594,1605500
2024-07-08,126.83797454833984,1647000
2024-07-09,123.9084243774414,2594100
2024-07-10,124.9906997680664,2052300
2024-07-11,127.74296569824219,1900200
2024-07-12,129.3477020263672,1810100
2024-07-15,130.68185424804688,1627300
2024-07-16,130.41127014160156,1570500
2024-07-17,131.3069305419922,2074700
2024-07-18,128.4706573486328,2405600
2024-07-19,129.18907165527344,1787000
2024-07-22,130.7191619873047,1688600
2024-07-23,127.8829116821289,1745900
2024-07-24,128.90919494628906,1857600
2024-07-25,132.95828247070312,2014800
2024-07-26,132.67840576171875,1813600
2024-07-29,130.9990692138672,2124000
2024-07-30,137.3059539794922,3978300
2024-07-31,135.7292022705078,2273900
2024-08-01,131.50283813476562,3315700
2024-08-02,124.79475402832031,4079000
2024-08-05,122.81685638427734,2323700
2024-08-06,124.16034698486328,2082800
2024-08-07,123.99241638183594,2146800
2024-08-08,126.34349822998047,2546700
2024-08-09,126.33418273925781,2056900
2024-08-12,126.77267456054688,1576600
2024-08-13,125.63442993164062,2463300
2024-08-14,128.4706573486328,2134400
2024-08-15,129.38499450683594,1935000
2024-08-16,129.60890197753906,1644500
2024-08-19,130.00076293945312,1833900
2024-08-20,124.54447937011719,3026500
2024-08-21,125.9461898803711,3332300
2024-08-22,125.26886749267578,1813500
2024-08-23,127.3478775024414,1911900
2024-08-26,127.21617889404297,1923600
2024-08-27,126.41655731201172,1505300
2024-08-28,126.97160339355469,2070900
2024-08-29,128.41091918945312,1594200
2024-08-30,131.9951171875,3981500
2024-09-03,126.99981689453125,2845500
2024-09-04,124.45040893554688,1984300
2024-09-05,121.25189208984375,3864500
2024-09-06,120.54633331298828,4244600
2024-09-09,120.38640594482422,4074600
2024-09-10,119.36100769042969,4468900
2024-09-11,117.5924072265625,4052700
2024-09-12,118.2697525024414,3041000
2024-09-13,119.19165802001953,2614600
2024-09-16,119.79373931884766,2908800
2024-09-17,120.69686126708984,3693600
2024-09-18,122.58773803710938,2884300
2024-09-19,124.69499206542969,2744600
2024-09-20,122.26789855957031,6418500
2024-09-23,123.34033203125,3613700
2024-09-24,121.79753112792969,3661700
2024-09-25,122.15501403808594,8126500
2024-09-26,122.93580627441406,4192800
2024-09-27,123.28390502929688,2564300
2024-09-30,123.6601791381836,2137500
2024-10-01,125.10894775390625,2071900
2024-10-02,126.50122833251953,1925600
2024-10-03,130.69692993164062,2766800
2024-10-04,130.40528869628906,2468500
2024-10-07,130.29237365722656,1812900
2024-10-08,124.48804473876953,2528900
2024-10-09,126.73639678955078,1494300
2024-10-10,128.33566284179688,1416400
2024-10-11,128.26979064941406,1460600
2024-10-14,127.39490509033203,1445900
2024-10-15,123.6131591796875,2338300
2024-10-16,124.46922302246094,1461800
2024-10-17,125.4476089477539,2219200
2024-10-18,124.74202728271484,1712400
2024-10-21,123.53789520263672,1289000
2024-10-22,123.6413803100586,1946200
2024-10-23,121.46826934814453,1850600
2024-10-24,120.87559509277344,3200000
2024-10-25,120.5745620727539,1346900
2024-10-28,121.25189208984375,2509700
2024-10-29,115.96492767333984,4171100
2024-10-30,114.8360595703125,3339500
2024-10-31,114.60086822509766,2700900
2024-11-01,112.89813232421875,2064400
2024-11-04,113.85767364501953,2185500
2024-11-05,114.61967468261719,2078600
2024-11-06,120.32056427001953,2626200
2024-11-07,119.17286682128906,1630500
2024-11-08,118.95648193359375,3126000
2024-11-11,120.35820007324219,3010400
2024-11-12,120.13240814208984,2719000
2024-11-13,122.2114486694336,1962000
2024-11-14,122.07032775878906,2257200
2024-11-15,123.15218353271484,2275000
2024-11-18,124.63275146484375,2356600
2024-11-19,124.27208709716797,2448700
2024-11-20,124.75611877441406,2502600
2024-11-21,124.71815490722656,2218800
2024-11-22,126.48343658447266,2480800
2024-11-25,126.49293518066406,4455800
2024-11-26,127.41354370117188,2705500
2024-11-27,126.55938720703125,2151900
2024-11-29,127.15727996826172,1402400
2024-12-02,129.48251342773438,3319700
2024-12-03,127.6318359375,2313600
2024-12-04,123.94940185546875,2594900
2024-12-05,123.21863555908203,2928300
2024-12-06,122.12718200683594,1926100
2024-12-09,123.45588684082031,3475700
2024-12-10,119.22301483154297,3124100
2024-12-11,118.94778442382812,2596800
2024-12-12,117.67601013183594,2646000
2024-12-13,116.47068786621094,1825800
2024-12-16,110.36812591552734,3653200
2024-12-17,109.93154907226562,3608800
2024-12-18,106.1637191772461,4211600
2024-12-19,104.73059844970703,4445000
2024-12-20,104.74958801269531,8178700
2024-12-23,104.85398864746094,3365100
2024-12-24,105.89797973632812,1448600
2024-12-26,106.48640441894531,1794800
2024-12-27,106.8565444946289,2615000
2024-12-30,106.28709411621094,2567500
2024-12-31,108.12831115722656,2989000
