date,close,volume
2014-01-02,63.43429183959961,4958100
2014-01-03,63.098602294921875,4212000
2014-01-06,62.862918853759766,6370100
2014-01-07,62.498695373535156,6423800
2014-01-08,62.12015914916992,8527100
2014-01-09,61.76306915283203,6559200
2014-01-10,62.97004699707031,8417100
2014-01-13,62.4630012512207,6824000
2014-01-14,63.46998977661133,5523900
2014-01-15,63.48426055908203,6804700
2014-01-16,63.284324645996094,6930700
2014-01-17,64.4269790649414,11923900
2014-01-21,65.05550384521484,8312400
2014-01-22,65.14119720458984,5123800
2014-01-23,64.46269989013672,6603500
2014-01-24,62.95576858520508,8402100
2014-01-27,62.78436279296875,6073300
2014-01-28,62.67723846435547,4677700
2014-01-29,62.34870910644531,6662400
2014-01-30,63.42713928222656,5613700
2014-01-31,62.541542053222656,6337900
2014-02-03,61.58453369140625,7207100
2014-02-04,62.27016830444336,6288000
2014-02-05,61.5345458984375,6650900
2014-02-06,63.21286392211914,5384000
2014-02-07,63.91991424560547,5985000
2014-02-10,63.591400146484375,5186900
2014-02-11,64.54129028320312,5925100
2014-02-12,64.2984390258789,4285000
2014-02-13,64.46269989013672,5060900
2014-02-14,64.88594818115234,4661800
2014-02-18,65.01508331298828,5336000
2014-02-19,64.90747833251953,5990400
2014-02-20,65.3020248413086,4917000
2014-02-21,64.6133804321289,6322800
2014-02-24,66.514404296875,8868900
2014-02-25,66.39960479736328,5254300
2014-02-26,66.24895477294922,4337700
2014-02-27,66.40676879882812,3947400
2014-02-28,66.71524047851562,5966900
2014-03-03,65.467041015625,7741200
2014-03-04,66.34938049316406,6768400
2014-03-05,66.00505065917969,3995800
2014-03-06,66.5358657836914,4612000
2014-03-07,66.70092010498047,4690300
2014-03-10,66.62200927734375,3301800
2014-03-11,65.96200561523438,5301500
2014-03-12,65.4024429321289,4992700
2014-03-13,64.75682830810547,6466500
2014-03-14,63.910308837890625,7657300
2014-03-17,64.40531921386719,8924900
2014-03-18,64.92183685302734,4377000
2014-03-19,64.82138061523438,4160200
2014-03-20,65.35940551757812,4289500
2014-03-21,66.478515625,11148800
2014-03-24,66.8802261352539,7381600
2014-03-25,68.55171203613281,9651800
2014-03-26,68.45842742919922,6515700
2014-03-27,69.21886444091797,7174100
2014-03-28,69.99359893798828,7801000
2014-03-31,69.94338989257812,5278100
2014-04-01,70.27338409423828,4185300
2014-04-02,70.07969665527344,4997600
2014-04-03,70.35231018066406,4499100
2014-04-04,70.32359313964844,8265600
2014-04-07,70.01514434814453,7552900
2014-04-08,70.61772155761719,6689200
2014-04-09,71.0338134765625,5434000
2014-04-10,69.81427764892578,5482500
2014-04-11,69.65644836425781,5563900
2014-04-14,70.64640808105469,6203500
2014-04-15,71.81572723388672,8585700
2014-04-16,72.41114807128906,6955500
2014-04-17,71.67227172851562,10169700
2014-04-21,73.02806854248047,7005300
2014-04-22,73.19307708740234,6939500
2014-04-23,73.32221221923828,5547200
2014-04-24,73.02806854248047,5168700
2014-04-25,72.99223327636719,6998500
2014-04-28,72.66221618652344,6183500
2014-04-29,72.73396301269531,7020600
2014-04-30,72.84872436523438,5426900
2014-05-01,72.31070709228516,4174900
2014-05-02,72.47569274902344,4471200
2014-05-05,72.52593994140625,3112000
2014-05-06,72.45418548583984,4681300
2014-05-07,73.08547973632812,4075200
2014-05-08,71.93769836425781,4374900
2014-05-09,71.89463806152344,4659700
2014-05-12,71.94486236572266,4071200
2014-05-13,71.91616821289062,4518200
2014-05-14,72.2676773071289,5134100
2014-05-15,71.3781509399414,6593900
2014-05-16,71.44268798828125,4965100
2014-05-19,71.94486236572266,4095900
2014-05-20,72.01658630371094,3904100
2014-05-21,72.87026977539062,4114200
2014-05-22,72.88460540771484,3757800
2014-05-23,72.73396301269531,4463200
2014-05-27,73.286376953125,3660300
2014-05-28,73.07832336425781,3660000
2014-05-29,74.505859375,4792000
2014-05-30,74.6350326538086,4666500
2014-06-02,74.82943725585938,3748000
2014-06-03,74.78618621826172,3503900
2014-06-04,74.692626953125,4815100
2014-06-05,74.82943725585938,4055600
2014-06-06,76.32730865478516,6205600
2014-06-09,76.85301208496094,5692300
2014-06-10,76.7161636352539,4148000
2014-06-11,76.72337341308594,3199100
2014-06-12,76.57217407226562,5847600
2014-06-13,77.95482635498047,4749000
2014-06-16,77.09066009521484,4126700
2014-06-17,76.40653991699219,4321500
2014-06-18,77.11227416992188,6129400
2014-06-19,77.48673248291016,5892900
2014-06-20,78.37252807617188,8860300
2014-06-23,78.42290496826172,4284100
2014-06-24,77.0402603149414,5762000
2014-06-25,81.98758697509766,17541800
2014-06-26,83.622314453125,14230400
2014-06-27,84.8321304321289,7830900
2014-06-30,84.94014739990234,6529400
2014-07-01,84.8681411743164,6644900
2014-07-02,84.78173828125,4321100
2014-07-03,84.6160888671875,3574000
2014-07-07,84.56568908691406,4887400
2014-07-08,84.07598876953125,6460900
2014-07-09,84.22721862792969,6769500
2014-07-10,83.10382080078125,5112800
2014-07-11,82.59970092773438,4831900
2014-07-14,83.4926986694336,5160000
2014-07-15,82.4268798828125,6472400
2014-07-16,83.44947052001953,5303200
2014-07-17,82.55648803710938,5348000
2014-07-18,80.91458892822266,9057900
2014-07-21,81.40428161621094,4427800
2014-07-22,81.67072296142578,4174100
2014-07-23,80.73452758789062,4745400
2014-07-24,81.4474868774414,4750600
2014-07-25,80.49691009521484,5837300
2014-07-28,80.57611083984375,4811000
2014-07-29,80.0216293334961,3981800
2014-07-30,79.40951538085938,5750400
2014-07-31,78.05565643310547,7561900
2014-08-01,77.73878479003906,6045800
2014-08-04,78.97742462158203,5759800
2014-08-05,77.11227416992188,6946200
2014-08-06,77.46511840820312,5352900
2014-08-07,77.0618667602539,4653100
2014-08-08,78.04844665527344,4168900
2014-08-11,78.64615631103516,5354100
2014-08-12,77.68115997314453,4625000
2014-08-13,77.50112915039062,4294700
2014-08-14,76.26970672607422,5857600
2014-08-15,76.7161636352539,5322500
2014-08-18,77.8756103515625,7806500
2014-08-19,78.79740905761719,6228900
2014-08-20,79.10702514648438,4627300
2014-08-21,78.8117904663086,4642900
2014-08-22,78.51652526855469,4162600
2014-08-25,79.3735122680664,4497400
2014-08-26,79.94959259033203,4827000
2014-08-27,79.96400451660156,4339700
2014-08-28,79.33028411865234,3515800
2014-08-29,79.24356842041016,4594700
2014-09-02,78.10161590576172,6242700
2014-09-03,78.18108367919922,4598900
2014-09-04,76.35250091552734,7410500
2014-09-05,77.1619873046875,5971700
2014-09-08,75.52133178710938,7000000
2014-09-09,75.14546966552734,6221300
2014-09-10,75.3623275756836,5709500
2014-09-11,75.49243927001953,5823100
2014-09-12,73.88067626953125,7383100
2014-09-15,74.48056030273438,5737800
2014-09-16,75.86103820800781,6676400
2014-09-17,74.66849517822266,8185000
2014-09-18,75.50686645507812,6514100
2014-09-19,74.59619903564453,9520200
2014-09-22,73.51927947998047,5644100
2014-09-23,73.78669738769531,4969000
2014-09-24,73.7722396850586,6742900
2014-09-25,73.00613403320312,7353300
2014-09-26,74.77688598632812,6353800
2014-09-29,74.64680480957031,7040600
2014-09-30,73.49760437011719,8082800
2014-10-01,71.44496154785156,8674100
2014-10-02,70.6716079711914,10864100
2014-10-03,70.75833892822266,6807000
2014-10-06,71.23535919189453,6058800
2014-10-07,70.99684143066406,9573500
2014-10-08,71.14863586425781,10521000
2014-10-09,68.6044921875,14844800
2014-10-10,67.26741027832031,13965100
2014-10-13,65.72069549560547,13965300
2014-10-14,64.2968521118164,14772500
2014-10-15,64.47755432128906,18304100
2014-10-16,65.5110855102539,15422000
2014-10-17,67.91787719726562,17948500
2014-10-20,68.37325286865234,8209900
2014-10-21,70.64991760253906,9180700
2014-10-22,69.37786865234375,8312300
2014-10-23,71.0185317993164,7767700
2014-10-24,70.28130340576172,7489500
2014-10-27,67.59261322021484,15256800
2014-10-28,69.75370025634766,8323400
2014-10-29,70.4041748046875,7375200
2014-10-30,70.55596923828125,5104700
2014-10-31,71.30763244628906,8293900
2014-11-03,69.76091003417969,7732700
2014-11-04,68.05521392822266,9568200
2014-11-05,69.84764099121094,7443600
2014-11-06,70.09339141845703,9507500
2014-11-07,71.35822296142578,7826000
2014-11-10,71.04020690917969,7972900
2014-11-11,71.09081268310547,6111500
2014-11-12,70.41866302490234,6683300
2014-11-13,68.55391693115234,18117300
2014-11-14,68.89359283447266,11825000
2014-11-17,69.11766052246094,8499600
2014-11-18,68.86469268798828,5971400
2014-11-19,68.66230773925781,6553200
2014-11-20,69.48626708984375,8198700
2014-11-21,70.73666381835938,9293900
2014-11-24,71.15585327148438,10324700
2014-11-25,68.806884765625,10729600
2014-11-26,67.07948303222656,9882600
2014-11-28,62.12134552001953,18876100
2014-12-01,61.60578155517578,18083200
2014-12-02,61.8817024230957,13759400
2014-12-03,62.999996185302734,11464800
2014-12-04,63.48648452758789,9000100
2014-12-05,63.29043197631836,8983600
2014-12-08,61.14828872680664,11306800
2014-12-09,62.063262939453125,10595600
2014-12-10,60.39310836791992,11166500
2014-12-11,60.276947021484375,12332600
2014-12-12,58.091251373291016,17708800
2014-12-15,58.018638610839844,11164500
2014-12-16,58.22924041748047,16034600
2014-12-17,60.182525634765625,13900600
2014-12-18,61.16282653808594,13255300
2014-12-19,63.55182647705078,15493800
2014-12-22,62.99272918701172,10563800
2014-12-23,63.4066047668457,8377900
2014-12-24,63.21780776977539,3624100
2014-12-26,63.26863479614258,4835500
2014-12-29,63.42839813232422,5872800
2014-12-30,62.76760482788086,6116200
2014-12-31,62.01967239379883,5346800
2015-01-02,62.2084846496582,5500800
2015-01-05,60.52382278442383,10039400
2015-01-06,59.34023666381836,9758400
2015-01-07,59.332977294921875,7951600
2015-01-08,60.05183410644531,7911600
2015-01-09,58.977149963378906,7652400
2015-01-12,56.675296783447266,13257100
2015-01-13,56.47922134399414,11931600
2015-01-14,56.92216873168945,12226700
2015-01-15,55.64417266845703,10918900
2015-01-16,59.05702590942383,17587500
2015-01-20,58.43979263305664,10948600
2015-01-21,59.695987701416016,9178800
2015-01-22,59.64519500732422,9040000
2015-01-23,59.54354476928711,8032800
2015-01-26,60.76345443725586,7060500
2015-01-27,61.39519119262695,7332800
2015-01-28,58.63585662841797,10041700
2015-01-29,59.470909118652344,9037300
2015-01-30,59.826725006103516,9947200
2015-02-02,61.46055603027344,9426800
2015-02-03,63.232337951660156,15913300
2015-02-04,61.39519119262695,12071700
2015-02-05,62.390018463134766,7749700
2015-02-06,62.56428527832031,8577800
2015-02-09,62.68111801147461,7614600
2015-02-10,62.242916107177734,7217600
2015-02-11,61.885009765625,6630800
2015-02-12,62.78339385986328,6561100
2015-02-13,64.55091857910156,7562900
2015-02-17,64.92341613769531,7958300
2015-02-18,64.0834732055664,7182100
2015-02-19,63.52838897705078,6764800
2015-02-20,62.72496795654297,8123200
2015-02-23,62.47663879394531,6033800
2015-02-24,62.30865478515625,8430700
2015-02-25,62.235618591308594,5597000
2015-02-26,61.271522521972656,8485400
2015-02-27,61.46874237060547,7836000
2015-03-02,61.804656982421875,7725600
2015-03-03,62.016502380371094,6774800
2015-03-04,62.18449020385742,8229900
2015-03-05,61.95075607299805,5798200
2015-03-06,60.70180130004883,9674500
2015-03-09,60.154014587402344,6296400
2015-03-10,59.38713836669922,8140600
2015-03-11,59.3579216003418,6157000
2015-03-12,59.11690139770508,7630200
2015-03-13,58.737098693847656,8836700
2015-03-16,59.35062026977539,8265500
2015-03-17,58.77359390258789,7954600
2015-03-18,59.927616119384766,11542100
2015-03-19,59.16801834106445,8425600
2015-03-20,60.161338806152344,14383800
2015-03-23,59.891090393066406,8932100
2015-03-24,59.781532287597656,6446100
2015-03-25,60.83329391479492,8243100
2015-03-26,60.738346099853516,8150500
2015-03-27,60.847904205322266,5729100
2015-03-30,61.70245361328125,6537900
2015-03-31,60.94284439086914,7304700
2015-04-01,61.556373596191406,7808400
2015-04-02,61.6367073059082,6039400
2015-04-06,62.74687957763672,8092500
2015-04-07,63.00982666015625,7175700
2015-04-08,62.900245666503906,8739200
2015-04-09,64.60205078125,9207300
2015-04-10,65.08406829833984,7315700
2015-04-13,64.28797149658203,7936900
2015-04-14,64.85767364501953,12053100
2015-04-15,67.19490051269531,13207800
2015-04-16,67.11456298828125,17143200
2015-04-17,67.82304382324219,20002600
2015-04-20,67.53815460205078,8938000
2015-04-21,66.67633056640625,6850200
2015-04-22,67.31175994873047,5910200
2015-04-23,67.9617691040039,6192500
2015-04-24,66.9100570678711,7604000
2015-04-27,67.43592834472656,7422500
2015-04-28,67.67694091796875,4480500
2015-04-29,68.86016082763672,8134100
2015-04-30,69.10118103027344,8166600
2015-05-01,67.92528533935547,6926700
2015-05-04,67.91065216064453,4993700
2015-05-05,67.22412872314453,7349800
2015-05-06,67.39208984375,6665500
2015-05-07,65.902099609375,8670100
2015-05-08,67.50895690917969,6078900
2015-05-11,67.02689361572266,7335800
2015-05-12,67.53815460205078,5088100
2015-05-13,67.56737518310547,5913600
2015-05-14,67.31903839111328,5266400
2015-05-15,67.29718780517578,4640500
2015-05-18,67.74267578125,4023600
2015-05-19,66.14314270019531,6213000
2015-05-20,66.28189849853516,4476300
2015-05-21,67.216796875,5117000
2015-05-22,67.20947265625,4104200
2015-05-26,66.27462005615234,6106700
2015-05-27,66.4645004272461,5406800
2015-05-28,66.20885467529297,4400300
2015-05-29,66.29651641845703,6089700
2015-06-01,66.57560729980469,5003300
2015-06-02,67.19985961914062,5290600
2015-06-03,67.09705352783203,3967200
2015-06-04,66.149658203125,6451800
2015-06-05,66.22309875488281,7120000
2015-06-08,65.63554382324219,7115200
2015-06-09,65.99540710449219,5077800
2015-06-10,67.29535675048828,6045600
2015-06-11,66.59029388427734,5134600
2015-06-12,66.2083969116211,3997800
2015-06-15,65.67962646484375,5330500
2015-06-16,65.87052917480469,3731700
2015-06-17,65.85585021972656,4656400
2015-06-18,65.09207153320312,7862800
2015-06-19,63.61587905883789,13888600
2015-06-22,63.87294006347656,7415400
2015-06-23,64.62937927246094,5931000
2015-06-24,64.26952362060547,6565600
2015-06-25,63.652584075927734,5865800
2015-06-26,63.652584075927734,25487300
2015-06-29,62.91083908081055,7008400
2015-06-30,63.30008316040039,8043500
2015-07-01,61.912010192871094,10109000
2015-07-02,61.699031829833984,7607200
2015-07-06,61.31711959838867,7612700
2015-07-07,61.838584899902344,9442300
2015-07-08,60.89849853515625,6747000
2015-07-09,61.361175537109375,7410500
2015-07-10,61.66230773925781,6512200
2015-07-13,61.904659271240234,5613700
2015-07-14,62.63909149169922,6151600
2015-07-15,61.41993713378906,8792900
2015-07-16,61.61091232299805,6623500
2015-07-17,61.478702545166016,9097800
2015-07-20,61.339149475097656,7110800
2015-07-21,61.912010192871094,7809200
2015-07-22,62.61704635620117,10589000
2015-07-23,63.175209045410156,6419300
2015-07-24,60.88380813598633,8745800
2015-07-27,60.04656982421875,7186200
2015-07-28,60.590023040771484,8330600
2015-07-29,61.61091232299805,8491100
2015-07-30,61.339149475097656,4653500
2015-07-31,60.825069427490234,5568600
2015-08-03,60.28157424926758,6808800
2015-08-04,60.42112731933594,4707300
2015-08-05,60.590023040771484,5812500
2015-08-06,61.39055252075195,8265700
2015-08-07,60.40642547607422,6275900
2015-08-10,62.014808654785156,6776600
2015-08-11,61.95606994628906,6088400
2015-08-12,62.30126190185547,6682100
2015-08-13,61.75777053833008,5908500
2015-08-14,61.58884811401367,4201500
2015-08-17,61.324466705322266,4845400
2015-08-18,61.06741714477539,5106500
2015-08-19,59.246028900146484,9410300
2015-08-20,58.34269714355469,8483800
2015-08-21,56.91791534423828,11130500
2015-08-24,54.2519645690918,17350900
2015-08-25,53.260475158691406,12085200
2015-08-26,51.475826263427734,58004300
2015-08-27,54.23727035522461,28622100
2015-08-28,55.86033630371094,15702900
2015-08-31,57.198455810546875,17008400
2015-09-01,55.75685119628906,14970000
2015-09-02,55.749454498291016,12993100
2015-09-03,56.37782669067383,11091000
2015-09-04,55.44632339477539,9072100
2015-09-08,55.845558166503906,7189500
2015-09-09,55.00278854370117,10927200
2015-09-10,54.7587890625,8261000
2015-09-11,54.48527526855469,8359800
2015-09-14,53.8494873046875,5997600
2015-09-15,54.403953552246094,8408800
2015-09-16,56.303916931152344,7685200
2015-09-17,55.66813278198242,8500100
2015-09-18,53.62771224975586,12646500
2015-09-21,53.87166213989258,5935900
2015-09-22,53.64987564086914,5894900
2015-09-23,53.18415069580078,5726700
2015-09-24,53.73860549926758,7655300
2015-09-25,53.89385223388672,5655600
2015-09-28,51.2841682434082,9189100
2015-09-29,51.084564208984375,11467000
2015-09-30,50.98846435546875,11785800
2015-10-01,50.01260757446289,12055400
2015-10-02,51.986488342285156,12738800
2015-10-05,53.29500198364258,8800800
2015-10-06,54.6627197265625,11672500
2015-10-07,55.70508575439453,12631100
2015-10-08,56.658775329589844,8446600
2015-10-09,56.451786041259766,6842500
2015-10-12,55.40199279785156,7575700
2015-10-13,55.18020248413086,6666300
2015-10-14,55.4537353515625,7187800
2015-10-15,56.303916931152344,11034700
2015-10-16,55.0840950012207,17828700
2015-10-19,54.8105583190918,7586000
2015-10-20,55.85295486450195,8901400
2015-10-21,55.91209030151367,7928600
2015-10-22,57.85642623901367,9091200
2015-10-23,57.92293167114258,8867400
2015-10-26,57.035789489746094,7887200
2015-10-27,56.88795852661133,9291600
2015-10-28,58.499576568603516,11293200
2015-10-29,58.174320220947266,6612800
2015-10-30,57.78248596191406,9474800
2015-11-02,58.721378326416016,8480100
2015-11-03,60.2664909362793,10257000
2015-11-04,59.3719482421875,8788400
2015-11-05,58.255638122558594,6730900
2015-11-06,58.44782257080078,7444300
2015-11-09,57.59766387939453,5860000
2015-11-10,58.23345947265625,5949900
2015-11-11,57.390682220458984,5575200
2015-11-12,56.629180908203125,8141900
2015-11-13,56.289127349853516,7311400
2015-11-16,57.90815734863281,6662500
2015-11-17,56.732696533203125,5579200
2015-11-18,58.07081985473633,6955100
2015-11-19,57.60505294799805,6674600
2015-11-20,57.035789489746094,8480500
2015-11-23,57.08757019042969,5859600
2015-11-24,57.79725646972656,6960500
2015-11-25,57.316741943359375,4055400
2015-11-27,57.16889572143555,3147300
2015-11-30,57.40697479248047,7979400
2015-12-01,58.165977478027344,8172200
2015-12-02,56.40990447998047,9595000
2015-12-03,55.66581344604492,8292700
2015-12-04,55.591400146484375,8605300
2015-12-07,54.17018127441406,10563000
2015-12-08,53.202857971191406,8305200
2015-12-09,53.6641960144043,9310300
2015-12-10,53.187965393066406,7200900
2015-12-11,51.95275115966797,9436100
2015-12-14,52.10160446166992,11322500
2015-12-15,53.45584487915039,10511800
2015-12-16,52.994503021240234,7865600
2015-12-17,51.491424560546875,8278600
2015-12-18,50.10740661621094,15152600
2015-12-21,50.56129837036133,7861300
2015-12-22,51.70722198486328,7950900
2015-12-23,52.8382568359375,7757700
2015-12-24,52.48108673095703,2968800
2015-12-28,52.399227142333984,6616900
2015-12-29,52.4661979675293,6987000
2015-12-30,51.818817138671875,5744600
2015-12-31,51.90068435668945,5271100
2016-01-04,51.476539611816406,9160200
2016-01-05,51.71464920043945,6783600
2016-01-06,50.375267028808594,11923000
2016-01-07,49.25170135498047,12041000
2016-01-08,48.425750732421875,9657900
2016-01-11,48.2397346496582,8693100
2016-01-12,48.17274475097656,10189000
2016-01-13,47.58491897583008,12729900
2016-01-14,48.12811279296875,13814700
2016-01-15,46.885475158691406,14702300
2016-01-19,46.74409866333008,11463500
2016-01-20,45.43449020385742,16075400
2016-01-21,45.72468566894531,12999400
2016-01-22,48.515037536621094,19387700
2016-01-25,47.10126495361328,13865300
2016-01-26,48.611778259277344,13829900
2016-01-27,48.775482177734375,12629000
2016-01-28,51.722084045410156,16450700
2016-01-29,53.775787353515625,18255300
2016-02-01,53.17308807373047,12047100
2016-02-02,51.22353744506836,13600800
2016-02-03,52.70431137084961,12837100
2016-02-04,52.488529205322266,10892700
2016-02-05,51.20124053955078,16470500
2016-02-08,51.92299270629883,12547500
2016-02-09,50.44969177246094,11138200
2016-02-10,50.397613525390625,8324500
2016-02-11,51.21611022949219,12122900
2016-02-12,52.7001953125,10756300
2016-02-16,53.7795524597168,9571800
2016-02-17,54.664005279541016,10132100
2016-02-18,54.476600646972656,8123700
2016-02-19,54.619022369384766,8339000
2016-02-22,55.74334716796875,7649900
2016-02-23,54.026885986328125,8201900
2016-02-24,54.12432861328125,7857700
2016-02-25,54.2292594909668,6358300
2016-02-26,54.3192138671875,6000700
2016-02-29,53.757049560546875,7726100
2016-03-01,55.473506927490234,8321000
2016-03-02,55.773319244384766,8584000
2016-03-03,56.10310745239258,7811500
2016-03-04,56.08811950683594,11415900
2016-03-07,57.085018157958984,9614000
2016-03-08,54.49159622192383,8727100
2016-03-09,54.529083251953125,6966600
2016-03-10,54.85139083862305,7058400
2016-03-11,56.21553039550781,8054500
2016-03-14,55.04627227783203,5949500
2016-03-15,54.888858795166016,6815400
2016-03-16,54.978797912597656,7173100
2016-03-17,55.87076187133789,7072100
2016-03-18,55.10623550415039,9549100
2016-03-21,56.133094787597656,7508500
2016-03-22,55.1736946105957,6230700
2016-03-23,54.68647384643555,5923600
2016-03-24,54.40165328979492,8185200
2016-03-28,54.566566467285156,8008800
2016-03-29,54.716453552246094,10450200
2016-03-30,55.773319244384766,8328700
2016-03-31,55.27863311767578,8608700
2016-04-01,54.056880950927734,21467800
2016-04-04,54.446624755859375,9265300
2016-04-05,54.46161651611328,9575200
2016-04-06,54.83638381958008,10080700
2016-04-07,53.97441482543945,7505800
2016-04-08,55.35358810424805,6129600
2016-04-11,55.37605285644531,7465100
2016-04-12,56.890140533447266,8227600
2016-04-13,57.991966247558594,8647500
2016-04-14,57.834556579589844,5349700
2016-04-15,57.159950256347656,6869900
2016-04-18,58.05193328857422,5947500
2016-04-19,59.693424224853516,10334200
2016-04-20,60.787757873535156,12106100
2016-04-21,60.16562271118164,8294100
2016-04-22,59.910797119140625,9933400
2016-04-25,59.04132843017578,6684400
2016-04-26,59.36361312866211,5452600
2016-04-27,60.4129638671875,7311700
2016-04-28,59.79836654663086,6661100
2016-04-29,60.218074798583984,8606600
2016-05-02,59.51352310180664,7388100
2016-05-03,57.88702392578125,8861400
2016-05-04,56.76272201538086,7859000
2016-05-05,56.515380859375,7306900
2016-05-06,56.30550765991211,8083800
2016-05-09,54.544071197509766,10161700
2016-05-10,55.6609001159668,7380900
2016-05-11,55.32359313964844,5815800
2016-05-12,55.533477783203125,5058100
2016-05-13,54.28921890258789,6090400
2016-05-16,55.46601486206055,5407100
2016-05-17,56.125587463378906,7226300
2016-05-18,54.843875885009766,6077900
2016-05-19,55.615909576416016,8874800
2016-05-20,56.1855583190918,7389400
2016-05-23,56.22303771972656,6250900
2016-05-24,56.680267333984375,6500600
2016-05-25,58.3967170715332,7489300
2016-05-26,58.374229431152344,7932200
2016-05-27,58.21581268310547,5050300
2016-05-31,57.55949401855469,5780000
2016-06-01,57.22754669189453,5542200
2016-06-02,56.91825866699219,4827300
2016-06-03,57.054046630859375,4342200
2016-06-06,59.664222717285156,8019200
2016-06-07,60.426143646240234,8546400
2016-06-08,60.96177291870117,6979900
2016-06-09,60.320526123046875,5030200
2016-06-10,59.24176788330078,5585100
2016-06-13,58.570377349853516,5115400
2016-06-14,58.4345703125,5361900
2016-06-15,57.974395751953125,5384800
2016-06-16,57.58967208862305,6033100
2016-06-17,58.464759826660156,6583900
2016-06-20,58.532657623291016,5257200
2016-06-21,59.234214782714844,5634800
2016-06-22,59.04561996459961,5274000
2016-06-23,60.04141616821289,4734400
2016-06-24,57.83107376098633,9561500
2016-06-27,56.631614685058594,7036800
2016-06-28,57.80844497680664,5555300
2016-06-29,58.71370315551758,5854500
2016-06-30,59.656681060791016,4941300
2016-07-01,59.988609313964844,4050100
2016-07-05,58.562835693359375,5656900
2016-07-06,58.887210845947266,4562800
2016-07-07,58.61562728881836,4922500
2016-07-08,59.40018081665039,4217400
2016-07-11,58.8570442199707,4702800
2016-07-12,60.08669662475586,6356300
2016-07-13,59.50580978393555,5328900
2016-07-14,59.67176055908203,3817600
2016-07-15,59.860355377197266,4723400
2016-07-18,60.1243782043457,4333600
2016-07-19,60.20738220214844,5780700
2016-07-20,60.80332565307617,5937900
2016-07-21,60.36579132080078,6140700
2016-07-22,61.565277099609375,10027500
2016-07-25,60.886322021484375,11223400
2016-07-26,60.80332565307617,11685500
2016-07-27,60.26019287109375,8415100
2016-07-28,59.634029388427734,5567300
2016-07-29,60.74298095703125,6200600
2016-08-01,59.18895721435547,8197800
2016-08-02,59.51333999633789,6648300
2016-08-03,60.064056396484375,5416300
2016-08-04,60.64491653442383,8183100
2016-08-05,61.2559700012207,6838600
2016-08-08,62.236671447753906,6213900
2016-08-09,61.731231689453125,4143800
2016-08-10,60.99193572998047,3863100
2016-08-11,61.48227310180664,4385400
2016-08-12,61.2559700012207,3902400
2016-08-15,61.889652252197266,4016000
2016-08-16,61.799137115478516,3584400
2016-08-17,62.01788330078125,3905500
2016-08-18,63.26263427734375,5467000
2016-08-19,62.84772491455078,5185600
2016-08-22,61.8972053527832,5091600
2016-08-23,61.67087936401367,4473700
2016-08-24,61.35405349731445,4462500
2016-08-25,61.36159133911133,3767100
2016-08-26,61.02967071533203,4535400
2016-08-29,61.21070861816406,3359000
2016-08-30,60.83353042602539,7873600
2016-08-31,59.596317291259766,8306100
2016-09-01,59.56614685058594,6705200
2016-09-02,59.63447570800781,4912100
2016-09-06,59.80908966064453,5560900
2016-09-07,59.6800422668457,3970700
2016-09-08,60.264610290527344,4845300
2016-09-09,58.882850646972656,7626600
2016-09-12,59.824283599853516,6343100
2016-09-13,58.51847457885742,7482000
2016-09-14,57.97944641113281,5190400
2016-09-15,58.305908203125,5177400
2016-09-16,57.94908142089844,7243200
2016-09-19,57.66817855834961,5925000
2016-09-20,57.22026062011719,6821800
2016-09-21,58.12368392944336,7152500
2016-09-22,58.4653205871582,5639400
2016-09-23,57.63780212402344,6847400
2016-09-26,57.37968826293945,5499300
2016-09-27,57.189884185791016,6457200
2016-09-28,59.22450256347656,9420800
2016-09-29,58.7386360168457,9859500
2016-09-30,59.702789306640625,6485700
2016-10-03,59.90019989013672,4854700
2016-10-04,59.626888275146484,5211100
2016-10-05,60.849185943603516,7249400
2016-10-06,61.81337356567383,6469500
2016-10-07,61.72985076904297,5305300
2016-10-10,62.504234313964844,4565100
2016-10-11,62.01833724975586,5063000
2016-10-12,61.82852554321289,4059400
2016-10-13,61.89686965942383,4656600
2016-10-14,61.7374382019043,4681500
2016-10-17,61.47932052612305,3710900
2016-10-18,61.79058837890625,3956800
2016-10-19,63.34691619873047,9926100
2016-10-20,63.00532531738281,7773200
2016-10-21,61.09210205078125,10221800
2016-10-24,60.97065353393555,5617400
2016-10-25,60.90232467651367,5436600
2016-10-26,60.750484466552734,4238200
2016-10-27,60.4316291809082,3919600
2016-10-28,60.127952575683594,5001000
2016-10-31,59.391536712646484,6225100
2016-11-01,59.74836349487305,6825500
2016-11-02,59.03471755981445,6395900
2016-11-03,59.56615447998047,4935800
2016-11-04,59.09547805786133,5178300
2016-11-07,60.54550552368164,4756400
2016-11-08,60.61383056640625,4012600
2016-11-09,60.68975830078125,6737600
2016-11-10,60.64421081542969,6798600
2016-11-11,59.717994689941406,4955700
2016-11-14,59.755950927734375,6060900
2016-11-15,61.61595916748047,5833900
2016-11-16,61.524879455566406,4501300
2016-11-17,60.811222076416016,4733600
2016-11-18,60.73530578613281,3951100
2016-11-21,62.033531188964844,5202100
2016-11-22,61.87407302856445,4646400
2016-11-23,61.79818344116211,3122000
2016-11-25,61.71467590332031,1819700
2016-11-28,61.54005432128906,5909400
2016-11-29,60.67456817626953,6326400
2016-11-30,63.81002426147461,13534300
2016-12-01,64.23519134521484,7991700
2016-12-02,64.53887176513672,5090300
2016-12-05,64.47773742675781,5976100
2016-12-06,64.11883544921875,4878600
2016-12-07,64.41665649414062,5138900
2016-12-08,64.50831604003906,4848400
2016-12-09,64.74505615234375,4829000
2016-12-12,64.92070770263672,8233600
2016-12-13,65.77601623535156,6273400
2016-12-14,65.03524017333984,5858700
2016-12-15,65.12688446044922,6171000
2016-12-16,65.29491424560547,9524800
2016-12-19,65.00469970703125,3155900
2016-12-20,65.12688446044922,5185600
2016-12-21,65.7989273071289,4825200
2016-12-22,65.96694946289062,3991700
2016-12-23,65.30253601074219,2894200
2016-12-27,65.24906158447266,2634200
2016-12-28,64.63050079345703,4222700
2016-12-29,64.30211639404297,3535400
2016-12-30,64.1112060546875,4149700
2017-01-03,64.76036071777344,6667100
2017-01-04,65.24143981933594,4655400
2017-01-05,65.14217376708984,4543000
2017-01-06,66.04330444335938,5689900
2017-01-09,65.50108337402344,4336500
2017-01-10,64.60757446289062,4306200
2017-01-11,65.4170913696289,4149600
2017-01-12,65.1650619506836,4286500
2017-01-13,64.7756118774414,5117000
2017-01-17,66.005126953125,5795300
2017-01-18,66.8070068359375,8744900
2017-01-19,66.5931396484375,7261400
2017-01-20,66.05096435546875,10368600
2017-01-23,64.35558319091797,6870200
2017-01-24,64.59233856201172,6027400
2017-01-25,65.30253601074219,5939500
2017-01-26,64.8214111328125,5623600
2017-01-27,64.53121948242188,4758200
2017-01-30,63.8515510559082,5550700
2017-01-31,63.92792510986328,4567900
2017-02-01,63.51553726196289,5193600
2017-02-02,62.95804977416992,8857700
2017-02-03,63.00385284423828,5084000
2017-02-06,62.385276794433594,5958000
2017-02-07,61.91178512573242,5841700
2017-02-08,61.949989318847656,5366400
2017-02-09,62.018707275390625,6119000
2017-02-10,62.74419021606445,6199900
2017-02-13,62.86713790893555,4135800
2017-02-14,63.358882904052734,4672300
2017-02-15,62.81334686279297,4947600
2017-02-16,62.33698272705078,5097900
2017-02-17,61.96817398071289,4345600
2017-02-21,61.99119567871094,4746100
2017-02-22,61.238197326660156,5905400
2017-02-23,61.82986068725586,5754100
2017-02-24,61.583980560302734,5464100
2017-02-27,62.283206939697266,8033000
2017-02-28,61.74532699584961,7842000
2017-03-01,63.21289825439453,6692400
2017-03-02,62.198665618896484,5104500
2017-03-03,62.006561279296875,3357000
2017-03-06,62.02194595336914,5524600
2017-03-07,61.430301666259766,5807400
2017-03-08,60.008846282958984,10152900
2017-03-09,60.4698600769043,9411800
2017-03-10,60.462188720703125,5633400
2017-03-13,60.385337829589844,6708900
2017-03-14,60.22397994995117,6541800
2017-03-15,61.66081619262695,7968100
2017-03-16,61.19981384277344,6196400
2017-03-17,61.122947692871094,8645700
2017-03-20,60.63888931274414,7318900
2017-03-21,60.462188720703125,6210500
2017-03-22,60.22397994995117,5341500
2017-03-23,59.678443908691406,5804100
2017-03-24,59.132904052734375,9805900
2017-03-27,59.17900848388672,6435100
2017-03-28,60.170169830322266,7274600
2017-03-29,60.44682312011719,4403000
2017-03-30,59.80908203125,5585100
2017-03-31,60.008846282958984,5858500
2017-04-03,59.701499938964844,6994700
2017-04-04,60.09334945678711,4687800
2017-04-05,60.16252136230469,5290600
2017-04-06,60.40837097167969,5128500
2017-04-07,60.18555450439453,4265200
2017-04-10,60.477542877197266,3339900
2017-04-11,61.19981384277344,6722200
2017-04-12,61.13834762573242,6024200
2017-04-13,60.047264099121094,5030200
2017-04-17,60.116424560546875,5559300
2017-04-18,59.878211975097656,4078800
2017-04-19,58.76411056518555,8138400
2017-04-20,58.78715515136719,8053900
2017-04-21,57.50400161743164,14539700
2017-04-24,56.935401916503906,8461800
2017-04-25,56.92772674560547,9066400
2017-04-26,56.94312286376953,6064800
2017-04-27,55.96726608276367,10844900
2017-04-28,55.77518081665039,7214400
2017-05-01,55.55236053466797,6909400
2017-05-02,54.899253845214844,9142000
2017-05-03,54.960716247558594,7843600
2017-05-04,54.50739669799805,12175200
2017-05-05,55.29880905151367,11115400
2017-05-08,55.49089050292969,8160500
2017-05-09,55.536991119384766,6631900
2017-05-10,55.83665466308594,7021200
2017-05-11,55.15281677246094,7380200
2017-05-12,54.56885528564453,7308500
2017-05-15,55.32184600830078,8573000
2017-05-16,54.837791442871094,7029200
2017-05-17,54.545806884765625,6347700
2017-05-18,54.883880615234375,6073400
2017-05-19,55.1297721862793,7681800
2017-05-22,55.237327575683594,6209800
2017-05-23,55.390995025634766,4969900
2017-05-24,54.83010482788086,5257900
2017-05-25,53.316429138183594,14649400
2017-05-26,53.854278564453125,8960700
2017-05-30,53.19649124145508,7263500
2017-05-31,53.854278564453125,8944200
2017-06-01,54.00132369995117,5874800
2017-06-02,53.36674499511719,8646500
2017-06-05,53.60663604736328,4670800
2017-06-06,54.14836120605469,6588600
2017-06-07,53.14232635498047,10227700
2017-06-08,52.863712310791016,7739800
2017-06-09,53.92393493652344,8141100
2017-06-12,53.637603759765625,7999200
2017-06-13,53.668540954589844,7882700
2017-06-14,52.763126373291016,10261300
2017-06-15,52.10532760620117,9465900
2017-06-16,53.07267379760742,10179200
2017-06-19,52.70120620727539,5037600
2017-06-20,51.6564826965332,9580000
2017-06-21,50.66590118408203,11374200
2017-06-22,50.5885124206543,8088000
2017-06-23,51.021888732910156,7402500
2017-06-26,50.990936279296875,8042700
2017-06-27,50.580772399902344,6498400
2017-06-28,50.495643615722656,6243500
2017-06-29,50.59624481201172,7194800
2017-06-30,50.952239990234375,7981900
2017-07-03,51.826717376708984,5201400
2017-07-05,50.874839782714844,8872900
2017-07-06,50.402774810791016,6503800
2017-07-07,50.36408233642578,6743400
2017-07-10,50.57304382324219,5873600
2017-07-11,50.91355514526367,5534000
2017-07-12,50.75102996826172,6497600
2017-07-13,51.455257415771484,6252300
2017-07-14,51.73387145996094,5340600
2017-07-17,51.7183837890625,6438500
2017-07-18,51.21535873413086,5359800
2017-07-19,52.19044494628906,6642300
2017-07-20,51.86540985107422,7458200
2017-07-21,51.4862060546875,10910300
2017-07-24,51.40108871459961,6211000
2017-07-25,51.8576774597168,6947200
2017-07-26,51.842193603515625,8350800
2017-07-27,52.45356369018555,6968600
2017-07-28,52.97980880737305,10545600
2017-07-31,53.088130950927734,10621100
2017-08-01,53.40544128417969,10295700
2017-08-02,53.498287200927734,7973400
2017-08-03,52.794090270996094,9869700
2017-08-04,52.267826080322266,5411600
2017-08-07,51.501686096191406,5756600
2017-08-08,50.681373596191406,8700100
2017-08-09,50.681373596191406,6274900
2017-08-10,49.83784484863281,8060500
2017-08-11,49.396728515625,4627500
2017-08-14,49.48960876464844,4961000
2017-08-15,49.09491729736328,6850800
2017-08-16,49.30388259887695,6329600
2017-08-17,48.77762985229492,5292100
2017-08-18,49.00205612182617,9096300
2017-08-21,48.75441360473633,4498200
2017-08-22,49.0252799987793,4710200
2017-08-23,48.90146255493164,4433400
2017-08-24,48.66155242919922,5674100
2017-08-25,49.43544006347656,5712600
2017-08-28,49.10266876220703,4505600
2017-08-29,49.14136505126953,4076300
2017-08-30,49.05622863769531,4629100
2017-08-31,49.14909744262695,5833500
2017-09-01,49.414310455322266,4907400
2017-09-05,50.779335021972656,7517600
2017-09-06,51.26294708251953,6806200
2017-09-07,51.37995529174805,4236400
2017-09-08,50.592132568359375,5487000
2017-09-11,51.30194091796875,5617100
2017-09-12,51.816768646240234,5308600
2017-09-13,52.1989860534668,5728200
2017-09-14,52.8073844909668,5954100
2017-09-15,52.448577880859375,11428400
2017-09-18,52.93999481201172,6688900
2017-09-19,52.95560836791992,6817200
2017-09-20,52.74498748779297,6766000
2017-09-21,53.111602783203125,8315100
2017-09-22,53.6654167175293,6797600
2017-09-25,54.32841873168945,6914300
2017-09-26,53.68102264404297,6393400
2017-09-27,53.88381576538086,6043100
2017-09-28,53.946231842041016,6464300
2017-09-29,54.41423034667969,6559100
2017-10-02,54.07101821899414,7254800
2017-10-03,53.868228912353516,6124500
2017-10-04,53.68102264404297,6319700
2017-10-05,53.72001266479492,6293100
2017-10-06,53.30659866333008,5717400
2017-10-09,53.2988166809082,3587100
2017-10-10,53.2988166809082,3824700
2017-10-11,52.83858871459961,8060500
2017-10-12,52.48757553100586,6225800
2017-10-13,52.39397048950195,4248700
2017-10-16,52.105377197265625,4846100
2017-10-17,51.87136459350586,6621400
2017-10-18,51.41115188598633,5936500
2017-10-19,50.31132507324219,13577600
2017-10-20,49.25830841064453,19259600
2017-10-23,48.291072845458984,14054100
2017-10-24,48.70448303222656,9639500
2017-10-25,49.4845085144043,10748200
2017-10-26,49.42990493774414,8668300
2017-10-27,49.57030487060547,12972700
2017-10-30,50.00712585449219,6632800
2017-10-31,49.92131423950195,8519500
2017-11-01,50.139732360839844,11329300
2017-11-02,49.336307525634766,8984100
2017-11-03,49.59370803833008,10035100
2017-11-06,52.32379150390625,14246300
2017-11-07,51.816768646240234,7147400
2017-11-08,52.30817794799805,8008300
2017-11-09,52.175575256347656,6163400
2017-11-10,51.27854537963867,6577000
2017-11-13,50.732540130615234,5506300
2017-11-14,48.96968460083008,10606800
2017-11-15,48.0102653503418,11273200
2017-11-16,47.82307052612305,7791600
2017-11-17,48.330074310302734,8088700
2017-11-20,48.14287185668945,7103500
2017-11-21,48.26766586303711,8491100
2017-11-22,48.47047424316406,7610300
2017-11-24,48.30666732788086,2967500
2017-11-27,47.862064361572266,6741600
2017-11-28,48.587486267089844,8737700
2017-11-29,48.4782829284668,8805900
2017-11-30,49.0242919921875,11308900
2017-12-01,50.49074935913086,11964000
2017-12-04,50.38932418823242,9505000
2017-12-05,49.87835693359375,8212800
2017-12-06,48.79353713989258,9299300
2017-12-07,48.79353713989258,7862500
2017-12-08,49.94911575317383,11030100
2017-12-11,50.750938415527344,11702900
2017-12-12,50.45220947265625,6487800
2017-12-13,49.760440826416016,7485600
2017-12-14,49.02936935424805,8550100
2017-12-15,48.80925369262695,15834700
2017-12-18,49.99627685546875,10716600
2017-12-19,50.617305755615234,8949500
2017-12-20,51.316932678222656,9227500
2017-12-21,53.34508514404297,15943700
2017-12-22,53.01491165161133,6695900
2017-12-26,53.148563385009766,5028200
2017-12-27,53.39223861694336,7107900
2017-12-28,53.030643463134766,4386800
2017-12-29,52.97560119628906,5918800
2018-01-02,54.6500129699707,8678200
2018-01-03,56.07286071777344,9529200
2018-01-04,57.464263916015625,12252300
2018-01-05,57.857337951660156,8552700
2018-01-08,58.80065155029297,9778900
2018-01-09,58.8792610168457,9370300
2018-01-10,59.429542541503906,10017600
2018-01-11,60.569393157958984,10248700
2018-01-12,61.2926139831543,9211500
2018-01-16,60.66371536254883,11902500
2018-01-17,60.69515609741211,8009600
2018-01-18,60.03483581542969,10588500
2018-01-19,60.07414245605469,13389800
2018-01-22,62.723304748535156,13192700
2018-01-23,62.26736831665039,9332600
2018-01-24,61.45768356323242,10369000
2018-01-25,60.78950881958008,7142000
2018-01-26,61.0096321105957,6055300
2018-01-29,60.042694091796875,7877900
2018-01-30,58.596256256103516,11371000
2018-01-31,57.84159469604492,10198700
2018-02-01,59.35879135131836,8671600
2018-02-02,57.9280891418457,9066600
2018-02-05,56.08860397338867,11310300
2018-02-06,56.23900604248047,12391900
2018-02-07,55.2177619934082,7345000
2018-02-08,53.35739517211914,12186000
2018-02-09,51.60784149169922,19725600
2018-02-12,52.91407012939453,11382800
2018-02-13,52.18574142456055,7959900
2018-02-14,52.14616012573242,13030900
2018-02-15,52.41532897949219,8844500
2018-02-16,52.47073745727539,7512500
2018-02-20,51.940338134765625,6840700
2018-02-21,50.9824333190918,7855000
2018-02-22,51.42576217651367,8393800
2018-02-23,52.64490509033203,7652000
2018-02-26,52.82697677612305,6605000
2018-02-27,52.969478607177734,8736100
2018-02-28,51.964080810546875,10144600
2018-03-01,51.631595611572266,9674000
2018-03-02,51.829498291015625,6797200
2018-03-05,52.37575149536133,5274300
2018-03-06,52.7478141784668,5131400
2018-03-07,52.431156158447266,5851900
2018-03-08,52.83488845825195,6099100
2018-03-09,54.44985580444336,8309700
2018-03-12,53.903621673583984,5226700
2018-03-13,53.151554107666016,6964300
2018-03-14,52.58948516845703,5963300
2018-03-15,51.73450469970703,6310900
2018-03-16,52.3282470703125,9394300
2018-03-19,51.21992874145508,6097500
2018-03-20,51.900753021240234,5446300
2018-03-21,53.626556396484375,7240300
2018-03-22,51.869083404541016,7500000
2018-03-23,50.776611328125,8622100
2018-03-26,51.02992248535156,7386100
2018-03-27,51.04576873779297,6318000
2018-03-28,50.04036331176758,7702900
2018-03-29,51.283267974853516,7282800
2018-04-02,50.254112243652344,7598600
2018-04-03,51.29117202758789,8844500
2018-04-04,51.30701446533203,6645700
2018-04-05,52.06699752807617,6032900
2018-04-06,50.95077133178711,7515900
2018-04-09,50.87159729003906,6369700
2018-04-10,52.8111457824707,8172300
2018-04-11,53.47613525390625,8141900
2018-04-12,53.48404312133789,5845300
2018-04-13,53.79279327392578,7853500
2018-04-16,54.24403762817383,9026400
2018-04-17,54.35488510131836,6490400
2018-04-18,55.68485641479492,8640300
2018-04-19,55.637351989746094,7184700
2018-04-20,54.806114196777344,9967400
2018-04-23,54.552791595458984,6792000
2018-04-24,54.05403137207031,7474500
2018-04-25,54.70319747924805,5994000
2018-04-26,54.99611282348633,8145000
2018-04-27,54.68737030029297,4559500
2018-04-30,54.275699615478516,6249900
2018-05-01,54.1490478515625,6197600
2018-05-02,54.35488510131836,6460300
2018-05-03,53.61071014404297,6563900
2018-05-04,54.457786560058594,5620900
2018-05-07,54.79027557373047,6388900
2018-05-08,55.05152130126953,6142300
2018-05-09,56.112327575683594,7774400
2018-05-10,56.30232620239258,5650400
2018-05-11,56.27066421508789,5449200
2018-05-14,56.68232727050781,5142400
2018-05-15,56.68232727050781,3571600
2018-05-16,57.87772750854492,7121700
2018-05-17,58.922725677490234,10825700
2018-05-18,58.8118896484375,5715400
2018-05-21,59.39768981933594,4641200
2018-05-22,58.36854934692383,5881200
2018-05-23,58.14690017700195,5737200
2018-05-24,56.38149642944336,8648500
2018-05-25,54.307373046875,10719800
2018-05-29,53.88779830932617,8369200
2018-05-30,55.004032135009766,7710300
2018-05-31,54.3627815246582,8419700
2018-06-01,54.59237289428711,6512800
2018-06-04,54.679443359375,8104200
2018-06-05,54.59173583984375,7058000
2018-06-06,54.93463134765625,6387900
2018-06-07,55.50080108642578,8330600
2018-06-08,55.3652458190918,5125200
2018-06-11,55.71611785888672,6970700
2018-06-12,54.70337677001953,9664000
2018-06-13,54.20100021362305,7161000
2018-06-14,54.488075256347656,7104000
2018-06-15,53.29193115234375,15094700
2018-06-18,53.45939254760742,6110400
2018-06-19,52.390838623046875,11577800
2018-06-20,52.271240234375,7567700
2018-06-21,51.66518020629883,6371400
2018-06-22,53.092567443847656,10995000
2018-06-25,52.17552185058594,7608700
2018-06-26,52.64600372314453,5618500
2018-06-27,53.275970458984375,6856500
2018-06-28,53.43547439575195,5827800
2018-06-29,53.451419830322266,5350900
2018-07-02,52.00010299682617,9404700
2018-07-03,52.50247573852539,5207700
2018-07-05,52.97296142578125,6492800
2018-07-06,53.451419830322266,4303400
2018-07-09,54.49604415893555,5230900
2018-07-10,55.41309356689453,6343100
2018-07-11,54.49604415893555,7497400
2018-07-12,53.80229187011719,6217000
2018-07-13,54.28871536254883,4607000
2018-07-16,53.762413024902344,4544100
2018-07-17,53.22016143798828,6614300
2018-07-18,53.47533416748047,6493200
2018-07-19,53.36370086669922,7049000
2018-07-20,52.70183181762695,7510300
2018-07-23,52.42273712158203,8542800
2018-07-24,52.2473030090332,8872000
2018-07-25,52.45462417602539,7586700
2018-07-26,53.31584548950195,6497500
2018-07-27,53.45939254760742,5888100
2018-07-30,53.889991760253906,5816900
2018-07-31,53.8421630859375,5986900
2018-08-01,53.15636444091797,4834900
2018-08-02,52.582237243652344,4985000
2018-08-03,52.54235076904297,4588300
2018-08-06,52.42273712158203,4348800
2018-08-07,53.17231369018555,5745200
2018-08-08,52.9570198059082,3549300
2018-08-09,52.151611328125,4760800
2018-08-10,52.66197204589844,4851200
2018-08-13,51.8087158203125,4563400
2018-08-14,51.67316436767578,4851000
2018-08-15,49.671630859375,9831900
2018-08-16,49.83110427856445,6080800
2018-08-17,50.102230072021484,5657500
2018-08-20,50.63650894165039,3670300
2018-08-21,51.64125442504883,6092600
2018-08-22,51.9044075012207,5134400
2018-08-23,51.553550720214844,4430200
2018-08-24,52.03199768066406,6418000
2018-08-27,51.71302795410156,8459200
2018-08-28,51.091033935546875,9470700
2018-08-29,51.42595672607422,7611600
2018-08-30,51.306339263916016,6300100
2018-08-31,50.36537551879883,7953200
2018-09-04,49.77057647705078,8287000
2018-09-05,49.047176361083984,10127200
2018-09-06,48.39609909057617,9684100
2018-09-07,47.986167907714844,11056200
2018-09-10,48.21123504638672,6954600
2018-09-11,48.4845085144043,9782200
2018-09-12,48.88640594482422,7931700
2018-09-13,49.047176361083984,6006300
2018-09-14,49.21596145629883,8059100
2018-09-17,49.0069694519043,6825400
2018-09-18,49.02304458618164,6779700
2018-09-19,49.21596145629883,9367100
2018-09-20,49.489253997802734,7364100
2018-09-21,49.135581970214844,21545100
2018-09-24,49.513370513916016,8715200
2018-09-25,50.26089859008789,8517500
2018-09-26,48.934635162353516,10408600
2018-09-27,49.167728424072266,6553000
2018-09-28,48.96678924560547,7206600
2018-10-01,49.50532913208008,7667000
2018-10-02,49.74646759033203,5660200
2018-10-03,50.33323669433594,7315700
2018-10-04,50.51808547973633,6920100
2018-10-05,50.638671875,7358200
2018-10-08,50.59044647216797,4725700
2018-10-09,50.727081298828125,6410500
2018-10-10,48.88640594482422,10393700
2018-10-11,47.51997375488281,12620400
2018-10-12,47.68876647949219,9737400
2018-10-15,47.865596771240234,7302100
2018-10-16,47.970088958740234,6310100
2018-10-17,47.61642837524414,6484100
2018-10-18,46.96535873413086,11215300
2018-10-19,46.99751281738281,11347900
2018-10-22,45.66322708129883,13371500
2018-10-23,44.28070831298828,13516700
2018-10-24,42.60881423950195,16957500
2018-10-25,42.841915130615234,9850400
2018-10-26,42.52040481567383,11131300
2018-10-29,41.354915618896484,11125100
2018-10-30,42.05420684814453,12235800
2018-10-31,41.24237823486328,13260600
2018-11-01,41.52370071411133,10799400
2018-11-02,41.314720153808594,8458000
2018-11-05,41.76484298706055,8644900
2018-11-06,41.861305236816406,6433500
2018-11-07,42.05420684814453,9417300
2018-11-08,41.45941162109375,10936000
2018-11-09,40.51093292236328,13347100
2018-11-12,39.747337341308594,10256900
2018-11-13,38.05134201049805,19044100
2018-11-14,38.42913055419922,17285400
2018-11-15,38.646148681640625,16015200
2018-11-16,38.7586784362793,11775800
2018-11-19,38.83102035522461,9449600
2018-11-20,37.69767761230469,12276800
2018-11-21,38.29248046875,9262500
2018-11-23,37.271671295166016,8001400
2018-11-26,37.48065948486328,11263600
2018-11-27,37.13502502441406,11644400
2018-11-28,37.30381774902344,10630200
2018-11-29,36.893890380859375,13565000
2018-11-30,36.2508544921875,16183600
2018-12-03,37.21540451049805,12790700
2018-12-04,35.85029983520508,12979400
2018-12-06,34.38768768310547,23678300
2018-12-07,34.97272491455078,14196900
2018-12-10,34.103271484375,15376600
2018-12-11,33.510108947753906,19863000
2018-12-12,33.67262268066406,13509300
2018-12-13,33.33135223388672,15276200
2018-12-14,31.77122688293457,18278300
2018-12-17,31.7305965423584,20140600
2018-12-18,30.747394561767578,20384400
2018-12-19,30.70677375793457,25769400
2018-12-20,29.414791107177734,24543700
2018-12-21,29.008506774902344,30594300
2018-12-24,28.594106674194336,14037400
2018-12-26,29.74795150756836,19950500
2018-12-27,29.520423889160156,16779100
2018-12-28,29.739816665649414,15785500
2018-12-31,29.317289352416992,19349800
2019-01-02,30.227357864379883,15926100
2019-01-03,30.55238914489746,20007900
2019-01-04,31.763090133666992,19506600
2019-01-07,32.640663146972656,15736900
2019-01-08,33.046958923339844,13070200
2019-01-09,33.510108947753906,17909200
2019-01-10,33.84326171875,13299600
2019-01-11,33.91638946533203,13330500
2019-01-14,33.575111389160156,11804200
2019-01-15,33.9001579284668,9398400
2019-01-16,33.51823806762695,12481600
2019-01-17,33.61573791503906,13889800
2019-01-18,36.345943450927734,26638600
2019-01-22,35.72028350830078,21523500
2019-01-23,35.192115783691406,13765800
2019-01-24,35.395263671875,10990900
2019-01-25,36.565345764160156,15921400
2019-01-28,35.947811126708984,11225300
2019-01-29,35.752777099609375,8097500
2019-01-30,36.565345764160156,7961500
2019-01-31,35.92341995239258,15458100
2019-02-01,36.20782470703125,8583700
2019-02-04,36.240318298339844,12786700
2019-02-05,36.679107666015625,10662700
2019-02-06,36.62222671508789,6945800
2019-02-07,35.31400680541992,12647300
2019-02-08,34.761451721191406,9173500
2019-02-11,35.50088882446289,9541800
2019-02-12,36.21601104736328,8981100
2019-02-13,36.51190948486328,11036100
2019-02-14,36.28174591064453,9671200
2019-02-15,36.94756317138672,8174900
2019-02-19,37.432518005371094,10039200
2019-02-20,37.72842788696289,8565600
2019-02-21,36.758514404296875,9527400
2019-02-22,36.46259307861328,5716500
2019-02-25,36.816043853759766,6033300
2019-02-26,36.42150115966797,5853200
2019-02-27,36.454368591308594,7442700
2019-02-28,36.21601104736328,8846900
2019-03-01,37.144832611083984,8811700
2019-03-04,37.1859245300293,6946300
2019-03-05,36.816043853759766,7391100
2019-03-06,35.64883804321289,9948900
2019-03-07,34.92551803588867,8086500
2019-03-08,33.939151763916016,12739200
2019-03-11,34.58850860595703,9494500
2019-03-12,35.00770950317383,8230600
2019-03-13,35.468013763427734,8822800
2019-03-14,35.418697357177734,7934400
2019-03-15,34.84331512451172,14144900
2019-03-18,35.640621185302734,13518800
2019-03-19,35.55021286010742,8834700
2019-03-20,36.40505599975586,9512500
2019-03-21,36.3475227355957,6168400
2019-03-22,34.90907287597656,7892200
2019-03-25,34.90907287597656,6390000
2019-03-26,35.38582229614258,6500500
2019-03-27,35.0816764831543,5254400
2019-03-28,35.85435104370117,7419800
2019-03-29,35.81324768066406,7984800
2019-04-01,36.791385650634766,9717800
2019-04-02,36.569454193115234,6899400
2019-04-03,35.82968521118164,7230600
2019-04-04,36.248878479003906,6670900
2019-04-05,36.9886589050293,9149600
2019-04-08,37.95036315917969,11421400
2019-04-09,37.46540832519531,7577500
2019-04-10,37.440738677978516,6148800
2019-04-11,37.24346160888672,5291400
2019-04-12,37.52294158935547,8667000
2019-04-15,38.139408111572266,11178400
2019-04-16,38.91206741333008,7654400
2019-04-17,38.969600677490234,8346300
2019-04-18,37.44895553588867,15721600
2019-04-22,37.68732833862305,7901000
2019-04-23,37.72020721435547,8539400
2019-04-24,36.36396789550781,8941800
2019-04-25,35.59130859375,9404900
2019-04-26,35.59130859375,8527500
2019-04-29,35.69816970825195,8927300
2019-04-30,35.0816764831543,12163700
2019-05-01,34.004905700683594,10523300
2019-05-02,33.799415588378906,9108300
2019-05-03,33.93092727661133,7184800
2019-05-06,33.89805603027344,6571600
2019-05-07,33.371986389160156,10438900
2019-05-08,33.10073471069336,9237900
2019-05-09,33.10073471069336,12928500
2019-05-10,32.51714324951172,12810800
2019-05-13,31.36638069152832,16732200
2019-05-14,32.05684280395508,12042900
2019-05-15,32.32809066772461,10558400
2019-05-16,32.763736724853516,7632500
2019-05-17,32.07327651977539,7252400
2019-05-20,32.15547561645508,5922600
2019-05-21,32.46782302856445,6716300
2019-05-22,31.514341354370117,7429900
2019-05-23,30.815670013427734,12398900
2019-05-24,30.412899017333984,7665200
2019-05-28,30.00191307067871,11869600
2019-05-29,29.7388858795166,10072100
2019-05-30,28.916906356811523,11763600
2019-05-31,28.514142990112305,11445600
2019-06-03,29.17172622680664,9878700
2019-06-04,29.788677215576172,8021100
2019-06-05,29.130027770996094,9098900
2019-06-06,29.22174835205078,12356100
2019-06-07,29.680288314819336,12881200
2019-06-10,29.5718994140625,12121000
2019-06-11,30.589033126831055,12121500
2019-06-12,29.663610458374023,12258800
2019-06-13,30.672405242919922,14336200
2019-06-14,29.955415725708008,11571500
2019-06-17,30.564037322998047,7574600
2019-06-18,30.789119720458984,10127400
2019-06-19,30.43896484375,10273200
2019-06-20,31.8896427154541,13067900
2019-06-21,32.41487121582031,16111400
2019-06-24,32.22311782836914,9348100
2019-06-25,32.164764404296875,7969100
2019-06-26,32.53159713745117,8362900
2019-06-27,32.606624603271484,6417500
2019-06-28,33.13187789916992,9742700
2019-07-01,32.781700134277344,13048500
2019-07-02,32.66498947143555,8732500
2019-07-03,32.92344665527344,4954500
2019-07-05,32.99013900756836,5885500
2019-07-08,33.256919860839844,10899100
2019-07-09,33.515384674072266,8699200
2019-07-10,33.865543365478516,7003300
2019-07-11,34.15734100341797,9695200
2019-07-12,34.02395248413086,6788100
2019-07-15,33.7404899597168,6903800
2019-07-16,33.40699768066406,9257000
2019-07-17,32.206451416015625,12523600
2019-07-18,32.33149337768555,13563000
2019-07-19,32.27314376831055,12811700
2019-07-22,32.92344665527344,10961200
2019-07-23,33.14020919799805,10610500
2019-07-24,33.62377166748047,10763300
2019-07-25,33.30695343017578,7701100
2019-07-26,33.35696792602539,6731100
2019-07-29,32.690006256103516,6549500
2019-07-30,32.97346496582031,9256500
2019-07-31,33.32362365722656,10673300
2019-08-01,32.106407165527344,13280000
2019-08-02,31.197654724121094,8738200
2019-08-05,30.00543975830078,10771600
2019-08-06,29.56356430053711,11639900
2019-08-07,28.96329116821289,12162700
2019-08-08,29.355134963989258,10805500
2019-08-09,28.788209915161133,7866600
2019-08-12,28.57143783569336,8030000
2019-08-13,28.871583938598633,11075400
2019-08-14,26.962373733520508,12761500
2019-08-15,26.387109756469727,20155700
2019-08-16,27.279186248779297,13561300
2019-08-19,28.429716110229492,11073600
2019-08-20,28.262977600097656,7770100
2019-08-21,28.087894439697266,6427200
2019-08-22,28.104568481445312,6975600
2019-08-23,26.703922271728516,13952100
2019-08-26,26.337087631225586,11611200
2019-08-27,26.05362319946289,10000600
2019-08-28,26.362098693847656,11557000
2019-08-29,26.895675659179688,12614300
2019-08-30,27.037410736083984,12443800
2019-09-03,26.859586715698242,9366900
2019-09-04,27.9265193939209,11018400
2019-09-05,28.84103012084961,12117900
2019-09-06,28.959583282470703,11976700
2019-09-09,30.67852783203125,13461600
2019-09-10,31.720050811767578,19638200
2019-09-11,31.60150909423828,17918600
2019-09-12,31.245859146118164,13089500
2019-09-13,31.60997200012207,8453300
2019-09-16,33.28658676147461,22533100
2019-09-17,32.321258544921875,13493400
2019-09-18,32.20272445678711,6949000
2019-09-19,31.97408103942871,6234900
2019-09-20,31.58456802368164,17917800
2019-09-23,31.60997200012207,5849400
2019-09-24,30.11119270324707,12212700
2019-09-25,29.84022331237793,11344800
2019-09-26,29.247472763061523,12359300
2019-09-27,29.069660186767578,9969900
2019-09-30,28.934173583984375,9583500
2019-10-01,27.689414978027344,12617900
2019-10-02,26.893457412719727,13468900
2019-10-03,27.139019012451172,11557200
2019-10-04,26.995067596435547,10554400
2019-10-07,26.927326202392578,15854500
2019-10-08,26.00434684753418,16807100
2019-10-09,26.16523551940918,12176900
2019-10-10,26.309181213378906,12784900
2019-10-11,27.503131866455078,12652600
2019-10-14,27.579343795776367,9294400
2019-10-15,27.782577514648438,8943600
2019-10-16,27.054346084594727,22004600
2019-10-17,27.0035400390625,15730800
2019-10-18,27.35918617248535,17218300
2019-10-21,28.44304847717285,16441100
2019-10-22,29.484577178955078,17598700
2019-10-23,29.91643524169922,12862300
2019-10-24,29.730138778686523,11551700
2019-10-25,29.713199615478516,12385700
2019-10-28,29.6539306640625,12727500
2019-10-29,29.459165573120117,10309100
2019-10-30,28.028133392333984,13940300
2019-10-31,27.680946350097656,10079200
2019-11-01,29.16280174255371,11094400
2019-11-04,30.686996459960938,14206000
2019-11-05,31.093448638916016,15720300
2019-11-06,30.11119270324707,10647900
2019-11-07,30.5515079498291,8832400
2019-11-08,30.771671295166016,8382200
2019-11-11,30.830947875976562,8804100
2019-11-12,30.661596298217773,11652100
2019-11-13,29.662403106689453,9728100
2019-11-14,29.39142417907715,14068000
2019-11-15,29.941837310791016,9017400
2019-11-18,29.374500274658203,11671500
2019-11-19,29.052730560302734,10174100
2019-11-20,30.602312088012695,15805500
2019-11-21,31.00876808166504,11451700
2019-11-22,31.000303268432617,7515000
2019-11-25,31.398283004760742,8711700
2019-11-26,30.814010620117188,9578300
2019-11-27,31.135778427124023,6538200
2019-11-29,30.653121948242188,5445400
2019-12-02,30.788599014282227,8583000
2019-12-03,30.04164695739746,10351800
2019-12-04,31.071935653686523,9780100
2019-12-05,30.78001594543457,6836700
2019-12-06,31.67293357849121,8525400
2019-12-09,31.904747009277344,8713500
2019-12-10,32.059295654296875,9497000
2019-12-11,32.969390869140625,15742800
2019-12-12,33.54463577270508,13609000
2019-12-13,33.48454284667969,11981100
2019-12-16,33.82797622680664,12149000
2019-12-17,33.879486083984375,9658500
2019-12-18,34.01685333251953,9204400
2019-12-19,34.008270263671875,7048600
2019-12-20,33.853736877441406,13465800
2019-12-23,35.021392822265625,9911300
2019-12-24,34.901187896728516,3860400
2019-12-26,34.403228759765625,7629700
2019-12-27,34.34312057495117,6769100
2019-12-30,34.686553955078125,8155800
2019-12-31,34.51483154296875,10649000
2020-01-02,34.48907470703125,9147400
2020-01-03,34.82392501831055,9752000
2020-01-06,35.04714584350586,15534100
2020-01-07,34.86684799194336,10971700
2020-01-08,33.8365478515625,11327600
2020-01-09,34.2229118347168,12186000
2020-01-10,34.19715118408203,8089700
2020-01-13,33.682003021240234,11665600
2020-01-14,33.9395866394043,13958700
2020-01-15,32.90929412841797,13737700
2020-01-16,33.2956428527832,11771100
2020-01-17,32.94363784790039,17644600
2020-01-21,31.724464416503906,16710200
2020-01-22,31.492650985717773,12796800
2020-01-23,31.27799415588379,11844000
2020-01-24,30.711332321166992,10408600
2020-01-27,29.157304763793945,17360600
2020-01-28,29.157304763793945,10938000
2020-01-29,28.9598331451416,9003800
2020-01-30,29.225997924804688,10489600
2020-01-31,28.770952224731445,16887900
2020-02-03,28.728015899658203,9202500
2020-02-04,29.251750946044922,12373600
2020-02-05,30.11032485961914,11399900
2020-02-06,29.629528045654297,7980300
2020-02-07,29.552249908447266,8582100
2020-02-10,29.492156982421875,7197400
2020-02-11,29.875507354736328,8825600
2020-02-12,30.537660598754883,9094900
2020-02-13,30.206579208374023,11718000
2020-02-14,29.98876953125,7904500
2020-02-18,29.317899703979492,11792800
2020-02-19,29.875507354736328,6592300
2020-02-20,29.474729537963867,7836000
2020-02-21,29.091373443603516,7246300
2020-02-24,26.948074340820312,16714900
2020-02-25,25.56276512145996,18709700
2020-02-26,24.72635841369629,19240700
2020-02-27,23.38462257385254,23765700
2020-02-28,23.60243797302246,26830600
2020-03-02,24.212316513061523,23253000
2020-03-03,23.358478546142578,22020400
2020-03-04,23.593721389770508,16155900
2020-03-05,22.504650115966797,15754600
2020-03-06,20.779556274414062,23793200
2020-03-09,15.081513404846191,86148000
2020-03-10,15.84821891784668,40409000
2020-03-11,15.142501831054688,33291900
2020-03-12,12.563570022583008,47922900
2020-03-13,14.07956314086914,29182100
2020-03-16,12.55486011505127,24971100
2020-03-17,12.197640419006348,25536500
2020-03-18,10.49868392944336,28198200
2020-03-19,12.08437728881836,25449300
2020-03-20,12.441595077514648,32875200
2020-03-23,11.178267478942871,24393500
2020-03-24,12.763959884643555,25812600
2020-03-25,12.72039794921875,24201200
2020-03-26,13.521955490112305,22180200
2020-03-27,11.988539695739746,21794500
2020-03-30,11.570334434509277,25981500
2020-03-31,11.753296852111816,25754200
2020-04-01,10.969165802001953,25393800
2020-04-02,12.09308910369873,33976500
2020-04-03,12.450305938720703,24822900
2020-04-06,13.652644157409668,24572200
2020-04-07,14.349656105041504,29091500
2020-04-08,15.05537223815918,16039000
2020-04-09,14.349656105041504,25065500
2020-04-13,13.896596908569336,16740700
2020-04-14,13.539380073547363,20214400
2020-04-15,12.833661079406738,22681400
2020-04-16,12.241206169128418,18242900
2020-04-17,13.312851905822754,33939700
2020-04-20,13.251864433288574,21290600
2020-04-21,12.798810958862305,22926600
2020-04-22,13.365128517150879,20596000
2020-04-23,14.393216133117676,20619600
2020-04-24,14.03600025177002,22709600
2020-04-27,13.983723640441895,17717100
2020-04-28,14.070849418640137,18234000
2020-04-29,15.856934547424316,19406700
2020-04-30,14.654592514038086,25829800
2020-05-01,13.722344398498535,18752100
2020-05-04,14.140549659729004,23079600
2020-05-05,14.157975196838379,15936300
2020-05-06,13.78333568572998,8990700
2020-05-07,14.576179504394531,14609800
2020-05-08,15.72624397277832,16418000
2020-05-11,15.125075340270996,12661300
2020-05-12,14.881117820739746,14169600
2020-05-13,13.809471130371094,15827300
2020-05-14,14.027288436889648,13323200
2020-05-15,13.896596908569336,10347800
2020-05-18,15.639120101928711,22646700
2020-05-19,14.907262802124023,12776600
2020-05-20,15.865644454956055,14142800
2020-05-21,15.499717712402344,17533800
2020-05-22,15.316754341125488,9974700
2020-05-26,16.03118324279785,11760900
2020-05-27,16.597503662109375,13778600
2020-05-28,16.370975494384766,10372900
2020-05-29,16.092178344726562,21018100
2020-06-01,16.057321548461914,10251700
2020-06-02,16.54417610168457,16286900
2020-06-03,17.20207977294922,13986600
2020-06-04,17.833669662475586,20361300
2020-06-05,19.28984260559082,26486400
2020-06-08,20.746007919311523,21082500
2020-06-09,19.745986938476562,17914700
2020-06-10,18.386316299438477,16602500
2020-06-11,16.237152099609375,19638300
2020-06-12,16.66698455810547,14646700
2020-06-15,16.94769287109375,12742000
2020-06-16,17.149446487426758,17831200
2020-06-17,17.395065307617188,15816600
2020-06-18,17.702089309692383,15867700
2020-06-19,17.28980255126953,22249100
2020-06-22,17.38629150390625,9110100
2020-06-23,17.166988372802734,18440100
2020-06-24,15.666967391967773,17967800
2020-06-25,16.158199310302734,18885600
2020-06-26,15.298535346984863,18480300
2020-06-29,15.798548698425293,14061300
2020-06-30,16.13188934326172,18613000
2020-07-01,15.544154167175293,13923300
2020-07-02,15.772229194641113,10301000
2020-07-06,16.447681427001953,11469600
2020-07-07,15.947669982910156,9742500
2020-07-08,15.851177215576172,10031300
2020-07-09,15.026598930358887,12015300
2020-07-10,15.605560302734375,9806200
2020-07-13,15.245903968811035,10945400
2020-07-14,16.13188934326172,13525000
2020-07-15,16.579265594482422,13852400
2020-07-16,16.509082794189453,9806100
2020-07-17,16.333642959594727,8818600
2020-07-20,16.175745010375977,13673700
2020-07-21,17.158220291137695,18805000
2020-07-22,16.816110610961914,12653600
2020-07-23,16.930150985717773,13233200
2020-07-24,17.088041305541992,16738200
2020-07-27,17.263486862182617,15020100
2020-07-28,16.798566818237305,14551100
2020-07-29,17.044185638427734,7444900
2020-07-30,16.175745010375977,15563300
2020-07-31,15.912585258483887,15338900
2020-08-03,16.421361923217773,9618800
2020-08-04,16.868741989135742,10141800
2020-08-05,17.1055908203125,9127500
2020-08-06,16.94769287109375,6751100
2020-08-07,17.219621658325195,7084800
2020-08-10,17.737180709838867,11555800
2020-08-11,17.807353973388672,12373700
2020-08-12,17.859989166259766,14560900
2020-08-13,17.430158615112305,8551500
2020-08-14,17.605592727661133,7290300
2020-08-17,17.552963256835938,8658100
2020-08-18,17.34243392944336,7845500
2020-08-19,17.298574447631836,8055100
2020-08-20,16.465227127075195,10240700
2020-08-21,16.298553466796875,8913900
2020-08-24,17.149446487426758,8702700
2020-08-25,16.895061492919922,11012500
2020-08-26,16.377504348754883,7982000
2020-08-27,16.403818130493164,8549000
2020-08-28,17.035415649414062,12613700
2020-08-31,16.67575454711914,13596300
2020-09-01,16.45058250427246,9446800
2020-09-02,16.57421112060547,10875100
2020-09-03,16.88326644897461,16863200
2020-09-04,17.051036834716797,15384300
2020-09-08,16.22983169555664,15677400
2020-09-09,16.432933807373047,9925300
2020-09-10,15.638209342956543,16190800
2020-09-11,15.779494285583496,8634200
2020-09-14,15.920777320861816,9913100
2020-09-15,16.07088851928711,10611400
2020-09-16,16.936246871948242,14177400
2020-09-17,16.847942352294922,11677400
2020-09-18,16.53888702392578,19118700
2020-09-21,15.249678611755371,16106800
2020-09-22,15.302666664123535,8862700
2020-09-23,14.666894912719727,10684200
2020-09-24,14.675724029541016,17772300
2020-09-25,14.057612419128418,16290200
2020-09-28,14.525609016418457,11912400
2020-09-29,13.775049209594727,15827200
2020-09-30,13.739727020263672,15527200
2020-10-01,13.254068374633789,17901600
2020-10-02,13.748557090759277,14625800
2020-10-05,14.190064430236816,12192000
2020-10-06,13.836858749389648,13187300
2020-10-07,14.084104537963867,10374000
2020-10-08,14.507949829101562,10855600
2020-10-09,14.331348419189453,11704100
2020-10-12,14.23421573638916,12381400
2020-10-13,13.889841079711914,14015000
2020-10-14,14.084104537963867,15875200
2020-10-15,14.49912166595459,15709600
2020-10-16,13.218749046325684,39866400
2020-10-19,13.254068374633789,18285500
2020-10-20,13.677916526794434,20802200
2020-10-21,13.254068374633789,18537500
2020-10-22,13.51014232635498,15937500
2020-10-23,13.598443984985352,13862100
2020-10-26,13.395349502563477,17382400
2020-10-27,13.324710845947266,14749700
2020-10-28,12.521164894104004,18198000
2020-10-29,12.759580612182617,16151800
2020-10-30,13.192256927490234,17496700
2020-11-02,13.757389068603516,18490900
2020-11-03,13.916328430175781,13028200
2020-11-04,14.101763725280762,17689400
2020-11-05,13.70440673828125,15004600
2020-11-06,13.43950080871582,10324200
2020-11-09,16.11503791809082,31835600
2020-11-10,16.16802215576172,19098500
2020-11-11,15.638209342956543,16402100
2020-11-12,15.276177406311035,10762200
2020-11-13,15.894283294677734,9321400
2020-11-16,17.69563865661621,23092800
2020-11-17,17.739789962768555,13972500
2020-11-18,17.63382339477539,15408300
2020-11-19,18.06650161743164,11924300
2020-11-20,17.84575080871582,10300900
2020-11-23,19.081972122192383,14791600
2020-11-24,19.629446029663086,20774100
2020-11-25,19.514650344848633,12188700
2020-11-27,19.320384979248047,6550900
2020-11-30,18.357900619506836,21516100
2020-12-01,18.717681884765625,12717300
2020-12-02,19.22404670715332,9741900
2020-12-03,19.606040954589844,12517400
2020-12-04,20.831974029541016,16201300
2020-12-07,20.281192779541016,10067500
2020-12-08,20.63653564453125,8064600
2020-12-09,20.760906219482422,15063300
2020-12-10,20.769790649414062,13977800
2020-12-11,20.37891387939453,14589200
2020-12-14,19.703765869140625,11809700
2020-12-15,20.405561447143555,12686700
2020-12-16,20.290075302124023,11062700
2020-12-17,20.370033264160156,8481200
2020-12-18,19.819252014160156,20038600
2020-12-21,19.348417282104492,10778300
2020-12-22,18.97530746459961,17182900
2020-12-23,19.47279167175293,9474500
2020-12-24,19.22404670715332,3664900
2020-12-28,19.161865234375,6461100
2020-12-29,18.993078231811523,7140300
2020-12-30,19.4372501373291,7077100
2020-12-31,19.392839431762695,7844300
2021-01-04,19.49943733215332,8743400
2021-01-05,20.547700881958008,16256600
2021-01-06,21.68479347229004,19456300
2021-01-07,22.102325439453125,14502400
2021-01-08,22.06679344177246,11951900
2021-01-11,22.200040817260742,16877000
2021-01-12,23.221656799316406,20803200
2021-01-13,22.617570877075195,11276800
2021-01-14,23.061750411987305,10285800
2021-01-15,22.12897491455078,13449000
2021-01-19,22.582040786743164,21249400
2021-01-20,22.519855499267578,10571800
2021-01-21,21.489360809326172,21086200
2021-01-22,21.68479347229004,13559500
2021-01-25,21.089601516723633,15541000
2021-01-26,20.201242446899414,20225800
2021-01-27,19.37506866455078,17044000
2021-01-28,20.112409591674805,12418200
2021-01-29,19.730411529541016,15573600
2021-02-01,19.685991287231445,10081500
2021-02-02,19.996917724609375,11058000
2021-02-03,21.480478286743164,15843700
2021-02-04,22.040138244628906,12894700
2021-02-05,22.21781349182129,11370200
2021-02-08,23.088397979736328,11496300
2021-02-09,23.0972843170166,10799800
2021-02-10,23.648069381713867,11602000
2021-02-11,23.425979614257812,9773300
2021-02-12,23.781320571899414,9063400
2021-02-16,23.928590774536133,14337900
2021-02-17,23.982139587402344,11554300
2021-02-18,22.830780029296875,11173100
2021-02-19,23.312747955322266,10063700
2021-02-22,24.58013153076172,13964700
2021-02-23,24.758638381958008,13549000
2021-02-24,26.249155044555664,21674000
2021-02-25,25.445878982543945,20387400
2021-02-26,24.910362243652344,22478700
2021-03-01,25.63330841064453,17121600
2021-03-02,25.115642547607422,13582700
2021-03-03,25.320926666259766,20695600
2021-03-04,25.50835418701172,21586700
2021-03-05,25.945697784423828,26809000
2021-03-08,26.516904830932617,14971200
2021-03-09,26.195600509643555,20585200
2021-03-10,26.731117248535156,18685600
2021-03-11,26.2402286529541,13239500
2021-03-12,25.89214324951172,12829500
2021-03-15,25.99032211303711,7888000
2021-03-16,25.04424285888672,11347200
2021-03-17,25.26737403869629,11302800
2021-03-18,24.321298599243164,14585300
2021-03-19,24.14279556274414,22577500
2021-03-22,24.678302764892578,19700200
2021-03-23,23.803632736206055,14459000
2021-03-24,24.4730281829834,13642400
2021-03-25,24.455175399780273,14595800
2021-03-26,25.26737403869629,11722600
2021-03-29,24.722938537597656,11397400
2021-03-30,24.29452133178711,11439700
2021-03-31,24.26774787902832,11046300
2021-04-01,25.079946517944336,10463300
2021-04-05,24.589052200317383,9880900
2021-04-06,24.490877151489258,9306600
2021-04-07,24.410552978515625,7973300
2021-04-08,24.15172004699707,10548700
2021-04-09,23.883956909179688,8624800
2021-04-12,23.687606811523438,10969200
2021-04-13,23.241344451904297,13688500
2021-04-14,24.374849319458008,14755400
2021-04-15,23.794706344604492,9107100
2021-04-16,23.464479446411133,9234300
2021-04-19,23.678682327270508,7711200
2021-04-20,22.536251068115234,12657300
2021-04-21,22.96466064453125,13113300
2021-04-22,22.536251068115234,16091800
2021-04-23,22.94681167602539,12875200
2021-04-26,23.535877227783203,13934000
2021-04-27,23.36629867553711,13033500
2021-04-28,24.419477462768555,10643900
2021-04-29,24.830036163330078,13827900
2021-04-30,24.14279556274414,13237300
2021-05-03,25.187047958374023,12395600
2021-05-04,25.338775634765625,15195400
2021-05-05,27.07920265197754,22805400
2021-05-06,27.42728614807129,15034800
2021-05-07,28.46261215209961,16483400
2021-05-10,28.230560302734375,16905900
2021-05-11,27.900325775146484,18232800
2021-05-12,28.650043487548828,23375400
2021-05-13,28.34658432006836,16385800
2021-05-14,29.283742904663086,11637200
2021-05-17,30.390472412109375,14531300
2021-05-18,29.515792846679688,12438600
2021-05-19,28.560787200927734,13633600
2021-05-20,28.355510711669922,12478300
2021-05-21,28.51616859436035,8573800
2021-05-24,28.29303741455078,9755900
2021-05-25,27.882471084594727,10064400
2021-05-26,28.15915298461914,9358100
2021-05-27,27.971725463867188,14893200
2021-05-28,27.962800979614258,8307800
2021-06-01,29.508573532104492,15701900
2021-06-02,31.775707244873047,28422100
2021-06-03,32.725582122802734,19992700
2021-06-04,32.635955810546875,13756400
2021-06-07,32.10725784301758,10082500
2021-06-08,32.16999435424805,12822000
2021-06-09,32.044532775878906,9229900
2021-06-10,31.309730529785156,11364300
2021-06-11,31.264928817749023,7243600
2021-06-14,30.512195587158203,10015500
2021-06-15,30.63765525817871,9834000
2021-06-16,30.503246307373047,10924400
2021-06-17,29.096363067626953,14511300
2021-06-18,28.038972854614258,24774200
2021-06-21,29.678823471069336,11198400
2021-06-22,29.58922576904297,7675200
2021-06-23,29.46377182006836,8113100
2021-06-24,29.804290771484375,6238300
2021-06-25,29.88493537902832,7823400
2021-06-28,28.693119049072266,11191500
2021-06-29,28.56766700744629,7321600
2021-06-30,28.684162139892578,10883200
2021-07-01,29.63402557373047,9819000
2021-07-02,29.38311767578125,7582700
2021-07-06,27.931438446044922,13943600
2021-07-07,27.492347717285156,10579700
2021-07-08,27.357933044433594,8903000
2021-07-09,27.949357986450195,8547300
2021-07-12,27.976242065429688,5799700
2021-07-13,27.42962074279785,8169700
2021-07-14,26.479755401611328,11845600
2021-07-15,25.744951248168945,12341400
2021-07-16,24.974308013916016,12381500
2021-07-19,23.881065368652344,18636600
2021-07-20,24.40976905822754,11854700
2021-07-21,25.476123809814453,12423400
2021-07-22,25.0728759765625,11761400
2021-07-23,25.458200454711914,12759200
2021-07-26,26.399106979370117,12815500
2021-07-27,26.148197174072266,9333500
2021-07-28,26.27365493774414,7088100
2021-07-29,26.560405731201172,7420800
2021-07-30,25.834562301635742,9241600
2021-08-02,25.538850784301758,12466300
2021-08-03,25.897293090820312,8724900
2021-08-04,24.759244918823242,14324200
2021-08-05,25.01911163330078,10146900
2021-08-06,25.4671630859375,6061000
2021-08-09,25.081836700439453,7758700
2021-08-10,25.4671630859375,9416000
2021-08-11,25.96898078918457,7649400
2021-08-12,25.583656311035156,7432700
2021-08-13,25.404436111450195,7430800
2021-08-16,24.893661499023438,9864300
2021-08-17,24.364959716796875,10539800
2021-08-18,24.024444580078125,9697100
2021-08-19,23.69288444519043,18962600
2021-08-20,23.710805892944336,12082300
2021-08-23,24.633792877197266,8298000
2021-08-24,25.28794288635254,8183200
2021-08-25,25.494047164916992,6545200
2021-08-26,25.20729637145996,6150300
2021-08-27,26.0585880279541,7534300
2021-08-30,25.34170913696289,6887200
2021-08-31,25.238204956054688,9872700
2021-09-01,25.184192657470703,9724400
2021-09-02,25.75124740600586,9514100
2021-09-03,25.283205032348633,6174700
2021-09-07,25.04918670654297,8178400
2021-09-08,23.996089935302734,13279700
2021-09-09,23.9600887298584,10975000
2021-09-10,24.10409927368164,7712200
2021-09-13,25.301206588745117,9877900
2021-09-14,24.905174255371094,7106200
2021-09-15,26.31829261779785,11912200
2021-09-16,25.97626304626465,8079200
2021-09-17,25.481218338012695,17376500
2021-09-20,24.527135848999023,10708200
2021-09-21,24.23910903930664,10499100
2021-09-22,24.437129974365234,10547600
2021-09-23,25.994266510009766,13562300
2021-09-24,26.111276626586914,7414100
2021-09-27,27.173370361328125,13469000
2021-09-28,27.821426391601562,19922800
2021-09-29,27.299375534057617,13176500
2021-09-30,26.678327560424805,13322800
2021-10-01,27.32638168334961,12079600
2021-10-04,27.794424057006836,16285600
2021-10-05,27.533405303955078,12264600
2021-10-06,26.948345184326172,12070700
2021-10-07,27.920434951782227,15928000
2021-10-08,28.496482849121094,11854100
2021-10-11,29.21654510498047,16941800
2021-10-12,29.59458351135254,18377900
2021-10-13,29.486568450927734,12504100
2021-10-14,30.170625686645508,8671200
2021-10-15,30.6026668548584,9352100
2021-10-18,30.746679306030273,11548300
2021-10-19,31.088708877563477,10417100
2021-10-20,31.26872444152832,10818700
2021-10-21,30.87268829345703,12151400
2021-10-22,30.521663665771484,12077000
2021-10-25,30.926698684692383,9768400
2021-10-26,30.836681365966797,11666500
2021-10-27,29.288557052612305,13929600
2021-10-28,29.972610473632812,11364300
2021-10-29,29.036529541015625,13940600
2021-11-01,29.972610473632812,8514000
2021-11-02,29.882604598999023,7293900
2021-11-03,29.684581756591797,10448800
2021-11-04,29.837600708007812,12516200
2021-11-05,30.16162109375,11279200
2021-11-08,30.87268829345703,14225900
2021-11-09,30.728675842285156,10925500
2021-11-10,29.459564208984375,10311700
2021-11-11,29.50457000732422,6363900
2021-11-12,29.486568450927734,7346100
2021-11-15,29.450565338134766,8358900
2021-11-16,29.603578567504883,7683800
2021-11-17,28.856517791748047,9716800
2021-11-18,28.67650032043457,8860200
2021-11-19,27.04735565185547,19098700
2021-11-22,27.308380126953125,12772600
2021-11-23,28.0644474029541,10914800
2021-11-24,28.271467208862305,9490500
2021-11-26,26.732330322265625,12412300
2021-11-29,26.68732452392578,12588500
2021-11-30,25.92354393005371,39947700
2021-12-01,25.65237045288086,14888300
2021-12-02,26.502029418945312,12517300
2021-12-03,26.42971420288086,9816300
2021-12-06,27.125713348388672,8977600
2021-12-07,27.803627014160156,9153800
2021-12-08,28.07479476928711,8963300
2021-12-09,27.677087783813477,6726700
2021-12-10,28.01152801513672,7445900
2021-12-13,26.9630126953125,8387000
2021-12-14,26.818389892578125,8515900
2021-12-15,26.492990493774414,9370000
2021-12-16,26.84550666809082,8547600
2021-12-17,26.185665130615234,17089100
2021-12-20,25.73372459411621,10479400
2021-12-21,26.619529724121094,8440200
2021-12-22,26.66472625732422,9699500
2021-12-23,26.727998733520508,7160100
2021-12-27,26.972049713134766,6891400
2021-12-28,27.216100692749023,7146300
2021-12-29,26.800310134887695,6817700
2021-12-30,26.953968048095703,7205000
2021-12-31,27.071475982666016,7785200
2022-01-03,28.671361923217773,18781000
2022-01-04,30.0633544921875,17954000
2022-01-05,30.0633544921875,15846900
2022-01-06,30.777416229248047,11163900
2022-01-07,31.663230895996094,14324300
2022-01-10,31.744586944580078,15515600
2022-01-11,32.973880767822266,15432500
2022-01-12,32.94675827026367,13196800
2022-01-13,32.693668365478516,12799600
2022-01-14,34.176048278808594,17414000
2022-01-18,33.93199920654297,19101100
2022-01-19,33.53428268432617,11154600
2022-01-20,33.48908996582031,14720200
2022-01-21,32.86540985107422,15762200
2022-01-24,33.082340240478516,17956500
2022-01-25,35.061851501464844,24167100
2022-01-26,35.97479248046875,25985100
2022-01-27,35.12512969970703,24350400
2022-01-28,35.86632537841797,18155000
2022-01-31,35.31494903564453,16444600
2022-02-01,35.7216911315918,18792000
2022-02-02,35.47765350341797,16356600
2022-02-03,34.87204360961914,12302100
2022-02-04,34.808773040771484,19955400
2022-02-07,36.39960479736328,20523700
2022-02-08,35.270774841308594,13575900
2022-02-09,35.72412109375,12472500
2022-02-10,35.51558303833008,11082700
2022-02-11,36.83028793334961,15533600
2022-02-14,35.633445739746094,12804400
2022-02-15,36.34975051879883,14924600
2022-02-16,37.800479888916016,21249800
2022-02-17,37.27458190917969,9526500
2022-02-18,36.45854949951172,11301500
2022-02-22,35.8601188659668,20930000
2022-02-23,36.03240203857422,9462300
2022-02-24,34.744876861572266,21602400
2022-02-25,35.76945495605469,11382000
2022-02-28,35.57904815673828,14946300
2022-03-01,34.15552520751953,20586200
2022-03-02,35.57904815673828,16209100
2022-03-03,34.92621994018555,22756100
2022-03-04,35.307037353515625,22922900
2022-03-07,38.172218322753906,29778900
2022-03-08,40.87419891357422,41068100
2022-03-09,38.58930587768555,30347200
2022-03-10,39.3509407043457,15498300
2022-03-11,38.897586822509766,13251200
2022-03-14,37.673526763916016,14389400
2022-03-15,35.597171783447266,17239000
2022-03-16,34.34593200683594,27499200
2022-03-17,35.8238525390625,37986300
2022-03-18,36.02332305908203,28267600
2022-03-21,37.34711456298828,19283700
2022-03-22,37.3561897277832,15467100
2022-03-23,38.45330047607422,19967500
2022-03-24,38.66184997558594,16281400
2022-03-25,39.60481262207031,12252900
2022-03-28,37.836727142333984,13984200
2022-03-29,38.65278244018555,13207500
2022-03-30,38.27195739746094,10201700
2022-03-31,37.455928802490234,11618700
2022-04-01,37.800479888916016,12210600
2022-04-04,37.673526763916016,10618200
2022-04-05,36.68523025512695,10473900
2022-04-06,36.97536087036133,8726600
2022-04-07,37.14764404296875,8895800
2022-04-08,38.58023452758789,10526400
2022-04-11,37.474056243896484,7999000
2022-04-12,37.655399322509766,8112800
2022-04-13,38.59836196899414,8596100
2022-04-14,39.21492385864258,10714500
2022-04-18,39.60481262207031,11127900
2022-04-19,39.378135681152344,10033700
2022-04-20,38.69810485839844,11945100
2022-04-21,36.85749816894531,18181500
2022-04-22,37.76420974731445,20746000
2022-04-25,35.080352783203125,23976100
2022-04-26,35.85105895996094,19941000
2022-04-27,36.22280502319336,10619400
2022-04-28,36.36787033081055,11502600
2022-04-29,35.37050247192383,10611900
2022-05-02,35.461177825927734,11445200
2022-05-03,36.404144287109375,8876500
2022-05-04,38.62556457519531,11713700
2022-05-05,38.15408706665039,16281500
2022-05-06,39.01545333862305,12396000
2022-05-09,34.491004943847656,14845900
2022-05-10,34.35499954223633,11063400
2022-05-11,34.79021453857422,11569100
2022-05-12,35.388641357421875,13434300
2022-05-13,36.939109802246094,9798900
2022-05-16,38.20848846435547,10181600
2022-05-17,38.94292449951172,9936900
2022-05-18,37.29271697998047,9734900
2022-05-19,37.03883743286133,12123900
2022-05-20,37.28364562988281,9870700
2022-05-23,39.72268295288086,13288000
2022-05-24,39.804283142089844,11259800
2022-05-25,40.84700012207031,17205000
2022-05-26,42.333980560302734,16282900
2022-05-27,43.712181091308594,13950700
2022-05-31,41.82390594482422,28706600
2022-06-01,42.4791145324707,15207500
2022-06-02,42.13331604003906,8155100
2022-06-03,43.198020935058594,8854400
2022-06-06,42.970523834228516,6697000
2022-06-07,44.52663040161133,14735800
2022-06-08,45.10904312133789,15101200
2022-06-09,43.80772399902344,11473800
2022-06-10,42.96141815185547,11294000
2022-06-13,40.33149719238281,12470100
2022-06-14,39.33049392700195,13488800
2022-06-15,37.783485412597656,15091800
2022-06-16,35.01707077026367,21591700
2022-06-17,33.342647552490234,32283000
2022-06-21,35.32646560668945,18172900
2022-06-22,34.143455505371094,17335000
2022-06-23,31.83203125,28165700
2022-06-24,31.90484619140625,22910700
2022-06-27,32.6601448059082,29428500
2022-06-28,33.642948150634766,13896200
2022-06-29,32.924049377441406,12475300
2022-06-30,32.541831970214844,15332400
2022-07-01,32.44173812866211,10823800
2022-07-05,30.33052635192871,17642100
2022-07-06,29.784521102905273,13030900
2022-07-07,31.286029815673828,10077500
2022-07-08,31.231428146362305,11027700
2022-07-11,30.366926193237305,8918700
2022-07-12,29.784521102905273,10281400
2022-07-13,29.38412094116211,9137200
2022-07-14,28.510513305664062,14827800
2022-07-15,29.393218994140625,10672600
2022-07-18,30.14852523803711,11493100
2022-07-19,31.140430450439453,10867200
2022-07-20,31.0676326751709,9984500
2022-07-21,30.60352897644043,14583000
2022-07-22,31.913938522338867,19748000
2022-07-25,32.91494369506836,13120000
2022-07-26,32.396240234375,17232100
2022-07-27,33.060546875,11075300
2022-07-28,32.496337890625,10292800
2022-07-29,33.69755554199219,12313200
2022-08-01,33.124244689941406,12620600
2022-08-02,33.38813781738281,9987500
2022-08-03,32.34164047241211,11558500
2022-08-04,30.894737243652344,11744100
2022-08-05,31.540834426879883,6863400
2022-08-08,31.531742095947266,6053100
2022-08-09,31.841140747070312,7616100
2022-08-10,31.777433395385742,13302600
2022-08-11,33.57014846801758,13140900
2022-08-12,33.79764938354492,6642800
2022-08-15,32.541831970214844,7639400
2022-08-16,32.37803649902344,9698300
2022-08-17,32.2142333984375,7703300
2022-08-18,33.78854751586914,10758700
2022-08-19,33.77944564819336,12893900
2022-08-22,33.59745407104492,9126300
2022-08-23,35.81786346435547,15983600
2022-08-24,36.31837463378906,11498400
2022-08-25,36.55497360229492,12737900
2022-08-26,35.872467041015625,8944200
2022-08-29,36.74606704711914,11663700
2022-08-30,35.199073791503906,12149300
2022-08-31,34.71675491333008,12383000
2022-09-01,33.533748626708984,10516700
2022-09-02,34.64395523071289,11375100
2022-09-06,34.15485382080078,10785100
2022-09-07,33.880584716796875,11759900
2022-09-08,34.89536666870117,14681800
2022-09-09,36.24839782714844,9628600
2022-09-12,36.70549392700195,8935200
2022-09-13,35.16963577270508,11124100
2022-09-14,36.787784576416016,9958200
2022-09-15,36.23011779785156,9945700
2022-09-16,35.07820129394531,16890300
2022-09-19,35.626731872558594,7377600
2022-09-20,35.197052001953125,9360500
2022-09-21,34.35598373413086,9153000
2022-09-22,34.950218200683594,12875000
2022-09-23,31.99732208251953,17421000
2022-09-26,30.95512580871582,12006400
2022-09-27,31.064830780029297,12712500
2022-09-28,32.39958190917969,12205400
2022-09-29,32.88410186767578,12191700
2022-09-30,32.82011032104492,15329800
2022-10-03,35.01421356201172,13978200
2022-10-04,35.76387023925781,16268000
2022-10-05,38.003684997558594,28104400
2022-10-06,38.844749450683594,16403000
2022-10-07,38.9361686706543,15953800
2022-10-10,38.515628814697266,10380600
2022-10-11,38.17738342285156,10474800
2022-10-12,38.41507339477539,11271700
2022-10-13,40.39889907836914,16364400
2022-10-14,38.543052673339844,11504700
2022-10-17,39.18301010131836,10330300
2022-10-18,39.64011001586914,9734500
2022-10-19,41.569087982177734,16869400
2022-10-20,41.77022171020508,15915700
2022-10-21,46.08529281616211,35351400
2022-10-24,47.67601013183594,27296600
2022-10-25,47.96855545043945,18932500
2022-10-26,47.70344161987305,18232500
2022-10-27,47.2463264465332,18298200
2022-10-28,46.121849060058594,15772800
2022-10-31,47.56629943847656,16663800
2022-11-01,47.12748336791992,11932200
2022-11-02,46.75265121459961,11892300
2022-11-03,47.35603713989258,15764600
2022-11-04,48.54450607299805,16764500
2022-11-07,50.10780334472656,19928100
2022-11-08,49.99810791015625,15249600
2022-11-09,48.51707458496094,21809000
2022-11-10,48.54450607299805,13088700
2022-11-11,50.116947174072266,14725000
2022-11-14,49.431297302246094,9089200
2022-11-15,49.97981643676758,9513400
2022-11-16,48.44394302368164,13414600
2022-11-17,48.297672271728516,9868200
2022-11-18,48.8553352355957,12140200
2022-11-21,47.78571319580078,18814400
2022-11-22,49.03818130493164,8969800
2022-11-23,47.008628845214844,10463200
2022-11-25,46.46925735473633,4951900
2022-11-28,45.60075759887695,15397500
2022-11-29,46.670372009277344,10809300
2022-11-30,47.12748336791992,19230300
2022-12-01,47.31946563720703,8152900
2022-12-02,48.261104583740234,9378600
2022-12-05,46.97206497192383,12047000
2022-12-06,46.67393493652344,12311000
2022-12-07,45.68321228027344,9700900
2022-12-08,45.79329299926758,9367800
2022-12-09,43.087158203125,16079900
2022-12-12,45.041072845458984,11416900
2022-12-13,46.82987976074219,11659700
2022-12-14,46.261131286621094,10212200
2022-12-15,45.967586517333984,11048100
2022-12-16,45.297935485839844,22945200
2022-12-19,45.71073532104492,7447000
2022-12-20,47.48118591308594,11496100
2022-12-21,48.90305709838867,9019500
2022-12-22,47.14177703857422,7574500
2022-12-23,48.60951232910156,8082300
2022-12-27,49.07734680175781,6200900
2022-12-28,48.25174331665039,7192700
2022-12-29,48.5361213684082,5200000
2022-12-30,49.04065704345703,4629800
2023-01-03,47.242679595947266,8487800
2023-01-04,47.426151275634766,9069800
2023-01-05,48.31596374511719,6622100
2023-01-06,49.994686126708984,10171800
2023-01-09,51.040443420410156,12104300
2023-01-10,51.333984375,7080300
2023-01-11,51.66423034667969,8856900
2023-01-12,53.20534896850586,12857100
2023-01-13,53.46220779418945,7345000
2023-01-17,53.627323150634766,8467200
2023-01-18,52.407264709472656,11332700
2023-01-19,52.63660430908203,15283700
2023-01-20,52.60908126831055,19204800
2023-01-23,51.24226379394531,15090600
2023-01-24,50.884490966796875,8784400
2023-01-25,51.60002136230469,9053000
2023-01-26,52.71916198730469,8581500
2023-01-27,52.260494232177734,7669500
2023-01-30,51.68256759643555,6181100
2023-01-31,52.269676208496094,5951900
2023-02-01,51.095489501953125,10454000
2023-02-02,47.96738052368164,17007600
2023-02-03,48.28843688964844,10737000
2023-02-06,48.701236724853516,6482100
2023-02-07,49.66899871826172,9109700
2023-02-08,50.42477035522461,7939900
2023-02-09,49.622920989990234,7116500
2023-02-10,51.945533752441406,9410700
2023-02-13,52.82112503051758,8964200
2023-02-14,52.369503021240234,7437300
2023-02-15,51.604522705078125,7077200
2023-02-16,51.41096496582031,5089700
2023-02-17,49.16207504272461,9162900
2023-02-21,49.21738052368164,7422100
2023-02-22,48.30492401123047,9181100
2023-02-23,49.14364242553711,6324500
2023-02-24,49.69664764404297,8458700
2023-02-27,50.1390495300293,6287000
2023-02-28,49.04226303100586,10634200
2023-03-01,50.59067153930664,7166500
2023-03-02,50.968563079833984,5668300
2023-03-03,51.604522705078125,6726500
2023-03-06,51.0146369934082,6116600
2023-03-07,49.807254791259766,6908500
2023-03-08,49.346412658691406,7555000
2023-03-09,48.10215377807617,8844300
2023-03-10,47.005367279052734,8608400
2023-03-13,45.01454544067383,10914700
2023-03-14,45.49381637573242,10345900
2023-03-15,41.770263671875,18103300
2023-03-16,42.562896728515625,16769500
2023-03-17,41.18038558959961,20723800
2023-03-20,42.599761962890625,10496100
2023-03-21,44.4984130859375,10486500
2023-03-22,43.687339782714844,11557000
2023-03-23,41.917728424072266,12213400
2023-03-24,41.07899856567383,19753600
2023-03-27,43.10668182373047,10579800
2023-03-28,43.90853500366211,6816200
2023-03-29,44.88551712036133,9569700
2023-03-30,44.9223747253418,7353600
2023-03-31,45.254180908203125,8154000
2023-04-03,48.23119354248047,20003400
2023-04-04,46.507659912109375,9378100
2023-04-05,46.728858947753906,9102100
2023-04-06,45.73345184326172,6734100
2023-04-10,46.12055206298828,5278400
2023-04-11,47.134395599365234,8081100
2023-04-12,47.908607482910156,8400500
2023-04-13,47.82564926147461,6544300
2023-04-14,48.36943817138672,8037000
2023-04-17,47.98234176635742,7374800
2023-04-18,48.08371353149414,5551200
2023-04-19,48.5077018737793,7791400
2023-04-20,47.89938735961914,8134100
2023-04-21,45.899349212646484,15776000
2023-04-24,46.286460876464844,10252300
2023-04-25,45.12514114379883,9312100
2023-04-26,44.03757095336914,9098500
2023-04-27,44.203468322753906,9231400
2023-04-28,45.48460006713867,8623000
2023-05-01,45.30026626586914,5053300
2023-05-02,42.562896728515625,11963800
2023-05-03,41.72417449951172,9217900
2023-05-04,41.539833068847656,10085400
2023-05-05,42.16657638549805,9900400
2023-05-08,42.9592170715332,8861800
2023-05-09,43.47534942626953,9834600
2023-05-10,42.26795959472656,10124100
2023-05-11,40.682674407958984,15134300
2023-05-12,40.618160247802734,10202200
2023-05-15,41.106651306152344,6813200
2023-05-16,39.862388610839844,11890400
2023-05-17,41.01448059082031,12579400
2023-05-18,41.33706283569336,8372600
2023-05-19,41.72417449951172,8359100
2023-05-22,42.396995544433594,11126700
2023-05-23,42.45229721069336,7538700
2023-05-24,42.608978271484375,6895600
2023-05-25,41.62278747558594,15889300
2023-05-26,40.99605178833008,12290400
2023-05-30,40.8393669128418,8381900
2023-05-31,39.47528839111328,15547400
2023-06-01,41.45688247680664,12222900
2023-06-02,43.10668182373047,11283200
2023-06-05,42.599761962890625,7202400
2023-06-06,43.50791549682617,12366300
2023-06-07,44.60140609741211,9213700
2023-06-08,43.97126007080078,8289600
2023-06-09,44.0453987121582,6946100
2023-06-12,43.572784423828125,5885600
2023-06-13,44.443870544433594,8821300
2023-06-14,43.80445861816406,7072100
2023-06-15,44.388267517089844,6370500
2023-06-16,44.27707290649414,14740700
2023-06-20,43.795188903808594,7806600
2023-06-21,44.2585334777832,6725600
2023-06-22,43.40597915649414,8533100
2023-06-23,43.17430877685547,9304600
2023-06-26,43.887847900390625,6202500
2023-06-27,44.61067199707031,13198000
2023-06-28,45.02769088745117,9204400
2023-06-29,44.91647720336914,10506200
2023-06-30,45.518829345703125,13420000
2023-07-03,45.84316635131836,3543100
2023-07-05,45.68563461303711,8724200
2023-07-06,45.518829345703125,9411600
2023-07-07,49.438697814941406,23181600
2023-07-10,49.68891525268555,14817100
2023-07-11,51.940765380859375,18093900
2023-07-12,52.524574279785156,14304600
2023-07-13,53.21031951904297,15775100
2023-07-14,52.94158172607422,14423300
2023-07-17,52.36703109741211,13598700
2023-07-18,52.80257797241211,11387000
2023-07-19,53.15471649169922,13074900
2023-07-20,53.06204605102539,9963500
2023-07-21,51.90369415283203,16639900
2023-07-24,52.83964157104492,10596100
2023-07-25,53.636592864990234,10686100
2023-07-26,53.44198989868164,8113500
2023-07-27,52.83964157104492,7791900
2023-07-28,52.960113525390625,7019900
2023-07-31,54.062870025634766,8278400
2023-08-01,53.386390686035156,6930400
2023-08-02,53.256649017333984,6726900
2023-08-03,53.72926712036133,7387300
2023-08-04,53.44198989868164,7626900
2023-08-07,53.719993591308594,5956400
2023-08-08,54.22040557861328,7751000
2023-08-09,55.1470947265625,11975900
2023-08-10,54.60034942626953,8857100
2023-08-11,55.27682876586914,7092000
2023-08-14,55.1563606262207,5736400
2023-08-15,54.05360794067383,6040000
2023-08-16,53.53466033935547,6234300
2023-08-17,53.6458625793457,5925600
2023-08-18,53.77560043334961,7095400
2023-08-21,53.22885513305664,6269300
2023-08-22,52.27436828613281,8607600
2023-08-23,53.6458625793457,10717600
2023-08-24,52.62650680541992,6685900
2023-08-25,52.32069778442383,8619100
2023-08-28,53.59025955200195,4813200
2023-08-29,53.95166778564453,4911000
2023-08-30,54.67448043823242,5843100
2023-08-31,54.63740921020508,10102500
2023-09-01,55.712379455566406,6921700
2023-09-05,56.02876663208008,8428600
2023-09-06,56.76390838623047,9299800
2023-09-07,56.605709075927734,7867600
2023-09-08,55.991539001464844,8323600
2023-09-11,56.54987335205078,8392300
2023-09-12,57.78750991821289,11476400
2023-09-13,56.41029357910156,7914300
2023-09-14,57.322235107421875,6862500
2023-09-15,56.373069763183594,19793700
2023-09-18,56.95931625366211,6232100
2023-09-19,56.233489990234375,9067700
2023-09-20,55.63793182373047,5351100
2023-09-21,54.735286712646484,6841600
2023-09-22,54.94001388549805,5979000
2023-09-25,55.68445587158203,6279300
2023-09-26,55.023765563964844,5796100
2023-09-27,56.57779312133789,7663100
2023-09-28,56.70806884765625,7574000
2023-09-29,54.25140380859375,11279200
2023-10-02,53.91639709472656,7553600
2023-10-03,54.53987503051758,8407900
2023-10-04,51.95293045043945,10923300
2023-10-05,51.552791595458984,7491800
2023-10-06,51.83195877075195,8642600
2023-10-09,54.19557189941406,6667700
2023-10-10,54.5491828918457,6608900
2023-10-11,54.679447174072266,5641100
2023-10-12,54.31653594970703,5023100
2023-10-13,54.865562438964844,6819500
2023-10-16,55.3215446472168,5949900
2023-10-17,56.05668640136719,6525000
2023-10-18,56.38237762451172,6964100
2023-10-19,55.80542755126953,7488400
2023-10-20,54.16765594482422,13102600
2023-10-23,54.753902435302734,9655500
2023-10-24,53.04167938232422,8407100
2023-10-25,52.68806457519531,8571800
2023-10-26,51.99014663696289,8157500
2023-10-27,51.95293045043945,6944500
2023-10-30,52.48334884643555,6698000
2023-10-31,51.79473114013672,8045900
2023-11-01,51.9808464050293,6197300
2023-11-02,53.376678466796875,5811800
2023-11-03,52.92070388793945,5896900
2023-11-06,52.55778884887695,5165500
2023-11-07,49.62654113769531,17838000
2023-11-08,49.25431442260742,13767100
2023-11-09,49.0775146484375,9278600
2023-11-10,49.59862518310547,9267900
2023-11-13,50.2500114440918,6853600
2023-11-14,50.57569885253906,6989700
2023-11-15,49.95223617553711,8328000
2023-11-16,48.49126052856445,11053300
2023-11-17,49.179874420166016,14077300
2023-11-20,49.0775146484375,8086900
2023-11-21,49.05890655517578,6888800
2023-11-22,48.87278366088867,7941900
2023-11-24,48.94723129272461,3077600
2023-11-27,48.90070343017578,6371200
2023-11-28,48.67737579345703,5620900
2023-11-29,48.267921447753906,8002000
2023-11-30,48.426124572753906,11520300
2023-12-01,48.75181579589844,6377200
2023-12-04,48.41682052612305,7772600
2023-12-05,47.322811126708984,6902700
2023-12-06,45.93894577026367,13575300
2023-12-07,45.31245040893555,12955100
2023-12-08,45.63037109375,13211000
2023-12-11,45.9576416015625,8820900
2023-12-12,45.854793548583984,8871400
2023-12-13,45.99503707885742,10502400
2023-12-14,49.0152473449707,19567600
2023-12-15,48.80018615722656,21720600
2023-12-18,48.88433837890625,9356700
2023-12-19,49.538875579833984,7351000
2023-12-20,49.13679885864258,6480200
2023-12-21,49.16485595703125,7470900
2023-12-22,49.63238525390625,5115600
2023-12-26,50.19340896606445,5632300
2023-12-27,49.585628509521484,7132900
2023-12-28,48.846946716308594,6995300
2023-12-29,48.659934997558594,8641800
2024-01-02,48.603824615478516,12105200
2024-01-03,49.230308532714844,6572400
2024-01-04,48.3326530456543,8268800
2024-01-05,48.49162673950195,9827700
2024-01-08,47.05164337158203,16693600
2024-01-09,45.40596389770508,18420800
2024-01-10,45.303104400634766,17704900
2024-01-11,45.63037109375,8783200
2024-01-12,46.7056770324707,12732800
2024-01-16,45.162845611572266,14966000
2024-01-17,44.77947235107422,12992700
2024-01-18,45.40596389770508,13695800
2024-01-19,46.415809631347656,20328400
2024-01-22,47.38825988769531,18491300
2024-01-23,47.145145416259766,11432900
2024-01-24,48.3139533996582,10498000
2024-01-25,49.06200408935547,11845300
2024-01-26,49.48277282714844,9172000
2024-01-29,49.74458694458008,10072600
2024-01-30,46.144649505615234,47358300
2024-01-31,45.536865234375,26286300
2024-02-01,45.8173828125,18539700
2024-02-02,45.8173828125,19020900
2024-02-05,45.3966064453125,18305800
2024-02-06,45.14741134643555,12807900
2024-02-07,44.62079620361328,11848000
2024-02-08,44.940528869628906,12157800
2024-02-09,44.272865295410156,8258300
2024-02-12,45.26966094970703,13460800
2024-02-13,44.7430534362793,11578800
2024-02-14,44.902915954589844,9389200
2024-02-15,45.68342590332031,9901900
2024-02-16,45.674015045166016,6365400
2024-02-20,45.62700271606445,10236400
2024-02-21,46.27586364746094,9693000
2024-02-22,46.3228874206543,8047900
2024-02-23,45.909122467041016,7420700
2024-02-26,45.66461944580078,5793800
2024-02-27,45.57057571411133,8009200
2024-02-28,45.28846740722656,6991600
2024-02-29,45.44832992553711,12542800
2024-03-01,46.40751647949219,8507700
2024-03-04,46.47333908081055,7684100
2024-03-05,46.699031829833984,6684300
2024-03-06,47.046966552734375,7861000
2024-03-07,47.75224685668945,8501400
2024-03-08,47.3949089050293,7026500
2024-03-11,48.45752716064453,10392700
2024-03-12,48.495147705078125,6986100
2024-03-13,49.43552017211914,8861000
2024-03-14,50.056175231933594,9387200
2024-03-15,49.71763229370117,16719700
2024-03-18,50.244239807128906,5667300
2024-03-19,51.23163986206055,7467600
2024-03-20,51.156410217285156,6819300
2024-03-21,51.19401931762695,6457200
2024-03-22,50.77085876464844,9009500
2024-03-25,51.071773529052734,7975300
2024-03-26,50.84608459472656,5912600
2024-03-27,51.6265983581543,6995700
2024-03-28,51.54196548461914,8032400
2024-04-01,51.927513122558594,4871500
2024-04-02,51.41971206665039,18540100
2024-04-03,51.58898162841797,13255900
2024-04-04,51.03416061401367,12040800
2024-04-05,51.748844146728516,10016100
2024-04-08,50.81787109375,8975900
2024-04-09,50.940120697021484,6685700
2024-04-10,50.96833801269531,8179200
2024-04-11,50.78025817871094,7522300
2024-04-12,48.899513244628906,13006300
2024-04-15,48.58917999267578,9480000
2024-04-16,48.344688415527344,10349000
2024-04-17,47.780460357666016,7821600
2024-04-18,47.9027099609375,8422100
2024-04-19,46.87770462036133,16841600
2024-04-22,46.55796813964844,10880000
2024-04-23,46.5955924987793,11136300
2024-04-24,46.18182373046875,10180400
2024-04-25,46.49214553833008,7966900
2024-04-26,46.266456604003906,8250900
2024-04-29,46.27586364746094,8941700
2024-04-30,44.64901351928711,14143700
2024-05-01,44.348087310791016,11217900
2024-05-02,44.7430534362793,8933600
2024-05-03,44.81827926635742,11007400
2024-05-06,45.10039520263672,9857700
2024-05-07,45.29787063598633,8587000
2024-05-08,45.0063591003418,6453400
2024-05-09,45.589385986328125,6367600
2024-05-10,45.60820007324219,9206600
2024-05-13,45.843284606933594,6555800
2024-05-14,45.72104263305664,8404900
2024-05-15,45.42952346801758,6939700
2024-05-16,45.53296661376953,7625100
2024-05-17,45.69282531738281,5534400
2024-05-20,45.35429382324219,6877400
2024-05-21,45.41071701049805,6926500
2024-05-22,43.708641052246094,11801400
2024-05-23,43.55817794799805,8766100
2024-05-24,43.482948303222656,6801000
2024-05-28,43.75566101074219,10387400
2024-05-29,42.91871643066406,13138900
2024-05-30,42.871707916259766,14337100
2024-05-31,43.15381622314453,41723600
2024-06-03,41.44233322143555,15482100
2024-06-04,40.821685791015625,15700900
2024-06-05,40.883201599121094,10660500
2024-06-06,41.31853485107422,10522200
2024-06-07,42.16080856323242,15023100
2024-06-10,42.5677375793457,12966600
2024-06-11,42.54880905151367,8300300
2024-06-12,42.31222152709961,8142100
2024-06-13,41.46049118041992,12180200
2024-06-14,40.69392776489258,12740300
2024-06-17,41.29014205932617,11065500
2024-06-18,42.05669403076172,13068900
2024-06-20,43.021995544433594,14612900
2024-06-21,43.211265563964844,26455400
2024-06-24,44.93366622924805,19090400
2024-06-25,44.971527099609375,14237000
2024-06-26,43.750701904296875,13501700
2024-06-27,44.488868713378906,9948000
2024-06-28,44.64975357055664,14139900
2024-07-01,44.081932067871094,8464000
2024-07-02,44.186031341552734,7927800
2024-07-03,44.77278518676758,6655500
2024-07-05,43.66552734375,7917100
2024-07-08,43.76016616821289,5470400
2024-07-09,42.77593994140625,6740300
2024-07-10,42.85165023803711,8538300
2024-07-11,43.71284866333008,6239400
2024-07-12,43.930511474609375,6584000
2024-07-15,45.38793182373047,11441800
2024-07-16,46.1071662902832,8220200
2024-07-17,46.27751541137695,8453300
2024-07-18,46.1071662902832,10758700
2024-07-19,47.00621795654297,17681000
2024-07-22,46.788551330566406,11212800
2024-07-23,46.419464111328125,10099000
2024-07-24,45.45417022705078,8552900
2024-07-25,45.64344024658203,9608000
2024-07-26,46.21126937866211,8231500
2024-07-29,45.29328918457031,9104400
2024-07-30,45.05669021606445,9880400
2024-07-31,45.700225830078125,6599800
2024-08-01,44.15764617919922,8952100
2024-08-02,42.520423889160156,11848400
2024-08-05,41.422637939453125,13010800
2024-08-06,41.07247543334961,8364000
2024-08-07,40.561439514160156,9259000
2024-08-08,41.346923828125,6697400
2024-08-09,41.21443176269531,5418000
2024-08-12,41.54566192626953,6599200
2024-08-13,41.422637939453125,5253400
2024-08-14,41.432090759277344,6305300
2024-08-15,42.6245231628418,7940000
2024-08-16,42.37845993041992,6013000
2024-08-19,42.92736053466797,8046500
2024-08-20,41.6686897277832,7409000
2024-08-21,41.82957077026367,5529900
2024-08-22,41.75385665893555,7164300
2024-08-23,42.70022964477539,6244500
2024-08-26,43.15449142456055,6222100
2024-08-27,42.6245231628418,5199400
2024-08-28,41.39424514770508,9866400
2024-08-29,41.810646057128906,8000800
2024-08-30,41.630836486816406,10174700
2024-09-03,40.022003173828125,12685000
2024-09-04,39.3599739074707,10048600
2024-09-05,39.264713287353516,10621900
2024-09-06,38.69317626953125,9864100
2024-09-09,38.49313735961914,11082500
2024-09-10,37.712032318115234,10782700
2024-09-11,37.6929817199707,15568300
2024-09-12,37.912071228027344,15404400
2024-09-13,38.06447982788086,17481700
2024-09-16,38.483612060546875,24556100
2024-09-17,39.53143310546875,18400300
2024-09-18,39.455230712890625,12663600
2024-09-19,40.72214126586914,17113300
2024-09-20,40.39826965332031,22881600
2024-09-23,40.86502456665039,12921100
2024-09-24,40.941226959228516,12006200
2024-09-25,39.82672882080078,12552400
2024-09-26,39.21708679199219,20933300
2024-09-27,40.28396224975586,14875800
2024-09-30,39.96009063720703,12219600
2024-10-01,41.0936393737793,14716500
2024-10-02,41.855690002441406,14614600
2024-10-03,42.76062774658203,13775400
2024-10-04,43.3035888671875,11294700
2024-10-07,43.427425384521484,8963600
2024-10-08,42.04620361328125,13404700
2024-10-09,42.112884521484375,9980700
2024-10-10,42.48438262939453,9707400
2024-10-11,42.655845642089844,8892300
2024-10-14,42.57963943481445,7048100
2024-10-15,40.912654876708984,10230900
2024-10-16,41.60802459716797,8692900
2024-10-17,41.9033203125,14481300
2024-10-18,39.93151092529297,21355900
2024-10-21,40.417320251464844,13839400
2024-10-22,39.941036224365234,11377900
2024-10-23,40.13154983520508,11117900
2024-10-24,39.29328918457031,13897100
2024-10-25,39.76005172729492,15345700
2024-10-28,39.42665100097656,10589900
2024-10-29,38.51219177246094,15895600
2024-10-30,38.2454719543457,12252100
2024-10-31,38.16926574707031,14264900
2024-11-01,37.873966217041016,12605900
2024-11-04,38.407405853271484,11103000
2024-11-05,38.626495361328125,10810900
2024-11-06,41.69375228881836,25379300
2024-11-07,41.188899993896484,15426700
2024-11-08,41.13174057006836,13598100
2024-11-11,42.189090728759766,12193700
2024-11-12,42.22719192504883,13725800
2024-11-13,41.52229690551758,9900400
2024-11-14,41.38893508911133,10061400
2024-11-15,41.13174057006836,9632100
2024-11-18,41.427040100097656,6955500
2024-11-19,41.05553436279297,8178400
2024-11-20,41.46514129638672,8329600
2024-11-21,41.970008850097656,11529000
2024-11-22,42.131935119628906,9015500
2024-11-25,41.674705505371094,14173200
2024-11-26,41.417510986328125,11192300
2024-11-27,41.58897018432617,8297200
2024-11-29,41.855690002441406,4143300
2024-12-02,41.56039810180664,8511400
2024-12-03,41.57945251464844,7429600
2024-12-04,40.970733642578125,10231100
2024-12-05,40.28053665161133,8466500
2024-12-06,39.26441955566406,15727500
2024-12-09,39.465721130371094,10656900
2024-12-10,39.17814254760742,10075800
2024-12-11,39.83958053588867,9958300
2024-12-12,39.398616790771484,7309700
2024-12-13,38.555049896240234,10763100
2024-12-16,38.2291259765625,14900700
2024-12-17,37.318450927734375,18705300
2024-12-18,35.784690856933594,15657400
2024-12-19,35.38207244873047,16159200
2024-12-20,35.30538558959961,36468300
2024-12-23,35.71758270263672,10833900
2024-12-24,36.16812515258789,4555400
2024-12-26,36.16812515258789,8145400
2024-12-27,36.23522186279297,9493700
2024-12-30,36.24481964111328,10995000
2024-12-31,36.75288009643555,7817100
