date,close,volume
2014-01-02,148.19847106933594,119636900
2014-01-03,148.17417907714844,81390600
2014-01-06,147.74481201171875,108028200
2014-01-07,148.6521759033203,86144200
2014-01-08,148.68455505371094,96582300
2014-01-09,148.78179931640625,90683400
2014-01-10,149.1868896484375,102026400
2014-01-13,147.20191955566406,149892000
2014-01-14,148.80609130859375,105016100
2014-01-15,149.6082000732422,98525800
2014-01-16,149.41372680664062,72290600
2014-01-17,148.78179931640625,107848700
2014-01-21,149.2192840576172,88621200
2014-01-22,149.31649780273438,61270900
2014-01-23,148.0931854248047,132496900
2014-01-24,144.9334259033203,208677100
2014-01-27,144.2205047607422,180843100
2014-01-28,145.0792694091797,110463200
2014-01-29,143.68576049804688,216597300
2014-01-30,145.20884704589844,118938100
2014-01-31,144.35821533203125,194677900
2014-02-03,141.10939025878906,254837100
2014-02-04,142.09779357910156,165012400
2014-02-05,141.9195098876953,164230500
2014-02-06,143.7910919189453,132877600
2014-02-07,145.57350158691406,170787200
2014-02-10,145.8408203125,92218800
2014-02-11,147.4368438720703,117814100
2014-02-12,147.50985717773438,94717700
2014-02-13,148.27137756347656,100542200
2014-02-14,149.0896453857422,96498400
2014-02-18,149.26788330078125,80460900
2014-02-19,148.27951049804688,126524300
2014-02-20,149.15447998046875,104998100
2014-02-21,148.98434448242188,118116400
2014-02-24,149.8107452392578,114063900
2014-02-25,149.7540283203125,117085000
2014-02-26,149.76211547851562,98677200
2014-02-27,150.5480194091797,93880800
2014-02-28,150.9287872314453,150842000
2014-03-03,149.86744689941406,167748500
2014-03-04,151.9739990234375,167545900
2014-03-05,152.1116943359375,88376900
2014-03-06,152.45999145507812,82516500
2014-03-07,152.52487182617188,114513500
2014-03-10,152.44381713867188,74939200
2014-03-11,151.69036865234375,99009100
2014-03-12,151.73086547851562,104824400
2014-03-13,150.02944946289062,155014300
2014-03-14,149.6082000732422,153919600
2014-03-17,150.961181640625,98359500
2014-03-18,152.0387420654297,101804600
2014-03-19,151.22857666015625,176267300
2014-03-20,152.1116943359375,117241000
2014-03-21,151.52169799804688,163128000
2014-03-24,150.89505004882812,121411000
2014-03-25,151.61122131347656,103852000
2014-03-26,150.52078247070312,119843000
2014-03-27,150.203369140625,142383000
2014-03-28,150.94386291503906,101642000
2014-03-31,152.18080139160156,99745000
2014-04-01,153.18994140625,89193000
2014-04-02,153.7025909423828,78774000
2014-04-03,153.49911499023438,77435000
2014-04-04,151.68441772460938,169381000
2014-04-07,150.00807189941406,140803000
2014-04-08,150.62652587890625,112660000
2014-04-09,152.24591064453125,100254000
2014-04-10,149.0478057861328,172959000
2014-04-11,147.70510864257812,167251000
2014-04-14,148.8688507080078,132382000
2014-04-15,149.89418029785156,157093000
2014-04-16,151.46473693847656,105197000
2014-04-17,151.6763153076172,105255000
2014-04-21,152.20518493652344,68329000
2014-04-22,152.8969268798828,85790000
2014-04-23,152.53890991210938,73869000
2014-04-24,152.84808349609375,88170000
2014-04-25,151.5949249267578,100380000
2014-04-28,152.07496643066406,135121000
2014-04-29,152.7830047607422,84098000
2014-04-30,153.2387237548828,101508000
2014-05-01,153.25502014160156,93019000
2014-05-02,153.03529357910156,98122000
2014-05-05,153.32823181152344,75883000
2014-05-06,151.99362182617188,85454000
2014-05-07,152.88880920410156,106500000
2014-05-08,152.7260284423828,93618000
2014-05-09,152.9539031982422,83679000
2014-05-12,154.4430694580078,86940000
2014-05-13,154.58143615722656,66454000
2014-05-14,153.84901428222656,72367000
2014-05-15,152.49815368652344,154956000
2014-05-16,153.02713012695312,97458000
2014-05-19,153.58865356445312,63839000
2014-05-20,152.62025451660156,111644000
2014-05-21,153.90594482421875,89093000
2014-05-22,154.2803192138672,61549000
2014-05-23,154.8987579345703,61092800
2014-05-27,155.8508758544922,72010000
2014-05-28,155.73695373535156,66723000
2014-05-29,156.5425567626953,64377000
2014-05-30,156.79481506347656,76316000
2014-06-02,156.97389221191406,64656000
2014-06-03,156.89247131347656,65047000
2014-06-04,157.20982360839844,55529000
2014-06-05,158.23516845703125,92103000
2014-06-06,158.9919891357422,78696000
2014-06-09,159.1546630859375,65119000
2014-06-10,159.17100524902344,57129000
2014-06-11,158.61766052246094,68772000
2014-06-12,157.49464416503906,106350000
2014-06-13,157.9748077392578,82017000
2014-06-16,158.10501098632812,87424000
2014-06-17,158.54441833496094,84834000
2014-06-18,159.70806884765625,105267000
2014-06-19,159.88711547851562,85929000
2014-06-20,160.21168518066406,100587000
2014-06-23,160.1626434326172,70611000
2014-06-24,159.19776916503906,96237000
2014-06-25,159.91729736328125,82782000
2014-06-26,159.80282592773438,84312000
2014-06-27,160.11361694335938,71445100
2014-06-30,160.0318145751953,70201200
2014-07-01,161.10292053222656,90470000
2014-07-02,161.26644897460938,52475000
2014-07-03,162.05955505371094,52938800
2014-07-07,161.4954071044922,61696000
2014-07-08,160.4569854736328,108143000
2014-07-09,161.17654418945312,72992000
2014-07-10,160.53880310058594,99040000
2014-07-11,160.75953674316406,64243000
2014-07-14,161.5689697265625,58658000
2014-07-15,161.26644897460938,111307000
2014-07-16,161.86338806152344,79986400
2014-07-17,160.02365112304688,145398000
2014-07-18,161.65899658203125,124330000
2014-07-21,161.35641479492188,67592000
2014-07-22,162.05955505371094,67678000
2014-07-23,162.41937255859375,65612000
2014-07-24,162.4275665283203,56888000
2014-07-25,161.66717529296875,76837000
2014-07-28,161.73255920410156,69259000
2014-07-29,161.0375213623047,80466000
2014-07-30,161.06207275390625,104222000
2014-07-31,157.8814239501953,183479000
2014-08-01,157.39895629882812,189261000
2014-08-04,158.53549194335938,91340000
2014-08-05,156.99832153320312,152690000
2014-08-06,157.0474090576172,94818000
2014-08-07,156.1969757080078,135733000
2014-08-08,158.00399780273438,117014000
2014-08-11,158.46189880371094,74544000
2014-08-12,158.2412109375,73632000
2014-08-13,159.31224060058594,69047000
2014-08-14,160.06455993652344,57371000
2014-08-15,160.0318145751953,139951000
2014-08-18,161.37278747558594,75424000
2014-08-19,162.21495056152344,59135000
2014-08-20,162.64830017089844,72763000
2014-08-21,163.12255859375,67791000
2014-08-22,162.86911010742188,76107000
2014-08-25,163.6949462890625,63855000
2014-08-26,163.80120849609375,47298000
2014-08-27,163.7357940673828,47874000
2014-08-28,163.64588928222656,58330000
2014-08-29,164.11192321777344,65907000
2014-09-02,164.03013610839844,72426000
2014-09-03,163.94015502929688,57462000
2014-09-04,163.703125,85236000
2014-09-05,164.43902587890625,102177000
2014-09-08,164.0138397216797,64146000
2014-09-09,162.97535705566406,88591000
2014-09-10,163.5886688232422,67251000
2014-09-11,163.77670288085938,66774400
2014-09-12,162.82003784179688,117409300
2014-09-15,162.6973876953125,76401000
2014-09-16,163.92385864257812,116201000
2014-09-17,164.1445770263672,151266000
2014-09-18,165.01959228515625,94990000
2014-09-19,164.870849609375,121649000
2014-09-22,163.59756469726562,125553000
2014-09-23,162.66107177734375,111393000
2014-09-24,163.93438720703125,107276000
2014-09-25,161.28919982910156,150300000
2014-09-26,162.57070922851562,103547000
2014-09-29,162.27500915527344,95112000
2014-09-30,161.8477783203125,131302000
2014-10-01,159.65440368652344,177798000
2014-10-02,159.67913818359375,157285000
2014-10-03,161.43707275390625,121569000
2014-10-06,161.2481689453125,104778000
2014-10-07,158.75901794433594,147913000
2014-10-08,161.53567504882812,186461000
2014-10-09,158.33192443847656,210705000
2014-10-10,156.5246124267578,221909000
2014-10-13,153.95338439941406,230939000
2014-10-14,154.191650390625,215847000
2014-10-15,153.1483612060547,380715000
2014-10-16,153.0169677734375,270391000
2014-10-17,154.8241424560547,214625000
2014-10-20,156.32748413085938,130011000
2014-10-21,159.42442321777344,154949000
2014-10-22,158.2908172607422,151822000
2014-10-23,160.1309356689453,154944000
2014-10-24,161.36317443847656,117927000
2014-10-27,161.1413116455078,82954000
2014-10-28,162.98963928222656,106736000
2014-10-29,162.7432098388672,142557000
2014-10-30,163.78648376464844,113330000
2014-10-31,165.65951538085938,146903000
2014-11-03,165.7498016357422,93600000
2014-11-04,165.17481994628906,93343000
2014-11-05,166.21804809570312,91709000
2014-11-06,166.88351440429688,107089000
2014-11-07,167.03955078125,89540000
2014-11-10,167.5652618408203,66319000
2014-11-11,167.72959899902344,54499400
2014-11-12,167.54885864257812,90120300
2014-11-13,167.73776245117188,85357900
2014-11-14,167.7789306640625,80417500
2014-11-17,167.8856658935547,80441000
2014-11-18,168.8550262451172,76068100
2014-11-19,168.58392333984375,82373000
2014-11-20,168.87966918945312,72840300
2014-11-21,169.78330993652344,142327300
2014-11-24,170.25967407226562,65880800
2014-11-25,170.13650512695312,79108300
2014-11-26,170.57191467285156,62167800
2014-11-28,170.2104949951172,57890100
2014-12-01,169.0275115966797,103968400
2014-12-02,170.1200408935547,74507200
2014-12-03,170.7772979736328,68952000
2014-12-04,170.5883331298828,91316600
2014-12-05,170.86770629882812,91025500
2014-12-08,169.72576904296875,108588200
2014-12-09,169.6107635498047,125180100
2014-12-10,166.89169311523438,159856400
2014-12-11,167.73776245117188,159012800
2014-12-12,165.0269012451172,202330200
2014-12-15,163.89328002929688,189965800
2014-12-16,162.57888793945312,259543800
2014-12-17,165.76622009277344,253910100
2014-12-18,169.86549377441406,257633900
2014-12-19,170.5882568359375,245084600
2014-12-22,171.37295532226562,148318900
2014-12-23,171.6041717529297,122167900
2014-12-24,171.6207275390625,42963400
2014-12-26,172.1741943359375,57326700
2014-12-29,172.40538024902344,79643900
2014-12-30,171.48028564453125,73540800
2014-12-31,169.77870178222656,130333800
2015-01-02,169.6878204345703,121465900
2015-01-05,166.62335205078125,169632600
2015-01-06,165.05393981933594,209151400
2015-01-07,167.11065673828125,125346700
2015-01-08,170.07608032226562,147217800
2015-01-09,168.71316528320312,158567300
2015-01-12,167.39151000976562,144396100
2015-01-13,166.9207305908203,214553300
2015-01-14,165.91299438476562,192991100
2015-01-15,164.39308166503906,176613900
2015-01-16,166.5489959716797,211879600
2015-01-20,166.9041748046875,130991100
2015-01-21,167.74668884277344,122942700
2015-01-22,170.2412872314453,174356000
2015-01-23,169.30789184570312,117516800
2015-01-26,169.70445251464844,92009700
2015-01-27,167.46588134765625,134044600
2015-01-28,165.31826782226562,168514300
2015-01-29,166.8463897705078,173585400
2015-01-30,164.74826049804688,197729700
2015-02-02,166.7884979248047,163107000
2015-02-03,169.20050048828125,124212900
2015-02-04,168.5562286376953,134306700
2015-02-05,170.2577667236328,97953200
2015-02-06,169.78695678710938,125672000
2015-02-09,169.0270538330078,87219000
2015-02-10,170.82774353027344,96164200
2015-02-11,170.9268798828125,91087800
2015-02-12,172.57066345214844,97545900
2015-02-13,173.281005859375,93670400
2015-02-17,173.5535888671875,76968200
2015-02-18,173.57008361816406,80652900
2015-02-19,173.4461669921875,91462500
2015-02-20,174.48699951171875,140896400
2015-02-23,174.46218872070312,74411100
2015-02-24,174.95782470703125,72472300
2015-02-25,174.80914306640625,73061700
2015-02-26,174.60256958007812,72697900
2015-02-27,174.0078887939453,108076000
2015-03-02,175.10650634765625,87491400
2015-03-03,174.38784790039062,110325800
2015-03-04,173.65274047851562,114497200
2015-03-05,173.84271240234375,76873000
2015-03-06,171.39773559570312,188128000
2015-03-09,172.10804748535156,89818900
2015-03-10,169.31613159179688,157121300
2015-03-11,168.91964721679688,110145700
2015-03-12,171.06729125976562,93993500
2015-03-13,170.01824951171875,162410900
2015-03-16,172.28981018066406,136099200
2015-03-17,171.77767944335938,94510400
2015-03-18,173.84271240234375,228808500
2015-03-19,173.0497283935547,117917300
2015-03-20,174.5772247314453,177715100
2015-03-23,174.2370147705078,71784500
2015-03-24,173.2579803466797,77805300
2015-03-25,170.71908569335938,159521700
2015-03-26,170.3125457763672,153067200
2015-03-27,170.70254516601562,118939000
2015-03-30,172.7850799560547,96180400
2015-03-31,171.27500915527344,126768700
2015-04-01,170.66929626464844,137303600
2015-04-02,171.28329467773438,86900900
2015-04-06,172.4365692138672,114368200
2015-04-07,171.98025512695312,81236300
2015-04-08,172.56106567382812,89351900
2015-04-09,173.32432556152344,85548900
2015-04-10,174.27024841308594,72722900
2015-04-13,173.4819793701172,74436600
2015-04-14,173.8138885498047,75099900
2015-04-15,174.59378051757812,99529300
2015-04-16,174.54400634765625,68934900
2015-04-17,172.5361328125,191113200
2015-04-20,174.11260986328125,92189500
2015-04-21,173.9051055908203,72559800
2015-04-22,174.75967407226562,78264600
2015-04-23,175.199462890625,102585900
2015-04-24,175.60604858398438,61327400
2015-04-27,174.8759307861328,79358100
2015-04-28,175.4317626953125,86863500
2015-04-29,174.70997619628906,125684900
2015-04-30,172.9593048095703,161304900
2015-05-01,174.83438110351562,103399700
2015-05-04,175.33226013183594,70927200
2015-05-05,173.32432556152344,113326200
2015-05-06,172.61082458496094,135060200
2015-05-07,173.2994842529297,88244900
2015-05-08,175.5811767578125,155877300
2015-05-11,174.74313354492188,75708100
2015-05-12,174.22047424316406,119727600
2015-05-13,174.25364685058594,94667900
2015-05-14,176.07066345214844,95934000
2015-05-15,176.261474609375,76510100
2015-05-18,176.80906677246094,74549700
2015-05-19,176.7510223388672,72114600
2015-05-20,176.62660217285156,76857500
2015-05-21,177.14096069335938,64764600
2015-05-22,176.71780395507812,57433500
2015-05-26,174.8178253173828,124308600
2015-05-27,176.4772491455078,93214000
2015-05-28,176.27804565429688,74974600
2015-05-29,175.18284606933594,124919600
2015-06-01,175.53970336914062,93338800
2015-06-02,175.36541748046875,91531000
2015-06-03,175.83006286621094,87820900
2015-06-04,174.34487915039062,151882800
2015-06-05,174.0462188720703,121704700
2015-06-08,172.9759063720703,89063300
2015-06-09,172.95098876953125,105034700
2015-06-10,175.02520751953125,134551300
2015-06-11,175.5894317626953,73876400
2015-06-12,174.24537658691406,135382400
2015-06-15,173.49856567382812,124384200
2015-06-16,174.4444580078125,85308200
2015-06-17,174.72657775878906,126708600
2015-06-18,176.5435791015625,165867900
2015-06-19,175.75990295410156,130478700
2015-06-22,176.6602783203125,70696000
2015-06-23,176.78530883789062,68476800
2015-06-24,175.50140380859375,92307300
2015-06-25,174.9678192138672,97107400
2015-06-26,174.93453979492188,104174800
2015-06-29,171.26602172851562,202621300
2015-06-30,171.62451171875,182925100
2015-07-01,173.00022888183594,135979900
2015-07-02,172.84182739257812,104373700
2015-07-06,172.34986877441406,117975400
2015-07-07,173.43377685546875,173820200
2015-07-08,170.5240020751953,164020100
2015-07-09,170.83248901367188,144113100
2015-07-10,172.9835662841797,129456900
2015-07-13,174.89283752441406,106069400
2015-07-14,175.6514434814453,81709600
2015-07-15,175.59312438964844,97914100
2015-07-16,177.00213623046875,106683300
2015-07-17,177.15223693847656,89030000
2015-07-20,177.24392700195312,70446800
2015-07-21,176.54359436035156,77965000
2015-07-22,176.22682189941406,88667900
2015-07-23,175.2346649169922,90509100
2015-07-24,173.41712951660156,117755000
2015-07-27,172.4082794189453,132361100
2015-07-28,174.52593994140625,123544800
2015-07-29,175.72654724121094,105791300
2015-07-30,175.76821899414062,91304400
2015-07-31,175.50140380859375,103266900
2015-08-03,174.90945434570312,113965700
2015-08-04,174.567626953125,81820800
2015-08-05,175.14292907714844,85786800
2015-08-06,173.7089080810547,116030800
2015-08-07,173.37539672851562,117858000
2015-08-10,175.55979919433594,80270700
2015-08-11,173.97567749023438,126081400
2015-08-12,174.1841583251953,172123700
2015-08-13,173.9673309326172,89383300
2015-08-14,174.60096740722656,72786500
2015-08-17,175.57650756835938,79072600
2015-08-18,175.0679168701172,71692700
2015-08-19,173.68389892578125,172946000
2015-08-20,170.05709838867188,194327900
2015-08-21,164.93797302246094,346588500
2015-08-24,157.9929656982422,507244300
2015-08-25,156.13372802734375,369833100
2015-08-26,162.12826538085938,339257000
2015-08-27,166.13858032226562,274143900
2015-08-28,166.1469268798828,160414400
2015-08-31,164.80458068847656,163298800
2015-09-01,159.88555908203125,256000400
2015-09-02,162.92037963867188,160269300
2015-09-03,163.03704833984375,152087800
2015-09-04,160.5692138671875,207081000
2015-09-08,164.60447692871094,116025700
2015-09-09,162.40338134765625,149347700
2015-09-10,163.28720092773438,158611100
2015-09-11,164.02928161621094,119691200
2015-09-14,163.42054748535156,79452000
2015-09-15,165.46322631835938,113806200
2015-09-16,166.89724731445312,99581600
2015-09-17,166.52212524414062,276046600
2015-09-18,163.80088806152344,223657500
2015-09-21,164.6473388671875,105726200
2015-09-22,162.51026916503906,153890900
2015-09-23,162.25045776367188,92790600
2015-09-24,161.6637725830078,159378800
2015-09-25,161.62185668945312,155054800
2015-09-28,157.56564331054688,178515900
2015-09-29,157.65780639648438,159045600
2015-09-30,160.59939575195312,163452000
2015-10-01,161.01844787597656,131079000
2015-10-02,163.42373657226562,211003300
2015-10-05,166.3318634033203,126320800
2015-10-06,165.7619171142578,110274500
2015-10-07,167.11959838867188,124307300
2015-10-08,168.628173828125,153055200
2015-10-09,168.7287139892578,107069200
2015-10-12,168.8879852294922,56395600
2015-10-13,167.82357788085938,88038700
2015-10-14,167.01907348632812,99106200
2015-10-15,169.5835418701172,134142200
2015-10-16,170.35462951660156,114580100
2015-10-19,170.4384002685547,76523900
2015-10-20,170.22048950195312,78448500
2015-10-21,169.16452026367188,102038000
2015-10-22,172.0223388671875,174911700
2015-10-23,173.907958984375,144442300
2015-10-26,173.48057556152344,69033000
2015-10-27,173.14541625976562,77905800
2015-10-28,175.11476135253906,135906700
2015-10-29,175.01429748535156,90525500
2015-10-30,174.2599639892578,131076900
2015-11-02,176.32162475585938,86270800
2015-11-03,176.8328399658203,95246100
2015-11-04,176.29653930664062,96224500
2015-11-05,176.12051391601562,78408700
2015-11-06,176.0283660888672,110471500
2015-11-09,174.3856658935547,131008700
2015-11-10,174.78799438476562,75874600
2015-11-11,174.1007843017578,67846000
2015-11-12,171.6703643798828,121315200
2015-11-13,169.74278259277344,153577100
2015-11-16,172.3240509033203,117645200
2015-11-17,172.1983184814453,121123700
2015-11-18,174.93043518066406,121342500
2015-11-19,174.7795867919922,88220500
2015-11-20,175.41651916503906,94011500
2015-11-23,175.2153778076172,64931200
2015-11-24,175.45004272460938,98874400
2015-11-25,175.4249725341797,51980100
2015-11-27,175.62606811523438,37317800
2015-11-30,174.89691162109375,112822700
2015-12-01,176.5646514892578,97858400
2015-12-02,174.76284790039062,108441300
2015-12-03,172.31570434570312,166224200
2015-12-04,175.6763153076172,192913900
2015-12-07,174.6119842529297,102027100
2015-12-08,173.43865966796875,103372400
2015-12-09,172.08937072753906,162401500
2015-12-10,172.53353881835938,116128900
2015-12-11,169.1896514892578,211173300
2015-12-14,170.0445098876953,182385200
2015-12-15,171.82955932617188,154069600
2015-12-16,174.34381103515625,197017000
2015-12-17,171.68707275390625,173092500
2015-12-18,168.6284942626953,251393500
2015-12-21,170.01953125,99094300
2015-12-22,171.5623779296875,111026200
2015-12-23,173.68685913085938,110987200
2015-12-24,173.4001922607422,48539600
2015-12-28,173.0039825439453,65899900
2015-12-29,174.85028076171875,92640700
2015-12-30,173.61094665527344,63317700
2015-12-31,171.87429809570312,114877900
2016-01-04,169.47157287597656,222353500
2016-01-05,169.75823974609375,110845800
2016-01-06,167.61680603027344,152112600
2016-01-07,163.59544372558594,213436100
2016-01-08,161.79966735839844,209817200
2016-01-11,161.9599151611328,187941300
2016-01-12,163.26663208007812,172330500
2016-01-13,159.19468688964844,221168900
2016-01-14,161.80816650390625,240795600
2016-01-15,158.33474731445312,324846400
2016-01-19,158.54554748535156,195244400
2016-01-20,156.51376342773438,286547800
2016-01-21,157.39053344726562,195772900
2016-01-22,160.61944580078125,168319600
2016-01-25,158.19143676757812,130371700
2016-01-26,160.34959411621094,141036800
2016-01-27,158.60455322265625,185681700
2016-01-28,159.4307098388672,143798800
2016-01-29,163.3172149658203,210529300
2016-02-01,163.25820922851562,136061600
2016-02-02,160.3159637451172,182564900
2016-02-03,161.27700805664062,205054900
2016-02-04,161.5299072265625,139531800
2016-02-05,158.45274353027344,180788300
2016-02-08,156.31982421875,191526700
2016-02-09,156.32826232910156,184513100
2016-02-10,156.19342041015625,148214100
2016-02-11,154.16165161132812,219058900
2016-02-12,157.33995056152344,127632400
2016-02-16,159.99562072753906,120250700
2016-02-17,162.6090545654297,136009500
2016-02-18,161.9430389404297,102343000
2016-02-19,161.86721801757812,114793000
2016-02-22,164.21087646484375,103640300
2016-02-23,162.13693237304688,111455300
2016-02-24,162.87884521484375,150812200
2016-02-25,164.8516387939453,110728300
2016-02-26,164.47222900390625,129833700
2016-02-29,163.18228149414062,125918100
2016-03-01,167.0182647705078,141799700
2016-03-02,167.76858520507812,102415000
2016-03-03,168.42613220214844,95172200
2016-03-04,168.97412109375,129293600
2016-03-07,169.10902404785156,100219000
2016-03-08,167.2627716064453,123974900
2016-03-09,168.08892822265625,94801200
2016-03-10,168.22381591796875,156838700
2016-03-11,170.9384765625,137964500
2016-03-14,170.71925354003906,73612000
2016-03-15,170.4410400390625,93169100
2016-03-16,171.4274444580078,129303200
2016-03-17,172.5149688720703,134278500
2016-03-18,173.19297790527344,138372400
2016-03-21,173.438720703125,72926700
2016-03-22,173.34544372558594,97471900
2016-03-23,172.2014617919922,81052500
2016-03-24,172.1251983642578,84360900
2016-03-28,172.22689819335938,62408200
2016-03-29,173.81997680664062,92922900
2016-03-30,174.58265686035156,86365300
2016-03-31,174.15895080566406,94584100
2016-04-01,175.34527587890625,114423500
2016-04-04,174.777587890625,63497000
2016-04-05,173.03187561035156,99662200
2016-04-06,174.92164611816406,91839800
2016-04-07,172.82855224609375,113859000
2016-04-08,173.29458618164062,95040600
2016-04-11,172.88784790039062,83757500
2016-04-12,174.49789428710938,115350600
2016-04-13,176.26055908203125,96336400
2016-04-14,176.26902770996094,65212900
2016-04-15,176.07406616210938,75761600
2016-04-18,177.31129455566406,82531000
2016-04-19,177.87060546875,88316100
2016-04-20,178.04005432128906,81100300
2016-04-21,177.08251953125,85695000
2016-04-22,177.08251953125,99251700
2016-04-25,176.7774200439453,66166500
2016-04-26,177.04014587402344,75864200
2016-04-27,177.40455627441406,77329400
2016-04-28,175.7944793701172,97216200
2016-04-29,174.84535217285156,142424100
2016-05-02,176.235107421875,62188000
2016-05-03,174.70132446289062,106422100
2016-05-04,173.72674560546875,92243800
2016-05-05,173.69290161132812,67619200
2016-05-06,174.3284912109375,89315000
2016-05-09,174.47250366210938,74374900
2016-05-10,176.64186096191406,77472200
2016-05-11,174.98939514160156,81727000
2016-05-12,175.04025268554688,89586300
2016-05-13,173.51492309570312,96474600
2016-05-16,175.22669982910156,77486800
2016-05-17,173.59120178222656,114924900
2016-05-18,173.6420135498047,120062100
2016-05-19,173.0403594970703,115430500
2016-05-20,174.13351440429688,104990400
2016-05-23,173.89627075195312,58682600
2016-05-24,176.1503448486328,93537800
2016-05-25,177.34519958496094,76621400
2016-05-26,177.39605712890625,55280700
2016-05-27,178.15872192382812,64211200
2016-05-31,177.81982421875,109879400
2016-06-01,178.18414306640625,69936200
2016-06-02,178.7264862060547,63044700
2016-06-03,178.19264221191406,101757100
2016-06-06,179.09933471679688,64887000
2016-06-07,179.37899780273438,60974800
2016-06-08,179.9636688232422,66170900
2016-06-09,179.7179718017578,73786900
2016-06-10,178.01466369628906,113829200
2016-06-13,176.64186096191406,117751200
2016-06-14,176.29441833496094,125059300
2016-06-15,176.0486297607422,109124500
2016-06-16,176.57403564453125,149533100
2016-06-17,175.91647338867188,117055700
2016-06-20,177.0493927001953,82789600
2016-06-21,177.552001953125,72461700
2016-06-22,177.26234436035156,95560500
2016-06-23,179.57077026367188,102731400
2016-06-24,173.12255859375,333444400
2016-06-27,170.0219268798828,230775800
2016-06-28,173.0884246826172,159382400
2016-06-29,176.03570556640625,137328600
2016-06-30,178.4378204345703,165021900
2016-07-01,178.81265258789062,106055300
2016-07-05,177.52638244628906,109803700
2016-07-06,178.5911865234375,96021500
2016-07-07,178.48043823242188,85593800
2016-07-08,181.1380615234375,133971000
2016-07-11,181.77694702148438,73633900
2016-07-12,183.0972442626953,101275600
2016-07-13,183.0717010498047,87324100
2016-07-14,184.09385681152344,91230900
2016-07-15,183.8468475341797,107155400
2016-07-18,184.3408966064453,58725900
2016-07-19,184.15345764160156,54345700
2016-07-20,184.9201202392578,58159500
2016-07-21,184.2216796875,67777300
2016-07-22,185.0478973388672,62787500
2016-07-25,184.5453338623047,55873100
2016-07-26,184.63055419921875,70080500
2016-07-27,184.43458557128906,84083900
2016-07-28,184.64759826660156,65035700
2016-07-29,184.9456787109375,79519400
2016-08-01,184.79237365722656,73311400
2016-08-02,183.6083526611328,92295500
2016-08-03,184.1449737548828,53993600
2016-08-04,184.3408966064453,46585500
2016-08-05,185.84864807128906,71892200
2016-08-08,185.73785400390625,39906500
2016-08-09,185.84864807128906,51251700
2016-08-10,185.3885955810547,57941100
2016-08-11,186.24896240234375,72504300
2016-08-12,186.0871124267578,61313500
2016-08-15,186.62374877929688,49813500
2016-08-16,185.6611785888672,53213600
2016-08-17,186.0104522705078,75134300
2016-08-18,186.42784118652344,52989300
2016-08-19,186.15524291992188,75443000
2016-08-22,186.14674377441406,61368800
2016-08-23,186.5215301513672,53399200
2016-08-24,185.56748962402344,71728900
2016-08-25,185.4397735595703,69224800
2016-08-26,185.0904998779297,122506300
2016-08-29,186.0019073486328,70502200
2016-08-30,185.6953125,58114500
2016-08-31,185.16717529296875,85269500
2016-09-01,185.17564392089844,97844200
2016-09-02,186.0104522705078,79293900
2016-09-06,186.57260131835938,56702100
2016-09-07,186.55563354492188,76554900
2016-09-08,186.12969970703125,74102900
2016-09-09,181.67469787597656,221589100
2016-09-12,184.28128051757812,168110900
2016-09-13,181.63206481933594,182828800
2016-09-14,181.5640106201172,134185500
2016-09-15,183.37832641601562,134427900
2016-09-16,182.66944885253906,155236400
2016-09-19,182.70370483398438,80250500
2016-09-20,182.7123565673828,69665300
2016-09-21,184.76695251464844,110284400
2016-09-22,185.9312744140625,76678700
2016-09-23,184.91249084472656,73630900
2016-09-26,183.41427612304688,89827300
2016-09-27,184.5529327392578,78494800
2016-09-28,185.468994140625,87411000
2016-09-29,183.79098510742188,128070600
2016-09-30,185.17788696289062,117202900
2016-10-03,184.73269653320312,83512100
2016-10-04,183.79098510742188,119948100
2016-10-05,184.60430908203125,72816000
2016-10-06,184.73269653320312,62927400
2016-10-07,184.0991668701172,89788300
2016-10-10,185.05801391601562,51855000
2016-10-11,182.72085571289062,130367400
2016-10-12,182.9605712890625,73866100
2016-10-13,182.3612823486328,101357000
2016-10-14,182.45545959472656,93346200
2016-10-17,181.82192993164062,58275700
2016-10-18,182.9605712890625,76869700
2016-10-19,183.4485321044922,66519200
2016-10-20,183.10606384277344,73639800
2016-10-21,183.1916961669922,89089100
2016-10-24,183.9707794189453,60146600
2016-10-25,183.35433959960938,66542300
2016-10-26,182.9862518310547,75705500
2016-10-27,182.49826049804688,77220200
2016-10-28,181.95889282226562,140623200
2016-10-31,181.9674835205078,61272500
2016-11-01,180.64901733398438,122781800
2016-11-02,179.56178283691406,103330800
2016-11-03,178.73992919921875,88939300
2016-11-04,178.54299926757812,109122100
2016-11-07,182.48117065429688,109794900
2016-11-08,183.3030242919922,106772100
2016-11-09,185.2463836669922,258429000
2016-11-10,185.7086944580078,172113300
2016-11-11,185.28065490722656,100552700
2016-11-14,185.4261474609375,94580000
2016-11-15,186.8730010986328,91652600
2016-11-16,186.52197265625,65617700
2016-11-17,187.48092651367188,69797200
2016-11-18,187.06134033203125,86265800
2016-11-21,188.4739532470703,72402600
2016-11-22,188.8420867919922,67429000
2016-11-23,188.94479370117188,56620200
2016-11-25,189.64682006835938,37872300
2016-11-28,188.75645446777344,76572500
2016-11-29,189.12466430664062,69886700
2016-11-30,188.6708221435547,113291800
2016-12-01,187.9774169921875,79040500
2016-12-02,188.0715789794922,74840300
2016-12-05,189.20167541503906,67837800
2016-12-06,189.8009033203125,59877400
2016-12-07,192.28367614746094,110738100
2016-12-08,192.7545928955078,99714400
2016-12-09,193.9188232421875,88005800
2016-12-12,193.6962432861328,102016100
2016-12-13,194.989013671875,110477500
2016-12-14,193.37950134277344,142501800
2016-12-15,194.17567443847656,124972600
2016-12-16,193.79591369628906,156420200
2016-12-19,194.2178955078125,90341100
2016-12-20,194.96710205078125,89838800
2016-12-21,194.42457580566406,67909000
2016-12-22,194.08872985839844,56219100
2016-12-23,194.37295532226562,36697800
2016-12-27,194.85513305664062,42672500
2016-12-28,193.24468994140625,64095000
2016-12-29,193.20172119140625,48696100
2016-12-30,192.49554443359375,108998300
2017-01-03,193.96815490722656,91366500
2017-01-04,195.12210083007812,78744400
2017-01-05,194.96710205078125,78379000
2017-01-06,195.66464233398438,71559900
2017-01-09,195.0187530517578,46939700
2017-01-10,195.0187530517578,63771900
2017-01-11,195.56993103027344,74650000
2017-01-12,195.0790252685547,72113200
2017-01-13,195.52687072753906,62717900
2017-01-17,194.83787536621094,61240800
2017-01-18,195.2685089111328,54793300
2017-01-19,194.54510498046875,66608800
2017-01-20,195.2598419189453,129168600
2017-01-23,194.75184631347656,75061600
2017-01-24,196.00051879882812,95555300
2017-01-25,197.697021484375,84437700
2017-01-26,197.49026489257812,59970700
2017-01-27,197.18028259277344,59711100
2017-01-30,195.95745849609375,79737300
2017-01-31,195.94020080566406,75880800
2017-02-01,196.01771545410156,79117700
2017-02-02,196.1468963623047,69657600
2017-02-03,197.4989013671875,80563200
2017-02-06,197.14581298828125,57790100
2017-02-07,197.1544189453125,57931200
2017-02-08,197.41278076171875,51566200
2017-02-09,198.583984375,65955200
2017-02-10,199.3675994873047,66015900
2017-02-13,200.45263671875,55182100
2017-02-14,201.25352478027344,71109000
2017-02-15,202.30418395996094,86785800
2017-02-16,202.13198852539062,84722400
2017-02-17,202.45054626464844,77204100
2017-02-21,203.6562042236328,88946100
2017-02-22,203.475341796875,62115200
2017-02-23,203.6131591796875,74615900
2017-02-24,203.8715362548828,82381600
2017-02-27,204.19012451171875,56515400
2017-02-28,203.63900756835938,96961900
2017-03-01,206.48947143554688,149158200
2017-03-02,205.18907165527344,70246000
2017-03-03,205.31826782226562,81974300
2017-03-06,204.7068634033203,55391500
2017-03-07,204.09539794921875,65103700
2017-03-08,203.71652221679688,78168800
2017-03-09,203.97486877441406,90683900
2017-03-10,204.68966674804688,81991700
2017-03-13,204.79290771484375,57256800
2017-03-14,204.00926208496094,59880800
2017-03-15,205.7747039794922,96081800
2017-03-16,205.3699188232422,78344000
2017-03-17,205.00926208496094,89002100
2017-03-20,204.78440856933594,52537000
2017-03-21,202.15505981445312,131809300
2017-03-22,202.63075256347656,97569200
2017-03-23,202.41453552246094,100410300
2017-03-24,202.2674560546875,112504900
2017-03-27,202.05995178222656,87454500
2017-03-28,203.5301971435547,93483900
2017-03-29,203.72052001953125,61950400
2017-03-30,204.36917114257812,56737900
2017-03-31,203.89352416992188,73733100
2017-04-03,203.5389404296875,85546500
2017-04-04,203.66867065429688,56466200
2017-04-05,203.063232421875,108800600
2017-04-06,203.63404846191406,69135800
2017-04-07,203.42648315429688,74412300
2017-04-10,203.54754638671875,67615300
2017-04-11,203.3053741455078,88045300
2017-04-12,202.41453552246094,81864400
2017-04-13,201.09986877441406,92880400
2017-04-17,202.88162231445312,68405400
2017-04-18,202.27613830566406,83225800
2017-04-19,201.90426635742188,68699900
2017-04-20,203.54754638671875,92572200
2017-04-21,202.89892578125,110389800
2017-04-24,205.1303253173828,119209900
2017-04-25,206.32391357421875,76698300
2017-04-26,206.19419860839844,84702500
2017-04-27,206.3671875,57410300
2017-04-28,205.91741943359375,63532800
2017-05-01,206.43637084960938,66882500
2017-05-02,206.5142059326172,57375700
2017-05-03,206.26339721679688,73137700
2017-05-04,206.5055694580078,61462700
2017-05-05,207.3185272216797,62001300
2017-05-08,207.2839813232422,48385700
2017-05-09,207.0937042236328,51363200
2017-05-10,207.46554565429688,54293800
2017-05-11,207.0418243408203,62358300
2017-05-12,206.69580078125,53912700
2017-05-15,207.8375244140625,61918900
2017-05-16,207.647216796875,51241800
2017-05-17,203.96275329589844,172174100
2017-05-18,204.78440856933594,107047700
2017-05-19,206.11634826660156,115011400
2017-05-22,207.1629180908203,61010600
2017-05-23,207.62130737304688,48341700
2017-05-24,208.1056365966797,46927700
2017-05-25,209.1002655029297,64071700
2017-05-26,209.05702209472656,46629900
2017-05-30,208.87542724609375,35201900
2017-05-31,208.82350158691406,91796000
2017-06-01,210.4841766357422,68962000
2017-06-02,211.18466186523438,88666100
2017-06-05,211.0290069580078,44698800
2017-06-06,210.35440063476562,50375400
2017-06-07,210.74359130859375,54144300
2017-06-08,210.84738159179688,65950700
2017-06-09,210.52735900878906,132256400
2017-06-12,210.4841766357422,86108100
2017-06-13,211.51339721679688,60067000
2017-06-14,211.2452392578125,78602300
2017-06-15,210.83876037597656,66464900
2017-06-16,210.88479614257812,84553100
2017-06-19,212.64048767089844,65123800
2017-06-20,211.20635986328125,56906400
2017-06-21,211.15420532226562,55977600
2017-06-22,211.0586700439453,44148100
2017-06-23,211.31069946289062,66986800
2017-06-26,211.44969177246094,56700500
2017-06-27,209.7462921142578,82247700
2017-06-28,211.62356567382812,70042600
2017-06-29,209.76364135742188,106949700
2017-06-30,210.15476989746094,86820700
2017-07-03,210.5111083984375,39153800
2017-07-05,210.99778747558594,54427600
2017-07-06,209.06832885742188,65400800
2017-07-07,210.42416381835938,57972300
2017-07-10,210.65011596679688,36663300
2017-07-11,210.4936981201172,50354600
2017-07-12,212.07554626464844,59610400
2017-07-13,212.43185424804688,39471600
2017-07-14,213.42266845703125,60262700
2017-07-17,213.39657592773438,33531900
2017-07-18,213.50961303710938,42742500
2017-07-19,214.6654815673828,51034300
2017-07-20,214.7611541748047,47135200
2017-07-21,214.56988525390625,82340800
2017-07-24,214.5177764892578,46622300
2017-07-25,215.03924560546875,54915600
2017-07-26,215.0478973388672,47575400
2017-07-27,214.8480682373047,70766600
2017-07-28,214.5960235595703,50088400
2017-07-31,214.4743194580078,65838700
2017-08-01,214.95230102539062,55050400
2017-08-02,215.056640625,47211200
2017-08-03,214.6394500732422,40856000
2017-08-04,215.03053283691406,60191800
2017-08-07,215.43035888671875,31995000
2017-08-08,214.90017700195312,61719400
2017-08-09,214.89151000976562,62632600
2017-08-10,211.8582305908203,120479500
2017-08-11,212.17112731933594,74869900
2017-08-14,214.2744140625,73291900
2017-08-15,214.2483367919922,55242700
2017-08-16,214.62208557128906,56715500
2017-08-17,211.27593994140625,128490400
2017-08-18,210.94564819335938,136748000
2017-08-21,211.1107940673828,65469700
2017-08-22,213.31842041015625,63140100
2017-08-23,212.5535125732422,50203800
2017-08-24,212.05812072753906,50741700
2017-08-25,212.5535125732422,64445900
2017-08-28,212.562255859375,40565600
2017-08-29,212.8055877685547,51135700
2017-08-30,213.8137969970703,62030800
2017-08-31,215.10008239746094,103803900
2017-09-01,215.4042510986328,62007000
2017-09-05,213.8572235107422,91398800
2017-09-06,214.58731079101562,57916900
2017-09-07,214.5612335205078,58034700
2017-09-08,214.30918884277344,63832800
2017-09-11,216.5950164794922,71364800
2017-09-12,217.32504272460938,56896000
2017-09-13,217.42929077148438,59228000
2017-09-14,217.3597869873047,95446300
2017-09-15,217.65240478515625,95432400
2017-09-18,218.11532592773438,46235200
2017-09-19,218.3336639404297,47108100
2017-09-20,218.41229248046875,59574100
2017-09-21,217.8271484375,48211400
2017-09-22,217.87075805664062,51214000
2017-09-25,217.42526245117188,57064400
2017-09-26,217.55636596679688,54082000
2017-09-27,218.403564453125,81001400
2017-09-28,218.66561889648438,44778800
2017-09-29,219.43426513671875,85578000
2017-10-02,220.38626098632812,59023000
2017-10-03,220.8579559326172,66810200
2017-10-04,221.11990356445312,55953600
2017-10-05,222.43011474609375,63522800
2017-10-06,222.17681884765625,80646000
2017-10-09,221.8099822998047,35803100
2017-10-10,222.39520263671875,43057400
2017-10-11,222.7445831298828,47674300
2017-10-12,222.41268920898438,47065100
2017-10-13,222.6834259033203,54800400
2017-10-16,222.98040771484375,38221700
2017-10-17,223.13760375976562,31561000
2017-10-18,223.35595703125,40888300
2017-10-19,223.41709899902344,61903800
2017-10-20,224.57005310058594,89176400
2017-10-23,223.6966094970703,63915300
2017-10-24,224.08969116210938,66935900
2017-10-25,222.98040771484375,103715300
2017-10-26,223.26858520507812,69798000
2017-10-27,225.09408569335938,85562500
2017-10-30,224.25564575195312,54285700
2017-10-31,224.60491943359375,60304800
2017-11-01,224.90194702148438,54202700
2017-11-02,224.98928833007812,56449500
2017-11-03,225.740478515625,59589700
2017-11-06,226.08985900878906,49652600
2017-11-07,225.9326171875,57502200
2017-11-08,226.31689453125,50469600
2017-11-09,225.49586486816406,95085500
2017-11-10,225.42601013183594,59984700
2017-11-13,225.63563537597656,50228600
2017-11-14,225.11160278320312,61315200
2017-11-15,223.98484802246094,80811500
2017-11-16,225.8889617919922,67777000
2017-11-17,225.22511291503906,75756800
2017-11-20,225.60943603515625,48075500
2017-11-21,227.08555603027344,69176800
2017-11-22,226.8846893310547,45033400
2017-11-24,227.40875244140625,27856500
2017-11-27,227.29519653320312,52274900
2017-11-28,229.60107421875,98971700
2017-11-29,229.46128845214844,77512100
2017-11-30,231.4702606201172,127894400
2017-12-01,230.9898681640625,164390900
2017-12-04,230.71035766601562,94040600
2017-12-05,229.8805389404297,77994500
2017-12-06,229.92417907714844,75898600
2017-12-07,230.64918518066406,77218600
2017-12-08,231.90696716308594,76563900
2017-12-11,232.60572814941406,83077500
2017-12-12,233.0162353515625,85195800
2017-12-13,232.99008178710938,102905400
2017-12-14,232.03799438476562,100666700
2017-12-15,233.97023010253906,144610300
2017-12-18,235.4539337158203,83653600
2017-12-19,234.54966735839844,82382900
2017-12-20,234.42669677734375,76751500
2017-12-21,234.90956115722656,67032300
2017-12-22,234.84814453125,78720900
2017-12-26,234.5671844482422,45244400
2017-12-27,234.68128967285156,57751000
2017-12-28,235.1641387939453,45116100
2017-12-29,234.2774658203125,96007400
2018-01-02,235.9542236328125,86655700
2018-01-03,237.44680786132812,90070400
2018-01-04,238.44757080078125,80636400
2018-01-05,240.0364990234375,83524000
2018-01-08,240.47547912597656,57319200
2018-01-09,241.01988220214844,57254000
2018-01-10,240.6510772705078,69574300
2018-01-11,242.40684509277344,62361500
2018-01-12,243.98719787597656,90816100
2018-01-16,243.15309143066406,106555100
2018-01-17,245.47076416015625,113258800
2018-01-18,245.0581817626953,100728000
2018-01-19,246.173095703125,140920100
2018-01-22,248.17469787597656,91322400
2018-01-23,248.70152282714844,97084700
2018-01-24,248.60496520996094,134816100
2018-01-25,248.710205078125,84587300
2018-01-26,251.5897674560547,107743100
2018-01-29,249.9217529296875,90118300
2018-01-30,247.3583221435547,131796400
2018-01-31,247.48117065429688,108364800
2018-02-01,247.20028686523438,90102500
2018-02-02,241.81869506835938,173174800
2018-02-05,231.7052001953125,294681800
2018-02-06,236.2703399658203,355026800
2018-02-07,234.9886474609375,167376100
2018-02-08,226.1744384765625,246449500
2018-02-09,229.57196044921875,283565300
2018-02-12,232.94313049316406,143736000
2018-02-13,233.5225067138672,81223600
2018-02-14,236.6741485595703,120735700
2018-02-15,239.69422912597656,111200300
2018-02-16,239.7643585205078,160420100
2018-02-20,238.26324462890625,86369700
2018-02-21,237.07797241210938,98883700
2018-02-22,237.3852996826172,110511300
2018-02-23,241.1690216064453,92766400
2018-02-26,243.96963500976562,86491400
2018-02-27,240.92323303222656,99099200
2018-02-28,238.48265075683594,121907800
2018-03-01,235.01490783691406,176855100
2018-03-02,236.22640991210938,139083200
2018-03-05,238.9567108154297,97307400
2018-03-06,239.56246948242188,79213200
2018-03-07,239.4746551513672,87063500
2018-03-08,240.633544921875,66901200
2018-03-09,244.82113647460938,113625300
2018-03-12,244.51390075683594,71924800
2018-03-13,242.9335479736328,91968900
2018-03-14,241.68698120117188,105895100
2018-03-15,241.42364501953125,83433000
2018-03-16,241.6854705810547,100343700
2018-03-19,238.41534423828125,109208400
2018-03-20,238.82078552246094,59757300
2018-03-21,238.3624725341797,78709600
2018-03-22,232.40408325195312,148785900
2018-03-23,227.45046997070312,183534800
2018-03-26,233.6732940673828,141956100
2018-03-27,229.69808959960938,129941400
2018-03-28,229.0193634033203,146452300
2018-03-29,231.94570922851562,111601600
2018-04-02,226.93923950195312,186286300
2018-04-03,229.84788513183594,119956900
2018-04-04,232.30712890625,123715300
2018-04-05,234.1404571533203,82652600
2018-04-06,228.92247009277344,179521200
2018-04-09,230.0507049560547,105442900
2018-04-10,233.7085723876953,103529000
2018-04-11,232.4833984375,91140200
2018-04-12,234.39605712890625,68890500
2018-04-13,233.7085723876953,85079200
2018-04-16,235.63006591796875,63405300
2018-04-17,238.15093994140625,64682000
2018-04-18,238.3272247314453,57303900
2018-04-19,237.00506591796875,77655900
2018-04-20,234.99537658691406,99953100
2018-04-23,234.9601593017578,65558000
2018-04-24,231.79586791992188,112885500
2018-04-25,232.3687744140625,103840900
2018-04-26,234.73097229003906,67731900
2018-04-27,234.95138549804688,57053600
2018-04-30,233.14447021484375,82182300
2018-05-01,233.55874633789062,74203400
2018-05-02,231.9897918701172,86368900
2018-05-03,231.4785919189453,136311500
2018-05-04,234.4754638671875,91222100
2018-05-07,235.26866149902344,55304900
2018-05-08,235.26866149902344,67499200
2018-05-09,237.54270935058594,59666100
2018-05-10,239.76388549804688,72063900
2018-05-11,240.49551391601562,59871500
2018-05-14,240.6100311279297,54790600
2018-05-15,238.9530487060547,87036100
2018-05-16,239.95785522460938,53942600
2018-05-17,239.755126953125,56536400
2018-05-18,239.15573120117188,64368000
2018-05-21,240.95384216308594,58025900
2018-05-22,240.28396606445312,52966400
2018-05-23,240.94500732421875,64694200
2018-05-24,240.451416015625,76043800
2018-05-25,239.8785400390625,56374800
2018-05-29,237.11961364746094,115908600
2018-05-30,240.28396606445312,69678400
2018-05-31,238.81198120117188,93519900
2018-06-01,241.15655517578125,71258400
2018-06-04,242.3023681640625,45385200
2018-06-05,242.47872924804688,51135000
2018-06-06,244.5059814453125,62732200
2018-06-07,244.4795684814453,72969400
2018-06-08,245.20230102539062,72139700
2018-06-11,245.5284423828125,58892500
2018-06-12,245.84576416015625,72329000
2018-06-13,245.06126403808594,79070600
2018-06-14,245.67825317382812,77097600
2018-06-15,245.36483764648438,120041600
2018-06-18,244.86016845703125,52917600
2018-06-19,243.92169189453125,97531500
2018-06-20,244.3377685546875,53785500
2018-06-21,242.80601501464844,71061400
2018-06-22,243.24874877929688,54898500
2018-06-25,239.9374542236328,137854200
2018-06-26,240.46864318847656,68547400
2018-06-27,238.47662353515625,105110700
2018-06-28,239.84002685546875,76650500
2018-06-29,240.18539428710938,97592500
2018-07-02,240.6988067626953,63554800
2018-07-03,239.84886169433594,42187100
2018-07-05,241.80555725097656,56925900
2018-07-06,243.85084533691406,66493700
2018-07-09,246.04661560058594,50550400
2018-07-10,246.93197631835938,51966800
2018-07-11,245.12576293945312,77054700
2018-07-12,247.3480987548828,60124700
2018-07-13,247.54286193847656,48216000
2018-07-16,247.3214874267578,48201000
2018-07-17,248.32199096679688,52315500
2018-07-18,248.8443603515625,44593500
2018-07-19,247.90594482421875,61412100
2018-07-20,247.62257385253906,82337700
2018-07-23,248.0829315185547,47047600
2018-07-24,249.33132934570312,68026900
2018-07-25,251.45626831054688,78882900
2018-07-26,250.8629913330078,57919500
2018-07-27,249.1631317138672,76768700
2018-07-30,247.861572265625,63742500
2018-07-31,249.08338928222656,68570500
2018-08-01,248.66726684570312,53853300
2018-08-02,250.02197265625,63426400
2018-08-03,251.09327697753906,53935400
2018-08-06,252.01400756835938,39400900
2018-08-07,252.84622192382812,43196600
2018-08-08,252.74008178710938,42114600
2018-08-09,252.39480590820312,35717000
2018-08-10,250.7036590576172,77076000
2018-08-13,249.76516723632812,65732900
2018-08-14,251.35885620117188,43842000
2018-08-15,249.4818115234375,102925400
2018-08-16,251.50050354003906,69967900
2018-08-17,252.38583374023438,65618500
2018-08-20,252.92601013183594,39807500
2018-08-21,253.5192108154297,67272000
2018-08-22,253.36863708496094,44993300
2018-08-23,253.03219604492188,49204900
2018-08-24,254.5550537109375,57487400
2018-08-27,256.5649108886719,57072400
2018-08-28,256.68878173828125,46943500
2018-08-29,258.0699768066406,61485500
2018-08-30,257.0252685546875,61229500
2018-08-31,257.0341491699219,66140800
2018-09-04,256.5914001464844,57594400
2018-09-05,255.90087890625,72452400
2018-09-06,255.1305389404297,65909900
2018-09-07,254.6347198486328,73524800
2018-09-10,255.07745361328125,50210900
2018-09-11,255.91856384277344,50530500
2018-09-12,255.9805450439453,59810800
2018-09-13,257.4945373535156,51034200
2018-09-14,257.5388488769531,55079900
2018-09-17,256.1753234863281,68244000
2018-09-18,257.56536865234375,61930400
2018-09-19,257.8398132324219,49080600
2018-09-20,259.9293212890625,100360600
2018-09-21,259.69189453125,105479700
2018-09-24,258.8290710449219,53409600
2018-09-25,258.58905029296875,44370000
2018-09-26,257.8152770996094,79739700
2018-09-27,258.5356140136719,59249500
2018-09-28,258.5623474121094,70091400
2018-10-01,259.460693359375,62078900
2018-10-02,259.30938720703125,47258200
2018-10-03,259.45172119140625,64694600
2018-10-04,257.4239196777344,111545900
2018-10-05,255.9831085205078,105951700
2018-10-08,255.9831085205078,87742200
2018-10-09,255.60951232910156,74339000
2018-10-10,247.51611328125,214731000
2018-10-11,242.064208984375,274840500
2018-10-12,245.4261016845703,183186500
2018-10-15,244.04745483398438,102263700
2018-10-16,249.3838348388672,118255800
2018-10-17,249.42832946777344,110626000
2018-10-18,245.82632446289062,134557500
2018-10-19,245.69288635253906,139901600
2018-10-22,244.59007263183594,82415800
2018-10-23,243.34481811523438,146352700
2018-10-24,235.97189331054688,177806700
2018-10-25,240.20535278320312,138061500
2018-10-26,235.98085021972656,201574600
2018-10-29,234.67337036132812,160749100
2018-10-30,238.15093994140625,157116000
2018-10-31,240.69459533691406,128296300
2018-11-01,243.25595092773438,99495000
2018-11-02,241.81521606445312,122634100
2018-11-05,243.14923095703125,65622500
2018-11-06,244.68788146972656,60085900
2018-11-07,249.9263916015625,102752100
2018-11-08,249.4727783203125,65584900
2018-11-09,247.03591918945312,98812600
2018-11-12,242.42002868652344,99673600
2018-11-13,241.9663543701172,98176600
2018-11-14,240.3120880126953,125335900
2018-11-15,242.82020568847656,135101400
2018-11-16,243.45162963867188,126668000
2018-11-19,239.3337860107422,103061700
2018-11-20,234.90457153320312,136021300
2018-11-21,235.70506286621094,75563700
2018-11-23,234.13088989257812,42807900
2018-11-26,237.91073608398438,79981400
2018-11-27,238.71119689941406,75502400
2018-11-28,244.2075958251953,127629600
2018-11-29,243.6740264892578,82346400
2018-11-30,245.15921020507812,98204200
2018-12-03,248.40554809570312,103176300
2018-12-04,240.35653686523438,177986000
2018-12-06,239.99192810058594,204185400
2018-12-07,234.41554260253906,161018900
2018-12-10,234.86016845703125,151445900
2018-12-11,234.91354370117188,121504400
2018-12-12,236.09642028808594,97976700
2018-12-13,236.01638793945312,96662700
2018-12-14,231.6584014892578,116961100
2018-12-17,227.1135711669922,165492300
2018-12-18,226.8645782470703,134515100
2018-12-19,223.46714782714844,214992800
2018-12-20,219.82952880859375,252053400
2018-12-21,215.32533264160156,255345600
2018-12-24,209.6358184814453,147311600
2018-12-26,220.22763061523438,218485400
2018-12-27,221.91842651367188,186267300
2018-12-28,221.63211059570312,153100200
2018-12-31,223.5733642578125,144299400
2019-01-02,223.8059539794922,126925200
2019-01-03,218.46530151367188,144140700
2019-01-04,225.78298950195312,142628800
2019-01-07,227.5631866455078,103139100
2019-01-08,229.70120239257812,102512600
2019-01-09,230.77471923828125,95006600
2019-01-10,231.58883666992188,96823900
2019-01-11,231.67822265625,73858100
2019-01-14,230.2648162841797,70908200
2019-01-15,232.9038543701172,85208300
2019-01-16,233.46743774414062,77636700
2019-01-17,235.23870849609375,96118400
2019-01-18,238.36973571777344,127900300
2019-01-22,235.14920043945312,115531200
2019-01-23,235.64122009277344,86030300
2019-01-24,235.7664794921875,59204100
2019-01-25,237.76141357421875,96883400
2019-01-28,235.9543914794922,85613700
2019-01-29,235.64122009277344,66136300
2019-01-30,239.3716278076172,92473700
2019-01-31,241.47389221191406,104012100
2019-02-01,241.5902099609375,85782500
2019-02-04,243.28993225097656,60744800
2019-02-05,244.30978393554688,79552800
2019-02-06,243.98765563964844,58347800
2019-02-07,241.6617431640625,95482000
2019-02-08,241.95700073242188,75788900
2019-02-11,242.0911865234375,68021400
2019-02-12,245.2042694091797,72270200
2019-02-13,246.0004425048828,65277200
2019-02-14,245.45484924316406,83234400
2019-02-15,248.12954711914062,97088700
2019-02-19,248.55892944335938,59120800
2019-02-20,249.05996704101562,76610800
2019-02-21,248.1743621826172,64214700
2019-02-22,249.7130126953125,78114600
2019-02-25,250.0529327392578,69030700
2019-02-26,249.8740692138672,56844100
2019-02-27,249.76669311523438,56921600
2019-02-28,249.3014678955078,69268300
2019-03-01,250.8580780029297,78880500
2019-03-04,249.9456024169922,106494600
2019-03-05,249.6056365966797,59114600
2019-03-06,248.09375,75039800
2019-03-07,246.01840209960938,94885100
2019-03-08,245.52630615234375,85795800
2019-03-11,249.0867462158203,65098900
2019-03-12,250.02606201171875,79667500
2019-03-13,251.68104553222656,80639200
2019-03-14,251.5200653076172,67518400
2019-03-15,252.7626953125,81309000
2019-03-18,253.67913818359375,62199800
2019-03-19,253.7420196533203,90268100
2019-03-20,252.978271484375,84609200
2019-03-21,255.83566284179688,79550400
2019-03-22,250.91168212890625,122659300
2019-03-25,250.72303771972656,85575200
2019-03-26,252.5919189453125,68125900
2019-03-27,251.27113342285156,72224700
2019-03-28,252.22348022460938,56238500
2019-03-29,253.81385803222656,82186800
2019-04-01,256.8240051269531,77617900
2019-04-02,256.9497985839844,40070400
2019-04-03,257.35418701171875,68243200
2019-04-04,258.0370178222656,48997500
2019-04-05,259.28594970703125,58621700
2019-04-08,259.4835510253906,53566300
2019-04-09,258.15380859375,66142300
2019-04-10,259.0343322753906,52601500
2019-04-11,258.9625244140625,55093100
2019-04-12,260.7145690917969,69727800
2019-04-15,260.54388427734375,49596700
2019-04-16,260.7145690917969,52153200
2019-04-17,260.0765380859375,58268300
2019-04-18,260.5888977050781,68708500
2019-04-22,260.8134765625,40160100
2019-04-23,263.1585998535156,52246600
2019-04-24,262.5745849609375,50392900
2019-04-25,262.412841796875,57770900
2019-04-26,263.63470458984375,50916400
2019-04-29,264.048095703125,57197700
2019-04-30,264.1828918457031,81111700
2019-05-01,262.1971435546875,71671900
2019-05-02,261.6310119628906,65030200
2019-05-03,264.1918029785156,56543700
2019-05-06,263.1046447753906,107198100
2019-05-07,258.7108459472656,144729900
2019-05-08,258.3514709472656,91568300
2019-05-09,257.5697937011719,103471100
2019-05-10,258.8636169433594,112429300
2019-05-13,252.3583221435547,127290500
2019-05-14,254.64059448242188,77003200
2019-05-15,256.1321716308594,73956400
2019-05-16,258.5042419433594,76749600
2019-05-17,256.83294677734375,100353000
2019-05-20,255.13487243652344,62877600
2019-05-21,257.4349670410156,46847100
2019-05-22,256.64422607421875,49482500
2019-05-23,253.50843811035156,98733800
2019-05-24,254.08355712890625,55268100
2019-05-28,251.72039794921875,70029400
2019-05-29,250.03109741210938,104972900
2019-05-30,250.71401977539062,62523800
2019-05-31,247.33567810058594,86862800
2019-06-03,246.70669555664062,96428000
2019-06-04,252.06187438964844,77231900
2019-06-05,254.24530029296875,71169700
2019-06-06,255.8985137939453,69430400
2019-06-07,258.4593811035156,74272200
2019-06-10,259.6453857421875,60799100
2019-06-11,259.5824890136719,58641300
2019-06-12,259.1241760253906,47096300
2019-06-13,260.1934814453125,48945200
2019-06-14,259.906005859375,52324700
2019-06-17,260.0047302246094,39205700
2019-06-18,262.72723388671875,85434800
2019-06-19,263.3203125,78674400
2019-06-20,265.836181640625,116570000
2019-06-21,265.44976806640625,83309500
2019-06-24,265.1247253417969,47582700
2019-06-25,262.5243835449219,82028700
2019-06-26,262.26251220703125,51584900
2019-06-27,263.19244384765625,40355200
2019-06-28,264.546875,59350900
2019-07-01,266.9485168457031,78705600
2019-07-02,267.6436767578125,61504500
2019-07-03,269.7835693359375,40898900
2019-07-05,269.4765625,51677300
2019-07-08,267.995849609375,45841800
2019-07-09,268.3299255371094,41101300
2019-07-10,269.6120300292969,58448500
2019-07-11,270.2441101074219,50826100
2019-07-12,271.4539489746094,40326000
2019-07-15,271.54425048828125,33900000
2019-07-16,270.6686096191406,36650100
2019-07-17,268.8265075683594,36036300
2019-07-18,269.81072998046875,51392600
2019-07-19,268.3118591308594,58678600
2019-07-22,268.97100830078125,43638100
2019-07-23,270.8941650390625,44564500
2019-07-24,272.1672058105469,47213200
2019-07-25,270.8670654296875,55394100
2019-07-26,272.6819152832031,45084100
2019-07-29,272.1852722167969,38126500
2019-07-30,271.51715087890625,45849000
2019-07-31,268.546630859375,104245200
2019-08-01,266.20819091796875,142646600
2019-08-02,264.2037048339844,116749700
2019-08-05,256.2582702636719,178745400
2019-08-06,259.8517761230469,120711700
2019-08-07,260.0052490234375,140572300
2019-08-08,265.1067199707031,87713900
2019-08-09,263.30096435546875,93730000
2019-08-12,260.0956115722656,65527600
2019-08-13,264.1405334472656,94299800
2019-08-14,256.3305969238281,135622100
2019-08-15,257.00775146484375,99556600
2019-08-16,260.7998352050781,83018300
2019-08-19,263.9419250488281,53571800
2019-08-20,261.91937255859375,51596400
2019-08-21,264.0502014160156,49524700
2019-08-22,263.9690246582031,51666400
2019-08-23,257.1883239746094,149161500
2019-08-26,260.0323791503906,72423800
2019-08-27,259.01202392578125,66668900
2019-08-28,260.83599853515625,59696700
2019-08-29,264.1675720214844,57899400
2019-08-30,264.0502014160156,62901200
2019-09-03,262.5063171386719,69101400
2019-09-04,265.48583984375,46887300
2019-09-05,268.8987731933594,83258100
2019-09-06,269.1063537597656,49584300
2019-09-09,269.2419128417969,51260300
2019-09-10,269.17864990234375,57947100
2019-09-11,271.0928649902344,68821100
2019-09-12,272.0318298339844,72908700
2019-09-13,271.8512268066406,62104800
2019-09-16,271.0115661621094,58191200
2019-09-17,271.69769287109375,41475500
2019-09-18,271.8602294921875,73375800
2019-09-19,271.8421936035156,76560500
2019-09-20,270.5578308105469,89565000
2019-09-23,270.4942932128906,43476800
2019-09-24,268.37176513671875,94869400
2019-09-25,269.9590759277344,71854000
2019-09-26,269.3968505859375,56179700
2019-09-27,267.94549560546875,84746600
2019-09-30,269.18804931640625,51662400
2019-10-01,265.9862060546875,88242400
2019-10-02,261.2876892089844,122539500
2019-10-03,263.42840576171875,85278800
2019-10-04,266.9929504394531,65091200
2019-10-07,265.8410949707031,59610500
2019-10-08,261.71392822265625,95708100
2019-10-09,264.19927978515625,62359400
2019-10-10,265.9862060546875,55296300
2019-10-11,268.7436218261719,98720400
2019-10-14,268.44439697265625,40394800
2019-10-15,271.1020202636719,46754500
2019-10-16,270.6666564941406,48928200
2019-10-17,271.46478271484375,45736600
2019-10-18,270.2765808105469,64304000
2019-10-21,272.1088562011719,39048600
2019-10-22,271.22003173828125,48594700
2019-10-23,272.0090637207031,34352200
2019-10-24,272.4534912109375,35453100
2019-10-25,273.5693359375,45205400
2019-10-28,275.1112365722656,42147000
2019-10-29,275.0295715332031,44284900
2019-10-30,275.8732604980469,49643900
2019-10-31,275.138427734375,69053800
2019-11-01,277.68731689453125,71141500
2019-11-04,278.8029479980469,60606900
2019-11-05,278.4945373535156,42933200
2019-11-06,278.5580749511719,46487100
2019-11-07,279.53765869140625,54272300
2019-11-08,280.22711181640625,49032100
2019-11-11,279.6918640136719,35797300
2019-11-12,280.28155517578125,46484600
2019-11-13,280.3722229003906,53917700
2019-11-14,280.78033447265625,51219900
2019-11-15,282.812255859375,62023600
2019-11-18,283.02081298828125,49228000
2019-11-19,282.9391784667969,67804700
2019-11-20,281.886962890625,79406200
2019-11-21,281.4333801269531,54664700
2019-11-22,282.059326171875,44850200
2019-11-25,284.24530029296875,48647200
2019-11-26,284.8892822265625,37569000
2019-11-27,286.15924072265625,44444600
2019-11-29,285.09796142578125,36592700
2019-12-02,282.6761169433594,75767800
2019-12-03,280.78033447265625,73941700
2019-12-04,282.51275634765625,49080000
2019-12-05,283.02081298828125,40709000
2019-12-06,285.6059265136719,48927000
2019-12-09,284.70794677734375,34838500
2019-12-10,284.39056396484375,52649800
2019-12-11,285.19769287109375,53429100
2019-12-12,287.6558837890625,96389600
2019-12-13,287.8282775878906,81503900
2019-12-16,289.8055419921875,82749700
2019-12-17,289.86907958984375,61097700
2019-12-18,289.8872985839844,48133000
2019-12-19,291.0755310058594,85310500
2019-12-20,292.3515930175781,147142100
2019-12-23,292.79815673828125,52990000
2019-12-24,292.807373046875,20270000
2019-12-26,294.3660583496094,30911200
2019-12-27,294.2931823730469,42528800
2019-12-30,292.670654296875,49729100
2019-12-31,293.381591796875,57077300
2020-01-02,296.125244140625,59151200
2020-01-03,293.8829040527344,77709700
2020-01-06,295.0041198730469,55653900
2020-01-07,294.17462158203125,40496400
2020-01-08,295.7424011230469,68296000
2020-01-09,297.747802734375,48473300
2020-01-10,296.8909912109375,53029300
2020-01-13,298.93280029296875,47086800
2020-01-14,298.4770812988281,62832800
2020-01-15,299.1514892578125,72056600
2020-01-16,301.64007568359375,54050300
2020-01-17,302.5788269042969,95846000
2020-01-21,301.9863586425781,77742400
2020-01-22,302.0228576660156,48914900
2020-01-23,302.3691711425781,51963000
2020-01-24,299.6802673339844,87578400
2020-01-27,294.8765563964844,84062500
2020-01-28,297.966552734375,63834000
2020-01-29,297.72052001953125,53888900
2020-01-30,298.68658447265625,75491800
2020-01-31,293.2630920410156,113845600
2020-02-03,295.4416809082031,69083000
2020-02-04,299.94451904296875,62573200
2020-02-05,303.4083251953125,65951100
2020-02-06,304.4292297363281,50359700
2020-02-07,302.8067932128906,64139400
2020-02-10,305.0674133300781,42070000
2020-02-11,305.5959777832031,54864500
2020-02-12,307.56488037109375,43992700
2020-02-13,307.2367248535156,54501900
2020-02-14,307.7289123535156,64582200
2020-02-18,306.9359436035156,57226200
2020-02-19,308.4034423828125,48814700
2020-02-20,307.1364440917969,74163400
2020-02-21,303.9735412597656,113788200
2020-02-24,293.89202880859375,161088400
2020-02-25,284.9866027832031,218913200
2020-02-26,283.9382629394531,194773800
2020-02-27,271.18621826171875,284353500
2020-02-28,270.0466613769531,384975800
2020-03-02,281.7415466308594,238703600
2020-03-03,273.674560546875,300139100
2020-03-04,285.1778869628906,176613400
2020-03-05,275.6981506347656,186366800
2020-03-06,271.14056396484375,228667200
2020-03-09,249.96597290039062,309417300
2020-03-10,262.9004211425781,276444100
2020-03-11,250.08444213867188,255316300
2020-03-12,226.1570587158203,392220700
2020-03-13,245.49041748046875,329566100
2020-03-16,218.62791442871094,297240000
2020-03-17,230.43209838867188,262070500
2020-03-18,218.76466369628906,327597100
2020-03-19,219.2294921875,289322000
2020-03-20,209.78201293945312,347158800
2020-03-23,204.41824340820312,326025200
2020-03-24,222.93922424316406,235494500
2020-03-25,226.27662658691406,299430300
2020-03-26,239.4888916015625,257632800
2020-03-27,232.35557556152344,224341200
2020-03-30,239.9014434814453,171369500
2020-03-31,236.32565307617188,194881100
2020-04-01,225.68984985351562,189554600
2020-04-02,230.89773559570312,177660400
2020-04-03,227.560302734375,135561200
2020-04-06,242.84469604492188,188061200
2020-04-07,243.0922393798828,201427200
2020-04-08,251.25242614746094,153774500
2020-04-09,255.0758056640625,189999200
2020-04-13,252.74693298339844,114839100
2020-04-14,260.2012023925781,134143400
2020-04-15,254.67234802246094,121775000
2020-04-16,255.90098571777344,131798300
2020-04-17,262.8143310546875,146684800
2020-04-20,258.1841735839844,100109300
2020-04-21,250.34474182128906,126385700
2020-04-22,255.90098571777344,92951600
2020-04-23,255.8826141357422,104709700
2020-04-24,259.44940185546875,85063200
2020-04-27,263.190185546875,77896600
2020-04-28,261.9799499511719,105270000
2020-04-29,268.8381652832031,118745600
2020-04-30,266.3351135253906,122901700
2020-05-01,259.2843322753906,125180000
2020-05-04,259.99945068359375,80873200
2020-05-05,262.40167236328125,79569900
2020-05-06,260.62298583984375,73632600
2020-05-07,263.767822265625,75250400
2020-05-08,268.1321716308594,76452400
2020-05-11,268.1872253417969,79514200
2020-05-12,262.841796875,95870800
2020-05-13,258.1932678222656,144721100
2020-05-14,261.28302001953125,121977900
2020-05-15,262.4842834472656,111146300
2020-05-18,270.4794006347656,119703800
2020-05-19,267.70123291015625,95189300
2020-05-20,272.2490234375,85861700
2020-05-21,270.36944580078125,78293900
2020-05-22,270.88287353515625,63958200
2020-05-26,274.22027587890625,88951400
2020-05-27,278.30035400390625,104817400
2020-05-28,277.7869567871094,90405200
2020-05-29,279.02471923828125,119090800
2020-06-01,280.1524658203125,55758300
2020-06-02,282.4721374511719,74267200
2020-06-03,286.2313537597656,92567600
2020-06-04,285.47955322265625,75794400
2020-06-05,292.79620361328125,150524700
2020-06-08,296.33551025390625,73641200
2020-06-09,294.12579345703125,77479200
2020-06-10,292.4844970703125,95000800
2020-06-11,275.62310791015625,209243600
2020-06-12,278.92388916015625,194678900
2020-06-15,281.52777099609375,135782700
2020-06-16,286.94659423828125,137627500
2020-06-17,285.754638671875,83398900
2020-06-18,285.8646240234375,80828700
2020-06-19,284.2309265136719,135549600
2020-06-22,286.0543518066406,74649400
2020-06-23,287.37127685546875,68471200
2020-06-24,280.040771484375,132813500
2020-06-25,283.0429382324219,89468000
2020-06-26,276.3202819824219,127961000
2020-06-29,280.3814697265625,79773300
2020-06-30,283.97308349609375,113394800
2020-07-01,285.96221923828125,72396500
2020-07-02,287.53704833984375,69344200
2020-07-06,291.97576904296875,61713800
2020-07-07,288.9644775390625,82910000
2020-07-08,291.17462158203125,54638600
2020-07-09,289.5169677734375,83354200
2020-07-10,292.4731140136719,57550400
2020-07-13,289.9405517578125,102997500
2020-07-14,293.6979064941406,93657000
2020-07-15,296.396240234375,87196500
2020-07-16,295.4200744628906,54622500
2020-07-17,296.2765197753906,62774900
2020-07-20,298.67083740234375,56308800
2020-07-21,299.3062438964844,57292200
2020-07-22,301.0099792480469,57792900
2020-07-23,297.41845703125,75738000
2020-07-24,295.5029602050781,73766600
2020-07-27,297.6578674316406,48293000
2020-07-28,295.7699890136719,57495000
2020-07-29,299.4075927734375,48454200
2020-07-30,298.3392639160156,61861700
2020-07-31,300.6968688964844,84986800
2020-08-03,302.78741455078125,53077900
2020-08-04,303.95697021484375,41917900
2020-08-05,305.8447570800781,42697700
2020-08-06,307.88916015625,43679400
2020-08-07,308.1102294921875,57308300
2020-08-10,309.0311584472656,44282100
2020-08-11,306.480224609375,69601100
2020-08-12,310.75323486328125,53774400
2020-08-13,310.1915588378906,41816100
2020-08-14,310.20074462890625,47260400
2020-08-17,311.18609619140625,35481000
2020-08-18,311.8583984375,38733900
2020-08-19,310.5598449707031,68054200
2020-08-20,311.5268249511719,42207800
2020-08-21,312.6319274902344,55106600
2020-08-24,315.7999267578125,48588700
2020-08-25,316.90496826171875,38463400
2020-08-26,320.0821228027344,50790200
2020-08-27,320.7819519042969,58034100
2020-08-28,322.8540954589844,48588900
2020-08-31,321.68450927734375,66099200
2020-09-01,324.71435546875,54908700
2020-09-02,329.4110107421875,69540000
2020-09-03,318.07452392578125,148011100
2020-09-04,315.47760009765625,139156300
2020-09-08,306.8578796386719,114465300
2020-09-09,312.91741943359375,91462300
2020-09-10,307.4841003417969,90569500
2020-09-11,307.6405029296875,84680200
2020-09-14,311.6925964355469,65605700
2020-09-15,313.2673645019531,52920900
2020-09-16,312.0242004394531,82096000
2020-09-17,309.27984619140625,91523300
2020-09-18,305.71917724609375,105877900
2020-09-21,302.316650390625,99450800
2020-09-22,305.39556884765625,63612100
2020-09-23,298.31317138671875,93112200
2020-09-24,299.1082763671875,76681300
2020-09-25,303.9439697265625,71069400
2020-09-28,308.9921875,64584600
2020-09-29,307.30950927734375,51304000
2020-09-30,309.6394958496094,104081100
2020-10-01,311.6274108886719,88698700
2020-10-02,308.6686706542969,89431100
2020-10-05,314.1423645019531,45713100
2020-10-06,309.67645263671875,90128900
2020-10-07,315.06695556640625,56999600
2020-10-08,317.8591613769531,45242500
2020-10-09,320.6976623535156,59528600
2020-10-12,325.85699462890625,80388500
2020-10-13,323.7303771972656,73255500
2020-10-14,321.6962890625,57727900
2020-10-15,321.29864501953125,60357700
2020-10-16,321.1044921875,89501900
2020-10-19,316.2226257324219,68425600
2020-10-20,317.4892883300781,60051900
2020-10-21,316.8883972167969,63575000
2020-10-22,318.6265563964844,55399300
2020-10-23,319.7083435058594,49143900
2020-10-26,313.8001708984375,91473000
2020-10-27,312.7183532714844,65994100
2020-10-28,302.0300598144531,127094300
2020-10-29,305.0997009277344,90597700
2020-10-30,301.9190979003906,120287300
2020-11-02,305.3031311035156,86068300
2020-11-03,310.6935119628906,93294200
2020-11-04,317.6372985839844,126959700
2020-11-05,323.83203125,82039700
2020-11-06,323.758056640625,74973000
2020-11-09,327.82635498046875,172304200
2020-11-10,327.3455810546875,85552000
2020-11-11,329.77728271484375,58649000
2020-11-12,326.57818603515625,67546200
2020-11-13,331.0993957519531,62892200
2020-11-16,335.23236083984375,74541100
2020-11-17,333.42950439453125,66111000
2020-11-18,329.416748046875,70591300
2020-11-19,330.8036193847656,59940900
2020-11-20,328.5382995605469,70417300
2020-11-23,330.5077209472656,63230600
2020-11-24,335.8334045410156,62415900
2020-11-25,335.31561279296875,45330900
2020-11-27,336.2494812011719,28514100
2020-11-30,334.7608642578125,83872700
2020-12-01,338.4222106933594,74231400
2020-12-02,339.1343078613281,45927000
2020-12-03,339.0417785644531,62882000
2020-12-04,341.9634704589844,50749900
2020-12-07,341.26080322265625,48944300
2020-12-08,342.2593688964844,42458900
2020-12-09,339.18975830078125,74098300
2020-12-10,339.0787658691406,57735400
2020-12-11,338.6811828613281,57698600
2020-12-14,337.16485595703125,69216200
2020-12-15,341.72308349609375,63865300
2020-12-16,342.2593688964844,58420500
2020-12-17,344.17327880859375,64119500
2020-12-18,342.79901123046875,136542300
2020-12-21,341.5733642578125,96386700
2020-12-22,340.99774169921875,47949000
2020-12-23,341.3040771484375,46201400
2020-12-24,342.6319274902344,26457900
2020-12-28,345.575439453125,39000400
2020-12-29,344.9161071777344,53680500
2020-12-30,345.40826416015625,49455300
2020-12-31,347.1632385253906,78520700
2021-01-04,342.43695068359375,110210800
2021-01-05,344.79541015625,66426200
2021-01-06,346.8567199707031,107997700
2021-01-07,352.0102233886719,68766800
2021-01-08,354.0158996582031,71677200
2021-01-11,351.6295166015625,51034700
2021-01-12,351.7037353515625,52547700
2021-01-13,352.65093994140625,45303600
2021-01-14,351.4159240722656,49989100
2021-01-15,348.8531799316406,107160000
2021-01-19,351.5923767089844,51233300
2021-01-20,356.4578857421875,61836100
2021-01-21,356.78289794921875,47840100
2021-01-22,355.52008056640625,52860500
2021-01-25,356.9221496582031,70402000
2021-01-26,356.3650817871094,42665300
2021-01-27,347.6552734375,123351100
2021-01-28,350.6452331542969,94198100
2021-01-29,343.62542724609375,126765100
2021-02-01,349.34527587890625,75817600
2021-02-02,354.2851257324219,64450700
2021-02-03,354.5636901855469,52427100
2021-02-04,358.5935974121094,47142600
2021-02-05,360.0049133300781,48669800
2021-02-08,362.6048583984375,38365200
2021-02-09,362.3634033203125,35551100
2021-02-10,362.2055969238281,59154400
2021-02-11,362.79052734375,42913300
2021-02-12,364.5826110839844,50593300
2021-02-16,364.2669372558594,50972400
2021-02-17,364.35052490234375,52290600
2021-02-18,362.79986572265625,59712800
2021-02-19,362.15911865234375,83241000
2021-02-22,359.37353515625,67414200
2021-02-23,359.80999755859375,107284100
2021-02-24,363.77484130859375,72433900
2021-02-25,355.0093688964844,146670500
2021-02-26,353.1801452636719,152701600
2021-03-01,361.7412414550781,105348800
2021-03-02,358.9185485839844,79595300
2021-03-03,354.1643981933594,119940200
2021-03-04,349.78173828125,183433000
2021-03-05,356.216552734375,152039600
2021-03-08,354.4429931640625,123149200
2021-03-09,359.5035705566406,113633600
2021-03-10,361.7412414550781,109899400
2021-03-11,365.4090881347656,86245000
2021-03-12,365.9012451171875,64653600
2021-03-15,368.08319091796875,73427200
2021-03-16,367.61895751953125,73722500
2021-03-17,368.87255859375,97959300
2021-03-18,363.5055236816406,115349100
2021-03-19,362.83294677734375,113624500
2021-03-22,365.7301330566406,73778600
2021-03-23,362.8515930175781,90686600
2021-03-24,361.0069885253906,97588600
2021-03-25,363.0378723144531,116128600
2021-03-26,368.8882141113281,114409100
2021-03-29,368.7018737792969,108107600
2021-03-30,367.7237243652344,76262200
2021-03-31,369.2142333984375,112734200
2021-04-01,373.2013854980469,99682900
2021-04-05,378.55804443359375,91684800
2021-04-06,378.33447265625,62021000
2021-04-07,378.7723083496094,55836300
2021-04-08,380.57025146484375,57863100
2021-04-09,383.33709716796875,61104600
2021-04-12,383.4768371582031,56704900
2021-04-13,384.61334228515625,56551000
2021-04-14,383.29974365234375,61659900
2021-04-15,387.41741943359375,60229800
2021-04-16,388.7123718261719,82037300
2021-04-19,386.8025207519531,78498500
2021-04-20,383.9705810546875,81851800
2021-04-21,387.603759765625,66793000
2021-04-22,384.0636901855469,97582800
2021-04-23,388.2278747558594,73209200
2021-04-26,389.03839111328125,52182400
2021-04-27,388.95452880859375,51303100
2021-04-28,388.84271240234375,51238900
2021-04-29,391.32073974609375,78544300
2021-04-30,388.74957275390625,85527000
2021-05-03,389.5880432128906,68128300
2021-05-04,387.18450927734375,101591200
2021-05-05,387.3056640625,60162200
2021-05-06,390.39849853515625,74321400
2021-05-07,393.23974609375,67733800
2021-05-10,389.3457946777344,81852400
2021-05-11,385.8709411621094,116888000
2021-05-12,377.6731872558594,134811000
2021-05-13,382.2098693847656,106394000
2021-05-14,388.078857421875,82201600
2021-05-17,387.0914001464844,65129200
2021-05-18,383.7563171386719,59810200
2021-05-19,382.7501525878906,106467100
2021-05-20,386.8677978515625,78022200
2021-05-21,386.5510559082031,76578700
2021-05-24,390.49163818359375,51376700
2021-05-25,389.6253356933594,57451400
2021-05-26,390.39849853515625,43088600
2021-05-27,390.6034851074219,56707700
2021-05-28,391.3021545410156,58520200
2021-06-01,390.9574279785156,54216600
2021-06-02,391.57220458984375,49097100
2021-06-03,390.1190490722656,58138800
2021-06-04,393.68701171875,55938800
2021-06-07,393.3050842285156,51555000
2021-06-08,393.38885498046875,47134300
2021-06-09,392.80194091796875,48436300
2021-06-10,394.6278991699219,51020100
2021-06-11,395.27996826171875,45570800
2021-06-14,396.16497802734375,42358500
2021-06-15,395.4383850097656,51508500
2021-06-16,393.2304992675781,80386100
2021-06-17,393.10003662109375,90949700
2021-06-18,387.79705810546875,118676300
2021-06-21,393.34869384765625,72822000
2021-06-22,395.45166015625,57700300
2021-06-23,394.9750061035156,49445400
2021-06-24,397.3115539550781,45110300
2021-06-25,398.7227783203125,58129500
2021-06-28,399.526611328125,53159600
2021-06-29,399.7416076660156,35970500
2021-06-30,400.0780334472656,64827900
2021-07-01,402.2931213378906,53441000
2021-07-02,405.3680419921875,57697700
2021-07-06,404.6297302246094,68710400
2021-07-07,406.0596618652344,63549500
2021-07-08,402.7510986328125,97595200
2021-07-09,407.0503845214844,76238600
2021-07-12,408.5083312988281,52889600
2021-07-13,407.1157531738281,52911300
2021-07-14,407.7232666015625,64130400
2021-07-15,406.3307189941406,55126400
2021-07-16,403.1435852050781,75874700
2021-07-19,397.19000244140625,147987000
2021-07-20,402.8819274902344,99608200
2021-07-21,406.143798828125,64724400
2021-07-22,406.9942932128906,47878500
2021-07-23,411.1814880371094,63766600
2021-07-26,412.1907958984375,43719200
2021-07-27,410.312255859375,67397100
2021-07-28,410.1440124511719,52472400
2021-07-29,411.84503173828125,47435300
2021-07-30,409.84490966796875,68951200
2021-08-02,408.9849853515625,58783300
2021-08-03,412.3123779296875,58053900
2021-08-04,410.2842102050781,46732200
2021-08-05,412.8824157714844,38969700
2021-08-06,413.5647277832031,46930000
2021-08-09,413.2283020019531,41222600
2021-08-10,413.7422790527344,43339300
2021-08-11,414.77044677734375,44034300
2021-08-12,416.01348876953125,38909400
2021-08-13,416.7705993652344,39470300
2021-08-16,417.75189208984375,73740000
2021-08-17,415.01348876953125,92673900
2021-08-18,410.47113037109375,89351900
2021-08-19,411.106689453125,92812200
2021-08-20,414.3778381347656,72008700
2021-08-23,418.02294921875,54973000
2021-08-24,418.68646240234375,38744700
2021-08-25,419.56512451171875,40529700
2021-08-26,417.0882873535156,57829600
2021-08-27,420.817626953125,77235100
2021-08-30,422.6680908203125,48357400
2021-08-31,422.0418701171875,59300200
2021-09-01,422.2661437988281,48721400
2021-09-02,423.5653381347656,42501000
2021-09-03,423.4624938964844,47170500
2021-09-07,421.9483947753906,51671500
2021-09-08,421.4342956542969,56181900
2021-09-09,419.6304931640625,57970400
2021-09-10,416.32196044921875,89948200
2021-09-13,417.38739013671875,83738600
2021-09-14,415.1348876953125,78197100
2021-09-15,418.60235595703125,78792200
2021-09-16,417.9388122558594,77786700
2021-09-17,413.86767578125,118425000
2021-09-20,406.9667663574219,166445500
2021-09-21,406.58233642578125,92526100
2021-09-22,410.5484313964844,102350100
2021-09-23,415.5365905761719,76396000
2021-09-24,416.2210998535156,62094800
2021-09-27,415.03033447265625,61371100
2021-09-28,406.666748046875,130436300
2021-09-29,407.3511962890625,82329200
2021-09-30,402.3724670410156,140506000
2021-10-01,407.1543273925781,129240100
2021-10-04,401.9036560058594,128570000
2021-10-05,406.08538818359375,90682500
2021-10-06,407.7730407714844,113032200
2021-10-07,411.2985534667969,72437500
2021-10-08,410.5484313964844,74557400
2021-10-11,407.57623291015625,65233300
2021-10-12,406.572998046875,71181200
2021-10-13,408.03558349609375,72974000
2021-10-14,414.8990783691406,70236800
2021-10-15,418.0588684082031,66260200
2021-10-18,419.29656982421875,62213200
2021-10-19,422.5313720703125,46996800
2021-10-20,424.1908874511719,49571600
2021-10-21,425.29730224609375,41305400
2021-10-22,424.8566589355469,58845100
2021-10-25,427.135009765625,45214500
2021-10-26,427.5194396972656,56075100
2021-10-27,425.62548828125,72438000
2021-10-28,429.7322082519531,51437900
2021-10-29,430.6042785644531,70162400
2021-11-01,431.34503173828125,48433600
2021-11-02,433.0889892578125,48908400
2021-11-03,435.73309326171875,52509800
2021-11-04,437.7865295410156,52847100
2021-11-05,439.3054504394531,66390600
2021-11-08,439.6805114746094,50405200
2021-11-09,438.2272033691406,51149100
2021-11-10,434.7017517089844,69429700
2021-11-11,434.84234619140625,34848500
2021-11-12,438.1239929199219,53466700
2021-11-15,438.2740478515625,46980500
2021-11-16,440.0086669921875,48857500
2021-11-17,438.9397888183594,47858300
2021-11-18,440.4305419921875,50625600
2021-11-19,439.6429443359375,57315600
2021-11-22,438.40533447265625,72762000
2021-11-23,438.9866943359375,73206500
2021-11-24,440.1586608886719,61858800
2021-11-26,430.3417663574219,112669600
2021-11-29,435.62054443359375,86268800
2021-11-30,427.14447021484375,148559600
2021-12-01,422.39996337890625,131939200
2021-12-02,428.8696594238281,127637800
2021-12-03,425.1379699707031,137331600
2021-12-06,430.1730041503906,98977500
2021-12-07,439.071044921875,95484700
2021-12-08,440.2336730957031,72238800
2021-12-09,437.2614440917969,61272600
2021-12-10,441.3775634765625,77159800
2021-12-13,437.4676818847656,87724700
2021-12-14,434.4578857421875,97264100
2021-12-15,441.246337890625,116899300
2021-12-16,437.3551940917969,116568600
2021-12-17,432.700439453125,135511600
2021-12-20,428.09942626953125,107134800
2021-12-21,435.7019958496094,69806300
2021-12-22,440.05853271484375,58890200
2021-12-23,442.7965393066406,56439700
2021-12-27,449.0630798339844,56808600
2021-12-28,448.696044921875,47274600
2021-12-29,449.2700500488281,54503000
2021-12-30,448.02801513671875,55329000
2021-12-31,446.89892578125,65237400
2022-01-03,449.4864501953125,72668200
2022-01-04,449.33587646484375,71178700
2022-01-05,440.7077331542969,104538900
2022-01-06,440.2937316894531,86858900
2022-01-07,438.55303955078125,85111600
2022-01-10,438.0072326660156,119362000
2022-01-11,441.9967346191406,74303100
2022-01-12,443.1916809082031,67605400
2022-01-13,437.0851745605469,91173100
2022-01-14,437.2638854980469,95890900
2022-01-18,429.5201110839844,109709100
2022-01-19,425.0602111816406,109357600
2022-01-20,420.3556823730469,122379700
2022-01-21,412.10369873046875,202271200
2022-01-24,413.8538818359375,251783900
2022-01-25,408.80120849609375,167997300
2022-01-26,407.775634765625,186391100
2022-01-27,405.7619323730469,149878300
2022-01-28,415.8392333984375,164457400
2022-01-31,423.3289489746094,152251400
2022-02-01,426.18927001953125,123155400
2022-02-02,430.329345703125,117361000
2022-02-03,420.2144470214844,118024400
2022-02-04,422.1903991699219,118454400
2022-02-07,420.83551025390625,84472900
2022-02-08,424.2981872558594,81012000
2022-02-09,430.5081787109375,92589900
2022-02-10,422.7737731933594,140103700
2022-02-11,414.43719482421875,153214600
2022-02-14,413.08233642578125,123006300
2022-02-15,419.74395751953125,88482700
2022-02-16,420.2144470214844,84863600
2022-02-17,411.2380676269531,102259100
2022-02-18,408.57537841796875,132642900
2022-02-22,404.1905822753906,124391800
2022-02-23,397.02081298828125,132578000
2022-02-24,402.99566650390625,213942900
2022-02-25,411.88739013671875,121804500
2022-02-28,410.83349609375,145615000
2022-03-01,404.576416015625,137785900
2022-03-02,412.0190734863281,117726500
2022-03-03,409.9678649902344,105501700
2022-03-04,406.636962890625,113978200
2022-03-07,394.6496276855469,137896600
2022-03-08,391.6575927734375,164772700
2022-03-09,402.1582336425781,116990800
2022-03-10,400.3422546386719,93972700
2022-03-11,395.2518310546875,95636300
2022-03-14,392.3632507324219,95729200
2022-03-15,400.9914855957031,106219100
2022-03-16,409.8832092285156,144954800
2022-03-17,415.0111999511719,102676900
2022-03-18,419.5567626953125,106345500
2022-03-21,419.4339904785156,88349800
2022-03-22,424.3420104980469,74650400
2022-03-23,418.8771667480469,79426100
2022-03-24,425.1914367675781,64736900
2022-03-25,427.26788330078125,77101300
2022-03-28,430.30706787109375,68529800
2022-03-29,435.6303405761719,86581500
2022-03-30,432.9404296875,79666900
2022-03-31,426.2769470214844,121699900
2022-04-01,427.48504638671875,89048800
2022-04-04,431.1471252441406,59601000
2022-04-05,425.701171875,74214500
2022-04-06,421.44439697265625,106898000
2022-04-07,423.5679931640625,78097200
2022-04-08,422.4354553222656,79272700
2022-04-11,415.2150573730469,89770500
2022-04-12,413.6766052246094,84363600
2022-04-13,418.4146728515625,74070400
2022-04-14,413.20465087890625,97869500
2022-04-18,413.37457275390625,66002500
2022-04-19,420.0475769042969,77821000
2022-04-20,419.73602294921875,65224400
2022-04-21,413.45953369140625,85417300
2022-04-22,402.114501953125,132471800
2022-04-25,404.4457702636719,119647700
2022-04-26,392.73272705078125,103996300
2022-04-27,393.8370056152344,122030000
2022-04-28,403.78515625,105449100
2022-04-29,388.8629455566406,145491100
2022-05-02,391.2037353515625,158312500
2022-05-03,392.9970397949219,100028200
2022-05-04,404.9648742675781,144247900
2022-05-05,390.5713195800781,172929100
2022-05-06,388.2400817871094,151770800
2022-05-09,375.8096008300781,155586100
2022-05-10,376.677978515625,132497200
2022-05-11,370.69403076171875,142361000
2022-05-12,370.3070373535156,125090800
2022-05-13,379.1602783203125,104174400
2022-05-16,377.621826171875,78622400
2022-05-17,385.3896179199219,83029700
2022-05-18,369.85394287109375,117674500
2022-05-19,367.5887451171875,98510700
2022-05-20,367.749267578125,131432200
2022-05-23,374.6298522949219,76414900
2022-05-24,371.77001953125,91448800
2022-05-25,375.0545654296875,91472900
2022-05-26,382.5487365722656,82168300
2022-05-27,391.93988037109375,84768700
2022-05-31,389.7407531738281,95937000
2022-06-01,386.5883483886719,86585800
2022-06-02,393.9502258300781,79609600
2022-06-03,387.4849853515625,71874300
2022-06-06,388.664794921875,57508900
2022-06-07,392.3929138183594,59272400
2022-06-08,388.1267395019531,64350000
2022-06-09,378.8961181640625,86289800
2022-06-10,367.9096374511719,132893900
2022-06-13,353.9408264160156,170004900
2022-06-14,352.87420654296875,104011800
2022-06-15,357.9049072265625,125666800
2022-06-16,346.05975341796875,134473300
2022-06-17,346.8057556152344,111113900
2022-06-21,355.53607177734375,76811900
2022-06-22,354.8914489746094,90059400
2022-06-23,358.370361328125,79292100
2022-06-24,369.76434326171875,98050300
2022-06-27,368.3519592285156,66009600
2022-06-28,360.825439453125,86548900
2022-06-29,360.5315856933594,65676000
2022-06-30,357.6025695800781,112508300
2022-07-01,361.384765625,74839700
2022-07-05,362.0672607421875,81438000
2022-07-06,363.29010009765625,70426200
2022-07-07,368.73114013671875,64525900
2022-07-08,368.42779541015625,72397800
2022-07-11,364.21905517578125,58366900
2022-07-12,360.99609375,62219200
2022-07-13,359.1001892089844,84224600
2022-07-14,358.2281494140625,89704800
2022-07-15,365.07220458984375,79060400
2022-07-18,362.0577697753906,63203600
2022-07-19,371.8403015136719,78506000
2022-07-20,374.2101745605469,71843800
2022-07-21,378.020751953125,64903900
2022-07-22,374.51336669921875,72197300
2022-07-25,374.9684143066406,53631500
2022-07-26,370.5321960449219,52946400
2022-07-27,380.15350341796875,82342100
2022-07-28,384.921630859375,73966600
2022-07-29,390.5332336425781,87003700
2022-08-01,389.37677001953125,69997500
2022-08-02,386.80792236328125,63435400
2022-08-03,392.86517333984375,67820600
2022-08-04,392.5997619628906,45656600
2022-08-05,391.93621826171875,56814900
2022-08-08,391.4812316894531,53886100
2022-08-09,389.92657470703125,44931800
2022-08-10,398.11669921875,68665700
2022-08-11,398.11669921875,59489700
2022-08-12,404.8562927246094,61694500
2022-08-15,406.5246276855469,54048300
2022-08-16,407.3209228515625,59289000
2022-08-17,404.42974853515625,63563400
2022-08-18,405.60516357421875,49023200
2022-08-19,400.1546325683594,68016900
2022-08-22,391.8224792480469,77695600
2022-08-23,390.87451171875,49105200
2022-08-24,392.12579345703125,49177800
2022-08-25,397.66162109375,50942300
2022-08-26,384.20123291015625,103087000
2022-08-29,381.6607971191406,65370800
2022-08-30,377.4709167480469,85652400
2022-08-31,374.5987243652344,76029700
2022-09-01,375.774169921875,78740100
2022-09-02,371.8117980957031,99632100
2022-09-06,370.4089660644531,76637400
2022-09-07,377.0633239746094,70964200
2022-09-08,379.5279541015625,80821700
2022-09-09,385.4239196777344,76706900
2022-09-12,389.56640625,69256300
2022-09-13,372.6271057128906,122947100
2022-09-14,374.0489807128906,85023700
2022-09-15,369.80224609375,87633800
2022-09-16,366.9811096191406,103084800
2022-09-19,369.8269958496094,73278500
2022-09-20,365.58197021484375,77274900
2022-09-21,359.20477294921875,106746600
2022-09-22,356.1875,89472600
2022-09-23,350.21966552734375,122346900
2022-09-26,346.7550354003906,92581200
2022-09-27,345.8699035644531,108294100
2022-09-28,352.6753845214844,110802200
2022-09-29,345.30828857421875,112952300
2022-09-30,339.9686279296875,153711200
2022-10-03,348.9442138671875,89756500
2022-10-04,359.75689697265625,103602800
2022-10-05,358.9192810058594,88065700
2022-10-06,355.2167053222656,82333500
2022-10-07,345.30828857421875,107789500
2022-10-10,342.6717224121094,76042800
2022-10-11,340.50164794921875,92482800
2022-10-12,339.37847900390625,76991800
2022-10-13,348.3350830078125,147254500
2022-10-14,340.39697265625,123737000
2022-10-17,349.14410400390625,93168200
2022-10-18,353.24652099609375,97162900
2022-10-19,350.7431640625,79746900
2022-10-20,347.80206298828125,88283100
2022-10-21,356.254150390625,131038400
2022-10-24,360.61346435546875,85436900
2022-10-25,366.37188720703125,78846300
2022-10-26,363.61163330078125,104087300
2022-10-27,361.6700134277344,81971800
2022-10-28,370.2743835449219,100302000
2022-10-31,367.5997619628906,96631300
2022-11-01,365.9911804199219,85407600
2022-11-02,356.8061828613281,126990400
2022-11-03,353.1321716308594,87100100
2022-11-04,358.21490478515625,103505200
2022-11-07,361.64141845703125,68286900
2022-11-08,363.59259033203125,84641100
2022-11-09,356.1018371582031,78495500
2022-11-10,375.6711120605469,141455800
2022-11-11,379.3070373535156,93839900
2022-11-14,376.0804748535156,71903500
2022-11-15,379.2879943847656,93194500
2022-11-16,376.3945617675781,68508500
2022-11-17,375.2428894042969,74496300
2022-11-18,376.946533203125,92922500
2022-11-21,375.57598876953125,51243200
2022-11-22,380.6300964355469,60429000
2022-11-23,383.0286560058594,68261600
2022-11-25,382.9429931640625,30545400
2022-11-28,376.8323974609375,67881600
2022-11-29,376.1850891113281,52310000
2022-11-30,388.0351867675781,144566700
2022-12-01,387.7496643066406,76398200
2022-12-02,387.30224609375,85342700
2022-12-05,380.33502197265625,77289800
2022-12-06,374.8525390625,77972200
2022-12-07,374.2148742675781,65927900
2022-12-08,377.14642333984375,60737900
2022-12-09,374.32904052734375,81447700
2022-12-12,379.7258605957031,75405800
2022-12-13,382.600341796875,123782500
2022-12-14,380.1542053222656,108111300
2022-12-15,370.85498046875,117705900
2022-12-16,366.4765930175781,119858000
2022-12-19,363.3690490722656,79878100
2022-12-20,363.8661804199219,74427200
2022-12-21,369.30694580078125,78167400
2022-12-22,364.038330078125,100120900
2022-12-23,366.13232421875,59857300
2022-12-27,364.6884765625,51638200
2022-12-28,360.15618896484375,70911500
2022-12-29,366.6391296386719,66970900
2022-12-30,365.67340087890625,84022200
2023-01-03,364.1339416503906,74850700
2023-01-04,366.9450988769531,85934100
2023-01-05,362.7570495605469,76970500
2023-01-06,371.0758056640625,104189600
2023-01-09,370.8654479980469,73978100
2023-01-10,373.4662780761719,65358100
2023-01-11,378.18988037109375,68881100
2023-01-12,379.56683349609375,90157700
2023-01-13,381.03924560546875,63903900
2023-01-17,380.34124755859375,62677300
2023-01-18,374.3363952636719,99632300
2023-01-19,371.6112976074219,86958900
2023-01-20,378.53411865234375,91806400
2023-01-23,383.07598876953125,84178800
2023-01-24,382.66485595703125,59524900
2023-01-25,382.80828857421875,84800300
2023-01-26,387.0154113769531,72287400
2023-01-27,387.9046630859375,68346200
2023-01-30,383.0377197265625,74202000
2023-01-31,388.6696472167969,86811800
2023-02-01,392.8003845214844,101459200
2023-02-02,398.518310546875,101654500
2023-02-03,394.28240966796875,94736800
2023-02-06,391.8728332519531,60295300
2023-02-07,396.99798583984375,90990700
2023-02-08,392.65692138671875,76227500
2023-02-09,389.2528991699219,78694900
2023-02-10,390.1612548828125,70769700
2023-02-13,394.7414245605469,64913500
2023-02-14,394.5597229003906,88389300
2023-02-15,395.84100341796875,61555700
2023-02-16,390.3907775878906,76431500
2023-02-17,389.4154968261719,89257800
2023-02-21,381.60345458984375,82655900
2023-02-22,381.0775451660156,83742300
2023-02-23,383.1046447753906,96242400
2023-02-24,379.01220703125,108194400
2023-02-27,380.3030090332031,80444700
2023-02-28,378.8974609375,96438600
2023-03-01,377.44403076171875,99706800
2023-03-02,380.37945556640625,85127800
2023-03-03,386.4799499511719,90120000
2023-03-06,386.74774169921875,72795900
2023-03-07,380.8193054199219,108310600
2023-03-08,381.44091796875,74746600
2023-03-09,374.4033508300781,111945300
2023-03-10,369.0009460449219,189253000
2023-03-13,368.4750061035156,157790000
2023-03-14,374.5659484863281,149752400
2023-03-15,372.2232971191406,172996900
2023-03-16,378.7539978027344,143254200
2023-03-17,374.3254089355469,140553400
2023-03-20,377.9247131347656,93055800
2023-03-21,382.8871154785156,91524200
2023-03-22,376.3601379394531,111746600
2023-03-23,377.3776550292969,119351300
2023-03-24,379.85400390625,107682400
2023-03-27,380.56427001953125,74010400
2023-03-28,379.7100524902344,62871700
2023-03-29,385.22906494140625,77497900
2023-03-30,387.48468017578125,69840000
2023-03-31,392.94610595703125,112062600
2023-04-03,394.44342041015625,67391100
2023-04-04,392.25506591796875,66601500
2023-04-05,391.22796630859375,65200200
2023-04-06,392.75408935546875,63743300
2023-04-10,393.15728759765625,63681000
2023-04-11,393.2627868652344,59297900
2023-04-12,391.6599426269531,86420400
2023-04-13,396.8621520996094,85814800
2023-04-14,395.892822265625,78161500
2023-04-17,397.3133850097656,66436400
2023-04-18,397.5725402832031,63560000
2023-04-19,397.50537109375,55227300
2023-04-20,395.3360595703125,75840400
2023-04-21,395.6432189941406,73457400
2023-04-24,396.0559387207031,64332100
2023-04-25,389.76904296875,97766700
2023-04-26,388.11810302734375,80447000
2023-04-27,395.8448486328125,92968400
2023-04-28,399.22344970703125,89433100
2023-05-01,398.8203430175781,62122300
2023-05-02,394.3378601074219,103998500
2023-05-03,391.6311340332031,91531800
2023-05-04,388.8572082519531,94901900
2023-05-05,396.0559387207031,87891800
2023-05-08,396.1615295410156,50046800
2023-05-09,394.4242858886719,49220100
2023-05-10,396.26715087890625,96142900
2023-05-11,395.5761413574219,70157100
2023-05-12,395.0577392578125,70481500
2023-05-15,396.4207458496094,54289400
2023-05-16,393.7716064453125,57705500
2023-05-17,398.55157470703125,87287000
2023-05-18,402.3908996582031,97177200
2023-05-19,401.805419921875,103793300
2023-05-22,401.96856689453125,60745400
2023-05-23,397.4573059082031,86383500
2023-05-24,394.57781982421875,89213700
2023-05-25,397.9947814941406,90961600
2023-05-26,403.149169921875,93830000
2023-05-30,403.3026428222656,72216000
2023-05-31,401.0662841796875,110811800
2023-06-01,404.8768615722656,88865000
2023-06-02,410.7318115234375,91426200
2023-06-05,409.94476318359375,65460200
2023-06-06,410.83740234375,64022200
2023-06-07,409.41680908203125,85373300
2023-06-08,411.8932189941406,61952800
2023-06-09,412.6322937011719,85742800
2023-06-12,416.3756408691406,76104300
2023-06-13,419.1207275390625,95899700
2023-06-14,419.619873046875,100612100
2023-06-15,424.822265625,110303100
2023-06-16,423.3750915527344,114165800
2023-06-20,421.1786193847656,76160400
2023-06-21,419.02056884765625,76982300
2023-06-22,420.5331115722656,70637200
2023-06-23,417.3539123535156,92074500
2023-06-26,415.6486511230469,72823600
2023-06-27,420.20556640625,72813700
2023-06-28,420.41754150390625,75636000
2023-06-29,422.07452392578125,67882300
2023-06-30,427.0553283691406,104964000
2023-07-03,427.5466613769531,32793400
2023-07-05,426.910888671875,58418400
2023-07-06,423.56781005859375,80658300
2023-07-07,422.4984436035156,86134200
2023-07-10,423.56781005859375,62443500
2023-07-11,426.26531982421875,64463800
2023-07-12,429.6950378417969,91924500
2023-07-13,433.1054382324219,72425200
2023-07-14,432.835693359375,69815800
2023-07-17,434.33856201171875,52680200
2023-07-18,437.56597900390625,80668200
2023-07-19,438.5390625,65891700
2023-07-20,435.6295471191406,70591600
2023-07-21,435.6295471191406,71275600
2023-07-24,437.57562255859375,54023400
2023-07-25,438.770263671875,55191200
2023-07-26,438.8377380371094,71052900
2023-07-27,435.92828369140625,92194400
2023-07-28,440.1960754394531,80011800
2023-07-31,441.03424072265625,62040400
2023-08-01,439.772216796875,55291500
2023-08-02,433.65460205078125,93933400
2023-08-03,432.411865234375,64276100
2023-08-04,430.45611572265625,100128900
2023-08-07,434.2133483886719,58357500
2023-08-08,432.3251037597656,71361300
2023-08-09,429.4349060058594,78789600
2023-08-10,429.58905029296875,93005500
2023-08-11,429.33856201171875,68690900
2023-08-14,431.7085876464844,47867400
2023-08-15,426.6795959472656,75707500
2023-08-16,423.5486145019531,80107200
2023-08-17,420.3211669921875,95711300
2023-08-18,420.5234680175781,98852000
2023-08-21,423.2595520019531,68719000
2023-08-22,422.1130676269531,64994200
2023-08-23,426.814453125,68441000
2023-08-24,420.89923095703125,88517300
2023-08-25,423.866455078125,102325100
2023-08-28,426.5543518066406,61595400
2023-08-29,432.7201843261719,83081900
2023-08-30,434.5024108886719,69053900
2023-08-31,433.8665771484375,66084600
2023-09-01,434.6758117675781,58944100
2023-09-05,432.7971496582031,55166200
2023-09-06,429.8877258300781,70758500
2023-09-07,428.56787109375,70355400
2023-09-08,429.2133483886719,61659700
2023-09-11,432.0361022949219,60180100
2023-09-12,429.6661376953125,67565400
2023-09-13,430.1671142578125,60199300
2023-09-14,433.8761901855469,83430800
2023-09-15,428.6487121582031,111848900
2023-09-18,428.900146484375,55752200
2023-09-19,428.0106201171875,66514600
2023-09-20,424.0757751464844,82562600
2023-09-21,417.0664978027344,104095800
2023-09-22,416.1286926269531,100829700
2023-09-25,417.87860107421875,70874500
2023-09-26,411.7394104003906,96168400
2023-09-27,411.9037780761719,104705800
2023-09-28,414.291748046875,92258300
2023-09-29,413.2862854003906,115111300
2023-10-02,413.1219482421875,83798600
2023-10-03,407.5918273925781,103760600
2023-10-04,410.5599670410156,87453000
2023-10-05,410.40521240234375,70142700
2023-10-06,415.2779235839844,113273300
2023-10-09,417.93658447265625,80374400
2023-10-10,420.1119079589844,78607300
2023-10-11,421.8327331542969,62451700
2023-10-12,419.2611389160156,81154200
2023-10-13,417.1728210449219,95143100
2023-10-16,421.56207275390625,75433200
2023-10-17,421.542724609375,75324700
2023-10-18,415.9257507324219,93559800
2023-10-19,412.27117919921875,121323000
2023-10-20,407.2051696777344,123919900
2023-10-23,406.4993896484375,92035100
2023-10-24,409.5640869140625,78564200
2023-10-25,403.6859436035156,94223200
2023-10-26,398.8520202636719,115156800
2023-10-27,397.0441589355469,107367700
2023-10-30,401.7911376953125,86562700
2023-10-31,404.3144226074219,79665200
2023-11-01,408.6263732910156,98068100
2023-11-02,416.4573974609375,94938900
2023-11-03,420.2569885253906,100167800
2023-11-06,421.2237243652344,67831700
2023-11-07,422.4225158691406,64256100
2023-11-08,422.73187255859375,61746000
2023-11-09,419.4351501464844,83174400
2023-11-10,425.9803466796875,89462200
2023-11-13,425.5743408203125,52236100
2023-11-14,433.8307189941406,97176900
2023-11-15,434.7492370605469,77327600
2023-11-16,435.2809753417969,66665800
2023-11-17,435.8223571777344,83133200
2023-11-20,439.1770935058594,69936200
2023-11-21,438.2200012207031,49244600
2023-11-22,439.911865234375,59394900
2023-11-24,440.1826171875,29737400
2023-11-27,439.3898620605469,50506000
2023-11-28,439.8249206542969,62115000
2023-11-29,439.5154724121094,63146000
2023-11-30,441.24609375,79752700
2023-12-01,443.8564453125,89183400
2023-12-04,441.5265197753906,72430900
2023-12-05,441.439453125,69793500
2023-12-06,439.6605224609375,69124700
2023-12-07,443.0152893066406,66995400
2023-12-08,444.9199523925781,83194400
2023-12-11,446.650390625,65002200
2023-12-12,448.6903991699219,68327600
2023-12-13,454.87786865234375,93278000
2023-12-14,456.3377685546875,119026000
2023-12-15,455.58642578125,141553700
2023-12-18,458.14910888671875,70375300
2023-12-19,460.93505859375,55761800
2023-12-20,454.54779052734375,102921000
2023-12-21,458.8577575683594,86667500
2023-12-22,459.7799072265625,67160400
2023-12-26,461.7213134765625,55387000
2023-12-27,462.5561828613281,68000300
2023-12-28,462.73089599609375,77158100
2023-12-29,461.3913269042969,122283100
2024-01-02,458.8091735839844,123623700
2024-01-03,455.0622863769531,103585900
2024-01-04,453.596435546875,84232200
2024-01-05,454.2177734375,86118900
2024-01-08,460.7021484375,74879100
2024-01-09,460.00323486328125,65931400
2024-01-10,462.60467529296875,67310600
2024-01-11,462.4009094238281,77940700
2024-01-12,462.72119140625,58026400
2024-01-16,461.0224304199219,85014900
2024-01-17,458.45977783203125,68843900
2024-01-18,462.5367431640625,91856200
2024-01-19,468.3028259277344,110834500
2024-01-22,469.29296875,75844900
2024-01-23,470.6616516113281,49945300
2024-01-24,471.1761474609375,81765000
2024-01-25,473.73883056640625,72525000
2024-01-26,473.1369934082031,76641600
2024-01-29,476.88397216796875,61322800
2024-01-30,476.5151062011719,58618400
2024-01-31,468.7396545410156,126011100
2024-02-01,474.8745422363281,91891600
2024-02-02,479.8737487792969,99228200
2024-02-05,478.12646484375,75757100
2024-02-06,479.5146789550781,55918600
2024-02-07,483.5139465332031,70556500
2024-02-08,483.7275390625,52343600
2024-02-09,486.523193359375,63979400
2024-02-12,486.3096008300781,56502300
2024-02-13,479.6116638183594,113099200
2024-02-14,483.9701843261719,68387800
2024-02-15,487.3094787597656,61683000
2024-02-16,484.8826904296875,75532900
2024-02-20,482.21319580078125,71736700
2024-02-21,482.6500244140625,59293400
2024-02-22,492.638671875,76402500
2024-02-23,492.97845458984375,61321800
2024-02-26,491.1728820800781,50386700
2024-02-27,492.08538818359375,48854500
2024-02-28,491.4350280761719,56506600
2024-02-29,493.2016906738281,83924800
2024-03-01,497.8320007324219,76844800
2024-03-04,497.2981262207031,49799300
2024-03-05,492.32806396484375,72855600
2024-03-06,494.82281494140625,68382400
2024-03-07,499.7346496582031,58652100
2024-03-08,496.73516845703125,86532500
2024-03-11,496.3079833984375,62557200
2024-03-12,501.6469421386719,73114400
2024-03-13,500.86065673828125,55104100
2024-03-14,499.8705139160156,110171800
2024-03-15,496.4381103515625,107646300
2024-03-18,499.3885192871094,88893300
2024-03-19,502.1636962890625,60755300
2024-03-20,506.8084411621094,69594600
2024-03-21,508.48321533203125,60256100
2024-03-22,507.5192565917969,79070800
2024-03-25,506.1170349121094,48512100
2024-03-26,505.1822509765625,65463700
2024-03-27,509.42767333984375,82999800
2024-03-28,509.330322265625,96294900
2024-04-01,508.4441833496094,62477500
2024-04-02,505.21142578125,74230300
2024-04-03,505.7664794921875,59155800
2024-04-04,499.593017578125,96858100
2024-04-05,504.8122253417969,74546500
2024-04-08,505.0946350097656,48401800
2024-04-09,505.6788024902344,68049200
2024-04-10,500.61541748046875,82652800
2024-04-11,504.39349365234375,70099000
2024-04-12,497.43133544921875,92561100
2024-04-15,491.1994323730469,92101400
2024-04-16,490.30364990234375,73484000
2024-04-17,487.4018859863281,75910300
2024-04-18,486.3989562988281,74548100
2024-04-19,482.1534423828125,102212600
2024-04-22,486.59375,67961000
2024-04-23,492.367919921875,64633600
2024-04-24,492.1342468261719,55928100
2024-04-25,490.2646789550781,69122400
2024-04-26,494.9093322753906,64306100
2024-04-29,496.66204833984375,46415400
2024-04-30,488.7943115234375,77483600
2024-05-01,487.2071838378906,80242800
2024-05-02,491.76416015625,62550200
2024-05-03,497.8598327636719,72756700
2024-05-06,503.0010986328125,47264700
2024-05-07,503.55609130859375,52561300
2024-05-08,503.6048278808594,42047200
2024-05-09,506.5065612792969,43643700
2024-05-10,507.15899658203125,52233200
2024-05-13,507.22705078125,36716400
2024-05-14,509.5543212890625,57535900
2024-05-15,515.8641357421875,59504900
2024-05-16,514.8026733398438,50244800
2024-05-17,515.542724609375,59187600
2024-05-20,516.1368408203125,37764200
2024-05-21,517.4026489257812,33437000
2024-05-22,515.9127807617188,48390000
2024-05-23,512.14453125,57211200
2024-05-24,515.5330810546875,41291100
2024-05-28,515.893310546875,36269600
2024-05-29,512.2807006835938,45190300
2024-05-30,508.8824462890625,46377600
2024-05-31,513.517333984375,90785800
2024-06-03,513.93603515625,46835700
2024-06-04,514.5105590820312,34632700
2024-06-05,520.6255493164062,47610400
2024-06-06,520.615966796875,30808500
2024-06-07,519.9829711914062,43224500
2024-06-10,521.5895385742188,35686100
2024-06-11,522.8457641601562,36383400
2024-06-12,527.1400146484375,63251300
2024-06-13,528.2013549804688,44760900
2024-06-14,528.5227661132812,40089900
2024-06-17,532.7290649414062,55839500
2024-06-18,534.0825805664062,41376400
2024-06-20,532.6317749023438,70328200
2024-06-21,531.9176635742188,64338600
2024-06-24,530.1886596679688,45528700
2024-06-25,532.2303466796875,37936200
2024-06-26,532.8945922851562,38550600
2024-06-27,533.734619140625,35041500
2024-06-28,531.63427734375,76144500
2024-07-01,532.728515625,40297800
2024-07-02,536.3136596679688,40434800
2024-07-03,538.7069091796875,32789900
2024-07-05,541.8134155273438,41488400
2024-07-08,542.4386596679688,36110500
2024-07-09,542.9661254882812,27289700
2024-07-10,548.3389892578125,38701200
2024-07-11,543.6107788085938,53054200
2024-07-12,547.0396728515625,53084400
2024-07-15,548.5440673828125,40584300
2024-07-16,551.7970581054688,36475300
2024-07-17,544.0601806640625,57119000
2024-07-18,539.879150390625,56270400
2024-07-19,536.2941284179688,65509100
2024-07-22,541.8232421875,43346700
2024-07-23,540.973388671875,34439600
2024-07-24,528.7135620117188,74515300
2024-07-25,525.958740234375,61158300
2024-07-26,531.8493041992188,53763800
2024-07-29,532.161865234375,39515800
2024-07-30,529.4656372070312,46853600
2024-07-31,538.072021484375,65663400
2024-08-01,530.4524536132812,76428700
2024-08-02,520.576171875,82789100
2024-08-05,505.4151306152344,146267400
2024-08-06,510.0748291015625,84826300
2024-08-07,506.6654968261719,70698300
2024-08-08,518.378173828125,63276600
2024-08-09,520.6640625,45619600
2024-08-12,520.9376220703125,42542100
2024-08-13,529.5046997070312,52333100
2024-08-14,531.17529296875,42446900
2024-08-15,540.2797241210938,60846800
2024-08-16,541.4910278320312,44430700
2024-08-19,546.66845703125,39121800
2024-08-20,545.779541015625,33732300
2024-08-21,547.6551513671875,41514600
2024-08-22,543.3568725585938,56121500
2024-08-23,549.1302490234375,50639400
2024-08-26,547.8211669921875,35788600
2024-08-27,548.5734252929688,32693900
2024-08-28,545.3888549804688,41066000
2024-08-29,545.4375610351562,38715200
2024-08-30,550.6443481445312,62700100
2024-09-03,539.3126220703125,60600100
2024-09-04,538.2086791992188,47224900
2024-09-05,536.899658203125,44264300
2024-09-06,527.8637084960938,68493800
2024-09-09,533.773681640625,40445800
2024-09-10,536.0987548828125,36394600
2024-09-11,541.5984497070312,75248600
2024-09-12,546.1605224609375,51819600
2024-09-13,549.012939453125,39310500
2024-09-16,549.82373046875,36656100
2024-09-17,550.0484619140625,49321000
2024-09-18,548.4171752929688,59044900
2024-09-19,557.7755126953125,75315500
2024-09-20,556.811279296875,77503100
2024-09-23,558.2027587890625,44116900
2024-09-24,559.7999877929688,46805700
2024-09-25,558.5653076171875,38428600
2024-09-26,560.7798461914062,48336000
2024-09-27,559.9664916992188,42100900
2024-09-30,562.2103881835938,63557400
2024-10-01,557.1738891601562,72668800
2024-10-02,557.4090576171875,38097800
2024-10-03,556.3900146484375,40846500
2024-10-04,561.4461059570312,42939100
2024-10-07,556.3704223632812,49964700
2024-10-08,561.63232421875,37398700
2024-10-09,565.5224609375,37912200
2024-10-10,564.5326538085938,44138100
2024-10-11,567.9132690429688,42268000
2024-10-14,572.5579223632812,36217200
2024-10-15,568.1092529296875,54203600
2024-10-16,570.57861328125,30725400
2024-10-17,570.6275024414062,34393700
2024-10-18,572.822509765625,37416800
2024-10-21,571.8817749023438,36439000
2024-10-22,571.5780029296875,34183800
2024-10-23,566.3552856445312,49314600
2024-10-24,567.580078125,34979900
2024-10-25,567.3840942382812,47268200
2024-10-28,569.1381225585938,30174700
2024-10-29,570.0592651367188,42899700
2024-10-30,568.3346557617188,41435800
2024-10-31,557.1935424804688,60182500
2024-11-01,559.5452880859375,45667500
2024-11-04,558.3399047851562,38217000
2024-11-05,565.0911865234375,39478300
2024-11-06,579.142578125,68182000
2024-11-07,583.62060546875,47233200
2024-11-08,586.1486206054688,46444900
2024-11-11,586.7072143554688,37586800
2024-11-12,584.8846435546875,43006100
2024-11-13,585.1687622070312,47388600
2024-11-14,581.4060668945312,38904100
2024-11-15,573.9591674804688,75988800
2024-11-18,576.3108520507812,37001700
2024-11-19,578.41748046875,49412000
2024-11-20,578.6134033203125,50032600
2024-11-21,581.7196044921875,46750300
2024-11-22,583.5226440429688,38226400
2024-11-25,585.5020141601562,42441400
2024-11-26,588.5591430664062,45621300
2024-11-27,586.7758178710938,34000200
2024-11-29,590.4209594726562,30177400
2024-12-02,591.4791870117188,31746000
2024-12-03,591.7534790039062,26906600
2024-12-04,595.427978515625,42787600
2024-12-05,594.4480590820312,28762200
2024-12-06,595.5750122070312,31241500
2024-12-09,592.5079956054688,34742700
2024-12-10,590.6658935546875,37234500
2024-12-11,595.2321166992188,28677700
2024-12-12,592.1651611328125,31543800
2024-12-13,592.0474243164062,35904700
2024-12-16,594.5755004882812,43695200
2024-12-17,592.1258544921875,55773500
2024-12-18,574.4784545898438,108248700
2024-12-19,574.3020629882812,85919500
2024-12-20,581.1998901367188,125716700
2024-12-23,584.680419921875,57635800
2024-12-24,591.1791381835938,33160100
2024-12-26,591.2184448242188,41219100
2024-12-27,584.9949340820312,64969300
2024-12-30,578.3192749023438,56578800
2024-12-31,576.21533203125,57052700
