date,close,volume
2014-01-02,25.744731903076172,6722500
2014-01-03,25.83789825439453,2849600
2014-01-06,25.802059173583984,5346000
2014-01-07,26.146085739135742,3044800
2014-01-08,25.794906616210938,3474900
2014-01-09,25.75189208984375,3501000
2014-01-10,26.060091018676758,4369500
2014-01-13,26.00274085998535,5129400
2014-01-14,26.267929077148438,4626400
2014-01-15,26.346769332885742,4967400
2014-01-16,26.4399471282959,3047900
2014-01-17,26.167585372924805,7759600
2014-01-21,26.20343017578125,3638400
2014-01-22,26.09592628479004,3342100
2014-01-23,25.880895614624023,3444800
2014-01-24,25.42936134338379,3848100
2014-01-27,25.486711502075195,3696800
2014-01-28,25.60854721069336,3795500
2014-01-29,25.121171951293945,3579400
2014-01-30,25.192855834960938,3011600
2014-01-31,25.142681121826172,3962900
2014-02-03,24.73414421081543,8408700
2014-02-04,24.79148292541504,4837000
2014-02-05,24.913320541381836,4129000
2014-02-06,25.286022186279297,4180400
2014-02-07,25.450864791870117,4218400
2014-02-10,25.36486053466797,3128700
2014-02-11,25.57271957397461,2480000
2014-02-12,25.336193084716797,3522400
2014-02-13,25.529705047607422,3289500
2014-02-14,25.594215393066406,2302000
2014-02-18,25.744731903076172,4047600
2014-02-19,25.673051834106445,3679500
2014-02-20,25.694555282592773,3575000
2014-02-21,25.830732345581055,4840200
2014-02-24,25.780561447143555,4996700
2014-02-25,25.873727798461914,2671400
2014-02-26,25.809228897094727,2931200
2014-02-27,25.7662353515625,2178000
2014-02-28,25.81639862060547,3114800
2014-03-03,25.802059173583984,2205800
2014-03-04,26.088754653930664,4186600
2014-03-05,25.945405960083008,3228200
2014-03-06,26.009910583496094,3249000
2014-03-07,25.952573776245117,2479800
2014-03-10,25.9382381439209,2096700
2014-03-11,25.90957260131836,3024100
2014-03-12,25.945405960083008,2527900
2014-03-13,25.68022346496582,2536800
2014-03-14,25.759061813354492,2661300
2014-03-17,25.92390251159668,1917500
2014-03-18,26.153263092041016,2478300
2014-03-19,25.90957260131836,2896800
2014-03-20,25.981237411499023,2168300
2014-03-21,25.845067977905273,4423200
2014-03-24,25.694555282592773,3032300
2014-03-25,25.694555282592773,1862700
2014-03-26,25.70172691345215,2652300
2014-03-27,25.422191619873047,2619100
2014-03-28,25.787729263305664,2273800
2014-03-31,25.895233154296875,3528100
2014-04-01,25.880895614624023,3070900
2014-04-02,25.823104858398438,3173800
2014-04-03,25.909805297851562,2195300
2014-04-04,25.758075714111328,2210900
2014-04-07,25.909805297851562,2805000
2014-04-08,25.895355224609375,2428400
2014-04-09,26.14101791381836,2256600
2014-04-10,25.95315933227539,3163400
2014-04-11,25.534093856811523,3256700
2014-04-14,25.830324172973633,2316900
2014-04-15,25.837543487548828,2246100
2014-04-16,25.95315933227539,3235800
2014-04-17,26.032630920410156,5724600
2014-04-21,26.263835906982422,3362400
2014-04-22,26.285511016845703,2782500
2014-04-23,26.32164764404297,3203700
2014-04-24,26.299970626831055,2884700
2014-04-25,26.03986167907715,2161300
2014-04-28,26.357765197753906,2355500
2014-04-29,26.184362411499023,2348200
2014-04-30,26.32164764404297,3621500
2014-05-01,26.15546417236328,2364600
2014-05-02,26.16268539428711,2814100
2014-05-05,26.870769500732422,6519500
2014-05-06,26.422801971435547,3594200
2014-05-07,26.545631408691406,2227000
2014-05-08,26.451698303222656,1965600
2014-05-09,26.603431701660156,1996200
2014-05-12,26.574527740478516,2321900
2014-05-13,26.603431701660156,1755100
2014-05-14,26.458919525146484,1208600
2014-05-15,26.299970626831055,1903800
2014-05-16,26.41557502746582,2175800
2014-05-19,26.509498596191406,1893200
2014-05-20,26.357765197753906,2081700
2014-05-21,26.379438400268555,1886000
2014-05-22,26.357765197753906,1637400
2014-05-23,26.43724822998047,1024700
2014-05-27,26.560075759887695,1613700
2014-05-28,26.49504852294922,2001500
2014-05-29,26.85630989074707,2137500
2014-05-30,27.116424560546875,3420100
2014-06-02,27.19590187072754,2931800
2014-06-03,26.921350479125977,2566800
2014-06-04,26.88521385192871,1787600
2014-06-05,27.12364959716797,2073300
2014-06-06,27.224809646606445,1609000
2014-06-09,27.24646759033203,1937000
2014-06-10,27.33318328857422,2357300
2014-06-11,27.224809646606445,1781000
2014-06-12,27.210355758666992,2165200
2014-06-13,26.68290138244629,7863300
2014-06-16,26.654006958007812,3853900
2014-06-17,26.661226272583008,2929600
2014-06-18,26.892444610595703,3070900
2014-06-19,26.906892776489258,2561500
2014-06-20,26.877992630004883,2698000
2014-06-23,27.130878448486328,3265700
2014-06-24,27.304277420043945,3261800
2014-06-25,27.058624267578125,2894600
2014-06-26,27.166990280151367,1978900
2014-06-27,27.347637176513672,2451900
2014-06-30,27.058624267578125,4736300
2014-07-01,27.051347732543945,2927200
2014-07-02,27.058618545532227,1566000
2014-07-03,27.11687660217285,1594000
2014-07-07,26.98581314086914,1968700
2014-07-08,26.760074615478516,2389100
2014-07-09,27.02949333190918,2862600
2014-07-10,26.905702590942383,3338800
2014-07-11,26.920269012451172,1126200
2014-07-14,26.82560920715332,2090700
2014-07-15,26.84017562866211,2814400
2014-07-16,27.000375747680664,2061800
2014-07-17,26.534345626831055,2273500
2014-07-18,26.760074615478516,2580400
2014-07-21,26.723669052124023,1709800
2014-07-22,26.905702590942383,1405000
2014-07-23,26.94940757751465,1883100
2014-07-24,26.876575469970703,1566800
2014-07-25,26.760074615478516,1611300
2014-07-28,26.665407180786133,2007600
2014-07-29,26.64356803894043,1588100
2014-07-30,26.388708114624023,2848600
2014-07-31,25.988218307495117,2826100
2014-08-01,26.053741455078125,2498000
2014-08-04,26.213947296142578,1946700
2014-08-05,25.878997802734375,2240800
2014-08-06,26.19210433959961,3703000
2014-08-07,26.417835235595703,4507600
2014-08-08,26.410547256469727,4500700
2014-08-11,27.262510299682617,4966800
2014-08-12,27.19697380065918,3078500
2014-08-13,27.488239288330078,3031700
2014-08-14,27.415422439575195,2174600
2014-08-15,27.26979637145996,2165800
2014-08-18,27.37900161743164,2821400
2014-08-19,27.429981231689453,2108500
2014-08-20,27.357162475585938,2026400
2014-08-21,27.42270851135254,1757400
2014-08-22,27.371740341186523,1141000
2014-08-25,27.510086059570312,1109700
2014-08-26,27.50279998779297,2570900
2014-08-27,27.49552345275879,1668100
2014-08-28,27.517364501953125,1690400
2014-08-29,27.546493530273438,2831800
2014-09-02,27.8159122467041,3832600
2014-09-03,28.041648864746094,2057100
2014-09-04,28.129024505615234,3173000
2014-09-05,28.129024505615234,2681700
2014-09-08,28.216405868530273,2167200
2014-09-09,27.874164581298828,3796600
2014-09-10,27.85959815979004,2807200
2014-09-11,27.866886138916016,1733300
2014-09-12,27.539215087890625,2066800
2014-09-15,27.517364501953125,2276200
2014-09-16,27.786781311035156,3601700
2014-09-17,27.67028045654297,3075700
2014-09-18,27.67028045654297,4023300
2014-09-19,27.648435592651367,5627300
2014-09-22,27.34988784790039,4050200
2014-09-23,26.760074615478516,5524700
2014-09-24,27.67028045654297,8346100
2014-09-25,27.277069091796875,4158200
2014-09-26,27.328044891357422,2612400
2014-09-29,27.626585006713867,3424300
2014-09-30,27.63387107849121,3213700
2014-10-01,27.142240524291992,4292800
2014-10-02,27.281665802001953,2479600
2014-10-03,27.66322135925293,3660100
2014-10-06,27.575166702270508,2045100
2014-10-07,27.193614959716797,2698800
2014-10-08,27.641206741333008,3251100
2014-10-09,27.259653091430664,2372000
2014-10-10,27.178945541381836,2832500
2014-10-13,26.738670349121094,2869000
2014-10-14,26.91476821899414,4215100
2014-10-15,26.8560733795166,3817900
2014-10-16,26.57723617553711,3771700
2014-10-17,26.782697677612305,4967700
2014-10-20,27.142240524291992,4878100
2014-10-21,27.60451889038086,3656100
2014-10-22,27.62653160095215,3109100
2014-10-23,27.831987380981445,2752000
2014-10-24,27.912704467773438,2148500
2014-10-27,28.05946922302246,3448600
2014-10-28,28.030109405517578,2382700
2014-10-29,28.037445068359375,2717200
2014-10-30,28.301603317260742,1831200
2014-10-31,28.279590606689453,4217300
2014-11-03,27.509119033813477,5357300
2014-11-04,27.41373634338379,2825900
2014-11-05,27.75127601623535,2983700
2014-11-06,27.876014709472656,3087100
2014-11-07,27.9860782623291,2454400
2014-11-10,28.360315322875977,2603600
2014-11-11,28.264921188354492,2990300
2014-11-12,28.573087692260742,3646200
2014-11-13,28.426345825195312,1771900
2014-11-14,28.308940887451172,1450900
2014-11-17,28.536405563354492,2631900
2014-11-18,28.71985626220703,2409400
2014-11-19,28.72718620300293,1656000
2014-11-20,28.697851181030273,2005700
2014-11-21,29.130773544311523,3884600
2014-11-24,29.020689010620117,2580700
2014-11-25,28.954666137695312,1975400
2014-11-26,29.299541473388672,1781400
2014-11-28,29.541675567626953,1872700
2014-12-01,29.52701187133789,2854200
2014-12-02,29.336225509643555,3472000
2014-12-03,29.32154655456543,2567300
2014-12-04,29.233489990234375,2522700
2014-12-05,29.299541473388672,1678600
2014-12-08,29.35822868347168,1877700
2014-12-09,29.32887077331543,2127000
2014-12-10,28.917970657348633,1903300
2014-12-11,29.44628143310547,4325400
2014-12-12,28.859272003173828,3066500
2014-12-15,29.057392120361328,4553700
2014-12-16,29.152786254882812,5433900
2014-12-17,29.438955307006836,4237600
2014-12-18,29.893888473510742,4723000
2014-12-19,29.69577980041504,6786800
2014-12-22,30.018640518188477,2802400
2014-12-23,29.864538192749023,2946400
2014-12-24,29.78383445739746,1330600
2014-12-26,29.78383445739746,1357600
2014-12-29,29.849870681762695,2689300
2014-12-30,29.76115608215332,1978500
2014-12-31,29.33979606628418,2455400
2015-01-02,29.45807456970215,2560200
2015-01-05,29.169780731201172,3082600
2015-01-06,29.01453399658203,3045600
2015-01-07,29.864648818969727,3817500
2015-01-08,30.404279708862305,8417200
2015-01-09,30.492984771728516,4395500
2015-01-12,30.212081909179688,2643300
2015-01-13,30.12337303161621,3107800
2015-01-14,29.7685489654541,4778000
2015-01-15,29.76115608215332,3347900
2015-01-16,29.583744049072266,6454100
2015-01-20,29.243701934814453,6785700
2015-01-21,29.78333854675293,5527900
2015-01-22,30.079030990600586,4210600
2015-01-23,30.293407440185547,3494200
2015-01-26,30.256437301635742,2546200
2015-01-27,30.086414337158203,2969600
2015-01-28,29.642868041992188,3069100
2015-01-29,29.495044708251953,4653300
2015-01-30,28.955402374267578,5121900
2015-02-02,28.40837860107422,9498600
2015-02-03,29.228918075561523,7456900
2015-02-04,29.465473175048828,4728700
2015-02-05,29.472871780395508,3796500
2015-02-06,29.753767013549805,5046400
2015-02-09,29.642868041992188,4322000
2015-02-10,29.421106338500977,5001000
2015-02-11,28.770593643188477,11706700
2015-02-12,29.317628860473633,6681600
2015-02-13,29.228918075561523,2609200
2015-02-17,29.251087188720703,2842900
2015-02-18,29.502431869506836,5376700
2015-02-19,28.504478454589844,9784400
2015-02-20,29.317628860473633,12301200
2015-02-23,29.27326011657715,4582500
2015-02-24,29.228918075561523,3188800
2015-02-25,29.177169799804688,2123000
2015-02-26,28.93321990966797,4417500
2015-02-27,28.822336196899414,4243400
2015-03-02,28.807559967041016,4895900
2015-03-03,28.75581169128418,3770200
2015-03-04,28.689287185668945,5112100
2015-03-05,28.91844367980957,5057800
2015-03-06,28.571014404296875,4098000
2015-03-09,28.785377502441406,3909500
2015-03-10,28.42315673828125,3507600
2015-03-11,28.38620948791504,3029200
2015-03-12,28.681896209716797,3087400
2015-03-13,28.511863708496094,2864800
2015-03-16,28.61536407470703,3000800
2015-03-17,28.489694595336914,2045900
2015-03-18,28.497081756591797,4607400
2015-03-19,28.23834800720215,3086800
2015-03-20,28.548830032348633,4746200
2015-03-23,28.578399658203125,2766300
2015-03-24,28.26793098449707,2950500
2015-03-25,28.09050750732422,3431500
2015-03-26,28.00181007385254,2960100
2015-03-27,28.208784103393555,3763800
2015-03-30,28.282703399658203,2859900
2015-03-31,28.111339569091797,3112500
2015-04-01,27.96233558654785,3717800
2015-04-02,28.04428482055664,2986800
2015-04-06,28.185848236083984,3914800
2015-04-07,28.29015350341797,2843900
2015-04-08,28.424270629882812,2822500
2015-04-09,28.43916893005371,2190700
2015-04-10,28.43916893005371,2557900
2015-04-13,28.02194595336914,4033700
2015-04-14,28.16349983215332,2013500
2015-04-15,28.059192657470703,1683300
2015-04-16,27.80586814880371,2812700
2015-04-17,27.813322067260742,3618700
2015-04-20,27.790964126586914,2862300
2015-04-21,28.014495849609375,2353200
2015-04-22,28.036832809448242,3977200
2015-04-23,28.27526092529297,3361100
2015-04-24,28.260356903076172,2925200
2015-04-27,28.141149520874023,2814600
2015-04-28,28.10389518737793,1672500
2015-04-29,27.8878231048584,2383500
2015-04-30,27.58979606628418,4295200
2015-05-01,27.686664581298828,3928200
2015-05-04,27.321577072143555,5410400
2015-05-05,26.911785125732422,8045900
2015-05-06,26.800029754638672,5775700
2015-05-07,27.09805679321289,3509300
2015-05-08,27.27687644958496,2663400
2015-05-11,27.187469482421875,2177900
2015-05-12,27.27687644958496,2430000
2015-05-13,27.4556827545166,3188200
2015-05-14,27.8878231048584,3854900
2015-05-15,27.768617630004883,3141100
2015-05-18,27.932527542114258,2639400
2015-05-19,28.53603172302246,6950000
2015-05-20,28.36467170715332,2864600
2015-05-21,28.387022018432617,2262700
2015-05-22,28.066633224487305,1985100
2015-05-26,27.925077438354492,2623100
2015-05-27,27.97723388671875,1610100
2015-05-28,27.75372314453125,2315900
2015-05-29,27.686664581298828,4846300
2015-06-01,27.73881721496582,4107900
2015-06-02,27.790964126586914,3209500
2015-06-03,27.99213218688965,3835300
2015-06-04,27.954872131347656,6661500
2015-06-05,27.634511947631836,5086200
2015-06-08,27.61214828491211,2749200
2015-06-09,27.641948699951172,3119600
2015-06-10,27.73881721496582,3804900
2015-06-11,27.6643009185791,6312100
2015-06-12,27.507841110229492,5712200
2015-06-15,27.57488250732422,3488900
2015-06-16,27.75372314453125,2199600
2015-06-17,27.79841423034668,3743800
2015-06-18,27.865476608276367,3026000
2015-06-19,27.850574493408203,3980200
2015-06-22,28.014495849609375,2041700
2015-06-23,28.007036209106445,1965500
2015-06-24,28.871313095092773,15418800
2015-06-25,28.53603172302246,9127700
2015-06-26,28.588180541992188,10551300
2015-06-29,27.969778060913086,11969300
2015-06-30,27.113569259643555,16803700
2015-07-01,27.03095054626465,11503100
2015-07-02,26.97837257385254,5430200
2015-07-06,26.79810905456543,8391000
2015-07-07,27.060985565185547,4365700
2015-07-08,27.076004028320312,5114100
2015-07-09,27.0384578704834,4578500
2015-07-10,27.076004028320312,2521100
2015-07-13,27.128585815429688,2975400
2015-07-14,27.1661376953125,2633400
2015-07-15,27.060985565185547,2385400
2015-07-16,27.143604278564453,2213000
2015-07-17,27.301332473754883,3565700
2015-07-20,27.241256713867188,2839500
2015-07-21,27.26378059387207,4290800
2015-07-22,27.203702926635742,3357600
2015-07-23,27.143604278564453,3469900
2015-07-24,27.0384578704834,3058800
2015-07-27,26.87322998046875,4181500
2015-07-28,27.053476333618164,3925400
2015-07-29,27.22622299194336,2742700
2015-07-30,27.08352279663086,3172500
2015-07-31,27.27129364013672,3099200
2015-08-03,27.241256713867188,2464100
2015-08-04,27.376445770263672,8687200
2015-08-05,27.60926628112793,6263900
2015-08-06,27.22622299194336,11785500
2015-08-07,27.736955642700195,11239700
2015-08-10,28.232656478881836,14246200
2015-08-11,28.51805305480957,9812300
2015-08-12,29.013763427734375,8207700
2015-08-13,28.931161880493164,7792200
2015-08-14,31.07921600341797,30108300
2015-08-17,30.90646743774414,11117400
2015-08-18,30.90646743774414,6704900
2015-08-19,30.763769149780273,6957500
2015-08-20,30.455814361572266,6354800
2015-08-21,29.817411422729492,7892600
2015-08-24,29.4869384765625,13531300
2015-08-25,29.321704864501953,9560900
2015-08-26,30.00518798828125,8679300
2015-08-27,30.268043518066406,5485000
2015-08-28,29.97513771057129,5344200
2015-08-31,29.94508934020996,7574700
2015-09-01,29.351743698120117,9320700
2015-09-02,29.8699893951416,4627200
2015-09-03,29.97513771057129,5137000
2015-09-04,29.719757080078125,4840700
2015-09-08,30.09531593322754,6046400
2015-09-09,29.742298126220703,3918200
2015-09-10,29.569547653198242,7886700
2015-09-11,30.00518798828125,5034200
2015-09-14,29.952604293823242,4038100
2015-09-15,29.637155532836914,8726000
2015-09-16,29.689735412597656,7832100
2015-09-17,29.67470359802246,6160000
2015-09-18,29.652164459228516,12607400
2015-09-21,29.930072784423828,4925600
2015-09-22,29.554536819458008,5134900
2015-09-23,29.629642486572266,4591500
2015-09-24,29.82491683959961,7543500
2015-09-25,29.839937210083008,7571400
2015-09-28,29.081369400024414,6512900
2015-09-29,29.239089965820312,5080100
2015-09-30,29.49643898010254,4911000
2015-10-01,29.223957061767578,5010000
2015-10-02,29.821908950805664,4810100
2015-10-05,30.434993743896484,7938000
2015-10-06,30.336605072021484,6607000
2015-10-07,30.69990348815918,4868700
2015-10-08,30.995107650756836,4653400
2015-10-09,30.97995948791504,4582800
2015-10-12,31.214609146118164,2845300
2015-10-13,31.214609146118164,4876700
2015-10-14,30.61664581298828,4294500
2015-10-15,30.873992919921875,2733500
2015-10-16,31.358421325683594,3156800
2015-10-19,31.350833892822266,2577100
2015-10-20,31.101076126098633,3055700
2015-10-21,31.441667556762695,3696100
2015-10-22,31.57034683227539,4269000
2015-10-23,31.60818862915039,3490200
2015-10-26,31.403827667236328,3580000
2015-10-27,31.50979232788086,3624000
2015-10-28,31.46437644958496,3540000
2015-10-29,31.63089370727539,2923300
2015-10-30,31.22217559814453,6045500
2015-11-02,31.063222885131836,6554800
2015-11-03,31.002655029296875,5389800
2015-11-04,30.873992919921875,3340200
2015-11-05,31.078365325927734,2414500
2015-11-06,30.97995948791504,3101600
2015-11-09,30.631799697875977,4330700
2015-11-10,30.677196502685547,2659900
2015-11-11,30.548524856567383,4247100
2015-11-12,30.442569732666016,4659200
2015-11-13,30.25333023071289,7653500
2015-11-16,30.722606658935547,3517500
2015-11-17,30.639373779296875,2900500
2015-11-18,31.14649200439453,3280100
2015-11-19,31.335710525512695,5467200
2015-11-20,30.972393035888672,3563200
2015-11-23,31.335710525512695,4785500
2015-11-24,31.275163650512695,4800700
2015-11-25,31.411388397216797,2689800
2015-11-27,31.449237823486328,1413200
2015-11-30,31.108623504638672,4553300
2015-12-01,31.063222885131836,5645900
2015-12-02,31.040515899658203,2721400
2015-12-03,30.662065505981445,5370700
2015-12-04,31.108623504638672,5312400
2015-12-07,31.0859317779541,4952000
2015-12-08,31.1616153717041,4457900
2015-12-09,31.131343841552734,4496700
2015-12-10,31.11620330810547,3610900
2015-12-11,30.96482276916504,4634200
2015-12-14,31.191892623901367,4547600
2015-12-15,31.138906478881836,4271900
2015-12-16,31.441667556762695,3492200
2015-12-17,31.22217559814453,4054700
2015-12-18,30.692344665527344,7196400
2015-12-21,30.926982879638672,3511700
2015-12-22,31.237302780151367,4612100
2015-12-23,31.449237823486328,2436800
2015-12-24,31.260013580322266,938900
2015-12-28,31.41895294189453,2137200
2015-12-29,31.434106826782227,2133100
2015-12-30,31.381128311157227,2203000
2015-12-31,31.032941818237305,3417800
2016-01-04,30.73773765563965,5885400
2016-01-05,30.760465621948242,3855100
2016-01-06,30.653682708740234,7391200
2016-01-07,30.34859848022461,5704400
2016-01-08,30.35622215270996,4311100
2016-01-11,30.60028839111328,4573400
2016-01-12,31.04267120361328,4564000
2016-01-13,30.539276123046875,4812900
2016-01-14,30.6079158782959,5017600
2016-01-15,30.401987075805664,6213600
2016-01-19,30.47825813293457,4386200
2016-01-20,30.24944305419922,4772900
2016-01-21,30.051137924194336,6134100
2016-01-22,30.196048736572266,4372000
2016-01-25,29.822315216064453,6492600
2016-01-26,29.936721801757812,3829700
2016-01-27,29.982494354248047,3412100
2016-01-28,30.127405166625977,4967800
2016-01-29,30.363847732543945,6410100
2016-02-01,32.91132736206055,19429100
2016-02-02,32.63673782348633,13275900
2016-02-03,32.97234344482422,9384600
2016-02-04,33.132503509521484,6663100
2016-02-05,32.85031509399414,7310500
2016-02-08,32.88844299316406,6192900
2016-02-09,32.49946975708008,6732300
2016-02-10,32.57573699951172,6945600
2016-02-11,32.49946975708008,4739100
2016-02-12,32.957096099853516,4838600
2016-02-16,33.3765869140625,5512600
2016-02-17,33.8494758605957,4533400
2016-02-18,33.95625686645508,4169600
2016-02-19,34.31472396850586,5328900
2016-02-22,32.63673782348633,16023100
2016-02-23,32.72065734863281,5375400
2016-02-24,32.87319564819336,3690300
2016-02-25,33.22404861450195,3631100
2016-02-26,32.99523162841797,3888100
2016-02-29,33.658782958984375,6310100
2016-03-01,33.9943962097168,4581600
2016-03-02,34.34523391723633,3551200
2016-03-03,34.32235336303711,2667300
2016-03-04,34.33761215209961,2653000
2016-03-07,34.39101028442383,2504800
2016-03-08,34.223201751708984,3167400
2016-03-09,34.35287094116211,3558600
2016-03-10,34.39862060546875,6682700
2016-03-11,34.96304702758789,4269900
2016-03-14,34.93253707885742,3880600
2016-03-15,34.98592758178711,3683800
2016-03-16,35.11558151245117,2901500
2016-03-17,35.16896438598633,3563000
2016-03-18,35.56559371948242,9478200
2016-03-21,35.352020263671875,3504800
2016-03-22,35.34440231323242,3959300
2016-03-23,35.352020263671875,2954700
2016-03-24,35.268131256103516,4348000
2016-03-28,35.268131256103516,2512700
2016-03-29,35.4359245300293,3694500
2016-03-30,35.80449295043945,2940100
2016-03-31,35.88127136230469,3243900
2016-04-01,36.15001678466797,4026500
2016-04-04,36.08091354370117,2334600
2016-04-05,35.858238220214844,3600300
2016-04-06,36.0732421875,3200400
2016-04-07,35.9043083190918,3181700
2016-04-08,36.04252243041992,2207000
2016-04-11,35.86592483520508,2355400
2016-04-12,36.05021286010742,2286700
2016-04-13,36.165382385253906,2874000
2016-04-14,35.78913879394531,2914600
2016-04-15,35.95038604736328,3374900
2016-04-18,35.9964714050293,2550800
2016-04-19,36.0732421875,2564600
2016-04-20,35.89663314819336,3017900
2016-04-21,34.99827194213867,4886200
2016-04-22,35.1441535949707,3085300
2016-04-25,35.55109405517578,3219200
2016-04-26,35.55109405517578,2061900
2016-04-27,35.63556671142578,2384800
2016-04-28,35.5203857421875,3242000
2016-04-29,35.37450408935547,5061000
2016-05-02,37.32481384277344,7711700
2016-05-03,37.24803924560547,4571800
2016-05-04,37.255714416503906,3847100
2016-05-05,37.52444839477539,3152000
2016-05-06,37.90837860107422,4107700
2016-05-09,38.17714309692383,3833500
2016-05-10,38.52264404296875,2574400
2016-05-11,38.5610466003418,2683000
2016-05-12,38.53032684326172,3612300
2016-05-13,38.50729751586914,3394100
2016-05-16,38.553367614746094,2310700
2016-05-17,37.854637145996094,4348500
2016-05-18,37.393924713134766,4497800
2016-05-19,37.67803192138672,3488700
2016-05-20,37.278751373291016,4101500
2016-05-23,37.15589904785156,3467300
2016-05-24,37.40159606933594,3683600
2016-05-25,37.30946731567383,3948400
2016-05-26,37.501426696777344,3471200
2016-05-27,37.36322021484375,3323000
2016-05-31,36.94089126586914,7958300
2016-06-01,37.47837829589844,3972300
2016-06-02,37.43999099731445,3043300
2016-06-03,37.54749298095703,4232800
2016-06-06,37.455360412597656,3147700
2016-06-07,37.378570556640625,2005700
2016-06-08,37.378570556640625,2475300
2016-06-09,37.62428665161133,2396600
2016-06-10,37.455360412597656,2423600
2016-06-13,37.186614990234375,3221800
2016-06-14,37.21731948852539,2857600
2016-06-15,37.36322021484375,3035300
2016-06-16,38.20784378051758,4898400
2016-06-17,38.23855209350586,6269800
2016-06-20,38.35373306274414,3922300
2016-06-21,38.44586944580078,2894900
2016-06-22,38.36909866333008,2772100
2016-06-23,38.61479949951172,3527000
2016-06-24,38.33069610595703,15632300
2016-06-27,38.16944122314453,4444100
2016-06-28,38.01588821411133,4129900
2016-06-29,38.80401611328125,3873900
2016-06-30,39.20580291748047,5408800
2016-07-01,39.198062896728516,2574300
2016-07-05,39.56123733520508,7096100
2016-07-06,39.615325927734375,4877200
2016-07-07,39.55351638793945,3004100
2016-07-08,39.86258316040039,5515100
2016-07-11,39.90121841430664,2577100
2016-07-12,39.468528747558594,4218500
2016-07-13,40.202571868896484,3820600
2016-07-14,40.15618896484375,2652900
2016-07-15,40.1948356628418,2412200
2016-07-18,40.148468017578125,1638000
2016-07-19,40.29528045654297,2395300
2016-07-20,40.03257369995117,2545600
2016-07-21,39.97848892211914,2088100
2016-07-22,40.248924255371094,2517100
2016-07-25,40.27983093261719,2577800
2016-07-26,40.148468017578125,2914700
2016-07-27,39.8548583984375,3038800
2016-07-28,40.04802322387695,1873300
2016-07-29,40.017120361328125,3521400
2016-08-01,40.11757278442383,2021600
2016-08-02,40.13303756713867,2996000
2016-08-03,39.66170120239258,3227200
2016-08-04,39.79304504394531,3367900
2016-08-05,39.59986877441406,3123300
2016-08-08,39.5689697265625,2476900
2016-08-09,40.04030227661133,2446300
2016-08-10,40.04030227661133,1894200
2016-08-11,39.99393844604492,2350100
2016-08-12,40.34164810180664,3492000
2016-08-15,40.318477630615234,8573400
2016-08-16,40.248924255371094,6088700
2016-08-17,40.364837646484375,4094700
2016-08-18,40.534812927246094,2712000
2016-08-19,40.550270080566406,3218600
2016-08-22,40.8902473449707,2620400
2016-08-23,40.774356842041016,2272100
2016-08-24,40.50391387939453,2150500
2016-08-25,40.534812927246094,2141700
2016-08-26,40.2721061706543,2437700
2016-08-29,40.50391387939453,2492800
2016-08-30,40.12529754638672,2429500
2016-08-31,40.07121658325195,3603200
2016-09-01,40.22574996948242,4186700
2016-09-02,41.13751220703125,4000900
2016-09-06,41.3074951171875,3868400
2016-09-07,41.02159881591797,4484800
2016-09-08,40.65070724487305,4311700
2016-09-09,38.4794921875,5414300
2016-09-12,38.912193298339844,4798500
2016-09-13,38.27086639404297,4287000
2016-09-14,38.34040069580078,7393600
2016-09-15,38.309505462646484,2954500
2016-09-16,38.154972076416016,4417300
2016-09-19,38.054508209228516,2638100
2016-09-20,37.94633102416992,2769900
2016-09-21,38.394493103027344,4598700
2016-09-22,38.64947509765625,3195600
2016-09-23,38.28630828857422,2923200
2016-09-26,37.76862716674805,4642900
2016-09-27,38.046783447265625,3360400
2016-09-28,38.20132827758789,2852500
2016-09-29,37.884525299072266,3184700
2016-09-30,37.86906814575195,3490700
2016-10-03,37.799530029296875,3526600
2016-10-04,37.17365264892578,3915100
2016-10-05,37.15033721923828,5635800
2016-10-06,37.54694747924805,3396800
2016-10-07,37.383636474609375,2858600
2016-10-10,37.49250411987305,2640000
2016-10-11,37.336971282958984,2978100
2016-10-12,37.80358123779297,2978300
2016-10-13,37.99800491333008,2980000
2016-10-14,37.57805252075195,3737300
2016-10-17,37.53139114379883,3288100
2016-10-18,37.53916549682617,2058800
2016-10-19,37.274749755859375,3523800
2016-10-20,37.01034164428711,3054500
2016-10-21,36.93257141113281,3739500
2016-10-24,37.12698745727539,2484900
2016-10-25,36.89368438720703,3429000
2016-10-26,36.75370407104492,2356600
2016-10-27,36.901466369628906,3789900
2016-10-28,37.32142639160156,3530800
2016-10-31,37.42251205444336,2843200
2016-11-01,37.391422271728516,3669700
2016-11-02,37.15033721923828,3600300
2016-11-03,37.21254348754883,3417000
2016-11-04,37.36030197143555,6443000
2016-11-07,41.031005859375,14925300
2016-11-08,42.143104553222656,9650600
2016-11-09,42.11977005004883,6068300
2016-11-10,41.38874816894531,5246300
2016-11-11,41.31875991821289,2810000
2016-11-14,41.598731994628906,5135000
2016-11-15,41.606502532958984,3721800
2016-11-16,41.31875991821289,4000500
2016-11-17,41.49761962890625,4295800
2016-11-18,41.32653045654297,4043900
2016-11-21,41.785362243652344,2808800
2016-11-22,42.0731086730957,4122900
2016-11-23,41.653160095214844,2383700
2016-11-25,41.94090270996094,1262900
2016-11-28,41.769813537597656,2582300
2016-11-29,41.9098014831543,2715900
2016-11-30,41.412078857421875,4459700
2016-12-01,41.29541778564453,3627900
2016-12-02,41.67647933959961,3961600
2016-12-05,41.590946197509766,3479300
2016-12-06,41.95647048950195,2781500
2016-12-07,42.40752029418945,3258400
2016-12-08,42.251983642578125,3078600
2016-12-09,42.889705657958984,3305500
2016-12-12,42.7885856628418,2916700
2016-12-13,43.25519561767578,4328100
2016-12-14,43.169647216796875,3322500
2016-12-15,43.5118408203125,3340800
2016-12-16,43.83070373535156,6873000
2016-12-19,44.025115966796875,3263500
2016-12-20,43.91623306274414,2553900
2016-12-21,43.75292205810547,1780400
2016-12-22,43.74515151977539,2459900
2016-12-23,43.72959899902344,1709600
2016-12-27,43.68293380737305,1545100
2016-12-28,43.34074783325195,1772800
2016-12-29,43.488502502441406,1686800
2016-12-30,43.0607795715332,2318500
2017-01-03,42.77304458618164,3877000
2017-01-04,43.164215087890625,2986700
2017-01-05,43.023406982421875,3629400
2017-01-06,43.328529357910156,4776500
2017-01-09,43.563255310058594,3933300
2017-01-10,43.28941345214844,2932800
2017-01-11,43.25810623168945,2866400
2017-01-12,42.952980041503906,2362500
2017-01-13,43.00775146484375,1794200
2017-01-17,42.937339782714844,2605500
2017-01-18,43.2268180847168,3412700
2017-01-19,41.9515266418457,6507800
2017-01-20,42.100181579589844,3790000
2017-01-23,41.873287200927734,2564500
2017-01-24,41.873287200927734,3681800
2017-01-25,41.50556564331055,2618000
2017-01-26,41.48991394042969,4063900
2017-01-27,41.231746673583984,3188900
2017-01-30,41.26301956176758,3992400
2017-01-31,41.043949127197266,4758200
2017-02-01,40.72318649291992,3448700
2017-02-02,40.98137664794922,3898500
2017-02-03,41.10654067993164,4546400
2017-02-06,40.05815505981445,9488300
2017-02-07,40.864013671875,7421300
2017-02-08,40.55107116699219,3457900
2017-02-09,40.87965774536133,3741800
2017-02-10,41.16914367675781,3475900
2017-02-13,41.31779861450195,5567100
2017-02-14,41.25520324707031,3867100
2017-02-15,41.270851135253906,4361100
2017-02-16,41.17696762084961,3569600
2017-02-17,40.9578971862793,3766900
2017-02-21,41.31779861450195,2977200
2017-02-22,41.270851135253906,2677400
2017-02-23,41.380393981933594,2233200
2017-02-24,41.6229248046875,2482200
2017-02-27,41.34909439086914,2091100
2017-02-28,41.24738311767578,3764100
2017-03-01,41.58380126953125,3935800
2017-03-02,41.29432678222656,2593500
2017-03-03,40.83271408081055,3480800
2017-03-06,40.80925369262695,3191100
2017-03-07,40.91878128051758,2367500
2017-03-08,40.9422607421875,2829200
2017-03-09,41.012672424316406,2838200
2017-03-10,40.80925369262695,2338400
2017-03-13,40.590179443359375,2934100
2017-03-14,40.58235549926758,2548500
2017-03-15,41.13785171508789,3069200
2017-03-16,40.926605224609375,2495900
2017-03-17,41.26301956176758,8964700
2017-03-20,40.7779426574707,3730400
2017-03-21,40.52759552001953,2914500
2017-03-22,41.098724365234375,2363900
2017-03-23,41.19260787963867,2928900
2017-03-24,41.31779861450195,2941900
2017-03-27,40.71536636352539,2706800
2017-03-28,40.84055709838867,2255300
2017-03-29,40.53541564941406,2822700
2017-03-30,40.6997184753418,1921200
2017-03-31,40.62146759033203,2105700
2017-04-03,40.44151306152344,2185900
2017-04-04,40.37893295288086,2688500
2017-04-05,40.59940719604492,3047000
2017-04-06,40.66240310668945,2371400
2017-04-07,40.780513763427734,2242100
2017-04-10,40.9694938659668,1957000
2017-04-11,41.00887680053711,2709900
2017-04-12,41.11123275756836,2385900
2017-04-13,40.86713409423828,1503900
2017-04-17,41.04035568237305,1870600
2017-04-18,41.26084518432617,2279000
2017-04-19,41.0324821472168,2150500
2017-04-20,41.30022048950195,2015300
2017-04-21,41.10336685180664,2332200
2017-04-24,41.62306594848633,1921500
2017-04-25,41.83566665649414,1809000
2017-04-26,41.898651123046875,2191900
2017-04-27,42.071895599365234,1708900
2017-04-28,41.63093566894531,2810100
2017-05-01,41.61518096923828,1948100
2017-05-02,41.63093566894531,2277000
2017-05-03,41.66242980957031,2158400
2017-05-04,42.99317169189453,4491100
2017-05-05,43.552242279052734,4491600
2017-05-08,43.229400634765625,3909000
2017-05-09,43.237266540527344,3207100
2017-05-10,42.9459228515625,3266800
2017-05-11,43.31601333618164,3337100
2017-05-12,42.48135757446289,2379600
2017-05-15,42.55221176147461,2113900
2017-05-16,42.67032241821289,2458500
2017-05-17,42.8356819152832,3155400
2017-05-18,42.85931396484375,2735900
2017-05-19,42.97742462158203,5176200
2017-05-22,43.268768310546875,1846700
2017-05-23,42.70182418823242,3483900
2017-05-24,42.693946838378906,2165000
2017-05-25,42.74119186401367,2826200
2017-05-26,42.85931396484375,1707100
2017-05-30,42.67820739746094,2116500
2017-05-31,42.961673736572266,3648900
2017-06-01,43.623104095458984,2648200
2017-06-02,43.882972717285156,2412700
2017-06-05,43.67822265625,2117500
2017-06-06,43.38688659667969,2660500
2017-06-07,43.111289978027344,2459800
2017-06-08,43.30027770996094,2775700
2017-06-09,43.45774459838867,1656100
2017-06-12,43.56010818481445,2338700
2017-06-13,43.60736083984375,1537800
2017-06-14,43.63885498046875,1704600
2017-06-15,43.7254638671875,2477100
2017-06-16,42.819942474365234,10213400
2017-06-19,42.914432525634766,4110900
2017-06-20,42.41048049926758,3641600
2017-06-21,42.00889205932617,2133100
2017-06-22,41.5600700378418,2535300
2017-06-23,39.30804443359375,11250300
2017-06-26,39.3316650390625,4781800
2017-06-27,38.796226501464844,3761600
2017-06-28,39.268680572509766,4101800
2017-06-29,39.260799407958984,4273400
2017-06-30,39.630889892578125,3792400
2017-07-03,39.79624557495117,2303400
2017-07-05,39.13838577270508,4398300
2017-07-06,38.92438888549805,3148000
2017-07-07,39.19386291503906,2900300
2017-07-10,39.13046646118164,3558900
2017-07-11,39.02743148803711,2700800
2017-07-12,39.78832244873047,3083600
2017-07-13,39.93891525268555,2556000
2017-07-14,40.081573486328125,2474000
2017-07-17,40.20046615600586,1850000
2017-07-18,39.93891525268555,1516700
2017-07-19,40.422393798828125,1726400
2017-07-20,40.279727935791016,2453800
2017-07-21,40.48581314086914,1570900
2017-07-24,40.85831069946289,2298000
2017-07-25,41.19121170043945,2379000
2017-07-26,41.30218505859375,1687200
2017-07-27,41.65884780883789,3028300
2017-07-28,41.41314697265625,2631400
2017-07-31,41.706390380859375,2805400
2017-08-01,41.67469787597656,2026200
2017-08-02,41.75395965576172,1665800
2017-08-03,41.294246673583984,2498200
2017-08-04,41.476558685302734,2286800
2017-08-07,41.59542465209961,2280600
2017-08-08,41.27840042114258,3290400
2017-08-09,40.676025390625,3388900
2017-08-10,40.31936264038086,2963400
2017-08-11,40.88210678100586,3803600
2017-08-14,40.49373245239258,4375500
2017-08-15,40.89002227783203,2946900
2017-08-16,40.57299041748047,3356800
2017-08-17,40.57299041748047,3383900
2017-08-18,40.55712890625,2100700
2017-08-21,40.55712890625,2229900
2017-08-22,40.905860900878906,1755900
2017-08-23,40.945499420166016,1875300
2017-08-24,40.596763610839844,5272800
2017-08-25,41.468624114990234,3897700
2017-08-28,41.32595443725586,3114400
2017-08-29,41.44484329223633,2537400
2017-08-30,41.777732849121094,3101200
2017-08-31,41.746028900146484,3134000
2017-09-01,41.983802795410156,1594100
2017-09-05,42.023433685302734,2141800
2017-09-06,41.93625259399414,2312700
2017-09-07,42.09476852416992,3028700
2017-09-08,41.94417953491211,1735800
2017-09-11,42.2374382019043,1440700
2017-09-12,41.888694763183594,3059400
2017-09-13,42.395965576171875,2579500
2017-09-14,41.75395965576172,3998000
2017-09-15,42.53069305419922,5034100
2017-09-18,42.74470520019531,3480500
2017-09-19,42.73677062988281,2354500
2017-09-20,43.10929870605469,2924000
2017-09-21,42.69715118408203,2064000
2017-09-22,42.300846099853516,2382000
2017-09-25,42.871517181396484,2370000
2017-09-26,42.88737487792969,2004900
2017-09-27,42.90322494506836,2228400
2017-09-28,42.839820861816406,2017600
2017-09-29,42.760562896728516,1807800
2017-10-02,42.784324645996094,1617300
2017-10-03,42.594112396240234,1476500
2017-10-04,42.99040603637695,2040200
2017-10-05,43.29343795776367,1647900
2017-10-06,43.24559783935547,1622800
2017-10-09,43.03826141357422,2716100
2017-10-10,43.00636291503906,1835000
2017-10-11,42.88673400878906,2066000
2017-10-12,43.28544235229492,1406800
2017-10-13,43.42102813720703,1333100
2017-10-16,43.66025924682617,1390100
2017-10-17,43.72406005859375,1329700
2017-10-18,43.75595474243164,1627300
2017-10-19,43.65229415893555,1933200
2017-10-20,43.771888732910156,1965700
2017-10-23,43.819759368896484,1447800
2017-10-24,43.65229415893555,1511300
2017-10-25,43.500770568847656,1902500
2017-10-26,43.74798583984375,1778300
2017-10-27,43.70012664794922,1773900
2017-10-30,43.6124153137207,2615300
2017-10-31,44.35404586791992,2933000
2017-11-01,44.30619812011719,2734100
2017-11-02,44.52948760986328,2019900
2017-11-03,45.18338394165039,4343600
2017-11-06,43.19773864746094,5300200
2017-11-07,41.93776321411133,4523600
2017-11-08,43.04622268676758,3613300
2017-11-09,43.078125,2627300
2017-11-10,43.21369171142578,1717900
2017-11-13,43.078125,2258500
2017-11-14,43.80379867553711,1931500
2017-11-15,43.14191818237305,1927900
2017-11-16,43.44495391845703,2002900
2017-11-17,43.771888732910156,2740900
2017-11-20,43.835689544677734,1737000
2017-11-21,43.580509185791016,1900000
2017-11-22,43.779876708984375,1216500
2017-11-24,43.795841217041016,621100
2017-11-27,43.987205505371094,1557900
2017-11-28,44.92022705078125,2317000
2017-11-29,46.012733459472656,3521700
2017-11-30,46.03665542602539,4420000
2017-12-01,46.07653045654297,2179000
2017-12-04,47.47206497192383,3382400
2017-12-05,47.27268981933594,3361400
2017-12-06,47.464088439941406,3402600
2017-12-07,48.57253646850586,3975700
2017-12-08,49.95212173461914,4431100
2017-12-11,49.42581558227539,2872900
2017-12-12,49.31416320800781,2543700
2017-12-13,49.13872528076172,2237600
2017-12-14,48.5645637512207,3086600
2017-12-15,48.60442352294922,5965600
2017-12-18,48.91544723510742,2454200
2017-12-19,48.66025924682617,2550200
2017-12-20,48.468868255615234,1596900
2017-12-21,48.317359924316406,1786400
2017-12-22,48.421024322509766,1627400
2017-12-26,48.452919006347656,969200
2017-12-27,48.532676696777344,1173800
2017-12-28,48.6921501159668,847000
2017-12-29,48.42899703979492,1111700
2018-01-02,48.2455940246582,2745700
2018-01-03,48.34925079345703,2537200
2018-01-04,48.806514739990234,3063400
2018-01-05,49.29587173461914,2640200
2018-01-08,49.40016174316406,2577400
2018-01-09,49.23971176147461,2388000
2018-01-10,49.21564483642578,3377100
2018-01-11,49.11135482788086,1744700
2018-01-12,49.23971176147461,3026100
2018-01-16,49.512474060058594,2438200
2018-01-17,49.89752960205078,1906800
2018-01-18,49.9135627746582,1897600
2018-01-19,50.70775604248047,2303900
2018-01-22,51.01258850097656,1647700
2018-01-23,50.81204605102539,1734300
2018-01-24,51.12490463256836,1907800
2018-01-25,51.33348083496094,1456700
2018-01-26,51.43777084350586,1446000
2018-01-29,50.852149963378906,1706000
2018-01-30,50.77995300292969,2078300
2018-01-31,50.43500900268555,4355200
2018-02-01,49.72905349731445,2517400
2018-02-02,49.07925796508789,4004200
2018-02-05,46.11109161376953,5834700
2018-02-06,47.84385681152344,4520600
2018-02-07,46.873191833496094,3559000
2018-02-08,45.72602081298828,3957600
2018-02-09,46.79296875,3106100
2018-02-12,46.632530212402344,3809400
2018-02-13,46.86516571044922,2106500
2018-02-14,46.80900573730469,2551300
2018-02-15,47.62726593017578,2078500
2018-02-16,48.132659912109375,2251800
2018-02-20,47.23418045043945,2477200
2018-02-21,46.969451904296875,1780100
2018-02-22,47.218143463134766,1565500
2018-02-23,47.8759651184082,1367100
2018-02-26,48.35726547241211,1823500
2018-02-27,48.012332916259766,2165000
2018-02-28,47.85188293457031,2724900
2018-03-01,47.699462890625,3148000
2018-03-02,47.85990524291992,2380300
2018-03-05,48.16474914550781,2553500
2018-03-06,48.83058166503906,2136500
2018-03-07,48.2369499206543,2315100
2018-03-08,48.5177116394043,2483300
2018-03-09,49.15948486328125,1562400
2018-03-12,48.549800872802734,1814100
2018-03-13,48.6942024230957,1545200
2018-03-14,48.03638458251953,6084500
2018-03-15,47.63528823852539,3008000
2018-03-16,48.22892379760742,4533800
2018-03-19,48.277061462402344,4285200
2018-03-20,48.47761154174805,3001300
2018-03-21,48.373313903808594,4319000
2018-03-22,47.94813919067383,8655500
2018-03-23,47.5871467590332,3799600
2018-03-26,48.10056686401367,2900600
2018-03-27,47.619232177734375,3903200
2018-03-28,47.62726593017578,3276500
2018-03-29,48.10056686401367,2374900
2018-04-02,46.81702423095703,3255300
2018-04-03,47.68341827392578,2362000
2018-04-04,49.10333251953125,3631500
2018-04-05,48.66757583618164,3912000
2018-04-06,48.19147491455078,3295700
2018-04-09,48.29636764526367,3052200
2018-04-10,48.91773223876953,2688400
2018-04-11,48.8370246887207,1757100
2018-04-12,48.8289680480957,1686900
2018-04-13,48.756343841552734,2458500
2018-04-16,49.43418884277344,2821300
2018-04-17,50.43479919433594,2733300
2018-04-18,49.91028594970703,2653800
2018-04-19,49.69241714477539,2389700
2018-04-20,49.34541702270508,2640300
2018-04-23,49.49873352050781,1389500
2018-04-24,49.974853515625,1941100
2018-04-25,50.39447784423828,2146300
2018-04-26,50.79793167114258,2060800
2018-04-27,51.14493179321289,1469700
2018-04-30,50.46709060668945,2942300
2018-05-01,50.910919189453125,4113600
2018-05-02,50.684974670410156,4189200
2018-05-03,50.17658233642578,4349600
2018-05-04,50.26534652709961,9179300
2018-05-07,51.225624084472656,5174700
2018-05-08,50.62847900390625,4543700
2018-05-09,51.24177169799805,3301400
2018-05-10,50.62847900390625,2196100
2018-05-11,50.69303512573242,2490800
2018-05-14,50.75758743286133,2274600
2018-05-15,50.79793167114258,2985000
2018-05-16,51.120723724365234,2520300
2018-05-17,51.53227233886719,1911900
2018-05-18,51.274044036865234,2178200
2018-05-21,51.35474395751953,1418400
2018-05-22,51.39508056640625,1799300
2018-05-23,51.72594451904297,1496400
2018-05-24,52.1213493347168,1472200
2018-05-25,52.468326568603516,1934000
2018-05-29,52.5732536315918,1977700
2018-05-30,53.299495697021484,2428000
2018-05-31,52.47642135620117,2695000
2018-06-01,52.78305435180664,1796800
2018-06-04,53.049346923828125,1911200
2018-06-05,53.12198257446289,2693700
2018-06-06,53.08163070678711,1511900
2018-06-07,53.06548309326172,1685400
2018-06-08,53.38019943237305,1546400
2018-06-11,53.590023040771484,2476400
2018-06-12,53.43669509887695,3182700
2018-06-13,53.17039108276367,2437900
2018-06-14,53.64649963378906,2510900
2018-06-15,53.977352142333984,3680000
2018-06-18,53.8643913269043,2032300
2018-06-19,53.98542404174805,1129600
2018-06-20,54.40504455566406,1312900
2018-06-21,54.93764114379883,1797400
2018-06-22,54.703617095947266,2239400
2018-06-25,55.05867385864258,2164100
2018-06-26,55.04253387451172,1197200
2018-06-27,54.92150115966797,1492100
2018-06-28,55.15550231933594,2004800
2018-06-29,55.10709762573242,2008900
2018-07-02,54.84079360961914,1578700
2018-07-03,55.30883026123047,851800
2018-07-05,56.266075134277344,1667300
2018-07-06,56.28229904174805,1442100
2018-07-09,56.24171829223633,1695100
2018-07-10,56.5013313293457,1422400
2018-07-11,56.29851531982422,1769800
2018-07-12,56.65545654296875,1348100
2018-07-13,57.38556671142578,1552000
2018-07-16,57.182735443115234,1894500
2018-07-17,57.65325164794922,2104900
2018-07-18,57.04483413696289,2767600
2018-07-19,57.49910354614258,2577600
2018-07-20,57.596466064453125,1886800
2018-07-23,57.48289489746094,1574400
2018-07-24,56.971832275390625,2544600
2018-07-25,57.539676666259766,1781000
2018-07-26,58.1967658996582,1891100
2018-07-27,57.98587417602539,1793800
2018-07-30,54.083892822265625,8065400
2018-07-31,54.52195739746094,5212300
2018-08-01,54.40836715698242,3021100
2018-08-02,55.195255279541016,3220600
2018-08-03,55.62521743774414,1749800
2018-08-06,56.558101654052734,3598800
2018-08-07,56.420196533203125,2186500
2018-08-08,56.66355514526367,2088000
2018-08-09,56.8095817565918,1744700
2018-08-10,55.55219650268555,3870900
2018-08-13,59.016082763671875,8091200
2018-08-14,60.18425750732422,3969600
2018-08-15,60.752113342285156,3553400
2018-08-16,59.932769775390625,3430400
2018-08-17,60.703433990478516,5075300
2018-08-20,60.987361907958984,2841900
2018-08-21,60.33026885986328,2887700
2018-08-22,60.9062385559082,1810400
2018-08-23,61.011695861816406,2386300
2018-08-24,61.47409439086914,2928500
2018-08-27,60.46820068359375,2233300
2018-08-28,60.354610443115234,1972500
2018-08-29,60.17613983154297,2901300
2018-08-30,60.00577926635742,2079800
2018-08-31,60.695316314697266,1880600
2018-09-04,61.12525177001953,1925600
2018-09-05,60.84135437011719,3278200
2018-09-06,60.81699752807617,3722700
2018-09-07,60.597957611083984,3809500
2018-09-10,60.87379455566406,4904900
2018-09-11,60.8007698059082,3453800
2018-09-12,60.42760467529297,5501500
2018-09-13,59.705631256103516,3812200
2018-09-14,59.65694808959961,3520300
2018-09-17,59.61638259887695,2288000
2018-09-18,59.25947189331055,2590300
2018-09-19,59.15400314331055,1853700
2018-09-20,59.45417404174805,1641900
2018-09-21,59.19457244873047,3550900
2018-09-24,59.17832946777344,3670100
2018-09-25,59.26756286621094,1461000
2018-09-26,59.17024230957031,2413200
2018-09-27,59.08099365234375,1769900
2018-09-28,59.42169189453125,2159200
2018-10-01,59.24323272705078,2535000
2018-10-02,59.44602966308594,1560600
2018-10-03,58.902530670166016,2042200
2018-10-04,58.81283187866211,1374800
2018-10-05,58.72317123413086,2409900
2018-10-08,59.244937896728516,1553000
2018-10-09,58.5356559753418,2722800
2018-10-10,57.402442932128906,3131700
2018-10-11,55.837154388427734,3074700
2018-10-12,56.106178283691406,2169700
2018-10-15,56.22031021118164,1741600
2018-10-16,57.182334899902344,1516200
2018-10-17,57.377986907958984,1774800
2018-10-18,57.51659393310547,1600400
2018-10-19,57.9649772644043,2441800
2018-10-22,57.712249755859375,1755500
2018-10-23,58.29107666015625,2528600
2018-10-24,58.68241500854492,2742000
2018-10-25,58.4622802734375,2785200
2018-10-26,56.9051399230957,2334500
2018-10-29,57.32907485961914,2906400
2018-10-30,58.70686721801758,2599200
2018-10-31,58.15250015258789,2565300
2018-11-01,58.527503967285156,2479500
2018-11-02,58.119873046875,3201100
2018-11-05,52.6331787109375,9316400
2018-11-06,52.54350280761719,4382200
2018-11-07,54.174015045166016,3921200
2018-11-08,54.26369857788086,3106500
2018-11-09,54.46751022338867,3497800
2018-11-12,54.9240608215332,2977600
2018-11-13,54.50827407836914,2702500
2018-11-14,54.1903190612793,2689700
2018-11-15,53.98651123046875,2852200
2018-11-16,54.125099182128906,5857000
2018-11-19,53.82344055175781,3374400
2018-11-20,53.06526184082031,3210100
2018-11-21,52.567955017089844,3399500
2018-11-23,52.910362243652344,1583600
2018-11-26,52.910362243652344,2790000
2018-11-27,53.252784729003906,3808800
2018-11-28,54.50011444091797,4548200
2018-11-29,55.06264877319336,2625900
2018-11-30,54.94850540161133,6067800
2018-12-03,54.65502166748047,4039300
2018-12-04,53.91313171386719,5719300
2018-12-06,53.758235931396484,4944700
2018-12-07,53.00819396972656,2817100
2018-12-10,52.910362243652344,3014400
2018-12-11,53.23646545410156,2564500
2018-12-12,53.440284729003906,1809200
2018-12-13,53.79084777832031,2514600
2018-12-14,53.35874938964844,2856200
2018-12-17,52.34783172607422,2985400
2018-12-18,52.192928314208984,2825900
2018-12-19,51.76084518432617,2893600
2018-12-20,50.399356842041016,4475300
2018-12-21,49.641170501708984,7082200
2018-12-24,48.87482452392578,1467800
2018-12-26,49.918357849121094,5111400
2018-12-27,50.58687973022461,3334400
2018-12-28,50.774383544921875,2523700
2018-12-31,51.08418655395508,1947400
2019-01-02,50.58687973022461,2221600
2019-01-03,50.34895324707031,3554700
2019-01-04,50.74275207519531,3017100
2019-01-07,50.70172119140625,3021700
2019-01-08,51.505741119384766,2739500
2019-01-09,51.25961685180664,4280500
2019-01-10,51.899539947509766,2033100
2019-01-11,51.719051361083984,2151100
2019-01-14,51.64521026611328,3873600
2019-01-15,51.456512451171875,2415300
2019-01-16,51.070919036865234,2832500
2019-01-17,51.06271743774414,2910600
2019-01-18,51.4236946105957,2600300
2019-01-22,51.407283782958984,3277000
2019-01-23,51.59597396850586,3308600
2019-01-24,51.300628662109375,3109400
2019-01-25,50.882225036621094,2248500
2019-01-28,51.08732986450195,2233800
2019-01-29,50.90684127807617,2447000
2019-01-30,51.60420227050781,2756300
2019-01-31,52.383583068847656,6043800
2019-02-01,52.15386962890625,6437200
2019-02-04,54.672550201416016,9543900
2019-02-05,53.614219665527344,8140600
2019-02-06,53.59779357910156,5278700
2019-02-07,53.41730499267578,6167000
2019-02-08,54.31155776977539,6063100
2019-02-11,54.38541030883789,3605300
2019-02-12,54.91868209838867,4097900
2019-02-13,54.582298278808594,3369900
2019-02-14,54.606910705566406,2800100
2019-02-15,55.410926818847656,4517300
2019-02-19,54.97610855102539,3169800
2019-02-20,55.255043029785156,2774500
2019-02-21,55.164798736572266,1975700
2019-02-22,55.23863220214844,1942000
2019-02-25,55.181209564208984,2995100
2019-02-26,55.304256439208984,2625300
2019-02-27,55.058143615722656,2105500
2019-02-28,55.419132232666016,2546300
2019-03-01,55.443748474121094,2061600
2019-03-04,55.058143615722656,3198000
2019-03-05,54.623321533203125,2295600
2019-03-06,54.377197265625,1928700
2019-03-07,54.04081726074219,1686800
2019-03-08,53.966983795166016,2190200
2019-03-11,54.52486801147461,1955300
2019-03-12,54.295166015625,2800500
2019-03-13,54.516666412353516,2084000
2019-03-14,54.24591827392578,2253900
2019-03-15,54.36897659301758,7788600
2019-03-18,54.52486801147461,2387600
2019-03-19,54.295166015625,2730800
2019-03-20,53.66343688964844,1878500
2019-03-21,54.07365036010742,1948000
2019-03-22,53.786495208740234,1668800
2019-03-25,54.31155776977539,3695600
2019-03-26,54.377197265625,2638000
2019-03-27,53.852142333984375,2266600
2019-03-28,54.36078643798828,1737000
2019-03-29,54.77101135253906,2309500
2019-04-01,54.78740692138672,1774100
2019-04-02,54.4182243347168,1859700
2019-04-03,54.533084869384766,1845800
2019-04-04,55.17678451538086,2490500
2019-04-05,55.4078483581543,1781700
2019-04-08,55.490379333496094,3677100
2019-04-09,55.2592887878418,1367000
2019-04-10,55.6389274597168,1533600
2019-04-11,56.21660614013672,1963500
2019-04-12,56.95107650756836,2615700
2019-04-15,57.462738037109375,3194500
2019-04-16,57.85061264038086,2143000
2019-04-17,58.29624938964844,2548000
2019-04-18,58.585105895996094,2410500
2019-04-22,58.24672317504883,2023400
2019-04-23,58.09818649291992,2020000
2019-04-24,57.82585144042969,2588900
2019-04-25,57.248172760009766,1473100
2019-04-26,57.025360107421875,1715100
2019-04-29,57.5369987487793,2194800
2019-04-30,58.07344055175781,2444100
2019-05-01,57.74332046508789,2263600
2019-05-02,58.45305252075195,2516700
2019-05-03,58.19721221923828,3076500
2019-05-06,60.202579498291016,4149800
2019-05-07,60.161338806152344,2409600
2019-05-08,60.227359771728516,2559900
2019-05-09,60.6977653503418,2492900
2019-05-10,61.060855865478516,1905300
2019-05-13,60.54922103881836,2160200
2019-05-14,60.7637825012207,2068300
2019-05-15,60.986610412597656,1594500
2019-05-16,61.5972785949707,2923800
2019-05-17,61.83662033081055,2493600
2019-05-20,61.861358642578125,2041900
2019-05-21,62.29872512817383,1595200
2019-05-22,62.232723236083984,1525900
2019-05-23,61.63031005859375,1684100
2019-05-24,61.93565368652344,2137000
2019-05-28,61.52301788330078,2393400
2019-05-29,61.39096450805664,3038900
2019-05-30,61.498252868652344,2005500
2019-05-31,56.794281005859375,7696700
2019-06-03,56.90980911254883,3549900
2019-06-04,57.272945404052734,3979100
2019-06-05,58.46129608154297,3163900
2019-06-06,58.55208206176758,2299300
2019-06-07,59.005977630615234,2276900
2019-06-10,59.18753433227539,1350800
2019-06-11,60.04580307006836,2341000
2019-06-12,60.227359771728516,1294700
2019-06-13,59.84773635864258,1975800
2019-06-14,59.624916076660156,1614800
2019-06-17,59.286556243896484,1640700
2019-06-18,59.1545295715332,1382400
2019-06-19,58.667625427246094,2163100
2019-06-20,58.41178512573242,2292500
2019-06-21,58.30451583862305,3988300
2019-06-24,58.68412399291992,1863900
2019-06-25,59.17102813720703,1728500
2019-06-26,58.02392578125,1685800
2019-06-27,58.131202697753906,1618600
2019-06-28,58.362266540527344,2487000
2019-07-01,58.329254150390625,1747100
2019-07-02,58.939964294433594,1953000
2019-07-03,59.53741455078125,2171400
2019-07-05,59.53741455078125,1739800
2019-07-08,59.74485778808594,2359600
2019-07-09,59.32164764404297,3776700
2019-07-10,59.79464340209961,2020000
2019-07-11,59.72826385498047,1771100
2019-07-12,60.23442459106445,2197800
2019-07-15,60.441871643066406,1619000
2019-07-16,60.284217834472656,1647800
2019-07-17,59.53741455078125,2405100
2019-07-18,59.645259857177734,1637000
2019-07-19,58.798892974853516,1390000
2019-07-22,58.292728424072266,1575000
2019-07-23,58.226341247558594,2395900
2019-07-24,58.18484878540039,2124200
2019-07-25,58.19314193725586,1816800
2019-07-26,58.823795318603516,1505200
2019-07-29,58.043792724609375,2269900
2019-07-30,57.778236389160156,2200800
2019-07-31,56.898681640625,4220100
2019-08-01,57.19739532470703,4134100
2019-08-02,57.172515869140625,2641200
2019-08-05,55.71207809448242,8527900
2019-08-06,56.91525650024414,4876900
2019-08-07,57.97740173339844,2854600
2019-08-08,58.608028411865234,3855300
2019-08-09,58.07697296142578,4744800
2019-08-12,59.90251159667969,5190900
2019-08-13,60.87336349487305,3140400
2019-08-14,59.97719192504883,3144100
2019-08-15,59.95228958129883,2532600
2019-08-16,60.541439056396484,6745300
2019-08-19,61.07251739501953,2845700
2019-08-20,60.40869140625,2310200
2019-08-21,59.95228958129883,3049100
2019-08-22,60.815277099609375,2103200
2019-08-23,60.40869140625,2421000
2019-08-26,60.86506652832031,2038100
2019-08-27,61.29656982421875,3325600
2019-08-28,61.744651794433594,2334000
2019-08-29,61.81102752685547,2458800
2019-08-30,61.67826843261719,2124800
2019-09-03,61.794437408447266,1972600
2019-09-04,62.29230880737305,1981400
2019-09-05,61.71974563598633,2737800
2019-09-06,62.82337188720703,3098800
2019-09-09,63.653160095214844,3783900
2019-09-10,63.68634033203125,3164400
2019-09-11,63.951866149902344,2937600
2019-09-12,64.49126434326172,2355400
2019-09-13,64.95594024658203,2068200
2019-09-16,64.05146789550781,2711700
2019-09-17,65.0389175415039,3500300
2019-09-18,65.43721771240234,3148800
2019-09-19,65.04718780517578,2232300
2019-09-20,64.9227294921875,10313500
2019-09-23,65.30445098876953,2903500
2019-09-24,65.2297592163086,3167400
2019-09-25,65.32103729248047,2152500
2019-09-26,65.38740539550781,1708900
2019-09-27,65.44551849365234,1483900
2019-09-30,65.88530731201172,1854400
2019-10-01,65.85211181640625,1802900
2019-10-02,65.24636840820312,2026700
2019-10-03,65.00450897216797,2941200
2019-10-04,65.17131042480469,3930400
2019-10-07,65.22967529296875,1810900
2019-10-08,64.6876220703125,3954400
2019-10-09,65.17131042480469,2288600
2019-10-10,65.23802185058594,1483800
2019-10-11,65.77173614501953,2876300
2019-10-14,65.87179565429688,3729100
2019-10-15,65.94685363769531,1719700
2019-10-16,65.80508422851562,3409500
2019-10-17,66.05528259277344,1919000
2019-10-18,65.99689483642578,1495100
2019-10-21,66.26375579833984,1391600
2019-10-22,65.88013458251953,1623700
2019-10-23,65.7467041015625,1508000
2019-10-24,65.83843994140625,2891300
2019-10-25,66.02191162109375,1675700
2019-10-28,65.7634048461914,1666300
2019-10-29,65.97186279296875,2023500
2019-10-30,66.42220306396484,1351600
2019-10-31,66.60565948486328,3394100
2019-11-01,67.78148651123047,3590600
2019-11-04,67.38954162597656,3423300
2019-11-05,66.78077697753906,2766100
2019-11-06,67.59803771972656,2130700
2019-11-07,67.464599609375,1821000
2019-11-08,67.04764556884766,1753000
2019-11-11,66.83915710449219,1436800
2019-11-12,66.9642562866211,1314800
2019-11-13,67.73145294189453,1884500
2019-11-14,67.96495819091797,1868300
2019-11-15,68.05670166015625,3907100
2019-11-18,67.29782104492188,3514300
2019-11-19,66.9559097290039,2684700
2019-11-20,66.56396484375,2126500
2019-11-21,66.06359100341797,2451100
2019-11-22,65.93016052246094,1152300
2019-11-25,66.56396484375,2170200
2019-11-26,67.25613403320312,2716400
2019-11-27,67.59803771972656,1239700
2019-11-29,67.17273712158203,825200
2019-12-02,67.39789581298828,1807500
2019-12-03,67.79816436767578,2692600
2019-12-04,68.37357330322266,2266100
2019-12-05,69.19084167480469,2577600
2019-12-06,69.02403259277344,1656800
2019-12-09,69.32425689697266,1466600
2019-12-10,68.82390594482422,1852400
2019-12-11,69.11576843261719,1574400
2019-12-12,69.44100952148438,1543800
2019-12-13,69.66616821289062,1808900
2019-12-16,70.24159240722656,1429300
2019-12-17,70.16651916503906,2221400
2019-12-18,70.10814666748047,3406700
2019-12-19,70.45838928222656,2031400
2019-12-20,71.2506332397461,3299100
2019-12-23,71.1338882446289,1460600
2019-12-24,71.20056915283203,424900
2019-12-26,71.33399963378906,1045400
2019-12-27,71.50080871582031,1192200
2019-12-30,71.55083465576172,979900
2019-12-31,71.33399963378906,1530600
2020-01-02,70.9735336303711,2121900
2020-01-03,70.71363830566406,1759900
2020-01-06,70.62142944335938,1916800
2020-01-07,70.05137634277344,1701400
2020-01-08,70.86453247070312,2945900
2020-01-09,70.94839477539062,1914800
2020-01-10,71.19148254394531,1593600
2020-01-13,70.18550109863281,3467300
2020-01-14,69.07890319824219,2797700
2020-01-15,69.28848266601562,2806800
2020-01-16,69.29688262939453,2588300
2020-01-17,69.43099975585938,4796900
2020-01-21,69.77471160888672,2821400
2020-01-22,69.69927215576172,2410600
2020-01-23,70.07649230957031,1863100
2020-01-24,69.27172088623047,1902300
2020-01-27,69.02857971191406,1547000
2020-01-28,69.30524444580078,1557800
2020-01-29,68.65131378173828,1377900
2020-01-30,69.44776916503906,2051000
2020-01-31,68.86093139648438,2786000
2020-02-03,64.28360748291016,5033600
2020-02-04,62.92551040649414,5782000
2020-02-05,63.4620475769043,3465600
2020-02-06,64.23332214355469,2867200
2020-02-07,64.85369110107422,2903000
2020-02-10,64.51834869384766,2539100
2020-02-11,63.93988800048828,2287400
2020-02-12,64.93751525878906,2503700
2020-02-13,65.33988189697266,2382600
2020-02-14,65.5662841796875,1613600
2020-02-18,64.40936279296875,3264600
2020-02-19,63.881202697753906,1553100
2020-02-20,64.30876159667969,1398400
2020-02-21,64.58541870117188,1883500
2020-02-24,63.32789611816406,1951100
2020-02-25,62.07878494262695,3031200
2020-02-26,61.08955001831055,3585000
2020-02-27,58.41526794433594,4305100
2020-02-28,55.87510681152344,5831700
2020-03-02,58.41526794433594,5055000
2020-03-03,57.42601776123047,4131900
2020-03-04,59.228458404541016,3063900
2020-03-05,56.713436126708984,3987200
2020-03-06,56.12660598754883,3331300
2020-03-09,51.34808349609375,4898600
2020-03-10,52.328941345214844,4385700
2020-03-11,46.23423767089844,7360200
2020-03-12,36.47599792480469,9736200
2020-03-13,39.46046829223633,15153300
2020-03-16,31.64719009399414,10264200
2020-03-17,29.392070770263672,17467700
2020-03-18,26.189619064331055,26221600
2020-03-19,31.110645294189453,11766500
2020-03-20,29.6184139251709,13695300
2020-03-23,30.406452178955078,11719200
2020-03-24,32.6783447265625,10948100
2020-03-25,38.27003479003906,10269100
2020-03-26,44.8342170715332,10600600
2020-03-27,42.29405212402344,9237800
2020-03-30,38.85688018798828,7373500
2020-03-31,38.2532844543457,5556500
2020-04-01,35.10113525390625,7411600
2020-04-02,34.99095916748047,4878000
2020-04-03,33.47403335571289,6871400
2020-04-06,38.14344787597656,6654500
2020-04-07,39.041748046875,6634800
2020-04-08,40.041725158691406,5878200
2020-04-09,42.024749755859375,6390700
2020-04-13,39.87224197387695,3125500
2020-04-14,40.948490142822266,3717000
2020-04-15,39.06717300415039,4823600
2020-04-16,38.7620964050293,6002300
2020-04-17,42.63490295410156,8095300
2020-04-20,42.04169845581055,3801800
2020-04-21,41.60951232910156,6099900
2020-04-22,43.51624298095703,4984700
2020-04-23,42.16033172607422,8693900
2020-04-24,44.98233413696289,7246300
2020-04-27,46.541622161865234,7303200
2020-04-28,47.32127380371094,7775300
2020-04-29,49.660221099853516,5109800
2020-04-30,47.685672760009766,7067500
2020-05-01,44.711151123046875,3836900
2020-05-04,45.617916107177734,4510100
2020-05-05,42.82981872558594,7369700
2020-05-06,43.96539306640625,6033900
2020-05-07,44.304378509521484,4513300
2020-05-08,45.16029739379883,2470500
2020-05-11,43.8128662109375,3776700
2020-05-12,41.76203918457031,4616600
2020-05-13,39.567161560058594,5348100
2020-05-14,40.660362243652344,5468900
2020-05-15,40.35528564453125,7648800
2020-05-18,44.66029357910156,6195600
2020-05-19,43.54167556762695,3769800
2020-05-20,44.558616638183594,3562500
2020-05-21,44.473854064941406,3555100
2020-05-22,43.855228424072266,3537500
2020-05-26,46.702640533447266,4736800
2020-05-27,48.26194381713867,5737800
2020-05-28,47.414493560791016,4973700
2020-05-29,46.74501419067383,9024400
2020-06-01,48.456851959228516,3068200
2020-06-02,47.99923324584961,2869800
2020-06-03,50.083946228027344,3076400
2020-06-04,49.65176010131836,2880100
2020-06-05,52.194068908691406,6726900
2020-06-08,54.32963943481445,6450100
2020-06-09,52.024593353271484,5418700
2020-06-10,48.295833587646484,6988000
2020-06-11,45.22808837890625,6348400
2020-06-12,45.9823112487793,4364300
2020-06-15,46.50772476196289,4326600
2020-06-16,47.906009674072266,4707100
2020-06-17,46.16875457763672,2544100
2020-06-18,47.39754104614258,3470700
2020-06-19,45.9823112487793,5948500
2020-06-22,46.609432220458984,3270500
2020-06-23,49.389034271240234,7164200
2020-06-24,46.50772476196289,5383600
2020-06-25,46.609432220458984,2793400
2020-06-26,44.32132339477539,6824500
2020-06-29,46.11790084838867,2971100
2020-06-30,46.3212890625,4668300
2020-07-01,45.88550567626953,3393500
2020-07-02,46.1931266784668,4925000
2020-07-06,45.936763763427734,2530100
2020-07-07,45.30446243286133,2827100
2020-07-08,45.381370544433594,3457000
2020-07-09,43.561336517333984,3704200
2020-07-10,44.697784423828125,2442300
2020-07-13,44.808868408203125,3136800
2020-07-14,45.25318908691406,2607900
2020-07-15,47.37229537963867,2938300
2020-07-16,46.671627044677734,1944200
2020-07-17,46.2871208190918,1727500
2020-07-20,45.31300354003906,2727200
2020-07-21,46.757076263427734,2329000
2020-07-22,47.28684997558594,2289900
2020-07-23,46.94504928588867,2855000
2020-07-24,46.94504928588867,2070900
2020-07-27,46.13330078125,2373100
2020-07-28,45.714603424072266,1957800
2020-07-29,46.13330078125,2633000
2020-07-30,45.791507720947266,2101400
2020-07-31,45.1591911315918,3070000
2020-08-03,44.543975830078125,2901800
2020-08-04,46.235836029052734,3407900
2020-08-05,46.98780059814453,4392000
2020-08-06,48.19260025024414,3328400
2020-08-07,49.38887023925781,4447500
2020-08-10,51.35417175292969,4006000
2020-08-11,51.98647689819336,7641300
2020-08-12,51.01237487792969,3189700
2020-08-13,50.072452545166016,2320200
2020-08-14,50.87565994262695,3852700
2020-08-17,51.01237487792969,2656900
2020-08-18,50.918392181396484,2866400
2020-08-19,49.62812805175781,2321700
2020-08-20,49.49995040893555,2167800
2020-08-21,49.09834671020508,2599400
2020-08-24,50.85002517700195,2734500
2020-08-25,49.73067092895508,4052200
2020-08-26,49.13252258300781,4352200
2020-08-27,51.294349670410156,3195700
2020-08-28,52.88368225097656,2564100
2020-08-31,51.38835144042969,2428300
2020-09-01,51.35417175292969,2488800
2020-09-02,51.98647689819336,2049900
2020-09-03,51.58487319946289,2646700
2020-09-04,51.38835144042969,2228800
2020-09-08,50.82438278198242,2549500
2020-09-09,52.482078552246094,4225300
2020-09-10,52.789695739746094,3657800
2020-09-11,53.234031677246094,2861300
2020-09-14,55.1736946105957,2167400
2020-09-15,55.88290786743164,3150700
2020-09-16,58.318180084228516,5170500
2020-09-17,58.44633483886719,4434500
2020-09-18,57.78837585449219,4585800
2020-09-21,54.72936248779297,4036700
2020-09-22,54.70372009277344,2854600
2020-09-23,51.713050842285156,3427300
2020-09-24,52.60171127319336,2954200
2020-09-25,52.98622512817383,2543400
2020-09-28,52.849510192871094,2163400
2020-09-29,52.26845932006836,2135900
2020-09-30,53.16565704345703,2257100
2020-10-01,53.89726257324219,2034400
2020-10-02,54.37065505981445,1709300
2020-10-05,54.68911361694336,1704100
2020-10-06,55.66170120239258,3698600
2020-10-07,57.047447204589844,2066100
2020-10-08,58.390132904052734,2362300
2020-10-09,58.510643005371094,2594100
2020-10-12,58.080284118652344,2060800
2020-10-13,56.01460266113281,2313900
2020-10-14,57.58108139038086,2229000
2020-10-15,57.30563735961914,1970700
2020-10-16,56.61708450317383,2620700
2020-10-19,55.37766647338867,2333300
2020-10-20,55.58424377441406,1565800
2020-10-21,54.91289138793945,1495500
2020-10-22,56.126495361328125,1793000
2020-10-23,55.773597717285156,1717400
2020-10-26,52.33077621459961,3163100
2020-10-27,50.21345520019531,3537800
2020-10-28,47.157955169677734,4212400
2020-10-29,47.58831024169922,3873700
2020-10-30,47.60551834106445,4689900
2020-11-02,49.1375732421875,3665300
2020-11-03,51.85740280151367,4172100
2020-11-04,52.279136657714844,3185900
2020-11-05,52.356605529785156,3106200
2020-11-06,52.38243103027344,1627000
2020-11-09,61.17880630493164,8057900
2020-11-10,62.2116813659668,3917800
2020-11-11,58.9495964050293,3571200
2020-11-12,58.536468505859375,3006500
2020-11-13,61.57472610473633,3103800
2020-11-16,64.5269546508789,3843800
2020-11-17,63.890037536621094,2861400
2020-11-18,61.69524002075195,3601700
2020-11-19,61.96205139160156,3257200
2020-11-20,60.24925231933594,2912400
2020-11-23,61.37676239013672,2093400
2020-11-24,62.35799026489258,2318700
2020-11-25,61.69524002075195,2498200
2020-11-27,61.316532135009766,865300
2020-11-30,61.35957336425781,3650300
2020-12-01,63.20146560668945,3007500
2020-12-02,62.616172790527344,3102000
2020-12-03,64.27735137939453,3494400
2020-12-04,67.2381820678711,4305500
2020-12-07,65.30156707763672,2723800
2020-12-08,66.03317260742188,1746600
2020-12-09,65.7663803100586,2630200
2020-12-10,66.48075103759766,2750700
2020-12-11,65.31018829345703,4403300
2020-12-14,63.20146560668945,3452600
2020-12-15,63.95890808105469,2728700
2020-12-16,63.58879470825195,3116400
2020-12-17,64.07076263427734,2844500
2020-12-18,62.2116813659668,7618400
2020-12-21,62.375205993652344,4483600
2020-12-22,61.90178680419922,2173700
2020-12-23,62.7194709777832,1752900
2020-12-24,62.33214569091797,730200
2020-12-28,63.545745849609375,1975900
2020-12-29,62.6850471496582,1409000
2020-12-30,63.08098602294922,1108100
2020-12-31,63.91586685180664,1163700
2021-01-04,62.23748779296875,2497300
2021-01-05,62.63340377807617,1662600
2021-01-06,65.41350555419922,3641900
2021-01-07,65.4480972290039,4195100
2021-01-08,67.14514923095703,3682900
2021-01-11,67.14514923095703,3023800
2021-01-12,67.85513305664062,3281400
2021-01-13,65.92432403564453,2262000
2021-01-14,65.37884521484375,2659600
2021-01-15,65.4307861328125,2049700
2021-01-19,64.82471466064453,1772400
2021-01-20,66.6862564086914,2274600
2021-01-21,66.52174377441406,1988300
2021-01-22,65.10179138183594,1539100
2021-01-25,63.205623626708984,4094700
2021-01-26,64.21863555908203,2061100
2021-01-27,62.357093811035156,2671500
2021-01-28,64.20133209228516,1960100
2021-01-29,61.91553497314453,2685100
2021-02-01,61.96748733520508,2128900
2021-02-02,63.2315788269043,5352600
2021-02-03,66.1494369506836,4967700
2021-02-04,66.25334930419922,2419900
2021-02-05,66.73821258544922,1908200
2021-02-08,66.59967041015625,1412500
2021-02-09,65.98492431640625,1864900
2021-02-10,65.92432403564453,1461500
2021-02-11,65.99359130859375,1218900
2021-02-12,66.01089477539062,1207700
2021-02-16,66.14078521728516,2091600
2021-02-17,64.84203338623047,2094600
2021-02-18,64.87667083740234,1452700
2021-02-19,66.41783905029297,2005700
2021-02-22,68.1062240600586,2122300
2021-02-23,68.51314544677734,2304500
2021-02-24,70.11495208740234,3194800
2021-02-25,69.61276245117188,3596500
2021-02-26,68.94606018066406,3146000
2021-03-01,70.0543441772461,2284400
2021-03-02,69.29241180419922,2210800
2021-03-03,70.56517791748047,2525500
2021-03-04,68.76425170898438,2746800
2021-03-05,70.81625366210938,2231400
2021-03-08,70.73832702636719,2683100
2021-03-09,68.71228790283203,3654700
2021-03-10,70.33137512207031,2352100
2021-03-11,70.15821838378906,1921800
2021-03-12,72.21025848388672,1866500
2021-03-15,72.07170867919922,2304200
2021-03-16,69.6560287475586,2428800
2021-03-17,69.92445373535156,1643000
2021-03-18,68.24474334716797,1981600
2021-03-19,69.0066909790039,4882500
2021-03-22,68.05426025390625,2151900
2021-03-23,67.34427642822266,3149000
2021-03-24,67.23174285888672,1612800
2021-03-25,68.91144561767578,1685400
2021-03-26,69.81190490722656,1560700
2021-03-29,68.42657470703125,1563400
2021-03-30,69.17118072509766,2242900
2021-03-31,68.5616683959961,2080000
2021-04-01,67.90861511230469,2391600
2021-04-05,69.03185272216797,3052700
2021-04-06,70.74722290039062,1927800
2021-04-07,70.22476959228516,1522300
2021-04-08,70.18994140625,1178900
2021-04-09,70.40763854980469,1311100
2021-04-12,71.0258560180664,1079000
2021-04-13,70.07675170898438,1457100
2021-04-14,70.12028503417969,1216700
2021-04-15,70.16383361816406,1226600
2021-04-16,70.14640808105469,2057900
2021-04-19,70.59920501708984,1455900
2021-04-20,69.92872619628906,1906500
2021-04-21,71.74856567382812,1640700
2021-04-22,71.73114776611328,1634800
2021-04-23,71.95752716064453,1885600
2021-04-26,71.64407348632812,1540400
2021-04-27,72.52352142333984,1862300
2021-04-28,72.47996520996094,1380000
2021-04-29,73.28975677490234,1438500
2021-04-30,73.77737426757812,1871700
2021-05-03,73.17656707763672,2397300
2021-05-04,72.42774963378906,3169100
2021-05-05,72.30582427978516,2061200
2021-05-06,74.34335327148438,3141600
2021-05-07,75.10960388183594,2327300
2021-05-10,74.56973266601562,1618800
2021-05-11,73.12432861328125,1942500
2021-05-12,71.15646362304688,2253300
2021-05-13,72.37548065185547,1466900
2021-05-14,73.14173889160156,1482000
2021-05-17,73.25492095947266,1363200
2021-05-18,72.19264221191406,1834600
2021-05-19,70.65143585205078,1962000
2021-05-20,69.80681610107422,5446700
2021-05-21,70.1028823852539,4025500
2021-05-24,69.98095703125,2684100
2021-05-25,70.9736099243164,2550400
2021-05-26,70.60791015625,2836600
2021-05-27,70.04192352294922,3801200
2021-05-28,70.52952575683594,1655600
2021-06-01,70.92134857177734,1494400
2021-06-02,70.25090026855469,2555900
2021-06-03,69.91131591796875,2310200
2021-06-04,69.31920623779297,1962500
2021-06-07,69.51077270507812,2525200
2021-06-08,69.92872619628906,3153600
2021-06-09,69.1885986328125,1863900
2021-06-10,68.72710418701172,1805000
2021-06-11,69.54560089111328,1600600
2021-06-14,69.13636779785156,1374000
2021-06-15,68.97962188720703,1434800
2021-06-16,67.42969512939453,1872400
2021-06-17,66.21068572998047,2107200
2021-06-18,65.0526351928711,4668600
2021-06-21,67.36006164550781,3017300
2021-06-22,67.15980529785156,2654800
2021-06-23,67.28170013427734,1225400
2021-06-24,67.24687957763672,1592100
2021-06-25,67.0814208984375,3911500
2021-06-28,66.36742401123047,3179900
2021-06-29,65.89720153808594,1793600
2021-06-30,67.69966125488281,2865900
2021-07-01,67.29667663574219,2581500
2021-07-02,67.09517669677734,2999500
2021-07-06,66.00013732910156,4453700
2021-07-07,65.57088470458984,2087000
2021-07-08,65.080322265625,2193200
2021-07-09,66.70095825195312,1601800
2021-07-12,65.90377807617188,2006000
2021-07-13,64.22179412841797,2181900
2021-07-14,64.14295959472656,1698600
2021-07-15,63.5910530090332,2476600
2021-07-16,62.706268310546875,2656400
2021-07-19,61.73388671875,4545400
2021-07-20,63.66114044189453,3652900
2021-07-21,64.18675994873047,2820900
2021-07-22,63.03915786743164,1893300
2021-07-23,63.83634948730469,1955800
2021-07-26,64.2305679321289,1302300
2021-07-27,64.46708679199219,2004300
2021-07-28,64.5196533203125,1544900
2021-07-29,65.77237701416016,2183500
2021-07-30,65.0014877319336,3047200
2021-08-02,64.10792541503906,1680000
2021-08-03,63.56476974487305,2677200
2021-08-04,62.855194091796875,2241500
2021-08-05,64.40576934814453,1978900
2021-08-06,64.75617218017578,2038100
2021-08-09,64.34445190429688,2619000
2021-08-10,68.5406265258789,4547500
2021-08-11,68.47057342529297,2437300
2021-08-12,69.01368713378906,2531900
2021-08-13,69.59186553955078,1945800
2021-08-16,69.49551391601562,2068300
2021-08-17,68.91732025146484,2109200
2021-08-18,67.40179443359375,1654500
2021-08-19,66.18411254882812,2956400
2021-08-20,67.27040100097656,1935900
2021-08-23,67.9449234008789,2652100
2021-08-24,68.724609375,2046400
2021-08-25,69.33782958984375,1796800
2021-08-26,69.22393035888672,1683000
2021-08-27,70.30146789550781,2760300
2021-08-30,69.1976547241211,1370400
2021-08-31,69.77583312988281,2441000
2021-09-01,69.1976547241211,1677200
2021-09-02,68.6457748413086,1464400
2021-09-03,67.76097106933594,1903400
2021-09-07,67.57703399658203,1662100
2021-09-08,66.93750762939453,1924300
2021-09-09,68.3041000366211,3111100
2021-09-10,67.06890106201172,2015400
2021-09-13,67.34046936035156,1602800
2021-09-14,66.3855972290039,1614600
2021-09-15,66.81485748291016,1509500
2021-09-16,67.2441177368164,1470400
2021-09-17,66.65715026855469,3756800
2021-09-20,66.70095825195312,2202300
2021-09-21,66.99006652832031,1795600
2021-09-22,68.06757354736328,2531000
2021-09-23,69.8984603881836,2788900
2021-09-24,70.50294494628906,4347400
2021-09-27,71.53665161132812,2426000
2021-09-28,70.69567108154297,1867900
2021-09-29,70.89715576171875,1954900
2021-09-30,69.17008972167969,2539200
2021-10-01,71.21437072753906,1848100
2021-10-04,71.7430648803711,2852500
2021-10-05,71.14388275146484,2480400
2021-10-06,71.46989440917969,1608600
2021-10-07,73.0207290649414,3015900
2021-10-08,73.44368743896484,4229300
2021-10-11,73.01191711425781,1463300
2021-10-12,73.18812561035156,1795000
2021-10-13,72.1131362915039,1603400
2021-10-14,72.45677947998047,1418000
2021-10-15,72.44796752929688,1791700
2021-10-18,71.63732147216797,1474100
2021-10-19,71.67257690429688,2066400
2021-10-20,70.33322143554688,2737600
2021-10-21,70.165771484375,1567100
2021-10-22,69.32870483398438,1418400
2021-10-25,68.7735824584961,1822800
2021-10-26,67.88362884521484,2681500
2021-10-27,67.3373031616211,1799800
2021-10-28,67.53117370605469,1375000
2021-10-29,67.76025390625,2769600
2021-11-01,69.0555648803711,1781100
2021-11-02,68.38587951660156,1523400
2021-11-03,68.18321990966797,1751100
2021-11-04,68.47398376464844,1839500
2021-11-05,71.64611053466797,2562100
2021-11-08,70.85310363769531,2710100
2021-11-09,70.1393814086914,3931200
2021-11-10,69.21416473388672,2572500
2021-11-11,68.35063171386719,1984700
2021-11-12,67.15226745605469,2039300
2021-11-15,67.34613037109375,1757500
2021-11-16,67.43424987792969,2872200
2021-11-17,66.66764068603516,2314900
2021-11-18,66.02439880371094,2408600
2021-11-19,65.35472869873047,3266400
2021-11-22,66.41212463378906,1880500
2021-11-23,67.41661071777344,2862400
2021-11-24,67.25802612304688,1684400
2021-11-26,64.08588409423828,2905200
2021-11-29,64.50001525878906,2489900
2021-11-30,61.71559524536133,4560000
2021-12-01,59.979736328125,4241500
2021-12-02,61.83895492553711,3153800
2021-12-03,61.66273498535156,2680100
2021-12-06,64.31497192382812,4385100
2021-12-07,64.25328826904297,2934600
2021-12-08,64.76436614990234,2424000
2021-12-09,65.09040069580078,2718000
2021-12-10,64.91416931152344,1622100
2021-12-13,64.65862274169922,3390400
2021-12-14,64.7820053100586,3534300
2021-12-15,65.70719146728516,3153500
2021-12-16,65.21375274658203,2670200
2021-12-17,63.53958511352539,7433900
2021-12-20,62.74654006958008,3357900
2021-12-21,65.63670349121094,3724900
2021-12-22,66.32398223876953,1950100
2021-12-23,67.53999328613281,2438900
2021-12-27,68.29777526855469,1412600
2021-12-28,69.0114974975586,1588300
2021-12-29,68.67665100097656,1122400
2021-12-30,68.72953796386719,719900
2021-12-31,69.21416473388672,1402700
2022-01-03,69.5666275024414,1951100
2022-01-04,71.26722717285156,2537000
2022-01-05,70.66805267333984,2825600
2022-01-06,70.6148681640625,2006500
2022-01-07,71.31510162353516,3688100
2022-01-10,70.29578399658203,2610100
2022-01-11,69.51582336425781,2772300
2022-01-12,69.30308532714844,3320200
2022-01-13,71.27963256835938,2372900
2022-01-14,70.72122955322266,2334500
2022-01-18,69.95011138916016,2573100
2022-01-19,68.85990905761719,2005900
2022-01-20,69.1612777709961,3066400
2022-01-21,68.61175537109375,3234100
2022-01-24,68.3990249633789,3126500
2022-01-25,68.31037902832031,2585800
2022-01-26,68.30152130126953,2659000
2022-01-27,67.94698333740234,2228700
2022-01-28,68.80673217773438,2305000
2022-01-31,69.26764678955078,2215200
2022-02-01,70.4287338256836,2457100
2022-02-02,70.89849853515625,2297400
2022-02-03,70.22486877441406,1634800
2022-02-04,69.80830383300781,1805700
2022-02-07,70.83645629882812,2836400
2022-02-08,72.09506225585938,5428100
2022-02-09,72.13938903808594,4061200
2022-02-10,73.51322174072266,2852700
2022-02-11,73.18526458740234,2677500
2022-02-14,72.67118072509766,3162000
2022-02-15,74.76294708251953,2427400
2022-02-16,75.84429931640625,2594600
2022-02-17,74.68319702148438,2193800
2022-02-18,74.05388641357422,2034100
2022-02-22,74.66545104980469,2214100
2022-02-23,74.53250122070312,2682300
2022-02-24,75.30361938476562,3450600
2022-02-25,77.33333587646484,2444100
2022-02-28,77.20039367675781,2798800
2022-03-01,76.35836791992188,2570200
2022-03-02,78.3260498046875,3393500
2022-03-03,77.18264770507812,2011000
2022-03-04,75.30361938476562,3960900
2022-03-07,68.91311645507812,5409500
2022-03-08,66.75041961669922,6094400
2022-03-09,70.69465637207031,3307300
2022-03-10,70.8896484375,2338800
2022-03-11,68.97512817382812,1768600
2022-03-14,68.03563690185547,1737500
2022-03-15,68.94855499267578,2113500
2022-03-16,70.97827911376953,2381100
2022-03-17,70.685791015625,2082100
2022-03-18,72.00643920898438,4020200
2022-03-21,71.57212829589844,2087000
2022-03-22,71.89120483398438,1755500
2022-03-23,71.28849029541016,1976600
2022-03-24,72.26348114013672,1350600
2022-03-25,71.71395111083984,1297200
2022-03-28,71.74053192138672,1244400
2022-03-29,73.65501403808594,1810000
2022-03-30,73.55752563476562,2903800
2022-03-31,72.78203582763672,2229300
2022-04-01,73.45948028564453,2725500
2022-04-04,73.87841796875,2389900
2022-04-05,73.53968811035156,1774500
2022-04-06,74.02105712890625,2278100
2022-04-07,74.59154510498047,3071200
2022-04-08,76.27628326416016,3078000
2022-04-11,75.50968170166016,2910800
2022-04-12,75.38489532470703,2772400
2022-04-13,77.25679779052734,1921300
2022-04-14,76.90023803710938,1593500
2022-04-18,76.57933807373047,1633500
2022-04-19,78.53147888183594,1954300
2022-04-20,79.42289733886719,1797100
2022-04-21,79.99337768554688,3290600
2022-04-22,79.15546417236328,2367600
2022-04-25,79.99337768554688,2360800
2022-04-26,78.13036346435547,1881600
2022-04-27,78.19277954101562,2116800
2022-04-28,78.72758483886719,1844000
2022-04-29,76.19602966308594,3457000
2022-05-02,75.8929672241211,2545900
2022-05-03,76.44564056396484,2299400
2022-05-04,76.83782958984375,3093600
2022-05-05,74.5469741821289,2732700
2022-05-06,73.52191162109375,2389300
2022-05-09,72.27391815185547,3430900
2022-05-10,76.70415496826172,6798900
2022-05-11,74.93026733398438,4074800
2022-05-12,73.63775634765625,2663800
2022-05-13,75.52749633789062,2017100
2022-05-16,75.35813903808594,1419700
2022-05-17,76.58826446533203,1490700
2022-05-18,71.9441146850586,1983300
2022-05-19,70.49114990234375,2667000
2022-05-20,68.61923217773438,3277400
2022-05-23,70.05436706542969,1612400
2022-05-24,68.73509979248047,2749600
2022-05-25,70.54463958740234,2323600
2022-05-26,73.84276580810547,2635200
2022-05-27,75.3046646118164,1927000
2022-05-31,75.0372314453125,2564700
2022-06-01,74.208251953125,1923500
2022-06-02,75.16204071044922,1461900
2022-06-03,75.09965515136719,1536600
2022-06-06,75.51860046386719,1092500
2022-06-07,75.8662338256836,1229000
2022-06-08,75.91081237792969,1843800
2022-06-09,73.53077697753906,1446200
2022-06-10,73.01377868652344,2083900
2022-06-13,71.06166076660156,1999600
2022-06-14,71.4360122680664,2179600
2022-06-15,72.00650787353516,1662900
2022-06-16,69.92066955566406,2064800
2022-06-17,70.21480560302734,4620700
2022-06-21,71.3736343383789,1814700
2022-06-22,69.79586029052734,2405500
2022-06-23,72.05107879638672,2233300
2022-06-24,76.27628326416016,2761500
2022-06-27,76.74871063232422,2416900
2022-06-28,75.81275177001953,1906200
2022-06-29,76.03559112548828,2425500
2022-06-30,75.94593811035156,2443500
2022-07-01,77.38936614990234,2649900
2022-07-05,76.38523864746094,3203900
2022-07-06,76.04456329345703,3259600
2022-07-07,77.1473159790039,2703400
2022-07-08,77.23696899414062,1962600
2022-07-11,77.40729522705078,1414800
2022-07-12,77.4521255493164,1537700
2022-07-13,77.34453582763672,1503200
2022-07-14,77.76592254638672,1586300
2022-07-15,78.55487060546875,1846500
2022-07-18,77.41627502441406,2504600
2022-07-19,78.32178497314453,2741000
2022-07-20,79.10176086425781,2009700
2022-07-21,77.92729949951172,2569700
2022-07-22,77.87350463867188,2343200
2022-07-25,78.77005767822266,1496200
2022-07-26,77.26387023925781,2714200
2022-07-27,77.43418884277344,3168400
2022-07-28,78.25006103515625,2669400
2022-07-29,76.11629486083984,4015300
2022-08-01,77.10247802734375,2862100
2022-08-02,76.57352447509766,2314500
2022-08-03,77.46111297607422,2126200
2022-08-04,77.36248016357422,1791800
2022-08-05,77.32660675048828,1829200
2022-08-08,77.76592254638672,2368800
2022-08-09,73.82112884521484,3609100
2022-08-10,73.26528930664062,3312800
2022-08-11,73.74942779541016,2227100
2022-08-12,75.99972534179688,3205300
2022-08-15,76.34940338134766,1854300
2022-08-16,77.37145233154297,1947100
2022-08-17,76.71697235107422,1738600
2022-08-18,77.38936614990234,1299900
2022-08-19,77.71212768554688,2052000
2022-08-22,76.08939361572266,1580400
2022-08-23,76.45697784423828,1649500
2022-08-24,77.1473159790039,1503000
2022-08-25,77.4521255493164,1683700
2022-08-26,74.9776611328125,1916700
2022-08-29,74.48458099365234,1615500
2022-08-30,74.05426025390625,1513900
2022-08-31,73.71356201171875,2131600
2022-09-01,73.38184356689453,2554700
2022-09-02,72.42254638671875,1882900
2022-09-06,72.10875701904297,2389800
2022-09-07,74.32322692871094,1921200
2022-09-08,74.44872283935547,1561400
2022-09-09,75.21076965332031,1567300
2022-09-12,75.52457427978516,1415300
2022-09-13,72.31494903564453,1483600
2022-09-14,71.19427490234375,2387400
2022-09-15,71.41841125488281,1527400
2022-09-16,70.10049438476562,2922300
2022-09-19,71.53498077392578,1521500
2022-09-20,71.3018569946289,1545400
2022-09-21,70.3335952758789,1934800
2022-09-22,69.37429809570312,3234800
2022-09-23,67.1688003540039,2274200
2022-09-26,66.0033187866211,2087900
2022-09-27,65.42951965332031,1746600
2022-09-28,66.12882995605469,2492800
2022-09-29,64.08473205566406,2421300
2022-09-30,63.394386291503906,3073900
2022-10-03,64.631591796875,2628500
2022-10-04,67.24053192138672,3503600
2022-10-05,67.68881225585938,2639100
2022-10-06,66.11863708496094,2268700
2022-10-07,65.14404296875,2106100
2022-10-10,65.69451904296875,2259900
2022-10-11,66.29008483886719,2413600
2022-10-12,65.79377746582031,2385100
2022-10-13,67.2015151977539,2144400
2022-10-14,66.54277038574219,1932100
2022-10-17,68.20317840576172,2080000
2022-10-18,69.48456573486328,3246000
2022-10-19,69.8906478881836,3072300
2022-10-20,69.66505432128906,4385400
2022-10-21,72.23689270019531,2481800
2022-10-24,73.55438232421875,2947600
2022-10-25,74.46580505371094,2611900
2022-10-26,75.39527893066406,2770900
2022-10-27,75.57575988769531,3035000
2022-10-28,77.5881118774414,2767500
2022-10-31,78.11149597167969,4793900
2022-11-01,75.900634765625,4799600
2022-11-02,73.50023651123047,4634500
2022-11-03,73.31975555419922,2557200
2022-11-04,74.22216796875,3976300
2022-11-07,75.09749603271484,2497700
2022-11-08,75.27796173095703,2180900
2022-11-09,74.86286163330078,2494100
2022-11-10,76.0179214477539,3298300
2022-11-11,76.2254867553711,3500400
2022-11-14,76.37887573242188,3483800
2022-11-15,75.30503845214844,2436000
2022-11-16,76.08110809326172,1361000
2022-11-17,75.8916015625,1328600
2022-11-18,76.75791931152344,2396500
2022-11-21,76.91129302978516,2184400
2022-11-22,77.7956771850586,1408500
2022-11-23,77.66028594970703,1034800
2022-11-25,78.0122299194336,615400
2022-11-28,77.54297637939453,2645500
2022-11-29,76.78496551513672,1632200
2022-11-30,78.06636810302734,2932400
2022-12-01,77.64224243164062,1994300
2022-12-02,77.00154113769531,1398600
2022-12-05,76.82105255126953,1272000
2022-12-06,76.03598022460938,1113700
2022-12-07,75.97281646728516,1450400
2022-12-08,75.72013854980469,1719600
2022-12-09,74.2041244506836,1767800
2022-12-12,75.01626586914062,1853100
2022-12-13,74.45679473876953,2505700
2022-12-14,74.12289428710938,1857400
2022-12-15,70.64866638183594,3778500
2022-12-16,71.0006103515625,4403400
2022-12-19,70.30574798583984,2799100
2022-12-20,70.63965606689453,1890800
2022-12-21,69.61091613769531,3313200
2022-12-22,69.68310546875,1769700
2022-12-23,70.46819305419922,1094600
2022-12-27,70.35989379882812,2213800
2022-12-28,69.47555541992188,2655600
2022-12-29,69.3401870727539,1555300
2022-12-30,68.98825073242188,2006300
2023-01-03,68.57315063476562,2002500
2023-01-04,69.19580078125,2438700
2023-01-05,69.26844787597656,2092900
2023-01-06,71.4844741821289,1909600
2023-01-09,71.92948150634766,2678900
2023-01-10,72.61970520019531,2150900
2023-01-11,73.20097351074219,1714200
2023-01-12,72.88311767578125,2215400
2023-01-13,72.95578002929688,1827000
2023-01-17,72.53797149658203,2021900
2023-01-18,70.20391082763672,2292500
2023-01-19,69.90420532226562,2036100
2023-01-20,70.68525695800781,2494000
2023-01-23,71.97489929199219,1835700
2023-01-24,70.93955993652344,2291600
2023-01-25,71.88407897949219,2192000
2023-01-26,71.14844512939453,1805500
2023-01-27,70.73975372314453,2477100
2023-01-30,70.93047332763672,4297500
2023-01-31,70.3492202758789,9251600
2023-02-01,70.7669906616211,4641000
2023-02-02,70.04952239990234,3885400
2023-02-03,69.67716217041016,3302700
2023-02-06,69.8497085571289,3143500
2023-02-07,70.16759490966797,2544000
2023-02-08,69.22306060791016,2785500
2023-02-09,69.44102478027344,1980800
2023-02-10,70.45820617675781,1787200
2023-02-13,71.04855346679688,1545900
2023-02-14,70.63985443115234,1483500
2023-02-15,70.27655792236328,1838700
2023-02-16,70.35830688476562,1457100
2023-02-17,71.4844741821289,1884700
2023-02-21,69.7588882446289,2320400
2023-02-22,70.35830688476562,1787800
2023-02-23,69.52275848388672,1673900
2023-02-24,68.86886596679688,1844200
2023-02-27,68.75080108642578,1247400
2023-02-28,67.72453308105469,2864800
2023-03-01,68.19679260253906,1900800
2023-03-02,68.61457061767578,1656200
2023-03-03,69.25939178466797,1602300
2023-03-06,69.34113311767578,1760500
2023-03-07,68.67814636230469,1410700
2023-03-08,67.96971893310547,2249700
2023-03-09,67.48839569091797,1803500
2023-03-10,66.41671752929688,1804500
2023-03-13,67.07062530517578,2627500
2023-03-14,67.80626678466797,2485600
2023-03-15,68.09687042236328,2886600
2023-03-16,67.66094970703125,2755100
2023-03-17,66.2441635131836,5389300
2023-03-20,67.28858184814453,2189800
2023-03-21,68.29668426513672,2243600
2023-03-22,67.2613525390625,1604400
2023-03-23,66.50753784179688,2007300
2023-03-24,67.7880859375,1907500
2023-03-27,69.05958557128906,2337700
2023-03-28,69.35020446777344,1997000
2023-03-29,70.28564453125,2464900
2023-03-30,69.87696075439453,1611900
2023-03-31,70.1403579711914,2802100
2023-04-03,70.9849624633789,1504500
2023-04-04,70.60350799560547,1688200
2023-04-05,70.78630065917969,1863200
2023-04-06,70.62179565429688,2125500
2023-04-10,71.02394104003906,1519200
2023-04-11,71.5814437866211,1304400
2023-04-12,68.3917465209961,3844700
2023-04-13,68.23637390136719,4499800
2023-04-14,67.15789031982422,3038400
2023-04-17,68.80300903320312,2657500
2023-04-18,68.33689880371094,1411500
2023-04-19,68.3277587890625,2201000
2023-04-20,67.99871826171875,1434900
2023-04-21,69.05892181396484,2156500
2023-04-24,69.00408172607422,1221900
2023-04-25,68.51969146728516,1961800
2023-04-26,67.60570526123047,2545100
2023-04-27,68.62022399902344,1495200
2023-04-28,70.13740539550781,2717000
2023-05-01,70.21053314208984,3616300
2023-05-02,69.27828216552734,5818900
2023-05-03,68.8395767211914,3587500
2023-05-04,69.04979705810547,2757000
2023-05-05,70.1648178100586,1930200
2023-05-08,69.5341796875,1749000
2023-05-09,69.44280242919922,2061000
2023-05-10,67.07561492919922,3421200
2023-05-11,67.32239532470703,3154700
2023-05-12,68.21807098388672,2213600
2023-05-15,68.04443359375,2024400
2023-05-16,67.1030502319336,1666100
2023-05-17,66.99337768554688,1531300
2023-05-18,66.8928451538086,1967400
2023-05-19,66.83800506591797,3050100
2023-05-22,65.62244415283203,2510100
2023-05-23,64.70846557617188,3262200
2023-05-24,65.12889099121094,2669200
2023-05-25,64.44342803955078,3002100
2023-05-26,64.63536834716797,2352100
2023-05-30,63.53858947753906,2859000
2023-05-31,63.931610107421875,4130100
2023-06-01,65.14717102050781,3330900
2023-06-02,66.39016723632812,2011800
2023-06-05,66.29876708984375,2163300
2023-06-06,66.6003646850586,1576400
2023-06-07,66.43585968017578,2782600
2023-06-08,65.87834930419922,2519400
2023-06-09,66.29876708984375,1694300
2023-06-12,66.10684204101562,2165300
2023-06-13,66.49982452392578,3087200
2023-06-14,66.56381225585938,2063200
2023-06-15,67.08477783203125,2960900
2023-06-16,67.07561492919922,4398900
2023-06-20,66.24392700195312,1978100
2023-06-21,66.35359954833984,1673200
2023-06-22,66.93852996826172,1380400
2023-06-23,66.21649169921875,2640100
2023-06-26,66.14337921142578,3403900
2023-06-27,67.06647491455078,2443600
2023-06-28,66.6003646850586,1905900
2023-06-29,66.83800506591797,1767500
2023-06-30,67.81593322753906,2517600
2023-07-03,68.82129669189453,1386900
2023-07-05,67.8890380859375,2689800
2023-07-06,68.25711822509766,2624900
2023-07-07,68.39513397216797,2614100
2023-07-10,68.15589904785156,2106300
2023-07-11,68.08228302001953,2457100
2023-07-12,67.93506622314453,2122300
2023-07-13,67.43819427490234,2093300
2023-07-14,67.26334381103516,2136100
2023-07-17,67.5486068725586,1543000
2023-07-18,66.69286346435547,2616800
2023-07-19,68.22952270507812,2598700
2023-07-20,69.3428955078125,2032800
2023-07-21,69.1956787109375,2369200
2023-07-24,69.75696563720703,2517600
2023-07-25,69.49012756347656,2123500
2023-07-26,69.42571258544922,1725700
2023-07-27,69.47171020507812,2148900
2023-07-28,69.98701477050781,2597200
2023-07-31,70.21704864501953,5923700
2023-08-01,70.07902526855469,4859300
2023-08-02,69.59134674072266,2037100
2023-08-03,68.29393005371094,3089400
2023-08-04,67.89826965332031,2677200
2023-08-07,68.24791717529297,1396000
2023-08-08,67.27254486083984,1685100
2023-08-09,67.65901947021484,1826800
2023-08-10,66.3155746459961,2208800
2023-08-11,66.21437072753906,1778000
2023-08-14,65.2850112915039,2499500
2023-08-15,65.52424621582031,2230600
2023-08-16,66.32479858398438,2968900
2023-08-17,65.7542953491211,2009400
2023-08-18,65.76350402832031,4652500
2023-08-21,65.39542388916016,1703100
2023-08-22,64.59488677978516,2090600
2023-08-23,64.70531463623047,2801500
2023-08-24,64.31884765625,2676500
2023-08-25,64.1900405883789,2250200
2023-08-28,64.66851806640625,1786500
2023-08-29,64.85254669189453,1940300
2023-08-30,64.4936752319336,2202000
2023-08-31,64.08883666992188,2551400
2023-09-01,64.67771911621094,2007500
2023-09-05,63.1778678894043,3467200
2023-09-06,62.98462677001953,3112900
2023-09-07,63.63793182373047,2595700
2023-09-08,64.36485290527344,2496200
2023-09-11,64.56729888916016,2221700
2023-09-12,64.36485290527344,1859100
2023-09-13,64.32805633544922,1686800
2023-09-14,65.39542388916016,1704700
2023-09-15,65.34942626953125,4145900
2023-09-18,65.16539764404297,1785900
2023-09-19,64.88015747070312,1754600
2023-09-20,64.9537582397461,2054900
2023-09-21,63.96918487548828,2384400
2023-09-22,63.15024948120117,2339500
2023-09-25,63.29747772216797,1891300
2023-09-26,60.9418830871582,3073000
2023-09-27,60.003318786621094,3133700
2023-09-28,61.20872116088867,3222500
2023-09-29,60.77626037597656,2625300
2023-10-02,59.97572326660156,2450700
2023-10-03,59.14757537841797,2283800
2023-10-04,59.81009292602539,2650400
2023-10-05,59.02190017700195,2440500
2023-10-06,58.37279510498047,3282300
2023-10-09,58.81789016723633,2315200
2023-10-10,59.59680938720703,3065000
2023-10-11,59.42063903808594,2650900
2023-10-12,58.1317024230957,3412500
2023-10-13,58.660255432128906,2845600
2023-10-16,59.71736145019531,2248600
2023-10-17,60.14391326904297,2235600
2023-10-18,60.440650939941406,2356200
2023-10-19,60.885746002197266,2914700
2023-10-20,60.67247009277344,2841300
2023-10-23,60.273738861083984,2183800
2023-10-24,60.57046890258789,2292500
2023-10-25,60.959930419921875,2006200
2023-10-26,60.70956802368164,2156000
2023-10-27,59.800819396972656,2895000
2023-10-30,60.774478912353516,3971200
2023-10-31,61.6553955078125,6214700
2023-11-01,60.87647247314453,4885900
2023-11-02,60.87647247314453,3462300
2023-11-03,62.14686584472656,2330400
2023-11-06,61.96139907836914,2033500
2023-11-07,62.6475944519043,2402100
2023-11-08,62.1561279296875,3121100
2023-11-09,61.84086227416992,2397800
2023-11-10,62.44358444213867,1984800
2023-11-13,62.34159851074219,1821000
2023-11-14,63.955074310302734,3263900
2023-11-15,65.37382507324219,3940500
2023-11-16,65.53145599365234,3850700
2023-11-17,65.7354736328125,3271300
2023-11-20,66.08782958984375,3160400
2023-11-21,66.11565399169922,2568700
2023-11-22,66.79257202148438,2398800
2023-11-24,66.90384674072266,1023900
2023-11-27,66.67203521728516,2146500
2023-11-28,66.60712432861328,2267800
2023-11-29,66.49584197998047,2244900
2023-11-30,66.92239379882812,4219300
2023-12-01,67.50658416748047,2985600
2023-12-04,67.69204711914062,2963100
2023-12-05,67.88677215576172,2828000
2023-12-06,67.73841857910156,1935500
2023-12-07,68.78624725341797,2224600
2023-12-08,68.46170043945312,3689900
2023-12-11,68.5544204711914,2389200
2023-12-12,68.25768280029297,2063100
2023-12-13,69.86190032958984,4800100
2023-12-14,68.8047866821289,8326300
2023-12-15,68.1927719116211,6944200
2023-12-18,67.5622329711914,2727500
2023-12-19,67.97022247314453,2170700
2023-12-20,67.92386627197266,3242900
2023-12-21,68.18350982666016,2851600
2023-12-22,68.18350982666016,2247600
2023-12-26,67.998046875,1307800
2023-12-27,67.71986389160156,2190100
2023-12-28,67.7291259765625,1856700
2023-12-29,67.81258392333984,1912300
2024-01-02,69.00880432128906,3218700
2024-01-03,69.52806854248047,3766900
2024-01-04,70.12553405761719,3639100
2024-01-05,70.62029266357422,2740100
2024-01-08,70.58293914794922,3047300
2024-01-09,70.554931640625,2074600
2024-01-10,70.04150390625,3392300
2024-01-11,70.43357849121094,2456800
2024-01-12,70.7136459350586,2862300
2024-01-16,69.92015075683594,2428700
2024-01-17,69.7054443359375,2368300
2024-01-18,70.20021057128906,2926400
2024-01-19,70.20953369140625,2908300
2024-01-22,70.58293914794922,2772500
2024-01-23,70.49893188476562,3287400
2024-01-24,70.00416564941406,4243300
2024-01-25,70.26554107666016,3187200
2024-01-26,70.15351867675781,3096900
2024-01-29,70.17219543457031,3721600
2024-01-30,75.44654083251953,7413400
2024-01-31,75.54922485351562,7354200
2024-02-01,76.8841552734375,4367600
2024-02-02,76.06266784667969,3831400
2024-02-05,75.4652099609375,4134700
2024-02-06,75.0638198852539,2493400
2024-02-07,74.37300872802734,3461600
2024-02-08,74.04627990722656,4603600
2024-02-09,74.26100158691406,2198500
2024-02-12,74.71839904785156,2288500
2024-02-13,73.87823486328125,2355600
2024-02-14,73.74755859375,2282200
2024-02-15,74.10227966308594,3363500
2024-02-16,74.21430969238281,2168100
2024-02-20,73.81290435791016,2731600
2024-02-21,74.38233947753906,3094800
2024-02-22,75.09181213378906,3334200
2024-02-23,75.44654083251953,3057200
2024-02-26,75.4652099609375,2586700
2024-02-27,75.74526977539062,2340900
2024-02-28,75.3065185546875,2215500
2024-02-29,75.5865707397461,3926600
2024-03-01,74.64371490478516,2209200
2024-03-04,74.22364807128906,2310700
2024-03-05,74.28899383544922,2227700
2024-03-06,73.90625,2655500
2024-03-07,74.55970764160156,2846700
2024-03-08,75.2038345336914,2715900
2024-03-11,74.69973754882812,2435200
2024-03-12,74.80242919921875,1819600
2024-03-13,75.16650390625,2225900
2024-03-14,74.70906829833984,2655800
2024-03-15,75.53990936279297,5421100
2024-03-18,75.29718780517578,3287200
2024-03-19,75.92262268066406,2550200
2024-03-20,75.77328491210938,1748100
2024-03-21,76.21202087402344,2287900
2024-03-22,76.16535186767578,2002200
2024-03-25,75.5025634765625,2452400
2024-03-26,75.52122497558594,2017400
2024-03-27,76.4920883178711,1973100
2024-03-28,75.7826156616211,3203400
2024-04-01,75.21316528320312,2284200
2024-04-02,75.08248138427734,2289600
2024-04-03,74.63439178466797,2645300
2024-04-04,71.91016387939453,5211400
2024-04-05,72.02288055419922,3576100
2024-04-08,72.08865356445312,2466500
2024-04-09,72.81197357177734,2075400
2024-04-10,72.2953109741211,2098900
2024-04-11,71.928955078125,2063700
2024-04-12,70.68895721435547,2027500
2024-04-15,71.06472778320312,2106700
2024-04-16,71.23381042480469,2269800
2024-04-17,70.867431640625,2142500
2024-04-18,71.0553207397461,2184800
2024-04-19,72.0792465209961,2530100
2024-04-22,72.63349151611328,2600700
2024-04-23,72.2953109741211,2129600
2024-04-24,72.60531616210938,1765200
2024-04-25,72.39864349365234,2326700
2024-04-26,72.39864349365234,2072300
2024-04-29,72.53955841064453,3088500
2024-04-30,69.8153305053711,7972700
2024-05-01,68.62230682373047,4975000
2024-05-02,69.74957275390625,3087900
2024-05-03,70.79229736328125,2709700
2024-05-06,70.90502166748047,2567400
2024-05-07,71.21501159667969,3333300
2024-05-08,70.09716033935547,2943400
2024-05-09,70.59502410888672,2185800
2024-05-10,71.5531997680664,1793400
2024-05-13,70.98016357421875,2495400
2024-05-14,71.29017639160156,2299300
2024-05-15,71.36531829833984,1974600
2024-05-16,71.61895751953125,3626900
2024-05-17,71.30894470214844,3781600
2024-05-20,70.51046752929688,2206000
2024-05-21,70.75471496582031,2621700
2024-05-22,68.32170104980469,5922400
2024-05-23,68.4532241821289,3513300
2024-05-24,68.52837371826172,2249300
2024-05-28,68.07746124267578,4072200
2024-05-29,67.13809204101562,4139300
2024-05-30,67.30716705322266,2767600
2024-05-31,68.40625,6278700
2024-06-03,68.75382232666016,2807000
2024-06-04,68.29352569580078,2917800
2024-06-05,67.86139678955078,3224400
2024-06-06,68.25595092773438,2750300
2024-06-07,68.25595092773438,2223000
2024-06-10,67.87080383300781,2313900
2024-06-11,67.3729248046875,2574600
2024-06-12,66.81867980957031,2582000
2024-06-13,66.73413848876953,2449600
2024-06-14,66.40535736083984,2201500
2024-06-17,68.51898193359375,3777200
2024-06-18,68.27472686767578,4875600
2024-06-20,68.34049224853516,5447700
2024-06-21,68.90412139892578,8655300
2024-06-24,70.0595703125,4613900
2024-06-25,69.94684600830078,4569200
2024-06-26,67.89898681640625,3583200
2024-06-27,68.07746124267578,2393200
2024-06-28,67.06291961669922,15189200
2024-07-01,65.64444732666016,2456100
2024-07-02,66.3114013671875,2540000
2024-07-03,65.80415344238281,1781900
2024-07-05,66.00286865234375,2308700
2024-07-08,65.9177017211914,1673300
2024-07-09,65.44457244873047,2050400
2024-07-10,65.89876556396484,2314700
2024-07-11,67.83863067626953,3187500
2024-07-12,68.29283905029297,1854700
2024-07-15,67.94273376464844,1930400
2024-07-16,69.10665130615234,2685300
2024-07-17,71.01813507080078,3012800
2024-07-18,70.36520385742188,1993900
2024-07-19,69.66496276855469,2038500
2024-07-22,69.66496276855469,2320600
2024-07-23,69.24859619140625,2028300
2024-07-24,67.37496185302734,4224200
2024-07-25,68.24553680419922,3329000
2024-07-26,68.93633270263672,3196600
2024-07-29,69.32429504394531,3777900
2024-07-30,72.33345794677734,6630900
2024-07-31,72.53218078613281,6846700
2024-08-01,71.7373046875,2609000
2024-08-02,72.58895111083984,3313100
2024-08-05,70.61124420166016,4128400
2024-08-06,71.15062713623047,2727000
2024-08-07,71.20738983154297,3170300
2024-08-08,71.49128723144531,2672700
2024-08-09,71.56696319580078,2258800
2024-08-12,71.19792938232422,1657100
2024-08-13,71.3209457397461,2023700
2024-08-14,71.92655944824219,3134300
2024-08-15,71.68999481201172,2768200
2024-08-16,72.45646667480469,2197200
2024-08-19,72.77821350097656,2028200
2024-08-20,72.4281005859375,1409500
2024-08-21,72.98639678955078,1774500
2024-08-22,73.41221618652344,1808800
2024-08-23,73.01477813720703,2004900
2024-08-26,72.85391235351562,2246500
2024-08-27,72.1063461303711,2861800
2024-08-28,72.55110168457031,2519200
2024-08-29,73.36490631103516,2882700
2024-08-30,73.78125762939453,2346500
2024-09-03,74.06513977050781,2379100
2024-09-04,74.50989532470703,2330300
2024-09-05,74.73700714111328,4558200
2024-09-06,74.35850524902344,2155000
2024-09-09,74.1976318359375,2783100
2024-09-10,74.28279113769531,2783300
2024-09-11,72.11581420898438,4125100
2024-09-12,72.83497619628906,3308100
2024-09-13,72.4091567993164,3384500
2024-09-16,72.9769287109375,4535600
2024-09-17,73.60147094726562,3056300
2024-09-18,70.53553009033203,6904000
2024-09-19,70.15701293945312,5793400
2024-09-20,71.15062713623047,10651600
2024-09-23,72.0874252319336,4741200
2024-09-24,72.30506896972656,4512900
2024-09-25,72.63627624511719,3701100
2024-09-26,73.77180480957031,2950400
2024-09-27,73.4879150390625,4084000
2024-09-30,73.86642456054688,3355400
2024-10-01,73.5636215209961,4126300
2024-10-02,73.22296905517578,2664200
2024-10-03,72.04957580566406,3056700
2024-10-04,71.83998107910156,2791800
2024-10-07,71.19217681884766,2508500
2024-10-08,71.75425720214844,1628300
2024-10-09,71.07787322998047,2976600
2024-10-10,70.30622100830078,2946400
2024-10-11,70.8968505859375,4012000
2024-10-14,71.65898895263672,2743500
2024-10-15,71.98287963867188,3757000
2024-10-16,72.18294525146484,4676400
2024-10-17,71.81140899658203,1889000
2024-10-18,71.96383666992188,3048200
2024-10-21,71.17313385009766,2437700
2024-10-22,71.23028564453125,1917500
2024-10-23,71.09690856933594,2148100
2024-10-24,70.85875701904297,3539900
2024-10-25,70.42052459716797,2512500
2024-10-28,71.54466247558594,3446500
2024-10-29,70.65869140625,5900200
2024-10-30,70.73490142822266,4986600
2024-10-31,71.40176391601562,3574000
2024-11-01,71.47796630859375,2640700
2024-11-04,71.80188751220703,3185300
2024-11-05,72.7354965209961,2016100
2024-11-06,73.36424255371094,6023800
2024-11-07,73.23088073730469,2623900
2024-11-08,73.72626495361328,2237200
2024-11-11,74.25021362304688,2175000
2024-11-12,73.6310043334961,2363300
2024-11-13,73.03081512451172,2571600
2024-11-14,71.41130065917969,2841600
2024-11-15,71.40176391601562,2636600
2024-11-18,72.17342376708984,2877300
2024-11-19,70.87779998779297,2850900
2024-11-20,70.14425659179688,2724600
2024-11-21,71.5256118774414,3309700
2024-11-22,72.20201110839844,2472100
2024-11-25,73.24039459228516,2985800
2024-11-26,72.77359771728516,2710200
2024-11-27,73.02128601074219,1672600
2024-11-29,73.45950317382812,1533400
2024-12-02,72.65927124023438,2240900
2024-12-03,75.7268295288086,4943100
2024-12-04,76.56517791748047,3777400
2024-12-05,77.8989028930664,5859500
2024-12-06,76.90814208984375,4833300
2024-12-09,77.23204040527344,4357700
2024-12-10,76.9938735961914,3695500
2024-12-11,76.5461196899414,2101100
2024-12-12,75.98406219482422,1817300
2024-12-13,76.1745834350586,2509100
2024-12-16,75.49821472167969,1976400
2024-12-17,74.33596801757812,3239300
2024-12-18,73.43092346191406,3057900
2024-12-19,72.92601776123047,2551100
2024-12-20,73.32614135742188,7354000
2024-12-23,73.24993133544922,2545500
2024-12-24,73.85962677001953,903300
2024-12-26,73.65003204345703,1199700
2024-12-27,73.30709075927734,1279300
2024-12-30,72.74502563476562,1604600
2024-12-31,72.84028625488281,1133800
