date,close,volume
2014-01-02,30.520475387573242,6959200
2014-01-03,30.655004501342773,4693300
2014-01-06,30.40009117126465,4446300
2014-01-07,30.23721694946289,5078900
2014-01-08,30.655004501342773,6353500
2014-01-09,30.492149353027344,3383800
2014-01-10,30.527544021606445,5330900
2014-01-13,29.911481857299805,6759100
2014-01-14,30.690418243408203,6892700
2014-01-15,30.83204460144043,6605400
2014-01-16,30.711669921875,4086900
2014-01-17,30.7683162689209,6614200
2014-01-21,31.05156898498535,7413800
2014-01-22,31.589746475219727,9822000
2014-01-23,31.22150993347168,8236400
2014-01-24,30.41424560546875,10676700
2014-01-27,30.194721221923828,7360000
2014-01-28,30.378835678100586,6356100
2014-01-29,30.236221313476562,8619600
2014-01-30,30.44302749633789,6703000
2014-01-31,30.236221313476562,12821700
2014-02-03,29.59440803527832,12669400
2014-02-04,29.159414291381836,10529900
2014-02-05,29.216466903686523,9254300
2014-02-06,29.401878356933594,4734500
2014-02-07,29.915321350097656,6005000
2014-02-10,30.20769691467285,4666000
2014-02-11,30.75679588317871,7149900
2014-02-12,30.87801742553711,5041200
2014-02-13,31.19179916381836,5029100
2014-02-14,31.27737808227539,4907400
2014-02-18,31.384340286254883,5826100
2014-02-19,31.327287673950195,5346600
2014-02-20,31.51982879638672,5371100
2014-02-21,31.484182357788086,5669500
2014-02-24,31.698110580444336,5311800
2014-02-25,31.712373733520508,5303900
2014-02-26,31.826488494873047,4532100
2014-02-27,31.933429718017578,4343500
2014-02-28,32.06180953979492,5772900
2014-03-03,31.790807723999023,4679400
2014-03-04,32.27573013305664,5112200
2014-03-05,32.218692779541016,5094800
2014-03-06,32.57523727416992,4803100
2014-03-07,32.696475982666016,3872400
2014-03-10,32.71074676513672,3370300
2014-03-11,32.568115234375,4978200
2014-03-12,33.110084533691406,9523400
2014-03-13,32.08319091796875,9890400
2014-03-14,31.5982666015625,10047300
2014-03-17,32.28287887573242,5894500
2014-03-18,32.375579833984375,4093400
2014-03-19,32.461151123046875,5830900
2014-03-20,33.480918884277344,7694600
2014-03-21,33.62352752685547,21693300
2014-03-24,33.209922790527344,6884000
2014-03-25,33.29549026489258,6606500
2014-03-26,33.08156204223633,6824900
2014-03-27,32.86050033569336,4935700
2014-03-28,33.25983810424805,4329500
2014-03-31,33.63066482543945,4650500
2014-04-01,33.89451599121094,6467800
2014-04-02,33.95869827270508,5153900
2014-04-03,34.00862503051758,2626800
2014-04-04,33.0458984375,7418800
2014-04-07,32.98173141479492,7278000
2014-04-08,33.352542877197266,6590100
2014-04-09,33.687721252441406,4638900
2014-04-10,32.46828079223633,8497300
2014-04-11,32.07606887817383,8361500
2014-04-14,32.318519592285156,5175100
2014-04-15,32.6679573059082,6506100
2014-04-16,32.24008560180664,8908100
2014-04-17,32.682228088378906,6542500
2014-04-21,32.881900787353516,3000900
2014-04-22,33.22419357299805,4981400
2014-04-23,33.131473541259766,5865900
2014-04-24,34.56484603881836,13421500
2014-04-25,33.0458984375,12403800
2014-04-28,32.622432708740234,13496500
2014-04-29,33.10331726074219,7783900
2014-04-30,32.622432708740234,9909700
2014-05-01,32.464515686035156,9211400
2014-05-02,32.85927200317383,6002400
2014-05-05,32.81622314453125,3970900
2014-05-06,32.57217788696289,4431200
2014-05-07,32.715736389160156,4491500
2014-05-08,33.09614181518555,6113600
2014-05-09,32.90235900878906,5549800
2014-05-12,33.69908142089844,6529000
2014-05-13,33.117679595947266,8041500
2014-05-14,32.73727035522461,6239800
2014-05-15,32.22047424316406,8456000
2014-05-16,32.292259216308594,6593500
2014-05-19,32.73009490966797,4692100
2014-05-20,32.80904006958008,4440100
2014-05-21,32.76596450805664,3993300
2014-05-22,33.117679595947266,4279700
2014-05-23,33.196632385253906,3864500
2014-05-27,33.26841354370117,4594900
2014-05-28,33.34737014770508,3976400
2014-05-29,33.49092483520508,2975300
2014-05-30,33.720603942871094,4576100
2014-06-02,33.727783203125,3379700
2014-06-03,33.727783203125,3955200
2014-06-04,33.62728500366211,3497700
2014-06-05,34.02206802368164,4038200
2014-06-06,34.09384536743164,2965800
2014-06-09,34.36658477783203,4376700
2014-06-10,34.431182861328125,2697000
2014-06-11,34.51731872558594,3333300
2014-06-12,34.55320739746094,5782600
2014-06-13,34.68959426879883,4763500
2014-06-16,34.54603576660156,4473200
2014-06-17,34.639339447021484,3845300
2014-06-18,34.35941696166992,3973100
2014-06-19,34.38811492919922,5185400
2014-06-20,34.40966033935547,8463900
2014-06-23,34.51015090942383,3002500
2014-06-24,34.244564056396484,3732800
2014-06-25,34.4814453125,3645000
2014-06-26,34.3019905090332,3533000
2014-06-27,34.280460357666016,4105900
2014-06-30,34.3019905090332,3109800
2014-07-01,34.80442428588867,4714500
2014-07-02,34.818790435791016,2825500
2014-07-03,35.13460922241211,1689500
2014-07-07,35.11307144165039,2912700
2014-07-08,35.06283187866211,4789800
2014-07-09,35.371456146240234,4378200
2014-07-10,35.17049026489258,4907400
2014-07-11,35.37865447998047,4231400
2014-07-14,35.11307144165039,5171500
2014-07-15,34.92645263671875,5461600
2014-07-16,35.20637512207031,4894500
2014-07-17,34.560386657714844,5321300
2014-07-18,35.04130172729492,5178800
2014-07-21,35.292510986328125,7681800
2014-07-22,35.25663375854492,8210500
2014-07-23,34.59627151489258,12255400
2014-07-24,34.35223388671875,9868300
2014-07-25,33.60576248168945,9472100
2014-07-28,33.98617172241211,11324800
2014-07-29,33.7839241027832,6139700
2014-07-30,34.11619567871094,5408200
2014-07-31,33.40830612182617,8564900
2014-08-01,33.401084899902344,7316800
2014-08-04,33.509437561035156,5327100
2014-08-05,33.22050476074219,7867500
2014-08-06,33.35052490234375,4940900
2014-08-07,32.989349365234375,6689400
2014-08-08,33.466094970703125,4992300
2014-08-11,33.58889389038086,3393300
2014-08-12,33.71168518066406,3788200
2014-08-13,34.00785446166992,5457800
2014-08-14,34.13786697387695,2550700
2014-08-15,34.35457229614258,5854100
2014-08-18,34.35457229614258,3806300
2014-08-19,34.44847106933594,3092200
2014-08-20,34.585716247558594,5266400
2014-08-21,34.795204162597656,3698600
2014-08-22,34.68684387207031,3196900
2014-08-25,34.21731948852539,4986900
2014-08-26,34.303993225097656,4560400
2014-08-27,34.51347732543945,4945900
2014-08-28,34.68684387207031,3427300
2014-08-29,34.80241775512695,3433000
2014-09-02,34.607391357421875,3321300
2014-09-03,34.92521667480469,3884300
2014-09-04,34.852989196777344,3480200
2014-09-05,35.091365814208984,3648600
2014-09-08,35.02635192871094,3975400
2014-09-09,34.87465286254883,3153700
2014-09-10,34.665191650390625,5503700
2014-09-11,34.78075408935547,3165900
2014-09-12,34.54960250854492,4838300
2014-09-15,34.376251220703125,3238700
2014-09-16,34.61460876464844,5499600
2014-09-17,34.939666748046875,3854700
2014-09-18,35.38029861450195,3778500
2014-09-19,35.214149475097656,12560600
2014-09-22,35.149147033691406,5756500
2014-09-23,35.149147033691406,5646900
2014-09-24,35.25750732421875,5125600
2014-09-25,34.773521423339844,5297300
2014-09-26,34.91078567504883,3601700
2014-09-29,34.86020278930664,3160800
2014-09-30,34.44847106933594,6431700
2014-10-01,33.863372802734375,7854600
2014-10-02,33.83448791503906,5616100
2014-10-03,33.82003402709961,5889900
2014-10-06,33.682796478271484,4733500
2014-10-07,33.234954833984375,8099700
2014-10-08,33.906715393066406,8036300
2014-10-09,33.24216842651367,8886100
2014-10-10,30.87288475036621,33229600
2014-10-13,30.287790298461914,15196200
2014-10-14,30.562274932861328,9357400
2014-10-15,30.887331008911133,14593100
2014-10-16,31.486875534057617,11352100
2014-10-17,31.54465675354004,12992200
2014-10-20,32.079193115234375,9502200
2014-10-21,33.7839241027832,15036700
2014-10-22,33.67556381225586,11651100
2014-10-23,33.95006561279297,7005900
2014-10-24,34.36180114746094,5606900
2014-10-27,34.636287689208984,7576300
2014-10-28,35.0335693359375,6328700
2014-10-29,35.157249450683594,8163900
2014-10-30,34.57528305053711,11485300
2014-10-31,36.12472152709961,14551100
2014-11-03,36.43026351928711,6921500
2014-11-04,36.66304016113281,6285500
2014-11-05,37.19407653808594,5302600
2014-11-06,37.03403091430664,6300700
2014-11-07,37.02676010131836,4927500
2014-11-10,37.506874084472656,4528100
2014-11-11,37.332275390625,4269300
2014-11-12,37.303184509277344,4093000
2014-11-13,37.23044204711914,4411200
2014-11-14,37.55779266357422,3575000
2014-11-17,37.499603271484375,3218800
2014-11-18,37.71055221557617,4627300
2014-11-19,37.783287048339844,6590400
2014-11-20,37.9942626953125,4759900
2014-11-21,38.23431396484375,5287300
2014-11-24,38.44529342651367,3441800
2014-11-25,38.147010803222656,5329000
2014-11-26,39.521888732910156,7216700
2014-11-28,39.58736038208008,3628600
2014-12-01,39.46369171142578,5849800
2014-12-02,39.689208984375,4051100
2014-12-03,40.46028137207031,5493600
2014-12-04,40.307525634765625,4114100
2014-12-05,40.43118667602539,3923500
2014-12-08,40.06746292114258,5914100
2014-12-09,40.016536712646484,8379200
2014-12-10,39.354576110839844,5838100
2014-12-11,39.638275146484375,6517300
2014-12-12,38.6343994140625,8428000
2014-12-15,38.605316162109375,7483900
2014-12-16,38.16883850097656,7171500
2014-12-17,38.91811752319336,8881400
2014-12-18,39.62372970581055,8119900
2014-12-19,39.44913864135742,10583500
2014-12-22,39.87832260131836,4359900
2014-12-23,39.8492317199707,3507600
2014-12-24,39.90742492675781,1442900
2014-12-26,39.827415466308594,1838700
2014-12-29,39.616458892822266,2381000
2014-12-30,39.23090744018555,2626900
2014-12-31,38.89628982543945,4068600
2015-01-02,38.903568267822266,4020100
2015-01-05,38.29978561401367,5599300
2015-01-06,37.66691207885742,5468400
2015-01-07,38.34343719482422,4577100
2015-01-08,38.96903610229492,6295200
2015-01-09,38.99086380004883,3913700
2015-01-12,38.64168930053711,4282500
2015-01-13,38.40162658691406,5013900
2015-01-14,38.34343719482422,5191400
2015-01-15,38.11064147949219,5796300
2015-01-16,38.76534652709961,4988700
2015-01-20,39.143619537353516,7213400
2015-01-21,39.485511779785156,5468900
2015-01-22,39.987457275390625,5484200
2015-01-23,40.052913665771484,4856500
2015-01-26,40.04564666748047,6137000
2015-01-27,39.88560485839844,8532600
2015-01-28,39.483028411865234,7393500
2015-01-29,40.01737594604492,5044900
2015-01-30,39.12434005737305,12515800
2015-02-02,39.153621673583984,8385600
2015-02-03,39.848995208740234,6017400
2015-02-04,39.98075485229492,7962500
2015-02-05,40.485836029052734,5060000
2015-02-06,39.79045486450195,7715900
2015-02-09,39.72456359863281,5146400
2015-02-10,40.85914611816406,5654400
2015-02-11,40.990901947021484,4956100
2015-02-12,42.044944763183594,7069500
2015-02-13,42.43290328979492,5330900
2015-02-17,42.60124588012695,7962600
2015-02-18,42.41093444824219,3276500
2015-02-19,42.484134674072266,2422300
2015-02-20,42.835479736328125,3630300
2015-02-23,42.652496337890625,3053400
2015-02-24,43.15755844116211,4426900
2015-02-25,43.260032653808594,3921100
2015-02-26,43.494266510009766,5274000
2015-02-27,43.040443420410156,6494900
2015-03-02,43.87489318847656,4572500
2015-03-03,42.872066497802734,6088200
2015-03-04,42.6890869140625,4473900
2015-03-05,42.703731536865234,3685800
2015-03-06,42.191341400146484,4476900
2015-03-09,42.76228332519531,4034000
2015-03-10,41.79606246948242,5721900
2015-03-11,41.847293853759766,3151500
2015-03-12,41.8839225769043,3707900
2015-03-13,41.81071472167969,4805400
2015-03-16,42.6964111328125,5162700
2015-03-17,42.43290328979492,3261200
2015-03-18,42.67444610595703,6239000
2015-03-19,42.84280014038086,3411400
2015-03-20,43.391788482666016,9150800
2015-03-23,42.93795394897461,3807300
2015-03-24,42.77693176269531,3665700
2015-03-25,40.79325866699219,11204000
2015-03-26,40.84450149536133,6830800
2015-03-27,41.54719924926758,5144300
2015-03-30,42.45484924316406,5336100
2015-03-31,41.86196517944336,4905300
2015-04-01,41.38616180419922,5322900
2015-04-02,41.51791763305664,3545900
2015-04-06,41.58379364013672,3120500
2015-04-07,41.678958892822266,3259600
2015-04-08,41.7009162902832,4142200
2015-04-09,42.293819427490234,4362200
2015-04-10,42.235260009765625,3410800
2015-04-13,41.876590728759766,3004400
2015-04-14,41.539878845214844,3875100
2015-04-15,42.82085418701172,6654600
2015-04-16,42.75497055053711,4058800
2015-04-17,41.96443557739258,5231200
2015-04-20,42.579288482666016,3220400
2015-04-21,42.57197189331055,2853700
2015-04-22,42.98919677734375,4473500
2015-04-23,40.05396270751953,22987500
2015-04-24,40.06128692626953,10533600
2015-04-27,40.668827056884766,8397300
2015-04-28,40.57307434082031,6729300
2015-04-29,40.52152633666992,5276300
2015-04-30,39.924991607666016,6756900
2015-05-01,40.73511505126953,5726700
2015-05-04,40.72774887084961,4060500
2015-05-05,39.77767562866211,7970100
2015-05-06,39.54936599731445,7737300
2015-05-07,39.81450653076172,5846600
2015-05-08,40.285858154296875,4814600
2015-05-11,40.0943717956543,4204100
2015-05-12,39.89551544189453,4315500
2015-05-13,40.27848815917969,4332600
2015-05-14,40.9560546875,4109300
2015-05-15,40.9560546875,4165300
2015-05-18,41.08861541748047,3861300
2015-05-19,41.08124542236328,4848500
2015-05-20,40.970787048339844,4179300
2015-05-21,40.87504196166992,4260800
2015-05-22,40.779293060302734,5419700
2015-05-26,40.18274688720703,5312000
2015-05-27,41.221195220947266,7278200
2015-05-28,41.1769905090332,6851200
2015-05-29,41.18437194824219,5928700
2015-06-01,41.029701232910156,4576000
2015-06-02,40.69091796875,4630100
2015-06-03,40.425777435302734,3659000
2015-06-04,39.755577087402344,6640700
2015-06-05,39.61565399169922,3650400
2015-06-08,38.90126037597656,4795400
2015-06-09,38.97489929199219,4414300
2015-06-10,39.910240173339844,6930600
2015-06-11,39.50518035888672,4711200
2015-06-12,39.04118347167969,4174100
2015-06-15,39.07065200805664,4895300
2015-06-16,39.1001091003418,2702200
2015-06-17,39.24741744995117,3465700
2015-06-18,39.93234634399414,5911000
2015-06-19,40.145912170410156,9948600
2015-06-22,40.87504196166992,9503400
2015-06-23,40.381591796875,5055800
2015-06-24,39.76294708251953,4203500
2015-06-25,39.62300491333008,3759600
2015-06-26,38.96017837524414,7860300
2015-06-29,37.94383239746094,6566400
2015-06-30,37.936458587646484,5260600
2015-07-01,38.23104476928711,9820200
2015-07-02,38.275230407714844,3642400
2015-07-06,37.848087310791016,4251200
2015-07-07,37.71551513671875,8205800
2015-07-08,36.47822189331055,11806400
2015-07-09,35.432411193847656,22612200
2015-07-10,36.09523010253906,8448900
2015-07-13,36.330909729003906,4937600
2015-07-14,36.64759826660156,6500100
2015-07-15,36.44874572753906,5461600
2015-07-16,36.3530158996582,7401200
2015-07-17,36.3530158996582,7021300
2015-07-20,36.89064407348633,8876900
2015-07-21,36.993751525878906,10632900
2015-07-22,36.30881118774414,15381500
2015-07-23,37.19996643066406,13271800
2015-07-24,36.10997772216797,10960300
2015-07-27,36.10997772216797,9394200
2015-07-28,36.883277893066406,7636600
2015-07-29,37.04640579223633,6855300
2015-07-30,37.254051208496094,5629400
2015-07-31,37.061248779296875,7466900
2015-08-03,37.14280319213867,5325800
2015-08-04,36.957435607910156,5746600
2015-08-05,37.71378707885742,7238800
2015-08-06,37.26144790649414,6055900
2015-08-07,37.31336212158203,5324400
2015-08-10,38.61844253540039,10496600
2015-08-11,37.55064392089844,8013000
2015-08-12,37.899166107177734,7268100
2015-08-13,37.543251037597656,4007500
2015-08-14,37.55064392089844,4536700
2015-08-17,37.74345779418945,3364000
2015-08-18,37.00933837890625,6978500
2015-08-19,36.48285675048828,6906300
2015-08-20,35.17036056518555,10206500
2015-08-21,34.080322265625,12109500
2015-08-24,33.28689193725586,15487000
2015-08-25,32.271018981933594,14458300
2015-08-26,33.67249298095703,19075800
2015-08-27,34.8960075378418,9822000
2015-08-28,35.585628509521484,8242700
2015-08-31,35.47438430786133,10145900
2015-09-01,34.362117767333984,13136100
2015-09-02,35.11103439331055,6012600
2015-09-03,35.19260787963867,5289100
2015-09-04,34.50299072265625,6603400
2015-09-08,36.10468673706055,7993000
2015-09-09,35.3038444519043,8250100
2015-09-10,35.15553283691406,8543100
2015-09-11,35.274173736572266,6567300
2015-09-14,35.46697235107422,4750800
2015-09-15,35.81548309326172,7104300
2015-09-16,36.11210250854492,4624500
2015-09-17,35.704261779785156,5693500
2015-09-18,35.444725036621094,17206500
2015-09-21,35.18519592285156,6105200
2015-09-22,34.562313079833984,6161600
2015-09-23,34.54008483886719,4335300
2015-09-24,34.66611862182617,8535000
2015-09-25,34.97758483886719,8924200
2015-09-28,34.81443405151367,10728200
2015-09-29,35.2445182800293,7413600
2015-09-30,36.72014236450195,9120400
2015-10-01,35.91931915283203,10007400
2015-10-02,36.16399383544922,8229700
2015-10-05,37.17247009277344,6812500
2015-10-06,37.41716766357422,5737000
2015-10-07,37.84726333618164,7065300
2015-10-08,38.20319747924805,6431500
2015-10-09,37.72119903564453,5720100
2015-10-12,38.06971740722656,4075300
2015-10-13,37.75086212158203,7162000
2015-10-14,39.04110336303711,10558500
2015-10-15,38.87797927856445,7153400
2015-10-16,38.98179244995117,5685300
2015-10-19,39.033687591552734,5701700
2015-10-20,38.87797927856445,5666900
2015-10-21,38.4849739074707,8132900
2015-10-22,43.07498550415039,21234200
2015-10-23,43.73493194580078,14490000
2015-10-26,43.60888671875,7634500
2015-10-27,43.31968307495117,8420500
2015-10-28,43.7899055480957,14464600
2015-10-29,42.222503662109375,10108900
2015-10-30,42.334468841552734,7503400
2015-11-02,42.53599548339844,5492600
2015-11-03,42.65541076660156,4268400
2015-11-04,42.506134033203125,5096000
2015-11-05,42.842018127441406,5768400
2015-11-06,43.013675689697266,6387000
2015-11-09,42.700199127197266,4478200
2015-11-10,42.56584930419922,5058700
2015-11-11,42.99128723144531,6291800
2015-11-12,42.297142028808594,4894800
2015-11-13,41.89410400390625,5741700
2015-11-16,42.453895568847656,5995100
2015-11-17,42.5957145690918,4265800
2015-11-18,43.25996780395508,4029700
2015-11-19,43.252506256103516,4076200
2015-11-20,43.37938690185547,4252500
2015-11-23,42.804683685302734,4296800
2015-11-24,43.17787551879883,4655300
2015-11-25,42.744972229003906,3152600
2015-11-27,42.95396423339844,1509500
2015-11-30,43.37938690185547,5866600
2015-12-01,43.521209716796875,5016900
2015-12-02,42.95396423339844,5151500
2015-12-03,43.05845260620117,9691600
2015-12-04,43.9466438293457,6414200
2015-12-07,43.551063537597656,3934500
2015-12-08,43.04351806640625,3670100
2015-12-09,42.36431121826172,4562000
2015-12-10,42.491214752197266,4317800
2015-12-11,41.95381164550781,5251300
2015-12-14,41.96128463745117,5082300
2015-12-15,42.95396423339844,7602400
2015-12-16,43.34207534790039,5920900
2015-12-17,42.19265365600586,6944300
2015-12-18,41.00590896606445,12025700
2015-12-21,41.66273880004883,4305600
2015-12-22,41.505985260009766,4412800
2015-12-23,42.31953811645508,5786200
2015-12-24,42.35685729980469,1681200
2015-12-28,42.11056137084961,2930100
2015-12-29,42.558387756347656,2753100
2015-12-30,41.9164924621582,3010200
2015-12-31,40.90888595581055,6450100
2016-01-04,40.55809783935547,7915400
2016-01-05,40.132652282714844,6131900
2016-01-06,39.87141799926758,8520800
2016-01-07,38.587669372558594,10526700
2016-01-08,37.58750915527344,9620000
2016-01-11,38.22193908691406,7000500
2016-01-12,38.460784912109375,5075800
2016-01-13,37.18446350097656,6882200
2016-01-14,37.341217041015625,10440500
2016-01-15,35.84846496582031,15871600
2016-01-19,35.99026870727539,9048800
2016-01-20,36.57990646362305,13430800
2016-01-21,37.19194412231445,10093900
2016-01-22,37.542728424072266,6335600
2016-01-25,37.3785285949707,7651300
2016-01-26,37.841285705566406,7710200
2016-01-27,37.81890106201172,9791200
2016-01-28,38.450584411621094,10033300
2016-01-29,39.804222106933594,10469100
2016-02-01,39.729007720947266,6336700
2016-02-02,38.082088470458984,9460500
2016-02-03,37.78879928588867,11309400
2016-02-04,38.54834747314453,9795800
2016-02-05,37.510562896728516,7929800
2016-02-08,38.27762985229492,15765600
2016-02-09,38.11217498779297,7321700
2016-02-10,38.16482162475586,7329600
2016-02-11,37.88658142089844,6121400
2016-02-12,38.45809555053711,8060600
2016-02-16,39.510929107666016,6567400
2016-02-17,40.37575912475586,6244700
2016-02-18,39.9019775390625,6004200
2016-02-19,39.6763801574707,6300700
2016-02-22,40.08246612548828,4350900
2016-02-23,39.28532791137695,3888500
2016-02-24,39.45075988769531,5341500
2016-02-25,39.9395751953125,3917500
2016-02-26,40.08246612548828,3533100
2016-02-29,39.87189483642578,4450400
2016-03-01,40.774314880371094,4958800
2016-03-02,40.924705505371094,4163600
2016-03-03,41.26312255859375,4045900
2016-03-04,41.278167724609375,4248100
2016-03-07,41.729373931884766,3747600
2016-03-08,41.0074462890625,4480600
2016-03-09,41.17288589477539,3641700
2016-03-10,41.729373931884766,4838400
2016-03-11,42.158023834228516,5031600
2016-03-14,41.819610595703125,3477200
2016-03-15,41.90985107421875,3407500
2016-03-16,42.21819305419922,3449900
2016-03-17,42.564125061035156,4530500
2016-03-18,42.932594299316406,7924900
2016-03-21,42.87995910644531,3085500
2016-03-22,42.78971862792969,3514900
2016-03-23,42.564125061035156,3220900
2016-03-24,42.63930892944336,2279600
2016-03-28,42.50395965576172,2240400
2016-03-29,43.173240661621094,4013800
2016-03-30,43.89518356323242,5026700
2016-03-31,43.18076705932617,5410400
2016-04-01,43.57182693481445,4542600
2016-04-04,43.406368255615234,3423700
2016-04-05,43.398841857910156,4455900
2016-04-06,43.88765335083008,3684300
2016-04-07,42.97771072387695,4228600
2016-04-08,43.53421401977539,3211100
2016-04-11,43.481571197509766,3663600
2016-04-12,43.94782638549805,4476600
2016-04-13,44.496795654296875,5053400
2016-04-14,44.53438949584961,4920100
2016-04-15,44.316314697265625,4690300
2016-04-18,44.33134460449219,4430700
2016-04-19,43.93278121948242,6246800
2016-04-20,44.40655517578125,4673400
2016-04-21,44.263668060302734,3376700
2016-04-22,44.1283073425293,5359900
2016-04-25,44.38399124145508,4670200
2016-04-26,44.669761657714844,3928800
2016-04-27,45.06081771850586,7123900
2016-04-28,44.41749954223633,9417800
2016-04-29,43.168766021728516,10774700
2016-05-02,43.78178787231445,6464200
2016-05-03,43.28985595703125,5696400
2016-05-04,42.70710754394531,5081900
2016-05-05,42.86603546142578,4078200
2016-05-06,43.28985595703125,8054500
2016-05-09,43.07038116455078,3773500
2016-05-10,43.61528396606445,4545600
2016-05-11,43.61528396606445,4494200
2016-05-12,43.25959014892578,5183200
2016-05-13,43.22932434082031,4062800
2016-05-16,43.91045379638672,4265300
2016-05-17,43.463932037353516,4713900
2016-05-18,43.90286636352539,4676900
2016-05-19,43.312564849853516,4326500
2016-05-20,44.29642105102539,6337000
2016-05-23,44.44776916503906,3690900
2016-05-24,45.47706604003906,4544700
2016-05-25,45.741947174072266,5785100
2016-05-26,45.99169921875,3367000
2016-05-27,46.18089294433594,3807100
2016-05-31,45.86302947998047,6196400
2016-06-01,46.21873474121094,4011100
2016-06-02,45.9841194152832,3583300
2016-06-03,45.810054779052734,2749500
2016-06-06,46.385231018066406,8259200
2016-06-07,46.58958435058594,5021200
2016-06-08,46.983116149902344,4749700
2016-06-09,47.02853012084961,5285600
2016-06-10,46.854454040527344,7484700
2016-06-13,46.56686782836914,6697300
2016-06-14,46.84689712524414,5170300
2016-06-15,46.687957763671875,4943600
2016-06-16,46.96798324584961,3632600
2016-06-17,46.634979248046875,6101300
2016-06-20,46.93014144897461,4023600
2016-06-21,46.952842712402344,3462200
2016-06-22,46.96798324584961,4112700
2016-06-23,47.90643310546875,3638100
2016-06-24,45.817623138427734,8505700
2016-06-27,44.705101013183594,7459800
2016-06-28,45.61327362060547,5163300
2016-06-29,46.354949951171875,6690500
2016-06-30,47.41450881958008,6632000
2016-07-01,47.005828857421875,4934500
2016-07-05,46.354949951171875,5538700
2016-07-06,46.21117401123047,6064100
2016-07-07,46.74849319458008,6876800
2016-07-08,47.88372802734375,5345300
2016-07-11,47.98211669921875,4533900
2016-07-12,48.723793029785156,5405100
2016-07-13,48.844879150390625,4068500
2016-07-14,49.049232482910156,3999900
2016-07-15,49.07950210571289,5952300
2016-07-18,49.336830139160156,3452500
2016-07-19,49.14760971069336,3065900
2016-07-20,49.533592224121094,4744100
2016-07-21,49.12491226196289,5391700
2016-07-22,49.563865661621094,5555900
2016-07-25,50.11632537841797,9945900
2016-07-26,54.051761627197266,22033100
2016-07-27,53.93825912475586,13973400
2016-07-28,53.43606948852539,9143200
2016-07-29,53.07087326049805,7963100
2016-08-01,53.16975784301758,5983000
2016-08-02,52.386077880859375,6391300
2016-08-03,52.40888977050781,4231800
2016-08-04,52.96432113647461,4382100
2016-08-05,53.37522506713867,4547400
2016-08-08,53.367610931396484,4865900
2016-08-09,53.4512939453125,3434300
2016-08-10,53.17737579345703,5012500
2016-08-11,53.26108169555664,3002900
2016-08-12,53.13932800292969,3445000
2016-08-15,53.51216506958008,4148800
2016-08-16,53.12411880493164,3682600
2016-08-17,53.12411880493164,5914700
2016-08-18,53.359989166259766,3816700
2016-08-19,53.466514587402344,3482000
2016-08-22,53.26108169555664,4361400
2016-08-23,53.245845794677734,4779200
2016-08-24,53.185001373291016,3749300
2016-08-25,53.12411880493164,3044900
2016-08-26,53.07087326049805,4160900
2016-08-29,53.245845794677734,3669100
2016-08-30,52.73606872558594,4382800
2016-08-31,52.91107940673828,3870200
2016-09-01,53.03281784057617,4536000
2016-09-02,53.01759719848633,4584200
2016-09-06,53.10131072998047,3870300
2016-09-07,52.87303161621094,4214100
2016-09-08,52.492618560791016,4151600
2016-09-09,50.72738265991211,6995600
2016-09-12,51.69367599487305,6049900
2016-09-13,51.32085418701172,5472600
2016-09-14,51.57955551147461,4011500
2016-09-15,52.667606353759766,6257900
2016-09-16,52.774112701416016,6506200
2016-09-19,52.91107940673828,4100600
2016-09-20,52.63716125488281,3026700
2016-09-21,52.92628479003906,4202100
2016-09-22,53.07846450805664,3566300
2016-09-23,52.48499298095703,3088100
2016-09-26,52.05889892578125,3475600
2016-09-27,52.84260177612305,4560200
2016-09-28,53.06324768066406,3241300
2016-09-29,53.13932800292969,4337900
2016-09-30,53.39801788330078,5071000
2016-10-03,53.002384185791016,3627800
2016-10-04,52.94912338256836,4089500
2016-10-05,53.717594146728516,4789600
2016-10-06,53.99150466918945,4061500
2016-10-07,53.92304611206055,3673600
2016-10-10,53.20782470703125,4893200
2016-10-11,52.31758499145508,5204400
2016-10-12,52.089332580566406,3563900
2016-10-13,51.56432342529297,3897700
2016-10-14,52.11216735839844,4329300
2016-10-17,52.05889892578125,2620900
2016-10-18,52.69041061401367,3590700
2016-10-19,52.87303161621094,5530800
2016-10-20,53.07087326049805,3850400
2016-10-21,53.23826217651367,7027500
2016-10-24,54.53934097290039,5888000
2016-10-25,54.17411804199219,4614200
2016-10-26,54.562156677246094,8151000
2016-10-27,53.81651306152344,9627000
2016-10-28,53.86978530883789,6360100
2016-10-31,53.907806396484375,5411400
2016-11-01,52.8349723815918,7375300
2016-11-02,52.37846755981445,6516800
2016-11-03,52.04121780395508,6723600
2016-11-04,51.811317443847656,6056300
2016-11-07,52.89198303222656,5751100
2016-11-08,53.520469665527344,5409600
2016-11-09,53.48981857299805,5697800
2016-11-10,52.991615295410156,7190600
2016-11-11,53.53578567504883,4974900
2016-11-14,53.66609191894531,6493000
2016-11-15,54.44019317626953,4736500
2016-11-16,54.57047653198242,4880400
2016-11-17,55.24496078491211,3773800
2016-11-18,55.643489837646484,5484200
2016-11-21,56.471256256103516,5447000
2016-11-22,57.02308654785156,6824100
2016-11-23,56.762489318847656,3995500
2016-11-25,57.046085357666016,1978800
2016-11-28,57.12271499633789,4512000
2016-11-29,57.02308654785156,6347000
2016-11-30,56.662864685058594,6768200
2016-12-01,53.96498107910156,9631100
2016-12-02,54.20258331298828,5946400
2016-12-05,54.04164505004883,6405100
2016-12-06,54.70077896118164,7039800
2016-12-07,55.3369140625,6045900
2016-12-08,55.28327178955078,5473600
2016-12-09,55.17596435546875,6101200
2016-12-12,54.97669982910156,3340600
2016-12-13,56.10335159301758,6950900
2016-12-14,55.566856384277344,6474100
2016-12-15,56.29497146606445,5079500
2016-12-16,55.865787506103516,6478700
2016-12-19,56.38694381713867,3818000
2016-12-20,56.74717712402344,3182000
2016-12-21,56.8468017578125,4272200
2016-12-22,56.86978530883789,3470700
2016-12-23,57.00775909423828,1690800
2016-12-27,57.38331985473633,2037200
2016-12-28,56.75485610961914,2683400
2016-12-29,56.83148956298828,3292600
2016-12-30,55.927085876464844,4311800
2017-01-03,56.39459991455078,4847900
2017-01-04,56.32564163208008,4507100
2017-01-05,55.88875198364258,4301100
2017-01-06,56.83148956298828,5244600
2017-01-09,56.977108001708984,4782900
2017-01-10,57.176368713378906,3712500
2017-01-11,57.63624572753906,4361400
2017-01-12,57.36800003051758,4408200
2017-01-13,57.48295593261719,3372500
2017-01-17,57.09208679199219,4413100
2017-01-18,57.00775909423828,5531400
2017-01-19,56.624542236328125,4468500
2017-01-20,57.291351318359375,6661400
2017-01-23,58.042457580566406,6895100
2017-01-24,59.0771369934082,8561600
2017-01-25,60.226783752441406,8112800
2017-01-26,60.74799346923828,8991500
2017-01-27,60.184932708740234,9737300
2017-01-30,60.08467483520508,8355200
2017-01-31,58.2643928527832,11129400
2017-02-01,58.82742691040039,7815800
2017-02-02,58.53434753417969,4434500
2017-02-03,59.00484085083008,4547000
2017-02-06,58.78886032104492,4633000
2017-02-07,58.758033752441406,4500900
2017-02-08,58.58061218261719,5864700
2017-02-09,58.07926559448242,6950500
2017-02-10,57.97129440307617,6289400
2017-02-13,58.248958587646484,5466200
2017-02-14,58.341514587402344,3999800
2017-02-15,58.36464309692383,5731500
2017-02-16,58.81201171875,4882000
2017-02-17,58.95855712890625,3955300
2017-02-21,59.45218276977539,5104700
2017-02-22,59.567874908447266,4056600
2017-02-23,59.49845504760742,4921700
2017-02-24,59.575599670410156,3516600
2017-02-27,59.53704833984375,3055400
2017-02-28,59.09739303588867,4770500
2017-03-01,60.277503967285156,5332500
2017-03-02,60.223480224609375,7605500
2017-03-03,60.0538215637207,3994800
2017-03-06,60.400909423828125,4066400
2017-03-07,61.025665283203125,10556800
2017-03-08,61.19535827636719,5386500
2017-03-09,61.03336715698242,4255400
2017-03-10,61.95893096923828,5118200
2017-03-13,62.49114227294922,6082600
2017-03-14,62.54511642456055,4271400
2017-03-15,63.10818099975586,3668800
2017-03-16,63.02333450317383,4195600
2017-03-17,63.40127944946289,9231700
2017-03-20,62.9307975769043,4383000
2017-03-21,61.51156234741211,6221000
2017-03-22,62.23658752441406,4307300
2017-03-23,62.22115707397461,3335200
2017-03-24,62.15946960449219,4100300
2017-03-27,62.11319351196289,3260800
2017-03-28,62.17491149902344,3577900
2017-03-29,62.08235168457031,2811600
2017-03-30,62.50654983520508,3372800
2017-03-31,62.136329650878906,3760900
2017-04-03,61.982078552246094,4563900
2017-04-04,62.16719055175781,2761500
2017-04-05,61.76609802246094,3547900
2017-04-06,61.78154754638672,4177700
2017-04-07,62.11319351196289,2686800
2017-04-10,61.804656982421875,3314700
2017-04-11,61.24934005737305,5321300
2017-04-12,60.532005310058594,6335000
2017-04-13,60.03837585449219,4658300
2017-04-17,60.71713638305664,4462400
2017-04-18,61.403602600097656,4528900
2017-04-19,61.218482971191406,4673700
2017-04-20,62.29060363769531,3586300
2017-04-21,61.55784225463867,6314400
2017-04-24,62.53742218017578,5129200
2017-04-25,63.52469253540039,7604100
2017-04-26,62.56056594848633,6763900
2017-04-27,62.70798110961914,5762500
2017-04-28,61.45072937011719,10521800
2017-05-01,61.53611755371094,5065500
2017-05-02,61.50508499145508,6234500
2017-05-03,61.90864181518555,4665000
2017-05-04,61.54388427734375,3241300
2017-05-05,61.799983978271484,3653900
2017-05-08,61.668052673339844,2776600
2017-05-09,61.660274505615234,4433900
2017-05-10,62.46741485595703,5180400
2017-05-11,62.3975715637207,3168400
2017-05-12,62.622642517089844,2648900
2017-05-15,63.29005813598633,3596100
2017-05-16,63.848880767822266,3918500
2017-05-17,61.062713623046875,6401800
2017-05-18,61.48954391479492,4930900
2017-05-19,62.319969177246094,7506600
2017-05-22,62.374298095703125,3672100
2017-05-23,61.8465576171875,3683700
2017-05-24,62.125946044921875,3671500
2017-05-25,62.70026779174805,3226100
2017-05-26,62.95637130737305,2812200
2017-05-30,63.61605453491211,3258100
2017-05-31,64.01959991455078,6503900
2017-06-01,63.243534088134766,4320100
2017-06-02,63.352169036865234,4725900
2017-06-05,63.553951263427734,2589900
2017-06-06,63.81005859375,3279300
2017-06-07,64.33002471923828,3763000
2017-06-08,65.45536041259766,4410200
2017-06-09,62.78564453125,6815700
2017-06-12,62.90203857421875,6746200
2017-06-13,62.85545349121094,4324800
2017-06-14,62.21132278442383,3944200
2017-06-15,62.149234771728516,3061900
2017-06-16,61.854305267333984,6246800
2017-06-19,63.18918991088867,3569100
2017-06-20,61.753421783447266,3831300
2017-06-21,61.83101272583008,4318600
2017-06-22,61.3498420715332,3327400
2017-06-23,61.76116943359375,4052600
2017-06-26,60.77554702758789,4913100
2017-06-27,59.72004699707031,5797000
2017-06-28,60.581520080566406,6362100
2017-06-29,59.68126678466797,6644600
2017-06-30,59.70455551147461,4696100
2017-07-03,59.30098342895508,3494200
2017-07-05,59.689029693603516,6680800
2017-07-06,59.650203704833984,5047000
2017-07-07,60.907470703125,5342900
2017-07-10,61.14030075073242,3611500
2017-07-11,61.34210968017578,2729200
2017-07-12,62.490692138671875,3891700
2017-07-13,62.506221771240234,3372800
2017-07-14,63.639312744140625,3654700
2017-07-17,63.37546920776367,2972700
2017-07-18,63.763484954833984,2773500
2017-07-19,63.763484954833984,3133500
2017-07-20,64.17481994628906,3766700
2017-07-21,63.40650939941406,4597600
2017-07-24,62.80112075805664,4350900
2017-07-25,63.16592025756836,6439700
2017-07-26,64.05062103271484,6983000
2017-07-27,63.22296142578125,7152200
2017-07-28,63.019954681396484,5228000
2017-07-31,63.54310607910156,5954600
2017-08-01,63.800785064697266,3366100
2017-08-02,63.488433837890625,3179800
2017-08-03,63.52747344970703,2748500
2017-08-04,63.582157135009766,2325200
2017-08-07,64.15996551513672,2827700
2017-08-08,64.37857055664062,7184600
2017-08-09,64.245849609375,4274000
2017-08-10,62.746673583984375,4469200
2017-08-11,63.160518646240234,3426100
2017-08-14,64.06624603271484,3788600
2017-08-15,63.988162994384766,3750300
2017-08-16,64.38639068603516,3291900
2017-08-17,62.58269500732422,4151500
2017-08-18,62.4421501159668,3626000
2017-08-21,62.37969970703125,3347300
2017-08-22,63.05121612548828,4359200
2017-08-23,63.160518646240234,4109300
2017-08-24,63.441593170166016,3511100
2017-08-25,63.23078155517578,2627700
2017-08-28,63.059017181396484,3088500
2017-08-29,63.26982498168945,3729600
2017-08-30,64.26927947998047,4522200
2017-08-31,64.66748046875,4411300
2017-09-01,64.44886016845703,2665200
2017-09-05,63.910099029541016,3691900
2017-09-06,64.08187103271484,3682700
2017-09-07,64.02720642089844,3599900
2017-09-08,63.54310607910156,2505600
2017-09-11,64.19901275634766,3916800
2017-09-12,64.72213745117188,4596300
2017-09-13,64.57379150390625,2626800
2017-09-14,65.03449249267578,3503300
2017-09-15,66.2447509765625,10333200
2017-09-18,67.25981903076172,5593600
2017-09-19,67.7829818725586,4036800
2017-09-20,67.01775360107422,4922800
2017-09-21,67.18952941894531,4863900
2017-09-22,68.92296600341797,6440900
2017-09-25,68.32172393798828,5625600
2017-09-26,68.4779052734375,3121200
2017-09-27,69.3446044921875,3806900
2017-09-28,70.00048065185547,5332700
2017-09-29,69.99269104003906,3283500
2017-10-02,70.00048065185547,3280600
2017-10-03,70.22692108154297,2374800
2017-10-04,70.65637969970703,3933300
2017-10-05,71.16392517089844,3241800
2017-10-06,71.32788848876953,2335000
2017-10-09,71.50750732421875,1749800
2017-10-10,72.13214111328125,2810500
2017-10-11,72.51473236083984,3161900
2017-10-12,72.31954193115234,3537900
2017-10-13,73.07691192626953,2674800
2017-10-16,73.57666778564453,3111900
2017-10-17,73.60787963867188,3248500
2017-10-18,72.95198822021484,3532400
2017-10-19,72.96760559082031,4164600
2017-10-20,74.31845092773438,5272400
2017-10-23,75.12267303466797,7292200
2017-10-24,75.30225372314453,8061100
2017-10-25,74.81815338134766,6967100
2017-10-26,75.0758285522461,5556900
2017-10-27,76.12991333007812,5725300
2017-10-30,75.48556518554688,4922400
2017-10-31,75.98064422607422,3770600
2017-11-01,75.71343231201172,3873800
2017-11-02,76.0592041015625,3292200
2017-11-03,76.99433135986328,3346700
2017-11-06,77.43437957763672,4391700
2017-11-07,77.32439422607422,4314600
2017-11-08,77.3558120727539,3265600
2017-11-09,76.26351165771484,4239800
2017-11-10,76.17707824707031,3416700
2017-11-13,76.24779510498047,2284000
2017-11-14,76.19277954101562,3252600
2017-11-15,76.04347229003906,3355600
2017-11-16,77.26150512695312,3564400
2017-11-17,76.80574035644531,3788200
2017-11-20,77.2300796508789,2953700
2017-11-21,77.94515991210938,3998500
2017-11-22,77.07290649414062,2142000
2017-11-24,78.03162384033203,1288300
2017-11-27,77.50511932373047,3166300
2017-11-28,78.17304992675781,3037400
2017-11-29,76.12996673583984,5562200
2017-11-30,76.45211029052734,7591200
2017-12-01,76.36567687988281,5020500
2017-12-04,75.41484069824219,5183800
2017-12-05,76.14564514160156,4898100
2017-12-06,76.23994445800781,4675500
2017-12-07,76.83718872070312,4848200
2017-12-08,77.02576446533203,5591400
2017-12-11,77.66227722167969,5579200
2017-12-12,77.34795379638672,6083100
2017-12-13,77.68585205078125,5282100
2017-12-14,78.77813720703125,7106700
2017-12-15,79.54036712646484,9114800
2017-12-18,81.15129089355469,5927700
2017-12-19,81.80352783203125,5235700
2017-12-20,82.35359954833984,5529800
2017-12-21,81.77996063232422,4709100
2017-12-22,81.82709503173828,3041300
2017-12-26,81.84280395507812,1473800
2017-12-27,82.14141845703125,1775600
2017-12-28,82.36933135986328,1910700
2017-12-29,82.07069396972656,2813300
2018-01-02,82.95866394042969,4236200
2018-01-03,85.20610809326172,6918900
2018-01-04,85.09609985351562,5460400
2018-01-05,85.74832916259766,5254900
2018-01-08,86.15697479248047,4549400
2018-01-09,86.7463150024414,4747800
2018-01-10,86.20410919189453,5737400
2018-01-11,86.96635437011719,3903700
2018-01-12,88.57726287841797,4577800
2018-01-16,88.73441314697266,9251500
2018-01-17,93.63792419433594,6916700
2018-01-18,91.4769287109375,7970300
2018-01-19,91.80695343017578,6367300
2018-01-22,93.8579330444336,7217400
2018-01-23,94.21155548095703,8087100
2018-01-24,86.20410919189453,19223900
2018-01-25,86.55772399902344,8564800
2018-01-26,89.3395004272461,7801600
2018-01-29,88.52226257324219,6389300
2018-01-30,86.83129119873047,6492900
2018-01-31,86.65745544433594,7362500
2018-02-01,86.98143005371094,5828200
2018-02-02,85.06925201416016,7474400
2018-02-05,82.34317016601562,8460400
2018-02-06,83.65482330322266,9266900
2018-02-07,80.58110809326172,10009100
2018-02-08,77.16759490966797,11506600
2018-02-09,79.40375518798828,11599300
2018-02-12,80.54949188232422,6673700
2018-02-13,79.79094696044922,5061400
2018-02-14,81.13420867919922,7413500
2018-02-15,82.62762451171875,5264800
2018-02-16,82.54859161376953,4910400
2018-02-20,83.19654083251953,4970500
2018-02-21,81.9085693359375,6536500
2018-02-22,82.12190246582031,4036500
2018-02-23,84.57933807373047,4936900
2018-02-26,86.6258544921875,5496100
2018-02-27,85.60653686523438,5311900
2018-02-28,85.61445617675781,7333000
2018-03-01,84.17635345458984,8626600
2018-03-02,85.51171875,6476300
2018-03-05,86.13594818115234,4417200
2018-03-06,86.67326354980469,4109600
2018-03-07,85.7803726196289,4637600
2018-03-08,86.51524353027344,3573500
2018-03-09,88.12716674804688,5535900
2018-03-12,88.20618438720703,4270800
2018-03-13,87.38440704345703,5845500
2018-03-14,86.89451599121094,3240600
2018-03-15,86.6890640258789,3983300
2018-03-16,86.89451599121094,8049700
2018-03-19,85.22727966308594,6715200
2018-03-20,86.49153900146484,3781900
2018-03-21,85.84358978271484,3703800
2018-03-22,82.09822082519531,7208400
2018-03-23,80.09119415283203,6748900
2018-03-26,84.23165130615234,6760400
2018-03-27,81.03938293457031,5308400
2018-03-28,80.52578735351562,5352200
2018-03-29,82.09030151367188,4311100
2018-04-02,79.53015899658203,5865400
2018-04-03,80.73912811279297,6898700
2018-04-04,82.34317016601562,4515000
2018-04-05,80.78654479980469,5477400
2018-04-06,78.5898666381836,5095700
2018-04-09,78.86641693115234,5840900
2018-04-10,80.88137817382812,6011500
2018-04-11,80.86558532714844,3830000
2018-04-12,82.36686706542969,4578300
2018-04-13,80.72333526611328,3518900
2018-04-16,81.78213500976562,2831500
2018-04-17,83.27555847167969,4001100
2018-04-18,83.24395751953125,3554700
2018-04-19,80.0358657836914,8624900
2018-04-20,78.98497772216797,7858000
2018-04-23,77.5073471069336,5934200
2018-04-24,77.76809692382812,8420300
2018-04-25,81.3870620727539,12696000
2018-04-26,81.16581726074219,6672900
2018-04-27,80.99989318847656,5114700
2018-04-30,80.14649963378906,5592700
2018-05-01,81.7031478881836,4234700
2018-05-02,81.35546112060547,5345000
2018-05-03,81.86114501953125,4788900
2018-05-04,83.22049713134766,6168000
2018-05-07,83.07740020751953,4113800
2018-05-08,83.83258056640625,5496500
2018-05-09,85.48600006103516,5131600
2018-05-10,87.41765594482422,4376500
2018-05-11,86.84532928466797,3583500
2018-05-14,87.95027923583984,4120400
2018-05-15,86.81352233886719,4336700
2018-05-16,88.55441284179688,3898200
2018-05-17,87.70384216308594,3792800
2018-05-18,87.87079620361328,4239600
2018-05-21,87.7674331665039,5199500
2018-05-22,88.12515258789062,2999600
2018-05-23,88.29206085205078,3123500
2018-05-24,88.03770446777344,2855500
2018-05-25,88.68158721923828,4100200
2018-05-29,88.18875122070312,3492800
2018-05-30,88.91213989257812,3621800
2018-05-31,88.95980834960938,6582100
2018-06-01,91.25714874267578,4728400
2018-06-04,92.00437927246094,3905700
2018-06-05,93.53063201904297,5366600
2018-06-06,93.88835144042969,4015400
2018-06-07,93.19676208496094,6985100
2018-06-08,92.00437927246094,4948600
2018-06-11,91.63871002197266,3741300
2018-06-12,91.74205780029297,3269100
2018-06-13,90.62123107910156,4948600
2018-06-14,91.19355010986328,2941200
2018-06-15,92.12361907958984,7027600
2018-06-18,90.93122863769531,3170600
2018-06-19,90.35093688964844,3486500
2018-06-20,90.81197357177734,3454800
2018-06-21,89.11878967285156,3480100
2018-06-22,89.33344268798828,3822600
2018-06-25,87.59254455566406,5331200
2018-06-26,88.641845703125,4001900
2018-06-27,86.47172546386719,4364600
2018-06-28,86.72608947753906,4198800
2018-06-29,87.6402587890625,5343300
2018-07-02,87.63230895996094,3392500
2018-07-03,86.57508087158203,2201500
2018-07-05,88.641845703125,4097700
2018-07-06,89.59577941894531,3419700
2018-07-09,89.10292053222656,3658000
2018-07-10,90.40657806396484,4512800
2018-07-11,88.84059143066406,5000200
2018-07-12,92.0838623046875,5818700
2018-07-13,91.52742767333984,2715800
2018-07-16,91.06637573242188,3013700
2018-07-17,92.05207824707031,3915100
2018-07-18,91.9566879272461,5491900
2018-07-19,91.0902099609375,5013900
2018-07-20,91.4161376953125,4358000
2018-07-23,91.15380859375,3052800
2018-07-24,90.46221923828125,4286700
2018-07-25,90.00116729736328,8218400
2018-07-26,90.06477355957031,5520400
2018-07-27,89.50833129882812,4343900
2018-07-30,88.65306091308594,4422500
2018-07-31,88.98076629638672,5206300
2018-08-01,88.72498321533203,5303000
2018-08-02,89.69216918945312,4516700
2018-08-03,90.19573974609375,3337900
2018-08-06,90.41155242919922,2970800
2018-08-07,92.52976989746094,5234500
2018-08-08,92.84947967529297,2890800
2018-08-09,91.39472198486328,3505200
2018-08-10,87.99759674072266,7652600
2018-08-13,87.87769317626953,3989800
2018-08-14,88.19741821289062,3109600
2018-08-15,87.6059341430664,3532600
2018-08-16,87.44607543945312,2916300
2018-08-17,87.63790893554688,3744800
2018-08-20,87.15030670166016,3238200
2018-08-21,89.13262939453125,4714300
2018-08-22,89.67616271972656,3999200
2018-08-23,89.84406280517578,3038700
2018-08-24,90.83518981933594,3191900
2018-08-27,92.12210845947266,3686200
2018-08-28,91.93827819824219,3214400
2018-08-29,92.2979965209961,5113900
2018-08-30,89.98790740966797,5688600
2018-08-31,89.84406280517578,6550300
2018-09-04,89.95594024658203,6160300
2018-09-05,88.8288803100586,5369300
2018-09-06,88.63705444335938,4813100
2018-09-07,86.6946792602539,5349300
2018-09-10,86.58279418945312,5138900
2018-09-11,84.7683334350586,8165600
2018-09-12,83.56134796142578,10182300
2018-09-13,84.50454711914062,6311100
2018-09-14,84.216796875,6485000
2018-09-17,82.88990783691406,5598300
2018-09-18,83.85710906982422,5654900
2018-09-19,85.82343292236328,6588900
2018-09-20,86.71868133544922,5562500
2018-09-21,87.96563720703125,10923900
2018-09-24,87.76580047607422,3531200
2018-09-25,85.96731567382812,6523800
2018-09-26,84.90422821044922,6478600
2018-09-27,85.75948333740234,4704200
2018-09-28,85.75948333740234,4556400
2018-10-01,86.11919403076172,3661800
2018-10-02,86.6946792602539,4718400
2018-10-03,86.47090911865234,5353400
2018-10-04,84.62442779541016,5846500
2018-10-05,82.55419921875,8778800
2018-10-08,81.4751205444336,7458500
2018-10-09,82.22647857666016,6041500
2018-10-10,79.32493591308594,11243700
2018-10-11,79.55672454833984,10100300
2018-10-12,80.80366516113281,6889100
2018-10-15,79.476806640625,6637400
2018-10-16,81.65097045898438,5894100
2018-10-17,81.16339111328125,5061400
2018-10-18,79.56471252441406,9668300
2018-10-19,78.5416030883789,10492500
2018-10-22,79.70861053466797,6881500
2018-10-23,80.13223266601562,13925900
2018-10-24,73.54582214355469,25121700
2018-10-25,73.35396575927734,21038900
2018-10-26,72.38677978515625,15855200
2018-10-29,72.08305358886719,9869400
2018-10-30,74.96929168701172,8734300
2018-10-31,74.84030151367188,10301100
2018-11-01,78.6858901977539,10972500
2018-11-02,76.63812255859375,10088000
2018-11-05,77.1218490600586,6189400
2018-11-06,78.31502532958984,5413100
2018-11-07,78.36341094970703,5525700
2018-11-08,79.39537048339844,5948300
2018-11-09,77.47659301757812,6256400
2018-11-12,75.35625457763672,8688700
2018-11-13,76.17054748535156,5930800
2018-11-14,76.34788513183594,4975200
2018-11-15,78.97611999511719,7689000
2018-11-16,78.8874282836914,6767000
2018-11-19,76.28341674804688,8265300
2018-11-20,78.07318115234375,8230200
2018-11-21,77.50076293945312,6437700
2018-11-23,76.67036437988281,2066200
2018-11-26,77.70231628417969,4687400
2018-11-27,77.6217041015625,5044700
2018-11-28,79.21800231933594,5659300
2018-11-29,78.5488510131836,5938000
2018-11-30,80.49986267089844,8685900
2018-12-03,81.5640640258789,7828500
2018-12-04,77.4846420288086,7487100
2018-12-06,78.46016693115234,7329300
2018-12-07,74.47749328613281,8837800
2018-12-10,75.62229919433594,7549500
2018-12-11,76.21888732910156,9942500
2018-12-12,77.2427749633789,4945000
2018-12-13,77.26698303222656,3647500
2018-12-14,75.9931869506836,6318300
2018-12-17,74.10662841796875,8260200
2018-12-18,76.21888732910156,7675500
2018-12-19,72.98600006103516,9854500
2018-12-20,72.6312484741211,9235000
2018-12-21,72.88926696777344,14349200
2018-12-24,70.7850570678711,5621600
2018-12-26,74.96123504638672,8075200
2018-12-27,75.63037872314453,5882300
2018-12-28,75.63037872314453,5022200
2018-12-31,76.1866455078125,4113200
2019-01-02,76.1463394165039,6478800
2019-01-03,71.65574645996094,11667500
2019-01-04,74.89671325683594,7707600
2019-01-07,76.1866455078125,5023900
2019-01-08,76.08989715576172,5863500
2019-01-09,77.58944702148438,6909400
2019-01-10,78.78263854980469,6748500
2019-01-11,79.48402404785156,4738800
2019-01-14,77.66202545166016,5060100
2019-01-15,78.71009063720703,4690800
2019-01-16,78.3392105102539,4559500
2019-01-17,78.63750457763672,6872300
2019-01-18,80.1531982421875,6677500
2019-01-22,77.89582061767578,11068600
2019-01-23,76.98479461669922,10298700
2019-01-24,82.30577850341797,14260300
2019-01-25,84.1761703491211,11041700
2019-01-28,82.78142547607422,7292700
2019-01-29,81.70916748046875,6153100
2019-01-30,82.97650146484375,6430200
2019-01-31,81.79041290283203,8272300
2019-02-01,82.85462951660156,5615000
2019-02-04,82.7002944946289,5761200
2019-02-05,83.12271881103516,6372200
2019-02-06,86.5022201538086,9907800
2019-02-07,84.37379455566406,7045700
2019-02-08,84.93431854248047,5392400
2019-02-11,85.10492706298828,4553000
2019-02-12,86.46973419189453,5316800
2019-02-13,87.04651641845703,5965200
2019-02-14,86.9002685546875,3438800
2019-02-15,87.3877182006836,3604300
2019-02-19,87.15213012695312,3188000
2019-02-20,87.68829345703125,3692800
2019-02-21,86.63219451904297,3933500
2019-02-22,87.17649841308594,4392900
2019-02-25,87.89138793945312,5750200
2019-02-26,87.14399719238281,3740100
2019-02-27,85.87667846679688,4395800
2019-02-28,85.93354797363281,5465800
2019-03-01,86.72967529296875,4164200
2019-03-04,87.24962615966797,3278500
2019-03-05,86.57533264160156,4008600
2019-03-06,85.64109802246094,3568000
2019-03-07,85.25928497314453,5431000
2019-03-08,85.18616485595703,5180800
2019-03-11,86.47785186767578,3319800
2019-03-12,86.53470611572266,3047200
2019-03-13,87.39584350585938,3911100
2019-03-14,87.0058822631836,5393700
2019-03-15,89.96296691894531,13932300
2019-03-18,89.20743560791016,4408900
2019-03-19,89.37804412841797,3592100
2019-03-20,89.06121826171875,3829400
2019-03-21,91.16527557373047,5772700
2019-03-22,89.10184478759766,3773500
2019-03-25,87.01400756835938,5479100
2019-03-26,88.005126953125,3085500
2019-03-27,86.08792114257812,4797200
2019-03-28,85.2267837524414,5386400
2019-03-29,86.16913604736328,4327700
2019-04-01,88.2569580078125,5349800
2019-04-02,89.58924865722656,7005500
2019-04-03,91.5958480834961,7036700
2019-04-04,91.99391174316406,5035600
2019-04-05,92.31075286865234,3318300
2019-04-08,93.60242462158203,4580800
2019-04-09,92.56257629394531,4648200
2019-04-10,93.35871124267578,3013300
2019-04-11,93.32621765136719,2799300
2019-04-12,94.85350036621094,4881100
2019-04-15,93.49683380126953,4265100
2019-04-16,94.53665161132812,4133700
2019-04-17,93.91111755371094,6227500
2019-04-18,93.83800506591797,4195800
2019-04-22,93.38306427001953,3691200
2019-04-23,94.54479217529297,7547400
2019-04-24,96.21014404296875,14483900
2019-04-25,95.18656158447266,5315400
2019-04-26,95.21904754638672,3582600
2019-04-29,94.80474853515625,3407600
2019-04-30,95.72273254394531,4533200
2019-05-01,94.47167205810547,3335800
2019-05-02,95.4221420288086,4532200
2019-05-03,96.06000518798828,3689000
2019-05-06,94.74343872070312,3974300
2019-05-07,93.1651840209961,5928100
2019-05-08,92.04489135742188,4819300
2019-05-09,91.70960998535156,4817500
2019-05-10,92.07759857177734,4189900
2019-05-13,87.58820343017578,7867600
2019-05-14,89.16642761230469,4068200
2019-05-15,90.18859100341797,4803600
2019-05-16,89.30545806884766,4690600
2019-05-17,87.3265151977539,6944000
2019-05-20,85.64197540283203,7519900
2019-05-21,87.49824523925781,4977200
2019-05-22,87.3183364868164,3297000
2019-05-23,86.54149627685547,4828000
2019-05-24,85.9118423461914,2786400
2019-05-28,84.39903259277344,5707100
2019-05-29,85.16768646240234,4923400
2019-05-30,86.22257232666016,3365700
2019-05-31,85.29851531982422,4463100
2019-06-03,86.00177001953125,4504500
2019-06-04,89.23186492919922,4924700
2019-06-05,89.5262451171875,3977400
2019-06-06,90.10684204101562,4734100
2019-06-07,90.90823364257812,5408600
2019-06-10,92.10212707519531,4656800
2019-06-11,92.34745788574219,4775700
2019-06-12,90.2294921875,4105400
2019-06-13,90.91639709472656,3392000
2019-06-14,87.75175476074219,7137800
2019-06-17,87.26927947998047,3655300
2019-06-18,90.8019027709961,5207900
2019-06-19,91.01454162597656,2745900
2019-06-20,92.16754913330078,2789900
2019-06-21,91.8486099243164,5124900
2019-06-24,92.18390655517578,3356200
2019-06-25,91.1617202758789,3426200
2019-06-26,93.57406616210938,5308200
2019-06-27,94.74343872070312,4163800
2019-06-28,93.84391784667969,6129800
2019-07-01,95.83102416992188,6123700
2019-07-02,94.90699005126953,3818600
2019-07-03,94.8088607788086,2321700
2019-07-05,94.65345764160156,2915400
2019-07-08,93.98292541503906,2974500
2019-07-09,94.67800903320312,2754000
2019-07-10,95.38127899169922,3531800
2019-07-11,95.44668579101562,3044700
2019-07-12,96.75508117675781,2292500
2019-07-15,97.99803924560547,4020600
2019-07-16,97.04945373535156,4588800
2019-07-17,95.8228530883789,4027700
2019-07-18,96.95948791503906,2913000
2019-07-19,95.88825988769531,5596300
2019-07-22,96.64057922363281,3862700
2019-07-23,98.18611145019531,7146900
2019-07-24,105.488525390625,16553300
2019-07-25,104.1392822265625,8504500
2019-07-26,104.80162048339844,5282300
2019-07-29,106.28175354003906,6070100
2019-07-30,105.73881530761719,3487300
2019-07-31,102.83501434326172,6601600
2019-08-01,101.55171203613281,7979300
2019-08-02,100.21086883544922,7368400
2019-08-05,96.18827819824219,8689800
2019-08-06,97.89108276367188,4783900
2019-08-07,99.30596923828125,7726600
2019-08-08,102.2591552734375,6226400
2019-08-09,99.21550750732422,5777500
2019-08-12,98.77949523925781,3728400
2019-08-13,101.46124267578125,6285300
2019-08-14,99.2072525024414,4531700
2019-08-15,98.59031677246094,3352600
2019-08-16,101.03348541259766,3675100
2019-08-19,102.49771881103516,3244500
2019-08-20,102.2591552734375,2706400
2019-08-21,103.6822738647461,3866100
2019-08-22,102.99952697753906,2997800
2019-08-23,98.9522705078125,6515900
2019-08-26,100.08746337890625,3294000
2019-08-27,100.50699615478516,3679700
2019-08-28,100.96766662597656,2470800
2019-08-29,101.65042877197266,3454600
2019-08-30,101.79851531982422,2747100
2019-09-03,100.14505004882812,3913200
2019-09-04,102.489501953125,3858200
2019-09-05,104.31571197509766,5330400
2019-09-06,104.54603576660156,2457500
2019-09-09,104.55426788330078,3813700
2019-09-10,104.5049057006836,4725600
2019-09-11,105.77174377441406,4286100
2019-09-12,107.12081909179688,4472900
2019-09-13,106.6190414428711,3110800
2019-09-16,105.59077453613281,3065800
2019-09-17,106.57788848876953,2673600
2019-09-18,106.37223815917969,2328000
2019-09-19,105.97738647460938,2608100
2019-09-20,104.20052337646484,7471500
2019-09-23,105.10542297363281,3946200
2019-09-24,103.49308776855469,4694600
2019-09-25,105.08073425292969,3293400
2019-09-26,105.3851089477539,3297700
2019-09-27,104.58716583251953,5263500
2019-09-30,106.31466674804688,4233400
2019-10-01,105.77995300292969,5093900
2019-10-02,104.34037017822266,5334600
2019-10-03,105.8704605102539,5199700
2019-10-04,107.0550308227539,3893000
2019-10-07,105.99384307861328,2426200
2019-10-08,102.81031036376953,4769100
2019-10-09,104.83396911621094,2884800
2019-10-10,105.07251739501953,2679300
2019-10-11,107.01387786865234,4717200
2019-10-14,106.73419952392578,2292900
2019-10-15,108.33006286621094,2955400
2019-10-16,106.52851104736328,4537600
2019-10-17,107.04679107666016,3003500
2019-10-18,106.4956283569336,4126000
2019-10-21,107.70484924316406,3355100
2019-10-22,105.76349639892578,5518900
2019-10-23,97.84993743896484,18450000
2019-10-24,97.40575408935547,6205400
2019-10-25,99.13322448730469,4788200
2019-10-28,98.71369171142578,6492900
2019-10-29,98.9522705078125,4622200
2019-10-30,97.62614440917969,5276200
2019-10-31,97.79192352294922,4778400
2019-11-01,97.83335876464844,4430100
2019-11-04,100.26180267333984,5175400
2019-11-05,99.34181213378906,3994500
2019-11-06,99.75621795654297,3904700
2019-11-07,99.39154815673828,4271200
2019-11-08,99.54901885986328,3804900
2019-11-11,97.86650848388672,5165300
2019-11-12,98.64559936523438,4761100
2019-11-13,98.1482925415039,4928800
2019-11-14,97.44383239746094,4568500
2019-11-15,97.80020141601562,4496800
2019-11-18,97.70902252197266,5337700
2019-11-19,97.66759490966797,3860600
2019-11-20,96.33319854736328,4368600
2019-11-21,96.2254638671875,5447700
2019-11-22,96.97968292236328,3008900
2019-11-25,98.6373062133789,3726400
2019-11-26,98.73677825927734,7099700
2019-11-27,100.89169311523438,4876200
2019-11-29,99.63188934326172,3498900
2019-12-02,98.45497131347656,4733500
2019-12-03,97.59297943115234,5307100
2019-12-04,99.68989562988281,4537600
2019-12-05,100.0711441040039,3260400
2019-12-06,101.4221420288086,3815900
2019-12-09,101.115478515625,2801300
2019-12-10,100.59331512451172,4043400
2019-12-11,102.5410385131836,2959800
2019-12-12,104.48873901367188,5412700
2019-12-13,104.9611587524414,3451500
2019-12-16,105.31755828857422,4973100
2019-12-17,105.33413696289062,4354200
2019-12-18,104.72080993652344,5776200
2019-12-19,104.76225280761719,3961500
2019-12-20,106.87572479248047,9321400
2019-12-23,106.544189453125,3095000
2019-12-24,106.52763366699219,1403400
2019-12-26,106.48617553710938,2339900
2019-12-27,106.56079864501953,1800600
2019-12-30,105.80655670166016,2283700
2019-12-31,106.32869720458984,2813300
2020-01-02,107.38961029052734,4614000
2020-01-03,105.96403503417969,4057200
2020-01-06,105.22640228271484,4345400
2020-01-07,107.25699615478516,7184100
2020-01-08,107.54708099365234,3546900
2020-01-09,108.84829711914062,3526600
2020-01-10,107.74598693847656,3234000
2020-01-13,107.70452880859375,4313200
2020-01-14,108.30128479003906,4626200
2020-01-15,107.05806732177734,3392300
2020-01-16,107.87860107421875,5475900
2020-01-17,109.15496826171875,5487100
2020-01-21,108.45879364013672,8631500
2020-01-22,110.51421356201172,8899700
2020-01-23,111.26846313476562,8598700
2020-01-24,108.17698669433594,5606800
2020-01-27,104.68766784667969,5890900
2020-01-28,106.12151336669922,4397500
2020-01-29,104.00802612304688,4535000
2020-01-30,103.86611938476562,5521300
2020-01-31,100.71890258789062,5782500
2020-02-03,103.01461791992188,5396400
2020-02-04,105.57746124267578,4434700
2020-02-05,110.56122589111328,7281800
2020-02-06,110.62801361083984,3686600
2020-02-07,107.43907928466797,4331700
2020-02-10,108.23213958740234,2882500
2020-02-11,109.10867309570312,2986800
2020-02-12,110.54451751708984,2839100
2020-02-13,110.8700942993164,4268700
2020-02-14,110.36922454833984,2605200
2020-02-18,109.55949401855469,3094400
2020-02-19,111.13724517822266,3931600
2020-02-20,109.7514877319336,2487800
2020-02-21,107.2887954711914,4121000
2020-02-24,101.37838745117188,7483800
2020-02-25,98.82389831542969,6347200
2020-02-26,99.16618347167969,5778000
2020-02-27,94.4411849975586,8687300
2020-02-28,95.28435516357422,11431100
2020-03-02,99.31645965576172,7207500
2020-03-03,95.00885772705078,9217300
2020-03-04,99.38321685791016,5556500
2020-03-05,95.76852416992188,6162300
2020-03-06,94.46623229980469,6386200
2020-03-09,87.68765258789062,8454600
2020-03-10,93.59805297851562,9206200
2020-03-11,88.90643310546875,9636500
2020-03-12,81.41828155517578,15158500
2020-03-13,88.5224380493164,16040100
2020-03-16,78.05403137207031,12389200
2020-03-17,88.61427307128906,16243500
2020-03-18,83.4802474975586,16413900
2020-03-19,84.79088592529297,9298500
2020-03-20,81.4767074584961,10253200
2020-03-23,82.17796325683594,9680700
2020-03-24,87.95478820800781,9385700
2020-03-25,82.77900695800781,11862100
2020-03-26,89.95829772949219,10441400
2020-03-27,83.89763641357422,7579200
2020-03-30,85.16654205322266,6950800
2020-03-31,83.42179870605469,8968000
2020-04-01,80.88399505615234,8229700
2020-04-02,85.16654205322266,8353400
2020-04-03,83.46355438232422,6587300
2020-04-06,90.96006774902344,7189500
2020-04-07,88.70611572265625,7762200
2020-04-08,91.97018432617188,5426500
2020-04-09,89.8998794555664,5902300
2020-04-13,89.88316345214844,5209400
2020-04-14,92.6213150024414,8142400
2020-04-15,90.14197540283203,5381300
2020-04-16,92.9886474609375,5777700
2020-04-17,94.79180908203125,6100000
2020-04-20,93.10553741455078,7957200
2020-04-21,89.19029235839844,8799800
2020-04-22,93.4811782836914,10961000
2020-04-23,92.21227264404297,5374000
2020-04-24,95.1090316772461,5570200
2020-04-27,96.65343475341797,4728000
2020-04-28,95.3678207397461,5762300
2020-04-29,99.67539978027344,4936900
2020-04-30,96.89551544189453,5781000
2020-05-01,92.30187225341797,5839800
2020-05-04,92.96651458740234,4987000
2020-05-05,93.8415298461914,5242400
2020-05-06,94.58186340332031,3701300
2020-05-07,95.61669921875,3601300
2020-05-08,96.75251770019531,4331200
2020-05-11,96.65154266357422,2723600
2020-05-12,93.96771240234375,3547100
2020-05-13,91.763427734375,4653000
2020-05-14,92.84032440185547,4396100
2020-05-15,91.06513214111328,7237700
2020-05-18,96.2645263671875,6527200
2020-05-19,94.80062103271484,4594800
2020-05-20,98.83898162841797,4961600
2020-05-21,95.45684814453125,4381700
2020-05-22,95.43160247802734,3061600
2020-05-26,97.36664581298828,4822000
2020-05-27,99.1250228881836,4079400
2020-05-28,97.48445892333984,3798200
2020-05-29,99.8990478515625,5953600
2020-06-01,99.15869140625,2842500
2020-06-02,103.2054443359375,7277700
2020-06-03,107.02509307861328,7650600
2020-06-04,108.17768859863281,5052500
2020-06-05,110.58390045166016,7788500
2020-06-08,111.77857971191406,5602500
2020-06-09,111.15601348876953,4450000
2020-06-10,110.55023956298828,4005700
2020-06-11,104.8376235961914,6013700
2020-06-12,104.29920196533203,5950800
2020-06-15,104.5179443359375,5152800
2020-06-16,106.09963989257812,3529000
2020-06-17,106.1921615600586,2934000
2020-06-18,105.9902572631836,3062500
2020-06-19,105.07321166992188,10377200
2020-06-22,105.35926055908203,3677600
2020-06-23,106.52870178222656,4679000
2020-06-24,104.31600952148438,4747100
2020-06-25,105.21623229980469,2617200
2020-06-26,103.79438781738281,9870700
2020-06-29,104.97224426269531,3540100
2020-06-30,106.82315063476562,5572400
2020-07-01,104.99747467041016,4022000
2020-07-02,105.84721374511719,4799000
2020-07-06,108.9769287109375,4957000
2020-07-07,108.19452667236328,3778200
2020-07-08,108.74980163574219,3584300
2020-07-09,109.734130859375,4977300
2020-07-10,109.81826782226562,2659200
2020-07-13,108.37963104248047,4861600
2020-07-14,110.96247863769531,4247500
2020-07-15,111.18121337890625,3625100
2020-07-16,111.20647430419922,3337600
2020-07-17,112.6451644897461,4666100
2020-07-20,114.90831756591797,4623100
2020-07-21,113.98284149169922,7715800
2020-07-22,111.50091552734375,10911900
2020-07-23,108.56470489501953,7793500
2020-07-24,109.06110382080078,5077100
2020-07-27,111.15601348876953,3874500
2020-07-28,109.48176574707031,3545300
2020-07-29,110.75216674804688,2818300
2020-07-30,109.18498992919922,4146900
2020-07-31,108.04986572265625,8044000
2020-08-03,109.54925537109375,4311800
2020-08-04,112.01437377929688,5361500
2020-08-05,112.41251373291016,4370200
2020-08-06,113.29351806640625,2961800
2020-08-07,113.14102935791016,2856700
2020-08-10,114.70820617675781,5526400
2020-08-11,115.24189758300781,5383800
2020-08-12,117.44439697265625,3073700
2020-08-13,116.18218231201172,2945100
2020-08-14,116.35163116455078,2062900
2020-08-17,117.13943481445312,2380400
2020-08-18,118.01197052001953,2760400
2020-08-19,117.30882263183594,3803200
2020-08-20,117.38510131835938,2761200
2020-08-21,118.87599182128906,4382500
2020-08-24,119.46052551269531,2841300
2020-08-25,120.00267791748047,2840700
2020-08-26,120.67192840576172,2974100
2020-08-27,119.85868072509766,2801000
2020-08-28,121.55291748046875,2884700
2020-08-31,120.41773986816406,4344600
2020-09-01,122.79817199707031,3563400
2020-09-02,125.06845092773438,4579200
2020-09-03,120.01116943359375,5866400
2020-09-04,118.99459075927734,5251600
2020-09-08,115.24189758300781,5893700
2020-09-09,118.32539367675781,5418500
2020-09-10,116.21605682373047,3985800
2020-09-11,115.52141571044922,3524400
2020-09-14,117.3511962890625,3120400
2020-09-15,119.13863372802734,2718700
2020-09-16,118.32539367675781,3591700
2020-09-17,118.935302734375,5646100
2020-09-18,117.46134185791016,7025900
2020-09-21,116.03816986083984,6036000
2020-09-22,117.45286560058594,3213200
2020-09-23,114.49645233154297,5766400
2020-09-24,115.79248809814453,2911000
2020-09-25,117.17329406738281,3036000
2020-09-28,120.2398681640625,3454100
2020-09-29,119.86713409423828,2722900
2020-09-30,120.95989227294922,5599600
2020-10-01,122.7558364868164,4431200
2020-10-02,119.51981353759766,3928600
2020-10-05,122.05269622802734,3052800
2020-10-06,121.8578872680664,3418700
2020-10-07,124.31452178955078,2845500
2020-10-08,125.42423248291016,2323700
2020-10-09,127.8385009765625,4209800
2020-10-12,131.21852111816406,5147800
2020-10-13,130.8712158203125,3524000
2020-10-14,129.41416931152344,3267400
2020-10-15,129.2278289794922,2936000
2020-10-16,129.71066284179688,4599700
2020-10-19,127.71142578125,4225400
2020-10-20,127.77075958251953,3916100
2020-10-21,123.78929901123047,6700600
2020-10-22,125.55979919433594,3167200
2020-10-23,127.03376007080078,3509100
2020-10-26,123.63680267333984,4290700
2020-10-27,124.62796020507812,4102400
2020-10-28,121.1378402709961,7413600
2020-10-29,124.72981262207031,5600400
2020-10-30,123.36465454101562,5427000
2020-11-02,124.22640991210938,3756600
2020-11-03,125.67686462402344,3588600
2020-11-04,129.71253967285156,5015300
2020-11-05,132.72433471679688,4638100
2020-11-06,134.5843048095703,4217700
2020-11-09,133.2874298095703,5308600
2020-11-10,129.25180053710938,5697900
2020-11-11,132.84378051757812,3497200
2020-11-12,131.81996154785156,2607100
2020-11-13,133.65431213378906,2439800
2020-11-16,135.0706329345703,3456500
2020-11-17,132.673095703125,3526700
2020-11-18,131.00941467285156,2998400
2020-11-19,134.18328857421875,2465300
2020-11-20,133.7993621826172,3013000
2020-11-23,134.3112335205078,2803000
2020-11-24,135.95797729492188,4962800
2020-11-25,134.46485900878906,3543700
2020-11-27,135.65081787109375,3084400
2020-11-30,137.5790557861328,4845200
2020-12-01,139.49026489257812,4894400
2020-12-02,138.833251953125,4212300
2020-12-03,138.201904296875,4778600
2020-12-04,142.075439453125,3741600
2020-12-07,141.8791961669922,4645300
2020-12-08,142.21194458007812,3259900
2020-12-09,138.86737060546875,5593900
2020-12-10,138.21896362304688,5597300
2020-12-11,137.03302001953125,4145800
2020-12-14,136.61492919921875,5994200
2020-12-15,138.5431671142578,5732100
2020-12-16,138.3213348388672,3147900
2020-12-17,138.8076629638672,5253400
2020-12-18,139.98509216308594,7072600
2020-12-21,138.58580017089844,3077300
2020-12-22,138.66261291503906,2640900
2020-12-23,137.3486785888672,2012400
2020-12-24,137.9118194580078,1044400
2020-12-28,137.7667694091797,2139300
2020-12-29,137.519287109375,2433700
2020-12-30,138.81617736816406,2213800
2020-12-31,140.03627014160156,2906200
2021-01-04,138.40663146972656,4659900
2021-01-05,139.42196655273438,4734100
2021-01-06,140.113037109375,5254400
2021-01-07,143.28700256347656,5673600
2021-01-08,146.03428649902344,4556500
2021-01-11,146.16224670410156,4553100
2021-01-12,147.0069580078125,3406600
2021-01-13,146.2476043701172,2953900
2021-01-14,146.50355529785156,3416300
2021-01-15,144.35348510742188,3734600
2021-01-19,148.61949157714844,6277800
2021-01-20,147.88575744628906,4329500
2021-01-21,149.3959503173828,3583900
2021-01-22,147.44203186035156,3736800
2021-01-25,147.5359344482422,5401900
2021-01-26,146.2987823486328,5341900
2021-01-27,139.01243591308594,10011200
2021-01-28,144.38760375976562,6796600
2021-01-29,142.2244873046875,5969800
2021-02-01,148.03573608398438,5715600
2021-02-02,150.00143432617188,4861200
2021-02-03,144.7052001953125,5019200
2021-02-04,147.64083862304688,3519800
2021-02-05,145.86402893066406,4045000
2021-02-08,150.3189697265625,4597600
2021-02-09,149.09152221679688,2777700
2021-02-10,149.6666259765625,3414600
2021-02-11,153.8383331298828,4776000
2021-02-12,154.1988983154297,2532500
2021-02-16,155.16024780273438,3887600
2021-02-17,153.24607849121094,4315100
2021-02-18,151.51214599609375,4195100
2021-02-19,153.09156799316406,4248500
2021-02-22,148.5764617919922,4386900
2021-02-23,148.37046813964844,6514400
2021-02-24,153.98428344726562,5100500
2021-02-25,146.37905883789062,6099600
2021-02-26,147.8726348876953,6060600
2021-03-01,152.50790405273438,4771500
2021-03-02,150.12156677246094,5401500
2021-03-03,146.43051147460938,4715900
2021-03-04,140.13006591796875,8318900
2021-03-05,144.1558074951172,5681200
2021-03-08,139.1514892578125,6065400
2021-03-09,146.23312377929688,7610300
2021-03-10,145.42626953125,4270500
2021-03-11,150.17306518554688,5002700
2021-03-12,148.98851013183594,3514600
2021-03-15,150.1387481689453,3876500
2021-03-16,152.05288696289062,4132600
2021-03-17,153.94993591308594,4004800
2021-03-18,149.6666259765625,4214400
2021-03-19,151.0572052001953,8447300
2021-03-22,154.59371948242188,4476100
2021-03-23,153.4606475830078,4688500
2021-03-24,153.56362915039062,5056100
2021-03-25,153.2117156982422,4878500
2021-03-26,161.54653930664062,6363500
2021-03-29,159.81263732910156,4983600
2021-03-30,159.60665893554688,4458700
2021-03-31,162.2246551513672,5427500
2021-04-01,164.8599090576172,4581300
2021-04-05,169.04022216796875,4323900
2021-04-06,167.03158569335938,3506900
2021-04-07,165.7440185546875,3678900
2021-04-08,167.55523681640625,3157200
2021-04-09,167.7526092529297,3127300
2021-04-12,165.17750549316406,4504800
2021-04-13,164.15603637695312,4009300
2021-04-14,163.37490844726562,3555000
2021-04-15,165.81272888183594,4471900
2021-04-16,164.748291015625,5792900
2021-04-19,160.56802368164062,5334900
2021-04-20,159.03152465820312,4258900
2021-04-21,162.14743041992188,4796500
2021-04-22,159.48646545410156,3853100
2021-04-23,162.07876586914062,3512400
2021-04-26,164.25906372070312,3842300
2021-04-27,163.2719268798828,3864100
2021-04-28,156.0701141357422,9434200
2021-04-29,159.50363159179688,4547300
2021-04-30,155.80087280273438,6193600
2021-05-03,154.32492065429688,5136100
2021-05-04,154.5234375,5222300
2021-05-05,156.7848358154297,5257100
2021-05-06,159.0461883544922,4525800
2021-05-07,162.05844116210938,4591400
2021-05-10,157.1300811767578,4580400
2021-05-11,158.12261962890625,4641300
2021-05-12,152.4261016845703,5297900
2021-05-13,154.48892211914062,4361000
2021-05-14,158.18307495117188,4433500
2021-05-17,156.0770721435547,4162300
2021-05-18,154.38536071777344,3454100
2021-05-19,156.84524536132812,4780000
2021-05-20,159.9351806640625,5387000
2021-05-21,159.68490600585938,3682300
2021-05-24,162.8611602783203,4175900
2021-05-25,162.8697967529297,4270100
2021-05-26,162.57635498046875,4221600
2021-05-27,163.24090576171875,10107700
2021-05-28,163.8364715576172,3306500
2021-06-01,163.1287384033203,4817300
2021-06-02,164.63917541503906,3137900
2021-06-03,160.5393829345703,4205300
2021-06-04,164.0522918701172,3462900
2021-06-07,162.74029541015625,2726100
2021-06-08,161.34207153320312,3063600
2021-06-09,160.9277801513672,2866900
2021-06-10,162.26556396484375,3188700
2021-06-11,162.84385681152344,2309400
2021-06-14,164.2162628173828,3360300
2021-06-15,162.7920684814453,2600100
2021-06-16,162.0325469970703,3357900
2021-06-17,161.96348571777344,3222300
2021-06-18,158.01046752929688,7535200
2021-06-21,160.63429260253906,3771200
2021-06-22,161.43699645996094,3299700
2021-06-23,160.62571716308594,2473300
2021-06-24,162.7920684814453,2876700
2021-06-25,162.4123077392578,4639100
2021-06-28,165.31240844726562,3228700
2021-06-29,166.4776153564453,2108700
2021-06-30,165.97698974609375,2687600
2021-07-01,164.7168426513672,3455900
2021-07-02,165.8992919921875,2389900
2021-07-06,165.0275421142578,2619600
2021-07-07,163.80191040039062,2749500
2021-07-08,162.47274780273438,3146900
2021-07-09,164.22486877441406,3109200
2021-07-12,165.6490020751953,4069500
2021-07-13,165.0275421142578,2695100
2021-07-14,165.0966339111328,3590200
2021-07-15,162.49000549316406,4259900
2021-07-16,160.64295959472656,4337500
2021-07-19,160.74652099609375,4181300
2021-07-20,162.0670928955078,4287300
2021-07-21,167.65138244628906,6352800
2021-07-22,158.73544311523438,12673900
2021-07-23,162.1724853515625,5983000
2021-07-26,163.396240234375,4516600
2021-07-27,160.6796112060547,4649900
2021-07-28,162.1724853515625,2956700
2021-07-29,164.75888061523438,3081800
2021-07-30,165.44454956054688,2521600
2021-08-02,165.53134155273438,2922600
2021-08-03,164.33360290527344,3703400
2021-08-04,166.9720916748047,3793600
2021-08-05,167.6491241455078,2769500
2021-08-06,167.4755096435547,2414300
2021-08-09,165.2969970703125,2395900
2021-08-10,164.60264587402344,3497100
2021-08-11,164.4724578857422,2339300
2021-08-12,163.05775451660156,3949600
2021-08-13,163.77813720703125,1923700
2021-08-16,164.77626037597656,2506100
2021-08-17,161.7124481201172,3411800
2021-08-18,159.52529907226562,2862500
2021-08-19,160.6015167236328,3871700
2021-08-20,160.54075622558594,3855300
2021-08-23,163.04037475585938,3529000
2021-08-24,163.0143585205078,3268200
2021-08-25,163.2486572265625,3163600
2021-08-26,163.14454650878906,3643700
2021-08-27,165.35777282714844,2859800
2021-08-30,166.14756774902344,2356500
2021-08-31,165.69622802734375,4227500
2021-09-01,163.474365234375,4536600
2021-09-02,164.39439392089844,2061400
2021-09-03,164.80227661132812,2103400
2021-09-07,164.43775939941406,2295900
2021-09-08,163.86492919921875,2021600
2021-09-09,163.57852172851562,1827900
2021-09-10,165.47055053710938,3331700
2021-09-13,168.3607940673828,3687200
2021-09-14,169.34156799316406,3239600
2021-09-15,171.41590881347656,3995900
2021-09-16,170.82568359375,2661500
2021-09-17,170.33096313476562,5819300
2021-09-20,167.1543731689453,4614300
2021-09-21,167.4755096435547,3093400
2021-09-22,170.04458618164062,3526100
2021-09-23,172.43136596679688,2756900
2021-09-24,174.1498565673828,3191500
2021-09-27,173.87213134765625,3022300
2021-09-28,169.15060424804688,4274600
2021-09-29,167.5709991455078,3436800
2021-09-30,166.8245391845703,3270800
2021-10-01,168.19589233398438,2986100
2021-10-04,165.25363159179688,3934100
2021-10-05,168.2740020751953,3860200
2021-10-06,168.7166290283203,3103400
2021-10-07,169.51515197753906,2873200
2021-10-08,169.45436096191406,2574100
2021-10-11,167.83131408691406,2280200
2021-10-12,163.5872039794922,6225100
2021-10-13,162.38946533203125,3796500
2021-10-14,167.06756591796875,3412800
2021-10-15,168.7687530517578,2648900
2021-10-18,169.16796875,2804600
2021-10-19,172.04949951171875,2666100
2021-10-20,173.047607421875,3043300
2021-10-21,174.70533752441406,3276300
2021-10-22,172.778564453125,3649200
2021-10-25,173.75930786132812,4254900
2021-10-26,170.964599609375,5837500
2021-10-27,162.38946533203125,10365500
2021-10-28,163.05775451660156,5123000
2021-10-29,163.72142028808594,4552200
2021-11-01,163.71270751953125,4203900
2021-11-02,165.34573364257812,4009600
2021-11-03,165.2147674560547,3666900
2021-11-04,166.89144897460938,4828000
2021-11-05,168.8912353515625,4510500
2021-11-08,167.98301696777344,5213900
2021-11-09,166.61196899414062,4314700
2021-11-10,163.31976318359375,4304600
2021-11-11,164.69952392578125,2554800
2021-11-12,165.99195861816406,3121700
2021-11-15,165.24966430664062,2985200
2021-11-16,164.62965393066406,3312000
2021-11-17,165.5465850830078,4167800
2021-11-18,168.9523468017578,4677300
2021-11-19,170.42819213867188,5129100
2021-11-22,168.1053009033203,4712300
2021-11-23,168.22752380371094,4881400
2021-11-24,169.0658721923828,6494000
2021-11-26,164.402587890625,3324900
2021-11-29,169.7470245361328,4576200
2021-11-30,167.99172973632812,8775600
2021-12-01,167.4590606689453,7279100
2021-12-02,169.04843139648438,4236700
2021-12-03,168.87379455566406,4901000
2021-12-06,169.94789123535156,4084600
2021-12-07,173.8077392578125,5815600
2021-12-08,171.50233459472656,4255900
2021-12-09,168.8912353515625,3626700
2021-12-10,171.1616973876953,3264200
2021-12-13,168.75149536132812,6178300
2021-12-14,166.15786743164062,6130400
2021-12-15,168.92616271972656,6342000
2021-12-16,164.3851318359375,5452300
2021-12-17,162.69097900390625,8427700
2021-12-20,160.8920135498047,4474300
2021-12-21,162.75209045410156,6089400
2021-12-22,163.2411346435547,3375500
2021-12-23,163.65159606933594,3266500
2021-12-27,167.52890014648438,3405600
2021-12-28,166.8826904296875,2806900
2021-12-29,166.62940979003906,2754900
2021-12-30,165.40689086914062,2109200
2021-12-31,164.58599853515625,2813900
2022-01-03,166.4460906982422,3781500
2022-01-04,166.62071228027344,4137500
2022-01-05,163.1450653076172,5047400
2022-01-06,163.09271240234375,4502600
2022-01-07,156.70030212402344,7414200
2022-01-10,159.7742462158203,7195800
2022-01-11,161.24131774902344,5239300
2022-01-12,162.4552001953125,4240100
2022-01-13,160.8134765625,5361100
2022-01-14,163.31101989746094,4731400
2022-01-18,159.180419921875,7382800
2022-01-19,155.7047882080078,5207300
2022-01-20,151.46942138671875,6057800
2022-01-21,153.3818817138672,11527900
2022-01-24,155.7397003173828,11717600
2022-01-25,151.914794921875,8157600
2022-01-26,155.73098754882812,12852700
2022-01-27,152.65708923339844,6752900
2022-01-28,155.84805297851562,7322100
2022-01-31,157.781982421875,6980800
2022-02-01,159.3642578125,6233700
2022-02-02,165.1220245361328,8993800
2022-02-03,154.35360717773438,11691400
2022-02-04,150.68797302246094,11408600
2022-02-07,149.39576721191406,6418900
2022-02-08,151.7516326904297,4622000
2022-02-09,155.33816528320312,7140600
2022-02-10,150.01988220214844,7583400
2022-02-11,144.5169677734375,7564200
2022-02-14,142.82044982910156,7468000
2022-02-15,146.07293701171875,6969700
2022-02-16,147.892578125,4594300
2022-02-17,144.73672485351562,6807700
2022-02-18,146.5740203857422,6359100
2022-02-22,146.530029296875,7293800
2022-02-23,145.60704040527344,5893900
2022-02-24,149.07928466796875,7754800
2022-02-25,150.16053771972656,4830100
2022-02-28,149.430908203125,5656600
2022-03-01,147.0574493408203,6049600
2022-03-02,149.5276336669922,5304100
2022-03-03,150.3187713623047,5154200
2022-03-04,149.4221649169922,6804700
2022-03-07,144.94775390625,7064800
2022-03-08,147.1013946533203,7486500
2022-03-09,151.60218811035156,6047300
2022-03-10,151.85708618164062,6079100
2022-03-11,149.7561798095703,4869700
2022-03-14,146.55642700195312,4863200
2022-03-15,151.47911071777344,5138600
2022-03-16,155.004150390625,5660400
2022-03-17,156.8853302001953,4930700
2022-03-18,158.3181915283203,9031500
2022-03-21,158.63462829589844,5030600
2022-03-22,160.29608154296875,3802900
2022-03-23,157.42152404785156,4821100
2022-03-24,161.93112182617188,4169400
2022-03-25,162.53765869140625,3738800
2022-03-28,163.22332763671875,3117000
2022-03-29,167.90870666503906,5835700
2022-03-30,164.77920532226562,3865700
2022-03-31,161.2893829345703,7170700
2022-04-01,160.05870056152344,4631700
2022-04-04,160.61253356933594,4644800
2022-04-05,155.75131225585938,6956500
2022-04-06,155.81288146972656,6932900
2022-04-07,156.1205596923828,4178500
2022-04-08,153.05262756347656,4504500
2022-04-11,151.1450653076172,4347800
2022-04-12,152.0768585205078,4550800
2022-04-13,153.93167114257812,5229100
2022-04-14,152.65704345703125,4578500
2022-04-18,155.2063446044922,3564000
2022-04-19,157.4039764404297,4671900
2022-04-20,157.7204132080078,4553700
2022-04-21,155.7952880859375,4735000
2022-04-22,152.34938049316406,6355900
2022-04-25,152.8768310546875,8737600
2022-04-26,148.06838989257812,9591700
2022-04-27,148.90350341796875,12570400
2022-04-28,154.5821990966797,8233600
2022-04-29,149.65948486328125,6698600
2022-05-02,152.9559326171875,5851500
2022-05-03,151.67251586914062,5438600
2022-05-04,154.9162139892578,10311500
2022-05-05,149.6858367919922,7740400
2022-05-06,148.19894409179688,5724800
2022-05-09,145.97755432128906,7929700
2022-05-10,148.89816284179688,7033300
2022-05-11,145.75628662109375,5892800
2022-05-12,146.82716369628906,5936100
2022-05-13,150.22573852539062,5329900
2022-05-16,149.12828063964844,3648900
2022-05-17,154.86328125,5851300
2022-05-18,150.72132873535156,5747200
2022-05-19,148.34947204589844,5399600
2022-05-20,150.28765869140625,6278300
2022-05-23,150.39385986328125,5384100
2022-05-24,148.5618133544922,5121700
2022-05-25,150.46466064453125,4712100
2022-05-26,154.11097717285156,4536600
2022-05-27,157.509521484375,5857900
2022-05-31,156.4386444091797,9408000
2022-06-01,154.36767578125,4681600
2022-06-02,156.40328979492188,6521600
2022-06-03,152.51795959472656,4485500
2022-06-06,148.47332763671875,5603800
2022-06-07,150.32308959960938,4416100
2022-06-08,146.3581085205078,5112600
2022-06-09,143.0038299560547,5353200
2022-06-10,139.6407012939453,6511000
2022-06-13,135.87930297851562,7765000
2022-06-14,136.36607360839844,4772600
2022-06-15,137.99452209472656,5442100
2022-06-16,133.9676055908203,6843700
2022-06-17,132.93212890625,11262500
2022-06-21,135.81735229492188,6283100
2022-06-22,135.05625915527344,4242900
2022-06-23,133.7640838623047,4318200
2022-06-24,138.02108764648438,6425900
2022-06-27,137.72900390625,5762300
2022-06-28,136.43687438964844,4687500
2022-06-29,135.21551513671875,4348300
2022-06-30,135.98550415039062,6807900
2022-07-01,131.46295166015625,8740200
2022-07-05,131.95863342285156,8486400
2022-07-06,133.47203063964844,5238200
2022-07-07,136.9059600830078,5169400
2022-07-08,137.6493682861328,3467500
2022-07-11,135.90585327148438,4051100
2022-07-12,136.70237731933594,4085100
2022-07-13,136.55194091796875,3755400
2022-07-14,139.70263671875,4758800
2022-07-15,142.0833740234375,7466100
2022-07-18,141.3134307861328,4088700
2022-07-19,145.7120361328125,5390800
2022-07-20,146.32269287109375,5889100
2022-07-21,147.3936004638672,5466700
2022-07-22,145.05709838867188,5269700
2022-07-25,144.43759155273438,4201400
2022-07-26,142.348876953125,6080600
2022-07-27,151.81875610351562,11623100
2022-07-28,155.54478454589844,6468800
2022-07-29,159.3665771484375,6624000
2022-08-01,159.28639221191406,4865700
2022-08-02,157.87884521484375,4442500
2022-08-03,163.44671630859375,6201100
2022-08-04,164.72958374023438,4533900
2022-08-05,164.18614196777344,3690100
2022-08-08,162.849853515625,3547300
2022-08-09,158.31536865234375,5306400
2022-08-10,163.13491821289062,4276500
2022-08-11,162.19064331054688,3858300
2022-08-12,165.1482696533203,4160900
2022-08-15,165.16607666015625,2863400
2022-08-16,163.3487548828125,4541600
2022-08-17,157.4244842529297,6869000
2022-08-18,158.98353576660156,4390400
2022-08-19,157.19285583496094,4569500
2022-08-22,152.72964477539062,4919000
2022-08-23,153.69175720214844,3663900
2022-08-24,153.39776611328125,3037800
2022-08-25,157.95899963378906,4350000
2022-08-26,150.99244689941406,6583500
2022-08-29,149.61160278320312,4625800
2022-08-30,148.54258728027344,5343300
2022-08-31,147.1795654296875,6489900
2022-09-01,148.02589416503906,5593800
2022-09-02,145.21075439453125,4466200
2022-09-06,145.29983520507812,5057000
2022-09-07,147.72300720214844,5332400
2022-09-08,150.0303192138672,5473200
2022-09-09,152.1060333251953,5196200
2022-09-12,151.96351623535156,5216800
2022-09-13,144.89895629882812,7928700
2022-09-14,147.22409057617188,4792600
2022-09-15,144.91677856445312,6105400
2022-09-16,147.22409057617188,13417800
2022-09-19,148.1060333251953,4929500
2022-09-20,147.93679809570312,5220200
2022-09-21,145.47799682617188,6639800
2022-09-22,144.87222290039062,5696200
2022-09-23,143.6873779296875,6936100
2022-09-26,142.9479522705078,4605800
2022-09-27,143.17071533203125,4261500
2022-09-28,145.03257751464844,4881500
2022-09-29,141.1573028564453,6699000
2022-09-30,137.88784790039062,6074700
2022-10-03,142.39564514160156,6668500
2022-10-04,147.12611389160156,7233100
2022-10-05,149.48692321777344,5262600
2022-10-06,148.36439514160156,4171000
2022-10-07,141.896728515625,8306400
2022-10-10,139.6785125732422,6573600
2022-10-11,136.70298767089844,9526900
2022-10-12,135.01039123535156,4526100
2022-10-13,137.49586486816406,7913800
2022-10-14,132.15069580078125,7470600
2022-10-17,134.51150512695312,5936100
2022-10-18,134.97474670410156,4866600
2022-10-19,135.99029541015625,5060100
2022-10-20,136.94354248046875,6506200
2022-10-21,142.28871154785156,7706200
2022-10-24,144.00808715820312,5467600
2022-10-25,144.46241760253906,8611200
2022-10-26,140.64064025878906,12964700
2022-10-27,139.65174865722656,7050500
2022-10-28,144.89590454101562,6776100
2022-10-31,144.24038696289062,6298800
2022-11-01,146.27871704101562,4972300
2022-11-02,142.31869506835938,6923900
2022-11-03,140.5497283935547,4555400
2022-11-04,146.0542755126953,6689900
2022-11-07,148.78408813476562,4928300
2022-11-08,150.9571533203125,5112300
2022-11-09,148.155517578125,4800400
2022-11-10,156.8657684326172,9898200
2022-11-11,161.17604064941406,6911900
2022-11-14,159.33523559570312,5447300
2022-11-15,159.45193481445312,6601000
2022-11-16,155.76129150390625,7664800
2022-11-17,157.46742248535156,5339800
2022-11-18,157.3057861328125,5474800
2022-11-21,154.80943298339844,4702700
2022-11-22,159.1376495361328,4673500
2022-11-23,160.7180938720703,3939100
2022-11-25,159.0029296875,1586400
2022-11-28,155.34820556640625,5358800
2022-11-29,155.33023071289062,3134000
2022-11-30,162.04705810546875,9780300
2022-12-01,159.38906860351562,5479900
2022-12-02,159.53274536132812,3822900
2022-12-05,159.2902374267578,4875300
2022-12-06,156.5514678955078,4417900
2022-12-07,156.0216827392578,3242800
2022-12-08,158.3654022216797,3902700
2022-12-09,156.4796600341797,3966700
2022-12-12,159.37112426757812,5347000
2022-12-13,159.38906860351562,6951000
2022-12-14,157.8804931640625,5114600
2022-12-15,152.6632843017578,6007300
2022-12-16,152.250244140625,10423600
2022-12-19,150.50816345214844,4507000
2022-12-20,149.14328002929688,3777600
2022-12-21,151.51388549804688,3632100
2022-12-22,147.8950958251953,7188700
2022-12-23,147.60777282714844,2597000
2022-12-27,147.0689697265625,3535600
2022-12-28,144.7432403564453,2998600
2022-12-29,148.1824493408203,4081600
2022-12-30,148.36203002929688,3249000
2023-01-03,146.55711364746094,4294100
2023-01-04,151.90899658203125,6285300
2023-01-05,149.89755249023438,6876800
2023-01-06,157.287841796875,6725900
2023-01-09,158.6527099609375,5733900
2023-01-10,160.19725036621094,4267700
2023-01-11,160.61929321289062,5013900
2023-01-12,159.9547576904297,4324900
2023-01-13,160.74496459960938,3736700
2023-01-17,157.5033416748047,5659400
2023-01-18,156.03067016601562,5874300
2023-01-19,153.48944091796875,5995700
2023-01-20,155.34820556640625,7569900
2023-01-23,159.9906768798828,7847600
2023-01-24,158.9759979248047,5351600
2023-01-25,157.18002319335938,6720700
2023-01-26,156.33596801757812,6287900
2023-01-27,157.35964965820312,6074900
2023-01-30,156.57289123535156,5048900
2023-01-31,160.2626953125,5852400
2023-02-01,164.68504333496094,7835800
2023-02-02,167.0544891357422,11667100
2023-02-03,164.8568572998047,5732200
2023-02-06,163.69021606445312,4385700
2023-02-07,165.94210815429688,4799900
2023-02-08,159.62059020996094,5657600
2023-02-09,158.25502014160156,5572000
2023-02-10,158.97848510742188,5466400
2023-02-13,159.81048583984375,3443200
2023-02-14,159.47589111328125,4179200
2023-02-15,161.42933654785156,3879700
2023-02-16,159.24075317382812,4212400
2023-02-17,158.55345153808594,4060800
2023-02-21,154.4295196533203,7030300
2023-02-22,153.56134033203125,4577400
2023-02-23,155.38816833496094,4856600
2023-02-24,152.96446228027344,4118300
2023-02-27,154.41143798828125,3310100
2023-02-28,155.0535430908203,3674500
2023-03-01,155.7046661376953,4649800
2023-03-02,157.4320526123047,4551100
2023-03-03,158.8789520263672,4379200
2023-03-06,156.5005340576172,4090100
2023-03-07,155.60520935058594,3844100
2023-03-08,159.3673553466797,3805400
2023-03-09,156.85321044921875,4651200
2023-03-10,155.22535705566406,5929700
2023-03-13,157.26019287109375,5453400
2023-03-14,158.9242401123047,5034600
2023-03-15,157.7123565673828,4918300
2023-03-16,160.19032287597656,5028500
2023-03-17,158.9061279296875,12963300
2023-03-20,162.02621459960938,4964600
2023-03-21,161.34791564941406,4217500
2023-03-22,159.45782470703125,4738000
2023-03-23,163.0391082763672,5083300
2023-03-24,162.3426971435547,5345400
2023-03-27,160.11801147460938,4453200
2023-03-28,160.51589965820312,4061500
2023-03-29,163.72637939453125,5227100
2023-03-30,166.62039184570312,5535800
2023-03-31,168.22109985351562,4793100
2023-04-03,166.5480194091797,4143000
2023-04-04,163.14761352539062,4724800
2023-04-05,160.25363159179688,5904900
2023-04-06,161.0856475830078,3743000
2023-04-10,162.2613525390625,3488500
2023-04-11,162.66830444335938,3296900
2023-04-12,160.57015991210938,3559400
2023-04-13,161.98097229003906,3264200
2023-04-14,161.8634033203125,2741900
2023-04-17,162.8311004638672,2845800
2023-04-18,163.0752716064453,2774700
2023-04-19,160.14511108398438,3093900
2023-04-20,159.72911071777344,4710800
2023-04-21,160.0908660888672,6792000
2023-04-24,159.07794189453125,3360100
2023-04-25,153.19053649902344,7136000
2023-04-26,148.73199462890625,8647500
2023-04-27,149.4645538330078,6697900
2023-04-28,151.2099609375,6575400
2023-05-01,150.7397003173828,4831200
2023-05-02,148.2617645263672,7312400
2023-05-03,147.7281951904297,4398800
2023-05-04,146.77857971191406,4309000
2023-05-05,151.11651611328125,5494700
2023-05-08,149.65838623046875,3831300
2023-05-09,148.54656982421875,5736800
2023-05-10,148.5921173095703,4428800
2023-05-11,146.8788299560547,3320400
2023-05-12,147.52586364746094,2400800
2023-05-15,150.60617065429688,3789100
2023-05-16,148.89288330078125,4272900
2023-05-17,150.6790771484375,4910300
2023-05-18,154.75270080566406,4916300
2023-05-19,155.02609252929688,4790500
2023-05-22,155.70960998535156,3334000
2023-05-23,154.68894958496094,5601200
2023-05-24,152.2556610107422,7502500
2023-05-25,154.5795440673828,7747200
2023-05-26,160.6581268310547,8323200
2023-05-30,160.89508056640625,5677200
2023-05-31,158.46180725097656,8534000
2023-06-01,160.2206573486328,3955400
2023-06-02,159.69212341308594,4788000
2023-06-05,155.16282653808594,5520400
2023-06-06,155.25393676757812,4032400
2023-06-07,156.74853515625,4422700
2023-06-08,156.9581298828125,3343700
2023-06-09,155.46353149414062,4179000
2023-06-12,158.6076202392578,4709300
2023-06-13,161.67881774902344,5408100
2023-06-14,161.41453552246094,4748400
2023-06-15,162.2985076904297,4224100
2023-06-16,161.08645629882812,10374500
2023-06-20,158.8992462158203,3516000
2023-06-21,155.36328125,4034300
2023-06-22,157.32266235351562,3607800
2023-06-23,152.8115692138672,8541600
2023-06-26,153.78671264648438,4899600
2023-06-27,160.67636108398438,6257800
2023-06-28,159.446044921875,3425300
2023-06-29,161.11380004882812,3704700
2023-06-30,164.057373046875,6004400
2023-07-03,163.82040405273438,2007600
2023-07-05,160.87684631347656,3729100
2023-07-06,159.31846618652344,4555100
2023-07-07,158.2977752685547,4585400
2023-07-10,163.52880859375,5563200
2023-07-11,162.9637908935547,2755800
2023-07-12,166.19900512695312,5708600
2023-07-13,166.8824920654297,4441200
2023-07-14,164.8137969970703,3701300
2023-07-17,167.1376495361328,3918500
2023-07-18,167.39283752441406,3040500
2023-07-19,167.3837127685547,3686000
2023-07-20,163.96624755859375,7154600
2023-07-21,167.97610473632812,17251600
2023-07-24,167.58419799804688,4318500
2023-07-25,169.58001708984375,6267800
2023-07-26,160.3938446044922,11905100
2023-07-27,161.96131896972656,8300400
2023-07-28,163.69583129882812,7540400
2023-07-31,165.19174194335938,4065200
2023-08-01,163.69583129882812,4028700
2023-08-02,158.25372314453125,6914500
2023-08-03,157.6663360595703,4515200
2023-08-04,154.582763671875,6052800
2023-08-07,155.0600128173828,4315700
2023-08-08,153.01344299316406,4628000
2023-08-09,153.50901794433594,4701400
2023-08-10,153.775146484375,4975300
2023-08-11,152.52706909179688,5454800
2023-08-14,156.45492553710938,5933600
2023-08-15,154.3258056640625,3920900
2023-08-16,152.08653259277344,4558400
2023-08-17,152.12322998046875,3987800
2023-08-18,152.79319763183594,4456000
2023-08-21,154.13307189941406,3941800
2023-08-22,153.36216735839844,3035600
2023-08-23,155.85842895507812,4152900
2023-08-24,151.9672393798828,6003200
2023-08-25,154.0045928955078,3947500
2023-08-28,154.82138061523438,3995100
2023-08-29,156.6476593017578,3981700
2023-08-30,155.30776977539062,5120400
2023-08-31,154.23402404785156,6026500
2023-09-01,155.85842895507812,2611200
2023-09-05,155.7758331298828,2882200
2023-09-06,154.224853515625,4244000
2023-09-07,151.1595916748047,6272100
2023-09-08,151.1137237548828,3301100
2023-09-11,152.19667053222656,3191900
2023-09-12,150.03997802734375,3739900
2023-09-13,150.8384246826172,3331900
2023-09-14,152.38937377929688,4071600
2023-09-15,149.24156188964844,9427900
2023-09-18,149.43429565429688,3180100
2023-09-19,149.71876525878906,3244400
2023-09-20,148.7643585205078,5035700
2023-09-21,147.2041778564453,4492700
2023-09-22,147.12159729003906,3715300
2023-09-25,147.66305541992188,3107600
2023-09-26,144.96495056152344,4164000
2023-09-27,145.13009643554688,4232000
2023-09-28,146.00196838378906,4271400
2023-09-29,145.9285430908203,3664600
2023-10-02,146.7912139892578,2922300
2023-10-03,144.3133544921875,3510700
2023-10-04,144.97410583496094,4129900
2023-10-05,142.3494110107422,4389200
2023-10-06,144.08387756347656,5016200
2023-10-09,143.8269500732422,2747000
2023-10-10,144.68960571289062,3657400
2023-10-11,144.38674926757812,4452400
2023-10-12,142.24842834472656,5643300
2023-10-13,140.1835479736328,4319100
2023-10-16,141.60604858398438,4872200
2023-10-17,141.56932067871094,5098900
2023-10-18,139.33006286621094,4837500
2023-10-19,138.5224609375,6041100
2023-10-20,135.6499481201172,5391500
2023-10-23,134.2825164794922,5398200
2023-10-24,134.8331756591797,7024400
2023-10-25,130.12521362304688,12349200
2023-10-26,132.16256713867188,7888800
2023-10-27,131.34580993652344,5327500
2023-10-30,130.12327575683594,6640800
2023-10-31,131.52174377441406,6570300
2023-11-01,132.5960693359375,7503200
2023-11-02,136.43032836914062,6297900
2023-11-03,139.13467407226562,5818700
2023-11-06,136.60626220703125,6601400
2023-11-07,135.7634735107422,5193000
2023-11-08,134.49465942382812,6901400
2023-11-09,132.68870544433594,7061200
2023-11-10,136.31918334960938,7214700
2023-11-13,135.0966796875,4345400
2023-11-14,138.8568115234375,7051600
2023-11-15,140.65353393554688,5957000
2023-11-16,140.67202758789062,5599400
2023-11-17,143.20045471191406,7524200
2023-11-20,144.05245971679688,5836900
2023-11-21,142.0983428955078,3877600
2023-11-22,142.5613555908203,3159800
2023-11-24,142.2465057373047,1604800
2023-11-27,141.3296356201172,4130700
2023-11-28,141.60743713378906,3883800
2023-11-29,141.8852996826172,3647100
2023-11-30,141.43153381347656,6641400
2023-12-01,143.7468719482422,4095500
2023-12-04,145.79364013671875,6572000
2023-12-05,145.63621520996094,4935600
2023-12-06,144.52481079101562,4952200
2023-12-07,146.034423828125,6495400
2023-12-08,145.4324493408203,4732100
2023-12-11,148.1553192138672,7585500
2023-12-12,146.25669860839844,4714400
2023-12-13,149.85940551757812,5940900
2023-12-14,156.3146514892578,11428500
2023-12-15,156.18495178222656,16337400
2023-12-18,155.05506896972656,5015200
2023-12-19,156.0552978515625,4379400
2023-12-20,152.9805145263672,5098700
2023-12-21,154.4901123046875,4040100
2023-12-22,155.81454467773438,3492400
2023-12-26,158.19468688964844,3202200
2023-12-27,158.5836944580078,3264900
2023-12-28,159.0375213623047,3023000
2023-12-29,157.87057495117188,2920600
2024-01-02,156.7592010498047,5652500
2024-01-03,154.4253387451172,5874900
2024-01-04,152.3229522705078,6445700
2024-01-05,152.90643310546875,3087200
2024-01-08,156.09234619140625,5717500
2024-01-09,156.17572021484375,5018500
2024-01-10,154.8976287841797,4045200
2024-01-11,153.36952209472656,5635600
2024-01-12,152.69342041015625,4205000
2024-01-16,151.77651977539062,6682800
2024-01-17,150.4243621826172,4079000
2024-01-18,154.582763671875,6583700
2024-01-19,160.824951171875,13345800
2024-01-22,161.91781616210938,6850700
2024-01-23,161.46397399902344,9459400
2024-01-24,157.50936889648438,15100400
2024-01-25,155.05506896972656,7088200
2024-01-26,151.97103881835938,8800900
2024-01-29,153.77699279785156,6076600
2024-01-30,151.26602172851562,4897600
2024-01-31,149.46444702148438,8665200
2024-02-01,149.0630645751953,6542100
2024-02-02,148.60568237304688,4922400
2024-02-05,148.3256072998047,4190100
2024-02-06,147.8308868408203,4139800
2024-02-07,148.2042694091797,4627900
2024-02-08,149.5484619140625,3487700
2024-02-09,151.5926971435547,3919500
2024-02-12,150.3605499267578,3853000
2024-02-13,146.41204833984375,5357900
2024-02-14,147.36416625976562,4528000
2024-02-15,150.0152130126953,3725300
2024-02-16,149.70713806152344,3167600
2024-02-20,151.91012573242188,5406200
2024-02-21,153.16091918945312,4530000
2024-02-22,154.42108154296875,5041200
2024-02-23,152.796875,3479100
2024-02-26,153.36627197265625,5251300
2024-02-27,153.9636688232422,2886600
2024-02-28,152.19012451171875,2933000
2024-02-29,156.19464111328125,7267200
2024-03-01,159.6670684814453,5233700
2024-03-04,160.96461486816406,4401600
2024-03-05,159.28436279296875,6215600
2024-03-06,160.4325408935547,6312700
2024-03-07,163.60626220703125,5980400
2024-03-08,160.83389282226562,5632600
2024-03-11,162.59811401367188,4207300
2024-03-12,163.16751098632812,5802600
2024-03-13,161.18861389160156,5199500
2024-03-14,159.7510986328125,5028200
2024-03-15,161.03927612304688,19078800
2024-03-18,157.9495391845703,5213800
2024-03-19,155.6625518798828,5640000
2024-03-20,158.66827392578125,4404600
2024-03-21,161.10459899902344,4371600
2024-03-22,161.0019073486328,4177200
2024-03-25,159.4803924560547,3298600
2024-03-26,156.73606872558594,5898300
2024-03-27,161.365966796875,4272300
2024-03-28,162.61679077148438,4417800
2024-04-01,161.64599609375,2303200
2024-04-02,159.0229949951172,3304500
2024-04-03,159.00433349609375,3295800
2024-04-04,157.31478881835938,7491300
2024-04-05,156.3533172607422,5012300
2024-04-08,158.18289184570312,3154000
2024-04-09,161.9167022705078,4830700
2024-04-10,157.6788330078125,5662800
2024-04-11,159.8070831298828,4352100
2024-04-12,155.26119995117188,5473600
2024-04-15,155.27984619140625,4739500
2024-04-16,156.43731689453125,3389000
2024-04-17,154.67311096191406,4564900
2024-04-18,152.77821350097656,5605500
2024-04-19,149.0537109375,10497600
2024-04-22,152.55418395996094,5942400
2024-04-23,154.45843505859375,6833600
2024-04-24,163.17686462402344,13965900
2024-04-25,163.58758544921875,9130800
2024-04-26,165.66917419433594,5401900
2024-04-29,167.3587188720703,4191500
2024-04-30,164.67971801757812,6444300
2024-05-01,163.54092407226562,7167700
2024-05-02,164.10096740722656,4838300
2024-05-03,167.0040283203125,4545100
2024-05-06,169.5803680419922,4127400
2024-05-07,171.74273681640625,5152700
2024-05-08,172.94618225097656,4220900
2024-05-09,174.2342529296875,5843300
2024-05-10,175.8607635498047,5606800
2024-05-13,176.58470153808594,3686300
2024-05-14,179.69671630859375,4917500
2024-05-15,183.83348083496094,5936800
2024-05-16,183.30699157714844,5371800
2024-05-17,183.35397338867188,4534200
2024-05-20,187.28395080566406,5282800
2024-05-21,187.1053009033203,5489100
2024-05-22,190.4241485595703,9119000
2024-05-23,185.48818969726562,7125400
2024-05-24,187.26513671875,4354100
2024-05-28,187.6600341796875,8661000
2024-05-29,183.2505645751953,5607800
2024-05-30,183.97451782226562,5213500
2024-05-31,183.34458923339844,9137300
2024-06-03,182.1317596435547,4153500
2024-06-04,181.7368621826172,7221600
2024-06-05,184.3505859375,5988600
2024-06-06,184.5010223388672,3905500
2024-06-07,183.90869140625,3308400
2024-06-10,185.7984619140625,4202400
2024-06-11,185.62924194335938,4193200
2024-06-12,187.0771026611328,4655700
2024-06-13,184.5386199951172,3409900
2024-06-14,182.30099487304688,3479100
2024-06-17,183.2411651611328,3804900
2024-06-18,184.51043701171875,3036900
2024-06-20,181.2292022705078,5464900
2024-06-21,183.83348083496094,12516800
2024-06-24,182.31040954589844,3655700
2024-06-25,182.8368682861328,3456400
2024-06-26,181.54884338378906,3301000
2024-06-27,181.85906982421875,3874500
2024-06-28,182.89332580566406,8861000
2024-07-01,182.9591064453125,2873600
2024-07-02,186.5506134033203,4168700
2024-07-03,187.0395050048828,2454800
2024-07-05,186.89846801757812,2887900
2024-07-08,189.4181671142578,3927100
2024-07-09,188.1865234375,3742300
2024-07-10,191.43951416015625,4559500
2024-07-11,188.0266876220703,5585400
2024-07-12,189.7942352294922,3683800
2024-07-15,189.6907958984375,3089500
2024-07-16,194.26007080078125,3134400
2024-07-17,192.04127502441406,7792500
2024-07-18,193.554931640625,5497200
2024-07-19,187.18991088867188,4868000
2024-07-22,193.56436157226562,6063800
2024-07-23,186.42837524414062,6083300
2024-07-24,186.4189910888672,11049100
2024-07-25,185.3565673828125,9555400
2024-07-26,189.9070281982422,5384800
2024-07-29,189.8036346435547,3392000
2024-07-30,188.96690368652344,6062600
2024-07-31,192.86563110351562,7462400
2024-08-01,182.9484100341797,7958500
2024-08-02,177.39364624023438,8050200
2024-08-05,171.46031188964844,8659900
2024-08-06,176.91098022460938,6210900
2024-08-07,174.1856689453125,5013000
2024-08-08,182.92001342773438,6180400
2024-08-09,181.8885498046875,3066500
2024-08-12,181.74661254882812,5235900
2024-08-13,186.65789794921875,4969000
2024-08-14,185.10595703125,3072000
2024-08-15,191.08660888671875,5081900
2024-08-16,189.76177978515625,4236400
2024-08-19,189.8848114013672,3788900
2024-08-20,191.66383361816406,7111400
2024-08-21,197.18075561523438,8119300
2024-08-22,192.8278045654297,6879900
2024-08-23,198.6096649169922,6112000
2024-08-26,197.06723022460938,5806000
2024-08-27,199.37619018554688,4373400
2024-08-28,196.58460998535156,3998100
2024-08-29,199.75469970703125,5622800
2024-08-30,202.8302001953125,5860900
2024-09-03,190.991943359375,9284000
2024-09-04,193.04544067382812,4650400
2024-09-05,190.72698974609375,4107400
2024-09-06,186.84715270996094,6314400
2024-09-09,190.36740112304688,4864100
2024-09-10,189.0709686279297,4859400
2024-09-11,191.5408172607422,5900500
2024-09-12,185.4561004638672,7201000
2024-09-13,189.1939697265625,4617000
2024-09-16,187.81239318847656,3717800
2024-09-17,190.57559204101562,3478500
2024-09-18,189.93211364746094,4262100
2024-09-19,196.4521026611328,5155600
2024-09-20,192.3830108642578,14502900
2024-09-23,192.90347290039062,2757400
2024-09-24,193.93495178222656,5573200
2024-09-25,194.0485076904297,4124600
2024-09-26,198.02296447753906,4521300
2024-09-27,197.909423828125,3074400
2024-09-30,195.47743225097656,5459100
2024-10-01,190.77432250976562,9039900
2024-10-02,192.5060272216797,4389400
2024-10-03,190.84054565429688,3167000
2024-10-04,191.82472229003906,4092900
2024-10-07,190.46205139160156,2772400
2024-10-08,191.3515625,6283700
2024-10-09,193.9633331298828,3214900
2024-10-10,191.5975799560547,3649400
2024-10-11,194.0958251953125,2815800
2024-10-14,197.45521545410156,3291600
2024-10-15,189.1088104248047,6818800
2024-10-16,189.91317749023438,3311300
2024-10-17,187.6515350341797,4686900
2024-10-18,187.81239318847656,4029500
2024-10-21,185.2573699951172,4948100
2024-10-22,183.55404663085938,7910800
2024-10-23,190.9068145751953,10548500
2024-10-24,195.51527404785156,9309300
2024-10-25,195.81809997558594,5103100
2024-10-28,194.7771759033203,4409000
2024-10-29,200.00074768066406,5522800
2024-10-30,196.76438903808594,4914000
2024-10-31,193.51626586914062,6543000
2024-11-01,195.19273376464844,4208800
2024-11-04,193.99252319335938,3693800
2024-11-05,192.84950256347656,5253200
2024-11-06,204.76565551757812,8527500
2024-11-07,207.21365356445312,6020800
2024-11-08,209.83311462402344,5020700
2024-11-11,205.62294006347656,6154700
2024-11-12,202.67959594726562,4990800
2024-11-13,195.9547576904297,7921800
2024-11-14,196.221435546875,4783800
2024-11-15,191.57310485839844,5970400
2024-11-18,197.34542846679688,7912100
2024-11-19,191.52548217773438,6716000
2024-11-20,188.78219604492188,7344400
2024-11-21,188.79171752929688,8080300
2024-11-22,188.60121154785156,7861300
2024-11-25,193.2971649169922,9274400
2024-11-26,191.41116333007812,5260500
2024-11-27,189.73472595214844,4732200
2024-11-29,191.4873809814453,3167400
2024-12-02,192.2017822265625,6373900
2024-12-03,187.86773681640625,4743400
2024-12-04,187.31529235839844,7172600
2024-12-05,183.8290252685547,6049100
2024-12-06,183.93380737304688,5140700
2024-12-09,184.26719665527344,3880300
2024-12-10,181.1524200439453,6064200
2024-12-11,182.60023498535156,6057800
2024-12-12,182.6097869873047,4025600
2024-12-13,182.49546813964844,4772800
2024-12-16,180.4665985107422,5829700
2024-12-17,179.19020080566406,5046100
2024-12-18,176.21827697753906,8281900
2024-12-19,175.71347045898438,6290000
2024-12-20,177.99952697753906,11462100
2024-12-23,181.11428833007812,4297600
2024-12-24,183.30514526367188,1950900
2024-12-26,182.62884521484375,2019000
2024-12-27,182.1049346923828,3253500
2024-12-30,179.03778076171875,4065200
2024-12-31,178.60914611816406,3050500
