date,close,volume
2014-01-02,26.037731170654297,7045800
2014-01-03,26.14869499206543,4455000
2014-01-06,26.494646072387695,8096000
2014-01-07,26.716569900512695,11027800
2014-01-08,26.821008682250977,10727200
2014-01-09,26.98419761657715,8862800
2014-01-10,26.775318145751953,7241400
2014-01-13,26.618661880493164,5954400
2014-01-14,26.690467834472656,6807900
2014-01-15,27.088645935058594,12576700
2014-01-16,27.062524795532227,7951200
2014-01-17,27.05600357055664,9827600
2014-01-21,27.14085578918457,9951500
2014-01-22,27.049467086791992,11034800
2014-01-23,26.579498291015625,12423900
2014-01-24,26.200904846191406,9684000
2014-01-27,26.135635375976562,9296800
2014-01-28,26.462007522583008,8051500
2014-01-29,25.95287322998047,14158700
2014-01-30,26.187854766845703,8540000
2014-01-31,25.933290481567383,7186700
2014-02-03,25.313182830810547,10478300
2014-02-04,25.528587341308594,6601000
2014-02-05,25.528587341308594,6164600
2014-02-06,25.985517501831055,7214400
2014-02-07,26.109529495239258,8910300
2014-02-10,26.161746978759766,5770900
2014-02-11,26.298824310302734,7008400
2014-02-12,26.337987899780273,4348600
2014-02-13,26.285768508911133,4877800
2014-02-14,26.625200271606445,6921800
2014-02-18,26.59255599975586,5413100
2014-02-19,26.076894760131836,6904600
2014-02-20,26.318410873413086,6167900
2014-02-21,26.331462860107422,8437500
2014-02-24,26.631723403930664,6821700
2014-02-25,26.729637145996094,9771600
2014-02-26,26.742687225341797,6091700
2014-02-27,26.853656768798828,3964600
2014-02-28,26.853656768798828,7043100
2014-03-03,26.53380584716797,7528200
2014-03-04,27.036413192749023,5214800
2014-03-05,27.049467086791992,5224200
2014-03-06,27.186553955078125,5184900
2014-03-07,27.525970458984375,6202700
2014-03-10,27.643465042114258,5336600
2014-03-11,27.388893127441406,8809800
2014-03-12,27.47374725341797,5605300
2014-03-13,27.21918487548828,5465600
2014-03-14,27.1147518157959,4899500
2014-03-17,27.388893127441406,3886500
2014-03-18,27.656524658203125,4458800
2014-03-19,27.63693618774414,7735600
2014-03-20,28.002473831176758,7873000
2014-03-21,28.080795288085938,12116400
2014-03-24,28.276613235473633,11022600
2014-03-25,28.34189796447754,7456800
2014-03-26,28.015522003173828,9788000
2014-03-27,27.73333168029785,10189900
2014-03-28,27.75958251953125,4453500
2014-03-31,28.127092361450195,6317900
2014-04-01,28.212400436401367,5759900
2014-04-02,28.25177574157715,7122100
2014-04-03,28.232088088989258,8333800
2014-04-04,27.923641204833984,7531500
2014-04-07,27.56270980834961,6887300
2014-04-08,27.424890518188477,8906500
2014-04-09,27.569271087646484,7618800
2014-04-10,26.762069702148438,11985500
2014-04-11,26.584884643554688,11312900
2014-04-14,26.6505126953125,7112200
2014-04-15,26.913015365600586,11086900
2014-04-16,26.558643341064453,15664900
2014-04-17,26.414255142211914,13043700
2014-04-21,26.499574661254883,7438000
2014-04-22,26.670202255249023,7606400
2014-04-23,26.86707878112793,7023400
2014-04-24,26.6767578125,5749300
2014-04-25,26.394580841064453,5992600
2014-04-28,26.355195999145508,8323900
2014-04-29,26.624267578125,6257000
2014-04-30,26.762069702148438,6922100
2014-05-01,26.493013381958008,5865500
2014-05-02,26.50613021850586,5057700
2014-05-05,26.545513153076172,6441100
2014-05-06,26.348636627197266,7217700
2014-05-07,26.552072525024414,6869300
2014-05-08,26.466758728027344,5338700
2014-05-09,26.46021270751953,4670400
2014-05-12,26.545513153076172,6316400
2014-05-13,26.598012924194336,5568600
2014-05-14,26.486448287963867,6331500
2014-05-15,26.624267578125,11340600
2014-05-16,26.834266662597656,10062600
2014-05-19,27.142702102661133,8888200
2014-05-20,26.97863006591797,6806500
2014-05-21,27.044269561767578,5079400
2014-05-22,27.149267196655273,3960900
2014-05-23,27.201766967773438,3051400
2014-05-27,27.392086029052734,5692200
2014-05-28,27.582401275634766,6689100
2014-05-29,27.582401275634766,5827600
2014-05-30,27.68739128112793,5708500
2014-06-02,27.680835723876953,4951300
2014-06-03,27.7202091217041,4222000
2014-06-04,27.798965454101562,4594200
2014-06-05,27.88426971435547,4625000
2014-06-06,28.140209197998047,5222500
2014-06-09,28.560213088989258,6650100
2014-06-10,28.435535430908203,4920000
2014-06-11,28.20583724975586,5889000
2014-06-12,28.225521087646484,5756800
2014-06-13,28.25833511352539,4615400
2014-06-16,28.05489158630371,5125700
2014-06-17,28.30428123474121,6026500
2014-06-18,28.435535430908203,5526600
2014-06-19,28.402708053588867,4206200
2014-06-20,28.704599380493164,10241100
2014-06-23,28.757091522216797,10514800
2014-06-24,28.415828704833984,5989000
2014-06-25,28.455211639404297,7349800
2014-06-26,28.418907165527344,8779000
2014-06-27,28.616897583007812,10451900
2014-06-30,28.59050750732422,5393800
2014-07-01,28.603713989257812,5584600
2014-07-02,28.5443172454834,4485100
2014-07-03,28.768707275390625,3519100
2014-07-07,28.69610595703125,4311700
2014-07-08,28.504703521728516,5982800
2014-07-09,28.630107879638672,5753900
2014-07-10,28.4453182220459,5242000
2014-07-11,28.498117446899414,5091000
2014-07-14,28.412317276000977,4477900
2014-07-15,28.577301025390625,9467100
2014-07-16,28.069129943847656,9454300
2014-07-17,27.46192741394043,11589200
2014-07-18,27.8315372467041,7856100
2014-07-21,27.798542022705078,5008800
2014-07-22,27.88433265686035,6149600
2014-07-23,28.02292823791504,4399500
2014-07-24,28.201128005981445,4385800
2014-07-25,28.21431541442871,5386000
2014-07-28,28.09552574157715,6284900
2014-07-29,28.141719818115234,5649400
2014-07-30,28.326513290405273,5542000
2014-07-31,27.739137649536133,8403000
2014-08-01,27.277135848999023,8252000
2014-08-04,27.481733322143555,5052700
2014-08-05,27.17154884338379,5240800
2014-08-06,27.112146377563477,6443100
2014-08-07,26.848154067993164,5578600
2014-08-08,27.178146362304688,6066900
2014-08-11,27.03295135498047,3805500
2014-08-12,27.164949417114258,6327300
2014-08-13,27.296939849853516,4577100
2014-08-14,27.455337524414062,3528600
2014-08-15,27.2375431060791,5761100
2014-08-18,27.534536361694336,3552300
2014-08-19,27.613727569580078,4194100
2014-08-20,27.527936935424805,5102000
2014-08-21,27.844722747802734,4371600
2014-08-22,27.739137649536133,3946600
2014-08-25,27.88433265686035,4583800
2014-08-26,27.989927291870117,3945700
2014-08-27,27.851333618164062,2748000
2014-08-28,27.758934020996094,2407000
2014-08-29,27.904132843017578,3381700
2014-09-02,27.897525787353516,3600600
2014-09-03,27.798542022705078,4391400
2014-09-04,27.87773895263672,4609900
2014-09-05,27.805131912231445,7807500
2014-09-08,27.739137649536133,5979700
2014-09-09,27.455337524414062,6252500
2014-09-10,27.613727569580078,5184800
2014-09-11,27.785329818725586,4235600
2014-09-12,27.851333618164062,7803200
2014-09-15,27.963531494140625,5015100
2014-09-16,27.963531494140625,5886100
2014-09-17,28.17472267150879,7441300
2014-09-18,28.399118423461914,7379100
2014-09-19,28.53110694885254,9339000
2014-09-22,28.392515182495117,4858300
2014-09-23,28.108718872070312,5413300
2014-09-24,28.09552574157715,7416900
2014-09-25,27.633529663085938,8740500
2014-09-26,27.796171188354492,5953100
2014-09-29,27.703237533569336,4125600
2014-09-30,27.769624710083008,7723600
2014-10-01,27.39121437072754,6422200
2014-10-02,27.41114044189453,6186000
2014-10-03,27.66341209411621,5117400
2014-10-06,27.577112197875977,3948900
2014-10-07,26.953067779541016,7288400
2014-10-08,27.417774200439453,7598800
2014-10-09,26.939794540405273,7952600
2014-10-10,26.601219177246094,9338800
2014-10-13,26.461807250976562,7607100
2014-10-14,26.534841537475586,13103400
2014-10-15,25.851045608520508,13295100
2014-10-16,25.957275390625,10721200
2014-10-17,26.156431198120117,9192800
2014-10-20,26.143144607543945,6280600
2014-10-21,26.733989715576172,8903400
2014-10-22,26.481718063354492,10190200
2014-10-23,26.826929092407227,7881200
2014-10-24,27.15886688232422,6660500
2014-10-27,27.192062377929688,4214200
2014-10-28,27.577112197875977,5468000
2014-10-29,27.77625846862793,7085200
2014-10-30,27.975427627563477,7541300
2014-10-31,28.28080177307129,8840700
2014-11-03,28.493244171142578,7517200
2014-11-04,28.65257453918457,6993600
2014-11-05,28.891559600830078,8095600
2014-11-06,29.157108306884766,6344700
2014-11-07,29.084089279174805,6859500
2014-11-10,29.16375160217285,5390600
2014-11-11,29.230140686035156,4850400
2014-11-12,29.170387268066406,4970600
2014-11-13,29.16375160217285,6771300
2014-11-14,29.030973434448242,5051300
2014-11-17,29.077451705932617,5571600
2014-11-18,29.19694709777832,4526400
2014-11-19,29.137205123901367,4983300
2014-11-20,29.150466918945312,4778200
2014-11-21,29.190303802490234,5065100
2014-11-24,29.455854415893555,4844200
2014-11-25,29.216856002807617,5397000
2014-11-26,29.46249008178711,4897400
2014-11-28,29.342998504638672,4515100
2014-12-01,28.957944869995117,7241500
2014-12-02,29.256694793701172,5431600
2014-12-03,29.42265510559082,4387300
2014-12-04,29.56206703186035,5529700
2014-12-05,29.960399627685547,7348300
2014-12-08,30.119718551635742,10611500
2014-12-09,30.01350975036621,7098200
2014-12-10,29.635093688964844,8960000
2014-12-11,29.674938201904297,6414800
2014-12-12,29.137205123901367,8406300
2014-12-15,28.845088958740234,7610900
2014-12-16,28.612743377685547,9104900
2014-12-17,29.157108306884766,7204300
2014-12-18,30.099807739257812,8588900
2014-12-19,30.00686264038086,11712800
2014-12-22,30.298965454101562,6295900
2014-12-23,30.478212356567383,4941600
2014-12-24,30.371990203857422,1905500
2014-12-26,30.365360260009766,3123800
2014-12-29,30.475481033325195,4026500
2014-12-30,30.408754348754883,4342000
2014-12-31,30.0015869140625,5691600
2015-01-02,29.921510696411133,5010500
2015-01-05,29.20066261291504,6568700
2015-01-06,28.81353759765625,8523700
2015-01-07,29.067174911499023,5073700
2015-01-08,29.2807559967041,10417600
2015-01-09,28.673381805419922,8095700
2015-01-12,28.40640640258789,4857700
2015-01-13,28.09938621520996,7298100
2015-01-14,27.59212303161621,12845300
2015-01-15,27.325157165527344,10875800
2015-01-16,27.71226692199707,9896400
2015-01-20,27.50535774230957,12682100
2015-01-21,28.166128158569336,11209400
2015-01-22,28.98708152770996,9471900
2015-01-23,28.913658142089844,8159000
2015-01-26,29.0538272857666,4607600
2015-01-27,28.68673324584961,5395500
2015-01-28,28.09938621520996,7580400
2015-01-29,28.413084030151367,6882900
2015-01-30,27.972564697265625,10416500
2015-02-02,28.519880294799805,6199500
2015-02-03,28.886972427368164,8767500
2015-02-04,29.087200164794922,9661800
2015-02-05,29.367521286010742,6625400
2015-02-06,29.641193389892578,7490900
2015-02-09,29.480987548828125,4569200
2015-02-10,29.7145938873291,5983500
2015-02-11,29.5477294921875,4017400
2015-02-12,30.115068435668945,7120300
2015-02-13,30.081689834594727,8634500
2015-02-17,30.081689834594727,4980200
2015-02-18,29.721269607543945,5182800
2015-02-19,29.581106185913086,5012900
2015-02-20,29.781335830688477,7120800
2015-02-23,29.68790054321289,3994500
2015-02-24,29.848081588745117,5083600
2015-02-25,29.928180694580078,3773000
2015-02-26,29.98825454711914,4133900
2015-02-27,29.774667739868164,4626000
2015-03-02,29.954877853393555,4716900
2015-03-03,29.86810874938965,4142800
2015-03-04,29.641193389892578,5553200
2015-03-05,29.754650115966797,4148900
2015-03-06,29.814712524414062,7189100
2015-03-09,29.9615535736084,5090500
2015-03-10,29.173969268798828,5399300
2015-03-11,29.20066261291504,6232400
2015-03-12,29.681236267089844,9056800
2015-03-13,29.56108283996582,5593800
2015-03-16,30.014942169189453,6022300
2015-03-17,30.0015869140625,4972800
2015-03-18,29.93486213684082,8831300
2015-03-19,29.661203384399414,7568500
2015-03-20,29.941526412963867,10343100
2015-03-23,29.84141731262207,6753900
2015-03-24,29.501022338867188,4844500
2015-03-25,28.98041343688965,6434700
2015-03-26,28.866943359375,6705900
2015-03-27,28.769620895385742,4816300
2015-03-30,29.39386749267578,6236700
2015-03-31,29.313331604003906,5714100
2015-04-01,29.1925048828125,6130100
2015-04-02,29.340167999267578,4470700
2015-04-06,29.078386306762695,5942800
2015-04-07,29.09852409362793,4355400
2015-04-08,29.152219772338867,3820400
2015-04-09,29.246206283569336,3702700
2015-04-10,29.367015838623047,4030200
2015-04-13,29.595252990722656,6135300
2015-04-14,29.219348907470703,7541800
2015-04-15,29.152219772338867,10906400
2015-04-16,28.823312759399414,10147100
2015-04-17,28.48768424987793,9390500
2015-04-20,28.70248794555664,5703100
2015-04-21,28.527976989746094,6165600
2015-04-22,28.749473571777344,5518100
2015-04-23,28.742761611938477,6878300
2015-04-24,28.689058303833008,6454900
2015-04-27,28.5682315826416,5703900
2015-04-28,28.77631950378418,5804400
2015-04-29,28.850156784057617,5639500
2015-04-30,28.77631950378418,6455300
2015-05-01,28.80317497253418,3736600
2015-05-04,29.226057052612305,5120000
2015-05-05,29.03139877319336,5444900
2015-05-06,28.930715560913086,4800200
2015-05-07,28.930715560913086,4677400
2015-05-08,29.440860748291016,5162100
2015-05-11,29.367015838623047,3953800
2015-05-12,29.467714309692383,6714700
2015-05-13,29.628807067871094,5966400
2015-05-14,29.78989601135254,4147400
2015-05-15,29.48784065246582,4966300
2015-05-18,29.669076919555664,5101200
2015-05-19,29.99799346923828,4555700
2015-05-20,29.595252990722656,8055700
2015-05-21,29.440860748291016,5960000
2015-05-22,29.246206283569336,6133800
2015-05-26,29.1119441986084,7536400
2015-05-27,29.440860748291016,5808500
2015-05-28,29.33345603942871,4846200
2015-05-29,28.93743133544922,7785600
2015-06-01,28.843446731567383,5242000
2015-06-02,28.95085906982422,4290600
2015-06-03,29.514694213867188,8312800
2015-06-04,29.1925048828125,6980900
2015-06-05,29.528121948242188,7470100
2015-06-08,29.306608200073242,5831400
2015-06-09,29.58182144165039,6495900
2015-06-10,30.078542709350586,7944500
2015-06-11,30.105403900146484,7059500
2015-06-12,30.058406829833984,4763500
2015-06-15,29.803325653076172,6290000
2015-06-16,29.930879592895508,5831700
2015-06-17,29.964431762695312,8008000
2015-06-18,30.058406829833984,8892500
2015-06-19,29.964431762695312,14699700
2015-06-22,30.192651748657227,5213600
2015-06-23,30.27321434020996,4544600
2015-06-24,30.031557083129883,5960700
2015-06-25,29.91073226928711,5714100
2015-06-26,30.049123764038086,6822400
2015-06-29,29.306507110595703,7302000
2015-06-30,29.299760818481445,7549700
2015-07-01,29.806081771850586,6025200
2015-07-02,29.448280334472656,4843000
2015-07-06,29.434783935546875,6146600
2015-07-07,29.347015380859375,8586900
2015-07-08,28.80691909790039,6207200
2015-07-09,29.002708435058594,6403200
2015-07-10,29.326765060424805,5414600
2015-07-13,29.590059280395508,6065500
2015-07-14,29.62380599975586,8762300
2015-07-15,30.737749099731445,16088700
2015-07-16,30.960533142089844,10761600
2015-07-17,30.95377540588379,7157000
2015-07-20,30.9470157623291,5571000
2015-07-21,30.8795108795166,5547800
2015-07-22,31.021286010742188,7022300
2015-07-23,30.82550811767578,7656400
2015-07-24,30.568960189819336,6900900
2015-07-27,30.244918823242188,5963500
2015-07-28,30.197650909423828,7497300
2015-07-29,30.386680603027344,7108900
2015-07-30,30.420434951782227,6096800
2015-07-31,30.521705627441406,6633800
2015-08-03,30.433942794799805,5964000
2015-08-04,30.52846336364746,4705900
2015-08-05,30.670228958129883,3765000
2015-08-06,30.521705627441406,3566700
2015-08-07,30.454206466674805,4616600
2015-08-10,31.06853485107422,5260300
2015-08-11,30.649974822998047,5351800
2015-08-12,30.305665969848633,5657200
2015-08-13,30.42719268798828,3450700
2015-08-14,30.785009384155273,4583500
2015-08-17,30.818742752075195,4527200
2015-08-18,30.886260986328125,3762100
2015-08-19,30.62296485900879,6057400
2015-08-20,29.772336959838867,7724500
2015-08-21,28.881183624267578,10079800
2015-08-24,27.510713577270508,19382200
2015-08-25,26.84235954284668,16313700
2015-08-26,27.95628547668457,12679500
2015-08-27,28.746173858642578,9832900
2015-08-28,28.752918243408203,6053700
2015-08-31,28.59088706970215,6342200
2015-09-01,27.186662673950195,12097800
2015-09-02,27.692995071411133,6052700
2015-09-03,27.976547241210938,6721200
2015-09-04,27.375694274902344,8078400
2015-09-08,27.96979331970215,11072300
2015-09-09,27.598487854003906,7780300
2015-09-10,27.747007369995117,9575000
2015-09-11,27.720006942749023,8327100
2015-09-14,27.625490188598633,8854000
2015-09-15,28.354602813720703,11631300
2015-09-16,28.597646713256836,7683400
2015-09-17,28.12506866455078,15542700
2015-09-18,27.794254302978516,33377500
2015-09-21,28.03055191040039,8472100
2015-09-22,27.747007369995117,8851600
2015-09-23,27.720006942749023,3917700
2015-09-24,27.517465591430664,8418500
2015-09-25,28.131813049316406,8788400
2015-09-28,27.45595359802246,9427500
2015-09-29,27.612186431884766,6411300
2015-09-30,27.856712341308594,8825200
2015-10-01,27.938230514526367,6274100
2015-10-02,27.680105209350586,15273500
2015-10-05,28.230302810668945,6488900
2015-10-06,28.182762145996094,5352300
2015-10-07,28.386539459228516,4870400
2015-10-08,28.461252212524414,5017900
2015-10-09,28.243898391723633,4307300
2015-10-12,28.277856826782227,3788000
2015-10-13,28.142005920410156,4328700
2015-10-14,27.51029396057129,10003800
2015-10-15,27.856712341308594,12242600
2015-10-16,27.69369125366211,12933500
2015-10-19,27.66651725769043,7749200
2015-10-20,28.019739151000977,6848700
2015-10-21,27.9178466796875,8864500
2015-10-22,28.42050552368164,7961800
2015-10-23,28.950340270996094,9879400
2015-10-26,28.882400512695312,5262000
2015-10-27,28.597116470336914,5796000
2015-10-28,29.24921417236328,9443400
2015-10-29,29.20845603942871,5574500
2015-10-30,28.65146255493164,9148400
2015-11-02,28.929948806762695,5523800
2015-11-03,29.004682540893555,3559200
2015-11-04,28.950340270996094,4060800
2015-11-05,28.95713233947754,6377500
2015-11-06,29.697525024414062,12058000
2015-11-09,29.439403533935547,6781300
2015-11-10,29.452993392944336,6170200
2015-11-11,29.432619094848633,4852700
2015-11-12,29.018260955810547,6991800
2015-11-13,28.787302017211914,6646000
2015-11-16,29.283174514770508,6042600
2015-11-17,29.22203826904297,6457700
2015-11-18,29.81299591064453,8560200
2015-11-19,29.989606857299805,6414200
2015-11-20,29.914897918701172,6977400
2015-11-23,29.7382755279541,6032900
2015-11-24,29.792612075805664,5955300
2015-11-25,29.731494903564453,4284600
2015-11-27,29.819795608520508,2093500
2015-11-30,29.81299591064453,7461700
2015-12-01,30.098297119140625,4913800
2015-12-02,29.731494903564453,6301200
2015-12-03,29.34430694580078,5560600
2015-12-04,30.118682861328125,8421400
2015-12-07,29.962451934814453,5728900
2015-12-08,29.582046508789062,6751100
2015-12-09,29.215240478515625,6713400
2015-12-10,29.33072280883789,6256600
2015-12-11,28.678634643554688,6531700
2015-12-14,28.821277618408203,7422800
2015-12-15,29.6635684967041,6971200
2015-12-16,30.132253646850586,10016800
2015-12-17,29.772249221801758,6896700
2015-12-18,28.773727416992188,14632800
2015-12-21,28.929948806762695,5610500
2015-12-22,29.004682540893555,5041000
2015-12-23,29.53450584411621,4846400
2015-12-24,29.493743896484375,2170100
2015-12-28,29.242412567138672,5828500
2015-12-29,29.73781394958496,4912000
2015-12-30,29.389324188232422,4750500
2015-12-31,29.156999588012695,4483800
2016-01-04,28.34386444091797,9258100
2016-01-05,28.480518341064453,7654400
2016-01-06,28.050033569335938,6779600
2016-01-07,27.517047882080078,9959800
2016-01-08,27.1275634765625,8475200
2016-01-11,27.236896514892578,6668800
2016-01-12,27.756206512451172,9915500
2016-01-13,26.65607261657715,11910700
2016-01-14,27.284719467163086,13490300
2016-01-15,26.683408737182617,14534000
2016-01-19,26.738075256347656,11311300
2016-01-20,26.560413360595703,13476300
2016-01-21,26.32124900817871,12508900
2016-01-22,26.902070999145508,8942900
2016-01-25,26.164085388183594,10258700
2016-01-26,26.66291046142578,7659000
2016-01-27,26.772239685058594,7619400
2016-01-28,26.799575805664062,8983600
2016-01-29,27.37356185913086,11718800
2016-02-01,27.19589614868164,6241800
2016-02-02,26.478410720825195,6987700
2016-02-03,26.840574264526367,10534100
2016-02-04,27.4077205657959,9291000
2016-02-05,27.394052505493164,10218300
2016-02-08,27.011388778686523,13886300
2016-02-09,26.92257308959961,12758700
2016-02-10,26.67657470703125,9332000
2016-02-11,25.590110778808594,12474900
2016-02-12,26.71756935119629,12455600
2016-02-16,27.462387084960938,11233000
2016-02-17,27.41455078125,7865000
2016-02-18,26.98406219482422,7672200
2016-02-19,26.963565826416016,10983400
2016-02-22,27.489717483520508,8157300
2016-02-23,26.560413360595703,9226400
2016-02-24,26.266572952270508,9220400
2016-02-25,26.744901657104492,6335600
2016-02-26,26.847402572631836,7200000
2016-02-29,26.32124900817871,7400600
2016-03-01,27.264219284057617,6569500
2016-03-02,27.69470977783203,7465500
2016-03-03,27.85870933532715,5694800
2016-03-04,28.036367416381836,6128000
2016-03-07,27.85870933532715,4287500
2016-03-08,27.23004913330078,6094400
2016-03-09,27.168563842773438,5476200
2016-03-10,26.997724533081055,7442900
2016-03-11,27.646883010864258,7774800
2016-03-14,27.667377471923828,6349500
2016-03-15,27.872371673583984,7049600
2016-03-16,27.70155143737793,6001700
2016-03-17,27.804048538208008,6841300
2016-03-18,28.234529495239258,10078900
2016-03-21,28.275524139404297,5207100
2016-03-22,28.234529495239258,5769700
2016-03-23,28.145692825317383,6761800
2016-03-24,27.865537643432617,6331000
2016-03-28,27.804048538208008,4147000
2016-03-29,27.773099899291992,5840700
2016-03-30,28.185678482055664,6293200
2016-03-31,27.910625457763672,6579000
2016-04-01,27.98626136779785,5211800
2016-04-04,27.972509384155273,4685300
2016-04-05,27.5393009185791,6223900
2016-04-06,27.56682014465332,5286600
2016-04-07,26.886056900024414,8354600
2016-04-08,27.078596115112305,4990500
2016-04-11,27.18174171447754,7321300
2016-04-12,27.683706283569336,7661500
2016-04-13,28.261306762695312,10469400
2016-04-14,28.38508415222168,9317500
2016-04-15,28.261306762695312,7052600
2016-04-18,28.33695411682129,7566400
2016-04-19,28.818281173706055,11362100
2016-04-20,29.38212776184082,9576200
2016-04-21,29.265247344970703,10082300
2016-04-22,29.774080276489258,9262200
2016-04-25,29.60218048095703,8605600
2016-04-26,29.82221794128418,7899800
2016-04-27,29.93223762512207,9686600
2016-04-28,29.65719223022461,6641400
2016-04-29,29.35462760925293,10576000
2016-05-02,29.547161102294922,8866500
2016-05-03,29.223981857299805,6581800
2016-05-04,28.687641143798828,8835600
2016-05-05,28.639509201049805,5947600
2016-05-06,28.728897094726562,5306400
2016-05-09,28.563859939575195,4297100
2016-05-10,28.92143440246582,6413000
2016-05-11,28.790775299072266,5832800
2016-05-12,28.83890724182129,7285100
2016-05-13,28.48823356628418,6980600
2016-05-16,28.667009353637695,16492400
2016-05-17,28.000022888183594,14339300
2016-05-18,28.61887550354004,12622500
2016-05-19,28.550121307373047,9545400
2016-05-20,28.70139503479004,5781200
2016-05-23,28.646379470825195,6422300
2016-05-24,29.072711944580078,5611200
2016-05-25,29.540279388427734,7808000
2016-05-26,29.34087371826172,4372000
2016-05-27,29.533414840698242,3905000
2016-05-31,29.444026947021484,6605800
2016-06-01,29.567787170410156,5170800
2016-06-02,29.609058380126953,4216500
2016-06-03,29.134593963623047,11485600
2016-06-06,29.48528480529785,7748500
2016-06-07,29.334003448486328,7264000
2016-06-08,29.437149047851562,5017300
2016-06-09,29.251489639282227,5936900
2016-06-10,28.8526668548584,7329300
2016-06-13,28.66012954711914,6665600
2016-06-14,28.323196411132812,8446000
2016-06-15,28.2063045501709,7863900
2016-06-16,28.233802795410156,6458800
2016-06-17,28.2681884765625,8413000
2016-06-20,28.343820571899414,5766200
2016-06-21,28.446969985961914,4447800
2016-06-22,28.43321990966797,4486900
2016-06-23,29.03832244873047,7393700
2016-06-24,27.40865707397461,13335700
2016-06-27,26.6041316986084,12952100
2016-06-28,27.05060577392578,10100600
2016-06-29,27.46591567993164,6242200
2016-06-30,27.915834426879883,8765100
2016-07-01,27.72893714904785,4684400
2016-07-05,27.036760330200195,5955900
2016-07-06,27.133668899536133,6255700
2016-07-07,27.154430389404297,5510600
2016-07-08,27.749704360961914,6015200
2016-07-11,27.895063400268555,4417200
2016-07-12,28.151165008544922,6378100
2016-07-13,28.123491287231445,6239600
2016-07-14,28.55263900756836,12183400
2016-07-15,28.995635986328125,9964700
2016-07-18,28.988718032836914,8616200
2016-07-19,29.05101203918457,6774600
2016-07-20,29.05101203918457,4924300
2016-07-21,28.988718032836914,5118000
2016-07-22,29.20329475402832,5021500
2016-07-25,29.05101203918457,4752800
2016-07-26,29.05101203918457,4879500
2016-07-27,29.078697204589844,5483500
2016-07-28,29.127155303955078,3934900
2016-07-29,29.189449310302734,5802700
2016-08-01,28.850284576416016,5488900
2016-08-02,28.677230834960938,5858300
2016-08-03,29.161762237548828,6723200
2016-08-04,29.092544555664062,4167700
2016-08-05,29.743202209472656,7568900
2016-08-08,29.722427368164062,4461200
2016-08-09,29.64629554748535,3698200
2016-08-10,29.417869567871094,3746800
2016-08-11,29.639371871948242,6211600
2016-08-12,29.577075958251953,4349200
2016-08-15,29.7501163482666,5279100
2016-08-16,29.77781867980957,4833000
2016-08-17,29.91624641418457,6347800
2016-08-18,29.91624641418457,4651800
2016-08-19,30.00623893737793,3977100
2016-08-22,30.02007484436035,3386600
2016-08-23,30.068527221679688,4160100
2016-08-24,29.930089950561523,8589800
2016-08-25,30.04084014892578,5771900
2016-08-26,30.04084014892578,6590700
2016-08-29,30.34539794921875,7241300
2016-08-30,30.51152801513672,5560600
2016-08-31,30.559982299804688,6994700
2016-09-01,30.476913452148438,5195500
2016-09-02,30.566904067993164,4264200
2016-09-06,30.3592529296875,6601800
2016-09-07,30.220808029174805,7524200
2016-09-08,30.34539794921875,6421700
2016-09-09,30.047758102416992,6671200
2016-09-12,30.317716598510742,9276000
2016-09-13,29.923166275024414,7898600
2016-09-14,29.708587646484375,6161400
2016-09-15,29.784727096557617,10474900
2016-09-16,29.487091064453125,9204900
2016-09-19,29.66705894470215,5492600
2016-09-20,29.77781867980957,7091700
2016-09-21,29.94393539428711,7157000
2016-09-22,29.881629943847656,4788200
2016-09-23,29.736278533935547,5960300
2016-09-26,29.397111892700195,8526200
2016-09-27,29.694746017456055,6747800
2016-09-28,29.827116012573242,4482600
2016-09-29,29.597211837768555,7683900
2016-09-30,29.88286018371582,7613600
2016-10-03,29.722604751586914,5421900
2016-10-04,29.854995727539062,8364700
2016-10-05,30.412389755249023,6858500
2016-10-06,30.579580307006836,12170200
2016-10-07,30.447223663330078,6560300
2016-10-10,30.516897201538086,4797400
2016-10-11,30.161563873291016,6334700
2016-10-12,30.238203048706055,4025200
2016-10-13,29.87590217590332,6522000
2016-10-14,29.854995727539062,5785400
2016-10-17,29.764413833618164,6288100
2016-10-18,29.966468811035156,6297900
2016-10-19,30.363609313964844,10319300
2016-10-20,30.621400833129883,8553000
2016-10-21,30.551734924316406,6422300
2016-10-24,30.6701717376709,4919500
2016-10-25,30.544748306274414,5589600
2016-10-26,30.816495895385742,6012500
2016-10-27,31.143957138061523,12715600
2016-10-28,31.102144241333008,8548400
2016-10-31,31.18575096130371,7262200
2016-11-01,30.976736068725586,9440300
2016-11-02,30.656234741210938,7794000
2016-11-03,30.69106101989746,5532800
2016-11-04,30.607460021972656,6284100
2016-11-07,31.29723358154297,6908800
2016-11-08,31.339040756225586,4516300
2016-11-09,32.516510009765625,14953300
2016-11-10,33.17144012451172,17493900
2016-11-11,33.37350082397461,9661100
2016-11-14,33.95178985595703,15228100
2016-11-15,33.930877685546875,13446700
2016-11-16,33.35260009765625,10900900
2016-11-17,33.91694259643555,9369800
2016-11-18,34.30015182495117,9090500
2016-11-21,34.33498764038086,5184100
2016-11-22,34.160804748535156,10580100
2016-11-23,34.383758544921875,7053400
2016-11-25,34.43252944946289,2631500
2016-11-28,34.07022476196289,5887300
2016-11-29,34.20957946777344,5726600
2016-11-30,34.571868896484375,6887100
2016-12-01,35.108360290527344,10571300
2016-12-02,34.836639404296875,5864800
2016-12-05,35.087459564208984,7209600
2016-12-06,35.34524917602539,9259100
2016-12-07,35.78419876098633,9559000
2016-12-08,36.16042709350586,10423500
2016-12-09,36.257972717285156,8612900
2016-12-12,35.93747329711914,6113400
2016-12-13,36.021080017089844,7358600
2016-12-14,36.04198455810547,9356800
2016-12-15,36.21616744995117,7602000
2016-12-16,36.0489501953125,11033300
2016-12-19,36.139522552490234,5439400
2016-12-20,36.60633087158203,6144300
2016-12-21,36.34854507446289,3871600
2016-12-22,36.33461380004883,5141200
2016-12-23,36.369449615478516,3773200
2016-12-27,36.44607925415039,3135800
2016-12-28,36.27096939086914,8111900
2016-12-29,35.93473434448242,4625700
2016-12-30,35.983768463134766,5184600
2017-01-03,36.04681396484375,7859000
2017-01-04,36.312992095947266,6199000
2017-01-05,35.70358657836914,6574900
2017-01-06,35.93473434448242,5078200
2017-01-09,35.77362823486328,4337900
2017-01-10,35.878700256347656,5231600
2017-01-11,36.27797317504883,7233100
2017-01-12,36.02579116821289,4539000
2017-01-13,36.207923889160156,7876400
2017-01-17,35.241275787353516,9415100
2017-01-18,35.416378021240234,6525400
2017-01-19,35.53545379638672,7151600
2017-01-20,35.864688873291016,8865700
2017-01-23,35.70358657836914,4858800
2017-01-24,36.263954162597656,6531700
2017-01-25,36.740291595458984,8731500
2017-01-26,37.09054183959961,6494700
2017-01-27,37.11854934692383,6893400
2017-01-30,37.020477294921875,7540800
2017-01-31,36.88039016723633,6736800
2017-02-01,37.14657974243164,8413800
2017-02-02,37.21662139892578,8700600
2017-02-03,37.587867736816406,9104100
2017-02-06,37.40574264526367,4904000
2017-02-07,37.26565170288086,4749000
2017-02-08,37.048500061035156,6398000
2017-02-09,37.503807067871094,5054000
2017-02-10,37.55284881591797,3892400
2017-02-13,37.91710662841797,5709800
2017-02-14,38.211299896240234,7728300
2017-02-15,38.624595642089844,8029400
2017-02-16,38.53352355957031,6204100
2017-02-17,38.44247055053711,6011600
2017-02-21,38.66660690307617,5639400
2017-02-22,38.74367904663086,4851700
2017-02-23,38.80671310424805,7268000
2017-02-24,38.596561431884766,7596100
2017-02-27,38.72965621948242,6378800
2017-02-28,38.52652359008789,6846600
2017-03-01,39.514198303222656,8689700
2017-03-02,38.862754821777344,6431200
2017-03-03,38.91178512573242,7278200
2017-03-06,38.72965621948242,6118700
2017-03-07,38.54753494262695,6678800
2017-03-08,38.435455322265625,7809600
2017-03-09,38.4844856262207,5236200
2017-03-10,38.4844856262207,6721900
2017-03-13,38.47047805786133,4690300
2017-03-14,38.52652359008789,6130500
2017-03-15,38.498497009277344,8487200
2017-03-16,38.54753494262695,6326200
2017-03-17,38.309356689453125,7085800
2017-03-20,37.9941520690918,7706000
2017-03-21,36.90839767456055,14211700
2017-03-22,36.84535217285156,8299600
2017-03-23,36.83134841918945,9022900
2017-03-24,36.824337005615234,5948800
2017-03-27,36.56517028808594,7300800
2017-03-28,36.92240524291992,7736000
2017-03-29,36.44353485107422,7380700
2017-03-30,36.704105377197266,9350100
2017-03-31,36.267486572265625,8197600
2017-04-03,36.302711486816406,7447400
2017-04-04,36.23931121826172,4158300
2017-04-05,35.94355392456055,6138700
2017-04-06,36.16185760498047,5855000
2017-04-07,36.020999908447266,6827500
2017-04-10,35.76043701171875,6484800
2017-04-11,35.8379020690918,7344900
2017-04-12,35.7041015625,7671500
2017-04-13,35.19706344604492,5888000
2017-04-17,35.591434478759766,4943600
2017-04-18,35.07030487060547,9699100
2017-04-19,34.99284362792969,7268600
2017-04-20,35.69002151489258,9535400
2017-04-21,35.57030487060547,9044700
2017-04-24,36.30974578857422,8060600
2017-04-25,36.71114730834961,9010900
2017-04-26,36.704105377197266,7652600
2017-04-27,36.56325912475586,5826700
2017-04-28,36.1125602722168,7707200
2017-05-01,36.4083366394043,4660200
2017-05-02,36.3167839050293,4368900
2017-05-03,36.767494201660156,6169300
2017-05-04,36.8379020690918,5629600
2017-05-05,36.457618713378906,5373700
2017-05-08,36.61959457397461,4759000
2017-05-09,36.32382583618164,5731300
2017-05-10,36.59847640991211,5281600
2017-05-11,36.36607360839844,6575500
2017-05-12,36.20410919189453,6285500
2017-05-15,36.457618713378906,3975700
2017-05-16,36.59142303466797,4389300
2017-05-17,35.53508758544922,7012200
2017-05-18,35.73227310180664,5950500
2017-05-19,35.985801696777344,8110100
2017-05-22,36.22523880004883,4724800
2017-05-23,36.59142303466797,5061400
2017-05-24,36.47170639038086,3506700
2017-05-25,36.457618713378906,3825100
2017-05-26,36.22523880004883,6721800
2017-05-30,35.985801696777344,5923200
2017-05-31,35.8379020690918,6926200
2017-06-01,36.28862380981445,6171100
2017-06-02,36.12664031982422,5589500
2017-06-05,36.147769927978516,5388500
2017-06-06,35.83088302612305,5475200
2017-06-07,36.01396942138672,5235400
2017-06-08,36.46465301513672,7334300
2017-06-09,37.24636459350586,8279900
2017-06-12,37.218177795410156,9095600
2017-06-13,37.28156280517578,7565500
2017-06-14,37.21113967895508,7405300
2017-06-15,36.8871955871582,7117200
2017-06-16,36.809730529785156,9778900
2017-06-19,37.020999908447266,4749500
2017-06-20,36.859031677246094,5059000
2017-06-21,36.61959457397461,4503000
2017-06-22,36.12664031982422,6361400
2017-06-23,35.75339889526367,8689900
2017-06-26,35.92243194580078,5767800
2017-06-27,36.21114730834961,5204000
2017-06-28,36.805931091308594,5272000
2017-06-29,36.664306640625,10086700
2017-06-30,36.763450622558594,6849700
2017-07-03,37.23078155517578,3582800
2017-07-05,37.28742599487305,5896900
2017-07-06,36.94755172729492,5161900
2017-07-07,37.14581298828125,4599400
2017-07-10,37.03960037231445,3343700
2017-07-11,36.6572265625,6059400
2017-07-12,36.74928283691406,4519700
2017-07-13,36.97587585449219,6451400
2017-07-14,36.87674331665039,5587600
2017-07-17,36.841346740722656,4758000
2017-07-18,36.55811309814453,5034800
2017-07-19,36.87674331665039,6201500
2017-07-20,37.15998458862305,8650400
2017-07-21,36.90506362915039,6528000
2017-07-24,37.37946701049805,8016200
2017-07-25,37.64855194091797,7446100
2017-07-26,37.124568939208984,6309000
2017-07-27,37.124568939208984,6963400
2017-07-28,37.22370529174805,5283300
2017-07-31,37.37240219116211,5333100
2017-08-01,37.492767333984375,9790900
2017-08-02,37.521095275878906,3853500
2017-08-03,37.30159378051758,3934200
2017-08-04,37.61314392089844,5571700
2017-08-07,37.61314392089844,3720900
2017-08-08,37.6627082824707,3678100
2017-08-09,37.691036224365234,3804000
2017-08-10,37.08915328979492,5639700
2017-08-11,36.85550308227539,4448700
2017-08-14,37.37946701049805,4156500
2017-08-15,37.51402282714844,3430700
2017-08-16,37.42195510864258,3173400
2017-08-17,36.621826171875,5465500
2017-08-18,36.59352493286133,5299700
2017-08-21,36.5864372253418,5131100
2017-08-22,36.77760696411133,3115300
2017-08-23,36.68556594848633,3440000
2017-08-24,36.7138786315918,2457400
2017-08-25,36.86966323852539,3130500
2017-08-28,36.79178237915039,2397400
2017-08-29,36.46604537963867,5577500
2017-08-30,36.529788970947266,3370400
2017-08-31,36.289039611816406,5196900
2017-09-01,36.59352493286133,3656500
2017-09-05,36.01996612548828,6496200
2017-09-06,36.04828643798828,4281400
2017-09-07,35.3047981262207,6565400
2017-09-08,35.38977813720703,6052000
2017-09-11,36.02705383300781,4654200
2017-09-12,36.515621185302734,5050800
2017-09-13,36.848419189453125,6755700
2017-09-14,36.565189361572266,4444600
2017-09-15,36.68556594848633,6146000
2017-09-18,37.08915328979492,4373100
2017-09-19,37.641475677490234,5464700
2017-09-20,37.89637756347656,5409900
2017-09-21,38.052154541015625,5870200
2017-09-22,38.002586364746094,6241000
2017-09-25,37.96009826660156,4482000
2017-09-26,37.953025817871094,5163900
2017-09-27,38.34246826171875,7605600
2017-09-28,38.079010009765625,7642800
2017-09-29,38.15732955932617,7211900
2017-10-02,38.050540924072266,8323200
2017-10-03,38.0718994140625,6814400
2017-10-04,37.84403991699219,6523300
2017-10-05,38.278385162353516,5721500
2017-10-06,38.57744598388672,4492800
2017-10-09,38.34246826171875,2858900
2017-10-10,38.613037109375,3263600
2017-10-11,38.6343994140625,4969400
2017-10-12,38.4421501159668,4233900
2017-10-13,38.541839599609375,6315700
2017-10-16,38.6343994140625,5105300
2017-10-17,38.363834381103516,5299600
2017-10-18,37.92949676513672,10619900
2017-10-19,38.15732955932617,6171100
2017-10-20,38.51335144042969,7021600
2017-10-23,38.541839599609375,4965400
2017-10-24,38.59879684448242,6643300
2017-10-25,38.548946380615234,5246900
2017-10-26,38.662872314453125,5726500
2017-10-27,38.7625617980957,4862900
2017-10-30,38.6343994140625,4243800
2017-10-31,38.71983337402344,5882000
2017-11-01,38.79104232788086,4642600
2017-11-02,39.07585906982422,4803800
2017-11-03,38.91209411621094,5218600
2017-11-06,39.05448913574219,5501700
2017-11-07,38.05767059326172,7539300
2017-11-08,37.509403228759766,6242100
2017-11-09,37.103546142578125,6012100
2017-11-10,36.74754333496094,5514800
2017-11-13,36.79737854003906,5844000
2017-11-14,36.90418243408203,5472700
2017-11-15,37.0323486328125,5389500
2017-11-16,36.88995361328125,4449100
2017-11-17,36.939788818359375,3297600
2017-11-20,36.97538757324219,3273200
2017-11-21,36.946895599365234,5194500
2017-11-22,36.961143493652344,4513100
2017-11-24,36.90418243408203,1466900
2017-11-27,36.825843811035156,3727900
2017-11-28,37.75148010253906,5608900
2017-11-29,38.99040603637695,10938000
2017-11-30,39.268096923828125,8662900
2017-12-01,39.090087890625,7258900
2017-12-04,39.609867095947266,6470200
2017-12-05,39.03312301635742,6004100
2017-12-06,38.86936950683594,3822100
2017-12-07,39.090087890625,4404400
2017-12-08,39.417625427246094,4371900
2017-12-11,39.353546142578125,3892000
2017-12-12,39.517303466796875,6037300
2017-12-13,38.87648391723633,5046600
2017-12-14,38.55607223510742,4467600
2017-12-15,38.8052864074707,13109900
2017-12-18,39.00464630126953,5325300
2017-12-19,38.84800720214844,5964900
2017-12-20,38.6343994140625,5688800
2017-12-21,38.82664489746094,3926400
2017-12-22,38.77680587768555,3800800
2017-12-26,38.456390380859375,2807000
2017-12-27,38.499114990234375,3754200
2017-12-28,38.62799835205078,3216000
2017-12-29,38.36307144165039,3949800
2018-01-02,38.68526840209961,5367700
2018-01-03,39.064754486083984,5043800
2018-01-04,39.3654670715332,7583600
2018-01-05,39.60890579223633,6863200
2018-01-08,39.666175842285156,6817400
2018-01-09,39.938255310058594,6392100
2018-01-10,40.238983154296875,7121800
2018-01-11,40.58266067504883,6146900
2018-01-12,40.797454833984375,5339800
2018-01-16,40.933502197265625,8840200
2018-01-17,40.33921432495117,9782100
2018-01-18,40.20317840576172,9218100
2018-01-19,40.42512893676758,10529300
2018-01-22,40.99794006347656,7687200
2018-01-23,40.94065856933594,5449700
2018-01-24,41.34877395629883,5612700
2018-01-25,41.51346206665039,5859400
2018-01-26,41.60652542114258,6057600
2018-01-29,41.52061462402344,6004000
2018-01-30,41.098182678222656,5069000
2018-01-31,40.912017822265625,7893000
2018-02-01,41.141136169433594,5357600
2018-02-02,40.74018478393555,7111300
2018-02-05,39.10770797729492,11580900
2018-02-06,39.10770797729492,17726400
2018-02-07,39.236595153808594,11005300
2018-02-08,37.697200775146484,10887500
2018-02-09,38.484806060791016,12512500
2018-02-12,38.642311096191406,7598600
2018-02-13,38.7640266418457,5558100
2018-02-14,39.601741790771484,7157700
2018-02-15,39.451377868652344,7054600
2018-02-16,39.81654739379883,6223500
2018-02-20,39.31534957885742,6040000
2018-02-21,39.451377868652344,6667500
2018-02-22,38.857112884521484,6397900
2018-02-23,39.73063278198242,5526600
2018-02-26,39.98121643066406,5353900
2018-02-27,39.38695526123047,5147400
2018-02-28,38.92155456542969,4705800
2018-03-01,38.06950759887695,8239900
2018-03-02,38.2413444519043,5658900
2018-03-05,38.642311096191406,5205900
2018-03-06,38.78550338745117,5006500
2018-03-07,38.42034912109375,6123500
2018-03-08,38.62083053588867,4951500
2018-03-09,39.580265045166016,6075500
2018-03-12,39.38695526123047,3647700
2018-03-13,38.77119064331055,6132800
2018-03-14,38.141109466552734,6281400
2018-03-15,38.20555877685547,5587300
2018-03-16,38.13395690917969,10911500
2018-03-19,37.80459976196289,8712100
2018-03-20,37.66139221191406,4444500
2018-03-21,37.62560272216797,6881500
2018-03-22,36.265201568603516,9422900
2018-03-23,35.262813568115234,10526500
2018-03-26,36.723445892333984,9001800
2018-03-27,35.69955062866211,8622100
2018-03-28,36.066932678222656,7721000
2018-03-29,36.376670837402344,5399300
2018-04-02,35.786014556884766,8787100
2018-04-03,36.21099853515625,6682800
2018-04-04,36.50633239746094,6786500
2018-04-05,36.79446792602539,6911200
2018-04-06,36.21821212768555,7811300
2018-04-09,36.441505432128906,5628500
2018-04-10,36.79446792602539,6220000
2018-04-11,36.41267776489258,4345100
2018-04-12,36.909725189208984,5496100
2018-04-13,36.700828552246094,7670500
2018-04-16,37.03217315673828,8190400
2018-04-17,36.75124740600586,7813900
2018-04-18,36.016510009765625,12921300
2018-04-19,36.52073669433594,10690900
2018-04-20,36.326263427734375,7927200
2018-04-23,36.40549087524414,7893500
2018-04-24,36.31904602050781,6946600
2018-04-25,36.5855712890625,7252700
2018-04-26,36.578369140625,5678900
2018-04-27,36.91693115234375,5177900
2018-04-30,36.340660095214844,7772200
2018-05-01,36.53514862060547,4410400
2018-05-02,35.91566467285156,6130900
2018-05-03,36.00210952758789,8468400
2018-05-04,36.26142883300781,6072200
2018-05-07,36.27583312988281,5572700
2018-05-08,36.25423049926758,5832400
2018-05-09,36.6143913269043,4784500
2018-05-10,36.85930252075195,5660000
2018-05-11,37.09700012207031,5037500
2018-05-14,36.86650085449219,4730100
2018-05-15,36.82327651977539,6915600
2018-05-16,36.72964096069336,5486100
2018-05-17,36.84489059448242,4636100
2018-05-18,36.41267776489258,4532000
2018-05-21,36.52073669433594,4675800
2018-05-22,36.780059814453125,6224400
2018-05-23,36.69362258911133,5295500
2018-05-24,36.499141693115234,5957600
2018-05-25,36.40549087524414,4346000
2018-05-29,35.195335388183594,11606400
2018-05-30,35.90126419067383,9303100
2018-05-31,36.00931167602539,13759800
2018-06-01,36.56395721435547,10247200
2018-06-04,36.672019958496094,4431600
2018-06-05,36.895320892333984,7965800
2018-06-06,37.29150390625,7219400
2018-06-07,37.33472442626953,6164000
2018-06-08,37.49319076538086,4811300
2018-06-11,37.06098937988281,5942000
2018-06-12,36.902523040771484,5159200
2018-06-13,36.79446792602539,7445800
2018-06-14,36.68641662597656,10199500
2018-06-15,37.01056671142578,17352600
2018-06-18,36.938533782958984,7007400
2018-06-19,37.20505142211914,13592000
2018-06-20,36.93133544921875,7444900
2018-06-21,36.72964096069336,6484000
2018-06-22,36.56395721435547,7145200
2018-06-25,36.43430709838867,6741200
2018-06-26,36.16057586669922,6671600
2018-06-27,35.89405822753906,6961200
2018-06-28,35.95927810668945,5795400
2018-06-29,36.24916458129883,9521800
2018-07-02,36.53178405761719,5063800
2018-07-03,36.212928771972656,4506600
2018-07-05,36.183929443359375,5334300
2018-07-06,36.3868408203125,4085100
2018-07-09,37.22749710083008,6686500
2018-07-10,37.21299362182617,6618900
2018-07-11,37.14777755737305,6216200
2018-07-12,37.22024154663086,6453800
2018-07-13,36.89413833618164,6975600
2018-07-16,37.1767578125,6932600
2018-07-17,37.1767578125,9600900
2018-07-18,36.756439208984375,11592600
2018-07-19,37.22024154663086,12128400
2018-07-20,37.00284194946289,9167100
2018-07-23,37.589839935302734,7739700
2018-07-24,37.43040466308594,5939900
2018-07-25,37.40865707397461,7672600
2018-07-26,37.94493103027344,9397000
2018-07-27,38.11886215209961,7241600
2018-07-30,38.394256591796875,7139600
2018-07-31,38.415985107421875,9379300
2018-08-01,38.1261100769043,5685600
2018-08-02,38.08262634277344,4438100
2018-08-03,38.34352111816406,5313500
2018-08-06,38.3580207824707,5387700
2018-08-07,38.62615203857422,4620100
2018-08-08,38.785579681396484,4539700
2018-08-09,38.756587982177734,3829000
2018-08-10,38.48120880126953,5492000
2018-08-13,37.95219039916992,5338400
2018-08-14,38.53193664550781,4297300
2018-08-15,38.11162185668945,6182000
2018-08-16,38.52470016479492,4969900
2018-08-17,38.618900299072266,4457100
2018-08-20,39.00298309326172,5189900
2018-08-21,39.2711296081543,5228600
2018-08-22,39.08995056152344,3238300
2018-08-23,38.988494873046875,4214600
2018-08-24,39.14068603515625,4568300
2018-08-27,39.46678924560547,6070300
2018-08-28,39.27836608886719,4276700
2018-08-29,39.37259292602539,4476500
2018-08-30,39.16242980957031,6298700
2018-08-31,39.21315383911133,5159400
2018-09-04,39.30735397338867,4367600
2018-09-05,39.37259292602539,5325300
2018-09-06,39.37259292602539,3696400
2018-09-07,39.2711296081543,4938100
2018-09-10,39.2276496887207,2995700
2018-09-11,39.27836608886719,3383700
2018-09-12,38.80733871459961,5354900
2018-09-13,39.14792251586914,6687600
2018-09-14,39.234893798828125,5271400
2018-09-17,39.2276496887207,4507400
2018-09-18,39.24214172363281,4314500
2018-09-19,39.80015563964844,6814300
2018-09-20,40.11177062988281,5321200
2018-09-21,39.959590911865234,12672900
2018-09-24,39.437808990478516,5254100
2018-09-25,39.321861267089844,5569200
2018-09-26,38.85081481933594,5414700
2018-09-27,38.624595642089844,5812100
2018-09-28,38.53702163696289,8150300
2018-10-01,38.55161666870117,4724200
2018-10-02,38.4859504699707,5825400
2018-10-03,38.98945236206055,7735300
2018-10-04,39.17189025878906,5731500
2018-10-05,39.02593231201172,5202600
2018-10-08,39.35432052612305,5797800
2018-10-09,39.36891174316406,5517300
2018-10-10,38.91647720336914,9193300
2018-10-11,37.814579010009766,13404800
2018-10-12,37.06297302246094,12666900
2018-10-15,36.858642578125,6879900
2018-10-16,37.19432830810547,9207100
2018-10-17,38.602691650390625,11626400
2018-10-18,38.04081344604492,11322800
2018-10-19,38.3108024597168,7664000
2018-10-22,37.52998733520508,8914600
2018-10-23,37.486209869384766,9206400
2018-10-24,36.6908073425293,9430100
2018-10-25,37.41323471069336,7672900
2018-10-26,37.150535583496094,10408800
2018-10-29,37.62485122680664,9949100
2018-10-30,38.17945861816406,10213900
2018-10-31,38.142967224121094,13027000
2018-11-01,38.04081344604492,9812100
2018-11-02,37.99701690673828,8273600
2018-11-05,38.194053649902344,5448300
2018-11-06,38.41297149658203,4635600
2018-11-07,38.36918640136719,6715900
2018-11-08,38.624595642089844,5463800
2018-11-09,38.78513717651367,5530100
2018-11-12,38.61729431152344,7060100
2018-11-13,39.17919158935547,8138100
2018-11-14,39.405399322509766,13371700
2018-11-15,39.88701629638672,9758900
2018-11-16,40.07675552368164,9335200
2018-11-19,40.1351318359375,8109600
2018-11-20,39.48567199707031,9495600
2018-11-21,39.17189025878906,5830500
2018-11-23,39.05512619018555,2243300
2018-11-26,39.52214813232422,6429300
2018-11-27,39.20107650756836,7409500
2018-11-28,39.61701583862305,7105400
2018-11-29,39.434593200683594,5369300
2018-11-30,39.74107360839844,10299300
2018-12-03,39.697288513183594,6851100
2018-12-04,38.3837776184082,9814800
2018-12-06,38.194053649902344,13575600
2018-12-07,37.77080154418945,9561900
2018-12-10,36.90972900390625,11217900
2018-12-11,36.57405471801758,7983200
2018-12-12,36.58134460449219,8372000
2018-12-13,35.8953971862793,11919500
2018-12-14,35.57432174682617,11037700
2018-12-17,34.98323440551758,10081800
2018-12-18,34.487022399902344,10182000
2018-12-19,33.72810363769531,13879300
2018-12-20,33.399723052978516,13596600
2018-12-21,32.55323791503906,22650900
2018-12-24,31.93297576904297,6830500
2018-12-26,33.12242126464844,10866400
2018-12-27,33.31215286254883,9209900
2018-12-28,33.260658264160156,8372200
2018-12-31,33.62114715576172,7388200
2019-01-02,34.099342346191406,8155500
2019-01-03,33.62114715576172,8141100
2019-01-04,34.452476501464844,7725300
2019-01-07,34.290626525878906,5927000
2019-01-08,34.51134490966797,6654400
2019-01-09,34.879180908203125,7765100
2019-01-10,34.805606842041016,8050800
2019-01-11,34.9012451171875,5196100
2019-01-14,35.15874099731445,8209600
2019-01-15,35.29116439819336,7676600
2019-01-16,36.129859924316406,9913500
2019-01-17,36.600704193115234,11787200
2019-01-18,36.94648361206055,10014100
2019-01-22,36.88761901855469,10614800
2019-01-23,37.17454147338867,7785100
2019-01-24,37.439395904541016,5654800
2019-01-25,37.79253005981445,6622400
2019-01-28,37.718955993652344,5207000
2019-01-29,37.557098388671875,5105100
2019-01-30,37.54975128173828,5451200
2019-01-31,37.638031005859375,9033500
2019-02-01,37.733665466308594,4597100
2019-02-04,37.93966293334961,4013400
2019-02-05,37.873451232910156,5483200
2019-02-06,37.84402084350586,4898700
2019-02-07,37.4835319519043,10708100
2019-02-08,37.21133041381836,8918000
2019-02-11,37.18925857543945,4797500
2019-02-12,37.6748161315918,7526100
2019-02-13,37.454105377197266,5075300
2019-02-14,37.123046875,5507900
2019-02-15,37.748382568359375,7757300
2019-02-19,37.748382568359375,7179300
2019-02-20,37.96173095703125,7722900
2019-02-21,37.557098388671875,6145700
2019-02-22,37.72630310058594,4959500
2019-02-25,37.96908950805664,6154400
2019-02-26,37.741031646728516,4823300
2019-02-27,37.9175910949707,3838000
2019-02-28,38.02793884277344,5808800
2019-03-01,38.050018310546875,5734600
2019-03-04,38.01322937011719,4610900
2019-03-05,37.9175910949707,4415900
2019-03-06,37.59389114379883,4345700
2019-03-07,37.2849006652832,4048500
2019-03-08,37.42467498779297,4024500
2019-03-11,37.85873031616211,5558300
2019-03-12,37.557098388671875,6531500
2019-03-13,37.947017669677734,5111800
2019-03-14,38.042659759521484,3595500
2019-03-15,38.30751037597656,9076500
2019-03-18,38.587074279785156,7244600
2019-03-19,38.20452117919922,5645500
2019-03-20,37.05682373046875,6540200
2019-03-21,36.534481048583984,8488700
2019-03-22,35.51923370361328,8290500
2019-03-25,35.38679885864258,6279900
2019-03-26,35.688453674316406,7669900
2019-03-27,35.40887451171875,7039100
2019-03-28,35.6164665222168,5147300
2019-03-29,35.72767639160156,8608300
2019-04-01,36.38010025024414,10065200
2019-04-02,36.432003021240234,7568000
2019-04-03,36.639591217041016,5042500
2019-04-04,36.91390609741211,5130700
2019-04-05,36.84718322753906,5756500
2019-04-08,36.98063659667969,4920100
2019-04-09,36.49131774902344,4551100
2019-04-10,36.55063247680664,5430200
2019-04-11,36.78046417236328,4651500
2019-04-12,37.23271942138672,11394900
2019-04-15,36.98804473876953,4587500
2019-04-16,37.27718734741211,7570500
2019-04-17,37.56633758544922,7825600
2019-04-18,37.9666862487793,8816300
2019-04-22,37.959259033203125,8049600
2019-04-23,38.32255172729492,7165000
2019-04-24,38.31513977050781,5567500
2019-04-25,38.43376159667969,5146300
2019-04-26,38.80445861816406,5082900
2019-04-29,39.29377746582031,5613100
2019-04-30,39.5310173034668,5947500
2019-05-01,39.37532043457031,5558900
2019-05-02,39.427223205566406,4589300
2019-05-03,39.64963912963867,4205600
2019-05-06,39.54585266113281,4557000
2019-05-07,38.96757125854492,6097500
2019-05-08,38.71549606323242,5453200
2019-05-09,38.64134216308594,5560100
2019-05-10,38.67842102050781,4759400
2019-05-13,37.670127868652344,5612100
2019-05-14,37.848052978515625,6210900
2019-05-15,37.65530014038086,4071000
2019-05-16,38.18168640136719,4460200
2019-05-17,38.226173400878906,5278400
2019-05-20,38.34478759765625,4573000
2019-05-21,38.478248596191406,3369000
2019-05-22,38.44116973876953,3540200
2019-05-23,37.93703079223633,5142700
2019-05-24,38.05564880371094,5636700
2019-05-28,37.56633758544922,6431700
2019-05-29,37.514427185058594,4865900
2019-05-30,37.366153717041016,4688600
2019-05-31,37.21787643432617,5678500
2019-06-03,37.610809326171875,6045400
2019-06-04,38.708072662353516,6856500
2019-06-05,38.93049621582031,5021600
2019-06-06,39.12325668334961,4327200
2019-06-07,39.04912567138672,4139700
2019-06-10,39.21963882446289,4866300
2019-06-11,39.427223205566406,3820200
2019-06-12,39.0639533996582,4153400
2019-06-13,39.0639533996582,4313900
2019-06-14,39.01205062866211,5665600
2019-06-17,38.18910598754883,5059900
2019-06-18,38.6932487487793,5293000
2019-06-19,38.64134216308594,5664000
2019-06-20,38.67100524902344,4533500
2019-06-21,38.745140075683594,9004800
2019-06-24,38.774803161621094,4681500
2019-06-25,38.582035064697266,4671900
2019-06-26,38.537559509277344,5012800
2019-06-27,38.81383514404297,3738700
2019-06-28,39.1274528503418,10087100
2019-07-01,39.58293533325195,3882300
2019-07-02,39.52321243286133,3175200
2019-07-03,39.76214599609375,2102700
2019-07-05,40.083229064941406,3195300
2019-07-08,39.650142669677734,4123900
2019-07-09,39.82936096191406,3676100
2019-07-10,39.70988845825195,3817500
2019-07-11,39.926429748535156,6137300
2019-07-12,40.02348709106445,4257700
2019-07-15,39.66508102416992,4484500
2019-07-16,39.6053466796875,5441300
2019-07-17,40.48645782470703,8805200
2019-07-18,41.21076202392578,7893700
2019-07-19,41.068885803222656,7237700
2019-07-22,41.31529998779297,5568400
2019-07-23,41.8380012512207,7422200
2019-07-24,42.256168365478516,7947800
2019-07-25,42.23375701904297,5304400
2019-07-26,42.84606170654297,6396300
2019-07-29,42.60710525512695,4603200
2019-07-30,42.666847229003906,5468000
2019-07-31,42.674312591552734,6685100
2019-08-01,41.58412170410156,8786800
2019-08-02,41.38997268676758,7249400
2019-08-05,39.6128044128418,7480400
2019-08-06,39.99363327026367,4668300
2019-08-07,39.28426742553711,6955700
2019-08-08,39.54561233520508,5181300
2019-08-09,39.418670654296875,5491200
2019-08-12,39.00798416137695,3045000
2019-08-13,39.44853591918945,4671500
2019-08-14,38.00739669799805,9297700
2019-08-15,38.291141510009766,6654000
2019-08-16,39.03784942626953,6192300
2019-08-19,39.329071044921875,3563000
2019-08-20,38.552494049072266,4399100
2019-08-21,38.724239349365234,3236600
2019-08-22,38.86610794067383,3522700
2019-08-23,38.04472351074219,6039900
2019-08-26,38.298606872558594,3968900
2019-08-27,38.1119270324707,4696400
2019-08-28,38.515159606933594,3545600
2019-08-29,39.11997985839844,3652400
2019-08-30,39.34400177001953,4975600
2019-09-03,38.84369659423828,4508900
2019-09-04,39.17226028442383,3031200
2019-09-05,39.77708435058594,4774500
2019-09-06,39.88163375854492,4991900
2019-09-09,41.00168991088867,5060800
2019-09-10,41.71105194091797,6414000
2019-09-11,41.77825927734375,5438100
2019-09-12,41.61399459838867,7144000
2019-09-13,41.87533187866211,5680800
2019-09-16,41.71105194091797,3880500
2019-09-17,41.740928649902344,5358400
2019-09-18,41.748390197753906,3850100
2019-09-19,41.666263580322266,3543800
2019-09-20,41.39744567871094,18203300
2019-09-23,41.57664489746094,3541800
2019-09-24,41.31529998779297,5249000
2019-09-25,41.621456146240234,3826000
2019-09-26,41.49451446533203,5115500
2019-09-27,41.70519256591797,4532500
2019-09-30,41.637481689453125,4403900
2019-10-01,40.463741302490234,5620300
2019-10-02,39.786582946777344,5346800
2019-10-03,39.91448211669922,4134700
2019-10-04,40.69698715209961,3657800
2019-10-07,40.576602935791016,3610900
2019-10-08,39.41038131713867,7799500
2019-10-09,39.583438873291016,3316600
2019-10-10,39.891910552978516,4432800
2019-10-11,40.230491638183594,5432200
2019-10-14,40.072486877441406,3708000
2019-10-15,40.44868850708008,8012800
2019-10-16,41.05812454223633,7941300
2019-10-17,41.1634635925293,4881300
2019-10-18,41.43431854248047,6217700
2019-10-21,42.27700424194336,4782100
2019-10-22,42.62310028076172,7135600
2019-10-23,42.5704345703125,4677900
2019-10-24,42.36729049682617,4934900
2019-10-25,42.69081497192383,3877000
2019-10-28,42.901493072509766,4661200
2019-10-29,43.142250061035156,4269800
2019-10-30,42.97673034667969,4745900
2019-10-31,42.901493072509766,4906800
2019-11-01,43.32283401489258,5870200
2019-11-04,43.74416732788086,6791000
2019-11-05,44.08274459838867,5910200
2019-11-06,44.210655212402344,4777800
2019-11-07,44.46647262573242,5205500
2019-11-08,44.316001892089844,3214700
2019-11-11,44.12036895751953,1790900
2019-11-12,43.9999885559082,3254300
2019-11-13,44.09779739379883,4090800
2019-11-14,44.06769943237305,3304600
2019-11-15,44.45895767211914,5069900
2019-11-18,44.81257247924805,4845500
2019-11-19,44.707237243652344,4974700
2019-11-20,44.474002838134766,4287600
2019-11-21,44.759910583496094,5880400
2019-11-22,45.181251525878906,6548900
2019-11-25,45.00819396972656,8473300
2019-11-26,45.08342742919922,7285600
2019-11-27,45.28657531738281,4246500
2019-11-29,45.166194915771484,3394800
2019-12-02,44.96304702758789,5085600
2019-12-03,44.33856201171875,8044600
2019-12-04,44.624473571777344,5926800
2019-12-05,44.84267044067383,4925400
2019-12-06,45.24895095825195,5894300
2019-12-09,45.143611907958984,4357900
2019-12-10,45.10600662231445,5719400
2019-12-11,44.57932662963867,8940500
2019-12-12,45.55744552612305,7120600
2019-12-13,45.346771240234375,5424800
2019-12-16,45.64019775390625,6758000
2019-12-17,45.65524673461914,7301600
2019-12-18,45.211341857910156,12497800
2019-12-19,45.15114974975586,8029200
2019-12-20,44.970577239990234,14484000
2019-12-23,44.82761764526367,4971300
2019-12-24,44.89533996582031,2246200
2019-12-26,45.25648498535156,4155100
2019-12-27,44.94047546386719,3661800
2019-12-30,44.834407806396484,4020100
2019-12-31,44.92531967163086,4732000
2020-01-02,44.857120513916016,5002100
2020-01-03,44.33430099487305,5161800
2020-01-06,43.72812271118164,6869200
2020-01-07,43.31137466430664,4006800
2020-01-08,43.22045135498047,5627500
2020-01-09,43.235599517822266,5775400
2020-01-10,42.940086364746094,5285000
2020-01-13,42.97041320800781,6235800
2020-01-14,42.87947463989258,6866500
2020-01-15,41.6519660949707,10158500
2020-01-16,41.81866455078125,12176100
2020-01-17,41.93989562988281,9546400
2020-01-21,41.2352180480957,9490600
2020-01-22,41.629241943359375,6804900
2020-01-23,41.583778381347656,7107800
2020-01-24,40.795738220214844,6179500
2020-01-27,40.568416595458984,6296200
2020-01-28,40.81089401245117,5965200
2020-01-29,40.61388397216797,5026600
2020-01-30,41.10640335083008,6190800
2020-01-31,40.32595443725586,6355100
2020-02-03,40.68208312988281,6336900
2020-02-04,41.083675384521484,5512200
2020-02-05,41.826236724853516,6071600
2020-02-06,41.52315139770508,4608800
2020-02-07,41.38676834106445,3626700
2020-02-10,41.40191650390625,5602700
2020-02-11,41.62165451049805,5309400
2020-02-12,41.530723571777344,4112400
2020-02-13,41.81108856201172,4928100
2020-02-14,41.75804138183594,4351500
2020-02-18,41.2352180480957,5591200
2020-02-19,41.48526382446289,4219800
2020-02-20,41.52315139770508,4906200
2020-02-21,41.33372116088867,5666000
2020-02-24,40.219871520996094,7773800
2020-02-25,38.43165588378906,10564600
2020-02-26,37.62845230102539,12018000
2020-02-27,36.006935119628906,13413900
2020-02-28,35.1885871887207,24626100
2020-03-02,36.491878509521484,12673900
2020-03-03,34.93097686767578,13197700
2020-03-04,35.355289459228516,12095400
2020-03-05,33.17304992675781,12815800
2020-03-06,32.165283203125,14127500
2020-03-09,27.520462036132812,17811700
2020-03-10,29.278369903564453,16815700
2020-03-11,27.43710708618164,18947700
2020-03-12,23.951583862304688,20621100
2020-03-13,28.11147689819336,20211400
2020-03-16,24.67899513244629,14280000
2020-03-17,25.550378799438477,16232200
2020-03-18,25.004819869995117,18092700
2020-03-19,25.163938522338867,16042700
2020-03-20,24.67899513244629,20375900
2020-03-23,21.9208927154541,13417600
2020-03-24,23.640918731689453,14752200
2020-03-25,24.26982307434082,17018600
2020-03-26,27.41437339782715,16014300
2020-03-27,27.10370635986328,11470300
2020-03-30,27.50240707397461,9825600
2020-03-31,26.413658142089844,11034500
2020-04-01,24.48151206970215,11203900
2020-04-02,25.048885345458984,8497600
2020-04-03,23.914134979248047,7148800
2020-04-06,26.35231590270996,9205000
2020-04-07,26.413658142089844,8122100
2020-04-08,27.333723068237305,7236600
2020-04-09,29.17386245727539,10116700
2020-04-13,28.207782745361328,7678300
2020-04-14,27.448734283447266,7781800
2020-04-15,25.5549259185791,11726400
2020-04-16,24.366504669189453,10664600
2020-04-17,26.881359100341797,10757200
2020-04-20,26.260311126708984,10342000
2020-04-21,25.094890594482422,11434400
2020-04-22,25.493589401245117,7240400
2020-04-23,25.585594177246094,7311800
2020-04-24,26.06863021850586,7682200
2020-04-27,27.510082244873047,8306800
2020-04-28,28.100452423095703,6988800
2020-04-29,29.48821449279785,7844200
2020-04-30,27.985437393188477,7796400
2020-05-01,26.789344787597656,6554300
2020-05-04,26.42898941040039,5988300
2020-05-05,25.715938568115234,7305200
2020-05-06,25.462915420532227,9640400
2020-05-07,26.22197914123535,6983600
2020-05-08,26.6436767578125,5617700
2020-05-11,25.57025718688965,7158300
2020-05-12,24.266828536987305,11626300
2020-05-13,22.580036163330078,15304800
2020-05-14,23.898801803588867,14770900
2020-05-15,23.52310562133789,12087500
2020-05-18,25.271236419677734,9197800
2020-05-19,24.52751350402832,7533600
2020-05-20,25.347911834716797,10122500
2020-05-21,25.240564346313477,5890500
2020-05-22,25.24823570251465,5534000
2020-05-26,27.47174072265625,11156600
2020-05-27,28.84416961669922,9938900
2020-05-28,27.993106842041016,9030100
2020-05-29,27.26472282409668,18241700
2020-06-01,28.131122589111328,6594300
2020-06-02,28.07744598388672,6596500
2020-06-03,29.656898498535156,9656100
2020-06-04,30.72264289855957,9142500
2020-06-05,32.486106872558594,12586800
2020-06-08,33.36017990112305,10445800
2020-06-09,32.279090881347656,7580400
2020-06-10,30.147605895996094,11590200
2020-06-11,27.70942497253418,16095900
2020-06-12,28.75983238220215,9329300
2020-06-15,29.733572006225586,11284100
2020-06-16,30.162939071655273,9409400
2020-06-17,29.526554107666016,7153000
2020-06-18,29.572561264038086,5425900
2020-06-19,29.80257797241211,42484600
2020-06-22,29.304203033447266,8321200
2020-06-23,29.595558166503906,6545800
2020-06-24,28.269128799438477,7351300
2020-06-25,29.17386245727539,6023400
2020-06-26,27.648086547851562,13960100
2020-06-29,28.198869705200195,5352100
2020-06-30,28.563478469848633,7709300
2020-07-01,27.911834716796875,6902400
2020-07-02,27.842023849487305,5768200
2020-07-06,28.57123374938965,6069500
2020-07-07,27.601530075073242,6683600
2020-07-08,27.547231674194336,5969900
2020-07-09,26.5465030670166,6103500
2020-07-10,28.26868438720703,8974900
2020-07-13,28.57123374938965,6708000
2020-07-14,28.15232276916504,7961500
2020-07-15,29.199594497680664,7798200
2020-07-16,29.137537002563477,6105600
2020-07-17,27.95062828063965,9154500
2020-07-20,27.593774795532227,7234100
2020-07-21,28.392805099487305,9232100
2020-07-22,28.129053115844727,6305500
2020-07-23,28.524688720703125,5988200
2020-07-24,28.641056060791016,7385800
2020-07-27,28.05147361755371,6452300
2020-07-28,28.17560386657715,7658800
2020-07-29,29.253896713256836,6527700
2020-07-30,28.633302688598633,6202100
2020-07-31,28.578990936279297,7707300
2020-08-03,28.547964096069336,4683700
2020-08-04,28.105777740478516,4098900
2020-08-05,28.594512939453125,4585300
2020-08-06,28.540197372436523,3227200
2020-08-07,29.059965133666992,7818900
2020-08-10,29.06772232055664,7739300
2020-08-11,29.688329696655273,7527000
2020-08-12,29.331478118896484,4864100
2020-08-13,28.990144729614258,4084600
2020-08-14,29.308210372924805,3971800
2020-08-17,28.64881134033203,5522600
2020-08-18,28.183351516723633,4335500
2020-08-19,28.05147361755371,4218700
2020-08-20,27.624807357788086,4373400
2020-08-21,27.31450653076172,5999700
2020-08-24,28.509172439575195,5276300
2020-08-25,28.400571823120117,4890800
2020-08-26,28.098020553588867,4649000
2020-08-27,28.656558990478516,5600600
2020-08-28,28.858266830444336,4666600
2020-08-31,28.237653732299805,6037300
2020-09-01,28.46263313293457,5984200
2020-09-02,29.176332473754883,8346100
2020-09-03,29.059965133666992,9892300
2020-09-04,29.7193660736084,8406900
2020-09-08,28.48590087890625,9781700
2020-09-09,28.338512420654297,5718900
2020-09-10,27.756683349609375,7381700
2020-09-11,28.454872131347656,6330300
2020-09-14,29.378028869628906,5797000
2020-09-15,28.951356887817383,7353500
2020-09-16,29.60299301147461,5697300
2020-09-17,29.39354133605957,6422600
2020-09-18,29.18408203125,7800000
2020-09-21,28.05147361755371,8109100
2020-09-22,27.609289169311523,7230500
2020-09-23,26.763715744018555,6665800
2020-09-24,26.9421329498291,6961400
2020-09-25,27.275714874267578,4565600
2020-09-28,28.00493049621582,5622700
2020-09-29,27.706674575805664,5202800
2020-09-30,28.13836097717285,9457500
2020-10-01,28.256092071533203,4618100
2020-10-02,28.86046028137207,5406100
2020-10-05,29.61395263671875,5471700
2020-10-06,29.37063980102539,6061100
2020-10-07,30.44594383239746,7673000
2020-10-08,31.00322151184082,6988400
2020-10-09,30.744190216064453,6504700
2020-10-12,31.19944190979004,7249500
2020-10-13,30.155532836914062,6460000
2020-10-14,30.022096633911133,7761200
2020-10-15,30.72066307067871,6006800
2020-10-16,30.72066307067871,5679000
2020-10-19,30.587228775024414,6117200
2020-10-20,30.775588989257812,5666300
2020-10-21,30.469497680664062,4911800
2020-10-22,31.77239990234375,6366100
2020-10-23,31.91368865966797,5760500
2020-10-26,31.364259719848633,6300100
2020-10-27,30.147680282592773,6944000
2020-10-28,29.276456832885742,8437800
2020-10-29,29.880817413330078,6634200
2020-10-30,30.571517944335938,6210100
2020-11-02,31.191591262817383,5915600
2020-11-03,32.03927993774414,6210400
2020-11-04,30.61077117919922,7494700
2020-11-05,31.7567081451416,5535900
2020-11-06,30.744190216064453,6210300
2020-11-09,34.66080856323242,16088500
2020-11-10,34.645111083984375,8062400
2020-11-11,34.33899688720703,7680500
2020-11-12,33.60121536254883,8025000
2020-11-13,33.993656158447266,5968700
2020-11-16,34.755001068115234,7642100
2020-11-17,34.558780670166016,7384500
2020-11-18,33.95441436767578,7324800
2020-11-19,33.938720703125,7476300
2020-11-20,33.48347091674805,5242500
2020-11-23,33.82097244262695,5943400
2020-11-24,35.63407516479492,8718100
2020-11-25,35.06896209716797,5407800
2020-11-27,34.70005416870117,2871800
2020-11-30,33.9151611328125,14916400
2020-12-01,34.73146057128906,6850700
2020-12-02,35.06896209716797,5822700
2020-12-03,35.29657745361328,6192000
2020-12-04,35.610530853271484,6634900
2020-12-07,35.163143157958984,7054500
2020-12-08,35.30441665649414,5289500
2020-12-09,35.98726272583008,9415200
2020-12-10,36.19919967651367,7318300
2020-12-11,35.979427337646484,5266800
2020-12-14,35.17098617553711,5518000
2020-12-15,35.469242095947266,5787400
2020-12-16,35.59482955932617,5711600
2020-12-17,35.539894104003906,6017900
2020-12-18,35.210235595703125,14375000
2020-12-21,35.57913589477539,10715700
2020-12-22,35.7832145690918,8468900
2020-12-23,36.677982330322266,6693000
2020-12-24,36.48960494995117,1980900
2020-12-28,36.6230354309082,4330800
2020-12-29,36.207054138183594,4083400
2020-12-30,36.555572509765625,3157400
2020-12-31,36.90410232543945,3778500
2021-01-04,36.53181076049805,6738800
2021-01-05,36.6506233215332,5334600
2021-01-06,38.82099151611328,12378300
2021-01-07,39.59724807739258,7778600
2021-01-08,39.0665397644043,6574400
2021-01-11,39.08238220214844,5631500
2021-01-12,39.32794189453125,5901900
2021-01-13,39.217041015625,5536300
2021-01-14,39.034854888916016,6949400
2021-01-15,38.33780288696289,8547300
2021-01-19,38.0764045715332,12398000
2021-01-20,36.10408020019531,12256200
2021-01-21,36.17536544799805,12365900
2021-01-22,36.32586669921875,9036800
2021-01-25,36.24665069580078,9576900
2021-01-26,35.79514694213867,7909200
2021-01-27,33.90995407104492,11801800
2021-01-28,34.67036437988281,8597200
2021-01-29,33.94163131713867,7339300
2021-02-01,33.8624153137207,6666900
2021-02-02,35.05058670043945,6487400
2021-02-03,35.4307861328125,5850300
2021-02-04,36.682308197021484,6633800
2021-02-05,36.7140007019043,4146600
2021-02-08,37.54571533203125,5986200
2021-02-09,37.7120475769043,4940300
2021-02-10,37.506099700927734,5625500
2021-02-11,37.42689514160156,4413300
2021-02-12,37.735801696777344,4141600
2021-02-16,38.53583908081055,5603600
2021-02-17,39.05070114135742,6928600
2021-02-18,38.860595703125,7617300
2021-02-19,39.62101745605469,5374200
2021-02-22,40.34975814819336,7017900
2021-02-23,40.880462646484375,9904100
2021-02-24,41.83098602294922,6814400
2021-02-25,40.896305084228516,6254500
2021-02-26,39.60517501831055,9499600
2021-03-01,40.524017333984375,8921300
2021-03-02,40.120052337646484,7360600
2021-03-03,40.524017333984375,7442800
2021-03-04,40.413116455078125,10901400
2021-03-05,41.561668395996094,10621000
2021-03-08,42.81319808959961,9847600
2021-03-09,41.90227127075195,8899100
2021-03-10,42.599327087402344,8455100
2021-03-11,42.25871658325195,6141300
2021-03-12,43.2805290222168,5415500
2021-03-15,42.75773620605469,6228000
2021-03-16,42.6468505859375,9928300
2021-03-17,43.16171646118164,7768700
2021-03-18,44.57166290283203,11182900
2021-03-19,43.73203659057617,28076700
2021-03-22,42.96369552612305,6976700
2021-03-23,42.4409065246582,10640100
2021-03-24,42.3537712097168,6880700
2021-03-25,43.47855758666992,8728200
2021-03-26,44.52413558959961,9628300
2021-03-29,44.04094696044922,11780100
2021-03-30,44.591651916503906,6624000
2021-03-31,44.144710540771484,6752700
2021-04-01,44.55973434448242,6219400
2021-04-05,44.990726470947266,4769200
2021-04-06,44.87898635864258,4513200
2021-04-07,45.3419075012207,5068800
2021-04-08,45.31795883178711,6361400
2021-04-09,45.725013732910156,5990100
2021-04-12,46.036277770996094,5185600
2021-04-13,45.198238372802734,6099300
2021-04-14,45.95646286010742,6508900
2021-04-15,44.95880889892578,13346400
2021-04-16,46.1799430847168,7934200
2021-04-19,46.06821060180664,6586600
2021-04-20,44.871009826660156,10679900
2021-04-21,45.485565185546875,6051500
2021-04-22,44.8231201171875,6050400
2021-04-23,45.6771240234375,6229600
2021-04-26,46.12407684326172,5588600
2021-04-27,46.547088623046875,5627500
2021-04-28,47.06586837768555,5281900
2021-04-29,47.91189193725586,6111800
2021-04-30,47.36915588378906,6581800
2021-05-03,47.3212776184082,4870200
2021-05-04,48.366825103759766,7908000
2021-05-05,48.19922637939453,6789200
2021-05-06,49.03725814819336,5512900
2021-05-07,48.981388092041016,6158800
2021-05-10,48.82175827026367,7013500
2021-05-11,48.00767135620117,6943500
2021-05-12,47.536766052246094,9206700
2021-05-13,48.765899658203125,5329700
2021-05-14,49.412376403808594,4087700
2021-05-17,49.651817321777344,4151300
2021-05-18,48.566368103027344,5832200
2021-05-19,47.943824768066406,8055000
2021-05-20,47.5926399230957,6338800
2021-05-21,48.18326187133789,5347800
2021-05-24,48.22315979003906,3504600
2021-05-25,47.608604431152344,5028200
2021-05-26,47.67245864868164,7436100
2021-05-27,48.47856903076172,12453000
2021-05-28,48.510494232177734,6127000
2021-06-01,48.67811584472656,4967000
2021-06-02,48.422698974609375,5573300
2021-06-03,48.39875411987305,4631500
2021-06-04,48.50251007080078,4581600
2021-06-07,48.31894302368164,4520800
2021-06-08,48.11940383911133,5617400
2021-06-09,47.28935241699219,6549800
2021-06-10,46.77854919433594,4873800
2021-06-11,47.20155715942383,5659300
2021-06-14,46.41938400268555,5035400
2021-06-15,46.69873809814453,5807800
2021-06-16,46.64286422729492,8635300
2021-06-17,44.4719352722168,8333100
2021-06-18,43.68977355957031,19017200
2021-06-21,44.67945098876953,5680700
2021-06-22,44.64753341674805,4183300
2021-06-23,44.807151794433594,5655900
2021-06-24,45.39777755737305,5761900
2021-06-25,46.17196273803711,4931100
2021-06-28,45.92454528808594,5143200
2021-06-29,45.55469512939453,6974000
2021-06-30,45.803951263427734,4664100
2021-07-01,46.29438018798828,3660400
2021-07-02,46.28635025024414,3520900
2021-07-06,45.0321044921875,5008700
2021-07-07,45.01602554321289,5125700
2021-07-08,44.25222396850586,5977700
2021-07-09,45.803951263427734,4437300
2021-07-12,46.29438018798828,5403100
2021-07-13,45.76374816894531,4387500
2021-07-14,45.82001495361328,6398100
2021-07-15,47.29134750366211,10314800
2021-07-16,45.96474838256836,5779400
2021-07-19,43.82609176635742,8560800
2021-07-20,45.0964241027832,6271100
2021-07-21,45.98885726928711,5544800
2021-07-22,44.871299743652344,4042900
2021-07-23,44.7989501953125,3570500
2021-07-26,45.16877746582031,3721700
2021-07-27,45.14466857910156,4332400
2021-07-28,45.05622100830078,4063600
2021-07-29,45.37781524658203,7566000
2021-07-30,44.65422058105469,6478400
2021-08-02,44.324581146240234,4741300
2021-08-03,44.93562316894531,5102700
2021-08-04,44.26830291748047,4101400
2021-08-05,44.871299743652344,3774500
2021-08-06,45.82807159423828,4756100
2021-08-09,45.86022186279297,3672300
2021-08-10,46.36674499511719,3759600
2021-08-11,47.2672233581543,5462200
2021-08-12,47.31545639038086,3758200
2021-08-13,46.80894470214844,3630500
2021-08-16,46.28635025024414,3219600
2021-08-17,45.635093688964844,3474500
2021-08-18,45.06426239013672,4656800
2021-08-19,44.49342346191406,5568800
2021-08-20,44.766780853271484,3650900
2021-08-23,45.16073989868164,3674900
2021-08-24,45.6753044128418,3210400
2021-08-25,46.342620849609375,3983400
2021-08-26,46.02102279663086,3340500
2021-08-27,46.87326431274414,4432400
2021-08-30,45.89238357543945,4848600
2021-08-31,46.141624450683594,6869000
2021-09-01,45.16073989868164,6533600
2021-09-02,45.37781524658203,5307500
2021-09-03,45.14466857910156,3921800
2021-09-07,44.887386322021484,4879100
2021-09-08,44.49342346191406,3501700
2021-09-09,44.87934494018555,4810100
2021-09-10,44.58186340332031,3856300
2021-09-13,45.45821762084961,5448400
2021-09-14,44.95170593261719,5432200
2021-09-15,46.471256256103516,7194300
2021-09-16,45.90846252441406,6056000
2021-09-17,45.83610153198242,10014300
2021-09-20,44.766780853271484,8945100
2021-09-21,45.90846252441406,10332300
2021-09-22,46.5677375793457,8715700
2021-09-23,47.66922378540039,8216800
2021-09-24,48.071224212646484,4770700
2021-09-27,49.12446212768555,5388200
2021-09-28,48.57774353027344,7223100
2021-09-29,48.82079315185547,4934700
2021-09-30,48.15645980834961,5648600
2021-10-01,49.22587966918945,6334000
2021-10-04,49.03953552246094,5305300
2021-10-05,49.655269622802734,5365100
2021-10-06,49.78489685058594,5037100
2021-10-07,50.133270263671875,5104900
2021-10-08,50.49784851074219,4554500
2021-10-11,50.10896301269531,3713300
2021-10-12,49.95503234863281,4108300
2021-10-13,49.792991638183594,5000800
2021-10-14,48.67497253417969,8490700
2021-10-15,48.79649353027344,9158100
2021-10-18,49.08005142211914,5212200
2021-10-19,49.70387649536133,3506800
2021-10-20,50.70038604736328,4806200
2021-10-21,50.37631607055664,4699000
2021-10-22,50.830013275146484,5251100
2021-10-25,50.65177536010742,3043600
2021-10-26,50.58696746826172,3825600
2021-10-27,48.836997985839844,7255000
2021-10-28,49.36361312866211,3979100
2021-10-29,48.909915924072266,4008400
2021-11-01,49.2420768737793,2797500
2021-11-02,49.3068962097168,3588300
2021-11-03,50.09275817871094,4187500
2021-11-04,48.836997985839844,4260300
2021-11-05,49.169166564941406,3907500
2021-11-08,49.169166564941406,3563800
2021-11-09,48.666866302490234,4042900
2021-11-10,49.00714111328125,3580100
2021-11-11,49.2420768737793,2893700
2021-11-12,49.01523971557617,3686000
2021-11-15,48.98282241821289,3190100
2021-11-16,49.03144073486328,3910500
2021-11-17,48.059234619140625,4177300
2021-11-18,47.516422271728516,3947000
2021-11-19,46.65763854980469,4302300
2021-11-22,47.78378677368164,5534300
2021-11-23,48.666866302490234,4686500
2021-11-24,48.48052978515625,2862800
2021-11-26,46.5847282409668,4654300
2021-11-29,46.503719329833984,4965300
2021-11-30,44.83476638793945,10030800
2021-12-01,44.43778991699219,6293100
2021-12-02,45.85557174682617,5410900
2021-12-03,45.03730773925781,6285700
2021-12-06,46.08242416381836,6425500
2021-12-07,46.7386589050293,8751700
2021-12-08,46.21205139160156,4190900
2021-12-09,46.34978485107422,5617000
2021-12-10,46.8034782409668,4034800
2021-12-13,46.0338134765625,4763100
2021-12-14,46.430789947509766,4585600
2021-12-15,45.96900177001953,6417600
2021-12-16,46.528018951416016,7989200
2021-12-17,45.150726318359375,14924000
2021-12-20,44.45398712158203,6655900
2021-12-21,45.239845275878906,4620100
2021-12-22,45.42618179321289,4896000
2021-12-23,45.620628356933594,4679500
2021-12-27,45.96900177001953,3709200
2021-12-28,45.97710037231445,3129000
2021-12-29,45.85557174682617,4269200
2021-12-30,45.863739013671875,4346700
2021-12-31,45.88007736206055,3282500
2022-01-03,46.7785758972168,5430900
2022-01-04,48.00377655029297,7552600
2022-01-05,47.75056838989258,6527200
2022-01-06,49.04929733276367,5783200
2022-01-07,49.82526779174805,7040100
2022-01-10,50.11930847167969,7635500
2022-01-11,50.74008560180664,6316800
2022-01-12,51.04230880737305,5649600
2022-01-13,51.614070892333984,6612600
2022-01-14,51.6630744934082,7236700
2022-01-18,50.79726028442383,7624500
2022-01-19,46.86024475097656,13764600
2022-01-20,46.50901794433594,13476700
2022-01-21,45.00609588623047,13354000
2022-01-24,46.4028434753418,15290400
2022-01-25,46.89292526245117,8466200
2022-01-26,47.01544952392578,7507100
2022-01-27,46.91742706298828,7130000
2022-01-28,47.440189361572266,6843800
2022-01-31,47.530029296875,9476100
2022-02-01,48.41218566894531,6341700
2022-02-02,48.82059097290039,7702200
2022-02-03,48.31416702270508,4809300
2022-02-04,48.76340866088867,5307300
2022-02-07,48.6653938293457,5853100
2022-02-08,48.6653938293457,11056100
2022-02-09,48.80424499511719,5928600
2022-02-10,48.363182067871094,6952800
2022-02-11,47.82408142089844,7330400
2022-02-14,47.26866149902344,7279600
2022-02-15,47.87309265136719,4244700
2022-02-16,47.86492919921875,3994100
2022-02-17,46.664215087890625,4721800
2022-02-18,46.639713287353516,6264900
2022-02-22,47.21147537231445,7458300
2022-02-23,46.27214813232422,8561100
2022-02-24,45.193965911865234,11719500
2022-02-25,46.83574676513672,10009500
2022-02-28,46.18230056762695,9501500
2022-03-01,43.993255615234375,13167700
2022-03-02,45.92909240722656,9063200
2022-03-03,45.99443817138672,8283000
2022-03-04,45.12861633300781,7772000
2022-03-07,43.37247085571289,10401800
2022-03-08,43.4949951171875,9850200
2022-03-09,44.524173736572266,7817800
2022-03-10,43.28263473510742,10672200
2022-03-11,43.00491714477539,7434500
2022-03-14,44.0667724609375,9175200
2022-03-15,44.43433380126953,7606400
2022-03-16,45.96992874145508,9093800
2022-03-17,46.27214813232422,6955700
2022-03-18,46.17412567138672,18475700
2022-03-21,45.87192153930664,8431200
2022-03-22,46.574363708496094,4754000
2022-03-23,45.618709564208984,6456400
2022-03-24,45.782066345214844,6459900
2022-03-25,46.65605163574219,4079600
2022-03-28,46.321163177490234,6882500
2022-03-29,46.45184326171875,6182800
2022-03-30,45.438987731933594,7908500
2022-03-31,43.76734161376953,9511300
2022-04-01,43.56147384643555,7514600
2022-04-04,43.36384201049805,5616800
2022-04-05,43.64382553100586,7370000
2022-04-06,43.619117736816406,8299100
2022-04-07,43.2979621887207,8656100
2022-04-08,43.02621841430664,9974800
2022-04-11,42.589778900146484,8520700
2022-04-12,41.848655700683594,7387600
2022-04-13,41.67573928833008,10788100
2022-04-14,43.40501022338867,10824100
2022-04-18,43.42972183227539,8468000
2022-04-19,43.54499816894531,7707000
2022-04-20,43.68499755859375,7978800
2022-04-21,43.34737014770508,6745000
2022-04-22,41.856895446777344,6300900
2022-04-25,41.8651237487793,8400700
2022-04-26,41.198116302490234,6488100
2022-04-27,40.8769645690918,7795500
2022-04-28,41.20634460449219,8219200
2022-04-29,39.98762130737305,8803500
2022-05-02,40.2264289855957,8139900
2022-05-03,40.73697280883789,5843000
2022-05-04,41.60985565185547,8092600
2022-05-05,40.547584533691406,6861000
2022-05-06,40.588748931884766,7779100
2022-05-09,40.71226119995117,9513400
2022-05-10,40.64639663696289,9607800
2022-05-11,39.905277252197266,7711400
2022-05-12,40.01232147216797,7743600
2022-05-13,40.02055740356445,5588900
2022-05-16,39.74881362915039,5956500
2022-05-17,40.88520050048828,5589800
2022-05-18,40.43229293823242,6481700
2022-05-19,40.547584533691406,7078400
2022-05-20,40.52286911010742,8463600
2022-05-23,41.791019439697266,6472100
2022-05-24,42.029823303222656,7000300
2022-05-25,42.153343200683594,7374700
2022-05-26,42.93563461303711,5799100
2022-05-27,43.232086181640625,5645900
2022-05-31,43.70145797729492,10600500
2022-06-01,42.61448669433594,8293200
2022-06-02,42.96858215332031,7882500
2022-06-03,42.77094650268555,8820500
2022-06-06,43.02621841430664,5009200
2022-06-07,43.281497955322266,5080000
2022-06-08,42.688594818115234,4409100
2022-06-09,41.44516372680664,5307600
2022-06-10,40.11936950683594,8450500
2022-06-13,38.75242233276367,10676800
2022-06-14,37.64897537231445,13689800
2022-06-15,38.175994873046875,11557100
2022-06-16,37.39369201660156,8390400
2022-06-17,37.39369201660156,19038700
2022-06-21,38.15128707885742,7722300
2022-06-22,38.2912712097168,5875900
2022-06-23,37.64897537231445,6328900
2022-06-24,39.13121032714844,6925000
2022-06-27,38.90888214111328,7078400
2022-06-28,38.612422943115234,6401600
2022-06-29,38.3546257019043,4975300
2022-06-30,38.271461486816406,6233200
2022-07-01,38.74549102783203,5398000
2022-07-05,38.63737869262695,4883600
2022-07-06,38.67063903808594,5701700
2022-07-07,38.88685989379883,3679900
2022-07-08,38.695594787597656,3546700
2022-07-11,38.545902252197266,4641300
2022-07-12,38.42115783691406,4137100
2022-07-13,37.68932342529297,5460300
2022-07-14,36.79948043823242,7298300
2022-07-15,38.728858947753906,8608200
2022-07-18,38.82033920288086,7435000
2022-07-19,39.4690055847168,5684000
2022-07-20,39.12803649902344,6130600
2022-07-21,39.5937385559082,6619400
2022-07-22,39.676910400390625,5009100
2022-07-25,39.95966339111328,4054100
2022-07-26,39.43573760986328,4995000
2022-07-27,40.09272766113281,5456900
2022-07-28,38.3546257019043,13267900
2022-07-29,39.25278091430664,7705100
2022-08-01,39.510589599609375,7322900
2022-08-02,39.02824401855469,6532800
2022-08-03,39.635337829589844,5691100
2022-08-04,39.14466857910156,6531300
2022-08-05,39.410797119140625,4061100
2022-08-08,39.04487609863281,5316000
2022-08-09,39.236148834228516,3947700
2022-08-10,39.80996322631836,6098100
2022-08-11,40.28399658203125,6171600
2022-08-12,40.558433532714844,6432000
2022-08-15,40.816246032714844,4947700
2022-08-16,40.999210357666016,4790100
2022-08-17,40.774658203125,5553200
2022-08-18,40.75802993774414,5400400
2022-08-19,40.42538070678711,7197200
2022-08-22,39.58543395996094,5816700
2022-08-23,39.42742156982422,4411500
2022-08-24,39.244468688964844,4620800
2022-08-25,39.71847915649414,5296700
2022-08-26,38.662330627441406,5070200
2022-08-29,38.337989807128906,3650000
2022-08-30,38.17998123168945,5105500
2022-08-31,37.93049240112305,6239800
2022-09-01,38.146724700927734,4920600
2022-09-02,37.88059997558594,5980400
2022-09-06,37.68932342529297,5331500
2022-09-07,38.17998123168945,6431900
2022-09-08,39.12803649902344,7275500
2022-09-09,39.56880187988281,6730400
2022-09-12,39.55216979980469,7251000
2022-09-13,37.572906494140625,8109500
2022-09-14,37.50636291503906,6664300
2022-09-15,38.146724700927734,12610800
2022-09-16,38.146724700927734,20653500
2022-09-19,38.37957763671875,9303700
2022-09-20,37.414886474609375,8930300
2022-09-21,36.53337097167969,7051600
2022-09-22,35.78489303588867,6923700
2022-09-23,35.02811813354492,8185500
2022-09-26,34.14659118652344,16533100
2022-09-27,34.06343460083008,9556400
2022-09-28,34.44597625732422,11278100
2022-09-29,34.269290924072266,7888900
2022-09-30,33.92432403564453,9457900
2022-10-03,34.976051330566406,8790300
2022-10-04,35.86790466308594,14653400
2022-10-05,35.50611877441406,6552600
2022-10-06,34.56376647949219,8528700
2022-10-07,33.823360443115234,8696600
2022-10-10,33.512054443359375,6396100
2022-10-11,32.63702392578125,8990600
2022-10-12,32.90626525878906,10853700
2022-10-13,34.807769775390625,15853300
2022-10-14,35.97728729248047,19272100
2022-10-17,35.87632369995117,21456500
2022-10-18,36.01094055175781,16113000
2022-10-19,34.71522521972656,10203600
2022-10-20,33.663490295410156,10508000
2022-10-21,34.08418655395508,12851600
2022-10-24,34.6058464050293,9553700
2022-10-25,35.346248626708984,13055400
2022-10-26,35.665977478027344,10211800
2022-10-27,35.4051513671875,7810200
2022-10-28,36.06142807006836,7775500
2022-10-31,35.716453552246094,11723800
2022-11-01,36.078250885009766,8043500
2022-11-02,35.12750244140625,9264600
2022-11-03,34.91714859008789,12857000
2022-11-04,36.03617858886719,13759400
2022-11-07,36.625144958496094,12207000
2022-11-08,37.16362380981445,12794700
2022-11-09,36.38115310668945,9423000
2022-11-10,37.752586364746094,14064600
2022-11-11,37.79466247558594,10692700
2022-11-14,36.89438247680664,8209800
2022-11-15,36.82708740234375,11171700
2022-11-16,36.120323181152344,9896200
2022-11-17,35.98569869995117,6376600
2022-11-18,36.49894332885742,6159700
2022-11-21,36.507362365722656,9331900
2022-11-22,36.94487380981445,6999000
2022-11-23,37.11315155029297,6225700
2022-11-25,37.23935317993164,2564600
2022-11-28,36.80183792114258,6790600
2022-11-29,37.517005920410156,7854200
2022-11-30,38.19010925292969,11688600
2022-12-01,38.15645217895508,8492700
2022-12-02,38.40045166015625,10786800
2022-12-05,36.94487380981445,13725400
2022-12-06,36.12873458862305,9642300
2022-12-07,36.650386810302734,10132800
2022-12-08,36.650386810302734,6989000
2022-12-09,36.27177047729492,9097600
2022-12-12,36.56624984741211,10695700
2022-12-13,37.23094177246094,15543000
2022-12-14,36.423213958740234,11240400
2022-12-15,36.04460144042969,10229200
2022-12-16,35.464046478271484,19310900
2022-12-19,35.29576873779297,11789100
2022-12-20,35.27893829345703,14209000
2022-12-21,35.93522262573242,9456300
2022-12-22,36.05300521850586,12427700
2022-12-23,36.34748840332031,6931000
2022-12-27,36.726112365722656,7504200
2022-12-28,36.473697662353516,6379600
2022-12-29,37.06926727294922,5956300
2022-12-30,37.10329055786133,5737900
2023-01-03,37.979610443115234,12795900
2023-01-04,39.1622200012207,16338400
2023-01-05,38.855934143066406,8364000
2023-01-06,39.40044021606445,8198300
2023-01-09,39.65568161010742,13170700
2023-01-10,39.69821548461914,13631800
2023-01-11,40.08107376098633,8704900
2023-01-12,40.489463806152344,8934000
2023-01-13,40.26825714111328,8150600
2023-01-17,40.36184310913086,10150000
2023-01-18,38.975040435791016,8376700
2023-01-19,38.821895599365234,9136600
2023-01-20,39.52806091308594,8030400
2023-01-23,40.557525634765625,8136000
2023-01-24,39.706729888916016,12459200
2023-01-25,41.816715240478516,12238500
2023-01-26,41.4338493347168,8316100
2023-01-27,41.56998062133789,6568200
2023-01-30,41.51892852783203,5943200
2023-01-31,42.36972427368164,7714000
2023-02-01,41.876258850097656,7611100
2023-02-02,41.816715240478516,6819800
2023-02-03,41.9443244934082,6579400
2023-02-06,41.646549224853516,4997600
2023-02-07,42.25912094116211,5809100
2023-02-08,41.74864196777344,5810000
2023-02-09,41.493404388427734,5870500
2023-02-10,41.4338493347168,5357300
2023-02-13,41.765663146972656,4906200
2023-02-14,41.7996940612793,4889500
2023-02-15,41.75715255737305,4227900
2023-02-16,41.30622863769531,4900000
2023-02-17,41.34877014160156,5191900
2023-02-21,40.57454299926758,5793100
2023-02-22,40.44692611694336,4583300
2023-02-23,40.60007095336914,4319300
2023-02-24,40.53200149536133,4141500
2023-02-27,40.48095703125,4260200
2023-02-28,40.60858154296875,6209100
2023-03-01,40.25123977661133,7123400
2023-03-02,39.40044021606445,6437000
2023-03-03,40.08107376098633,4566900
2023-03-06,40.0895881652832,5604200
2023-03-07,38.7963752746582,6072200
2023-03-08,38.70278549194336,4651200
2023-03-09,35.988746643066406,10961800
2023-03-10,34.55939865112305,23573700
2023-03-13,31.088153839111328,36746000
2023-03-14,31.913421630859375,28999400
2023-03-15,30.152271270751953,33125800
2023-03-16,30.935009002685547,51459200
2023-03-17,28.033784866333008,56442900
2023-03-20,29.309982299804688,43046500
2023-03-21,31.92193031311035,34821400
2023-03-22,29.599252700805664,28376900
2023-03-23,29.828969955444336,26061900
2023-03-24,29.69284439086914,18619300
2023-03-27,29.667312622070312,19966700
2023-03-28,30.25437355041504,15681700
2023-03-29,30.815893173217773,14776400
2023-03-30,30.565855026245117,13539900
2023-03-31,31.08318328857422,15541700
2023-04-03,30.729673385620117,12209800
2023-04-04,30.229581832885742,12238700
2023-04-05,30.272693634033203,12734700
2023-04-06,30.82451629638672,12008400
2023-04-10,30.70380973815918,10547700
2023-04-11,30.63482666015625,11927800
2023-04-12,30.522735595703125,11586300
2023-04-13,30.505491256713867,12799100
2023-04-14,30.151979446411133,16186300
2023-04-17,30.68655776977539,22419300
2023-04-18,30.341665267944336,19052200
2023-04-19,31.048686981201172,20970200
2023-04-20,29.970911026000977,21609500
2023-04-21,28.901748657226562,28303000
2023-04-24,28.2723331451416,16238100
2023-04-25,27.392864227294922,22540100
2023-04-26,27.177305221557617,17133300
2023-04-27,28.0826416015625,19428200
2023-04-28,29.55704116821289,25219300
2023-05-01,28.40166473388672,19095200
2023-05-02,26.40992546081543,28994600
2023-05-03,25.69428253173828,23759800
2023-05-04,24.987258911132812,48099600
2023-05-05,26.50477409362793,28236700
2023-05-08,25.642547607421875,22304300
2023-05-09,25.78912353515625,18209200
2023-05-10,25.392501831054688,14492700
2023-05-11,24.935527801513672,16413400
2023-05-12,25.116592407226562,16870700
2023-05-15,25.5649471282959,12671600
2023-05-16,24.72859001159668,14997200
2023-05-17,26.25472640991211,22429700
2023-05-18,26.28921890258789,13204600
2023-05-19,25.96156883239746,15001500
2023-05-22,26.651351928710938,11974600
2023-05-23,26.849660873413086,13952200
2023-05-24,26.565126419067383,11120700
2023-05-25,26.306459426879883,11948300
2023-05-26,26.444416046142578,9267000
2023-05-30,26.435794830322266,12907300
2023-05-31,25.780502319335938,31032900
2023-06-01,26.315086364746094,12319400
2023-06-02,27.36699676513672,13744000
2023-06-05,26.918638229370117,10644900
2023-06-06,28.13437843322754,13876500
2023-06-07,28.67757225036621,13860500
2023-06-08,28.505136489868164,12063700
2023-06-09,28.33268928527832,10586200
2023-06-12,27.72913360595703,15560400
2023-06-13,28.194732666015625,20543600
2023-06-14,27.677396774291992,17832200
2023-06-15,28.70344352722168,16315500
2023-06-16,28.84139633178711,30118200
2023-06-20,28.953487396240234,19540400
2023-06-21,28.824159622192383,13570700
2023-06-22,27.789487838745117,13292400
2023-06-23,27.48770523071289,20701400
2023-06-26,27.867084503173828,11249000
2023-06-27,28.065397262573242,9776300
2023-06-28,27.867084503173828,11215400
2023-06-29,28.67228889465332,12479700
2023-06-30,28.917356491088867,15139600
2023-07-03,29.389972686767578,6483800
2023-07-05,29.346216201782227,10355100
2023-07-06,28.87359619140625,12008400
2023-07-07,29.354969024658203,9052900
2023-07-10,29.53000831604004,11720200
2023-07-11,30.56277084350586,15972800
2023-07-12,30.729066848754883,11534400
2023-07-13,31.341724395751953,10710800
2023-07-14,30.921615600585938,13063800
2023-07-17,30.8603458404541,13412200
2023-07-18,31.989381790161133,15103000
2023-07-19,34.05491256713867,32807000
2023-07-20,34.2562141418457,19108600
2023-07-21,33.62604904174805,16354800
2023-07-24,34.36124038696289,12796800
2023-07-25,33.135921478271484,14708700
2023-07-26,34.03740310668945,13001200
2023-07-27,33.976139068603516,16144800
2023-07-28,34.606300354003906,11512000
2023-07-31,34.72883224487305,12237800
2023-08-01,33.87986373901367,11884300
2023-08-02,33.63479995727539,9943800
2023-08-03,34.52753448486328,14718800
2023-08-04,34.88637161254883,14108500
2023-08-07,35.113929748535156,8022300
2023-08-08,35.210205078125,15354100
2023-08-09,34.702579498291016,10583700
2023-08-10,34.56254577636719,10206500
2023-08-11,34.536285400390625,8582900
2023-08-14,33.88861846923828,9536800
2023-08-15,32.943382263183594,11157200
2023-08-16,32.426998138427734,10647600
2023-08-17,32.21694564819336,9766800
2023-08-18,32.24319839477539,8280100
2023-08-21,32.17318344116211,8615800
2023-08-22,31.36797332763672,8279000
2023-08-23,31.726821899414062,8159200
2023-08-24,31.621784210205078,10346000
2023-08-25,31.07915496826172,11005900
2023-08-28,31.5255184173584,9638300
2023-08-29,31.928117752075195,7942600
2023-08-30,31.840593338012695,8461700
2023-08-31,31.971878051757812,10404400
2023-09-01,32.44449996948242,13758200
2023-09-05,31.96312713623047,14762500
2023-09-06,31.6130428314209,8711900
2023-09-07,31.18417739868164,7296900
2023-09-08,31.604284286499023,8361700
2023-09-11,31.68305778503418,7300200
2023-09-12,32.38322830200195,10376400
2023-09-13,30.76407814025879,15995500
2023-09-14,31.262958526611328,19880500
2023-09-15,30.76407814025879,46217300
2023-09-18,30.413991928100586,10954900
2023-09-19,30.273948669433594,10903700
2023-09-20,30.11640739440918,8388300
2023-09-21,29.276193618774414,11359600
2023-09-22,29.214933395385742,10259400
2023-09-25,29.39872932434082,8738000
2023-09-26,28.89984893798828,13742900
2023-09-27,28.462236404418945,12601100
2023-09-28,28.844219207763672,8619500
2023-09-29,29.36834144592285,10981300
2023-10-02,28.551069259643555,9649300
2023-10-03,27.840404510498047,10300600
2023-10-04,27.751571655273438,13407700
2023-10-05,28.31121826171875,10572000
2023-10-06,28.302337646484375,9414500
2023-10-09,28.43558692932129,7764800
2023-10-10,28.950822830200195,10108100
2023-10-11,28.879751205444336,7855000
2023-10-12,28.657670974731445,10285800
2023-10-13,28.57771873474121,10943200
2023-10-16,28.97747039794922,11409700
2023-10-17,30.99399185180664,36729900
2023-10-18,29.643722534179688,24960300
2023-10-19,29.09295082092285,15105700
2023-10-20,27.476184844970703,19087800
2023-10-23,27.76933479309082,14932300
2023-10-24,27.88481903076172,15076200
2023-10-25,27.79598617553711,13054500
2023-10-26,28.222387313842773,15956600
2023-10-27,27.21856689453125,10909400
2023-10-30,27.81375503540039,9653000
2023-10-31,28.320104598999023,12582400
2023-11-01,28.302337646484375,14876800
2023-11-02,30.50540542602539,15473500
2023-11-03,31.526996612548828,13100700
2023-11-06,31.331560134887695,7622700
2023-11-07,30.92292594909668,8439800
2023-11-08,30.65641975402832,6956900
2023-11-09,30.123422622680664,7172800
2023-11-10,30.381046295166016,5936900
2023-11-13,30.2033748626709,5772800
2023-11-14,32.11330032348633,11843700
2023-11-15,33.02827453613281,12672600
2023-11-16,33.15264892578125,10218500
2023-11-17,33.436912536621094,8915900
2023-11-20,33.42803192138672,6272100
2023-11-21,32.877254486083984,6051200
2023-11-22,32.71736526489258,6742500
2023-11-24,33.046043395996094,2796800
2023-11-27,32.68182373046875,5972000
2023-11-28,32.903907775878906,9665900
2023-11-29,33.570159912109375,7772300
2023-11-30,33.86330795288086,10283300
2023-12-01,34.98261642456055,10124300
2023-12-04,35.08032989501953,10125700
2023-12-05,35.00038146972656,9212600
2023-12-06,34.71611404418945,8774300
2023-12-07,35.29352951049805,8087100
2023-12-08,35.91536331176758,9485000
2023-12-11,36.00419616699219,10921000
2023-12-12,35.93313217163086,8818700
2023-12-13,37.745330810546875,15133000
2023-12-14,40.26820755004883,28236800
2023-12-15,39.98393630981445,25971700
2023-12-18,39.131134033203125,9678700
2023-12-19,39.27326583862305,8609500
2023-12-20,37.718685150146484,15460200
2023-12-21,38.47377395629883,8134200
2023-12-22,38.651424407958984,6898900
2023-12-26,39.148902893066406,5343600
2023-12-27,39.033416748046875,5083500
2023-12-28,39.19512176513672,5172000
2023-12-29,38.88069534301758,6441000
2024-01-02,39.446659088134766,9050500
2024-01-03,38.40456771850586,7133200
2024-01-04,38.81781005859375,7192600
2024-01-05,39.35683059692383,7616800
2024-01-08,39.4915771484375,6459200
2024-01-09,39.04240417480469,5132900
2024-01-10,38.98849868774414,7885900
2024-01-11,38.46745300292969,10017300
2024-01-12,37.86555480957031,9494000
2024-01-16,37.173828125,14399000
2024-01-17,36.67074966430664,14567000
2024-01-18,36.06885528564453,15244000
2024-01-19,37.73978805541992,14397700
2024-01-22,37.53316116333008,10374300
2024-01-23,37.703853607177734,7420200
2024-01-24,38.16201400756836,11196400
2024-01-25,38.45846939086914,8173600
2024-01-26,38.305747985839844,7242500
2024-01-29,38.58424377441406,7475700
2024-01-30,38.93459701538086,8055300
2024-01-31,37.317569732666016,13026100
2024-02-01,36.73363494873047,16002800
2024-02-02,36.68871307373047,11269300
2024-02-05,36.0239372253418,8880300
2024-02-06,36.0239372253418,8728400
2024-02-07,35.853248596191406,12255300
2024-02-08,36.2664909362793,7601600
2024-02-09,36.095802307128906,10684700
2024-02-12,36.89533233642578,10304800
2024-02-13,35.8712158203125,9106200
2024-02-14,36.38327407836914,5904900
2024-02-15,37.32654571533203,7064200
2024-02-16,37.27264404296875,7287500
2024-02-20,36.958221435546875,7328500
2024-02-21,36.67074966430664,8312200
2024-02-22,37.146873474121094,10999900
2024-02-23,37.155860900878906,6424400
2024-02-26,36.68871307373047,6154100
2024-02-27,37.16484069824219,6489100
2024-02-28,37.03008270263672,6768200
2024-02-29,37.69487380981445,9000700
2024-03-01,37.20976257324219,8899400
2024-03-04,38.359657287597656,10499700
2024-03-05,38.85374450683594,9523700
2024-03-06,38.71000671386719,10526700
2024-03-07,38.93459701538086,7524400
2024-03-08,38.862728118896484,6678200
2024-03-11,39.09630584716797,8241900
2024-03-12,38.81781005859375,5941500
2024-03-13,39.051387786865234,5756800
2024-03-14,38.045230865478516,7461100
2024-03-15,37.802677154541016,32597000
2024-03-18,38.153038024902344,8168200
2024-03-19,37.928443908691406,6080300
2024-03-20,39.04240417480469,7998400
2024-03-21,39.9317741394043,8572300
2024-03-22,39.159183502197266,6700300
2024-03-25,39.123252868652344,6424600
2024-03-26,39.10527801513672,5267500
2024-03-27,39.97751998901367,6167200
2024-03-28,40.613525390625,7595000
2024-04-01,39.932090759277344,4824900
2024-04-02,39.27791976928711,6462200
2024-04-03,39.16888427734375,5866400
2024-04-04,38.99625015258789,6491400
2024-04-05,39.09619903564453,4580700
2024-04-08,39.723121643066406,6159500
2024-04-09,39.923004150390625,5701800
2024-04-10,38.1876220703125,7584400
2024-04-11,38.08767318725586,6829700
2024-04-12,37.77876281738281,6742500
2024-04-15,37.65155029296875,10232800
2024-04-16,37.25177764892578,9549800
2024-04-17,35.90707778930664,14178500
2024-04-18,35.83439254760742,9878700
2024-04-19,36.7520637512207,12061800
2024-04-22,37.29720687866211,8630700
2024-04-23,37.22452926635742,7079900
2024-04-24,37.80601501464844,6550300
2024-04-25,37.242698669433594,6602200
2024-04-26,37.36080551147461,4512200
2024-04-29,37.51527404785156,4647200
2024-04-30,36.91560363769531,8861600
2024-05-01,37.29720687866211,6359400
2024-05-02,37.22452926635742,6760700
2024-05-03,37.62429428100586,5091200
2024-05-06,37.9968147277832,6430200
2024-05-07,37.77876281738281,8732100
2024-05-08,37.87870407104492,8906000
2024-05-09,37.742408752441406,6414400
2024-05-10,38.02407455444336,4867500
2024-05-13,37.69698715209961,4846400
2024-05-14,38.114933013916016,5627900
2024-05-15,38.36024475097656,7752700
2024-05-16,37.84235763549805,9488700
2024-05-17,37.6424674987793,11360600
2024-05-20,37.151832580566406,9935500
2024-05-21,37.41532897949219,6315200
2024-05-22,37.04280471801758,5802000
2024-05-23,36.36137771606445,7452400
2024-05-24,36.82475280761719,6155900
2024-05-28,36.13423538208008,7657200
2024-05-29,35.4709587097168,6229500
2024-05-30,35.779884338378906,6229100
2024-05-31,36.842926025390625,9153500
2024-06-03,36.09788513183594,6361800
2024-06-04,35.39828109741211,9953400
2024-06-05,35.50730895996094,12487800
2024-06-06,35.45279312133789,6331800
2024-06-07,35.45279312133789,8218100
2024-06-10,35.20747756958008,10631400
2024-06-11,34.93490219116211,12501000
2024-06-12,35.68901824951172,10299900
2024-06-13,35.67085266113281,5935900
2024-06-14,35.2801628112793,5121900
2024-06-17,35.516395568847656,5697600
2024-06-18,35.69811248779297,6308900
2024-06-20,35.68901824951172,6710900
2024-06-21,36.07062911987305,15555300
2024-06-24,36.842926025390625,9549100
2024-06-25,36.36137771606445,6893100
2024-06-26,36.07971954345703,7854700
2024-06-27,36.05245590209961,6874500
2024-06-28,36.52162551879883,12212200
2024-07-01,36.098453521728516,8068900
2024-07-02,36.7700080871582,9381300
2024-07-03,36.346832275390625,3715500
2024-07-05,35.91446304321289,5656000
2024-07-08,36.300838470458984,5295000
2024-07-09,36.678016662597656,8003000
2024-07-10,37.5335578918457,9598500
2024-07-11,38.573097229003906,9239000
2024-07-12,38.7294807434082,8322000
2024-07-15,38.959468841552734,10435600
2024-07-16,39.8242073059082,12869800
2024-07-17,41.63648986816406,21306500
2024-07-18,40.85454177856445,17219300
2024-07-19,41.176517486572266,11842300
2024-07-22,41.43410873413086,12327600
2024-07-23,41.90327453613281,8131500
2024-07-24,41.18572235107422,8059400
2024-07-25,41.480106353759766,9489900
2024-07-26,41.82047653198242,5681700
2024-07-29,41.7376823425293,5011200
2024-07-30,41.829673767089844,8211000
2024-07-31,41.28691101074219,8859200
2024-08-01,39.99899673461914,11219500
2024-08-02,38.959468841552734,8485500
2024-08-05,37.5335578918457,10994200
2024-08-06,38.33390426635742,9184800
2024-08-07,38.07632064819336,6841000
2024-08-08,38.41670227050781,6364500
2024-08-09,38.70188522338867,6486600
2024-08-12,38.14992141723633,7619900
2024-08-13,39.005462646484375,7457100
2024-08-14,38.95026397705078,8036100
2024-08-15,39.38263702392578,6512700
2024-08-16,39.732215881347656,5369500
2024-08-19,40.164588928222656,4575400
2024-08-20,40.23818588256836,6587400
2024-08-21,40.20138931274414,4262100
2024-08-22,40.65214920043945,4836900
2024-08-23,41.75608825683594,5094500
2024-08-26,41.96767044067383,5849800
2024-08-27,42.06886291503906,5458000
2024-08-28,42.43684005737305,6213900
2024-08-29,42.804813385009766,7064700
2024-08-30,43.44877624511719,14262600
2024-09-03,42.676025390625,7980300
2024-09-04,42.37244415283203,5999600
2024-09-05,41.894073486328125,5971200
2024-09-06,40.928138732910156,7635400
2024-09-09,41.63648986816406,7146200
2024-09-10,41.42490768432617,7000600
2024-09-11,41.16732406616211,8448600
2024-09-12,40.33937454223633,14746700
2024-09-13,41.04773712158203,8757300
2024-09-16,41.112125396728516,9524500
2024-09-17,41.10292434692383,6286600
2024-09-18,41.56289291381836,11035300
2024-09-19,42.74962615966797,9002000
2024-09-20,42.326446533203125,11026200
2024-09-23,42.188453674316406,5205600
2024-09-24,41.98606872558594,6197600
2024-09-25,41.16732406616211,6848400
2024-09-26,41.67329025268555,9679400
2024-09-27,41.8388786315918,6884700
2024-09-30,42.53650665283203,7028300
2024-10-01,41.35519027709961,6272800
2024-10-02,41.15985870361328,6114300
2024-10-03,40.90870666503906,4513200
2024-10-04,41.57843017578125,5438000
2024-10-07,41.364498138427734,5108400
2024-10-08,41.16915512084961,4588000
2024-10-09,41.95050048828125,6848300
2024-10-10,41.801666259765625,5310700
2024-10-11,43.02948760986328,8809000
2024-10-14,43.82943344116211,8166700
2024-10-15,43.71781539916992,8595500
2024-10-16,45.77347946166992,27957200
2024-10-17,46.48040771484375,16053100
2024-10-18,45.72697067260742,10983600
2024-10-21,44.573570251464844,6648300
2024-10-22,44.675880432128906,6854200
2024-10-23,45.14096450805664,6844500
2024-10-24,45.066558837890625,7804500
2024-10-25,44.4061393737793,6601300
2024-10-28,45.19677734375,5781000
2024-10-29,44.85261535644531,7499700
2024-10-30,45.28049087524414,8434500
2024-10-31,44.93633270263672,6913200
2024-11-01,44.4991569519043,5480400
2024-11-04,43.8945426940918,7720400
2024-11-05,44.285213470458984,4379800
2024-11-06,47.68031692504883,17523400
2024-11-07,46.09904098510742,9625900
2024-11-08,46.70364761352539,8615300
2024-11-11,47.47569274902344,8192500
2024-11-12,47.215240478515625,7564600
2024-11-13,47.59660720825195,7130600
2024-11-14,46.796661376953125,10345100
2024-11-15,46.4152946472168,13570800
2024-11-18,47.075714111328125,7472000
2024-11-19,46.88037872314453,5066200
2024-11-20,47.19663619995117,8071200
2024-11-21,47.80124282836914,8218000
2024-11-22,48.824424743652344,8301500
2024-11-25,49.88481903076172,10234400
2024-11-26,49.912723541259766,5767500
2024-11-27,49.74528884887695,4506200
2024-11-29,49.56855773925781,3287900
2024-12-02,49.084877014160156,5110200
2024-12-03,48.46166229248047,6520400
2024-12-04,48.37794494628906,4669900
2024-12-05,48.480262756347656,7020200
2024-12-06,48.536075592041016,4683500
2024-12-09,47.726829528808594,5414900
2024-12-10,47.96867370605469,6357600
2024-12-11,47.73613739013672,7842300
2024-12-12,47.531490325927734,7596700
2024-12-13,47.46638488769531,6426800
2024-12-16,47.773338317871094,8427100
2024-12-17,46.489715576171875,6774100
2024-12-18,44.285213470458984,8970100
2024-12-19,44.09918212890625,9802900
2024-12-20,44.573570251464844,20225000
2024-12-23,44.94563674926758,4600700
2024-12-24,45.42002487182617,2393800
2024-12-26,45.58744430541992,3448200
2024-12-27,45.103763580322266,4956900
2024-12-30,44.88051986694336,4868400
2024-12-31,44.95571517944336,4521400
