date,close,volume
2014-01-02,31.395633697509766,4571100
2014-01-03,31.068275451660156,4340900
2014-01-06,31.370468139648438,6308600
2014-01-07,32.37144470214844,13196200
2014-01-08,32.648441314697266,11679200
2014-01-09,33.30317306518555,10718100
2014-01-10,33.5172233581543,10079200
2014-01-13,32.41550064086914,8201400
2014-01-14,32.97580337524414,7616000
2014-01-15,32.509944915771484,12472000
2014-01-16,32.031471252441406,10525800
2014-01-17,32.37144470214844,6719300
2014-01-21,32.667327880859375,5769800
2014-01-22,32.07554626464844,6802200
2014-01-23,32.2644157409668,10802000
2014-01-24,30.873109817504883,10778900
2014-01-27,31.206768035888672,7473000
2014-01-28,31.6033878326416,6949400
2014-01-29,32.358848571777344,11733900
2014-01-30,32.36515808105469,6472300
2014-01-31,32.169979095458984,6419000
2014-02-03,30.753498077392578,9502900
2014-02-04,30.369468688964844,15607400
2014-02-05,29.192214965820312,16094600
2014-02-06,29.702146530151367,8936500
2014-02-07,30.734607696533203,10149300
2014-02-10,29.968936920166016,7963500
2014-02-11,30.260021209716797,6560500
2014-02-12,30.1461181640625,5882200
2014-02-13,31.01302719116211,6790000
2014-02-14,31.550905227661133,7041800
2014-02-18,32.10776138305664,7265300
2014-02-19,31.95589828491211,8071400
2014-02-20,31.380062103271484,11254300
2014-02-21,31.785043716430664,6853400
2014-02-24,32.221675872802734,6666800
2014-02-25,32.9620361328125,6448500
2014-02-26,32.09511184692383,7266700
2014-02-27,30.696632385253906,15322000
2014-02-28,30.36125946044922,9533400
2014-03-03,30.595394134521484,7244000
2014-03-04,31.14592170715332,10617300
2014-03-05,31.816679000854492,7892100
2014-03-06,33.461936950683594,13403300
2014-03-07,33.53154373168945,7758300
2014-03-10,33.835296630859375,8090400
2014-03-11,33.96184158325195,7848500
2014-03-12,34.98695373535156,13018900
2014-03-13,34.19596481323242,8917500
2014-03-14,34.316200256347656,8596900
2014-03-17,34.37314987182617,6887300
2014-03-18,34.854068756103516,5723900
2014-03-19,34.38581085205078,5009400
2014-03-20,34.92367172241211,6930000
2014-03-21,34.03776550292969,9178000
2014-03-24,34.25292205810547,6723400
2014-03-25,34.40478515625,5810200
2014-03-26,34.1326904296875,6181100
2014-03-27,33.01265335083008,7698800
2014-03-28,33.449275970458984,5656100
2014-03-31,33.60114669799805,5721100
2014-04-01,35.126163482666016,8715200
2014-04-02,34.70853805541992,6669000
2014-04-03,35.303340911865234,5746800
2014-04-04,34.411128997802734,6973900
2014-04-07,32.84812927246094,10304100
2014-04-08,32.683616638183594,8747000
2014-04-09,33.506229400634766,5823700
2014-04-10,32.86078643798828,5180600
2014-04-11,32.24698257446289,5937900
2014-04-14,32.93672561645508,6014200
2014-04-15,33.8985595703125,7006600
2014-04-16,35.39827346801758,9455700
2014-04-17,35.436241149902344,8013200
2014-04-21,35.575462341308594,4841500
2014-04-22,35.78427505493164,8450700
2014-04-23,35.727317810058594,4387800
2014-04-24,35.78427505493164,4026500
2014-04-25,35.86021041870117,5527500
2014-04-28,36.682838439941406,9807000
2014-04-29,35.9677848815918,8043700
2014-04-30,36.176605224609375,7455800
2014-05-01,36.5182991027832,5992700
2014-05-02,36.64487838745117,6601000
2014-05-05,36.8663330078125,6595600
2014-05-06,37.0245361328125,7560000
2014-05-07,36.587928771972656,7327100
2014-05-08,35.94880676269531,4827000
2014-05-09,35.39193344116211,6610000
2014-05-12,35.61342239379883,5775100
2014-05-13,35.670372009277344,6531000
2014-05-14,35.76529312133789,5933400
2014-05-15,35.32865905761719,5251100
2014-05-16,34.866722106933594,6769700
2014-05-19,35.13370895385742,4374200
2014-05-20,34.911224365234375,5622400
2014-05-21,34.47261047363281,8100600
2014-05-22,34.75231170654297,3498300
2014-05-23,34.66967010498047,4190300
2014-05-27,34.161128997802734,6710500
2014-05-28,35.400691986083984,9424000
2014-05-29,36.00458908081055,4925900
2014-05-30,35.62954330444336,5156100
2014-06-02,35.92194747924805,3083200
2014-06-03,35.21635818481445,5640500
2014-06-04,34.67601776123047,6608600
2014-06-05,35.3689079284668,5216700
2014-06-06,35.1019287109375,3065000
2014-06-09,34.86037826538086,3906000
2014-06-10,33.88142776489258,8205000
2014-06-11,33.81150436401367,7261000
2014-06-12,34.205631256103516,9069000
2014-06-13,34.161128997802734,3923700
2014-06-16,33.91322326660156,4963400
2014-06-17,34.396324157714844,4571900
2014-06-18,35.3689079284668,6858600
2014-06-19,36.290645599365234,8741700
2014-06-20,36.462276458740234,6674900
2014-06-23,36.43048095703125,4432200
2014-06-24,35.591392517089844,6602800
2014-06-25,32.64186096191406,44023700
2014-06-26,33.226688385009766,15469900
2014-06-27,32.845272064208984,10680800
2014-06-30,31.8472843170166,13570200
2014-07-01,31.98712158203125,14612500
2014-07-02,32.31132125854492,8326600
2014-07-03,32.41938781738281,4336800
2014-07-07,31.955347061157227,6025100
2014-07-08,31.2561092376709,10177500
2014-07-09,31.32602310180664,9118400
2014-07-10,31.28152084350586,7465700
2014-07-11,31.8536376953125,7377200
2014-07-14,31.739212036132812,6380500
2014-07-15,31.96169662475586,13451200
2014-07-16,31.82185173034668,7478900
2014-07-17,31.046314239501953,7430700
2014-07-18,31.02725601196289,6728200
2014-07-21,30.397945404052734,7915900
2014-07-22,30.423362731933594,6755200
2014-07-23,30.73484992980957,6123700
2014-07-24,30.94462013244629,5637200
2014-07-25,31.275177001953125,5077400
2014-07-28,31.173458099365234,6627900
2014-07-29,31.688356399536133,9926400
2014-07-30,31.82185173034668,10023400
2014-07-31,32.2922477722168,11041800
2014-08-01,32.06340408325195,7027700
2014-08-04,32.050689697265625,5645100
2014-08-05,31.612079620361328,5956900
2014-08-06,32.58466339111328,7191300
2014-08-07,32.324031829833984,5074900
2014-08-08,32.64822769165039,4448800
2014-08-11,32.44481658935547,3960300
2014-08-12,32.43209457397461,3648700
2014-08-13,32.62916564941406,6514600
2014-08-14,33.55088424682617,6819800
2014-08-15,33.366539001464844,6434600
2014-08-18,34.07265853881836,6392400
2014-08-19,34.6030387878418,5072800
2014-08-20,34.46885681152344,4570500
2014-08-21,34.19406509399414,5242200
2014-08-22,34.385780334472656,3437700
2014-08-25,34.622222900390625,3706900
2014-08-26,34.36022186279297,4514100
2014-08-27,34.66693878173828,4323200
2014-08-28,34.609439849853516,3367700
2014-08-29,34.59665298461914,3793400
2014-09-02,34.13656997680664,4868100
2014-09-03,33.95763397216797,5551400
2014-09-04,33.61256790161133,4973300
2014-09-05,33.87455368041992,4864200
2014-09-08,34.2004508972168,4276200
2014-09-09,33.670066833496094,5352300
2014-09-10,32.564552307128906,10207700
2014-09-11,31.868022918701172,10821600
2014-09-12,30.941444396972656,11480500
2014-09-15,31.299299240112305,7785200
2014-09-16,31.120370864868164,7520200
2014-09-17,30.807260513305664,10346400
2014-09-18,30.43022346496582,10824800
2014-09-19,30.909502029418945,11421300
2014-09-22,30.200176239013672,8561000
2014-09-23,30.12348747253418,7466000
2014-09-24,29.93818473815918,14915100
2014-09-25,29.605884552001953,8881100
2014-09-26,30.046817779541016,8263900
2014-09-29,29.887054443359375,7303500
2014-09-30,29.567548751831055,9357500
2014-10-01,29.139402389526367,8618800
2014-10-02,28.864614486694336,9605600
2014-10-03,28.589853286743164,9542100
2014-10-06,28.577075958251953,5830900
2014-10-07,28.839069366455078,7982100
2014-10-08,29.931795120239258,9446000
2014-10-09,29.03077507019043,8678900
2014-10-10,28.851848602294922,7566000
2014-10-13,28.468441009521484,8439600
2014-10-14,28.704870223999023,11378300
2014-10-15,27.963607788085938,10982000
2014-10-16,28.596242904663086,12250000
2014-10-17,28.851848602294922,8897500
2014-10-20,29.593107223510742,6282000
2014-10-21,30.86476707458496,8942300
2014-10-22,30.673065185546875,10248800
2014-10-23,30.679439544677734,5625900
2014-10-24,31.06924819946289,5047700
2014-10-27,30.903104782104492,4453600
2014-10-28,31.625200271606445,4844100
2014-10-29,31.011737823486328,6248400
2014-10-30,31.21623992919922,4327000
2014-10-31,32.00861740112305,7606400
2014-11-03,32.16838073730469,7701600
2014-11-04,32.35369110107422,8782400
2014-11-05,31.721065521240234,10009900
2014-11-06,32.10447692871094,6769100
2014-11-07,32.41120910644531,6614200
2014-11-10,32.328128814697266,6202100
2014-11-11,32.69237518310547,5509700
2014-11-12,32.80101013183594,5573800
2014-11-13,31.746618270874023,9948500
2014-11-14,31.637983322143555,7214400
2014-11-17,31.949647903442383,5743100
2014-11-18,32.168121337890625,5928800
2014-11-19,32.20668029785156,5942200
2014-11-20,32.29663848876953,8482000
2014-11-21,32.315921783447266,11518900
2014-11-24,32.650047302246094,7486900
2014-11-25,32.75929641723633,6516200
2014-11-26,32.73360061645508,4733100
2014-11-28,31.236360549926758,6734200
2014-12-01,31.422718048095703,7101400
2014-12-02,32.695037841796875,8538800
2014-12-03,33.23481369018555,9365000
2014-12-04,33.15129089355469,8151000
2014-12-05,31.988183975219727,8287600
2014-12-08,30.915063858032227,8361200
2014-12-09,31.223514556884766,9498100
2014-12-10,29.976884841918945,10050300
2014-12-11,30.079702377319336,5657800
2014-12-12,29.732696533203125,7569900
2014-12-15,29.629886627197266,6812600
2014-12-16,30.2210750579834,9632000
2014-12-17,30.709444046020508,8219400
2014-12-18,30.24677085876465,13097100
2014-12-19,31.40985870361328,11362800
2014-12-22,31.384145736694336,7796500
2014-12-23,31.71829605102539,5236100
2014-12-24,31.994613647460938,3646700
2014-12-26,32.315921783447266,5273000
2014-12-29,32.135986328125,4835000
2014-12-30,31.943214416503906,5165900
2014-12-31,31.808263778686523,5925900
2015-01-02,32.34805679321289,5897000
2015-01-05,31.017879486083984,7732700
2015-01-06,30.63874626159668,8586800
2015-01-07,30.40100860595703,8825800
2015-01-08,32.14240646362305,8941700
2015-01-09,31.262073516845703,8475100
2015-01-12,30.439546585083008,6898700
2015-01-13,29.52707290649414,10932800
2015-01-14,28.826641082763672,13608500
2015-01-15,28.318998336791992,11217200
2015-01-16,29.173643112182617,9633000
2015-01-20,29.886920928955078,8528100
2015-01-21,30.323875427246094,6944400
2015-01-22,30.844388961791992,9023300
2015-01-23,32.23237991333008,11629500
2015-01-26,32.894248962402344,9803200
2015-01-27,32.91994857788086,6593400
2015-01-28,33.09986877441406,12498700
2015-01-29,33.46615219116211,11391500
2015-01-30,33.980220794677734,10200500
2015-02-02,34.98267364501953,9905800
2015-02-03,34.94411849975586,10521100
2015-02-04,34.886287689208984,7770500
2015-02-05,35.348941802978516,6612200
2015-02-06,35.252559661865234,7786200
2015-02-09,35.24607849121094,5036300
2015-02-10,35.9387092590332,7759700
2015-02-11,35.83514404296875,6647300
2015-02-12,36.605438232421875,10149300
2015-02-13,37.93242645263672,13179700
2015-02-17,38.016578674316406,8450100
2015-02-18,38.366119384765625,6655700
2015-02-19,38.95518493652344,7449200
2015-02-20,39.304725646972656,6927900
2015-02-23,40.45693588256836,9827200
2015-02-24,39.874359130859375,6310400
2015-02-25,39.66075134277344,5407500
2015-02-26,40.11387252807617,7633500
2015-02-27,39.93262481689453,8224900
2015-03-02,37.977745056152344,13063700
2015-03-03,38.890445709228516,6377700
2015-03-04,38.24314880371094,7102100
2015-03-05,38.81277084350586,6580400
2015-03-06,38.02305221557617,5741000
2015-03-09,37.93242645263672,6147500
2015-03-10,37.39516067504883,6435400
2015-03-11,37.375728607177734,10910800
2015-03-12,37.40162658691406,7140100
2015-03-13,37.88710403442383,5127100
2015-03-16,38.61857604980469,5317200
2015-03-17,38.77393341064453,5471900
2015-03-18,40.107391357421875,8494300
2015-03-19,39.356510162353516,5156600
2015-03-20,39.84199905395508,10391800
2015-03-23,40.45045852661133,7250700
2015-03-24,40.1786003112793,7275500
2015-03-25,41.285491943359375,10707100
2015-03-26,41.02656936645508,7688300
2015-03-27,40.049137115478516,7746800
2015-03-30,41.27254867553711,7052900
2015-03-31,41.18192672729492,5371300
2015-04-01,41.07189178466797,7650700
2015-04-02,38.709190368652344,13137900
2015-04-06,38.534423828125,9501600
2015-04-07,37.92595672607422,9843700
2015-04-08,37.94536590576172,6688500
2015-04-09,38.139564514160156,5982600
2015-04-10,38.663883209228516,5167600
2015-04-13,37.19449234008789,7597800
2015-04-14,37.019718170166016,7286400
2015-04-15,36.967933654785156,6877400
2015-04-16,37.71234130859375,6487300
2015-04-17,37.25922393798828,5230600
2015-04-20,37.20097351074219,5317900
2015-04-21,37.75764846801758,5381600
2015-04-22,38.417903900146484,6344500
2015-04-23,38.34022521972656,5542700
2015-04-24,38.871028900146484,5277700
2015-04-27,38.45027542114258,8056400
2015-04-28,37.997161865234375,7905400
2015-04-29,37.492252349853516,6002600
2015-04-30,36.831993103027344,8067500
2015-05-01,38.126609802246094,6905700
2015-05-04,37.6152458190918,6709600
2015-05-05,37.556976318359375,4179100
2015-05-06,37.23332595825195,4727000
2015-05-07,37.408111572265625,5762500
2015-05-08,38.249603271484375,5542700
2015-05-11,37.975887298583984,5689900
2015-05-12,37.49361801147461,4417500
2015-05-13,37.98240661621094,4495200
2015-05-14,38.966495513916016,5104600
2015-05-15,38.855716705322266,4768500
2015-05-18,39.370567321777344,3805600
2015-05-19,39.0251579284668,4911600
2015-05-20,39.25326156616211,4324100
2015-05-21,39.50091552734375,3711500
2015-05-22,39.748573303222656,3562500
2015-05-26,38.79705047607422,7054400
2015-05-27,38.54940414428711,6799900
2015-05-28,38.39950180053711,4678700
2015-05-29,38.608055114746094,7824500
2015-06-01,38.308250427246094,5574200
2015-06-02,38.132301330566406,5107900
2015-06-03,37.64349365234375,5002600
2015-06-04,37.06999206542969,5025600
2015-06-05,37.63046646118164,5390400
2015-06-08,37.55226135253906,3787200
2015-06-09,37.2459602355957,4248300
2015-06-10,37.936771392822266,5756900
2015-06-11,38.87525939941406,6697400
2015-06-12,38.353885650634766,4692500
2015-06-15,38.10623550415039,4832400
2015-06-16,38.39950180053711,2900400
2015-06-17,38.84920883178711,6264500
2015-06-18,39.279335021972656,5864400
2015-06-19,39.31843185424805,6110000
2015-06-22,39.05122756958008,5859300
2015-06-23,39.852848052978516,7956500
2015-06-24,39.50091552734375,6005300
2015-06-25,39.3054084777832,3915100
2015-06-26,39.68991470336914,7884600
2015-06-29,39.46833038330078,5457400
2015-06-30,40.7978401184082,10430300
2015-07-01,42.016563415527344,9035100
2015-07-02,42.17949295043945,6007700
2015-07-06,42.58355712890625,7291300
2015-07-07,42.133880615234375,11268900
2015-07-08,41.69721984863281,7221100
2015-07-09,41.781951904296875,5979400
2015-07-10,42.91593551635742,6043500
2015-07-13,43.580711364746094,9443800
2015-07-14,43.215728759765625,8369600
2015-07-15,42.48580551147461,6265400
2015-07-16,43.9652214050293,7226400
2015-07-17,44.27804946899414,5326200
2015-07-20,43.385189056396484,5613200
2015-07-21,43.222251892089844,4126700
2015-07-22,43.45035934448242,6134500
2015-07-23,42.83121871948242,5477600
2015-07-24,42.81818771362305,5714600
2015-07-27,41.95790481567383,5845200
2015-07-28,42.4076042175293,4990500
2015-07-29,43.039764404296875,7179000
2015-07-30,41.86015319824219,9201500
2015-07-31,43.02094268798828,7003300
2015-08-03,42.40447998046875,5330700
2015-08-04,42.253623962402344,5994600
2015-08-05,42.5093994140625,7818700
2015-08-06,43.07338333129883,5103000
2015-08-07,42.90287399291992,3951100
2015-08-10,45.25066375732422,8464200
2015-08-11,46.1884765625,7584800
2015-08-12,46.031089782714844,8399900
2015-08-13,45.69662857055664,8978500
2015-08-14,44.67356872558594,6132400
2015-08-17,45.722862243652344,4713700
2015-08-18,45.55889892578125,3978500
2015-08-19,44.509605407714844,6032800
2015-08-20,44.103023529052734,5956300
2015-08-21,40.096038818359375,12583900
2015-08-24,38.377811431884766,10953700
2015-08-25,37.78103256225586,9937500
2015-08-26,38.59423828125,9098900
2015-08-27,38.266326904296875,11148900
2015-08-28,38.692623138427734,7686600
2015-08-31,38.91557693481445,9326100
2015-09-01,37.6433219909668,9612300
2015-09-02,38.699153900146484,7724000
2015-09-03,38.95492172241211,7003100
2015-09-04,38.338462829589844,6323200
2015-09-08,39.892730712890625,7428200
2015-09-09,40.42393112182617,8970700
2015-09-10,41.28304672241211,7188100
2015-09-11,41.25680923461914,5347200
2015-09-14,39.82714080810547,5835100
2015-09-15,40.29277420043945,5840500
2015-09-16,39.54514694213867,10914500
2015-09-17,39.735347747802734,6079400
2015-09-18,39.289390563964844,8796400
2015-09-21,39.145111083984375,5210400
2015-09-22,38.83688735961914,5451900
2015-09-23,39.23037338256836,6299600
2015-09-24,39.21723937988281,5785000
2015-09-25,39.87961959838867,6660000
2015-09-28,37.95809555053711,6749900
2015-09-29,38.522090911865234,6885600
2015-09-30,39.41398620605469,6383400
2015-10-01,40.81740951538086,6856100
2015-10-02,41.38142013549805,5017000
2015-10-05,42.35199737548828,6664700
2015-10-06,41.93228530883789,6316200
2015-10-07,42.35856628417969,5989300
2015-10-08,43.093074798583984,4850600
2015-10-09,42.10280227661133,6652900
2015-10-12,42.299537658691406,3297200
2015-10-13,40.76495361328125,6751800
2015-10-14,40.2534294128418,4779100
2015-10-15,41.53880310058594,4349700
2015-10-16,41.807682037353516,4313500
2015-10-19,40.286216735839844,6017100
2015-10-20,39.400875091552734,6117600
2015-10-21,38.88935089111328,4811300
2015-10-22,39.584503173828125,6128800
2015-10-23,40.49607467651367,4929800
2015-10-26,40.594451904296875,4486300
2015-10-27,40.96170425415039,6828900
2015-10-28,41.59127426147461,7538500
2015-10-29,43.158653259277344,7268200
2015-10-30,43.23078155517578,5787000
2015-11-02,44.61454391479492,5043200
2015-11-03,45.64414978027344,6467800
2015-11-04,46.627864837646484,8324300
2015-11-05,47.17218780517578,6613300
2015-11-06,47.185302734375,4803000
2015-11-09,46.227821350097656,4808400
2015-11-10,46.77214050292969,4309200
2015-11-11,46.67377471923828,3308700
2015-11-12,45.519561767578125,5271800
2015-11-13,45.22444152832031,3844100
2015-11-16,45.690059661865234,3558300
2015-11-17,45.90647888183594,3394700
2015-11-18,46.33931350708008,3790200
2015-11-19,46.9865837097168,5569200
2015-11-20,47.54138946533203,4114800
2015-11-23,48.00373077392578,5119900
2015-11-24,48.234893798828125,5702700
2015-11-25,48.16884994506836,3637900
2015-11-27,48.175437927246094,1767400
2015-11-30,47.462120056152344,7250600
2015-12-01,47.93107223510742,4562100
2015-12-02,47.34983444213867,4252000
2015-12-03,46.22703552246094,6506400
2015-12-04,47.15169906616211,6189800
2015-12-07,46.75541305541992,7435000
2015-12-08,46.58369064331055,5428500
2015-12-09,46.15436935424805,5092500
2015-12-10,47.14508819580078,5106000
2015-12-11,44.58903884887695,7725300
2015-12-14,44.6154670715332,7947700
2015-12-15,45.11742401123047,6453700
2015-12-16,46.36573028564453,9256700
2015-12-17,47.34324264526367,7334700
2015-12-18,46.253448486328125,10995600
2015-12-21,46.966773986816406,4806400
2015-12-22,47.21115493774414,4507000
2015-12-23,47.44231033325195,6009700
2015-12-24,47.50836181640625,1724100
2015-12-28,46.64314651489258,3179800
2015-12-29,46.95354461669922,2536000
2015-12-30,47.27720260620117,5064000
2015-12-31,46.70257568359375,3231400
2016-01-04,46.19400405883789,6629200
2016-01-05,46.99980163574219,5152500
2016-01-06,46.669551849365234,7666200
2016-01-07,47.614036560058594,9149200
2016-01-08,45.084407806396484,10241900
2016-01-11,45.61939239501953,6680300
2016-01-12,47.01961898803711,8173800
2016-01-13,42.9510498046875,13534500
2016-01-14,44.463539123535156,8700200
2016-01-15,43.86252212524414,8629600
2016-01-19,43.9483757019043,7105800
2016-01-20,43.24827194213867,7963100
2016-01-21,41.894290924072266,8961700
2016-01-22,44.820213317871094,9274700
2016-01-25,43.02370071411133,6063300
2016-01-26,44.721134185791016,5989200
2016-01-27,43.58510971069336,7529000
2016-01-28,42.62740707397461,10704300
2016-01-29,44.826805114746094,7275200
2016-02-01,45.37500762939453,5461400
2016-02-02,43.11616516113281,6879800
2016-02-03,40.24968338012695,12704000
2016-02-04,40.811092376708984,10085800
2016-02-05,38.09657287597656,9175800
2016-02-08,36.56257629394531,11497000
2016-02-09,36.56257629394531,6624900
2016-02-10,36.60261535644531,6826900
2016-02-11,37.06279373168945,8175500
2016-02-12,38.516761779785156,6712300
2016-02-16,38.24998092651367,6991100
2016-02-17,38.53010559082031,5971000
2016-02-18,37.056129455566406,6813100
2016-02-19,38.049896240234375,5530100
2016-02-22,39.13703536987305,5025800
2016-02-23,38.343345642089844,5713300
2016-02-24,40.42426300048828,8503500
2016-02-25,40.477603912353516,5303100
2016-02-26,39.790653228759766,5374600
2016-02-29,40.070770263671875,5333600
2016-03-01,41.0778694152832,4507100
2016-03-02,41.40468978881836,5392100
2016-03-03,42.578521728515625,6239500
2016-03-04,42.61186599731445,7029900
2016-03-07,42.18501281738281,5197600
2016-03-08,41.57141876220703,5212400
2016-03-09,43.21881103515625,6117000
2016-03-10,42.805294036865234,5400200
2016-03-11,43.59897232055664,4976800
2016-03-14,42.94535446166992,4234700
2016-03-15,43.31217956542969,4649900
2016-03-16,43.979129791259766,4990200
2016-03-17,42.805294036865234,6442100
2016-03-18,43.45890808105469,9723900
2016-03-21,43.919105529785156,5072900
2016-03-22,44.06584548950195,4016600
2016-03-23,43.285499572753906,4293400
2016-03-24,43.91244125366211,4255400
2016-03-28,43.51226806640625,3293700
2016-03-29,43.538944244384766,3554300
2016-03-30,42.67190170288086,4970800
2016-03-31,42.77861404418945,5731600
2016-04-01,41.95826721191406,4441900
2016-04-04,42.211700439453125,3466400
2016-04-05,42.11166763305664,3946700
2016-04-06,41.13789367675781,8103500
2016-04-07,41.124568939208984,4447800
2016-04-08,42.058292388916016,7235100
2016-04-11,40.510955810546875,6120400
2016-04-12,40.61767578125,7141400
2016-04-13,41.71814727783203,4419700
2016-04-14,41.057861328125,4140700
2016-04-15,39.67727279663086,6987700
2016-04-18,40.49094772338867,5606200
2016-04-19,40.09077835083008,6157200
2016-04-20,40.16415023803711,6518300
2016-04-21,40.450927734375,5053200
2016-04-22,40.844444274902344,3973800
2016-04-25,41.19792556762695,4362200
2016-04-26,41.224609375,4213900
2016-04-27,41.47804641723633,4611800
2016-04-28,40.624351501464844,4581200
2016-04-29,39.263755798339844,6701300
2016-05-02,39.89736557006836,5419000
2016-05-03,38.43672180175781,8338500
2016-05-04,37.44963455200195,8052600
2016-05-05,37.08946990966797,6325600
2016-05-06,36.922725677490234,6734100
2016-05-09,36.669288635253906,5390700
2016-05-10,37.349586486816406,4913700
2016-05-11,37.26289367675781,5687900
2016-05-12,36.53590393066406,4516600
2016-05-13,36.7559928894043,4555600
2016-05-16,36.80934143066406,5794800
2016-05-17,36.849365234375,4382400
2016-05-18,37.64305114746094,5813400
2016-05-19,36.949405670166016,5244700
2016-05-20,37.43628692626953,3498400
2016-05-23,36.714927673339844,4635500
2016-05-24,37.31494903564453,5390800
2016-05-25,36.82279968261719,6709800
2016-05-26,36.465492248535156,5436700
2016-05-27,36.78908920288086,4437700
2016-05-31,36.8767204284668,6194400
2016-06-01,37.58460235595703,6355000
2016-06-02,37.56438446044922,5520900
2016-06-03,37.18010330200195,4541500
2016-06-06,37.02505874633789,5254700
2016-06-07,37.51044845581055,5563300
2016-06-08,36.66774368286133,6276500
2016-06-09,36.276729583740234,6292200
2016-06-10,36.02054977416992,4673700
2016-06-13,34.39580535888672,8842700
2016-06-14,34.24074935913086,7432000
2016-06-15,34.57783126831055,8192100
2016-06-16,34.914920806884766,5707900
2016-06-17,34.860992431640625,7102000
2016-06-20,34.84077072143555,4520000
2016-06-21,35.373348236083984,4809500
2016-06-22,35.602569580078125,5301500
2016-06-23,36.209312438964844,5570900
2016-06-24,35.43403625488281,8054900
2016-06-27,34.46997833251953,6175400
2016-06-28,34.94188690185547,7708900
2016-06-29,35.00255584716797,7510100
2016-06-30,34.382328033447266,10412900
2016-07-01,34.67221450805664,5896200
2016-07-05,33.60030746459961,7937300
2016-07-06,32.80479049682617,11096200
2016-07-07,31.84748077392578,10444200
2016-07-08,32.17780685424805,9573700
2016-07-11,32.690189361572266,6178200
2016-07-12,33.20255661010742,7872400
2016-07-13,33.39806365966797,8156300
2016-07-14,33.97783660888672,5975100
2016-07-15,33.66770935058594,5729900
2016-07-18,33.9980583190918,5078600
2016-07-19,34.28119659423828,4880900
2016-07-20,34.23401641845703,4509000
2016-07-21,33.75535202026367,4521300
2016-07-22,33.627262115478516,6151300
2016-07-25,33.90367126464844,7659200
2016-07-26,35.508182525634766,12769500
2016-07-27,35.19806671142578,9149300
2016-07-28,34.96883773803711,5808300
2016-07-29,35.24525833129883,5116400
2016-08-01,34.80705642700195,6897300
2016-08-02,35.29244613647461,6961900
2016-08-03,36.883480072021484,11362100
2016-08-04,35.9531364440918,8840400
2016-08-05,36.06772994995117,8010300
2016-08-08,36.53290939331055,6624400
2016-08-09,35.78302001953125,6853600
2016-08-10,36.076168060302734,7119200
2016-08-11,37.05101013183594,7812100
2016-08-12,37.03739547729492,4847100
2016-08-15,37.166900634765625,4942600
2016-08-16,37.15327453613281,4319900
2016-08-17,37.610015869140625,5803400
2016-08-18,37.5350341796875,5096400
2016-08-19,37.37142562866211,3976600
2016-08-22,37.10554885864258,5185800
2016-08-23,37.63727951049805,4353800
2016-08-24,37.97132110595703,5688200
2016-08-25,37.50775909423828,5914400
2016-08-26,37.68498611450195,4064600
2016-08-29,37.92360305786133,3559300
2016-08-30,38.039493560791016,4046800
2016-08-31,37.73273468017578,5006200
2016-09-01,37.01011276245117,5281500
2016-09-02,37.37823486328125,4872900
2016-09-06,37.678192138671875,3554000
2016-09-07,38.2371826171875,4613600
2016-09-08,38.278099060058594,4467100
2016-09-09,37.43959426879883,5773700
2016-09-12,38.09402847290039,5791400
2016-09-13,37.73273468017578,4689500
2016-09-14,37.20098114013672,5416800
2016-09-15,38.30535888671875,6651900
2016-09-16,38.67348098754883,7316500
2016-09-19,38.95298767089844,5976500
2016-09-20,37.80088806152344,6201100
2016-09-21,37.957679748535156,6032900
2016-09-22,37.90314865112305,4741800
2016-09-23,37.95086669921875,5392000
2016-09-26,37.01011276245117,4827200
2016-09-27,37.50775909423828,5952000
2016-09-28,37.56911087036133,6715600
2016-09-29,35.25129699707031,13909600
2016-09-30,36.13068771362305,8318600
2016-10-03,36.06251525878906,5172200
2016-10-04,36.57382583618164,5804000
2016-10-05,37.35778045654297,6393900
2016-10-06,37.42596435546875,4045600
2016-10-07,36.99647903442383,5564700
2016-10-10,37.3168830871582,4118400
2016-10-11,36.941932678222656,4419700
2016-10-12,36.669246673583984,5334200
2016-10-13,36.71015548706055,3862400
2016-10-14,36.669246673583984,3071900
2016-10-17,36.91466522216797,5476200
2016-10-18,37.80770492553711,6109400
2016-10-19,37.18054962158203,7486700
2016-10-20,37.33733367919922,3650900
2016-10-21,38.0122184753418,5287900
2016-10-24,38.2849006652832,5358700
2016-10-25,40.17326354980469,10808900
2016-10-26,40.575462341308594,7770800
2016-10-27,40.0914421081543,6598100
2016-10-28,39.948272705078125,4742100
2016-10-31,40.38458251953125,4969500
2016-11-01,40.555015563964844,7816800
2016-11-02,39.83238983154297,7317600
2016-11-03,39.44381332397461,3855900
2016-11-04,39.45064163208008,3729900
2016-11-07,39.89374542236328,4075100
2016-11-08,39.63468933105469,3802900
2016-11-09,42.28655242919922,10909100
2016-11-10,42.92054748535156,8019800
2016-11-11,42.572872161865234,4273700
2016-11-14,42.6614990234375,4614100
2016-11-15,43.050071716308594,4652200
2016-11-16,43.37730026245117,4684100
2016-11-17,44.08626937866211,5854900
2016-11-18,43.618377685546875,4737700
2016-11-21,44.40968322753906,4922800
2016-11-22,44.898223876953125,4427400
2016-11-23,44.53352737426758,4277500
2016-11-25,44.62987518310547,1735400
2016-11-28,43.89361572265625,4666400
2016-11-29,43.879844665527344,4427900
2016-11-30,42.35916519165039,14238400
2016-12-01,41.65040969848633,10720500
2016-12-02,42.29035186767578,5295700
2016-12-05,44.39591598510742,8277900
2016-12-06,44.53352737426758,5149300
2016-12-07,46.47397232055664,6398000
2016-12-08,47.04508972167969,5556100
2016-12-09,46.79048156738281,5124500
2016-12-12,45.978538513183594,6769800
2016-12-13,46.24000930786133,4336400
2016-12-14,45.751468658447266,4534300
2016-12-15,46.54277420043945,5106900
2016-12-16,46.79048156738281,8009900
2016-12-19,46.41203308105469,3612300
2016-12-20,46.494598388671875,2765100
2016-12-21,46.74232482910156,3206400
2016-12-22,47.28592300415039,3212400
2016-12-23,47.45105743408203,1696600
2016-12-27,47.78822326660156,2153900
2016-12-28,47.25151824951172,2471100
2016-12-29,47.22397994995117,1913000
2016-12-30,47.01068878173828,2552900
2017-01-03,48.45568084716797,4425000
2017-01-04,46.71480178833008,7431000
2017-01-05,46.57030487060547,6450600
2017-01-06,45.86844253540039,3771700
2017-01-09,45.66890335083008,5132600
2017-01-10,45.77898025512695,5433400
2017-01-11,46.15743637084961,3391000
2017-01-12,45.77210998535156,4530100
2017-01-13,45.682655334472656,3366700
2017-01-17,45.545047760009766,4942200
2017-01-18,45.93037414550781,4251400
2017-01-19,45.462467193603516,3642200
2017-01-20,45.57944107055664,2911200
2017-01-23,45.58632278442383,4049600
2017-01-24,46.694156646728516,3893700
2017-01-25,47.017555236816406,4606200
2017-01-26,46.356998443603516,4006300
2017-01-27,46.31570816040039,4628200
2017-01-30,46.948753356933594,8413900
2017-01-31,45.24915313720703,11657700
2017-02-01,44.98080062866211,5204500
2017-02-02,45.01519775390625,6193200
2017-02-03,45.077144622802734,4416400
2017-02-06,44.80189895629883,4297800
2017-02-07,45.02896499633789,4968500
2017-02-08,46.15743637084961,4428100
2017-02-09,46.52901840209961,2805900
2017-02-10,46.4257926940918,2653900
2017-02-13,46.61353302001953,3367500
2017-02-14,47.01681900024414,2512300
2017-02-15,47.114158630371094,2572700
2017-02-16,46.30759811401367,5266500
2017-02-17,45.535797119140625,4808800
2017-02-21,46.0781364440918,4499600
2017-02-22,45.897369384765625,4240400
2017-02-23,46.60658264160156,4208200
2017-02-24,46.39102554321289,3670700
2017-02-27,46.752593994140625,3129100
2017-02-28,47.24626922607422,9074700
2017-03-01,47.614768981933594,4921900
2017-03-02,46.20329666137695,7343000
2017-03-03,45.9460334777832,4046600
2017-03-06,46.19634246826172,3315300
2017-03-07,45.62619400024414,5504100
2017-03-08,46.495330810546875,7446400
2017-03-09,46.22416687011719,4720300
2017-03-10,46.286739349365234,4471600
2017-03-13,47.044620513916016,4970700
2017-03-14,46.89165496826172,2954600
2017-03-15,47.788612365722656,4751200
2017-03-16,47.663448333740234,3654200
2017-03-17,47.90681076049805,9529900
2017-03-20,47.6495475769043,3175100
2017-03-21,46.69002151489258,4068000
2017-03-22,46.98203659057617,3123500
2017-03-23,46.65525436401367,3298800
2017-03-24,45.73744583129883,4372000
2017-03-27,46.050323486328125,2799300
2017-03-28,46.09204864501953,3443400
2017-03-29,46.68305587768555,3326900
2017-03-30,46.050323486328125,7512800
2017-03-31,46.09204864501953,3622100
2017-04-03,46.050323486328125,3319400
2017-04-04,45.75830078125,3101500
2017-04-05,45.25767517089844,3236700
2017-04-06,45.24376678466797,3378100
2017-04-07,45.5914306640625,3854600
2017-04-10,45.43845748901367,3409400
2017-04-11,45.63314437866211,3927500
2017-04-12,45.28547668457031,4156200
2017-04-13,44.97260665893555,3105200
2017-04-17,45.327205657958984,2909800
2017-04-18,44.604087829589844,4605800
2017-04-19,44.14518737792969,4988300
2017-04-20,44.56932067871094,2777800
2017-04-21,45.35502243041992,5113200
2017-04-24,46.46056365966797,7075000
2017-04-25,45.7722053527832,7379700
2017-04-26,45.125572204589844,6540500
2017-04-27,45.4176025390625,4222800
2017-04-28,44.92393493652344,4079200
2017-05-01,44.750099182128906,5432900
2017-05-02,44.84049987792969,4476300
2017-05-03,45.125572204589844,2993300
2017-05-04,44.75705337524414,3068300
2017-05-05,45.4315071105957,4668900
2017-05-08,45.9669075012207,3472900
2017-05-09,46.32844924926758,3836300
2017-05-10,46.36320495605469,3409900
2017-05-11,46.13377380371094,2847500
2017-05-12,46.182437896728516,3549600
2017-05-15,46.06298065185547,3295000
2017-05-16,45.35323715209961,6322500
2017-05-17,44.83322525024414,4529800
2017-05-18,44.650516510009766,3385900
2017-05-19,44.882423400878906,3396100
2017-05-22,44.8613395690918,2742500
2017-05-23,45.05809020996094,2945600
2017-05-24,44.84025192260742,2998700
2017-05-25,44.404571533203125,3786200
2017-05-26,43.884559631347656,3718700
2017-05-30,43.6315803527832,6566600
2017-05-31,43.195919036865234,4655900
2017-06-01,43.65266418457031,3541400
2017-06-02,43.638607025146484,2788900
2017-06-05,43.84942626953125,3897100
2017-06-06,43.772132873535156,2579800
2017-06-07,43.77914810180664,4378200
2017-06-08,44.39754104614258,5021300
2017-06-09,45.859188079833984,6201200
2017-06-12,46.32298278808594,6725900
2017-06-13,46.75163269042969,4336400
2017-06-14,45.50081253051758,6431000
2017-06-15,45.45864486694336,3974100
2017-06-16,46.238651275634766,6522500
2017-06-19,46.80785369873047,4078300
2017-06-20,46.13325500488281,3634100
2017-06-21,45.451622009277344,5566100
2017-06-22,45.54999923706055,3801400
2017-06-23,46.365142822265625,4915200
2017-06-26,46.40729904174805,3376800
2017-06-27,46.94839859008789,5447300
2017-06-28,47.41218566894531,3336400
2017-06-29,47.14515686035156,3282900
2017-06-30,47.4051628112793,2972000
2017-07-03,47.798683166503906,2160000
2017-07-05,47.13111114501953,3938100
2017-07-06,46.70245361328125,3332100
2017-07-07,47.91111373901367,5083600
2017-07-10,47.847869873046875,3718200
2017-07-11,47.73543930053711,2188200
2017-07-12,47.80570983886719,4206100
2017-07-13,47.630027770996094,2883700
2017-07-14,47.812740325927734,2194700
2017-07-17,47.38408279418945,2868800
2017-07-18,47.44029998779297,2816000
2017-07-19,47.80570983886719,3481900
2017-07-20,47.447330474853516,2914800
2017-07-21,47.630027770996094,2725700
2017-07-24,47.55977249145508,2318800
2017-07-25,48.09383010864258,3131100
2017-07-26,47.77759552001953,3356800
2017-07-27,47.49650955200195,4377800
2017-07-28,46.86408233642578,7105600
2017-07-31,48.46625518798828,7354800
2017-08-01,48.360843658447266,5330100
2017-08-02,48.135990142822266,3724900
2017-08-03,48.135990142822266,3342700
2017-08-04,48.15707015991211,3201800
2017-08-07,48.27775955200195,2671900
2017-08-08,48.1286735534668,3114700
2017-08-09,47.51810073852539,3498100
2017-08-10,46.99982452392578,3425100
2017-08-11,46.96432113647461,2330000
2017-08-14,47.41870880126953,3034300
2017-08-15,47.67428970336914,4079300
2017-08-16,46.85073471069336,2807500
2017-08-17,45.828372955322266,3358400
2017-08-18,45.970367431640625,3082600
2017-08-21,45.93487548828125,2463900
2017-08-22,46.55964660644531,2865800
2017-08-23,46.65193557739258,2808700
2017-08-24,47.88016891479492,5492000
2017-08-25,48.04347610473633,3915900
2017-08-28,48.57594299316406,6445800
2017-08-29,48.22096252441406,3557700
2017-08-30,48.56885528564453,3248100
2017-08-31,48.348758697509766,4434400
2017-09-01,49.12973403930664,3954400
2017-09-05,48.213863372802734,4581400
2017-09-06,48.355857849121094,4428800
2017-09-07,48.88833999633789,3675900
2017-09-08,49.37110137939453,3771300
2017-09-11,49.56280517578125,3287700
2017-09-12,49.8467903137207,2629200
2017-09-13,50.40766525268555,4122500
2017-09-14,49.65509033203125,4494000
2017-09-15,50.499961853027344,6859900
2017-09-18,51.25963592529297,3823700
2017-09-19,51.621707916259766,3870200
2017-09-20,51.95539093017578,3255600
2017-09-21,52.08318328857422,3106100
2017-09-22,52.74346160888672,3263900
2017-09-25,53.33273696899414,3461000
2017-09-26,53.21912384033203,3287900
2017-09-27,53.58122634887695,4516000
2017-09-28,54.48286437988281,6079400
2017-09-29,54.61778259277344,4442200
2017-10-02,54.70297622680664,3141300
2017-10-03,55.0721435546875,3194700
2017-10-04,55.15734100341797,2669900
2017-10-05,54.85915756225586,4923400
2017-10-06,54.83075714111328,4672400
2017-10-09,54.759761810302734,2925600
2017-10-10,54.930171966552734,2659600
2017-10-11,55.32063293457031,2277500
2017-10-12,55.313533782958984,2532500
2017-10-13,55.43423080444336,2161700
2017-10-16,54.96565628051758,2405400
2017-10-17,55.10765838623047,2358400
2017-10-18,55.10765838623047,2399600
2017-10-19,55.114742279052734,2329900
2017-10-20,55.05085372924805,4149900
2017-10-23,54.95144271850586,4820100
2017-10-24,55.15734100341797,3241700
2017-10-25,55.15024948120117,4901200
2017-10-26,54.163394927978516,5371300
2017-10-27,55.199928283691406,6118600
2017-10-30,55.66143798828125,4427100
2017-10-31,56.00933074951172,3231000
2017-11-01,57.301448822021484,4097800
2017-11-02,57.92620849609375,4972900
2017-11-03,57.422157287597656,3390500
2017-11-06,57.82683181762695,3326200
2017-11-07,58.09659957885742,2603300
2017-11-08,57.983001708984375,2976100
2017-11-09,57.70611572265625,3569700
2017-11-10,57.7700080871582,2473900
2017-11-13,57.273033142089844,2568500
2017-11-14,57.7700080871582,3108700
2017-11-15,57.848140716552734,3122000
2017-11-16,58.3025016784668,4322600
2017-11-17,58.842071533203125,2897400
2017-11-20,58.777618408203125,3163600
2017-11-21,60.002017974853516,3528000
2017-11-22,58.963802337646484,3271500
2017-11-24,58.8922004699707,1623400
2017-11-27,58.79911422729492,3073500
2017-11-28,59.601051330566406,3015300
2017-11-29,59.672637939453125,2752900
2017-11-30,61.305171966552734,5521800
2017-12-01,60.266937255859375,4123200
2017-12-04,59.88030242919922,4049400
2017-12-05,61.419715881347656,4197300
2017-12-06,60.839752197265625,2975900
2017-12-07,61.28367233276367,2128800
2017-12-08,62.722877502441406,3533300
2017-12-11,62.43646240234375,2853800
2017-12-12,62.250308990478516,2515000
2017-12-13,62.6154670715332,3112000
2017-12-14,62.63694381713867,3635800
2017-12-15,63.145328521728516,6579300
2017-12-18,63.67515563964844,3433000
2017-12-19,63.05939865112305,2953500
2017-12-20,64.55587768554688,3506600
2017-12-21,64.95683288574219,3004200
2017-12-22,65.25039672851562,1837200
2017-12-26,65.7730941772461,1442900
2017-12-27,65.97357940673828,2388300
2017-12-28,66.08814239501953,1835700
2017-12-29,65.80892181396484,2343800
2018-01-02,66.44615173339844,3582900
2018-01-03,66.7969970703125,3057600
2018-01-04,67.01181030273438,2977000
2018-01-05,67.32683563232422,2973800
2018-01-08,67.46288299560547,2493400
2018-01-09,67.37696838378906,3884900
2018-01-10,67.41276550292969,2391800
2018-01-11,67.69915771484375,2679700
2018-01-12,69.2743911743164,2873400
2018-01-16,68.84480285644531,3052500
2018-01-17,69.85438537597656,2940700
2018-01-18,69.0667495727539,2489400
2018-01-19,69.63956451416016,2368800
2018-01-22,70.84963989257812,2441200
2018-01-23,70.66346740722656,2120300
2018-01-24,69.9260025024414,3109500
2018-01-25,69.582275390625,2725300
2018-01-26,70.66346740722656,2122200
2018-01-29,69.01663970947266,2787100
2018-01-30,67.54881286621094,4338800
2018-01-31,68.71590423583984,5334000
2018-02-01,67.79940795898438,5032300
2018-02-02,66.72539520263672,4656700
2018-02-05,64.27662658691406,7072900
2018-02-06,64.77066040039062,6335000
2018-02-07,64.32673645019531,4344500
2018-02-08,62.128570556640625,3975900
2018-02-09,63.16679382324219,5463400
2018-02-12,64.1928482055664,4020900
2018-02-13,64.6552963256836,3638200
2018-02-14,66.93136596679688,4877300
2018-02-15,67.19871520996094,4057600
2018-02-16,67.39381408691406,2538800
2018-02-20,66.17267608642578,3083600
2018-02-21,65.63076782226562,2018100
2018-02-22,66.5123062133789,3047300
2018-02-23,66.80854797363281,2069200
2018-02-26,67.42271423339844,2563300
2018-02-27,67.03253173828125,2893000
2018-02-28,65.33451080322266,2746800
2018-03-01,65.62352752685547,3035900
2018-03-02,66.62067413330078,3485000
2018-03-05,66.15821075439453,4656700
2018-03-06,66.27384185791016,2852300
2018-03-07,66.50505065917969,2616800
2018-03-08,67.42271423339844,3650800
2018-03-09,68.15251922607422,3500400
2018-03-12,66.97472381591797,3231900
2018-03-13,67.55278015136719,4322400
2018-03-14,66.95305633544922,2747400
2018-03-15,66.714599609375,2786100
2018-03-16,67.76954650878906,5308600
2018-03-19,67.15538024902344,2334700
2018-03-20,68.26089477539062,3354400
2018-03-21,68.9690170288086,3066200
2018-03-22,67.22760772705078,3264500
2018-03-23,65.91255187988281,3195400
2018-03-26,68.1019287109375,3111500
2018-03-27,66.67125701904297,3756700
2018-03-28,65.23333740234375,3864800
2018-03-29,67.03253173828125,4173900
2018-04-02,66.15821075439453,2788500
2018-04-03,66.98192596435547,2930600
2018-04-04,67.45162963867188,3659600
2018-04-05,69.26527404785156,3766300
2018-04-06,68.7739028930664,3432000
2018-04-09,69.37364196777344,3653800
2018-04-10,71.45462036132812,3489100
2018-04-11,72.4806900024414,3506900
2018-04-12,72.6396484375,3245100
2018-04-13,73.57898712158203,2641200
2018-04-16,76.22358703613281,5876400
2018-04-17,77.09066772460938,3669100
2018-04-18,77.70486450195312,3904800
2018-04-19,78.18175506591797,3240500
2018-04-20,78.43462371826172,2795100
2018-04-23,78.94766998291016,2162800
2018-04-24,78.24675750732422,3279700
2018-04-25,78.5285873413086,3799800
2018-04-26,80.59510803222656,4912200
2018-04-27,79.32341003417969,2658700
2018-04-30,80.15435028076172,5667700
2018-05-01,80.00260925292969,3680800
2018-05-02,81.108154296875,5677400
2018-05-03,81.91741943359375,3576400
2018-05-04,81.931884765625,2923000
2018-05-07,82.13420104980469,3449900
2018-05-08,81.787353515625,6102200
2018-05-09,82.96514129638672,4159800
2018-05-10,82.72669219970703,5038700
2018-05-11,82.82785034179688,2773400
2018-05-14,83.72381591796875,3936000
2018-05-15,83.74549102783203,3541300
2018-05-16,83.66548156738281,2691900
2018-05-17,87.09970092773438,5888500
2018-05-18,87.7181396484375,3906500
2018-05-21,88.80952453613281,2992600
2018-05-22,87.41983032226562,3253300
2018-05-23,88.07465362548828,3395800
2018-05-24,88.67855834960938,3158300
2018-05-25,86.38665008544922,3581600
2018-05-29,86.9250717163086,3025600
2018-05-30,88.91865539550781,2996000
2018-05-31,88.18378448486328,5480900
2018-06-01,90.06097412109375,2941900
2018-06-04,90.54119110107422,3792000
2018-06-05,89.73356628417969,3392500
2018-06-06,88.18378448486328,3554200
2018-06-07,88.39479064941406,2329400
2018-06-08,87.10696411132812,3743600
2018-06-11,87.72543334960938,3279200
2018-06-12,85.87007141113281,4422600
2018-06-13,85.76819610595703,5546200
2018-06-14,84.9969711303711,2431400
2018-06-15,83.80371856689453,5087200
2018-06-18,84.79322814941406,3054900
2018-06-19,84.85145568847656,2491200
2018-06-20,84.20386505126953,3093100
2018-06-21,80.92245483398438,4528700
2018-06-22,81.66461181640625,5030800
2018-06-25,79.49639892578125,4559500
2018-06-26,80.21669006347656,3422200
2018-06-27,79.68555450439453,3412400
2018-06-28,79.38725280761719,2668200
2018-06-29,80.63870239257812,3483600
2018-07-02,79.47456359863281,3748500
2018-07-03,78.70331573486328,2078100
2018-07-05,78.2376480102539,3400600
2018-07-06,78.4559326171875,2461300
2018-07-09,79.503662109375,2726500
2018-07-10,79.03073120117188,2648300
2018-07-11,77.38639068603516,3512600
2018-07-12,77.69924926757812,2992200
2018-07-13,78.09941864013672,2500000
2018-07-16,77.34273529052734,2548400
2018-07-17,77.18992614746094,2590600
2018-07-18,77.59736633300781,3100500
2018-07-19,77.8520278930664,2564300
2018-07-20,77.27722930908203,2291700
2018-07-23,77.32817077636719,2542400
2018-07-24,78.0484848022461,3347500
2018-07-25,79.54732513427734,3309900
2018-07-26,85.00421905517578,5408000
2018-07-27,84.65499877929688,3308700
2018-07-30,85.31708526611328,2930500
2018-07-31,86.11016845703125,4034600
2018-08-01,84.96782684326172,3411600
2018-08-02,83.91285705566406,2588100
2018-08-03,83.94922637939453,2583000
2018-08-06,84.17636108398438,2401100
2018-08-07,85.50981903076172,2606700
2018-08-08,84.91635131835938,2009600
2018-08-09,84.35954284667969,2175600
2018-08-10,84.52806091308594,2059300
2018-08-13,84.10307312011719,1875600
2018-08-14,84.2936019897461,1440200
2018-08-15,81.70728302001953,3452500
2018-08-16,81.56072998046875,1875800
2018-08-17,81.32630157470703,1791100
2018-08-20,83.08470153808594,2072200
2018-08-21,83.62684631347656,2021700
2018-08-22,84.75518035888672,1670900
2018-08-23,86.49891662597656,3151100
2018-08-24,88.32324981689453,3448400
2018-08-27,88.80683135986328,2038100
2018-08-28,88.20604705810547,2062600
2018-08-29,88.36723327636719,2525900
2018-08-30,87.22425842285156,2648100
2018-08-31,86.36703491210938,3722500
2018-09-04,88.09613800048828,3372100
2018-09-05,85.6563491821289,4506400
2018-09-06,85.0409164428711,3406600
2018-09-07,84.31555938720703,2498200
2018-09-10,84.44010925292969,2451800
2018-09-11,84.33020782470703,2708100
2018-09-12,85.21675109863281,3195200
2018-09-13,85.59774017333984,2081500
2018-09-14,85.81754302978516,1724500
2018-09-17,84.5939712524414,1876000
2018-09-18,84.49874114990234,2028300
2018-09-19,80.37382507324219,5033500
2018-09-20,80.9452896118164,3135600
2018-09-21,82.23480224609375,4044500
2018-09-24,84.22764587402344,3069900
2018-09-25,85.54645538330078,3219300
2018-09-26,85.37061309814453,2492600
2018-09-27,84.46942901611328,2281900
2018-09-28,83.34110260009766,2787400
2018-10-01,83.43636322021484,2404600
2018-10-02,84.63794708251953,3240600
2018-10-03,87.9129638671875,3683800
2018-10-04,85.88349151611328,2214000
2018-10-05,85.80290222167969,1834100
2018-10-08,85.12151336669922,2722600
2018-10-09,84.74053192138672,2400500
2018-10-10,81.20906829833984,3083000
2018-10-11,78.31501770019531,3478600
2018-10-12,79.31144714355469,3502500
2018-10-15,76.04373931884766,3741700
2018-10-16,77.59699249267578,2209400
2018-10-17,76.00708770751953,3378800
2018-10-18,75.75067138671875,4018900
2018-10-19,67.9623794555664,11818100
2018-10-22,68.02833557128906,4663000
2018-10-23,67.15646362304688,6303700
2018-10-24,63.51509094238281,6376900
2018-10-25,64.02062225341797,5189800
2018-10-26,62.855690002441406,6921400
2018-10-29,64.02062225341797,5884300
2018-10-30,66.01349639892578,5477000
2018-10-31,66.73883056640625,5501700
2018-11-01,67.77925109863281,4340900
2018-11-02,67.281005859375,3424200
2018-11-05,66.78278350830078,3339200
2018-11-06,66.8780517578125,2609500
2018-11-07,67.83783721923828,3672900
2018-11-08,64.98776245117188,5813300
2018-11-09,64.16717529296875,4760400
2018-11-12,62.98760223388672,3901000
2018-11-13,61.22916793823242,4393100
2018-11-14,60.32798385620117,5663100
2018-11-15,61.009361267089844,4288100
2018-11-16,61.50758743286133,3448100
2018-11-19,59.68788528442383,4040800
2018-11-20,58.14925765991211,5786600
2018-11-21,58.58568572998047,4244000
2018-11-23,56.98050308227539,2105200
2018-11-26,58.274993896484375,4315500
2018-11-27,57.27640151977539,4435400
2018-11-28,58.748435974121094,3914000
2018-11-29,58.78540802001953,3701900
2018-11-30,59.10348129272461,5685700
2018-12-03,60.13910675048828,6462800
2018-12-04,58.815006256103516,6217800
2018-12-06,58.31939697265625,4711100
2018-12-07,56.21119689941406,4669500
2018-12-10,54.28052520751953,7407500
2018-12-11,54.199161529541016,4749400
2018-12-12,54.47284698486328,4089000
2018-12-13,54.33971405029297,4508700
2018-12-14,54.22135925292969,5021300
2018-12-17,53.68873977661133,4508400
2018-12-18,52.56436538696289,4295800
2018-12-19,52.50520706176758,4913100
2018-12-20,52.231510162353516,6304500
2018-12-21,52.993431091308594,7720400
2018-12-24,50.99617385864258,3265100
2018-12-26,54.2287483215332,5828300
2018-12-27,55.205177307128906,4872800
2018-12-28,54.35451126098633,4265700
2018-12-31,55.456687927246094,3817800
2019-01-02,55.89311218261719,4271900
2019-01-03,54.88710403442383,3300800
2019-01-04,56.96571350097656,4364500
2019-01-07,57.02489471435547,3833600
2019-01-08,57.224605560302734,3087700
2019-01-09,57.172828674316406,4280200
2019-01-10,57.26899719238281,3818500
2019-01-11,58.045692443847656,3607300
2019-01-14,58.4007682800293,4496100
2019-01-15,58.26762008666992,3341400
2019-01-16,58.437744140625,3957500
2019-01-17,59.539913177490234,4056000
2019-01-18,61.09331512451172,5110700
2019-01-22,60.664302825927734,7603000
2019-01-23,59.01472854614258,4507500
2019-01-24,58.4007682800293,5093700
2019-01-25,60.79744338989258,6462100
2019-01-28,59.939388275146484,3662000
2019-01-29,60.020729064941406,3949600
2019-01-30,61.60374069213867,4688900
2019-01-31,64.9620590209961,8796700
2019-02-01,63.068382263183594,5136100
2019-02-04,62.72072982788086,4448500
2019-02-05,63.586185455322266,3918400
2019-02-06,63.55658721923828,2783900
2019-02-07,62.06976318359375,3114700
2019-02-08,62.239898681640625,4126500
2019-02-11,61.64812469482422,3446600
2019-02-12,61.56585693359375,3083300
2019-02-13,62.41087341308594,2725000
2019-02-14,62.52303695678711,2810600
2019-02-15,63.113800048828125,3929800
2019-02-19,63.40544891357422,2031200
2019-02-20,63.88401794433594,3951500
2019-02-21,63.173622131347656,3207800
2019-02-22,63.80177688598633,3158100
2019-02-25,63.54751968383789,2033700
2019-02-26,63.12129592895508,2146300
2019-02-27,62.13419723510742,3009700
2019-02-28,60.990047454833984,3608400
2019-03-01,61.9846305847168,3102700
2019-03-04,61.71543502807617,3688500
2019-03-05,60.68346405029297,3934800
2019-03-06,60.83303451538086,3444400
2019-03-07,60.26470184326172,3145900
2019-03-08,59.636566162109375,4089100
2019-03-11,62.42583084106445,4375500
2019-03-12,62.70250701904297,5009900
2019-03-13,62.979183197021484,4275800
2019-03-14,63.51762008666992,3546000
2019-03-15,63.62230682373047,5656800
2019-03-18,64.87110137939453,3471800
2019-03-19,64.63182067871094,2946100
2019-03-20,64.63929748535156,3921800
2019-03-21,64.59442901611328,2335900
2019-03-22,63.28578186035156,2877700
2019-03-25,63.921417236328125,2602700
2019-03-26,65.05807495117188,3233500
2019-03-27,64.32521057128906,3460300
2019-03-28,63.43535614013672,2812800
2019-03-29,63.43535614013672,3208400
2019-04-01,64.63182067871094,2919100
2019-04-02,63.15118408203125,2924700
2019-04-03,63.009098052978516,2983200
2019-04-04,63.076412200927734,3267700
2019-04-05,64.82624053955078,2966700
2019-04-08,64.45980834960938,2141200
2019-04-09,63.64473342895508,2419400
2019-04-10,66.12741088867188,5232400
2019-04-11,66.58356475830078,3682100
2019-04-12,66.11246490478516,4003200
2019-04-15,65.54412841796875,2824600
2019-04-16,66.0451431274414,2507300
2019-04-17,66.86771392822266,3209300
2019-04-18,65.83576965332031,2670000
2019-04-22,68.1613998413086,3063000
2019-04-23,67.51083374023438,4232500
2019-04-24,65.60397338867188,5046400
2019-04-25,67.92212677001953,6312000
2019-04-26,67.36126708984375,3008000
2019-04-29,67.00233459472656,2661700
2019-04-30,67.79499053955078,3049000
2019-05-01,67.12944030761719,3881300
2019-05-02,65.99279022216797,5084700
2019-05-03,66.13489532470703,2994400
2019-05-06,64.6019058227539,4741700
2019-05-07,63.083892822265625,6014900
2019-05-08,61.618221282958984,4850800
2019-05-09,61.12467575073242,6661900
2019-05-10,62.61277770996094,4484100
2019-05-13,60.877899169921875,3943400
2019-05-14,62.73046875,3389300
2019-05-15,63.04049301147461,2589500
2019-05-16,64.62842559814453,3282900
2019-05-17,63.297584533691406,2553600
2019-05-20,62.06505584716797,2774100
2019-05-21,62.35996627807617,3115800
2019-05-22,60.75691604614258,2942200
2019-05-23,57.021522521972656,6237700
2019-05-24,57.634002685546875,3385600
2019-05-28,56.779541015625,3709000
2019-05-29,56.60563278198242,3054100
2019-05-30,55.10087203979492,5119600
2019-05-31,53.233177185058594,5670700
2019-06-03,54.44302749633789,3760600
2019-06-04,55.84189987182617,3135000
2019-06-05,55.305049896240234,3245400
2019-06-06,56.310726165771484,3767900
2019-06-07,56.50733184814453,2847200
2019-06-10,57.361793518066406,3136300
2019-06-11,57.7398567199707,2483300
2019-06-12,57.84572982788086,2569200
2019-06-13,58.42037582397461,2819600
2019-06-14,58.042327880859375,2084200
2019-06-17,58.17087936401367,2470100
2019-06-18,58.8287353515625,2759600
2019-06-19,59.100948333740234,2316400
2019-06-20,60.303226470947266,3011800
2019-06-21,61.93650817871094,6568500
2019-06-24,61.06692886352539,2558000
2019-06-25,61.72477340698242,3278500
2019-06-26,64.22008514404297,5154200
2019-06-27,63.46393966674805,2408500
2019-06-28,64.73426055908203,3248200
2019-07-01,63.70589065551758,4558900
2019-07-02,61.021575927734375,7182100
2019-07-03,61.989444732666016,2307400
2019-07-05,61.883575439453125,1653400
2019-07-08,61.5206413269043,2320500
2019-07-09,62.186038970947266,2654600
2019-07-10,63.063175201416016,2976800
2019-07-11,63.84202194213867,2782400
2019-07-12,64.08399200439453,1769500
2019-07-15,63.75883483886719,2513500
2019-07-16,63.675655364990234,1772900
2019-07-17,62.94217300415039,2954900
2019-07-18,63.0253791809082,2060100
2019-07-19,63.252197265625,1903100
2019-07-22,63.781532287597656,2346700
2019-07-23,64.09911346435547,2902200
2019-07-24,65.15771484375,4002300
2019-07-25,63.10098648071289,5248400
2019-07-26,63.75126647949219,2712500
2019-07-29,63.53955078125,2013600
2019-07-30,64.11424255371094,2589800
2019-07-31,64.46207427978516,3217900
2019-08-01,63.773963928222656,4233900
2019-08-02,62.057491302490234,3289900
2019-08-05,57.936641693115234,5976300
2019-08-06,58.747047424316406,3328300
2019-08-07,57.95957565307617,4100500
2019-08-08,60.2149658203125,3474200
2019-08-09,60.28375244140625,3789700
2019-08-12,58.98406219482422,3011400
2019-08-13,60.199668884277344,3099000
2019-08-14,58.10483169555664,3912400
2019-08-15,58.655303955078125,3082200
2019-08-16,59.72567367553711,2697500
2019-08-19,60.9336051940918,2835300
2019-08-20,59.64155578613281,2572600
2019-08-21,59.93973159790039,2409400
2019-08-22,59.190486907958984,2307600
2019-08-23,56.71337127685547,3508000
2019-08-26,56.35404586791992,2912900
2019-08-27,54.82497787475586,3700300
2019-08-28,55.62774658203125,2125800
2019-08-29,57.523780822753906,2660000
2019-08-30,57.55437088012695,2467600
2019-09-03,57.011539459228516,2388900
2019-09-04,57.17209243774414,2579100
2019-09-05,58.708824157714844,4630500
2019-09-06,59.73330307006836,3036800
2019-09-09,60.68897247314453,2757000
2019-09-10,62.4473991394043,3634500
2019-09-11,63.20429992675781,3421700
2019-09-12,63.99176788330078,3848000
2019-09-13,65.39087677001953,4410300
2019-09-16,62.990234375,9945800
2019-09-17,64.45813751220703,4537900
2019-09-18,63.91530990600586,2458800
2019-09-19,63.877098083496094,2432900
2019-09-20,63.341915130615234,3807400
2019-09-23,64.32815551757812,2005100
2019-09-24,63.533050537109375,2846100
2019-09-25,63.96120834350586,2541200
2019-09-26,63.54834747314453,2884900
2019-09-27,64.55752563476562,2861400
2019-09-30,65.1691665649414,2899600
2019-10-01,65.15386962890625,3193700
2019-10-02,63.30369567871094,2785300
2019-10-03,63.869449615478516,2430500
2019-10-04,64.61868286132812,2066600
2019-10-07,63.7777099609375,1994200
2019-10-08,63.70124053955078,2900800
2019-10-09,65.0391845703125,2781400
2019-10-10,65.59730529785156,2477400
2019-10-11,67.27926635742188,3118200
2019-10-14,67.68449401855469,1372200
2019-10-15,68.38787078857422,2197400
2019-10-16,68.11261749267578,2267300
2019-10-17,68.88481140136719,2545300
2019-10-18,69.61874389648438,3796200
2019-10-21,71.26252746582031,3227700
2019-10-22,71.99649047851562,3087300
2019-10-23,71.75181579589844,3534600
2019-10-24,74.09132385253906,4566300
2019-10-25,75.8956298828125,3899200
2019-10-28,76.50724792480469,3941700
2019-10-29,77.08065032958984,3259300
2019-10-30,75.54391479492188,4187000
2019-10-31,74.14482879638672,4396600
2019-11-01,76.3467025756836,2843000
2019-11-04,77.40174102783203,2482500
2019-11-05,77.28706359863281,3286200
2019-11-06,76.7213134765625,2529800
2019-11-07,77.52407836914062,3220800
2019-11-08,77.1112289428711,2678400
2019-11-11,76.97364044189453,1901400
2019-11-12,76.8207015991211,1928200
2019-11-13,76.64486694335938,1887200
2019-11-14,77.08065032958984,2288100
2019-11-15,76.92011260986328,2487600
2019-11-18,77.26415252685547,2938000
2019-11-19,75.30477905273438,3641300
2019-11-20,74.97306823730469,4590000
2019-11-21,75.91417694091797,3127700
2019-11-22,75.21990203857422,2877500
2019-11-25,75.09649658203125,3027400
2019-11-26,75.1659164428711,4971000
2019-11-27,74.90363311767578,3016700
2019-11-29,73.66167449951172,1716800
2019-12-02,73.74651336669922,3172900
2019-12-03,72.42741394042969,3345700
2019-12-04,71.9028549194336,3898000
2019-12-05,71.73314666748047,3136100
2019-12-06,72.21141052246094,3825100
2019-12-09,71.37059020996094,3172400
2019-12-10,72.95196533203125,2858300
2019-12-11,71.65602111816406,3049700
2019-12-12,72.9211196899414,2495400
2019-12-13,72.36570739746094,2456400
2019-12-16,73.39168548583984,3878000
2019-12-17,73.80824279785156,2971900
2019-12-18,72.90567779541016,4334300
2019-12-19,72.96739959716797,2782300
2019-12-20,73.4919662475586,4801600
2019-12-23,73.46882629394531,1910300
2019-12-24,73.36083221435547,559800
2019-12-26,72.83626556396484,1205800
2019-12-27,71.89515686035156,1752400
2019-12-30,71.6482925415039,2186800
2019-12-31,72.24229431152344,1582000
2020-01-02,73.38395690917969,2130500
2020-01-03,70.59918975830078,5057000
2020-01-06,70.60689544677734,3393200
2020-01-07,71.5325927734375,3795500
2020-01-08,71.81028747558594,4101800
2020-01-09,73.42253112792969,3033300
2020-01-10,74.74163818359375,3551800
2020-01-13,74.24794006347656,2703100
2020-01-14,73.59223937988281,3270900
2020-01-15,71.17003631591797,4001900
2020-01-16,70.95402526855469,2829500
2020-01-17,70.36775970458984,2891700
2020-01-21,69.6195068359375,3221500
2020-01-22,69.13353729248047,2129400
2020-01-23,69.04866790771484,2952300
2020-01-24,68.85580444335938,2580300
2020-01-27,65.60819244384766,3369600
2020-01-28,66.30242919921875,2424100
2020-01-29,66.69585418701172,3478200
2020-01-30,68.03038024902344,4281400
2020-01-31,65.03733825683594,6537200
2020-02-03,61.90541076660156,5188900
2020-02-04,62.66911315917969,4504400
2020-02-05,64.62850952148438,3248000
2020-02-06,64.23505401611328,2615100
2020-02-07,64.82905578613281,2333500
2020-02-10,65.08362579345703,2602900
2020-02-11,65.74702453613281,1886500
2020-02-12,66.37139892578125,2543800
2020-02-13,65.3255615234375,4507300
2020-02-14,64.49827575683594,2990400
2020-02-18,64.40461730957031,1856600
2020-02-19,64.95874786376953,1831500
2020-02-20,65.6923828125,2015800
2020-02-21,64.70118713378906,2084800
2020-02-24,60.954933166503906,3868700
2020-02-25,58.09840393066406,4057500
2020-02-26,55.975502014160156,4702000
2020-02-27,51.659488677978516,7682400
2020-02-28,51.70631408691406,7421700
2020-03-02,52.97068786621094,6526300
2020-03-03,50.293663024902344,5587900
2020-03-04,50.06732940673828,6485000
2020-03-05,48.15516662597656,5918900
2020-03-06,49.240028381347656,9569600
2020-03-09,45.57960891723633,12531100
2020-03-10,47.17958068847656,10527600
2020-03-11,42.473323822021484,9184800
2020-03-12,34.3095817565918,14645700
2020-03-13,38.94559097290039,9700600
2020-03-16,32.4910774230957,8241800
2020-03-17,30.45405387878418,8839500
2020-03-18,27.3321475982666,8900200
2020-03-19,29.197484970092773,8776000
2020-03-20,30.17307472229004,9225000
2020-03-23,25.459016799926758,6535300
2020-03-24,27.043378829956055,9068400
2020-03-25,30.93014144897461,8933300
2020-03-26,35.589561462402344,10055900
2020-03-27,35.152488708496094,8028700
2020-03-30,36.830509185791016,7691900
2020-03-31,35.40225601196289,7423500
2020-04-01,31.999370574951172,5354600
2020-04-02,32.389617919921875,8098300
2020-04-03,31.484270095825195,5313400
2020-04-06,35.97979736328125,6213000
2020-04-07,37.47050094604492,7767300
2020-04-08,40.27238845825195,6830800
2020-04-09,39.101680755615234,7708000
2020-04-13,38.78948974609375,4668100
2020-04-14,39.76509094238281,4201000
2020-04-15,36.44807052612305,5311800
2020-04-16,35.121280670166016,5133200
2020-04-17,40.397274017333984,6855700
2020-04-20,39.265586853027344,5451300
2020-04-21,38.594383239746094,5692800
2020-04-22,39.468502044677734,4678600
2020-04-23,40.63920593261719,5164500
2020-04-24,40.974822998046875,4012500
2020-04-27,43.37086868286133,3813900
2020-04-28,45.165950775146484,4570900
2020-04-29,51.729740142822266,9892400
2020-04-30,49.44295120239258,6676400
2020-05-01,45.86057662963867,4667800
2020-05-04,49.68489074707031,6629800
2020-05-05,49.18539810180664,6329600
2020-05-06,47.538597106933594,4406000
2020-05-07,47.8117561340332,4307100
2020-05-08,51.448768615722656,4405300
2020-05-11,51.17559814453125,4981300
2020-05-12,49.43514633178711,5030700
2020-05-13,46.81117630004883,5721100
2020-05-14,47.096561431884766,5237900
2020-05-15,46.59714126586914,3768000
2020-05-18,51.01268768310547,4418800
2020-05-19,50.774871826171875,4573100
2020-05-20,53.382972717285156,5337200
2020-05-21,52.1066780090332,2959700
2020-05-22,52.06703567504883,3521100
2020-05-26,54.461097717285156,4833500
2020-05-27,55.634361267089844,4359800
2020-05-28,53.216495513916016,4992100
2020-05-29,52.828060150146484,4971900
2020-06-01,52.78049850463867,3893900
2020-06-02,54.05681610107422,4373900
2020-06-03,55.91975021362305,4963100
2020-06-04,55.53129577636719,3391700
2020-06-05,59.16997146606445,5700500
2020-06-08,59.94684982299805,4397300
2020-06-09,56.49843215942383,4902400
2020-06-10,54.73855972290039,4571200
2020-06-11,48.10333251953125,6214000
2020-06-12,50.568763732910156,3575200
2020-06-15,50.41020965576172,4972900
2020-06-16,52.44755554199219,4046100
2020-06-17,49.40343475341797,4649800
2020-06-18,51.23466873168945,3817800
2020-06-19,50.0693359375,9539900
2020-06-22,49.672969818115234,3138000
2020-06-23,49.665035247802734,2628500
2020-06-24,45.99466323852539,5688100
2020-06-25,45.40802764892578,4887000
2020-06-26,44.64701843261719,4851900
2020-06-29,45.14643096923828,3636900
2020-06-30,46.628849029541016,5122500
2020-07-01,44.74213790893555,3172200
2020-07-02,44.662864685058594,3834600
2020-07-06,44.76592254638672,3595800
2020-07-07,42.1102409362793,6069900
2020-07-08,41.9992561340332,5539400
2020-07-09,39.81131362915039,6920900
2020-07-10,42.5303955078125,5180700
2020-07-13,42.19743728637695,4305500
2020-07-14,43.12495422363281,4671100
2020-07-15,45.368404388427734,3941400
2020-07-16,44.853126525878906,2530900
2020-07-17,43.973182678222656,3093300
2020-07-20,43.0694580078125,2329200
2020-07-21,45.64585494995117,4050700
2020-07-22,45.24156951904297,2741100
2020-07-23,45.717193603515625,3576100
2020-07-24,45.96295166015625,2978400
2020-07-27,46.002586364746094,2678400
2020-07-28,45.09885787963867,3645500
2020-07-29,47.31852340698242,4510900
2020-07-30,44.654937744140625,6257300
2020-07-31,44.575660705566406,5120100
2020-08-03,43.49455261230469,5396500
2020-08-04,42.7765007019043,5702700
2020-08-05,41.646976470947266,5284500
2020-08-06,41.53402328491211,3924600
2020-08-07,42.486053466796875,3310200
2020-08-10,43.2041015625,5663300
2020-08-11,43.2847785949707,4711000
2020-08-12,44.47077178955078,3138300
2020-08-13,42.91365432739258,3411000
2020-08-14,43.93829345703125,3693700
2020-08-17,44.85803985595703,4335800
2020-08-18,44.16419982910156,2567300
2020-08-19,43.77692794799805,3031100
2020-08-20,42.51832580566406,3796100
2020-08-21,42.453773498535156,2936800
2020-08-24,44.36589050292969,3226400
2020-08-25,43.76885986328125,3380900
2020-08-26,43.32512283325195,4065200
2020-08-27,43.1153450012207,3453600
2020-08-28,44.285213470458984,3805600
2020-08-31,42.42957305908203,4486200
2020-09-01,42.332759857177734,3197800
2020-09-02,42.68775177001953,3959500
2020-09-03,42.21980667114258,3624200
2020-09-04,41.32426834106445,3700500
2020-09-08,39.315338134765625,4513400
2020-09-09,38.52466583251953,4490400
2020-09-10,36.81425476074219,4870800
2020-09-11,37.42741775512695,3969400
2020-09-14,38.331031799316406,5927700
2020-09-15,37.5645751953125,3568400
2020-09-16,39.61384201049805,6197100
2020-09-17,39.53316116333008,6633400
2020-09-18,39.299190521240234,8200400
2020-09-21,38.21001052856445,6162500
2020-09-22,38.25841522216797,4799600
2020-09-23,35.910621643066406,4627500
2020-09-24,35.96711349487305,3818100
2020-09-25,35.43461990356445,4687200
2020-09-28,36.160743713378906,3247900
2020-09-29,35.023162841796875,4385200
2020-09-30,34.9505500793457,4757000
2020-10-01,32.49787521362305,10606700
2020-10-02,32.86092758178711,6992100
2020-10-05,34.74884796142578,5107900
2020-10-06,34.151817321777344,4450100
2020-10-07,34.167945861816406,4239500
2020-10-08,35.789608001708984,3251400
2020-10-09,35.208709716796875,5617900
2020-10-12,34.764984130859375,3733300
2020-10-13,33.425689697265625,3890900
2020-10-14,33.65159606933594,3692900
2020-10-15,33.53057861328125,5678300
2020-10-16,32.449462890625,5518900
2020-10-19,31.69914436340332,5086800
2020-10-20,32.836727142333984,4120600
2020-10-21,32.70764923095703,5592100
2020-10-22,33.30467224121094,6561200
2020-10-23,33.861366271972656,6217000
2020-10-26,31.900846481323242,4902000
2020-10-27,30.868127822875977,4886800
2020-10-28,29.198060989379883,6338200
2020-10-29,30.279176712036133,5068700
2020-10-30,31.15052604675293,6549500
2020-11-02,32.1912841796875,4660100
2020-11-03,31.852434158325195,4003300
2020-11-04,31.440969467163086,4643600
2020-11-05,31.892770767211914,4695000
2020-11-06,30.795513153076172,4378700
2020-11-09,40.404510498046875,19211600
2020-11-10,40.30768585205078,8816600
2020-11-11,40.170536041259766,6325300
2020-11-12,38.145469665527344,5754500
2020-11-13,41.08222198486328,5714300
2020-11-16,44.914512634277344,9029300
2020-11-17,44.47103500366211,5972200
2020-11-18,42.08940124511719,5562700
2020-11-19,42.05653762817383,4768400
2020-11-20,41.736244201660156,3000800
2020-11-23,46.064273834228516,7368900
2020-11-24,48.0352783203125,8712000
2020-11-25,46.343502044677734,4372400
2020-11-27,46.49953842163086,1755000
2020-11-30,44.158958435058594,5482200
2020-12-01,44.676353454589844,4155600
2020-12-02,47.69035339355469,5276000
2020-12-03,47.558956146240234,4011100
2020-12-04,50.31837844848633,5207100
2020-12-07,48.831905364990234,4660000
2020-12-08,48.43770217895508,4539900
2020-12-09,48.289878845214844,4383200
2020-12-10,49.16862869262695,3878200
2020-12-11,48.478759765625,3768700
2020-12-14,46.3106575012207,4008400
2020-12-15,47.20581817626953,3524100
2020-12-16,46.74591064453125,5016200
2020-12-17,46.26959228515625,4719500
2020-12-18,44.980220794677734,10658500
2020-12-21,44.388916015625,5343900
2020-12-22,44.10147476196289,4594200
2020-12-23,45.817893981933594,3282800
2020-12-24,45.72756576538086,1352000
2020-12-28,45.24301528930664,2450600
2020-12-29,45.538673400878906,2470800
2020-12-30,46.5816764831543,2732100
2020-12-31,46.4584846496582,2537700
2021-01-04,45.76862335205078,3028300
2021-01-05,47.07442092895508,3946300
2021-01-06,48.12562561035156,5597300
2021-01-07,49.00436782836914,3040400
2021-01-08,47.394718170166016,3913500
2021-01-11,48.15846633911133,2885300
2021-01-12,48.87297439575195,3634800
2021-01-13,47.38649368286133,4434000
2021-01-14,49.49712371826172,4459500
2021-01-15,47.87923812866211,3710600
2021-01-19,49.71886444091797,3941400
2021-01-20,49.74350357055664,3222800
2021-01-21,48.33915328979492,3083000
2021-01-22,48.82369613647461,3000100
2021-01-25,48.79084396362305,3093800
2021-01-26,47.75606155395508,3150300
2021-01-27,48.232391357421875,4744800
2021-01-28,47.90389633178711,4363000
2021-01-29,46.343502044677734,5512600
2021-02-01,46.187469482421875,4159400
2021-02-02,47.44398498535156,3919200
2021-02-03,49.35751724243164,5257300
2021-02-04,50.14591979980469,3643600
2021-02-05,50.68794631958008,3127500
2021-02-08,53.20920944213867,4217700
2021-02-09,53.04494857788086,3864900
2021-02-10,54.295814514160156,3574100
2021-02-11,53.82883071899414,2505400
2021-02-12,53.987266540527344,2578100
2021-02-16,55.83855056762695,4645500
2021-02-17,56.805885314941406,3352600
2021-02-18,56.56404495239258,3096500
2021-02-19,59.64950180053711,5783400
2021-02-22,61.917755126953125,4771800
2021-02-23,63.21864318847656,4794700
2021-02-24,65.17832946777344,4578400
2021-02-25,65.17000579833984,6460800
2021-02-26,64.1943359375,5344400
2021-03-01,64.87812805175781,2974200
2021-03-02,63.90245819091797,3458500
2021-03-03,64.65296936035156,4145800
2021-03-04,63.68562316894531,6359300
2021-03-05,65.90382385253906,4664400
2021-03-08,67.17972564697266,4834600
2021-03-09,63.86075973510742,5459600
2021-03-10,67.85515594482422,4069300
2021-03-11,68.78081512451172,4254300
2021-03-12,68.73078918457031,2492000
2021-03-15,68.23878479003906,2961000
2021-03-16,66.14566040039062,3793200
2021-03-17,65.99557495117188,3556900
2021-03-18,61.45908737182617,6233000
2021-03-19,61.45908737182617,11305400
2021-03-22,60.27495193481445,4149100
2021-03-23,58.44034194946289,4084700
2021-03-24,59.85797882080078,2895500
2021-03-25,60.391700744628906,3263000
2021-03-26,60.96708679199219,2730800
2021-03-29,59.924705505371094,2406200
2021-03-30,59.85797882080078,2364700
2021-03-31,59.707881927490234,3014500
2021-04-01,62.79336166381836,3792700
2021-04-05,62.226287841796875,3820200
2021-04-06,61.8593635559082,3626100
2021-04-07,62.05116271972656,2774000
2021-04-08,60.7752799987793,4285400
2021-04-09,59.28258514404297,3503600
2021-04-12,58.623809814453125,3111800
2021-04-13,58.607120513916016,3951900
2021-04-14,60.27495193481445,3461300
2021-04-15,59.53276062011719,2820300
2021-04-16,60.45840835571289,5629600
2021-04-19,59.08243942260742,3653900
2021-04-20,57.27287292480469,4263100
2021-04-21,58.623809814453125,2644600
2021-04-22,57.10608673095703,4375000
2021-04-23,58.523738861083984,3065700
2021-04-26,58.807254791259766,2142700
2021-04-27,59.891353607177734,2457900
2021-04-28,61.809329986572266,3892000
2021-04-29,62.42644119262695,3792000
2021-04-30,61.6759033203125,3160600
2021-05-03,65.17000579833984,4577900
2021-05-04,65.17832946777344,3802600
2021-05-05,66.76276397705078,4558000
2021-05-06,67.0963134765625,2787500
2021-05-07,67.12133026123047,3186800
2021-05-10,66.41251373291016,4286200
2021-05-11,64.78639221191406,3421300
2021-05-12,66.68769836425781,5653600
2021-05-13,65.46185302734375,3693400
2021-05-14,68.57789611816406,5325600
2021-05-17,68.92410278320312,3612400
2021-05-18,67.20142364501953,3046300
2021-05-19,65.25918579101562,4503600
2021-05-20,65.01429748535156,3308400
2021-05-21,65.1916275024414,2826200
2021-05-24,66.12899017333984,2217000
2021-05-25,65.30140686035156,3340200
2021-05-26,66.78762817382812,3333500
2021-05-27,68.22321319580078,4947700
2021-05-28,67.89387512207031,2321900
2021-06-01,69.39697265625,3153600
2021-06-02,71.26323699951172,3441300
2021-06-03,70.35968017578125,3027300
2021-06-04,70.29212188720703,2980000
2021-06-07,69.82766723632812,2597400
2021-06-08,70.30899810791016,3197700
2021-06-09,69.18588256835938,3366300
2021-06-10,69.19435119628906,2903800
2021-06-11,68.64546203613281,2194200
2021-06-14,69.2027816772461,3042300
2021-06-15,69.49833679199219,2819300
2021-06-16,68.78897857666016,3326500
2021-06-17,66.35697937011719,3981300
2021-06-18,64.19518280029297,7077700
2021-06-21,67.53921508789062,3682300
2021-06-22,68.38367462158203,4484200
2021-06-23,68.27388000488281,4793200
2021-06-24,69.01698303222656,4225300
2021-06-25,69.32099914550781,9568400
2021-06-28,65.63076782226562,6461800
2021-06-29,64.95518493652344,5199300
2021-06-30,65.93474578857422,4259800
2021-07-01,65.70674896240234,4679200
2021-07-02,65.9262924194336,2980400
2021-07-06,63.080501556396484,5822200
2021-07-07,61.062278747558594,8220500
2021-07-08,59.331138610839844,5815300
2021-07-09,61.053829193115234,3532400
2021-07-12,60.53025817871094,2728300
2021-07-13,59.508480072021484,3394300
2021-07-14,57.144004821777344,5213700
2021-07-15,56.40933609008789,4787800
2021-07-16,54.78799057006836,4696600
2021-07-19,52.288414001464844,7318700
2021-07-20,52.837310791015625,5525400
2021-07-21,54.813331604003906,5129700
2021-07-22,53.60576629638672,3307900
2021-07-23,53.79998779296875,3964700
2021-07-26,55.345340728759766,3799900
2021-07-27,55.379119873046875,4769100
2021-07-28,56.83156967163086,4606200
2021-07-29,57.11867904663086,4526800
2021-07-30,56.55289840698242,3587900
2021-08-02,56.071563720703125,4398400
2021-08-03,58.27558135986328,4367200
2021-08-04,54.97760772705078,6121200
2021-08-05,56.28823471069336,3312000
2021-08-06,56.964962005615234,2851000
2021-08-09,56.53664779663086,2736300
2021-08-10,57.3076057434082,3721100
2021-08-11,57.25619888305664,4869400
2021-08-12,57.607418060302734,1903300
2021-08-13,56.75080108642578,1944000
2021-08-16,55.285980224609375,2993300
2021-08-17,54.403682708740234,3256700
2021-08-18,53.31577682495117,3082600
2021-08-19,51.6025505065918,5267900
2021-08-20,51.56827163696289,4871000
2021-08-23,54.06103515625,4826300
2021-08-24,55.877071380615234,3833700
2021-08-25,56.827903747558594,3064500
2021-08-26,56.074073791503906,2726000
2021-08-27,57.487491607666016,3200300
2021-08-30,56.55377960205078,2653300
2021-08-31,56.802188873291016,6113200
2021-09-01,54.78057861328125,5186900
2021-09-02,55.85135269165039,3503400
2021-09-03,55.42304229736328,2091900
2021-09-07,56.12546920776367,3021900
2021-09-08,54.566436767578125,3396800
2021-09-09,54.429378509521484,2827900
2021-09-10,54.3180046081543,3212100
2021-09-13,56.690834045410156,4432800
2021-09-14,55.42304229736328,2956300
2021-09-15,56.97352600097656,4032000
2021-09-16,56.074073791503906,2307900
2021-09-17,56.19399642944336,4780400
2021-09-20,53.941097259521484,3801900
2021-09-21,54.24092102050781,3019400
2021-09-22,55.95415115356445,4729300
2021-09-23,57.53888702392578,3373800
2021-09-24,57.93292999267578,2297900
2021-09-27,60.63125991821289,5049600
2021-09-28,60.96534729003906,4656700
2021-09-29,60.228660583496094,2821000
2021-09-30,60.45139694213867,4083300
2021-10-01,63.06406784057617,5098800
2021-10-04,64.26331329345703,4074500
2021-10-05,63.64655685424805,4785300
2021-10-06,64.56314849853516,4529400
2021-10-07,65.01714324951172,3904400
2021-10-08,67.33000946044922,3476800
2021-10-11,66.64472198486328,4028900
2021-10-12,67.60411834716797,2567900
2021-10-13,66.93596649169922,3072800
2021-10-14,67.81826782226562,2532900
2021-10-15,67.38142395019531,2568300
2021-10-18,66.92741394042969,3525200
2021-10-19,68.65776824951172,3560500
2021-10-20,69.420166015625,3897400
2021-10-21,70.24252319335938,4558500
2021-10-22,69.37732696533203,3923700
2021-10-25,70.83356475830078,2730600
2021-10-26,70.13971710205078,2363100
2021-10-27,67.38998413085938,3180200
2021-10-28,67.21009826660156,3366000
2021-10-29,66.24210357666016,4784000
2021-11-01,66.83316040039062,3375300
2021-11-02,64.98289489746094,3913100
2021-11-03,65.0000228881836,4436200
2021-11-04,65.4026107788086,3475100
2021-11-05,66.74750518798828,3492600
2021-11-08,66.6275863647461,2701900
2021-11-09,67.03018951416016,3519900
2021-11-10,65.83950805664062,3523600
2021-11-11,66.14788818359375,2710300
2021-11-12,65.59963989257812,2846900
2021-11-15,66.25922393798828,4343100
2021-11-16,66.7646484375,4544200
2021-11-17,63.71963119506836,4190400
2021-11-18,63.294551849365234,3983600
2021-11-19,59.91987991333008,5475600
2021-11-22,61.290565490722656,3631700
2021-11-23,62.93886184692383,3416800
2021-11-24,63.28588104248047,3637000
2021-11-26,59.00031280517578,5674400
2021-11-29,59.139102935791016,3889600
2021-11-30,58.07205581665039,9927700
2021-12-01,58.39303970336914,5872500
2021-12-02,61.741676330566406,5242800
2021-12-03,60.475093841552734,4134200
2021-12-06,61.08237075805664,2575700
2021-12-07,62.1407356262207,3383900
2021-12-08,61.35128402709961,2674300
2021-12-09,60.99560546875,3247000
2021-12-10,61.46406936645508,2194200
2021-12-13,59.1824951171875,2859700
2021-12-14,59.15645980834961,2694000
2021-12-15,59.19983673095703,3136400
2021-12-16,59.642269134521484,3030700
2021-12-17,59.59022903442383,5212100
2021-12-20,59.59022903442383,4400800
2021-12-21,61.8718147277832,4585000
2021-12-22,61.854461669921875,1856900
2021-12-23,62.22749328613281,3644200
2021-12-27,63.442012786865234,2217800
2021-12-28,64.63053131103516,2784800
2021-12-29,64.76065826416016,2777800
2021-12-30,64.43968200683594,2202000
2021-12-31,65.15973663330078,2478100
2022-01-03,66.92079162597656,3568200
2022-01-04,68.10929107666016,4171700
2022-01-05,67.84037017822266,3999800
2022-01-06,69.54071044921875,4248200
2022-01-07,70.2694320678711,3723200
2022-01-10,70.29546356201172,3975900
2022-01-11,72.74188995361328,4174000
2022-01-12,73.1929931640625,3192500
2022-01-13,72.3167953491211,3033100
2022-01-14,73.91303253173828,3121300
2022-01-18,74.29473114013672,3513200
2022-01-19,73.05418395996094,2786800
2022-01-20,70.62511444091797,3868800
2022-01-21,68.78597259521484,5994900
2022-01-24,68.17869567871094,5075700
2022-01-25,70.40824890136719,4948100
2022-01-26,70.52972412109375,4132200
2022-01-27,71.11962127685547,5821200
2022-01-28,70.62511444091797,4647900
2022-01-31,71.97844696044922,4649400
2022-02-01,75.08419799804688,6046800
2022-02-02,75.99675750732422,4797100
2022-02-03,74.66302490234375,3121900
2022-02-04,76.07573699951172,3717500
2022-02-07,78.64669799804688,5173800
2022-02-08,77.64636993408203,3128500
2022-02-09,77.9534912109375,2464600
2022-02-10,78.87480926513672,5166500
2022-02-11,80.72628021240234,6433600
2022-02-14,78.72565460205078,4349100
2022-02-15,77.68148040771484,3627000
2022-02-16,77.25152587890625,4920000
2022-02-17,76.37406158447266,3024400
2022-02-18,76.09326934814453,2655500
2022-02-22,75.32111358642578,3638800
2022-02-23,75.76860809326172,3544200
2022-02-24,73.5661849975586,5802200
2022-02-25,74.469970703125,3275400
2022-02-28,73.2766342163086,6226900
2022-03-01,70.74954223632812,5799200
2022-03-02,73.37316131591797,4917700
2022-03-03,73.87330627441406,3359000
2022-03-04,75.44396209716797,5877000
2022-03-07,73.7153549194336,5611700
2022-03-08,79.44518280029297,10814300
2022-03-09,76.46180725097656,7787100
2022-03-10,78.60282135009766,4537400
2022-03-11,80.43669128417969,6776800
2022-03-14,79.45394134521484,4747000
2022-03-15,74.06634521484375,6187600
2022-03-16,74.53140258789062,3399900
2022-03-17,78.17284393310547,4175700
2022-03-18,79.34866333007812,7593200
2022-03-21,82.70931243896484,4735700
2022-03-22,82.12142944335938,3529700
2022-03-23,83.81491088867188,3968100
2022-03-24,84.62218475341797,3398800
2022-03-25,85.33293151855469,3210700
2022-03-28,84.56074523925781,3087500
2022-03-29,84.832763671875,2898500
2022-03-30,88.1846694946289,4192600
2022-03-31,89.09722137451172,5261500
2022-04-01,88.86029052734375,3301800
2022-04-04,88.39525604248047,2668100
2022-04-05,89.02703094482422,3818700
2022-04-06,90.64155578613281,3994300
2022-04-07,90.66787719726562,3700000
2022-04-08,90.57135772705078,3291200
2022-04-11,88.53563690185547,3705900
2022-04-12,88.43913269042969,4189900
2022-04-13,91.203125,3899900
2022-04-14,92.01038360595703,3794100
2022-04-18,96.82764434814453,4813300
2022-04-19,94.5374755859375,5141800
2022-04-20,94.8270263671875,3289700
2022-04-21,92.05426025390625,3977500
2022-04-22,90.42220306396484,3767700
2022-04-25,88.5180892944336,6651200
2022-04-26,92.2560806274414,6731800
2022-04-27,96.090576171875,5539700
2022-04-28,101.37288665771484,6427700
2022-04-29,97.81916809082031,5963400
2022-05-02,102.31175994873047,6708000
2022-05-03,106.52355194091797,5823700
2022-05-04,112.5165786743164,8342100
2022-05-05,110.41071319580078,5801000
2022-05-06,113.35020446777344,4400100
2022-05-09,103.93505859375,8179500
2022-05-10,106.1462631225586,7048800
2022-05-11,106.52664947509766,5003800
2022-05-12,106.51780700683594,3800100
2022-05-13,110.3128433227539,3800700
2022-05-16,113.03749084472656,4599100
2022-05-17,113.28518676757812,5185000
2022-05-18,110.29515075683594,5436900
2022-05-19,109.92361450195312,5401700
2022-05-20,108.79127502441406,5095700
2022-05-23,109.65821075439453,5266200
2022-05-24,109.87937927246094,3677600
2022-05-25,112.64824676513672,5677200
2022-05-26,113.3382797241211,4887400
2022-05-27,116.60253143310547,4518900
2022-05-31,114.64752197265625,6325300
2022-06-01,117.25715637207031,3974000
2022-06-02,118.2037124633789,4476100
2022-06-03,119.7960433959961,4860400
2022-06-06,122.68875122070312,4451200
2022-06-07,128.34156799316406,5637700
2022-06-08,127.18266296386719,5828200
2022-06-09,126.86418914794922,4330800
2022-06-10,124.29876708984375,4770800
2022-06-13,116.42559051513672,6435900
2022-06-14,118.31869506835938,5183500
2022-06-15,113.49749755859375,8490700
2022-06-16,105.04045867919922,10800600
2022-06-17,99.46733856201172,15530900
2022-06-21,103.03236389160156,8833500
2022-06-22,100.07770538330078,8293700
2022-06-23,92.46993255615234,10350200
2022-06-24,91.93917083740234,15070000
2022-06-27,99.29041290283203,8892300
2022-06-28,102.83776092529297,8607800
2022-06-29,96.29151153564453,5579200
2022-06-30,94.01802825927734,6085100
2022-07-01,95.52191162109375,4355400
2022-07-05,91.63838195800781,5314100
2022-07-06,89.97528076171875,5496200
2022-07-07,94.07111358642578,4351400
2022-07-08,94.6814956665039,3675200
2022-07-11,95.35382843017578,2940100
2022-07-12,92.76187133789062,3152500
2022-07-13,90.57682800292969,3118800
2022-07-14,89.15259552001953,5118100
2022-07-15,92.52301788330078,2791900
2022-07-18,94.04457092285156,3145000
2022-07-19,96.19422149658203,2933300
2022-07-20,96.67191314697266,2720600
2022-07-21,92.1337890625,4933800
2022-07-22,92.01878356933594,3855300
2022-07-25,96.70730590820312,3740200
2022-07-26,95.21226501464844,2853100
2022-07-27,98.63578033447266,4220500
2022-07-28,96.87538146972656,6920500
2022-07-29,97.99000549316406,6066700
2022-08-01,97.88385009765625,3960500
2022-08-02,99.95387268066406,4282400
2022-08-03,96.20594024658203,5096200
2022-08-04,93.10050201416016,5451800
2022-08-05,93.68946075439453,3680500
2022-08-08,94.93878936767578,2959600
2022-08-09,98.75809478759766,3535800
2022-08-10,99.73077392578125,4384600
2022-08-11,101.80998229980469,3752300
2022-08-12,102.79159545898438,2413100
2022-08-15,99.90032196044922,3822600
2022-08-16,101.11395263671875,3353100
2022-08-17,105.07604217529297,4093900
2022-08-18,106.00410461425781,4531900
2022-08-19,105.7899398803711,2667500
2022-08-22,106.30750274658203,2774200
2022-08-23,108.96676635742188,3179400
2022-08-24,108.9756851196289,3423800
2022-08-25,110.08222198486328,4014700
2022-08-26,108.76152038574219,3077100
2022-08-29,110.1357650756836,3336000
2022-08-30,105.32592010498047,4032700
2022-08-31,104.51385498046875,4688000
2022-09-01,98.73133087158203,4500700
2022-09-02,101.56906127929688,3772200
2022-09-06,100.64097595214844,2637600
2022-09-07,100.49821472167969,3052800
2022-09-08,99.88247680664062,2714200
2022-09-09,101.12287139892578,2594400
2022-09-12,101.95277404785156,2516400
2022-09-13,99.3470687866211,2936900
2022-09-14,97.79434204101562,5043600
2022-09-15,93.84117889404297,6351600
2022-09-16,93.21650695800781,10339900
2022-09-19,93.4039077758789,3491600
2022-09-20,95.85790252685547,4195800
2022-09-21,94.17134094238281,4301300
2022-09-22,96.0096206665039,3026800
2022-09-23,89.74519348144531,5809100
2022-09-26,87.35367584228516,4691700
2022-09-27,90.28062438964844,3256400
2022-09-28,97.08937072753906,4073900
2022-09-29,95.69727325439453,3152900
2022-09-30,95.3492660522461,3718500
2022-10-03,100.22156524658203,3970400
2022-10-04,104.92436218261719,4324800
2022-10-05,105.37944793701172,4207200
2022-10-06,106.38780975341797,2858000
2022-10-07,101.5333480834961,4557800
2022-10-10,98.92765045166016,3494700
2022-10-11,97.88358306884766,2874900
2022-10-12,102.80052185058594,4252300
2022-10-13,107.85131072998047,4495600
2022-10-14,101.83676147460938,3737800
2022-10-17,103.06822204589844,3712400
2022-10-18,105.03144073486328,4929400
2022-10-19,110.61763000488281,4692900
2022-10-20,111.04598236083984,4177600
2022-10-21,113.99080657958984,3401900
2022-10-24,115.31147766113281,4596000
2022-10-25,113.1519775390625,4396400
2022-10-26,113.0984115600586,3306600
2022-10-27,114.46375274658203,3488600
2022-10-28,112.42021179199219,3505100
2022-10-31,112.03650665283203,4265100
2022-11-01,116.00753021240234,3974000
2022-11-02,112.28636932373047,4053600
2022-11-03,115.74874877929688,3218900
2022-11-04,114.86530303955078,3204000
2022-11-07,117.59593963623047,3767900
2022-11-08,118.01536560058594,3736900
2022-11-09,114.2228012084961,4125900
2022-11-10,118.19381713867188,2916300
2022-11-11,119.54130554199219,4438000
2022-11-14,122.07560729980469,4593700
2022-11-15,125.56474304199219,4765800
2022-11-16,121.79052734375,4649700
2022-11-17,123.92927551269531,2897600
2022-11-18,123.66867065429688,3388300
2022-11-21,122.17695617675781,3927500
2022-11-22,127.58667755126953,3134400
2022-11-23,125.09748077392578,2878200
2022-11-25,124.36959838867188,998200
2022-11-28,121.1705093383789,3393000
2022-11-29,121.49401092529297,4075800
2022-11-30,120.07416534423828,8274300
2022-12-01,118.64537048339844,4563400
2022-12-02,114.18817138671875,5488000
2022-12-05,108.69758605957031,5081200
2022-12-06,106.81047058105469,4494800
2022-12-07,108.00564575195312,4990400
2022-12-08,105.04917907714844,4984300
2022-12-09,103.02728271484375,4975100
2022-12-12,108.42800903320312,5807300
2022-12-13,108.3111801147461,3828800
2022-12-14,107.59228515625,3607800
2022-12-15,107.76302337646484,3233600
2022-12-16,107.26879119873047,6945900
2022-12-19,107.57431030273438,3260800
2022-12-20,109.52432250976562,3156200
2022-12-21,110.24321746826172,3040100
2022-12-22,107.49343872070312,3035800
2022-12-23,111.76190948486328,3270300
2022-12-27,113.5950927734375,3484400
2022-12-28,112.64253997802734,3856300
2022-12-29,113.51422119140625,2456800
2022-12-30,113.99947357177734,2043500
2023-01-03,107.87086486816406,3671600
2023-01-04,107.49343872070312,3283700
2023-01-05,113.7568359375,4974600
2023-01-06,114.62849426269531,4818800
2023-01-09,115.54511260986328,4438500
2023-01-10,118.62737274169922,3518100
2023-01-11,120.05621337890625,4172500
2023-01-12,121.60182189941406,3269400
2023-01-13,122.3297348022461,2604000
2023-01-17,123.65968322753906,2781100
2023-01-18,121.78158569335938,3564400
2023-01-19,124.43250274658203,3224800
2023-01-20,128.26060485839844,3709800
2023-01-23,128.57516479492188,3908300
2023-01-24,130.32745361328125,3142400
2023-01-25,128.81777954101562,2955900
2023-01-26,134.7576904296875,4708100
2023-01-27,128.69198608398438,3638500
2023-01-30,125.97811126708984,2991300
2023-01-31,125.83436584472656,5427300
2023-02-01,122.41959381103516,4159200
2023-02-02,119.56195831298828,4171100
2023-02-03,118.37577056884766,3027300
2023-02-06,115.10477447509766,4401800
2023-02-07,120.8829345703125,3591400
2023-02-08,120.52346801757812,4991100
2023-02-09,119.17554473876953,3822400
2023-02-10,126.46336364746094,4815400
2023-02-13,126.54484558105469,3072300
2023-02-14,126.44525146484375,3030100
2023-02-15,123.44005584716797,3976900
2023-02-16,121.26762390136719,2589800
2023-02-17,117.3210220336914,3380200
2023-02-21,119.66543579101562,3343400
2023-02-22,118.29861450195312,3245400
2023-02-23,119.87362670898438,2620300
2023-02-24,120.16329193115234,3012900
2023-02-27,122.24522399902344,2901900
2023-02-28,119.239990234375,5428000
2023-03-01,126.08321380615234,5042000
2023-03-02,126.02889251708984,3473400
2023-03-03,127.78495788574219,3703700
2023-03-06,126.44525146484375,3413900
2023-03-07,123.97410583496094,3577600
2023-03-08,120.181396484375,5029800
2023-03-09,119.73785400390625,4912700
2023-03-10,119.62925720214844,3856000
2023-03-13,115.9632339477539,5199200
2023-03-14,119.14043426513672,4717300
2023-03-15,112.54164123535156,8770700
2023-03-16,115.11234283447266,7040500
2023-03-17,114.38821411132812,13800900
2023-03-20,116.68739318847656,5343700
2023-03-21,119.65641021728516,6393200
2023-03-22,119.27622985839844,3910000
2023-03-23,118.01801300048828,3793700
2023-03-24,117.00421905517578,4362200
2023-03-27,119.37580871582031,4003900
2023-03-28,123.12326049804688,4099700
2023-03-29,123.96507263183594,4453900
2023-03-30,124.02845764160156,3254700
2023-03-31,126.36384582519531,3330600
2023-04-03,125.395263671875,6276100
2023-04-04,115.34772491455078,8945000
2023-04-05,122.28144073486328,8034200
2023-04-06,120.01847076416016,3170500
2023-04-10,122.29048919677734,2369600
2023-04-11,123.74783325195312,2476300
2023-04-12,121.04132843017578,2968700
2023-04-13,120.50727844238281,3223100
2023-04-14,119.3576889038086,2463400
2023-04-17,116.1352310180664,3525900
2023-04-18,115.05805206298828,3828000
2023-04-19,112.60501861572266,4409200
2023-04-20,111.29249572753906,3966600
2023-04-21,108.28727722167969,6644600
2023-04-24,108.6221923828125,5268600
2023-04-25,106.67605590820312,4058300
2023-04-26,105.58078002929688,5711800
2023-04-27,103.7703857421875,7742700
2023-04-28,103.79756164550781,4042800
2023-05-01,104.46739196777344,3054200
2023-05-02,100.2763900756836,4598300
2023-05-03,96.90910339355469,4871900
2023-05-04,94.41983795166016,5083900
2023-05-05,96.8909912109375,3872100
2023-05-08,97.1987533569336,3180000
2023-05-09,98.1220474243164,4146000
2023-05-10,100.4845962524414,6454000
2023-05-11,100.16778564453125,4411300
2023-05-12,100.04104614257812,3526800
2023-05-15,102.2044448852539,4612000
2023-05-16,99.24446868896484,4951700
2023-05-17,101.47123718261719,4231400
2023-05-18,100.973388671875,4692300
2023-05-19,100.71992492675781,3708300
2023-05-22,103.04035949707031,3819400
2023-05-23,102.77544403076172,5606700
2023-05-24,104.86750030517578,4179200
2023-05-25,103.39665222167969,4426900
2023-05-26,103.98133850097656,3087300
2023-05-30,102.008056640625,3515200
2023-05-31,97.78739166259766,11087000
2023-06-01,96.77336120605469,5241700
2023-06-02,99.82463836669922,4709600
2023-06-05,98.1071548461914,3946100
2023-06-06,99.82463836669922,3894900
2023-06-07,103.70726776123047,5141100
2023-06-08,102.72063446044922,5157500
2023-06-09,103.58851623535156,3143700
2023-06-12,103.30530548095703,4113800
2023-06-13,103.30530548095703,3710000
2023-06-14,102.1633529663086,3399700
2023-06-15,104.1731948852539,3873700
2023-06-16,104.3376235961914,9938800
2023-06-20,101.36856079101562,4056800
2023-06-21,101.97151184082031,3776000
2023-06-22,100.84783172607422,3121700
2023-06-23,101.67918395996094,5722500
2023-06-26,103.22308349609375,3152500
2023-06-27,105.37908172607422,3740500
2023-06-28,105.689697265625,2506100
2023-06-29,106.53015899658203,2272800
2023-06-30,107.1605224609375,2975600
2023-07-03,107.279296875,1466100
2023-07-05,106.65807342529297,2753100
2023-07-06,103.65245819091797,4177600
2023-07-07,104.94971466064453,4587900
2023-07-10,102.87593078613281,4199300
2023-07-11,105.9272232055664,3682900
2023-07-12,105.09587860107422,3032800
2023-07-13,105.52526092529297,2966100
2023-07-14,103.67071533203125,2335300
2023-07-17,103.88085174560547,2968600
2023-07-18,105.44303894042969,2858500
2023-07-19,107.81829071044922,2797300
2023-07-20,110.2940444946289,3947000
2023-07-21,112.35867309570312,3556400
2023-07-24,114.84355926513672,4398100
2023-07-25,113.77468872070312,3398200
2023-07-26,115.27294158935547,3849500
2023-07-27,114.6242904663086,4422400
2023-07-28,117.9131088256836,2958600
2023-07-31,117.7669448852539,4358800
2023-08-01,117.63904571533203,3344700
2023-08-02,116.31302642822266,4188700
2023-08-03,115.65921020507812,3445500
2023-08-04,116.84712219238281,2664700
2023-08-07,119.05715942382812,3045800
2023-08-08,120.94490814208984,4119000
2023-08-09,123.34834289550781,3898000
2023-08-10,124.18633270263672,3738700
2023-08-11,128.0539093017578,3420600
2023-08-14,125.69652557373047,3410300
2023-08-15,120.7607421875,4969600
2023-08-16,120.57659149169922,3502600
2023-08-17,121.57110595703125,3311100
2023-08-18,123.00762939453125,3012100
2023-08-21,120.7791748046875,3734000
2023-08-22,120.5305404663086,2562600
2023-08-23,119.13082122802734,4025800
2023-08-24,119.2137222290039,2764700
2023-08-25,122.58402252197266,5167200
2023-08-28,121.18433380126953,2680100
2023-08-29,120.99097442626953,3041800
2023-08-30,121.04621124267578,3167900
2023-08-31,119.61888122558594,4154100
2023-09-01,123.00762939453125,2999600
2023-09-05,122.58402252197266,2997600
2023-09-06,123.4220199584961,3163400
2023-09-07,125.46630859375,3691500
2023-09-08,130.8164520263672,5146900
2023-09-11,132.36349487304688,5554700
2023-09-12,134.6840362548828,4273900
2023-09-13,133.96578979492188,3184900
2023-09-14,134.3986053466797,3737600
2023-09-15,132.30824279785156,8068000
2023-09-18,134.7024688720703,4418400
2023-09-19,131.36900329589844,4568700
2023-09-20,131.6544647216797,3719700
2023-09-21,134.72091674804688,6812000
2023-09-22,133.7724151611328,4114700
2023-09-25,134.94189453125,3241900
2023-09-26,130.3744354248047,4936800
2023-09-27,132.556884765625,3644000
2023-09-28,135.53123474121094,3587300
2023-09-29,130.49415588378906,4302200
2023-10-02,127.16065979003906,4109700
2023-10-03,123.00762939453125,5762100
2023-10-04,118.48622131347656,4097000
2023-10-05,117.39041900634766,3399500
2023-10-06,116.5156021118164,2829400
2023-10-09,116.9023666381836,3798900
2023-10-10,119.90435791015625,3998900
2023-10-11,119.34264373779297,3012300
2023-10-12,116.2393569946289,3961700
2023-10-13,116.07361602783203,3825100
2023-10-16,118.97428894042969,2852000
2023-10-17,120.3740005493164,2277900
2023-10-18,123.4220199584961,3780400
2023-10-19,121.93943786621094,2998600
2023-10-20,120.79756927490234,3075900
2023-10-23,120.3831787109375,2749000
2023-10-24,118.60594177246094,2913400
2023-10-25,116.81949615478516,3056200
2023-10-26,115.4382095336914,3992500
2023-10-27,113.78067016601562,3674500
2023-10-30,114.40685272216797,2925400
2023-10-31,116.94841003417969,3914800
2023-11-01,117.62064361572266,3741700
2023-11-02,118.75328826904297,3569500
2023-11-03,116.42351531982422,3297600
2023-11-06,115.86181640625,2073100
2023-11-07,113.31104278564453,2641500
2023-11-08,111.95738220214844,3278200
2023-11-09,110.42875671386719,2553300
2023-11-10,112.96111297607422,2965800
2023-11-13,114.43447875976562,2831700
2023-11-14,116.10123443603516,2847500
2023-11-15,116.67215728759766,3239000
2023-11-16,113.18163299560547,3365800
2023-11-17,115.21467590332031,3131200
2023-11-20,115.7902603149414,2324600
2023-11-21,114.342041015625,2369700
2023-11-22,116.37508392333984,2631200
2023-11-24,116.0037612915039,1204900
2023-11-27,116.60717010498047,2455000
2023-11-28,116.26367950439453,2045500
2023-11-29,115.18682861328125,3180500
2023-11-30,116.37508392333984,4460700
2023-12-01,117.32196807861328,2516500
2023-12-04,117.39623260498047,2960000
2023-12-05,116.64430236816406,3128600
2023-12-06,113.93359375,3454000
2023-12-07,113.3208999633789,3277700
2023-12-08,113.94287109375,2176100
2023-12-11,114.62983703613281,3293300
2023-12-12,112.2347640991211,4041600
2023-12-13,115.85523223876953,4238400
2023-12-14,119.9212875366211,4415300
2023-12-15,119.35501861572266,9641800
2023-12-18,122.46491241455078,3621100
2023-12-19,124.0245132446289,3741200
2023-12-20,123.04047393798828,4492200
2023-12-21,122.46491241455078,2977100
2023-12-22,122.7248306274414,2279000
2023-12-26,123.64390563964844,1807100
2023-12-27,122.3720932006836,1358000
2023-12-28,120.76605987548828,1661200
2023-12-29,120.6825180053711,1964000
2024-01-02,121.29523468017578,2638200
2024-01-03,124.15447235107422,3078000
2024-01-04,120.97030639648438,2586500
2024-01-05,119.75420379638672,2958000
2024-01-08,120.00484466552734,2756500
2024-01-09,118.05536651611328,2273300
2024-01-10,115.8273696899414,2714400
2024-01-11,118.82586669921875,2388100
2024-01-12,122.07501983642578,3276300
2024-01-16,120.03270721435547,3519400
2024-01-17,117.25700378417969,2764600
2024-01-18,116.93208312988281,2565600
2024-01-19,118.97441864013672,2964700
2024-01-22,119.8656005859375,2903000
2024-01-23,119.85630798339844,2883200
2024-01-24,120.82177734375,3140800
2024-01-25,124.82286834716797,5293300
2024-01-26,128.0255889892578,5286000
2024-01-29,128.46192932128906,3464000
2024-01-30,131.72036743164062,4304100
2024-01-31,129.92442321777344,4273500
2024-02-01,129.3538360595703,4695200
2024-02-02,128.94224548339844,3639600
2024-02-05,131.33682250976562,3462400
2024-02-06,128.9235382080078,7278200
2024-02-07,132.0570831298828,3014900
2024-02-08,132.6370086669922,2673500
2024-02-09,133.81558227539062,3795000
2024-02-12,133.31982421875,2825000
2024-02-13,132.421875,2730300
2024-02-14,131.92613220214844,4085300
2024-02-15,132.81475830078125,2729900
2024-02-16,130.52304077148438,3002100
2024-02-20,126.30448913574219,4060500
2024-02-21,128.2874755859375,3130200
2024-02-22,130.74752807617188,3467800
2024-02-23,132.43121337890625,2520800
2024-02-26,135.71441650390625,3350600
2024-02-27,133.74075317382812,3047800
2024-02-28,130.21437072753906,3895200
2024-02-29,132.31898498535156,4222500
2024-03-01,134.0213623046875,2003800
2024-03-04,135.349609375,4296400
2024-03-05,134.9848175048828,2678100
2024-03-06,135.10641479492188,2885900
2024-03-07,139.3998260498047,3613700
2024-03-08,139.8675079345703,2085700
2024-03-11,140.81222534179688,2795400
2024-03-12,140.98995971679688,2976300
2024-03-13,148.37948608398438,4772100
2024-03-14,149.09033203125,3561400
2024-03-15,153.1218719482422,9134400
2024-03-18,155.5444793701172,4444500
2024-03-19,156.57339477539062,3957000
2024-03-20,158.61256408691406,3952600
2024-03-21,159.93141174316406,3685700
2024-03-22,158.67800903320312,3497500
2024-03-25,157.60232543945312,2767900
2024-03-26,156.44244384765625,3025300
2024-03-27,156.9662628173828,3098600
2024-03-28,159.66017150878906,3325900
2024-04-01,161.484130859375,2775400
2024-04-02,165.76820373535156,3152100
2024-04-03,168.71466064453125,4127500
2024-04-04,168.93914794921875,3212800
2024-04-05,171.5395050048828,2418900
2024-04-08,169.2010498046875,2539200
2024-04-09,164.8702392578125,3502100
2024-04-10,164.34640502929688,3472200
2024-04-11,165.599853515625,2414400
2024-04-12,162.3260040283203,2452400
2024-04-15,159.64146423339844,2413500
2024-04-16,158.07003784179688,2126300
2024-04-17,156.47052001953125,2469700
2024-04-18,151.99005126953125,3115000
2024-04-19,153.29959106445312,2437500
2024-04-22,155.17967224121094,2130000
2024-04-23,156.7136993408203,1969300
2024-04-24,156.20860290527344,2350800
2024-04-25,156.3302001953125,3299400
2024-04-26,155.08616638183594,2065200
2024-04-29,156.68563842773438,2081800
2024-04-30,149.53933715820312,4144100
2024-05-01,145.60137939453125,3979500
2024-05-02,147.1728515625,2416100
2024-05-03,146.7051239013672,2356700
2024-05-06,147.97726440429688,2128400
2024-05-07,146.54611206054688,2267900
2024-05-08,146.92027282714844,2776400
2024-05-09,148.6039581298828,1676900
2024-05-10,146.04103088378906,2036200
2024-05-13,145.8539276123047,1510400
2024-05-14,145.8539276123047,2436800
2024-05-15,147.5189208984375,2799100
2024-05-16,148.2578887939453,2597600
2024-05-17,155.329345703125,4098500
2024-05-20,153.19668579101562,3089100
2024-05-21,151.89649963378906,2206800
2024-05-22,151.53167724609375,2510000
2024-05-23,152.05551147460938,2251400
2024-05-24,151.92457580566406,1794500
2024-05-28,153.00025939941406,1912700
2024-05-29,145.62945556640625,3774100
2024-05-30,142.12574768066406,3969200
2024-05-31,148.0029296875,4902500
2024-06-03,144.98898315429688,2887600
2024-06-04,146.3452911376953,2997200
2024-06-05,145.0831756591797,1939200
2024-06-06,146.71261596679688,1981000
2024-06-07,145.4504852294922,1979600
2024-06-10,145.60121154785156,2285300
2024-06-11,144.66879272460938,2083400
2024-06-12,139.7522735595703,3793300
2024-06-13,141.10858154296875,2669100
2024-06-14,141.3440399169922,2641800
2024-06-17,142.3235321044922,1804000
2024-06-18,141.22157287597656,2552000
2024-06-20,143.60447692871094,3204000
2024-06-21,141.4758758544922,7128100
2024-06-24,141.96566772460938,2851300
2024-06-25,144.84771728515625,4849300
2024-06-26,144.64993286132812,3843100
2024-06-27,145.0831756591797,2540100
2024-06-28,147.64500427246094,3898900
2024-07-01,148.79408264160156,2205500
2024-07-02,148.77523803710938,2927900
2024-07-03,149.2838592529297,1479900
2024-07-05,143.8964385986328,2416400
2024-07-08,139.35670471191406,2493700
2024-07-09,137.7932586669922,3027100
2024-07-10,136.47463989257812,2640100
2024-07-11,138.11346435546875,2137000
2024-07-12,139.31903076171875,2311200
2024-07-15,140.10076904296875,2442100
2024-07-16,140.1761016845703,2483300
2024-07-17,141.32521057128906,4185200
2024-07-18,139.1871795654297,2327700
2024-07-19,139.7052001953125,1582400
2024-07-22,140.35507202148438,2435400
2024-07-23,138.330078125,1793700
2024-07-24,140.1667022705078,3770300
2024-07-25,147.87106323242188,4181800
2024-07-26,149.86778259277344,3151500
2024-07-29,148.2948760986328,2721300
2024-07-30,153.9742889404297,2954400
2024-07-31,152.31663513183594,2725100
2024-08-01,148.33445739746094,2412500
2024-08-02,140.853759765625,3457700
2024-08-05,139.9814910888672,2684900
2024-08-06,141.12872314453125,2457000
2024-08-07,140.5788116455078,2148900
2024-08-08,143.7455291748047,2042100
2024-08-09,143.2430419921875,1568100
2024-08-12,143.63177490234375,1610400
2024-08-13,139.8866729736328,2530900
2024-08-14,140.1521453857422,2672600
2024-08-15,141.55538940429688,1917700
2024-08-16,142.04840087890625,2005500
2024-08-19,140.53138732910156,2637900
2024-08-20,133.9324188232422,4084300
2024-08-21,136.40704345703125,2696200
2024-08-22,135.98985290527344,1176800
2024-08-23,138.3032989501953,1524000
2024-08-26,135.6675262451172,2752200
2024-08-27,133.6195526123047,2030300
2024-08-28,133.7333221435547,2139700
2024-08-29,134.4539031982422,2275000
2024-08-30,139.1186981201172,3359500
2024-09-03,134.03672790527344,3236300
2024-09-04,132.38699340820312,2558300
2024-09-05,128.49020385742188,3299700
2024-09-06,127.22917175292969,3462000
2024-09-09,127.20072937011719,2931000
2024-09-10,129.03060913085938,3028600
2024-09-11,126.00606536865234,4960900
2024-09-12,127.16278839111328,2507200
2024-09-13,127.29553985595703,2130200
2024-09-16,126.8119888305664,2244500
2024-09-17,128.75567626953125,2395000
2024-09-18,129.571044921875,2725500
2024-09-19,131.4957275390625,2538200
2024-09-20,127.48516845703125,7363200
2024-09-23,128.1678009033203,2817500
2024-09-24,125.93023681640625,3062700
2024-09-25,125.92072296142578,3008500
2024-09-26,129.5331268310547,6296800
2024-09-27,128.91685485839844,2935800
2024-09-30,128.0255889892578,2623400
2024-10-01,130.3390350341797,3227000
2024-10-02,128.64186096191406,3024700
2024-10-03,136.55874633789062,5224700
2024-10-04,135.0322723388672,2916400
2024-10-07,136.51133728027344,1983100
2024-10-08,129.26763916015625,4177700
2024-10-09,132.13101196289062,2372300
2024-10-10,135.30722045898438,2300900
2024-10-11,134.95639038085938,1632000
2024-10-14,133.84710693359375,1379000
2024-10-15,127.6653060913086,3247800
2024-10-16,128.49020385742188,1525600
2024-10-17,129.5615692138672,2317400
2024-10-18,129.9313201904297,2083400
2024-10-21,128.4712371826172,2341400
2024-10-22,128.6703338623047,1966400
2024-10-23,125.99663543701172,3382000
2024-10-24,124.54596710205078,3784600
2024-10-25,125.53201293945312,2147800
2024-10-28,125.3992691040039,2507700
2024-10-29,121.2464828491211,3901800
2024-10-30,122.05239868164062,2523500
2024-10-31,123.02896881103516,2993600
2024-11-01,121.56885528564453,2169600
2024-11-04,123.20911407470703,2424100
2024-11-05,125.20965576171875,2534500
2024-11-06,131.5146942138672,3263000
2024-11-07,129.04959106445312,2105900
2024-11-08,129.5994873046875,1702700
2024-11-11,130.86050415039062,1774200
2024-11-12,129.91238403320312,1680500
2024-11-13,132.32061767578125,2304000
2024-11-14,132.7567596435547,2544800
2024-11-15,132.88949584960938,2258600
2024-11-18,136.53977966308594,2465300
2024-11-19,134.64352416992188,2522200
2024-11-20,134.8918914794922,2728200
2024-11-21,134.80592346191406,1600000
2024-11-22,134.6148681640625,2375200
2024-11-25,133.57354736328125,4237200
2024-11-26,133.55445861816406,1728600
2024-11-27,132.36985778808594,1907000
2024-11-29,132.8666229248047,1554100
2024-12-02,133.8792724609375,2772400
2024-12-03,131.32855224609375,2070300
2024-12-04,128.08045959472656,2509300
2024-12-05,127.10601806640625,2525900
2024-12-06,125.64437103271484,1984200
2024-12-09,128.5389862060547,2730000
2024-12-10,126.40861511230469,2656300
2024-12-11,127.33529663085938,2349000
2024-12-12,123.88655853271484,2066900
2024-12-13,123.37068939208984,1718000
2024-12-16,119.4825210571289,4422200
2024-12-17,119.31056213378906,3710800
2024-12-18,116.30127716064453,4263700
2024-12-19,113.61682891845703,5060200
2024-12-20,113.29200744628906,7606100
2024-12-23,113.34932708740234,2832600
2024-12-24,113.53083801269531,1170100
2024-12-26,114.33332061767578,1884400
2024-12-27,114.23778533935547,1697800
2024-12-30,114.24732971191406,2890200
2024-12-31,117.1133041381836,2689900
