date,close,volume
2014-01-02,31.81903076171875,17333100
2014-01-03,32.04518508911133,14693800
2014-01-06,32.101741790771484,18438900
2014-01-07,32.08760452270508,16897000
2014-01-08,32.45512771606445,20850700
2014-01-09,32.624752044677734,14229900
2014-01-10,32.469268798828125,15386700
2014-01-13,32.20068359375,20950900
2014-01-14,32.221893310546875,28487500
2014-01-15,32.79438018798828,27394500
2014-01-16,32.78730773925781,12892600
2014-01-17,32.78730773925781,15168200
2014-01-21,32.865055084228516,15533900
2014-01-22,32.98519515991211,11817300
2014-01-23,32.759037017822266,19825200
2014-01-24,32.144134521484375,20115400
2014-01-27,32.179473876953125,21323600
2014-01-28,32.48339080810547,16117300
2014-01-29,32.221893310546875,20428800
2014-01-30,32.5470085144043,12623600
2014-01-31,32.04518508911133,27251200
2014-02-03,31.402027130126953,29540200
2014-02-04,31.64234161376953,20744800
2014-02-05,31.471559524536133,21998800
2014-02-06,31.862905502319336,21043100
2014-02-07,32.2827262878418,16773000
2014-02-10,32.38945007324219,12501500
2014-02-11,32.70964431762695,13561100
2014-02-12,32.723873138427734,12175700
2014-02-13,32.716758728027344,14597400
2014-02-14,32.82349395751953,11165300
2014-02-18,32.82349395751953,12120400
2014-02-19,32.39656066894531,16187900
2014-02-20,32.46772766113281,13388500
2014-02-21,32.44636154174805,15411100
2014-02-24,32.78791809082031,14106700
2014-02-25,32.78791809082031,13751600
2014-02-26,32.766578674316406,13910700
2014-02-27,32.766578674316406,13799700
2014-02-28,33.02984619140625,16347300
2014-03-03,32.83772659301758,16067600
2014-03-04,33.257530212402344,14881900
2014-03-05,33.50657272338867,13643700
2014-03-06,33.6844596862793,14726300
2014-03-07,34.118507385253906,20491600
2014-03-10,34.260826110839844,11810200
2014-03-11,34.01889419555664,13373600
2014-03-12,34.23945617675781,13497400
2014-03-13,34.04023742675781,14813900
2014-03-14,33.72716522216797,15347300
2014-03-17,34.2465705871582,11085700
2014-03-18,34.43871307373047,9757400
2014-03-19,34.01889419555664,28293000
2014-03-20,34.8869743347168,25208400
2014-03-21,34.95101547241211,30999100
2014-03-24,34.85139465332031,19677600
2014-03-25,34.83716583251953,14659400
2014-03-26,34.50985336303711,17399800
2014-03-27,34.936771392822266,29075100
2014-03-28,35.07197189331055,15008000
2014-03-31,35.39216232299805,17901800
2014-04-01,35.41352462768555,16397000
2014-04-02,35.40639114379883,13036800
2014-04-03,35.456207275390625,9598900
2014-04-04,35.26409912109375,18702400
2014-04-07,34.623714447021484,19653700
2014-04-08,34.74465560913086,19086900
2014-04-09,34.936771392822266,15928100
2014-04-10,33.94773864746094,24910800
2014-04-11,34.21100616455078,36426700
2014-04-14,34.23234939575195,24321400
2014-04-15,34.709083557128906,21749600
2014-04-16,34.929656982421875,17866000
2014-04-17,34.81581115722656,19399900
2014-04-21,34.95101547241211,12478000
2014-04-22,35.0292854309082,14203800
2014-04-23,35.28543472290039,13309900
2014-04-24,35.09331512451172,12617100
2014-04-25,34.90119552612305,16274500
2014-04-28,34.822933197021484,18411700
2014-04-29,35.20003890991211,14745800
2014-04-30,35.32101058959961,14982800
2014-05-01,35.32101058959961,11851000
2014-05-02,35.27831268310547,13369700
2014-05-05,35.26409912109375,9127000
2014-05-06,34.929656982421875,16213000
2014-05-07,35.39549255371094,15504500
2014-05-08,35.352481842041016,12901800
2014-05-09,35.17332458496094,15174600
2014-05-12,35.660640716552734,16450500
2014-05-13,35.69647979736328,9707100
2014-05-14,35.323829650878906,13262500
2014-05-15,35.13748550415039,17370900
2014-05-16,35.17332458496094,13923400
2014-05-19,35.4671516418457,10533800
2014-05-20,35.08732223510742,15095400
2014-05-21,35.59614944458008,12933500
2014-05-22,35.825477600097656,12159000
2014-05-23,35.94730758666992,13167200
2014-05-27,36.22679901123047,13322200
2014-05-28,36.14796447753906,12458400
2014-05-29,36.026145935058594,13026600
2014-05-30,36.391639709472656,15489200
2014-06-02,36.61380386352539,11828300
2014-06-03,36.61380386352539,9293500
2014-06-04,36.57796859741211,10129200
2014-06-05,37.00078582763672,11862900
2014-06-06,37.251609802246094,13152400
2014-06-09,37.63144302368164,11049600
2014-06-10,37.68877410888672,12331700
2014-06-11,37.437950134277344,11735400
2014-06-12,37.0581169128418,13420600
2014-06-13,37.19429397583008,11111900
2014-06-16,36.61380386352539,16310500
2014-06-17,37.02229309082031,15470800
2014-06-18,37.29463577270508,18077100
2014-06-19,37.28028869628906,16335000
2014-06-20,37.90377426147461,29836500
2014-06-23,37.96828842163086,13122500
2014-06-24,37.617095947265625,11226300
2014-06-25,37.6959342956543,12815300
2014-06-26,37.531105041503906,12545900
2014-06-27,37.91093444824219,16864500
2014-06-30,37.66727066040039,12914600
2014-07-01,37.78194046020508,12482600
2014-07-02,37.738956451416016,14436000
2014-07-03,37.982608795166016,8741500
2014-07-07,37.6242790222168,13551800
2014-07-08,37.44511032104492,17282100
2014-07-09,37.402130126953125,16116300
2014-07-10,37.129791259765625,20059900
2014-07-11,36.90046691894531,29998900
2014-07-14,36.7714729309082,21252400
2014-07-15,36.800132751464844,19293100
2014-07-16,36.67113494873047,21599400
2014-07-17,36.31996536254883,24398000
2014-07-18,36.749969482421875,15487400
2014-07-21,36.585140228271484,15236900
2014-07-22,36.800132751464844,11920800
2014-07-23,36.785797119140625,9109000
2014-07-24,36.97212600708008,9939600
2014-07-25,36.97928237915039,10040200
2014-07-28,36.97928237915039,13468000
2014-07-29,36.936302185058594,14511800
2014-07-30,37.337623596191406,11439600
2014-07-31,36.477630615234375,19638900
2014-08-01,36.08348083496094,18813700
2014-08-04,36.54212951660156,13380100
2014-08-05,36.11930847167969,12766000
2014-08-06,36.12653732299805,15271500
2014-08-07,35.866722106933594,14109100
2014-08-08,36.0832405090332,14563200
2014-08-11,36.00383758544922,14666400
2014-08-12,35.924461364746094,15219900
2014-08-13,36.07600021362305,12283100
2014-08-14,36.35745620727539,11904300
2014-08-15,36.23476028442383,13297200
2014-08-18,36.5811767578125,9913700
2014-08-19,36.703853607177734,8718400
2014-08-20,36.69664001464844,8402900
2014-08-21,37.014163970947266,10102200
2014-08-22,36.93478775024414,9210400
2014-08-25,37.129634857177734,8665600
2014-08-26,37.209022521972656,7025200
2014-08-27,37.050254821777344,8315800
2014-08-28,36.91313171386719,7718000
2014-08-29,37.12242126464844,8860700
2014-09-02,37.21623611450195,9990300
2014-09-03,37.20181655883789,7735500
2014-09-04,37.21623611450195,8306200
2014-09-05,37.27397155761719,12102500
2014-09-08,37.144073486328125,7746900
2014-09-09,36.855411529541016,10745000
2014-09-10,37.180145263671875,11381400
2014-09-11,37.23066329956055,8981900
2014-09-12,37.31005859375,12523700
2014-09-15,37.483245849609375,10414800
2014-09-16,37.750274658203125,10524600
2014-09-17,37.89460754394531,16919100
2014-09-18,38.421417236328125,16388300
2014-09-19,38.50801467895508,22553800
2014-09-22,38.17604446411133,13445700
2014-09-23,37.59872055053711,20596500
2014-09-24,37.620365142822266,18245200
2014-09-25,37.100772857666016,16684900
2014-09-26,37.43274688720703,10753400
2014-09-29,37.302833557128906,9995300
2014-09-30,37.43274688720703,16669900
2014-10-01,36.99251937866211,16527000
2014-10-02,37.09355163574219,15434400
2014-10-03,37.59872055053711,14018800
2014-10-06,37.5482063293457,10872300
2014-10-07,36.86262130737305,11889700
2014-10-08,37.63481903076172,15267200
2014-10-09,36.89148712158203,18735700
2014-10-10,36.54508972167969,20211500
2014-10-13,36.22756576538086,19298900
2014-10-14,35.23887252807617,45851500
2014-10-15,34.53163146972656,38470600
2014-10-16,34.73370361328125,28973400
2014-10-17,35.137840270996094,28314000
2014-10-20,35.49146270751953,15018500
2014-10-21,36.40797424316406,17660200
2014-10-22,36.20589828491211,20078200
2014-10-23,36.51620864868164,14394500
2014-10-24,36.9492301940918,10888600
2014-10-27,37.02861022949219,11654500
2014-10-28,37.36779022216797,13267200
2014-10-29,37.64924240112305,16546900
2014-10-30,37.85851287841797,14107600
2014-10-31,38.313175201416016,21126300
2014-11-03,38.5152473449707,14349500
2014-11-04,38.44306945800781,14931500
2014-11-05,38.88618850708008,14496900
2014-11-06,39.27120590209961,15328100
2014-11-07,39.11138153076172,13312700
2014-11-10,39.1041259765625,11837300
2014-11-11,38.922515869140625,12520500
2014-11-12,38.893463134765625,10687900
2014-11-13,38.78449249267578,13494400
2014-11-14,38.75543212890625,9488400
2014-11-17,38.820823669433594,9657900
2014-11-18,38.69731903076172,12580400
2014-11-19,38.7626953125,12490600
2014-11-20,38.84986877441406,10245900
2014-11-21,39.089599609375,14587500
2014-11-24,39.300262451171875,11028000
2014-11-25,39.14044189453125,14390400
2014-11-26,39.4310188293457,11792500
2014-11-28,39.57630157470703,11054300
2014-12-01,39.096858978271484,13858500
2014-12-02,39.38742446899414,12925300
2014-12-03,39.51092529296875,14781300
2014-12-04,39.59083938598633,12310000
2014-12-05,39.97584533691406,14261400
2014-12-08,39.7869758605957,18939300
2014-12-09,39.83055114746094,12895800
2014-12-10,39.416500091552734,23309500
2014-12-11,39.539981842041016,17007700
2014-12-12,39.00968551635742,18792900
2014-12-15,38.639190673828125,24852800
2014-12-16,38.334102630615234,24243300
2014-12-17,39.0750617980957,19782600
2014-12-18,40.10661315917969,21404700
2014-12-19,39.55451583862305,36186100
2014-12-22,39.93225860595703,17395500
2014-12-23,40.29548263549805,13205700
2014-12-24,40.201045989990234,4297000
2014-12-26,40.15746307373047,5826000
2014-12-29,40.469818115234375,11385600
2014-12-30,40.2591552734375,8749400
2014-12-31,39.82329559326172,10090800
2015-01-02,39.736122131347656,11700900
2015-01-05,38.64646530151367,15000500
2015-01-06,37.84011459350586,20211200
2015-01-07,38.06531524658203,15714700
2015-01-08,38.907989501953125,16721600
2015-01-09,38.26871871948242,14550800
2015-01-12,37.81106948852539,16967500
2015-01-13,37.665775299072266,25080900
2015-01-14,37.22990036010742,37590100
2015-01-15,36.84492111206055,32144700
2015-01-16,37.51323699951172,23174900
2015-01-20,37.774749755859375,17691000
2015-01-21,37.847389221191406,17928300
2015-01-22,39.06052780151367,21488700
2015-01-23,38.6900520324707,17779700
2015-01-26,38.922515869140625,13429400
2015-01-27,38.47937774658203,14351600
2015-01-28,37.890968322753906,18775100
2015-01-29,38.32683181762695,16700000
2015-01-30,37.716636657714844,21754800
2015-02-02,38.363155364990234,17714500
2015-02-03,38.82807540893555,20258900
2015-02-04,38.77688217163086,14435600
2015-02-05,39.24486541748047,13281900
2015-02-06,39.81523132324219,19317000
2015-02-09,39.63973617553711,9739200
2015-02-10,39.90298080444336,12342500
2015-02-11,39.413063049316406,18296800
2015-02-12,40.11503219604492,20159500
2015-02-13,40.45871353149414,18809000
2015-02-17,40.48796081542969,11908600
2015-02-18,39.86642074584961,13231600
2015-02-19,39.895668029785156,10784600
2015-02-20,40.09309768676758,15049100
2015-02-23,40.29054260253906,13715000
2015-02-24,40.48796081542969,11957800
2015-02-25,40.45871353149414,10516900
2015-02-26,40.32707595825195,13579100
2015-02-27,40.0638427734375,12937000
2015-03-02,40.619571685791016,12988500
2015-03-03,40.546451568603516,11759600
2015-03-04,40.08578109741211,16653300
2015-03-05,40.10041427612305,9576100
2015-03-06,39.9176025390625,17298400
2015-03-09,39.976104736328125,11937900
2015-03-10,38.96700668334961,18723200
2015-03-11,39.266807556152344,16612900
2015-03-12,40.64883041381836,26266900
2015-03-13,40.46601867675781,17591400
2015-03-16,40.75120544433594,15505200
2015-03-17,40.8828125,13107700
2015-03-18,41.07294845581055,20000500
2015-03-19,40.59033203125,14841100
2015-03-20,40.95594024658203,26487200
2015-03-23,40.78776168823242,16477400
2015-03-24,40.47333526611328,13927400
2015-03-25,39.881038665771484,15413700
2015-03-26,39.851783752441406,15038600
2015-03-27,39.573936462402344,13600300
2015-03-30,40.04922103881836,11706700
2015-03-31,39.77867889404297,13306200
2015-04-01,39.44230270385742,15436900
2015-04-02,39.756744384765625,13498900
2015-04-06,39.54467010498047,10786100
2015-04-07,39.500816345214844,10853700
2015-04-08,39.48617172241211,9828700
2015-04-09,39.6251106262207,10279400
2015-04-10,39.72016143798828,9531500
2015-04-13,39.9176025390625,14931600
2015-04-14,39.6251106262207,29289600
2015-04-15,40.07847213745117,16899900
2015-04-16,40.07847213745117,15643200
2015-04-17,39.522743225097656,17569700
2015-04-20,39.749412536621094,13327200
2015-04-21,39.690921783447266,10954200
2015-04-22,39.976104736328125,13563800
2015-04-23,40.11503219604492,14657800
2015-04-24,39.998043060302734,15268100
2015-04-27,40.19546890258789,19852400
2015-04-28,40.5172233581543,13028300
2015-04-29,40.55377197265625,18144500
2015-04-30,40.29054260253906,16577800
2015-05-01,40.35633087158203,12069400
2015-05-04,40.75120544433594,9981800
2015-05-05,40.74387741088867,17068100
2015-05-06,40.430999755859375,15670700
2015-05-07,40.350032806396484,14723100
2015-05-08,41.26288604736328,17477500
2015-05-11,40.865352630615234,12922100
2015-05-12,40.835906982421875,11705900
2015-05-13,40.93161392211914,11448100
2015-05-14,41.255531311035156,11025400
2015-05-15,40.87272262573242,13323200
2015-05-18,41.04205322265625,10637300
2015-05-19,41.52054977416992,17194100
2015-05-20,41.284976959228516,13292000
2015-05-21,41.23345947265625,13466700
2015-05-22,41.22608947753906,8568800
2015-05-26,40.97578811645508,15859100
2015-05-27,41.27762222290039,12526100
2015-05-28,41.380680084228516,10348700
2015-05-29,41.196632385253906,17291500
2015-06-01,41.255531311035156,15746200
2015-06-02,41.35859298706055,13148700
2015-06-03,41.89601516723633,16197700
2015-06-04,41.329158782958984,17627100
2015-06-05,41.67514419555664,16890300
2015-06-08,41.31442642211914,14248400
2015-06-09,41.74141311645508,14669900
2015-06-10,42.116859436035156,18622400
2015-06-11,42.15367126464844,13943300
2015-06-12,42.02852249145508,13439000
2015-06-15,41.947540283203125,12920600
2015-06-16,42.124229431152344,10476100
2015-06-17,42.08742141723633,17497700
2015-06-18,42.477596282958984,18299900
2015-06-19,41.999061584472656,36241100
2015-06-22,42.6321907043457,15111200
2015-06-23,42.617462158203125,13354200
2015-06-24,42.359806060791016,16166600
2015-06-25,42.08742141723633,14053600
2015-06-26,42.286190032958984,16975900
2015-06-29,41.27024841308594,19289700
2015-06-30,41.40277099609375,17346700
2015-07-01,41.89601516723633,12165300
2015-07-02,41.770851135253906,10106800
2015-07-06,41.55000305175781,11682100
2015-07-07,41.41013717651367,15831800
2015-07-08,40.6739616394043,12906600
2015-07-09,40.857994079589844,13623200
2015-07-10,41.284976959228516,13269600
2015-07-13,41.770851135253906,15521800
2015-07-14,42.14631652832031,20066300
2015-07-15,42.536476135253906,17159400
2015-07-16,42.82358932495117,13194500
2015-07-17,42.65427780151367,12963900
2015-07-20,42.735252380371094,10084900
2015-07-21,42.661643981933594,12504300
2015-07-22,43.081268310546875,14871100
2015-07-23,42.85303497314453,13582200
2015-07-24,42.536476135253906,13157300
2015-07-27,42.3966064453125,15495300
2015-07-28,42.256736755371094,16730600
2015-07-29,42.669002532958984,13718400
2015-07-30,42.808868408203125,9864800
2015-07-31,42.602745056152344,12369800
2015-08-03,42.6321907043457,13085900
2015-08-04,42.56593322753906,12324700
2015-08-05,42.71783447265625,12032500
2015-08-06,42.62891387939453,12556600
2015-08-07,42.5844612121582,13596200
2015-08-10,42.93272399902344,12397500
2015-08-11,42.39179992675781,15425500
2015-08-12,42.02870559692383,21663200
2015-08-13,42.1546745300293,11868600
2015-08-14,42.48072814941406,9742500
2015-08-17,42.49554443359375,11462500
2015-08-18,42.636329650878906,10581500
2015-08-19,42.2806510925293,13744600
2015-08-20,41.584129333496094,20857700
2015-08-21,39.991004943847656,31954400
2015-08-24,37.975528717041016,40198100
2015-08-25,37.06411361694336,31041800
2015-08-26,38.753562927246094,30235800
2015-08-27,40.03545379638672,26452500
2015-08-28,39.67238235473633,18342200
2015-08-31,39.51676559448242,13842200
2015-09-01,37.78286361694336,28031700
2015-09-02,38.52384948730469,20919600
2015-09-03,38.84988784790039,15719000
2015-09-04,38.00516128540039,22303800
2015-09-08,39.22038269042969,19685400
2015-09-09,38.672061920166016,16221500
2015-09-10,38.94620132446289,17996200
2015-09-11,38.99066162109375,12549400
2015-09-14,39.10182571411133,16225600
2015-09-15,39.620521545410156,14305500
2015-09-16,39.805763244628906,15218500
2015-09-17,38.68686294555664,25025800
2015-09-18,37.81991195678711,39561600
2015-09-21,38.19782257080078,16673300
2015-09-22,37.560569763183594,21761300
2015-09-23,37.62725830078125,12521200
2015-09-24,37.456825256347656,17064300
2015-09-25,38.14595031738281,18394800
2015-09-28,37.32345962524414,17647900
2015-09-29,37.70876693725586,20816400
2015-09-30,38.04962921142578,20514800
2015-10-01,38.1163215637207,15556600
2015-10-02,37.982933044433594,21630300
2015-10-05,38.835060119628906,15240700
2015-10-06,38.55350112915039,14490700
2015-10-07,38.672061920166016,13863500
2015-10-08,38.931400299072266,15384100
2015-10-09,38.63500213623047,16983100
2015-10-12,38.664642333984375,10639000
2015-10-13,38.427528381347656,16002200
2015-10-14,38.1607780456543,26269100
2015-10-15,39.04254150390625,18262400
2015-10-16,39.18331527709961,15676300
2015-10-19,38.94620132446289,15515700
2015-10-20,39.33152389526367,13583300
2015-10-21,39.36117172241211,17666700
2015-10-22,40.05770492553711,18263200
2015-10-23,40.56897735595703,16924800
2015-10-26,40.22812271118164,12661400
2015-10-27,40.10215759277344,12443900
2015-10-28,41.08766555786133,16681600
2015-10-29,40.82090759277344,11334900
2015-10-30,40.116966247558594,18450500
2015-11-02,40.643062591552734,10992300
2015-11-03,40.70234680175781,10709100
2015-11-04,40.72100830078125,12823600
2015-11-05,40.92989730834961,12263900
2015-11-06,41.668521881103516,22376800
2015-11-09,41.38501739501953,17609700
2015-11-10,41.71329116821289,13475900
2015-11-11,41.63121795654297,10808500
2015-11-12,41.161197662353516,17552200
2015-11-13,40.71354675292969,16550200
2015-11-16,41.23579406738281,11955400
2015-11-17,41.004520416259766,11331900
2015-11-18,41.53422164916992,16612600
2015-11-19,41.758052825927734,12167600
2015-11-20,41.646148681640625,16264100
2015-11-23,41.48200988769531,9638100
2015-11-24,41.243247985839844,14156500
2015-11-25,41.19850158691406,10034400
2015-11-27,41.32532501220703,4914000
2015-11-30,41.10897445678711,15998900
2015-12-01,41.56407165527344,15543400
2015-12-02,41.09404754638672,12779900
2015-12-03,40.4375,15410100
2015-12-04,41.53422164916992,19647700
2015-12-07,41.34770965576172,17991600
2015-12-08,40.58671188354492,19949500
2015-12-09,40.377811431884766,18499600
2015-12-10,40.54194641113281,14075300
2015-12-11,39.77348327636719,17815700
2015-12-14,39.69141387939453,22055100
2015-12-15,40.96721267700195,19056700
2015-12-16,41.668521881103516,21086800
2015-12-17,41.38501739501953,18800500
2015-12-18,40.131595611572266,31468600
2015-12-21,40.303199768066406,12993400
2015-12-22,40.54194641113281,10318100
2015-12-23,41.064208984375,13033600
2015-12-24,40.90005874633789,4999400
2015-12-28,40.79560470581055,8288800
2015-12-29,41.250728607177734,7894900
2015-12-30,40.95228576660156,8016900
2015-12-31,40.556880950927734,10929800
2016-01-04,39.47505569458008,25985400
2016-01-05,39.46013259887695,14759600
2016-01-06,38.70658874511719,20026400
2016-01-07,37.60239028930664,30425600
2016-01-08,36.9757080078125,22981400
2016-01-11,37.37111282348633,19046400
2016-01-12,38.318634033203125,28961500
2016-01-13,37.10251998901367,22013500
2016-01-14,37.78145217895508,24569800
2016-01-15,36.423587799072266,41090400
2016-01-19,35.96849060058594,29918500
2016-01-20,35.71480941772461,40241100
2016-01-21,35.81925582885742,24272900
2016-01-22,36.57281494140625,18298700
2016-01-25,35.558135986328125,23440800
2016-01-26,36.00577926635742,18895100
2016-01-27,36.23707962036133,20441500
2016-01-28,36.498199462890625,21306600
2016-01-29,37.47557067871094,25358300
2016-02-01,37.25919723510742,17385400
2016-02-02,36.4310417175293,25593200
2016-02-03,35.7882080078125,47149700
2016-02-04,36.276920318603516,30851700
2016-02-05,35.983699798583984,23733700
2016-02-08,34.961177825927734,31172100
2016-02-09,34.923580169677734,29896200
2016-02-10,34.71306610107422,19885500
2016-02-11,33.953704833984375,32570900
2016-02-12,35.57017517089844,28533900
2016-02-16,36.269405364990234,20410600
2016-02-17,36.18670654296875,18060500
2016-02-18,35.88595962524414,17162800
2016-02-19,36.15662384033203,18234900
2016-02-22,36.98365020751953,17572800
2016-02-23,36.16413497924805,15224700
2016-02-24,35.79573059082031,18595700
2016-02-25,35.900997161865234,16646200
2016-02-26,36.1415901184082,20325600
2016-02-29,35.276954650878906,24018100
2016-03-01,36.63029479980469,24758500
2016-03-02,37.26935577392578,18667700
2016-03-03,37.419742584228516,14268100
2016-03-04,37.67536544799805,18685600
2016-03-07,37.645286560058594,14386100
2016-03-08,36.8784065246582,18098200
2016-03-09,36.682918548583984,17920100
2016-03-10,36.47239685058594,18542700
2016-03-11,37.645286560058594,18318400
2016-03-14,37.50243377685547,12803900
2016-03-15,37.577632904052734,12945600
2016-03-16,37.24681091308594,16629700
2016-03-17,37.38966369628906,16002800
2016-03-18,37.9986686706543,35812100
2016-03-21,38.096405029296875,13543200
2016-03-22,37.870849609375,13907000
2016-03-23,37.412227630615234,13648100
2016-03-24,36.76563262939453,20871100
2016-03-28,36.6152458190918,18478100
2016-03-29,36.12655258178711,24459500
2016-03-30,36.5776481628418,16794200
2016-03-31,36.359615325927734,16397600
2016-04-01,36.42729187011719,14321400
2016-04-04,36.46488952636719,12110200
2016-04-05,35.72054672241211,18297700
2016-04-06,36.14910125732422,17214400
2016-04-07,35.28447723388672,17593100
2016-04-08,35.38973617553711,12236500
2016-04-11,35.35966110229492,15113500
2016-04-12,35.91603469848633,18772600
2016-04-13,36.86336135864258,26311900
2016-04-14,36.682918548583984,30067900
2016-04-15,36.276920318603516,24885200
2016-04-18,36.72051239013672,18225800
2016-04-19,37.50243377685547,18673400
2016-04-20,37.930992126464844,22647700
2016-04-21,37.6302604675293,20255400
2016-04-22,38.05882263183594,16365700
2016-04-25,37.97610855102539,11689100
2016-04-26,38.28435516357422,13333500
2016-04-27,38.29189682006836,15342700
2016-04-28,37.90093231201172,15506300
2016-04-29,37.577632904052734,17887000
2016-05-02,38.03626251220703,14780300
2016-05-03,37.5926628112793,16246400
2016-05-04,37.07748031616211,22402500
2016-05-05,37.09264373779297,15953600
2016-05-06,37.13810729980469,14189600
2016-05-09,37.03201675415039,13877000
2016-05-10,37.425994873046875,14234400
2016-05-11,37.18354415893555,17344300
2016-05-12,37.274471282958984,13589600
2016-05-13,36.547157287597656,25251700
2016-05-16,36.56990051269531,19655300
2016-05-17,36.07745361328125,21495600
2016-05-18,36.8577880859375,30028200
2016-05-19,36.65322494506836,13604100
2016-05-20,36.93355178833008,13222800
2016-05-23,36.89565658569336,10644000
2016-05-24,37.274471282958984,16597700
2016-05-25,38.25935363769531,22478600
2016-05-26,38.2972412109375,14983300
2016-05-27,38.52451705932617,13430500
2016-05-31,38.42604064941406,19725000
2016-06-01,38.63816452026367,16774300
2016-06-02,38.72150421142578,14206700
2016-06-03,38.024505615234375,25452600
2016-06-06,38.25178527832031,14528500
2016-06-07,38.08510971069336,15310100
2016-06-08,37.880558013916016,18168500
2016-06-09,37.22900390625,19464400
2016-06-10,36.622920989990234,16815300
2016-06-13,36.34260177612305,16150100
2016-06-14,35.51681137084961,25311700
2016-06-15,35.4410400390625,20142000
2016-06-16,35.49408721923828,15619300
2016-06-17,35.30466842651367,25661300
2016-06-20,35.55469512939453,19490100
2016-06-21,35.78197479248047,11731600
2016-06-22,35.584999084472656,17072100
2016-06-23,36.297157287597656,16270000
2016-06-24,34.63039779663086,46744100
2016-06-27,34.10007095336914,35030100
2016-06-28,34.92585754394531,27525700
2016-06-29,35.584999084472656,20856400
2016-06-30,35.85774612426758,22538800
2016-07-01,35.63045120239258,19013600
2016-07-05,35.00920867919922,22213000
2016-07-06,35.342567443847656,19024100
2016-07-07,35.45620346069336,17946200
2016-07-08,36.20622634887695,19775700
2016-07-11,36.425941467285156,16008700
2016-07-12,36.6304931640625,15067900
2016-07-13,36.56990051269531,14389600
2016-07-14,37.07748031616211,17578400
2016-07-15,36.14563751220703,35121000
2016-07-18,36.57746124267578,24139200
2016-07-19,36.645652770996094,15982900
2016-07-20,36.82747268676758,16569900
2016-07-21,36.592628479003906,15532000
2016-07-22,36.6077766418457,13588500
2016-07-25,36.45624923706055,12122200
2016-07-26,36.34260177612305,16130100
2016-07-27,36.36533737182617,17886800
2016-07-28,36.46382141113281,12562600
2016-07-29,36.34260177612305,13111700
2016-08-01,36.22138214111328,16026600
2016-08-02,36.13805389404297,17033100
2016-08-03,36.3289909362793,14913500
2016-08-04,36.53517532348633,14662600
2016-08-05,37.17667007446289,19064700
2016-08-08,37.352333068847656,14871600
2016-08-09,37.36760330200195,10449800
2016-08-10,36.79481506347656,16782700
2016-08-11,36.84064483642578,14614100
2016-08-12,36.58100509643555,13227500
2016-08-15,36.863563537597656,11758900
2016-08-16,36.99339294433594,13957600
2016-08-17,37.12321853637695,13062900
2016-08-18,37.06210708618164,12189200
2016-08-19,37.15375518798828,12557700
2016-08-22,37.13849639892578,9212600
2016-08-23,36.970481872558594,15430200
2016-08-24,37.13849639892578,16315800
2016-08-25,36.94757080078125,13643200
2016-08-26,37.046836853027344,15527300
2016-08-29,37.8487434387207,21201400
2016-08-30,38.658241271972656,25055800
2016-08-31,38.795711517333984,24533600
2016-09-01,38.51314163208008,17017100
2016-09-02,38.60477828979492,12684000
2016-09-06,38.1771240234375,21832200
2016-09-07,38.00911331176758,12437300
2016-09-08,38.10838317871094,14169200
2016-09-09,37.20722198486328,32147200
2016-09-12,37.06975555419922,35588400
2016-09-13,35.86311340332031,59000500
2016-09-14,35.5270881652832,44841700
2016-09-15,35.244529724121094,60827800
2016-09-16,34.69466018676758,51871400
2016-09-19,35.137596130371094,33562400
2016-09-20,35.557640075683594,51510400
2016-09-21,35.000144958496094,64530200
2016-09-22,34.91613006591797,36964400
2016-09-23,34.931419372558594,28710500
2016-09-26,34.27463150024414,30938000
2016-09-27,34.43500900268555,24359000
2016-09-28,34.60302734375,28220300
2016-09-29,33.88515090942383,45266700
2016-09-30,33.816410064697266,54117700
2016-10-03,33.4727668762207,38197700
2016-10-04,33.41165542602539,44008300
2016-10-05,34.35865020751953,40459000
2016-10-06,34.50374984741211,29878200
2016-10-07,34.6182975769043,24893600
2016-10-10,34.8626823425293,21804900
2016-10-11,34.70995330810547,25442600
2016-10-12,34.61064910888672,21780500
2016-10-13,34.17536163330078,44174600
2016-10-14,34.14480972290039,45418600
2016-10-17,33.984432220458984,18861300
2016-10-18,34.328094482421875,23877600
2016-10-19,34.564842224121094,26977000
2016-10-20,34.31283950805664,27210600
2016-10-21,34.43500900268555,21490800
2016-10-24,34.76339340209961,19303800
2016-10-25,34.91613006591797,20402000
2016-10-26,35.244529724121094,25181900
2016-10-27,35.44308853149414,25661000
2016-10-28,35.305625915527344,20882000
2016-10-31,35.137596130371094,20115900
2016-11-01,35.122337341308594,20020200
2016-11-02,34.83742904663086,19566600
2016-11-03,34.9144172668457,14982700
2016-11-04,34.344573974609375,27391600
2016-11-07,34.96063232421875,25769400
2016-11-08,35.06843948364258,19462600
2016-11-09,36.9550666809082,67615000
2016-11-10,39.758087158203125,100988800
2016-11-11,39.83509063720703,46594900
2016-11-14,40.982479095458984,59154400
2016-11-15,40.497344970703125,39437900
2016-11-16,39.79659652709961,26996200
2016-11-17,40.42034149169922,29205900
2016-11-18,40.67445373535156,29673400
2016-11-21,40.135398864746094,23587200
2016-11-22,40.212425231933594,22816900
2016-11-23,40.166221618652344,19986800
2016-11-25,40.52043533325195,9635500
2016-11-28,39.719581604003906,26518500
2016-11-29,39.93519973754883,16267300
2016-11-30,40.7514533996582,26567200
2016-12-01,41.84492874145508,35623100
2016-12-02,41.259700775146484,21894700
2016-12-05,41.85264587402344,24793900
2016-12-06,42.776710510253906,30706700
2016-12-07,44.1088981628418,46617000
2016-12-08,44.11661148071289,39828600
2016-12-09,44.001102447509766,20331200
2016-12-12,42.95383071899414,27886200
2016-12-13,43.00003433227539,24355600
2016-12-14,42.122169494628906,54590600
2016-12-15,42.499488830566406,31345900
2016-12-16,42.6150016784668,33171800
2016-12-19,42.5225944519043,16801400
2016-12-20,43.200233459472656,19245300
2016-12-21,42.899925231933594,14058400
2016-12-22,42.93071746826172,14515500
2016-12-23,43.09242630004883,8313000
2016-12-27,43.0847282409668,8893900
2016-12-28,42.5995979309082,10609100
2016-12-29,42.229957580566406,15933500
2016-12-30,42.43788528442383,15095500
2017-01-03,43.12324142456055,22063800
2017-01-04,43.16173553466797,15036100
2017-01-05,42.491790771484375,18831600
2017-01-06,42.38397979736328,18715900
2017-01-09,41.767940521240234,21794100
2017-01-10,42.06055450439453,17978200
2017-01-11,42.19917297363281,21100600
2017-01-12,41.9681510925293,20566600
2017-01-13,42.591896057128906,37231600
2017-01-17,41.4136962890625,26974400
2017-01-18,41.791046142578125,21186700
2017-01-19,42.02976608276367,20906900
2017-01-20,42.40708541870117,24160800
2017-01-23,41.775630950927734,17227400
2017-01-24,42.122169494628906,18523300
2017-01-25,43.60067367553711,32252100
2017-01-26,44.03189468383789,23769800
2017-01-27,43.577579498291016,17186200
2017-01-30,43.18484115600586,15961400
2017-01-31,43.37736129760742,22409100
2017-02-01,43.346343994140625,21157700
2017-02-02,43.22229766845703,13044400
2017-02-03,44.40073776245117,19879800
2017-02-06,43.842529296875,13940200
2017-02-07,43.67971420288086,14937400
2017-02-08,43.129268646240234,18592200
2017-02-09,43.982078552246094,15907800
2017-02-10,44.08286666870117,12268100
2017-02-13,44.2534294128418,15325300
2017-02-14,44.9511833190918,16382900
2017-02-15,45.393104553222656,25350400
2017-02-16,45.05974197387695,14694500
2017-02-17,45.03647232055664,15783200
2017-02-21,45.16051483154297,16916800
2017-02-22,45.24578857421875,12344200
2017-02-23,45.346588134765625,13841400
2017-02-24,44.819393157958984,16379100
2017-02-27,45.013206481933594,10101000
2017-02-28,44.8736572265625,15558900
2017-03-01,46.30793762207031,25912700
2017-03-02,45.517147064208984,17578600
2017-03-03,45.65671157836914,14740000
2017-03-06,45.43961715698242,13225500
2017-03-07,45.19927978515625,13099900
2017-03-08,45.12949752807617,14711300
2017-03-09,45.50939178466797,15721500
2017-03-10,45.62568664550781,15120200
2017-03-13,45.50939178466797,14063500
2017-03-14,45.555912017822266,10885000
2017-03-15,45.517147064208984,17777300
2017-03-16,45.99008560180664,18468200
2017-03-17,45.48613357543945,20985700
2017-03-20,44.67983627319336,17663200
2017-03-21,43.29982376098633,31766400
2017-03-22,42.89668273925781,27740900
2017-03-23,42.83465576171875,19000000
2017-03-24,43.28432083129883,21127500
2017-03-27,42.94319534301758,16854800
2017-03-28,43.385108947753906,14878900
2017-03-29,43.1602668762207,10329100
2017-03-30,43.60218811035156,12106500
2017-03-31,43.152523040771484,11864600
2017-04-03,43.02071762084961,14550700
2017-04-04,42.79589080810547,11937400
2017-04-05,42.62532424926758,17411700
2017-04-06,42.92768096923828,10387500
2017-04-07,42.516780853271484,15848800
2017-04-10,42.28419876098633,14607700
2017-04-11,41.989585876464844,28086800
2017-04-12,41.18329620361328,25601300
2017-04-13,39.811031341552734,47982000
2017-04-17,40.8731803894043,31959100
2017-04-18,40.663848876953125,22257500
2017-04-19,40.4312744140625,17414600
2017-04-20,41.47789001464844,31552900
2017-04-21,41.09025955200195,26177300
2017-04-24,41.59420394897461,23856700
2017-04-25,42.299705505371094,27061300
2017-04-26,42.28419876098633,15915500
2017-04-27,42.2066650390625,13978000
2017-04-28,41.74149703979492,16501900
2017-05-01,42.22218322753906,13915800
2017-05-02,42.28419876098633,15634900
2017-05-03,42.822906494140625,15737100
2017-05-04,43.080543518066406,17054100
2017-05-05,43.0258903503418,13078800
2017-05-08,42.97124481201172,14242800
2017-05-09,42.6901741027832,14402900
2017-05-10,42.72141647338867,15897200
2017-05-11,41.956298828125,32200100
2017-05-12,41.39418029785156,29642300
2017-05-15,41.628387451171875,15245000
2017-05-16,41.581546783447266,12650100
2017-05-17,40.78520584106445,33173100
2017-05-18,40.894500732421875,19790100
2017-05-19,41.42540740966797,16895000
2017-05-22,41.3863639831543,13947000
2017-05-23,41.683048248291016,11751700
2017-05-24,41.44882583618164,11304400
2017-05-25,41.206783294677734,16643800
2017-05-26,40.91791915893555,14247700
2017-05-30,40.722740173339844,19379700
2017-05-31,39.9264030456543,30519700
2017-06-01,40.660282135009766,21001800
2017-06-02,40.44949722290039,19477300
2017-06-05,40.379215240478516,13663800
2017-06-06,40.44949722290039,14887500
2017-06-07,40.6680908203125,17022400
2017-06-08,41.0350341796875,22644200
2017-06-09,42.003135681152344,25750000
2017-06-12,42.229549407958984,22791400
2017-06-13,42.5106201171875,17966000
2017-06-14,42.57306671142578,16575000
2017-06-15,42.08120346069336,17232300
2017-06-16,42.07340621948242,23492700
2017-06-19,42.3466682434082,15367300
2017-06-20,41.73768615722656,13622200
2017-06-21,41.36294937133789,12653700
2017-06-22,40.98039627075195,15362200
2017-06-23,40.949153900146484,21868500
2017-06-26,41.30048370361328,12532800
2017-06-27,41.503482818603516,13496300
2017-06-28,42.41693115234375,20961700
2017-06-29,43.548973083496094,32552100
2017-06-30,43.26010513305664,16750700
2017-07-03,43.548973083496094,11825000
2017-07-05,43.548973083496094,14086900
2017-07-06,43.377220153808594,14481200
2017-07-07,43.517738342285156,11503500
2017-07-10,43.400630950927734,10979000
2017-07-11,42.97124481201172,14842700
2017-07-12,43.07273483276367,11951500
2017-07-13,43.408447265625,14201800
2017-07-14,42.93220520019531,17949600
2017-07-17,42.713600158691406,14953600
2017-07-18,42.78387451171875,13603300
2017-07-19,42.89316177368164,12366200
2017-07-20,42.8463249206543,15123500
2017-07-21,42.29199981689453,17384500
2017-07-24,42.370086669921875,18489900
2017-07-25,42.986854553222656,20167800
2017-07-26,42.86974334716797,19686900
2017-07-27,42.713600158691406,17352600
2017-07-28,41.612770080566406,32590600
2017-07-31,42.112430572509766,20378100
2017-08-01,42.22174835205078,19350300
2017-08-02,42.16669845581055,19422100
2017-08-03,41.993690490722656,19374700
2017-08-04,41.553306579589844,44664600
2017-08-07,41.317378997802734,22673700
2017-08-08,41.4510612487793,24877800
2017-08-09,41.51398468017578,14631600
2017-08-10,40.8534049987793,18373000
2017-08-11,40.84555435180664,14714500
2017-08-14,41.553306579589844,16313200
2017-08-15,41.561161041259766,11028100
2017-08-16,41.435340881347656,11224400
2017-08-17,40.73545455932617,16814300
2017-08-18,40.641075134277344,17130600
2017-08-21,40.751182556152344,13503100
2017-08-22,41.065731048583984,12984100
2017-08-23,40.91632080078125,10019500
2017-08-24,41.0185546875,12345000
2017-08-25,40.71186065673828,15307800
2017-08-28,40.60176467895508,12425900
2017-08-29,40.43661880493164,10715500
2017-08-30,40.389434814453125,11427500
2017-08-31,40.161380767822266,25231100
2017-09-01,40.08273696899414,16217700
2017-09-05,39.3985710144043,31251300
2017-09-06,39.22556686401367,26854000
2017-09-07,39.06828308105469,23367300
2017-09-08,38.98965072631836,18975700
2017-09-11,39.838958740234375,17987100
2017-09-12,40.55459213256836,17129500
2017-09-13,40.46807861328125,12617300
2017-09-14,40.33439254760742,13739400
2017-09-15,40.62535858154297,28494300
2017-09-18,41.4510612487793,20943400
2017-09-19,41.96223831176758,17047000
2017-09-20,42.268924713134766,21560400
2017-09-21,42.51271057128906,16210900
2017-09-22,42.6621208190918,18047800
2017-09-25,42.48910903930664,11595900
2017-09-26,42.308250427246094,12052500
2017-09-27,42.63066482543945,15840800
2017-09-28,42.6621208190918,14531700
2017-09-29,43.3698844909668,20872300
2017-10-02,43.62153244018555,11764400
2017-10-03,43.70803451538086,17405100
2017-10-04,43.220458984375,14697800
2017-10-05,43.558616638183594,14560700
2017-10-06,43.70803451538086,11151200
2017-10-09,43.362022399902344,11377000
2017-10-10,43.73162841796875,12800500
2017-10-11,43.77094268798828,12843100
2017-10-12,43.41706466674805,15067500
2017-10-13,42.221744537353516,35310000
2017-10-16,42.308250427246094,22802400
2017-10-17,41.82854080200195,18614700
2017-10-18,42.00154113769531,21604000
2017-10-19,42.268924713134766,12669700
2017-10-20,43.18900680541992,28407700
2017-10-23,43.18115234375,18102100
2017-10-24,43.58221435546875,18779400
2017-10-25,43.44852828979492,17096900
2017-10-26,43.73949432373047,15979200
2017-10-27,43.93609619140625,17258600
2017-10-30,43.920352935791016,12249200
2017-10-31,44.14841842651367,14619200
2017-11-01,44.20346450805664,11678300
2017-11-02,44.72610855102539,15630000
2017-11-03,44.6231803894043,10049200
2017-11-06,44.48854064941406,10414900
2017-11-07,43.593711853027344,18679100
2017-11-08,42.968101501464844,24047100
2017-11-09,42.7622184753418,24438800
2017-11-10,42.611778259277344,13671700
2017-11-13,42.540489196777344,13447000
2017-11-14,42.793914794921875,20830100
2017-11-15,42.56424331665039,18238600
2017-11-16,43.23735046386719,26361800
2017-11-17,42.881004333496094,15814800
2017-11-20,42.80181884765625,16943100
2017-11-21,43.17401123046875,13757000
2017-11-22,42.80973815917969,11421700
2017-11-24,42.83349609375,5386500
2017-11-27,42.72262954711914,11066800
2017-11-28,44.005496978759766,25685200
2017-11-29,44.884498596191406,29631800
2017-11-30,44.71818923950195,30984400
2017-12-01,44.50440216064453,31242400
2017-12-04,45.44674301147461,28720400
2017-12-05,46.36532974243164,39754900
2017-12-06,46.38117218017578,26758300
2017-12-07,47.00676727294922,32990600
2017-12-08,46.96717834472656,22017100
2017-12-11,46.61874008178711,15876600
2017-12-12,47.774906158447266,25040400
2017-12-13,47.0384521484375,18227000
2017-12-14,46.895904541015625,14731000
2017-12-15,47.41062927246094,36467500
2017-12-18,48.24211502075195,19970900
2017-12-19,47.798675537109375,17062700
2017-12-20,47.62443542480469,16544500
2017-12-21,48.78853225708008,22130700
2017-12-22,48.74102783203125,11653200
2017-12-26,48.40842056274414,11662800
2017-12-27,48.265872955322266,10010800
2017-12-28,48.54304122924805,10550900
2017-12-29,48.04414749145508,10711400
2018-01-02,48.37674331665039,13819300
2018-01-03,48.74894332885742,14203700
2018-01-04,49.35868835449219,18740500
2018-01-05,49.691287994384766,14217900
2018-01-08,49.1290397644043,15569400
2018-01-09,49.303253173828125,15766500
2018-01-10,49.984283447265625,18107500
2018-01-11,49.897178649902344,22075000
2018-01-12,49.532901763916016,25886100
2018-01-16,49.493309020996094,17907800
2018-01-17,50.58612823486328,23892900
2018-01-18,50.64156723022461,16305900
2018-01-19,50.855369567871094,16524000
2018-01-22,51.259239196777344,12245200
2018-01-23,51.06917953491211,12937100
2018-01-24,51.85316848754883,20180300
2018-01-25,51.98778533935547,17568700
2018-01-26,52.209510803222656,16251900
2018-01-29,52.12240982055664,16105200
2018-01-30,51.69478225708008,16158900
2018-01-31,52.0907096862793,18147900
2018-02-01,52.18632507324219,15717600
2018-02-02,51.039188385009766,18905300
2018-02-05,46.33119201660156,103394400
2018-02-06,45.63016128540039,83076900
2018-02-07,45.8372917175293,45551000
2018-02-08,44.13254165649414,43569700
2018-02-09,44.71406173706055,48904600
2018-02-12,45.0088005065918,24401300
2018-02-13,46.2037353515625,24234200
2018-02-14,47.438480377197266,23681800
2018-02-15,47.812889099121094,22397300
2018-02-16,47.75712966918945,18661900
2018-02-20,47.75712966918945,18517600
2018-02-21,47.58186721801758,19987800
2018-02-22,46.84897994995117,17948600
2018-02-23,47.13575744628906,21099200
2018-02-26,47.77306365966797,16478300
2018-02-27,47.167625427246094,17024400
2018-02-28,46.53034210205078,17869100
2018-03-01,45.654056549072266,28491000
2018-03-02,45.73371124267578,22428500
2018-03-05,45.87710952758789,20560900
2018-03-06,45.4628791809082,23975900
2018-03-07,45.08846664428711,24788700
2018-03-08,45.18406295776367,16828400
2018-03-09,46.386940002441406,19051500
2018-03-12,46.21965789794922,12414800
2018-03-13,45.85321807861328,13810600
2018-03-14,45.11237335205078,12212900
2018-03-15,45.27167892456055,13277700
2018-03-16,44.53083419799805,37095000
2018-03-19,44.196258544921875,17982200
2018-03-20,43.73420715332031,26874600
2018-03-21,43.646602630615234,18997300
2018-03-22,41.846229553222656,32656300
2018-03-23,40.61148452758789,30975800
2018-03-26,41.655052185058594,26718000
2018-03-27,40.70707702636719,23669300
2018-03-28,41.00979995727539,23342500
2018-03-29,41.750648498535156,17706800
2018-04-02,40.90623474121094,23359800
2018-04-03,41.48775863647461,16646400
2018-04-04,42.14896011352539,15952700
2018-04-05,42.42778015136719,16488800
2018-04-06,41.60725402832031,22943800
2018-04-09,41.623191833496094,17032000
2018-04-10,41.91793441772461,14594700
2018-04-11,41.36827087402344,14673200
2018-04-12,41.98166275024414,19967800
2018-04-13,40.5397834777832,32054900
2018-04-16,40.46809387207031,31879100
2018-04-17,40.284873962402344,25507100
2018-04-18,40.1414680480957,21055700
2018-04-19,41.057586669921875,23678400
2018-04-20,41.87014389038086,31149300
2018-04-23,41.90996170043945,17723900
2018-04-24,41.83030700683594,23052100
2018-04-25,42.30826950073242,20978500
2018-04-26,41.77455139160156,17025800
2018-04-27,41.7108154296875,12304300
2018-04-30,41.39215850830078,17050500
2018-05-01,41.87014389038086,13903800
2018-05-02,41.57539367675781,16397200
2018-05-03,41.36670684814453,19216100
2018-05-04,42.06499099731445,16660500
2018-05-07,42.265647888183594,16259100
2018-05-08,42.691017150878906,20786200
2018-05-09,43.14850616455078,16286700
2018-05-10,43.86283874511719,20699000
2018-05-11,43.70232009887695,14424000
2018-05-14,43.72639083862305,12809100
2018-05-15,43.943111419677734,14991100
2018-05-16,44.17586135864258,16450200
2018-05-17,43.517704010009766,21622400
2018-05-18,43.10036087036133,21492700
2018-05-21,43.7745475769043,11491400
2018-05-22,44.352439880371094,17398200
2018-05-23,45.090843200683594,23566100
2018-05-24,43.87889099121094,24673400
2018-05-25,44.06349563598633,17741900
2018-05-29,42.49840545654297,31604000
2018-05-30,43.525733947753906,16416200
2018-05-31,43.33311080932617,17515900
2018-06-01,43.89493942260742,14100200
2018-06-04,44.00731658935547,10593700
2018-06-05,43.74244689941406,11883900
2018-06-06,44.60927963256836,15848200
2018-06-07,44.64940643310547,17299600
2018-06-08,44.68953323364258,12965900
2018-06-11,44.55308532714844,13518400
2018-06-12,44.448753356933594,13608300
2018-06-13,44.27217483520508,14901100
2018-06-14,43.93507385253906,18189100
2018-06-15,44.12771224975586,35715800
2018-06-18,44.207969665527344,17856700
2018-06-19,44.207969665527344,16654800
2018-06-20,43.72639083862305,16545600
2018-06-21,43.63811111450195,21191600
2018-06-22,43.2929801940918,24015000
2018-06-25,43.30903244018555,21069600
2018-06-26,42.8836555480957,14409100
2018-06-27,42.76325988769531,19520900
2018-06-28,43.0441780090332,13837300
2018-06-29,44.49690246582031,43888500
2018-07-02,45.20320129394531,21204900
2018-07-03,44.59321975708008,12830400
2018-07-05,44.336387634277344,16788600
2018-07-06,44.85808563232422,12389100
2018-07-09,45.56437301635742,16684000
2018-07-10,45.444000244140625,15581400
2018-07-11,45.00254440307617,15641400
2018-07-12,44.97044372558594,18236100
2018-07-13,44.43268966674805,34323400
2018-07-16,45.740966796875,25538700
2018-07-17,45.39583969116211,21649000
2018-07-18,45.403865814208984,19913900
2018-07-19,45.21123504638672,22219400
2018-07-20,45.275447845458984,17250400
2018-07-23,46.551597595214844,24584100
2018-07-24,46.83250427246094,27245000
2018-07-25,46.736202239990234,15531100
2018-07-26,46.800411224365234,14165300
2018-07-27,47.05723571777344,17662900
2018-07-30,46.94487380981445,22699900
2018-07-31,45.98173904418945,21633800
2018-08-01,46.27067947387695,19192700
2018-08-02,46.784358978271484,13489100
2018-08-03,47.217769622802734,13720400
2018-08-06,47.265933990478516,13360500
2018-08-07,47.209739685058594,13810900
2018-08-08,47.5067024230957,13778600
2018-08-09,47.247989654541016,15859500
2018-08-10,46.93267822265625,16170100
2018-08-13,46.57695007324219,19541100
2018-08-14,46.948856353759766,14860400
2018-08-15,46.884178161621094,17378400
2018-08-16,47.42584991455078,19992500
2018-08-17,47.58755874633789,13737600
2018-08-20,47.7249870300293,11403400
2018-08-21,47.66841506958008,17943500
2018-08-22,47.83818817138672,20829600
2018-08-23,47.39352035522461,19655600
2018-08-24,47.450103759765625,14366600
2018-08-27,47.78160095214844,19915200
2018-08-28,47.75733184814453,19330200
2018-08-29,47.66841506958008,14436600
2018-08-30,47.264156341552734,14800900
2018-08-31,47.280330657958984,16720200
2018-09-04,47.539039611816406,19003700
2018-09-05,47.66032791137695,22332300
2018-09-06,46.83567428588867,20756900
2018-09-07,46.40717315673828,21482400
2018-09-10,46.4556770324707,15623000
2018-09-11,46.3910026550293,22160300
2018-09-12,45.22677230834961,23868800
2018-09-13,44.46678924560547,26954800
2018-09-14,44.248504638671875,20997600
2018-09-17,43.908931732177734,21959500
2018-09-18,44.062538146972656,22055200
2018-09-19,44.644657135009766,17046200
2018-09-20,44.911460876464844,20308000
2018-09-21,44.45870590209961,36158500
2018-09-24,43.86851501464844,19604700
2018-09-25,43.84426498413086,15207400
2018-09-26,42.97917175292969,22025100
2018-09-27,42.70429992675781,19991000
2018-09-28,42.49408721923828,18588600
2018-10-01,42.24345779418945,17209000
2018-10-02,42.14643859863281,17509600
2018-10-03,42.56685256958008,18444900
2018-10-04,43.26215362548828,21417500
2018-10-05,43.00343704223633,14793000
2018-10-08,43.39149856567383,12858200
2018-10-09,43.278316497802734,15918300
2018-10-10,42.38899230957031,21875900
2018-10-11,41.58858108520508,33147900
2018-10-12,42.13026428222656,32067300
2018-10-15,43.043853759765625,34118900
2018-10-16,43.44001007080078,28227200
2018-10-17,44.03021240234375,23524200
2018-10-18,42.9306755065918,22533300
2018-10-19,42.76089096069336,19521000
2018-10-22,41.75836944580078,17621500
2018-10-23,41.685604095458984,25529800
2018-10-24,40.577980041503906,31161500
2018-10-25,41.92814254760742,29366100
2018-10-26,41.43496322631836,30053800
2018-10-29,42.22727584838867,30541300
2018-10-30,42.59917449951172,24910900
2018-10-31,43.0357666015625,23667400
2018-11-01,43.30257797241211,17654800
2018-11-02,43.342994689941406,18285600
2018-11-05,43.3834228515625,18990000
2018-11-06,43.29448318481445,20696800
2018-11-07,43.31875228881836,20668500
2018-11-08,43.3268928527832,22429200
2018-11-09,43.229087829589844,18972200
2018-11-12,42.66672897338867,19003300
2018-11-13,42.984580993652344,28102000
2018-11-14,42.503719329833984,24788400
2018-11-15,43.04978942871094,23220100
2018-11-16,43.147586822509766,18872500
2018-11-19,43.45729446411133,20215500
2018-11-20,42.82158279418945,22999200
2018-11-21,42.73193359375,16946300
2018-11-23,42.242916107177734,11139400
2018-11-26,43.09869384765625,20581700
2018-11-27,43.351356506347656,18044600
2018-11-28,44.296775817871094,23713300
2018-11-29,44.04411315917969,14978400
2018-11-30,44.23972702026367,18939000
2018-12-03,44.20712661743164,21261700
2018-12-04,42.202144622802734,33280500
2018-12-06,41.6397819519043,40310200
2018-12-07,40.96330642700195,28510500
2018-12-10,39.773372650146484,34524600
2018-12-11,38.92573928833008,32388600
2018-12-12,38.90944290161133,42820000
2018-12-13,38.330772399902344,35227100
2018-12-14,37.93141555786133,25913000
2018-12-17,37.98845672607422,29443300
2018-12-18,37.91511535644531,26740000
2018-12-19,37.22233581542969,34287600
2018-12-20,37.523895263671875,43969900
2018-12-21,36.77406692504883,55577900
2018-12-24,35.535221099853516,18049900
2018-12-26,37.15712356567383,27770000
2018-12-27,37.10823440551758,27005300
2018-12-28,37.311988830566406,23635000
2018-12-31,37.55649948120117,16544500
2019-01-02,38.257415771484375,20295200
2019-01-03,37.95585250854492,22262000
2019-01-04,39.08059310913086,23343600
2019-01-07,38.827945709228516,21858000
2019-01-08,38.74643325805664,19702900
2019-01-09,38.958343505859375,18837700
2019-01-10,38.91759490966797,16208400
2019-01-11,39.01538848876953,20006900
2019-01-14,39.463653564453125,23827600
2019-01-15,38.85239028930664,27447600
2019-01-16,39.88747787475586,32026400
2019-01-17,40.12383270263672,25738800
2019-01-18,40.75954818725586,36380300
2019-01-22,40.63730239868164,33975200
2019-01-23,40.84920883178711,16806700
2019-01-24,40.735107421875,17862100
2019-01-25,40.85736846923828,20183400
2019-01-28,40.604698181152344,19913100
2019-01-29,40.62914276123047,11927600
2019-01-30,40.82475280761719,16885100
2019-01-31,40.22439956665039,24934700
2019-02-01,40.22439956665039,21123500
2019-02-04,40.347747802734375,17547800
2019-02-05,40.52045822143555,14784900
2019-02-06,40.47934341430664,12145700
2019-02-07,39.54179000854492,24189700
2019-02-08,39.188148498535156,20641200
2019-02-11,39.188148498535156,15995900
2019-02-12,40.339542388916016,22033000
2019-02-13,40.31486511230469,13770900
2019-02-14,39.903648376464844,16456500
2019-02-15,40.47934341430664,19346200
2019-02-19,40.61092758178711,15121700
2019-02-20,40.96457290649414,16742600
2019-02-21,40.75896072387695,16938800
2019-02-22,40.31486511230469,15848200
2019-02-25,40.841209411621094,16564100
2019-02-26,40.78363800048828,16997800
2019-02-27,41.03859329223633,17455000
2019-02-28,41.03035354614258,17786600
2019-03-01,41.1454963684082,19051400
2019-03-04,41.2112922668457,16697000
2019-03-05,41.03035354614258,14235400
2019-03-06,40.9727897644043,14211000
2019-03-07,40.85765075683594,19047300
2019-03-08,40.95635223388672,17400000
2019-03-11,40.9234504699707,19471500
2019-03-12,40.83298873901367,18299300
2019-03-13,41.05502700805664,21647300
2019-03-14,41.40867614746094,20160700
2019-03-15,41.66362762451172,46117300
2019-03-18,42.543609619140625,23843300
2019-03-19,42.28044509887695,19911900
2019-03-20,41.449806213378906,20632400
2019-03-21,41.00569534301758,24132800
2019-03-22,39.7309455871582,27975800
2019-03-25,39.54179000854492,17227600
2019-03-26,40.306636810302734,16989600
2019-03-27,40.10926055908203,16912000
2019-03-28,40.3724365234375,15881600
2019-03-29,39.73917007446289,53590800
2019-04-01,40.142147064208984,42015500
2019-04-02,39.648704528808594,35393600
2019-04-03,40.183265686035156,30366300
2019-04-04,40.4382209777832,19260100
2019-04-05,40.11748123168945,23734900
2019-04-08,40.1997184753418,18875200
2019-04-09,39.59113311767578,22903500
2019-04-10,39.303279876708984,30977800
2019-04-11,39.262168884277344,33662700
2019-04-12,38.23414611816406,70271400
2019-04-15,38.464420318603516,34954000
2019-04-16,39.188148498535156,25217100
2019-04-17,39.10590362548828,25144000
2019-04-18,39.13058853149414,22416800
2019-04-22,38.86741638183594,15972600
2019-04-23,38.941429138183594,16434300
2019-04-24,39.04833221435547,17831800
2019-04-25,39.07301330566406,23042800
2019-04-26,39.4431037902832,13035500
2019-04-29,39.69804763793945,16918700
2019-04-30,39.81318664550781,18525100
2019-05-01,39.66514587402344,17542100
2019-05-02,39.722713470458984,16883000
2019-05-03,40.01057434082031,16571300
2019-05-06,39.82963562011719,19279900
2019-05-07,38.79338455200195,23919100
2019-05-08,38.65358352661133,19814400
2019-05-09,38.81135559082031,23246900
2019-05-10,39.15179443359375,19983400
2019-05-13,38.47090148925781,23304700
2019-05-14,38.603759765625,21267600
2019-05-15,38.064022064208984,20123300
2019-05-16,38.11384201049805,20764100
2019-05-17,37.94777297973633,22273500
2019-05-20,37.74018478393555,18854000
2019-05-21,38.47090148925781,18416300
2019-05-22,38.279911041259766,13155000
2019-05-23,37.83151626586914,17643700
2019-05-24,38.33804702758789,13425500
2019-05-28,37.856422424316406,19984600
2019-05-29,37.76509094238281,16058800
2019-05-30,37.40802764892578,13775900
2019-05-31,36.843379974365234,17540500
2019-06-03,36.96794128417969,20172500
2019-06-04,37.9311637878418,21082000
2019-06-05,38.080631256103516,13705400
2019-06-06,38.13044357299805,16020500
2019-06-07,37.88963317871094,14979900
2019-06-10,38.421077728271484,15242700
2019-06-11,38.41278076171875,15078300
2019-06-12,37.291770935058594,22470400
2019-06-13,37.6073112487793,15629400
2019-06-14,37.856422424316406,16147500
2019-06-17,37.59071350097656,13420400
2019-06-18,38.279911041259766,18611100
2019-06-19,37.906246185302734,17787600
2019-06-20,38.080631256103516,19205200
2019-06-21,38.9359016418457,39186200
2019-06-24,38.421077728271484,21854400
2019-06-25,38.31312942504883,20814000
2019-06-26,38.03080749511719,17106800
2019-06-27,38.437679290771484,13391600
2019-06-28,39.292964935302734,31030900
2019-07-01,39.600196838378906,15089100
2019-07-02,39.21823501586914,12107200
2019-07-03,39.575279235839844,10438400
2019-07-05,39.66663360595703,10801600
2019-07-08,39.46733093261719,13189300
2019-07-09,39.71644973754883,12595000
2019-07-10,39.15179443359375,12784900
2019-07-11,39.143497467041016,19751400
2019-07-12,39.326175689697266,12792600
2019-07-15,38.786441802978516,21338400
2019-07-16,37.6156120300293,37548300
2019-07-17,37.5408935546875,24502100
2019-07-18,38.04741287231445,19409100
2019-07-19,38.221797943115234,21847900
2019-07-22,38.59545135498047,17972100
2019-07-23,39.19331741333008,21150200
2019-07-24,40.23128128051758,29357200
2019-07-25,39.932350158691406,20562000
2019-07-26,40.93708419799805,21641500
2019-07-29,40.09011459350586,19148600
2019-07-30,40.31431198120117,14207000
2019-07-31,40.19805908203125,23422800
2019-08-01,39.07706832885742,22668600
2019-08-02,39.392601013183594,20159000
2019-08-05,38.31312942504883,27113500
2019-08-06,38.9691276550293,19446100
2019-08-07,38.03910827636719,27830000
2019-08-08,38.962799072265625,20671300
2019-08-09,38.87882995605469,19786100
2019-08-12,38.14826965332031,17364400
2019-08-13,38.59331130981445,16649100
2019-08-14,36.92228698730469,28786700
2019-08-15,36.42686080932617,27900000
2019-08-16,37.27496337890625,21196600
2019-08-19,37.99711608886719,15378100
2019-08-20,37.51847839355469,13345800
2019-08-21,37.78718948364258,13513700
2019-08-22,38.30781936645508,14703900
2019-08-23,37.3001708984375,21152500
2019-08-26,37.77040100097656,15973100
2019-08-27,37.577266693115234,15038200
2019-08-28,38.181861877441406,14740000
2019-08-29,38.78645706176758,16196600
2019-08-30,39.10554885864258,15250600
2019-09-03,38.702484130859375,17224200
2019-09-04,39.04676818847656,17123100
2019-09-05,39.987247467041016,19243400
2019-09-06,39.59258270263672,18846100
2019-09-09,40.65062713623047,27651400
2019-09-10,40.5666618347168,25822400
2019-09-11,41.02009963989258,19190000
2019-09-12,40.85215377807617,24305900
2019-09-13,41.07887268066406,25142400
2019-09-16,41.12925338745117,17759700
2019-09-17,40.94451904296875,18346100
2019-09-18,41.08727264404297,20511700
2019-09-19,41.07048416137695,16887500
2019-09-20,40.835365295410156,30229400
2019-09-23,41.11246871948242,20603400
2019-09-24,40.85215377807617,21629300
2019-09-25,41.3643798828125,21313100
2019-09-26,41.03689193725586,19984000
2019-09-27,42.58197784423828,59467400
2019-09-30,42.355247497558594,26897100
2019-10-01,41.19645309448242,27249300
2019-10-02,40.701011657714844,23515900
2019-10-03,40.70941162109375,20212200
2019-10-04,41.322391510009766,15779500
2019-10-07,40.98651885986328,15691900
2019-10-08,40.15520095825195,19734000
2019-10-09,40.43229675292969,13467800
2019-10-10,40.85215377807617,18267800
2019-10-11,41.322391510009766,23024600
2019-10-14,41.372779846191406,16870500
2019-10-15,42.07813262939453,38478400
2019-10-16,41.6414909362793,23728400
2019-10-17,41.65827941894531,20560100
2019-10-18,41.9605712890625,21199500
2019-10-21,42.372047424316406,19409100
2019-10-22,42.50639343261719,18526900
2019-10-23,42.76670837402344,14173700
2019-10-24,42.90945816040039,16695400
2019-10-25,43.30411911010742,17433300
2019-10-28,43.37130355834961,23914800
2019-10-29,43.807952880859375,21063000
2019-10-30,43.69038772583008,16155900
2019-10-31,43.354515075683594,18814700
2019-11-01,43.81635284423828,16359300
2019-11-04,44.26979446411133,17559900
2019-11-05,44.7568359375,25965300
2019-11-06,45.17668533325195,22051100
2019-11-07,45.778587341308594,23452500
2019-11-08,45.86336898803711,14722100
2019-11-11,45.820980072021484,10659400
2019-11-12,45.96510696411133,15187600
2019-11-13,45.17668533325195,16846800
2019-11-14,45.34624099731445,16491400
2019-11-15,45.60904312133789,15225300
2019-11-18,45.778587341308594,14374600
2019-11-19,45.804012298583984,14434100
2019-11-20,45.388633728027344,14994700
2019-11-21,45.40559387207031,16186100
2019-11-22,46.015960693359375,13823400
2019-11-25,45.95661544799805,15561000
2019-11-26,45.617530822753906,18078900
2019-11-27,46.06682586669922,16352900
2019-11-29,46.16855239868164,10508600
2019-12-02,45.456443786621094,20252700
2019-12-03,44.574790954589844,25560700
2019-12-04,45.134307861328125,18867400
2019-12-05,45.125816345214844,13499700
2019-12-06,46.09225845336914,18325700
2019-12-09,45.71076965332031,15070800
2019-12-10,45.51578903198242,15959100
2019-12-11,45.074954986572266,16834200
2019-12-12,46.08379364013672,19119500
2019-12-13,45.60056686401367,19179300
2019-12-16,45.96510696411133,19793500
2019-12-17,46.06682586669922,16723400
2019-12-18,45.49884033203125,18857000
2019-12-19,45.464927673339844,18133300
2019-12-20,45.210601806640625,66318000
2019-12-23,45.617530822753906,17637700
2019-12-24,45.62599182128906,4635500
2019-12-26,45.90576171875,12517100
2019-12-27,45.71076965332031,9892000
2019-12-30,45.439483642578125,10900500
2019-12-31,45.60904312133789,12566000
2020-01-02,45.56665802001953,16803100
2020-01-03,45.286895751953125,15608800
2020-01-06,45.015625,13200300
2020-01-07,44.642608642578125,13278600
2020-01-08,44.77824401855469,16585600
2020-01-09,44.70194625854492,20817400
2020-01-10,44.5069694519043,13777600
2020-01-13,44.176334381103516,25197600
2020-01-14,41.79416275024414,56668300
2020-01-15,40.9633674621582,47148000
2020-01-16,41.751773834228516,37020200
2020-01-17,41.69242858886719,29669200
2020-01-21,41.48896408081055,30858300
2020-01-22,41.16682434082031,20367700
2020-01-23,40.87859344482422,17297900
2020-01-24,40.327552795410156,21239600
2020-01-27,39.92910385131836,18156200
2020-01-28,40.15800476074219,16673300
2020-01-29,40.07322311401367,16166300
2020-01-30,40.61578369140625,14760200
2020-01-31,39.79346466064453,23080400
2020-02-03,39.94606399536133,15471100
2020-02-04,40.06474685668945,14973300
2020-02-05,40.954891204833984,20141800
2020-02-06,41.10911178588867,18259200
2020-02-07,40.989158630371094,13174600
2020-02-10,40.929176330566406,18124800
2020-02-11,41.117679595947266,13686100
2020-02-12,40.94632339477539,16668100
2020-02-13,41.22905731201172,12530000
2020-02-14,41.31474685668945,15526400
2020-02-18,40.2608757019043,22423800
2020-02-19,40.346561431884766,15602500
2020-02-20,40.56076431274414,15965500
2020-02-21,40.86921310424805,21729100
2020-02-24,39.746795654296875,23075900
2020-02-25,38.65867614746094,31110100
2020-02-26,37.81901168823242,27372600
2020-02-27,36.38816452026367,41180000
2020-02-28,35.00014114379883,71703000
2020-03-02,36.20823669433594,44231200
2020-03-03,34.72597122192383,45091000
2020-03-04,35.47138214111328,33881500
2020-03-05,33.329402923583984,45037900
2020-03-06,31.778589248657227,56766500
2020-03-09,27.828758239746094,53277200
2020-03-10,30.05643081665039,40078700
2020-03-11,27.700241088867188,44769500
2020-03-12,23.304872512817383,68447600
2020-03-13,26.466449737548828,78365700
2020-03-16,22.70511245727539,57466700
2020-03-17,25.38688850402832,58112800
2020-03-18,24.093130111694336,51904100
2020-03-19,24.23878288269043,53123500
2020-03-20,22.70511245727539,73915800
2020-03-23,21.634119033813477,47064100
2020-03-24,24.778562545776367,48630300
2020-03-25,24.821399688720703,53341100
2020-03-26,26.475017547607422,45494700
2020-03-27,25.94381332397461,38942800
2020-03-30,25.635358810424805,41232800
2020-03-31,24.590068817138672,36920300
2020-04-01,22.76508903503418,48497400
2020-04-02,23.322006225585938,33113500
2020-04-03,22.473779678344727,32735800
2020-04-06,24.530092239379883,36056100
2020-04-07,24.650047302246094,39229900
2020-04-08,25.94381332397461,42213700
2020-04-09,28.445653915405273,62462000
2020-04-13,26.92912483215332,36068900
2020-04-14,25.858125686645508,64267100
2020-04-15,24.3673038482666,41883900
2020-04-16,23.039262771606445,52962100
2020-04-17,24.315889358520508,46985000
2020-04-20,23.716135025024414,45441600
2020-04-21,22.996427536010742,41918700
2020-04-22,22.96215057373047,28043300
2020-04-23,22.730819702148438,38331500
2020-04-24,23.064971923828125,35135900
2020-04-27,24.341594696044922,39606100
2020-04-28,24.7357234954834,35188000
2020-04-29,25.703903198242188,38515200
2020-04-30,24.88994598388672,29506100
2020-05-01,23.63902473449707,35197600
2020-05-04,23.433395385742188,34343900
2020-05-05,22.55088996887207,56753400
2020-05-06,21.942569732666016,57732900
2020-05-07,22.056209564208984,52387000
2020-05-08,22.23105239868164,53725300
2020-05-11,21.662822723388672,51444200
2020-05-12,21.01590919494629,53560500
2020-05-13,19.695858001708984,90209900
2020-05-14,21.033390045166016,87965500
2020-05-15,20.42144775390625,51616700
2020-05-18,22.21356773376465,55684400
2020-05-19,20.937225341796875,48234300
2020-05-20,21.43552589416504,45297100
2020-05-21,21.383073806762695,28376500
2020-05-22,21.129552841186523,30415300
2020-05-26,22.956642150878906,57720300
2020-05-27,24.434053421020508,61963000
2020-05-28,23.795879364013672,51490200
2020-05-29,23.140228271484375,51336900
2020-06-01,23.682239532470703,34201700
2020-06-02,23.953235626220703,39058000
2020-06-03,25.203353881835938,50814000
2020-06-04,26.418498992919922,61839200
2020-06-05,27.686098098754883,107651200
2020-06-08,29.128536224365234,69051300
2020-06-09,28.525339126586914,51480400
2020-06-10,25.972654342651367,82090000
2020-06-11,23.41997718811035,75621300
2020-06-12,24.451534271240234,51301200
2020-06-15,24.661340713500977,48311400
2020-06-16,24.93235206604004,52985600
2020-06-17,23.9969482421875,38660800
2020-06-18,24.084375381469727,33670200
2020-06-19,24.128082275390625,71903000
2020-06-22,23.909528732299805,32808300
2020-06-23,23.80461883544922,47279100
2020-06-24,22.83425521850586,57380900
2020-06-25,23.92700958251953,45102200
2020-06-26,22.152376174926758,81172300
2020-06-29,22.46709442138672,43769200
2020-06-30,22.379667282104492,46610000
2020-07-01,21.933820724487305,37509300
2020-07-02,22.152376174926758,37013300
2020-07-06,22.28350257873535,46983100
2020-07-07,21.383073806762695,36920500
2020-07-08,21.461748123168945,38413400
2020-07-09,21.01590919494629,38118900
2020-07-10,22.266021728515625,56483300
2020-07-13,22.21356773376465,51038800
2020-07-14,21.199487686157227,118952600
2020-07-15,22.161115646362305,61714300
2020-07-16,22.257278442382812,48676800
2020-07-17,21.811439514160156,39184100
2020-07-20,21.479236602783203,38682200
2020-07-21,22.904191970825195,58395200
2020-07-22,22.956642150878906,41030500
2020-07-23,23.035324096679688,50791000
2020-07-24,22.956642150878906,39357000
2020-07-27,22.28350257873535,34761000
2020-07-28,22.318471908569336,30505200
2020-07-29,22.537025451660156,31442100
2020-07-30,21.54917335510254,51019200
2020-07-31,21.20823860168457,45537900
2020-08-03,21.234458923339844,27863700
2020-08-04,21.173261642456055,28106900
2020-08-05,21.33062171936035,32935400
2020-08-06,21.277956008911133,44670300
2020-08-07,22.006526947021484,46272400
2020-08-10,21.681743621826172,50602600
2020-08-11,22.22598648071289,55000100
2020-08-12,22.111867904663086,42868500
2020-08-13,21.9626407623291,27387800
2020-08-14,22.208423614501953,26743400
2020-08-17,21.479848861694336,36661700
2020-08-18,21.102392196655273,29680700
2020-08-19,21.12872886657715,33667800
2020-08-20,20.847829818725586,36022100
2020-08-21,20.75126838684082,27198000
2020-08-24,21.49740219116211,36906700
2020-08-25,21.60274314880371,35077300
2020-08-26,21.102392196655273,28348200
2020-08-27,21.585186004638672,36706600
2020-08-28,21.672964096069336,25797300
2020-08-31,21.198949813842773,27615500
2020-09-01,21.11117172241211,30508800
2020-09-02,21.567628860473633,40334000
2020-09-03,21.52373504638672,42349300
2020-09-04,21.7607479095459,48745000
2020-09-08,21.040945053100586,49082900
2020-09-09,20.92683219909668,49427900
2020-09-10,21.02338981628418,54211700
2020-09-11,21.304288864135742,34861100
2020-09-14,21.778301239013672,49787100
2020-09-15,21.839750289916992,41954800
2020-09-16,22.56832504272461,51768200
2020-09-17,22.041643142700195,51531300
2020-09-18,22.059194564819336,115153200
2020-09-21,21.102392196655273,56188400
2020-09-22,20.760051727294922,39839500
2020-09-23,20.040246963500977,45697700
2020-09-24,20.47037696838379,43329100
2020-09-25,20.75126838684082,30229900
2020-09-28,20.909276962280273,41103500
2020-09-29,20.417707443237305,38416300
2020-09-30,20.637161254882812,43071500
2020-10-01,20.681045532226562,38879800
2020-10-02,21.058502197265625,26238600
2020-10-05,21.46229362487793,22607500
2020-10-06,21.225284576416016,30991300
2020-10-07,21.778301239013672,34647300
2020-10-08,22.208423614501953,26483400
2020-10-09,22.208423614501953,28211300
2020-10-12,22.541994094848633,25855600
2020-10-13,21.716854095458984,29939600
2020-10-14,20.40892791748047,75388100
2020-10-15,20.145587921142578,60328600
2020-10-16,20.06658935546875,43141200
2020-10-19,19.78569221496582,37423600
2020-10-20,20.022695541381836,34751200
2020-10-21,19.92613410949707,29528300
2020-10-22,20.40892791748047,32238300
2020-10-23,20.435264587402344,24558300
2020-10-26,19.92613410949707,34034100
2020-10-27,19.153667449951172,49636500
2020-10-28,18.591876983642578,54835900
2020-10-29,18.5567626953125,46184000
2020-10-30,18.828889846801758,34592400
2020-11-02,19.223894119262695,38401200
2020-11-03,19.39067268371582,38427000
2020-11-04,19.206336975097656,47203200
2020-11-05,19.691349029541016,38319700
2020-11-06,19.32097816467285,29502900
2020-11-09,21.358009338378906,102118900
2020-11-10,21.331558227539062,49029100
2020-11-11,21.331558227539062,38309200
2020-11-12,20.9964542388916,34505900
2020-11-13,21.22574234008789,30056100
2020-11-16,21.957660675048828,36954800
2020-11-17,22.081117630004883,29490400
2020-11-18,22.098751068115234,44318300
2020-11-19,23.06876564025879,44560000
2020-11-20,22.469120025634766,38469100
2020-11-23,23.192224502563477,40691400
2020-11-24,25.229259490966797,80523400
2020-11-25,25.211624145507812,38875500
2020-11-27,25.09698486328125,20281400
2020-11-30,24.11815071105957,48211000
2020-12-01,24.74425506591797,41924200
2020-12-02,25.458539962768555,35508000
2020-12-03,25.71427345275879,41264600
2020-12-04,26.058183670043945,47168800
2020-12-07,25.873001098632812,31713000
2020-12-08,25.520267486572266,32209500
2020-12-09,25.617267608642578,35276000
2020-12-10,26.00527572631836,31730200
2020-12-11,25.643722534179688,29779100
2020-12-14,25.25571632385254,28378000
2020-12-15,26.216915130615234,38866200
2020-12-16,26.146366119384766,35204800
2020-12-17,25.987640380859375,42870500
2020-12-18,25.581993103027344,53716400
2020-12-21,26.058183670043945,52731600
2020-12-22,25.53790283203125,25655900
2020-12-23,26.763652801513672,38383700
2020-12-24,26.31391716003418,14443700
2020-12-28,26.393280029296875,21658500
2020-12-29,26.261005401611328,19584400
2020-12-30,26.234554290771484,18519300
2020-12-31,26.613740921020508,21081200
2021-01-04,26.190460205078125,31421600
2021-01-05,26.922380447387695,37360000
2021-01-06,28.82714080810547,73507500
2021-01-07,29.47969627380371,50634100
2021-01-08,29.268056869506836,32324700
2021-01-11,29.312152862548828,33739300
2021-01-12,29.929433822631836,59146400
2021-01-13,29.805984497070312,35734800
2021-01-14,30.643722534179688,55856900
2021-01-15,28.253955841064453,91993100
2021-01-19,28.77423667907715,43806800
2021-01-20,28.624319076538086,29949800
2021-01-21,28.218673706054688,28240600
2021-01-22,28.130495071411133,24476100
2021-01-25,28.43032455444336,28515500
2021-01-26,27.671937942504883,28026500
2021-01-27,26.60491943359375,45074900
2021-01-28,27.16929817199707,28770200
2021-01-29,26.34918975830078,39500800
2021-02-01,26.446189880371094,23713400
2021-02-02,27.116390228271484,25302900
2021-02-03,27.954130172729492,28507800
2021-02-04,28.89183235168457,30825400
2021-02-05,28.803367614746094,24908100
2021-02-08,29.546451568603516,29223800
2021-02-09,29.422609329223633,23539800
2021-02-10,29.36952781677246,22687000
2021-02-11,28.944908142089844,22393200
2021-02-12,29.661449432373047,34473100
2021-02-16,30.77607536315918,36468200
2021-02-17,32.36840057373047,80157700
2021-02-18,32.695716857910156,43334700
2021-02-19,33.465335845947266,39023000
2021-02-22,32.961097717285156,34690000
2021-02-23,32.85494613647461,36792500
2021-02-24,33.87226867675781,42764300
2021-02-25,33.22649002075195,37233100
2021-02-26,31.996858596801758,39468000
2021-03-01,32.81071853637695,28066100
2021-03-02,32.85494613647461,19701200
2021-03-03,33.341487884521484,35365100
2021-03-04,32.87264633178711,42932500
2021-03-05,33.111488342285156,34558300
2021-03-08,34.208412170410156,38255200
2021-03-09,33.73072814941406,35854100
2021-03-10,35.013431549072266,38437200
2021-03-11,34.394187927246094,30598700
2021-03-12,35.358436584472656,28754000
2021-03-15,35.11958312988281,25892200
2021-03-16,34.809967041015625,24668300
2021-03-17,35.24342727661133,33537000
2021-03-18,36.101524353027344,57420600
2021-03-19,35.05765914916992,60291800
2021-03-22,34.47380828857422,32206000
2021-03-23,33.82802963256836,32494400
2021-03-24,33.72187805175781,24201700
2021-03-25,34.76573181152344,28773000
2021-03-26,35.17265701293945,29156100
2021-03-29,34.00496292114258,38426900
2021-03-30,34.84535217285156,36134200
2021-03-31,34.56227111816406,25832800
2021-04-01,35.05765914916992,22706900
2021-04-05,34.92496109008789,21293400
2021-04-06,35.25228500366211,20969600
2021-04-07,35.376129150390625,19393200
2021-04-08,35.41151428222656,20845000
2021-04-09,35.82728576660156,28363600
2021-04-12,36.066139221191406,21093000
2021-04-13,35.19919204711914,29333200
2021-04-14,37.14537048339844,64926900
2021-04-15,37.36653518676758,44146300
2021-04-16,38.78192138671875,57060200
2021-04-19,38.81731033325195,39124200
2021-04-20,37.63191604614258,29734000
2021-04-21,38.25115203857422,27258000
2021-04-22,37.77345275878906,24638300
2021-04-23,38.79962158203125,28024200
2021-04-26,39.04730987548828,24606600
2021-04-27,39.88771438598633,29130200
2021-04-28,39.87887191772461,20795100
2021-04-29,40.90502166748047,26880700
2021-04-30,39.85231399536133,34176500
2021-05-03,40.23271179199219,16522700
2021-05-04,40.46271514892578,26137600
2021-05-05,40.639644622802734,19620200
2021-05-06,41.34001541137695,34271500
2021-05-07,41.26022720336914,25140400
2021-05-10,41.313419342041016,28193100
2021-05-11,40.53325271606445,31478500
2021-05-12,40.46232986450195,33392900
2021-05-13,41.13612365722656,23553400
2021-05-14,41.6325798034668,17078500
2021-05-17,42.465938568115234,25212800
2021-05-18,41.543922424316406,24126000
2021-05-19,40.93219757080078,28911100
2021-05-20,40.5421142578125,26107000
2021-05-21,40.675106048583984,27312700
2021-05-24,40.99425506591797,25707400
2021-05-25,40.86127471923828,29415300
2021-05-26,41.13612365722656,26170600
2021-05-27,41.45526885986328,42572900
2021-05-28,41.419803619384766,15760100
2021-06-01,41.8985481262207,17878600
2021-06-02,41.49959945678711,18492600
2021-06-03,41.18929672241211,20206400
2021-06-04,41.6325798034668,18190300
2021-06-07,41.76557540893555,16644300
2021-06-08,41.322288513183594,21271700
2021-06-09,40.71055603027344,22617500
2021-06-10,39.9747314453125,21640000
2021-06-11,40.49778747558594,19389300
2021-06-14,40.02791976928711,25452300
2021-06-15,40.3027458190918,23865400
2021-06-16,40.4002685546875,38287700
2021-06-17,37.93565368652344,48910400
2021-06-18,37.013633728027344,61292200
2021-06-21,38.37006378173828,26444700
2021-06-22,38.60056686401367,26455200
2021-06-23,38.97291564941406,18778500
2021-06-24,40.05451202392578,27951000
2021-06-25,41.118377685546875,49074700
2021-06-28,40.595314025878906,27127500
2021-06-29,39.70875930786133,39534000
2021-06-30,40.15203857421875,18168100
2021-07-01,40.258419036865234,18658000
2021-07-02,39.956993103027344,13218500
2021-07-06,38.556243896484375,25486900
2021-07-07,38.47644805908203,21884000
2021-07-08,37.518978118896484,29148700
2021-07-09,38.9285888671875,25055900
2021-07-12,39.15022277832031,17618900
2021-07-13,38.32573699951172,25387800
2021-07-14,39.85060501098633,49618000
2021-07-15,39.894927978515625,33388100
2021-07-16,39.25661087036133,27838200
2021-07-19,38.1661491394043,43362200
2021-07-20,39.75308609008789,34556200
2021-07-21,40.60417938232422,29654600
2021-07-22,39.921531677246094,23309500
2021-07-23,39.531455993652344,23946500
2021-07-26,39.90379333496094,22976700
2021-07-27,40.01905059814453,22124500
2021-07-28,40.347084045410156,23252800
2021-07-29,41.224761962890625,24487400
2021-07-30,40.72829818725586,25794000
2021-08-02,40.595314025878906,23960700
2021-08-03,41.517333984375,24050300
2021-08-04,40.914466857910156,22178000
2021-08-05,41.84050750732422,28092600
2021-08-06,43.42544174194336,33583900
2021-08-09,43.318580627441406,29795200
2021-08-10,44.19118881225586,28708100
2021-08-11,45.10831832885742,29203900
2021-08-12,45.54462432861328,21729900
2021-08-13,44.850101470947266,15843300
2021-08-16,43.99530029296875,22615500
2021-08-17,43.37200164794922,16887000
2021-08-18,42.71310043334961,16319300
2021-08-19,42.07201385498047,20259400
2021-08-20,42.22337341308594,15357400
2021-08-23,42.392555236816406,15551900
2021-08-24,43.060367584228516,15109100
2021-08-25,43.88844680786133,21357400
2021-08-26,43.674747467041016,21627600
2021-08-27,44.351463317871094,16873300
2021-08-30,43.10488510131836,16054100
2021-08-31,40.691871643066406,73514300
2021-09-01,38.68843460083008,84960500
2021-09-02,39.685707092285156,37629000
2021-09-03,39.32953643798828,21687500
2021-09-07,39.454185485839844,19733500
2021-09-08,39.01789093017578,21252400
2021-09-09,39.498714447021484,19776900
2021-09-10,39.47200012207031,23367400
2021-09-13,40.745296478271484,28027200
2021-09-14,41.003517150878906,36053200
2021-09-15,41.528846740722656,31535600
2021-09-16,41.20830535888672,24102400
2021-09-17,41.37748718261719,34912100
2021-09-20,40.78981399536133,30603100
2021-09-21,40.82542419433594,23049100
2021-09-22,41.9206428527832,29430700
2021-09-23,42.56173324584961,21852800
2021-09-24,42.66858673095703,20384700
2021-09-27,42.3480339050293,48927500
2021-09-28,40.88775634765625,49349100
2021-09-29,41.87611389160156,21730200
2021-09-30,41.324058532714844,22947500
2021-10-01,41.867210388183594,18021700
2021-10-04,41.867210388183594,22315200
2021-10-05,42.70420455932617,20250500
2021-10-06,42.62406539916992,17425700
2021-10-07,42.5261116027832,19272300
2021-10-08,42.73981475830078,14295400
2021-10-11,42.09872055053711,15387900
2021-10-12,41.53776550292969,18995700
2021-10-13,41.003517150878906,24150300
2021-10-14,40.3446044921875,53257700
2021-10-15,43.078182220458984,60096600
2021-10-18,44.01311111450195,33842700
2021-10-19,44.82338333129883,26500300
2021-10-20,44.66310119628906,24227900
2021-10-21,44.814483642578125,20448300
2021-10-22,45.10831832885742,21517200
2021-10-25,45.07270050048828,19330300
2021-10-26,45.081600189208984,18196300
2021-10-27,44.56516647338867,21988300
2021-10-28,45.73160171508789,26785500
2021-10-29,45.55352020263672,19788500
2021-11-01,46.04324722290039,18699000
2021-11-02,45.67818069458008,21672500
2021-11-03,46.30146789550781,24225700
2021-11-04,45.24672317504883,32005700
2021-11-05,45.085838317871094,23443200
2021-11-08,45.470191955566406,19509500
2021-11-09,44.59421157836914,28324800
2021-11-10,45.01432418823242,19827800
2021-11-11,45.21990966796875,16069700
2021-11-12,45.550636291503906,17124700
2021-11-15,45.65790557861328,20110200
2021-11-16,45.02326202392578,19244900
2021-11-17,44.549530029296875,17802700
2021-11-18,44.6031608581543,19198200
2021-11-19,43.637786865234375,30548400
2021-11-22,44.9964485168457,28549400
2021-11-23,45.94393539428711,28024400
2021-11-24,45.86348342895508,18901900
2021-11-26,43.289188385009766,29919300
2021-11-29,43.94169998168945,27677000
2021-11-30,42.70818328857422,40671700
2021-12-01,42.198699951171875,29365100
2021-12-02,43.718238830566406,29184900
2021-12-03,42.681373596191406,29221900
2021-12-06,43.628849029541016,31650100
2021-12-07,44.91600799560547,28370200
2021-12-08,44.16516876220703,19990300
2021-12-09,44.41543197631836,16927200
2021-12-10,44.87130355834961,20040900
2021-12-13,43.405391693115234,19598900
2021-12-14,43.70035934448242,17602900
2021-12-15,43.74506378173828,20284300
2021-12-16,44.960689544677734,32781100
2021-12-17,42.860137939453125,74833400
2021-12-20,41.876914978027344,29134900
2021-12-21,42.735008239746094,21249400
2021-12-22,42.931644439697266,15688000
2021-12-23,43.22663116455078,16025600
2021-12-27,43.593101501464844,11900400
2021-12-28,43.280250549316406,14320500
2021-12-29,43.30706787109375,14390700
2021-12-30,42.99422073364258,13701300
2021-12-31,42.886959075927734,12649300
2022-01-03,45.345054626464844,38978100
2022-01-04,47.150634765625,43855100
2022-01-05,46.73945999145508,35072600
2022-01-06,47.93721389770508,29720800
2022-01-07,48.956207275390625,35149300
2022-01-10,49.47463607788086,34733500
2022-01-11,50.10927963256836,25073700
2022-01-12,50.41318130493164,34159400
2022-01-13,50.05564880371094,34037300
2022-01-14,51.896976470947266,56739600
2022-01-18,50.672393798828125,41689600
2022-01-19,49.67127990722656,34970200
2022-01-20,49.16179275512695,26972800
2022-01-21,47.97296905517578,38357600
2022-01-24,47.660125732421875,48451400
2022-01-25,47.901458740234375,40858700
2022-01-26,48.3930778503418,39687100
2022-01-27,48.05341720581055,34209200
2022-01-28,48.437774658203125,35519700
2022-01-31,48.08916473388672,34657500
2022-02-01,49.69810485839844,35870200
2022-02-02,49.99307632446289,29037100
2022-02-03,49.535160064697266,25227400
2022-02-04,50.576690673828125,33622100
2022-02-07,51.47455978393555,37480100
2022-02-08,52.749515533447266,39099600
2022-02-09,53.02785110473633,25883100
2022-02-10,53.01887512207031,36092000
2022-02-11,52.35445785522461,38650500
2022-02-14,51.941436767578125,32680500
2022-02-15,52.41731262207031,18224600
2022-02-16,52.20181655883789,22057200
2022-02-17,50.41507339477539,24946500
2022-02-18,49.94818115234375,22137900
2022-02-22,49.63393020629883,26887800
2022-02-23,48.43976593017578,21860700
2022-02-24,47.326419830322266,40917600
2022-02-25,48.583431243896484,27493500
2022-02-28,47.919002532958984,31094800
2022-03-01,45.15358352661133,54135500
2022-03-02,46.88646697998047,34894300
2022-03-03,46.006553649902344,24159700
2022-03-04,43.806785583496094,35871600
2022-03-07,41.13114929199219,56332500
2022-03-08,41.71477127075195,60018100
2022-03-09,44.138999938964844,34560200
2022-03-10,44.00432205200195,26178800
2022-03-11,43.519474029541016,23707100
2022-03-14,44.76750183105469,28166600
2022-03-15,44.99196243286133,25080600
2022-03-16,46.32979202270508,34672800
2022-03-17,46.2220458984375,29930300
2022-03-18,46.16816711425781,60963400
2022-03-21,45.916778564453125,23411500
2022-03-22,47.93696594238281,28625600
2022-03-23,45.8988037109375,27988700
2022-03-24,46.08735656738281,19677800
2022-03-25,47.19174575805664,19130900
2022-03-28,46.518341064453125,24115400
2022-03-29,46.32979202270508,20915000
2022-03-30,44.99196243286133,30913800
2022-03-31,43.51049041748047,31238500
2022-04-01,43.73495101928711,29989900
2022-04-04,43.51049041748047,23778300
2022-04-05,43.20522689819336,21757300
2022-04-06,42.998714447021484,26001200
2022-04-07,42.86403274536133,29486500
2022-04-08,43.75292205810547,23659800
2022-04-11,44.29164123535156,27041000
2022-04-12,43.474578857421875,25791900
2022-04-13,43.58232498168945,20645300
2022-04-14,41.61600112915039,65583200
2022-04-18,42.35224914550781,26120900
2022-04-19,42.94483947753906,19753300
2022-04-20,43.681095123291016,25893000
2022-04-21,42.89993667602539,19027600
2022-04-22,41.60702133178711,21676800
2022-04-25,41.14911651611328,30045500
2022-04-26,40.02677917480469,21527400
2022-04-27,40.02677917480469,19520900
2022-04-28,40.5565185546875,17431000
2022-04-29,39.17380905151367,27149400
2022-05-02,39.20972442626953,25009300
2022-05-03,39.64967727661133,21545300
2022-05-04,41.283790588378906,29468000
2022-05-05,40.40810012817383,29978600
2022-05-06,40.21852111816406,27035300
2022-05-09,39.685882568359375,27132700
2022-05-10,38.891448974609375,25276100
2022-05-11,38.4310302734375,25291600
2022-05-12,37.74492263793945,30171700
2022-05-13,38.494224548339844,21253200
2022-05-16,38.10602569580078,16837400
2022-05-17,39.46018981933594,23340500
2022-05-18,38.01575469970703,27351300
2022-05-19,37.916446685791016,25211900
2022-05-20,37.618534088134766,35410400
2022-05-23,39.55949783325195,27979100
2022-05-24,39.081024169921875,23996000
2022-05-25,39.830318450927734,22343900
2022-05-26,41.16642379760742,23502500
2022-05-27,41.42824172973633,19482600
2022-05-31,41.31990051269531,40727400
2022-06-01,40.76921463012695,20417900
2022-06-02,40.92268371582031,14633300
2022-06-03,40.4622688293457,12572400
2022-06-06,40.733097076416016,11867200
2022-06-07,41.0490608215332,13281600
2022-06-08,40.29074478149414,12364400
2022-06-09,38.52130126953125,20142400
2022-06-10,36.1831169128418,27619300
2022-06-13,35.19910430908203,27553800
2022-06-14,33.79077911376953,36817600
2022-06-15,34.458831787109375,31358100
2022-06-16,33.9893913269043,37991500
2022-06-17,34.73868942260742,59114300
2022-06-21,35.19910430908203,24884700
2022-06-22,34.84702682495117,18631700
2022-06-23,34.215084075927734,23143800
2022-06-24,36.797000885009766,39407700
2022-06-27,36.32756805419922,16996800
2022-06-28,36.27340316772461,18136600
2022-06-29,35.84910583496094,15778700
2022-06-30,35.36160659790039,20425700
2022-07-01,36.03868103027344,15333900
2022-07-05,36.20117950439453,19144500
2022-07-06,35.659515380859375,17014100
2022-07-07,36.21923065185547,21060400
2022-07-08,36.27340316772461,14437500
2022-07-11,35.921329498291016,13111600
2022-07-12,35.74979782104492,15127300
2022-07-13,35.27132034301758,14116800
2022-07-14,34.97341537475586,24355300
2022-07-15,37.13103485107422,40328300
2022-07-18,37.185203552246094,17991300
2022-07-19,38.72895050048828,25724200
2022-07-20,38.56644821166992,19111200
2022-07-21,39.071990966796875,17809000
2022-07-22,38.972686767578125,15965400
2022-07-25,39.27060317993164,20297900
2022-07-26,38.72895050048828,15446700
2022-07-27,39.46018981933594,19498400
2022-07-28,39.10810852050781,14527300
2022-07-29,39.60463333129883,17512700
2022-08-01,39.30672073364258,13668300
2022-08-02,38.71089172363281,17764000
2022-08-03,39.62269592285156,17359500
2022-08-04,38.8773193359375,15062800
2022-08-05,39.777217864990234,16021000
2022-08-08,39.25908660888672,12879700
2022-08-09,39.449989318847656,10489500
2022-08-10,40.29534149169922,14037600
2022-08-11,41.13160705566406,14038800
2022-08-12,41.75880813598633,10706000
2022-08-15,41.58610534667969,11070300
2022-08-16,41.86788558959961,12234100
2022-08-17,41.94060134887695,13151700
2022-08-18,41.94060134887695,7885900
2022-08-19,41.222503662109375,13142900
2022-08-22,40.36806106567383,12391400
2022-08-23,40.33169937133789,10475100
2022-08-24,40.577117919921875,11706700
2022-08-25,41.25886535644531,11783200
2022-08-26,39.968109130859375,13405200
2022-08-29,39.92266082763672,12504900
2022-08-30,40.12263107299805,14365000
2022-08-31,39.73176956176758,22609100
2022-09-01,39.72268295288086,13173000
2022-09-02,39.43180465698242,13025900
2022-09-06,38.97731018066406,14708700
2022-09-07,39.84992599487305,19475800
2022-09-08,41.113426208496094,18500300
2022-09-09,41.20432662963867,12875500
2022-09-12,41.3861198425293,12127900
2022-09-13,39.28636169433594,21124900
2022-09-14,39.34089660644531,15067800
2022-09-15,40.12263107299805,13173200
2022-09-16,39.94083023071289,21238800
2022-09-19,40.2862434387207,11324100
2022-09-20,39.459068298339844,19503900
2022-09-21,38.42283248901367,19207100
2022-09-22,37.741085052490234,15499000
2022-09-23,36.73211669921875,23316200
2022-09-26,36.36851501464844,21420000
2022-09-27,36.38669967651367,17541400
2022-09-28,37.09571838378906,16033500
2022-09-29,36.81392288208008,14811300
2022-09-30,36.55940246582031,21182200
2022-10-03,37.79562759399414,16827600
2022-10-04,39.577239990234375,18601300
2022-10-05,39.368167877197266,15873400
2022-10-06,38.39555740356445,15634800
2022-10-07,37.986515045166016,17186700
2022-10-10,37.67746353149414,10973700
2022-10-11,36.56850051879883,19135900
2022-10-12,36.82301330566406,16469900
2022-10-13,38.5228271484375,23808700
2022-10-14,39.240909576416016,33954200
2022-10-17,39.95901107788086,24507000
2022-10-18,40.604393005371094,24810400
2022-10-19,39.64995193481445,17876800
2022-10-20,39.6772346496582,17572700
2022-10-21,40.74983596801758,18632800
2022-10-24,41.08615493774414,16154300
2022-10-25,41.240684509277344,16362200
2022-10-26,41.5406494140625,15010800
2022-10-27,41.495201110839844,14655500
2022-10-28,42.13148880004883,14990400
2022-10-31,41.804256439208984,14000000
2022-11-01,42.67687225341797,22409100
2022-11-02,42.613250732421875,29246700
2022-11-03,41.661827087402344,17140100
2022-11-04,42.75962829589844,27082500
2022-11-07,43.0615234375,17713300
2022-11-08,43.16215896606445,14842700
2022-11-09,42.05520248413086,18318700
2022-11-10,43.8665771484375,23091900
2022-11-11,43.50065231323242,18076600
2022-11-14,42.87855529785156,13929900
2022-11-15,42.73218536376953,19076000
2022-11-16,42.27476119995117,14713300
2022-11-17,42.07350158691406,11350900
2022-11-18,42.54006576538086,10515300
2022-11-21,42.851112365722656,11656800
2022-11-22,43.09811782836914,11684900
2022-11-23,43.299381256103516,10878500
2022-11-25,43.40000915527344,4913300
2022-11-28,42.979183197021484,12492600
2022-11-29,43.518943786621094,13344900
2022-11-30,43.8665771484375,26417000
2022-12-01,42.87855529785156,15980300
2022-12-02,42.02775573730469,29820400
2022-12-05,39.941917419433594,32574600
2022-12-06,39.704063415527344,25961400
2022-12-07,38.834957122802734,24114900
2022-12-08,38.95390319824219,17161400
2022-12-09,38.880699157714844,16023700
2022-12-12,39.21004104614258,18428900
2022-12-13,38.990482330322266,31496000
2022-12-14,38.587955474853516,22044400
2022-12-15,37.84693908691406,16766600
2022-12-16,37.68227005004883,29836200
2022-12-19,38.25861358642578,17454200
2022-12-20,37.49014663696289,25415400
2022-12-21,37.61822509765625,20170800
2022-12-22,37.2156982421875,17382700
2022-12-23,37.49014663696289,10167500
2022-12-27,37.5450439453125,10297400
2022-12-28,37.61822509765625,11889400
2022-12-29,37.81034851074219,11597100
2022-12-30,37.773746490478516,10021500
2023-01-03,38.23117446899414,15944300
2023-01-04,39.01793670654297,18943600
2023-01-05,38.8075065612793,12380700
2023-01-06,39.155155181884766,15247000
2023-01-09,38.780067443847656,21225600
2023-01-10,38.752628326416016,18348800
2023-01-11,39.10027313232422,18272100
2023-01-12,39.18259811401367,20940400
2023-01-13,40.45423126220703,41649700
2023-01-17,40.36275100708008,25473900
2023-01-18,39.68576431274414,20278000
2023-01-19,39.29238510131836,18565300
2023-01-20,40.17978286743164,23237200
2023-01-23,41.19525146484375,19692000
2023-01-24,40.664649963378906,13697200
2023-01-25,41.478851318359375,17285300
2023-01-26,41.9088249206543,16724600
2023-01-27,42.192420959472656,18161800
2023-01-30,42.34794616699219,19427400
2023-01-31,42.87855529785156,22840400
2023-02-01,43.299381256103516,21874600
2023-02-02,43.483524322509766,19058000
2023-02-03,43.805763244628906,17346900
2023-02-06,43.8978271484375,15948900
2023-02-07,44.312129974365234,21764800
2023-02-08,44.422607421875,18070500
2023-02-09,43.79655075073242,17362100
2023-02-10,43.74130630493164,18929000
2023-02-13,44.312129974365234,16451700
2023-02-14,44.65278244018555,16844400
2023-02-15,44.164817810058594,12854000
2023-02-16,43.47431182861328,12631700
2023-02-17,43.72289276123047,13463800
2023-02-21,42.57205581665039,13652700
2023-02-22,42.36030197143555,13402900
2023-02-23,42.58125686645508,14783600
2023-02-24,42.92190933227539,16040300
2023-02-27,43.0692138671875,15468200
2023-02-28,43.06000900268555,18627200
2023-03-01,42.97714614868164,13382200
2023-03-02,42.16695022583008,19115000
2023-03-03,43.13365936279297,14947200
2023-03-06,42.931114196777344,14236000
2023-03-07,40.924041748046875,24056800
2023-03-08,40.36241912841797,14852000
2023-03-09,37.86739730834961,33599800
2023-03-10,38.079158782958984,55435400
2023-03-13,35.363155364990234,78806900
2023-03-14,36.983543395996094,52855100
2023-03-15,35.768253326416016,47324600
2023-03-16,36.182552337646484,40388800
2023-03-17,34.76471710205078,47403800
2023-03-20,34.50693130493164,34283700
2023-03-21,35.42760467529297,34664700
2023-03-22,34.249141693115234,22994400
2023-03-23,33.70594024658203,30239900
2023-03-24,33.356082916259766,35694800
2023-03-27,34.49772262573242,27454600
2023-03-28,34.230735778808594,15270000
2023-03-29,34.95805358886719,20789100
2023-03-30,34.414859771728516,22340400
2023-03-31,34.414859771728516,30287900
2023-04-03,34.7278938293457,21541000
2023-04-04,33.890079498291016,21942700
2023-04-05,33.96372604370117,15486900
2023-04-06,34.89361572265625,23484900
2023-04-10,35.56570816040039,27005800
2023-04-11,36.24700927734375,25116100
2023-04-12,36.08129119873047,20252900
2023-04-13,36.513999938964844,22397800
2023-04-14,36.49558639526367,40963100
2023-04-17,38.0239143371582,31445100
2023-04-18,38.5486946105957,27892300
2023-04-19,38.889347076416016,23310500
2023-04-20,38.364559173583984,19265500
2023-04-21,37.96867752075195,23975300
2023-04-24,38.16201400756836,17327800
2023-04-25,37.33340072631836,20728000
2023-04-26,36.32986068725586,26915600
2023-04-27,36.513999938964844,21695800
2023-04-28,36.596866607666016,20193000
2023-05-01,37.18609619140625,26564300
2023-05-02,35.75905227661133,36239500
2023-05-03,35.5841178894043,25202700
2023-05-04,34.07168197631836,53247000
2023-05-05,35.20368576049805,27039700
2023-05-08,35.61195755004883,22735400
2023-05-09,35.76042556762695,18999100
2023-05-10,35.519161224365234,17941600
2023-05-11,35.5655632019043,18536200
2023-05-12,34.78614807128906,17658600
2023-05-15,35.97383117675781,24405800
2023-05-16,35.62123489379883,21821200
2023-05-17,37.54194259643555,29241600
2023-05-18,37.309967041015625,27213900
2023-05-19,37.14295196533203,19774900
2023-05-22,38.02444076538086,27519400
2023-05-23,38.237850189208984,26116600
2023-05-24,37.922367095947266,21193700
2023-05-25,37.95021057128906,17691800
2023-05-26,38.25640869140625,17399400
2023-05-30,38.02444076538086,14752600
2023-05-31,36.93882751464844,27221100
2023-06-01,37.17079544067383,17079400
2023-06-02,38.265689849853516,16906100
2023-06-05,37.53266525268555,18443900
2023-06-06,38.284244537353516,18825100
2023-06-07,39.035823822021484,17781800
2023-06-08,39.31418991088867,17157300
2023-06-09,39.09149932861328,11098900
2023-06-12,38.813140869140625,19433400
2023-06-13,39.573997497558594,18864000
2023-06-14,39.04510498046875,14826100
2023-06-15,39.30490493774414,14188200
2023-06-16,39.13789367675781,36422100
2023-06-20,38.868804931640625,16679600
2023-06-21,38.646114349365234,11686500
2023-06-22,38.09867477416992,11504400
2023-06-23,37.681121826171875,18952000
2023-06-26,37.662567138671875,13618500
2023-06-27,37.95948028564453,11749600
2023-06-28,37.690399169921875,13959600
2023-06-29,39.38842010498047,23956300
2023-06-30,39.601829528808594,20062200
2023-07-03,40.26991271972656,9249100
2023-07-05,40.34413146972656,15722200
2023-07-06,39.796688079833984,14978600
2023-07-07,39.685340881347656,13506500
2023-07-10,39.267799377441406,16675800
2023-07-11,39.65750503540039,15401100
2023-07-12,40.1400032043457,13998300
2023-07-13,40.55754089355469,18034800
2023-07-14,40.418365478515625,30897600
2023-07-17,41.51325988769531,25173900
2023-07-18,42.31123733520508,24183200
2023-07-19,42.92362976074219,18932700
2023-07-20,43.73088836669922,18927200
2023-07-21,42.6452751159668,16215400
2023-07-24,43.072086334228516,12053200
2023-07-25,42.19989013671875,13537400
2023-07-26,43.09064483642578,19520900
2023-07-27,42.468963623046875,19509600
2023-07-28,42.81229019165039,12616400
2023-07-31,42.83084487915039,11696600
2023-08-01,42.41329574584961,12699200
2023-08-02,41.84729766845703,13911700
2023-08-03,42.22134780883789,12145400
2023-08-04,41.9408073425293,10840800
2023-08-07,42.13719177246094,10860300
2023-08-08,41.59480667114258,14520000
2023-08-09,40.88410186767578,11973800
2023-08-10,40.83735275268555,11982200
2023-08-11,40.89345932006836,7316000
2023-08-14,40.90281295776367,10677000
2023-08-15,39.95832061767578,13835900
2023-08-16,39.48139953613281,10076700
2023-08-17,39.71519470214844,12686000
2023-08-18,39.74324417114258,10797300
2023-08-21,39.733890533447266,12600400
2023-08-22,38.808101654052734,13634500
2023-08-23,38.91097640991211,11927400
2023-08-24,38.742645263671875,10363300
2023-08-25,38.55561828613281,12534700
2023-08-28,39.163455963134766,10314500
2023-08-29,39.27566909790039,14404800
2023-08-30,38.845516204833984,12536300
2023-08-31,38.61172866821289,21534900
2023-09-01,38.94837188720703,12890300
2023-09-05,38.845516204833984,14337200
2023-09-06,38.35924530029297,18775400
2023-09-07,37.80751037597656,13801000
2023-09-08,38.340538024902344,13921200
2023-09-11,38.64913558959961,15053800
2023-09-12,39.7806510925293,18393900
2023-09-13,39.509464263916016,15274200
2023-09-14,40.257564544677734,20764500
2023-09-15,40.1640510559082,47371800
2023-09-18,40.612918853759766,15849700
2023-09-19,40.41654586791992,15318100
2023-09-20,40.08924865722656,16788100
2023-09-21,39.57491683959961,14990500
2023-09-22,38.55561828613281,16780300
2023-09-25,38.86420440673828,10624000
2023-09-26,38.01324462890625,15219400
2023-09-27,38.209617614746094,11815500
2023-09-28,38.256370544433594,12454600
2023-09-29,38.209617614746094,13124500
2023-10-02,37.04070281982422,15102000
2023-10-03,36.16167068481445,19252900
2023-10-04,36.44221878051758,14343500
2023-10-05,36.75080490112305,11820600
2023-10-06,37.11551284790039,13976800
2023-10-09,37.1248664855957,12096600
2023-10-10,37.237083435058594,14429700
2023-10-11,37.11551284790039,14835900
2023-10-12,37.162269592285156,14878100
2023-10-13,38.303138732910156,28077900
2023-10-16,38.94837188720703,18419000
2023-10-17,39.2569694519043,16982300
2023-10-18,38.83615493774414,16053200
2023-10-19,38.50886154174805,16120300
2023-10-20,37.65789031982422,17498900
2023-10-23,36.91912841796875,13785800
2023-10-24,36.73210525512695,15097800
2023-10-25,36.498321533203125,13849000
2023-10-26,37.07810592651367,15480300
2023-10-27,36.24583435058594,13582800
2023-10-30,36.872379302978516,14141900
2023-10-31,37.1903190612793,11919200
2023-11-01,37.04070281982422,19850300
2023-11-02,38.220035552978516,19998500
2023-11-03,39.26728820800781,16147500
2023-11-06,39.00312042236328,15148600
2023-11-07,38.7200813293457,13796900
2023-11-08,38.66347122192383,19418700
2023-11-09,38.11626434326172,14006500
2023-11-10,38.57855987548828,14706600
2023-11-13,38.46535110473633,12159700
2023-11-14,39.701297760009766,20183800
2023-11-15,40.41832733154297,17268100
2023-11-16,40.12584686279297,16931200
2023-11-17,40.53154373168945,13893800
2023-11-20,40.37115478515625,10369100
2023-11-21,40.19189453125,16078400
2023-11-22,40.36172866821289,11862200
2023-11-24,40.493804931640625,5287200
2023-11-27,40.58815383911133,15715000
2023-11-28,40.918365478515625,15332900
2023-11-29,41.30519485473633,16746000
2023-11-30,42.06940460205078,23247500
2023-12-01,42.475093841552734,18116100
2023-12-04,42.56944274902344,13424000
2023-12-05,41.975059509277344,14531700
2023-12-06,41.984493255615234,18923800
2023-12-07,42.83362579345703,18787800
2023-12-08,43.49405288696289,20238400
2023-12-11,43.39970397949219,21116900
2023-12-12,43.8431282043457,19787100
2023-12-13,45.06020736694336,26549100
2023-12-14,47.654754638671875,41115400
2023-12-15,47.46607208251953,44099200
2023-12-18,46.85280990600586,20531700
2023-12-19,47.25850296020508,20556400
2023-12-20,46.5509033203125,20481500
2023-12-21,46.654685974121094,11127700
2023-12-22,46.399940490722656,10450400
2023-12-26,46.83393478393555,8856600
2023-12-27,46.54146957397461,12536700
2023-12-28,46.682987213134766,9872600
2023-12-29,46.437679290771484,11733600
2024-01-02,46.54146957397461,14916000
2024-01-03,45.928199768066406,21653600
2024-01-04,46.494285583496094,15917500
2024-01-05,47.098106384277344,15074800
2024-01-08,47.098106384277344,15119700
2024-01-09,46.50372314453125,13625200
2024-01-10,46.30559158325195,11849800
2024-01-11,46.26785659790039,21049200
2024-01-12,44.72055435180664,30454100
2024-01-16,44.17334747314453,25209900
2024-01-17,44.03182601928711,17445600
2024-01-18,43.81482696533203,17901300
2024-01-19,45.39986038208008,25606900
2024-01-22,45.78668975830078,19372200
2024-01-23,46.34333038330078,16422100
2024-01-24,46.692420959472656,17776000
2024-01-25,47.060367584228516,17979600
2024-01-26,47.47549057006836,19211100
2024-01-29,47.50379943847656,16725200
2024-01-30,48.29631042480469,14736800
2024-01-31,47.343414306640625,20394400
2024-02-01,46.298301696777344,27566100
2024-02-02,46.706844329833984,19329000
2024-02-05,46.269798278808594,14202700
2024-02-06,45.88026809692383,13926600
2024-02-07,46.0607795715332,15839600
2024-02-08,45.93726348876953,10839200
2024-02-09,45.66173553466797,16594000
2024-02-12,46.47882080078125,14101900
2024-02-13,45.83275604248047,13660100
2024-02-14,46.10828399658203,12683400
2024-02-15,49.4431266784668,46473600
2024-02-16,49.31962203979492,24359700
2024-02-20,49.186607360839844,19839100
2024-02-21,50.032188415527344,18562500
2024-02-22,50.706756591796875,20467900
2024-02-23,51.172306060791016,20863500
2024-02-26,51.428836822509766,18099900
2024-02-27,52.07490921020508,19548200
2024-02-28,51.98939514160156,20045200
2024-02-29,52.815982818603516,28335600
2024-03-01,52.31242752075195,17761000
2024-03-04,53.02500534057617,19483500
2024-03-05,53.77558135986328,21786100
2024-03-06,54.260128021240234,25418600
2024-03-07,54.155616760253906,18116300
2024-03-08,54.22212219238281,17872500
2024-03-11,54.24113082885742,16622000
2024-03-12,54.73518371582031,23622800
2024-03-13,54.93470001220703,17444900
2024-03-14,54.50715255737305,24851100
2024-03-15,54.64017105102539,40782800
2024-03-18,54.88719177246094,16376500
2024-03-19,54.16511917114258,14504800
2024-03-20,54.44064712524414,22841600
2024-03-21,54.96320343017578,18141700
2024-03-22,54.27913284301758,13736600
2024-03-25,53.899085998535156,15028200
2024-03-26,53.85158920288086,11445900
2024-03-27,54.73518371582031,13762800
2024-03-28,55.06771469116211,14619000
2024-04-01,54.73518371582031,11039500
2024-04-02,54.48815155029297,14632900
2024-04-03,54.27913284301758,13226500
2024-04-04,53.85158920288086,12361900
2024-04-05,54.535667419433594,11081000
2024-04-08,54.90619659423828,15308800
2024-04-09,54.70668029785156,10643800
2024-04-10,54.098609924316406,16475200
2024-04-11,53.861087799072266,18995600
2024-04-12,53.65207290649414,27876700
2024-04-15,54.127113342285156,19407500
2024-04-16,53.59506607055664,25620000
2024-04-17,54.326637268066406,18867700
2024-04-18,55.80879211425781,24468500
2024-04-19,57.33843994140625,34334300
2024-04-22,58.051021575927734,21753400
2024-04-23,57.89900207519531,21731200
2024-04-24,57.57597351074219,19731600
2024-04-25,56.93940353393555,24002500
2024-04-26,56.92041015625,18785900
2024-04-29,56.815895080566406,15338400
2024-04-30,56.35984420776367,18007700
2024-05-01,56.549861907958984,16365400
2024-05-02,56.84440231323242,15329500
2024-05-03,56.94891357421875,17298500
2024-05-06,57.18643569946289,16240100
2024-05-07,57.252933502197266,16268200
2024-05-08,58.174537658691406,18718400
2024-05-09,58.556758880615234,14224300
2024-05-10,59.1396484375,14428200
2024-05-13,58.53764724731445,15203500
2024-05-14,59.1396484375,14499600
2024-05-15,59.56966018676758,17489600
2024-05-16,58.34653854370117,21104100
2024-05-17,58.36564636230469,15795800
2024-05-20,58.00252914428711,15029000
2024-05-21,58.728755950927734,18422100
2024-05-22,58.222312927246094,10340500
2024-05-23,57.02785873413086,13056100
2024-05-24,57.534305572509766,9913000
2024-05-28,56.83674621582031,11276300
2024-05-29,56.139190673828125,12835000
2024-05-30,56.57874298095703,13580800
2024-05-31,57.25719451904297,25386600
2024-06-03,56.70296859741211,13206500
2024-06-04,56.09141540527344,12520700
2024-06-05,56.072303771972656,11199100
2024-06-06,55.164520263671875,18587400
2024-06-07,55.76652526855469,14466700
2024-06-10,55.355628967285156,12787500
2024-06-11,54.5911865234375,19197800
2024-06-12,54.753631591796875,16929800
2024-06-13,54.72496795654297,15963700
2024-06-14,54.84918975830078,15375400
2024-06-17,55.65185546875,18361100
2024-06-18,56.42586135864258,15547400
2024-06-20,56.33985900878906,11985500
2024-06-21,55.5180778503418,62732600
2024-06-24,56.38764190673828,16198300
2024-06-25,54.6580696105957,26726900
2024-06-26,54.47651290893555,30425700
2024-06-27,54.868289947509766,13832200
2024-06-28,56.75075149536133,31074500
2024-07-01,57.897422790527344,14470200
2024-07-02,58.260536193847656,9543700
2024-07-03,57.96430969238281,6698800
2024-07-05,56.97052764892578,11436300
2024-07-08,56.38764190673828,12480000
2024-07-09,57.21897888183594,12233800
2024-07-10,57.06608963012695,12097200
2024-07-11,57.48653030395508,16852800
2024-07-12,54.02740478515625,53042800
2024-07-15,55.164520263671875,27277300
2024-07-16,57.5629768371582,25577300
2024-07-17,58.20320129394531,17371100
2024-07-18,56.607421875,17739000
2024-07-19,56.597862243652344,12362800
2024-07-22,56.511863708496094,13638600
2024-07-23,57.018310546875,10927800
2024-07-24,56.79853057861328,10777100
2024-07-25,57.04697799682617,14119600
2024-07-26,57.70630645751953,12538900
2024-07-29,56.94186019897461,8986200
2024-07-30,57.343196868896484,11503900
2024-07-31,56.70296859741211,11535800
2024-08-01,54.352291107177734,17752700
2024-08-02,50.89316177368164,27642600
2024-08-05,49.80382537841797,28594000
2024-08-06,50.03316116333008,18723500
2024-08-07,49.96626663208008,18407500
2024-08-08,50.41538619995117,16176000
2024-08-09,50.8005256652832,11669000
2024-08-12,50.126529693603516,18090100
2024-08-13,50.90644073486328,12268600
2024-08-14,51.6671028137207,13217200
2024-08-15,52.54330062866211,16549400
2024-08-16,53.275081634521484,19173900
2024-08-19,54.353477478027344,12792900
2024-08-20,54.06462478637695,12533500
2024-08-21,53.40024948120117,13691700
2024-08-22,53.88167953491211,15683000
2024-08-23,54.59419631958008,17074400
2024-08-26,54.61345291137695,9478800
2024-08-27,54.17053985595703,7638500
2024-08-28,54.9504508972168,11905200
2024-08-29,55.22005081176758,9283300
2024-08-30,56.2984619140625,20377300
2024-09-03,56.20217514038086,15933600
2024-09-04,55.96145248413086,10985800
2024-09-05,54.74825668334961,18301000
2024-09-06,51.994468688964844,21853800
2024-09-09,52.562564849853516,17134800
2024-09-10,51.946327209472656,24650000
2024-09-11,51.734500885009766,17322000
2024-09-12,49.654720306396484,42594200
2024-09-13,50.81977844238281,24762000
2024-09-16,51.79227066040039,18066200
2024-09-17,52.48553466796875,15885200
2024-09-18,52.244808197021484,20109000
2024-09-19,53.72761917114258,21399000
2024-09-20,54.199424743652344,45276000
2024-09-23,53.06324768066406,14759300
2024-09-24,52.14853286743164,16365600
2024-09-25,51.618961334228516,10555700
2024-09-26,54.295711517333984,34463400
2024-09-27,53.82390594482422,13530400
2024-09-30,54.391998291015625,16284200
2024-10-01,53.332847595214844,11069400
2024-10-02,53.24619674682617,9007200
2024-10-03,52.93807601928711,8135300
2024-10-04,54.844539642333984,14582800
2024-10-07,55.037113189697266,11177800
2024-10-08,55.17190933227539,12073000
2024-10-09,55.40299987792969,12415300
2024-10-10,55.605201721191406,12744000
2024-10-11,58.72486877441406,37049200
2024-10-14,59.851417541503906,30758800
2024-10-15,60.68910598754883,24693400
2024-10-16,61.51716613769531,17412600
2024-10-17,61.98896408081055,15073500
2024-10-18,61.9697151184082,19234000
2024-10-21,61.642333984375,15603400
2024-10-22,62.402992248535156,26164900
2024-10-23,62.16228485107422,18380900
2024-10-24,62.999977111816406,18393300
2024-10-25,62.13339614868164,14855500
2024-10-28,63.17328643798828,16158900
2024-10-29,62.87479019165039,13205500
2024-10-30,62.98072052001953,16021700
2024-10-31,62.508907318115234,12963200
2024-11-01,62.2778205871582,13313900
2024-11-04,61.33422088623047,12607400
2024-11-05,61.69047927856445,13447200
2024-11-06,69.77851104736328,63689100
2024-11-07,67.22692108154297,18681200
2024-11-08,67.82733917236328,14270900
2024-11-11,70.2677230834961,17117800
2024-11-12,70.30646514892578,17848200
2024-11-13,70.47109985351562,18823000
2024-11-14,70.50016021728516,13654800
2024-11-15,71.99150085449219,18837000
2024-11-18,71.74939727783203,18439600
2024-11-19,71.11023712158203,15412900
2024-11-20,71.25550842285156,14415400
2024-11-21,72.46601867675781,20068200
2024-11-22,73.56031799316406,14997400
2024-11-25,74.47061920166016,28636600
2024-11-26,74.90640258789062,19139100
2024-11-27,74.77083587646484,19793900
2024-11-29,73.76367950439453,9785000
2024-12-02,72.90180969238281,18274500
2024-12-03,71.79781341552734,15047900
2024-12-04,70.75193786621094,14301100
2024-12-05,71.3329849243164,17766700
2024-12-06,71.98181915283203,14798100
2024-12-09,70.3258285522461,15517500
2024-12-10,69.77385711669922,12277100
2024-12-11,69.33805847167969,11867400
2024-12-12,68.5633316040039,12446700
2024-12-13,68.21470642089844,16794500
2024-12-16,69.70606231689453,24602500
2024-12-17,68.5730209350586,15595900
2024-12-18,66.58777618408203,21201200
2024-12-19,66.67494201660156,16444600
2024-12-20,68.11785125732422,50113400
2024-12-23,68.3115463256836,11817000
2024-12-24,69.328369140625,4442700
2024-12-26,69.49299621582031,6964300
2024-12-27,68.86354064941406,7219500
2024-12-30,68.18565368652344,8443800
2024-12-31,68.02102661132812,7031500
