date,close,volume
2014-01-02,20.72639274597168,20634000
2014-01-03,20.658105850219727,14872200
2014-01-06,20.542537689208984,21840600
2014-01-07,20.605567932128906,15036900
2014-01-08,20.442724227905273,17865600
2014-01-09,20.511016845703125,17748900
2014-01-10,20.497880935668945,15543900
2014-01-13,20.353422164916992,18473700
2014-01-14,20.47687339782715,12264600
2014-01-15,20.3980770111084,14977200
2014-01-16,20.161678314208984,21604500
2014-01-17,20.0119686126709,34322100
2014-01-21,19.9200382232666,26913300
2014-01-22,19.791330337524414,17561100
2014-01-23,19.68889617919922,18018900
2014-01-24,19.54705810546875,27998400
2014-01-27,19.476146697998047,27266100
2014-01-28,19.61272621154785,18070200
2014-01-29,19.4630069732666,25301100
2014-01-30,19.633737564086914,20198700
2014-01-31,19.615354537963867,31634400
2014-02-03,19.084781646728516,31292100
2014-02-04,19.103172302246094,23266500
2014-02-05,19.139936447143555,14322900
2014-02-06,19.12680435180664,22059300
2014-02-07,19.371076583862305,21862800
2014-02-10,19.373695373535156,18612300
2014-02-11,19.646865844726562,19533600
2014-02-12,19.68889617919922,16019400
2014-02-13,19.7939510345459,15750600
2014-02-14,19.906896591186523,14726700
2014-02-18,19.786083221435547,17981400
2014-02-19,19.660001754760742,24390900
2014-02-20,19.310659408569336,39237300
2014-02-21,19.205595016479492,26913000
2014-02-24,19.266014099121094,21964500
2014-02-25,19.266014099121094,28448100
2014-02-26,19.64161491394043,27066600
2014-02-27,19.58382797241211,16344600
2014-02-28,19.620607376098633,22333800
2014-03-03,19.46826171875,16042800
2014-03-04,19.733552932739258,22631400
2014-03-05,19.646865844726562,16574400
2014-03-06,19.667882919311523,15319800
2014-03-07,19.71546745300293,15163800
2014-03-10,19.67581558227539,14481000
2014-03-11,19.805343627929688,27016800
2014-03-12,19.96660041809082,25882800
2014-03-13,19.807992935180664,17473500
2014-03-14,19.636165618896484,19857000
2014-03-17,19.741897583007812,17341200
2014-03-18,19.76569175720215,11831400
2014-03-19,19.662593841552734,17283300
2014-03-20,19.926950454711914,25912500
2014-03-21,20.117279052734375,51480600
2014-03-24,20.291757583618164,21838500
2014-03-25,20.320831298828125,22146600
2014-03-26,20.15163803100586,23183400
2014-03-27,20.127853393554688,16789800
2014-03-28,20.093482971191406,17613300
2014-03-31,20.204526901245117,14086800
2014-04-01,20.29439353942871,17310000
2014-04-02,20.402786254882812,18234300
2014-04-03,20.476804733276367,18121500
2014-04-04,20.437145233154297,20280600
2014-04-07,20.437145233154297,23027100
2014-04-08,20.667137145996094,22496100
2014-04-09,20.611621856689453,20633400
2014-04-10,20.326112747192383,22798800
2014-04-11,20.2230224609375,23937000
2014-04-14,20.455652236938477,16127700
2014-04-15,20.323469161987305,20785800
2014-04-16,20.41335678100586,15110400
2014-04-17,20.52967071533203,20894100
2014-04-21,20.513811111450195,13785300
2014-04-22,20.503238677978516,19396500
2014-04-23,20.630126953125,17418600
2014-04-24,20.701499938964844,13042500
2014-04-25,20.783451080322266,16177800
2014-04-28,21.084815979003906,28796100
2014-04-29,21.061023712158203,14087100
2014-04-30,21.07159996032715,18335100
2014-05-01,21.068958282470703,15294000
2014-05-02,20.915630340576172,16860000
2014-05-05,20.783451080322266,13773000
2014-05-06,20.6221981048584,16916700
2014-05-07,20.736568450927734,18258600
2014-05-08,20.93075180053711,14461800
2014-05-09,21.06639289855957,14689200
2014-05-12,21.053098678588867,17999400
2014-05-13,21.05044174194336,13091100
2014-05-14,20.94404411315918,16824900
2014-05-15,20.436004638671875,39107400
2014-05-16,20.483882904052734,21731400
2014-05-19,20.37748908996582,18393900
2014-05-20,20.13277244567871,22310100
2014-05-21,20.12479591369629,17112300
2014-05-22,20.052982330322266,15731100
2014-05-23,20.111495971679688,11110800
2014-05-27,20.106176376342773,16112400
2014-05-28,20.090211868286133,15110700
2014-05-29,20.209917068481445,12010500
2014-05-30,20.420040130615234,17894400
2014-06-02,20.417381286621094,13171200
2014-06-03,20.404081344604492,21640800
2014-06-04,20.51580238342285,18599700
2014-06-05,20.56633186340332,14087400
2014-06-06,20.53707504272461,12566700
2014-06-09,20.483882904052734,16642800
2014-06-10,20.380142211914062,10097100
2014-06-11,20.257793426513672,13389900
2014-06-12,20.143417358398438,16009800
2014-06-13,20.023719787597656,14944500
2014-06-16,20.039684295654297,11540700
2014-06-17,19.946582794189453,19632600
2014-06-18,20.135433197021484,20222100
2014-06-19,20.180648803710938,15765900
2014-06-20,20.130123138427734,33992100
2014-06-23,20.159372329711914,12802200
2014-06-24,20.207252502441406,16956900
2014-06-25,20.114154815673828,12954600
2014-06-26,19.925304412841797,20766300
2014-06-27,20.039684295654297,41882400
2014-06-30,19.96786117553711,19961400
2014-07-01,20.023719787597656,19813500
2014-07-02,20.114154815673828,13100400
2014-07-03,20.148733139038086,8622000
2014-07-07,20.233854293823242,15084000
2014-07-08,20.388126373291016,23881500
2014-07-09,20.53707504272461,18720300
2014-07-10,20.497180938720703,16117500
2014-07-11,20.433338165283203,13642500
2014-07-14,20.36152458190918,14468700
2014-07-15,20.43865966796875,13970700
2014-07-16,20.443988800048828,11172600
2014-07-17,20.37748908996582,13890900
2014-07-18,20.505159378051758,14739900
2014-07-21,20.420040130615234,10372800
2014-07-22,20.385465621948242,13149600
2014-07-23,20.478561401367188,11982900
2014-07-24,20.30832862854004,21684900
2014-07-25,20.207252502441406,11845200
2014-07-28,20.138092041015625,16529700
2014-07-29,20.0662784576416,18880500
2014-07-30,19.890727996826172,29931600
2014-07-31,19.5715389251709,28894800
2014-08-01,19.56089973449707,24671700
2014-08-04,19.56089973449707,16206300
2014-08-05,19.507692337036133,31739700
2014-08-06,19.866474151611328,23804400
2014-08-07,19.79953956604004,21147000
2014-08-08,19.992311477661133,14988900
2014-08-11,19.909305572509766,14164200
2014-08-12,19.871828079223633,11784600
2014-08-13,19.82095718383789,19857300
2014-08-14,19.917346954345703,18408900
2014-08-15,19.786155700683594,20828100
2014-08-18,19.944122314453125,12047100
2014-08-19,20.048534393310547,15143700
2014-08-20,20.06995964050293,14694900
2014-08-21,20.227924346923828,15781800
2014-08-22,20.276121139526367,12413400
2014-08-25,20.265405654907227,10180800
2014-08-26,20.219886779785156,12668700
2014-08-27,20.30824089050293,9601200
2014-08-28,20.321632385253906,8771100
2014-08-29,20.21453285217285,15241500
2014-09-02,20.281475067138672,13597200
2014-09-03,20.351089477539062,14128200
2014-09-04,20.49834442138672,15846900
2014-09-05,20.752696990966797,23525400
2014-09-08,20.490312576293945,17816700
2014-09-09,20.54654312133789,16896000
2014-09-10,20.484954833984375,20091300
2014-09-11,20.375186920166016,14859900
2014-09-12,20.286828994750977,16956900
2014-09-15,20.297534942626953,11245500
2014-09-16,20.434083938598633,12328500
2014-09-17,20.412662506103516,12717000
2014-09-18,20.407316207885742,14255100
2014-09-19,20.573312759399414,39970500
2014-09-22,20.43140983581543,13352100
2014-09-23,20.24131202697754,20124000
2014-09-24,20.6375675201416,25303800
2014-09-25,20.38053321838379,14890500
2014-09-26,20.479602813720703,11258700
2014-09-29,20.369827270507812,14877900
2014-09-30,20.474246978759766,16922100
2014-10-01,20.38053321838379,19574700
2014-10-02,20.409990310668945,14763600
2014-10-03,20.701824188232422,17459100
2014-10-06,20.709867477416992,16289100
2014-10-07,20.696475982666016,21179700
2014-10-08,20.948148727416992,24321300
2014-10-09,20.846406936645508,21218100
2014-10-10,20.9615421295166,30234000
2014-10-13,20.766088485717773,24603600
2014-10-14,20.878541946411133,23703300
2014-10-15,20.13422203063965,63173100
2014-10-16,19.76473045349121,43039800
2014-10-17,19.839696884155273,34386900
2014-10-20,20.11815071105957,21122100
2014-10-21,20.353759765625,24899100
2014-10-22,20.3564395904541,17782800
2014-10-23,20.415340423583984,19101300
2014-10-24,20.450153350830078,13438800
2014-10-27,20.506378173828125,12322200
2014-10-28,20.442119598388672,14938800
2014-10-29,20.452817916870117,17279100
2014-10-30,20.468894958496094,14617200
2014-10-31,20.420698165893555,22712100
2014-11-03,20.423376083374023,20683200
2014-11-04,20.685760498046875,20714700
2014-11-05,20.80357551574707,17021400
2014-11-06,20.833019256591797,13865700
2014-11-07,21.09006118774414,28496400
2014-11-10,21.269441604614258,37921500
2014-11-11,21.154314041137695,16807200
2014-11-12,21.205184936523438,20373600
2014-11-13,22.206544876098633,68437200
2014-11-14,22.211894989013672,31909800
2014-11-17,22.375219345092773,23980200
2014-11-18,22.434125900268555,18289200
2014-11-19,22.755413055419922,36569400
2014-11-20,22.645639419555664,23438100
2014-11-21,22.66438102722168,19948800
2014-11-24,22.86518669128418,23986500
2014-11-25,22.744705200195312,20026500
2014-11-26,22.752735137939453,11828400
2014-11-28,23.43815040588379,23461800
2014-12-01,23.084735870361328,27422700
2014-12-02,23.13292694091797,20298900
2014-12-03,22.86907958984375,19122900
2014-12-04,22.820615768432617,20704200
2014-12-05,22.648305892944336,19710300
2014-12-08,22.677915573120117,18798000
2014-12-09,22.497528076171875,19900800
2014-12-10,22.34136390686035,20920800
2014-12-11,22.570220947265625,24098400
2014-12-12,22.56483268737793,21852300
2014-12-15,22.599838256835938,18953100
2014-12-16,22.33598518371582,22312200
2014-12-17,22.677915573120117,19923000
2014-12-18,23.138317108154297,25937700
2014-12-19,22.928302764892578,36206400
2014-12-22,23.256776809692383,13727400
2014-12-23,23.332170486450195,16657800
2014-12-24,23.27023696899414,7475400
2014-12-26,23.399471282958984,9747900
2014-12-29,23.326784133911133,10816800
2014-12-30,23.367168426513672,9796200
2014-12-31,23.12215805053711,12454200
2015-01-02,23.127544403076172,13505400
2015-01-05,23.06023597717285,20937000
2015-01-06,23.237937927246094,24615300
2015-01-07,23.8544921875,25495200
2015-01-08,24.357961654663086,38140800
2015-01-09,24.056411743164062,25567500
2015-01-12,24.23680305480957,22117500
2015-01-13,24.045639038085938,24646200
2015-01-14,23.31869888305664,35862900
2015-01-15,23.52602195739746,28238100
2015-01-16,23.36178207397461,25226700
2015-01-20,23.340240478515625,23559300
2015-01-21,23.326784133911133,24521400
2015-01-22,23.773717880249023,21371400
2015-01-23,23.83025360107422,22697400
2015-01-26,23.862567901611328,14000100
2015-01-27,23.5664005279541,18061500
2015-01-28,23.37523651123047,17810400
2015-01-29,23.6175537109375,19568400
2015-01-30,22.879846572875977,30840600
2015-02-02,23.076383590698242,20781600
2015-02-03,23.20561981201172,24850500
2015-02-04,23.329469680786133,26796900
2015-02-05,23.49908447265625,15272400
2015-02-06,23.512556076049805,16852800
2015-02-09,23.130233764648438,16368600
2015-02-10,23.501787185668945,17196300
2015-02-11,23.246007919311523,17559300
2015-02-12,23.12485122680664,20824800
2015-02-13,23.10331153869629,16791000
2015-02-17,23.143701553344727,15261600
2015-02-18,23.232545852661133,18098100
2015-02-19,22.486759185791016,55940400
2015-02-20,22.696765899658203,41521200
2015-02-23,22.777538299560547,20191200
2015-02-24,22.769458770751953,15593100
2015-02-25,22.500211715698242,20425200
2015-02-26,22.5621395111084,17664300
2015-02-27,22.59714698791504,17632200
2015-03-02,22.605222702026367,18184500
2015-03-03,22.44637107849121,19382400
2015-03-04,22.23367691040039,18643200
2015-03-05,22.500211715698242,17992500
2015-03-06,22.236370086669922,17193000
2015-03-09,22.3144474029541,14014500
2015-03-10,22.096359252929688,18933300
2015-03-11,21.855300903320312,18482700
2015-03-12,22.183040618896484,15677400
2015-03-13,22.183040618896484,14286600
2015-03-16,22.559526443481445,19557300
2015-03-17,22.3780574798584,14406000
2015-03-18,22.353675842285156,30756900
2015-03-19,22.080110549926758,21638700
2015-03-20,22.54598617553711,37095900
2015-03-23,22.56494140625,19517100
2015-03-24,22.494518280029297,16077300
2015-03-25,22.025936126708984,19937700
2015-03-26,22.18031883239746,24801600
2015-03-27,22.03406524658203,17152200
2015-03-30,22.353675842285156,17105100
2015-03-31,22.277830123901367,16763100
2015-04-01,21.8607234954834,24920100
2015-04-02,21.866134643554688,17387100
2015-04-06,21.93656349182129,19142100
2015-04-07,21.803836822509766,19818300
2015-04-08,21.947389602661133,20084100
2015-04-09,21.895931243896484,11770800
2015-04-10,21.84446144104004,16440900
2015-04-13,21.746957778930664,14094300
2015-04-14,21.70903778076172,16595100
2015-04-15,21.59798812866211,18601200
2015-04-16,21.462568283081055,24045300
2015-04-17,21.094194412231445,35468400
2015-04-20,21.16461753845215,26542800
2015-04-21,21.134822845458984,18600600
2015-04-22,21.2431697845459,22784100
2015-04-23,21.44631004333496,22406700
2015-04-24,21.625076293945312,20603400
2015-04-27,21.497774124145508,19349400
2015-04-28,21.424644470214844,14687700
2015-04-29,21.094194412231445,21325200
2015-04-30,21.14023780822754,26387700
2015-05-01,21.289215087890625,14999100
2015-05-04,21.44631004333496,20007600
2015-05-05,21.161911010742188,17566200
2015-05-06,21.164636611938477,16440300
2015-05-07,21.268213272094727,16614300
2015-05-08,21.404495239257812,16042200
2015-05-11,21.28728675842285,11234700
2015-05-12,21.521696090698242,25347000
2015-05-13,21.30364990234375,25263600
2015-05-14,21.456279754638672,18510600
2015-05-15,21.5980167388916,19851600
2015-05-18,21.783355712890625,24900900
2015-05-19,20.83210563659668,67375800
2015-05-20,20.687650680541992,31625700
2015-05-21,20.744890213012695,20268600
2015-05-22,20.676748275756836,20445000
2015-05-26,20.415084838867188,31720800
2015-05-27,20.494129180908203,20961300
2015-05-28,20.398731231689453,15076500
2015-05-29,20.243366241455078,19125300
2015-06-01,20.368745803833008,16938000
2015-06-02,20.314237594604492,17393400
2015-06-03,20.412357330322266,18281400
2015-06-04,20.21065902709961,26948400
2015-06-05,19.913562774658203,31905300
2015-06-08,19.790918350219727,28779000
2015-06-09,19.752758026123047,25006800
2015-06-10,19.87813377380371,33647400
2015-06-11,19.880863189697266,22260000
2015-06-12,19.741851806640625,21739800
2015-06-15,19.605573654174805,22700400
2015-06-16,19.720050811767578,18646800
2015-06-17,19.82361602783203,17111700
2015-06-18,19.891761779785156,25129800
2015-06-19,19.82634162902832,43652100
2015-06-22,19.839975357055664,19468500
2015-06-23,19.78000831604004,23628900
2015-06-24,19.728225708007812,22015200
2015-06-25,19.586488723754883,15879600
2015-06-26,19.657360076904297,20693400
2015-06-29,19.466562271118164,24563400
2015-06-30,19.3330020904541,33307800
2015-07-01,19.59193992614746,32321700
2015-07-02,19.586488723754883,19758300
2015-07-06,19.76910972595215,31609500
2015-07-07,20.112537384033203,37263900
2015-07-08,19.913562774658203,23373000
2015-07-09,19.837247848510742,26087400
2015-07-10,19.92991065979004,16737900
2015-07-13,20.13706398010254,18253500
2015-07-14,20.112537384033203,16554600
2015-07-15,20.074378967285156,13700100
2015-07-16,20.123445510864258,15695100
2015-07-17,20.003509521484375,17041800
2015-07-20,19.924470901489258,15256800
2015-07-21,19.82634162902832,19323300
2015-07-22,19.94081687927246,20884800
2015-07-23,19.76365852355957,12758700
2015-07-24,19.510169982910156,17853300
2015-07-27,19.455657958984375,18592800
2015-07-28,19.65190315246582,25776900
2015-07-29,19.687339782714844,14819100
2015-07-30,19.668264389038086,13813500
2015-07-31,19.61920166015625,23785200
2015-08-03,19.673717498779297,15395400
2015-08-04,19.692785263061523,17620200
2015-08-05,20.173038482666016,26147400
2015-08-06,19.975446701049805,19103100
2015-08-07,19.552825927734375,23392500
2015-08-10,19.61594581604004,18060300
2015-08-11,19.739444732666016,20487600
2015-08-12,19.917814254760742,26524200
2015-08-13,19.78883934020996,22957200
2015-08-14,19.862930297851562,17737500
2015-08-17,19.73395538330078,22813200
2015-08-18,19.067096710205078,63945000
2015-08-19,18.817367553710938,49000200
2015-08-20,18.77895164489746,29580300
2015-08-21,18.260286331176758,47239500
2015-08-24,17.549522399902344,66718800
2015-08-25,17.316261291503906,44403000
2015-08-26,17.791017532348633,41784900
2015-08-27,18.13404655456543,41738400
2015-08-28,17.82120132446289,42909000
2015-08-31,17.763578414916992,24525600
2015-09-01,17.51384735107422,40181700
2015-09-02,17.68399429321289,28543800
2015-09-03,17.79924964904785,25571400
2015-09-04,17.533058166503906,27697200
2015-09-08,18.21637725830078,53120400
2015-09-09,17.8705997467041,28392600
2015-09-10,17.596174240112305,43574400
2015-09-11,17.74161720275879,24187200
2015-09-14,17.64008140563965,20870100
2015-09-15,17.651065826416016,20582400
2015-09-16,17.752601623535156,16876200
2015-09-17,17.692222595214844,21399300
2015-09-18,17.38212776184082,38655600
2015-09-21,17.486398696899414,21358800
2015-09-22,17.45073127746582,26402400
2015-09-23,17.486398696899414,17629800
2015-09-24,17.5165958404541,20868600
2015-09-25,17.50287437438965,21489000
2015-09-28,17.469938278198242,28183200
2015-09-29,17.50287437438965,22920300
2015-09-30,17.79376220703125,23937600
2015-10-01,17.637331008911133,23511600
2015-10-02,17.83218765258789,21252000
2015-10-05,18.0764217376709,18900900
2015-10-06,18.024282455444336,22232700
2015-10-07,18.210887908935547,21408000
2015-10-08,18.353591918945312,17923500
2015-10-09,18.30144691467285,20262000
2015-10-12,18.3673095703125,16931700
2015-10-13,18.312427520751953,26575200
2015-10-14,16.47377586364746,242694300
2015-10-15,16.281679153442383,138760500
2015-10-16,16.160930633544922,78585300
2015-10-19,16.149953842163086,53417400
2015-10-20,16.12251091003418,31271100
2015-10-21,16.092323303222656,39352800
2015-10-22,16.16367530822754,43765500
2015-10-23,15.999016761779785,39121800
2015-10-26,15.9221830368042,32519400
2015-10-27,15.7739896774292,31534200
2015-10-28,15.817901611328125,35504100
2015-10-29,15.905713081359863,38566500
2015-10-30,15.708126068115234,47416500
2015-11-02,15.809663772583008,32157600
2015-11-03,15.946884155273438,30761700
2015-11-04,16.01822853088379,30169500
2015-11-05,16.084087371826172,26581500
2015-11-06,16.1307373046875,29931900
2015-11-09,16.051164627075195,25321200
2015-11-10,16.10330581665039,22844700
2015-11-11,15.80142593383789,26069700
2015-11-12,15.628541946411133,28654500
2015-11-13,15.483095169067383,37544700
2015-11-16,15.881017684936523,39964800
2015-11-17,16.443584442138672,74037900
2015-11-18,16.72075653076172,44633100
2015-11-19,16.657634735107422,34698300
2015-11-20,16.48475456237793,37113300
2015-11-23,16.536890029907227,31731000
2015-11-24,16.443584442138672,37361700
2015-11-25,16.531408309936523,23460600
2015-11-27,16.435348510742188,16022700
2015-11-30,16.14720916748047,44827800
2015-12-01,16.188373565673828,36612300
2015-12-02,16.146867752075195,40760700
2015-12-03,16.337804794311523,47532300
2015-12-04,16.509370803833008,31305900
2015-12-07,16.741823196411133,34787700
2015-12-08,16.495540618896484,31132800
2015-12-09,16.36270523071289,26945100
2015-12-10,16.481700897216797,34078200
2015-12-11,16.426355361938477,29235000
2015-12-14,16.711381912231445,43574700
2015-12-15,16.503843307495117,43846200
2015-12-16,16.686477661132812,29881500
2015-12-17,16.32120132446289,38928300
2015-12-18,16.285228729248047,48770100
2015-12-21,16.47892951965332,28936500
2015-12-22,16.75288963317871,27798900
2015-12-23,16.90508460998535,22559400
2015-12-24,16.83313751220703,7448400
2015-12-28,16.811002731323242,16265100
2015-12-29,17.04898452758789,23650800
2015-12-30,17.068357467651367,17150100
2015-12-31,16.963191986083984,19725300
2016-01-04,17.007474899291992,35967600
2016-01-05,17.4114933013916,39978000
2016-01-06,17.585834503173828,49693800
2016-01-07,17.995378494262695,79290000
2016-01-08,17.58305549621582,53303700
2016-01-11,17.771242141723633,37961400
2016-01-12,17.605201721191406,36587700
2016-01-13,17.13477325439453,41177100
2016-01-14,17.450239181518555,38804700
2016-01-15,17.137537002563477,45523200
2016-01-19,17.311870574951172,39153900
2016-01-20,16.83591079711914,52107300
2016-01-21,17.123701095581055,36267600
2016-01-22,17.34784507751465,27592500
2016-01-25,17.558162689208984,38470200
2016-01-26,17.710355758666992,28323600
2016-01-27,17.69651985168457,30642900
2016-01-28,17.771242141723633,33834900
2016-01-29,18.36342430114746,49317300
2016-02-01,18.67889404296875,44185200
2016-02-02,18.501785278320312,40757700
2016-02-03,18.338520050048828,36946800
2016-02-04,18.38003158569336,38500200
2016-02-05,18.540525436401367,42589500
2016-02-08,18.51285743713379,62230800
2016-02-09,18.211231231689453,43927200
2016-02-10,18.205698013305664,29127900
2016-02-11,18.075634002685547,33560100
2016-02-12,18.313615798950195,29086500
2016-02-16,18.236129760742188,34081500
2016-02-17,18.29424285888672,37280100
2016-02-18,17.743560791015625,83683800
2016-02-19,17.89299964904785,46686900
2016-02-22,18.161420822143555,31761900
2016-02-23,18.396635055541992,34296000
2016-02-24,18.573741912841797,30873600
2016-02-25,18.828327178955078,28743900
2016-02-26,18.404939651489258,32952900
2016-02-29,18.357894897460938,28035600
2016-03-01,18.391098022460938,31288500
2016-03-02,18.321918487548828,27496800
2016-03-03,18.30254554748535,35540400
2016-03-04,18.479650497436523,30031500
2016-03-07,18.786815643310547,38476200
2016-03-08,18.828327178955078,30203700
2016-03-09,18.825538635253906,23474400
2016-03-10,18.792085647583008,30677400
2016-03-11,18.725173950195312,24872700
2016-03-14,18.77813720703125,20137500
2016-03-15,18.98164939880371,22700700
2016-03-16,18.953773498535156,24654000
2016-03-17,18.803234100341797,35514300
2016-03-18,18.663848876953125,69459300
2016-03-21,18.948198318481445,28247400
2016-03-22,18.920320510864258,22543500
2016-03-23,18.80602264404297,18331800
2016-03-24,18.956565856933594,18914100
2016-03-28,18.99001121520996,16810500
2016-03-29,18.964920043945312,19473000
2016-03-30,19.179574966430664,21625500
2016-03-31,19.09315299987793,18850500
2016-04-01,19.25206184387207,19807200
2016-04-04,19.263202667236328,20470200
2016-04-05,19.134965896606445,17337000
2016-04-06,19.24648094177246,16088100
2016-04-07,19.017887115478516,18331500
2016-04-08,18.973285675048828,19548000
2016-04-11,18.789297103881836,23596200
2016-04-12,19.179574966430664,23203800
2016-04-13,19.277143478393555,18788100
2016-04-14,19.179574966430664,20931300
2016-04-15,19.25206184387207,22753500
2016-04-18,19.475080490112305,19868700
2016-04-19,19.449987411499023,24598200
2016-04-20,19.29387664794922,16237500
2016-04-21,19.087589263916016,19852800
2016-04-22,19.15727424621582,18645300
2016-04-25,19.366357803344727,17688600
2016-04-26,19.318958282470703,19945200
2016-04-27,19.3524169921875,15441900
2016-04-28,19.21024513244629,14330700
2016-04-29,18.64154052734375,36297000
2016-05-02,18.842260360717773,22829100
2016-05-03,18.67778205871582,17767800
2016-05-04,18.73075294494629,18088500
2016-05-05,18.736328125,24273000
2016-05-06,19.02625274658203,29476200
2016-05-09,19.221385955810547,25968600
2016-05-10,19.17679214477539,19208700
2016-05-11,18.648855209350586,43792500
2016-05-12,18.77242088317871,28600500
2016-05-13,18.23606300354004,41234100
2016-05-16,18.539337158203125,30545400
2016-05-17,18.280996322631836,27758100
2016-05-18,17.7334041595459,66767700
2016-05-19,19.43233299255371,105230100
2016-05-20,19.6176700592041,50239800
2016-05-23,19.516572952270508,30299400
2016-05-24,19.72437858581543,26484000
2016-05-25,19.79176902770996,21791700
2016-05-26,19.89567756652832,26081700
2016-05-27,19.867591857910156,17321100
2016-05-31,19.876008987426758,25170600
2016-06-01,19.797382354736328,21662700
2016-06-02,19.92375373840332,19526100
2016-06-03,19.901296615600586,19123500
2016-06-06,19.95183563232422,27054000
2016-06-07,19.946216583251953,22090200
2016-06-08,20.01642608642578,18417000
2016-06-09,19.96306800842285,18209700
2016-06-10,19.977109909057617,22534200
2016-06-13,19.805814743041992,23722800
2016-06-14,19.92375373840332,27199200
2016-06-15,19.971498489379883,24051000
2016-06-16,20.022045135498047,20115600
2016-06-17,19.92375373840332,54177900
2016-06-20,19.965879440307617,21427500
2016-06-21,20.066967010498047,20024400
2016-06-22,20.148405075073242,25372500
2016-06-23,20.246694564819336,20910600
2016-06-24,20.207380294799805,45361200
2016-06-27,20.078203201293945,33910200
2016-06-28,20.081008911132812,25683600
2016-06-29,20.3477783203125,21044100
2016-06-30,20.505046844482422,26140800
2016-07-01,20.446073532104492,22916400
2016-07-05,20.538740158081055,32245800
2016-07-06,20.72968864440918,33188100
2016-07-07,20.648256301879883,23378400
2016-07-08,20.735307693481445,27382800
2016-07-11,20.79707908630371,27120300
2016-07-12,20.575244903564453,37083600
2016-07-13,20.67352867126465,19197000
2016-07-14,20.695995330810547,19939200
2016-07-15,20.687570571899414,17984400
2016-07-18,20.735307693481445,16371900
2016-07-19,20.684764862060547,14394300
2016-07-20,20.721271514892578,15846000
2016-07-21,20.645442962646484,13175700
2016-07-22,20.65387535095215,12949800
2016-07-25,20.71002960205078,14202000
2016-07-26,20.704421997070312,15744900
2016-07-27,20.589284896850586,17333700
2016-07-28,20.56682014465332,13809600
2016-07-29,20.490999221801758,18906600
2016-08-01,20.71845817565918,17605200
2016-08-02,20.535934448242188,19539300
2016-08-03,20.482576370239258,19704300
2016-08-04,20.583669662475586,14834700
2016-08-05,20.71284294128418,16246200
2016-08-08,20.594900131225586,19731600
2016-08-09,20.651063919067383,19283700
2016-08-10,20.908353805541992,24156900
2016-08-11,20.86594009399414,18870900
2016-08-12,20.89139175415039,29982600
2016-08-15,20.730228424072266,28908300
2016-08-16,20.608654022216797,29289900
2016-08-17,20.619970321655273,43029900
2016-08-18,21.007307052612305,80574900
2016-08-19,20.586030960083008,46039200
2016-08-22,20.554931640625,30936300
2016-08-23,20.348548889160156,28174200
2016-08-24,20.422046661376953,30152100
2016-08-25,20.1364803314209,31542600
2016-08-26,20.113861083984375,30115500
2016-08-29,20.1873722076416,22404300
2016-08-30,20.161930084228516,17322600
2016-08-31,20.198684692382812,18934800
2016-09-01,20.594518661499023,35284200
2016-09-02,20.49839210510254,24248700
2016-09-06,20.639747619628906,28712700
2016-09-07,20.37398338317871,28854900
2016-09-08,20.308950424194336,28983600
2016-09-09,19.876367568969727,36517800
2016-09-12,20.340057373046875,32592000
2016-09-13,20.204341888427734,22523700
2016-09-14,20.221311569213867,20941500
2016-09-15,20.470108032226562,21886800
2016-09-16,20.602998733520508,41807100
2016-09-19,20.382465362548828,20762100
2016-09-20,20.348548889160156,17731800
2016-09-21,20.410737991333008,20027700
2016-09-22,20.4333553314209,17615700
2016-09-23,20.45597267150879,23089200
2016-09-26,20.249576568603516,17846100
2016-09-27,20.450321197509766,19033200
2016-09-28,20.297637939453125,18554700
2016-09-29,19.997947692871094,23990400
2016-09-30,20.39095115661621,29947800
2016-10-03,20.359838485717773,17573100
2016-10-04,20.28633689880371,19707900
2016-10-05,20.263710021972656,19393200
2016-10-06,19.610593795776367,60330900
2016-10-07,19.423988342285156,37961400
2016-10-10,19.220415115356445,26965200
2016-10-11,19.053606033325195,25774500
2016-10-12,19.073392868041992,26822100
2016-10-13,19.291101455688477,27581400
2016-10-14,19.35331153869629,19248000
2016-10-17,19.28827476501465,22480200
2016-10-18,19.472055435180664,23573100
2016-10-19,19.477706909179688,21369900
2016-10-20,19.432462692260742,18882000
2016-10-21,19.322200775146484,23533800
2016-10-24,19.562524795532227,21490800
2016-10-25,19.610593795776367,22889100
2016-10-26,19.675621032714844,15151500
2016-10-27,19.74348258972168,21394800
2016-10-28,19.788719177246094,20858700
2016-10-31,19.79720687866211,19167000
2016-11-01,19.593626022338867,26515800
2016-11-02,19.636035919189453,22935900
2016-11-03,19.68692970275879,20411700
2016-11-04,19.554048538208008,21786300
2016-11-07,19.729345321655273,29266200
2016-11-08,19.73217010498047,22863900
2016-11-09,20.102556228637695,50338500
2016-11-10,20.184545516967773,42963900
2016-11-11,20.139312744140625,24671700
2016-11-14,19.930089950561523,38752500
2016-11-15,20.193029403686523,29175300
2016-11-16,20.184545516967773,33577200
2016-11-17,19.562524795532227,70320900
2016-11-18,19.378751754760742,33405900
2016-11-21,19.613420486450195,25068000
2016-11-22,19.82547378540039,32952000
2016-11-23,20.02621078491211,22196700
2016-11-25,20.139312744140625,12703200
2016-11-28,20.12799835205078,21297600
2016-11-29,20.178897857666016,21930300
2016-11-30,19.91312599182129,27978300
2016-12-01,19.980979919433594,20549400
2016-12-02,20.040359497070312,20022600
2016-12-05,19.774580001831055,31583700
2016-12-06,19.893327713012695,23334000
2016-12-07,20.10405158996582,20898600
2016-12-08,20.030012130737305,20532600
2016-12-09,19.955978393554688,32270100
2016-12-12,20.408742904663086,27252300
2016-12-13,20.445762634277344,26662500
2016-12-14,20.31477928161621,26008200
2016-12-15,20.24073600769043,21408900
2016-12-16,20.212257385253906,53534400
2016-12-19,20.383115768432617,17667900
2016-12-20,20.451457977294922,18324300
2016-12-21,20.286300659179688,15303000
2016-12-22,19.81644630432129,36320400
2016-12-23,19.80220603942871,14411700
2016-12-27,19.847768783569336,13307100
2016-12-28,19.736705780029297,14627100
2016-12-29,19.722471237182617,12895200
2016-12-30,19.682607650756836,20668500
2017-01-03,19.55162239074707,31419600
2017-01-04,19.6655216217041,23754000
2017-01-05,19.708236694335938,21297600
2017-01-06,19.437711715698242,28473300
2017-01-09,19.56584930419922,26055600
2017-01-10,19.42917251586914,30769500
2017-01-11,19.514596939086914,20092800
2017-01-12,19.35512924194336,19634700
2017-01-13,19.11594009399414,30037500
2017-01-17,19.483280181884766,39502500
2017-01-18,19.394996643066406,21964500
2017-01-19,19.255460739135742,20463300
2017-01-20,19.130170822143555,36164100
2017-01-23,18.979251861572266,23854200
2017-01-24,19.19282341003418,32131800
2017-01-25,19.047590255737305,26168700
2017-01-26,19.002031326293945,19512300
2017-01-27,18.697338104248047,40300800
2017-01-30,18.913755416870117,25924500
2017-01-31,19.004884719848633,27962700
2017-02-01,18.859651565551758,27150000
2017-02-02,18.99348258972168,26996100
2017-02-03,18.936538696289062,22875900
2017-02-06,18.908061981201172,27291600
2017-02-07,19.047590255737305,17417100
2017-02-08,19.309574127197266,22982400
2017-02-09,19.671220779418945,33241500
2017-02-10,19.369367599487305,37336800
2017-02-13,19.298181533813477,25122900
2017-02-14,19.55162239074707,25386900
2017-02-15,19.560163497924805,25689900
2017-02-16,19.61142349243164,25241400
2017-02-17,19.75379753112793,38512200
2017-02-21,20.34609603881836,67238700
2017-02-22,20.420137405395508,45728100
2017-02-23,20.306228637695312,38399100
2017-02-24,20.61376953125,41669700
2017-02-27,20.42867088317871,27764100
2017-02-28,20.198022842407227,47857800
2017-03-01,20.061336517333984,40568100
2017-03-02,20.14961051940918,26748900
2017-03-03,19.94173812866211,27893700
2017-03-06,19.899024963378906,27547800
2017-03-07,19.89617347717285,21848700
2017-03-08,20.022396087646484,23939400
2017-03-09,20.039608001708984,22693500
2017-03-10,20.108444213867188,21296400
2017-03-13,20.065425872802734,20407500
2017-03-14,20.286298751831055,29875200
2017-03-15,20.24614143371582,26441400
2017-03-16,20.20598602294922,21183000
2017-03-17,20.048213958740234,42235200
2017-03-20,20.07402801513672,22398600
2017-03-21,20.05108070373535,26240400
2017-03-22,20.151473999023438,19366800
2017-03-23,20.039608001708984,20696400
2017-03-24,19.9678897857666,17577000
2017-03-27,19.982234954833984,17377800
2017-03-28,20.171550750732422,21756600
2017-03-29,20.29203987121582,20973000
2017-03-30,20.53586196899414,24424500
2017-03-31,20.676420211791992,29819400
2017-04-03,20.604703903198242,24873900
2017-04-04,20.656335830688477,16701900
2017-04-05,20.553068161010742,19063500
2017-04-06,20.489965438842773,17823300
2017-04-07,20.911638259887695,32304000
2017-04-10,20.95754051208496,22487700
2017-04-11,21.063669204711914,17431500
2017-04-12,21.066537857055664,19881900
2017-04-13,20.98335838317871,16009200
2017-04-17,21.08088493347168,16396200
2017-04-18,21.19562339782715,19883700
2017-04-19,21.247262954711914,17821800
2017-04-20,21.456661224365234,23043900
2017-04-21,21.496816635131836,17267100
2017-04-24,21.450923919677734,23437500
2017-04-25,21.528366088867188,17161200
2017-04-26,21.637380599975586,20845500
2017-04-27,21.640247344970703,18156600
2017-04-28,21.565670013427734,21991200
2017-05-01,21.58000946044922,18497700
2017-05-02,21.663198471069336,21955200
2017-05-03,21.73204231262207,16570800
2017-05-04,21.89841079711914,16502400
2017-05-05,21.944316864013672,16793400
2017-05-08,21.835304260253906,19536600
2017-05-09,22.007423400878906,24765900
2017-05-10,22.148914337158203,22535700
2017-05-11,21.984315872192383,25048200
2017-05-12,21.863037109375,17678700
2017-05-15,22.030517578125,26531700
2017-05-16,21.689767837524414,25115400
2017-05-17,21.692651748657227,32913000
2017-05-18,22.39148712158203,57500400
2017-05-19,22.746681213378906,55745100
2017-05-22,22.683141708374023,26692800
2017-05-23,22.66582489013672,22754700
2017-05-24,22.567636489868164,22281000
2017-05-25,22.613847732543945,18405000
2017-05-26,22.561864852905273,18377400
2017-05-30,22.567636489868164,16231200
2017-05-31,22.697587966918945,24605100
2017-06-01,23.04700469970703,24459300
2017-06-02,22.99213981628418,23989500
2017-06-05,23.176950454711914,30437100
2017-06-06,22.792882919311523,34577700
2017-06-07,22.856414794921875,25533600
2017-06-08,22.792882919311523,32799000
2017-06-09,22.93437957763672,28215300
2017-06-12,22.88240623474121,31231800
2017-06-13,22.96326446533203,16584000
2017-06-14,23.0729923248291,15019500
2017-06-15,22.787113189697266,33891600
2017-06-16,21.727312088012695,168699000
2017-06-19,21.802391052246094,48285300
2017-06-20,21.81393814086914,30057600
2017-06-21,22.01607894897461,27034200
2017-06-22,21.808164596557617,24333900
2017-06-23,21.611797332763672,39240900
2017-06-26,21.802391052246094,25762500
2017-06-27,21.94965934753418,19363200
2017-06-28,22.09404754638672,20966700
2017-06-29,21.926557540893555,21190500
2017-06-30,21.854368209838867,20889900
2017-07-03,21.761960983276367,14545800
2017-07-05,21.750415802001953,18110700
2017-07-06,21.793725967407227,18485400
2017-07-07,21.75330352783203,15921300
2017-07-10,21.14687728881836,45200100
2017-07-11,21.2161808013916,22597800
2017-07-12,21.35190773010254,17100600
2017-07-13,21.672443389892578,24481500
2017-07-14,22.044963836669922,27455700
2017-07-17,22.053619384765625,26506800
2017-07-18,22.004533767700195,12944700
2017-07-19,21.90924072265625,15940800
2017-07-20,21.952552795410156,14896200
2017-07-21,21.990093231201172,21459900
2017-07-24,22.203784942626953,22164000
2017-07-25,22.674489974975586,34512000
2017-07-26,22.78421974182129,20148300
2017-07-27,23.038341522216797,24157500
2017-07-28,23.04700469970703,14925600
2017-07-31,23.09897804260254,18789600
2017-08-01,23.24626350402832,17179500
2017-08-02,23.254915237426758,26019000
2017-08-03,23.35310173034668,29840700
2017-08-04,23.240482330322266,21425400
2017-08-07,23.471498489379883,16453500
2017-08-08,23.561016082763672,22144200
2017-08-09,23.71503448486328,19819500
2017-08-10,23.43897247314453,24135000
2017-08-11,23.363420486450195,23716500
2017-08-14,23.450590133666992,23376000
2017-08-15,23.470935821533203,21198300
2017-08-16,23.53196144104004,34608000
2017-08-17,23.160001754760742,51881100
2017-08-18,23.046672821044922,29259000
2017-08-21,23.162906646728516,28841700
2017-08-22,23.253000259399414,19638300
2017-08-23,23.235557556152344,23397900
2017-08-24,22.764808654785156,57384000
2017-08-25,22.849071502685547,29706600
2017-08-28,22.674724578857422,25864500
2017-08-29,22.88975715637207,22995600
2017-08-30,22.822921752929688,17489400
2017-08-31,22.68634605407715,24584400
2017-09-01,22.773523330688477,19423200
2017-09-05,23.18906593322754,36205500
2017-09-06,23.27043342590332,25278300
2017-09-07,23.282054901123047,20462400
2017-09-08,22.921720504760742,29998800
2017-09-11,22.97984504699707,21000600
2017-09-12,23.133853912353516,18015000
2017-09-13,23.206506729125977,26471100
2017-09-14,23.154191970825195,20817900
2017-09-15,23.357603073120117,39953400
2017-09-18,23.2471866607666,24528300
2017-09-19,23.261701583862305,18523200
2017-09-20,23.392475128173828,15954600
2017-09-21,23.250091552734375,19290900
2017-09-22,23.110605239868164,17265900
2017-09-25,23.00018310546875,25643400
2017-09-26,23.069921493530273,17505900
2017-09-27,23.040864944458008,18943800
2017-09-28,22.942066192626953,37118400
2017-09-29,22.706687927246094,31060200
2017-10-02,22.796772003173828,23127600
2017-10-03,23.02052116394043,23810100
2017-10-04,22.982744216918945,18520200
2017-10-05,23.075733184814453,15416100
2017-10-06,22.956588745117188,18740100
2017-10-09,23.40119171142578,40479000
2017-10-10,24.44731903076172,75372000
2017-10-11,24.912261962890625,55683000
2017-10-12,25.0197811126709,38631000
2017-10-13,25.170896530151367,28167000
2017-10-16,24.9151668548584,27900900
2017-10-17,24.984907150268555,17554500
2017-10-18,25.054655075073242,16416300
2017-10-19,25.106958389282227,21087000
2017-10-20,25.409170150756836,22853400
2017-10-23,25.760780334472656,31758000
2017-10-24,25.56609535217285,23102700
2017-10-25,25.711381912231445,19224000
2017-10-26,25.7520694732666,19454700
2017-10-27,25.62130355834961,19851000
2017-10-30,25.26677894592285,21156000
2017-10-31,25.371387481689453,18020700
2017-11-01,25.554466247558594,18528300
2017-11-02,25.80437469482422,15549300
2017-11-03,26.06009864807129,19536300
2017-11-06,25.77531623840332,15772200
2017-11-07,25.847965240478516,16047900
2017-11-08,26.228635787963867,20302500
2017-11-09,26.24026107788086,20713500
2017-11-10,26.420425415039062,22943400
2017-11-13,26.440767288208008,25474800
2017-11-14,26.469823837280273,29502300
2017-11-15,26.10367774963379,25300200
2017-11-16,28.948556900024414,114367200
2017-11-17,28.32379150390625,70726500
2017-11-20,28.326690673828125,49182900
2017-11-21,28.047719955444336,38239500
2017-11-22,28.015762329101562,26754600
2017-11-24,28.07678985595703,13488300
2017-11-27,28.07678985595703,26714700
2017-11-28,28.120378494262695,26128800
2017-11-29,28.34993553161621,34272000
2017-11-30,28.254043579101562,38564100
2017-12-01,28.28891372680664,24888600
2017-12-04,28.190113067626953,26869500
2017-12-05,28.428403854370117,27030300
2017-12-06,28.26857566833496,21423000
2017-12-07,28.271488189697266,22507800
2017-12-08,28.204307556152344,17463300
2017-12-11,28.315311431884766,26786700
2017-12-12,28.248125076293945,23431800
2017-12-13,28.557771682739258,23638200
2017-12-14,28.37373924255371,28157400
2017-12-15,28.367895126342773,48428400
2017-12-18,28.598665237426758,23893200
2017-12-19,28.861581802368164,36036600
2017-12-20,28.846975326538086,32189400
2017-12-21,28.645401000976562,22107300
2017-12-22,28.68923568725586,16436100
2017-12-26,28.96674346923828,12887700
2017-12-27,28.995954513549805,15422400
2017-12-28,29.03685760498047,29291700
2017-12-29,28.846975326538086,21432900
2018-01-02,28.800235748291016,30451500
2018-01-03,29.051464080810547,26710800
2018-01-04,29.077747344970703,20491200
2018-01-05,29.250097274780273,21852000
2018-01-08,29.682445526123047,26531700
2018-01-09,29.3260555267334,21938100
2018-01-10,29.115724563598633,23791200
2018-01-11,29.217967987060547,19613100
2018-01-12,29.466266632080078,20853600
2018-01-16,29.413692474365234,21512100
2018-01-17,30.000852584838867,26045700
2018-01-18,30.46824073791504,36923700
2018-01-19,30.552963256835938,25135800
2018-01-22,30.80418586730957,21924900
2018-01-23,30.935646057128906,24863400
2018-01-24,30.903499603271484,20469300
2018-01-25,31.14012336730957,17571300
2018-01-26,31.663026809692383,20358900
2018-01-29,32.00189208984375,25065600
2018-01-30,31.470216751098633,27541500
2018-01-31,31.14012336730957,29438400
2018-02-01,30.824644088745117,19160400
2018-02-02,30.520828247070312,27759300
2018-02-05,29.23841667175293,37684800
2018-02-06,29.47503089904785,49241400
2018-02-07,30.0446720123291,33495600
2018-02-08,29.217967987060547,41925300
2018-02-09,29.028087615966797,42553800
2018-02-12,29.080669403076172,27405300
2018-02-13,29.498401641845703,19868400
2018-02-14,29.70873260498047,21922800
2018-02-15,30.155670166015625,22484700
2018-02-16,30.608470916748047,48192900
2018-02-20,27.491525650024414,156265500
2018-02-21,26.734933853149414,148511100
2018-02-22,27.100088119506836,61095000
2018-02-23,27.135149002075195,38374500
2018-02-26,27.202327728271484,44097900
2018-02-27,26.734933853149414,40128300
2018-02-28,26.29383659362793,42431100
2018-03-01,26.02216148376465,56728800
2018-03-02,25.93160057067871,57130200
2018-03-05,26.285072326660156,40149600
2018-03-06,26.01632308959961,33164100
2018-03-07,25.630722045898438,34359000
2018-03-08,25.836421966552734,28766100
2018-03-09,26.071510314941406,29263200
2018-03-12,25.88050079345703,25422000
2018-03-13,25.948087692260742,21519000
2018-03-14,25.762956619262695,33121800
2018-03-15,25.715940475463867,49845600
2018-03-16,26.203752517700195,85188000
2018-03-19,25.698307037353516,36160200
2018-03-20,25.845237731933594,24774000
2018-03-21,25.912830352783203,35508000
2018-03-22,25.607213973999023,36744600
2018-03-23,25.101770401000977,30375300
2018-03-26,25.713003158569336,27599400
2018-03-27,25.286895751953125,19637400
2018-03-28,25.79234504699707,34728900
2018-03-29,26.144981384277344,27823800
2018-04-02,25.139968872070312,57386700
2018-04-03,25.50729751586914,29086500
2018-04-04,25.630722045898438,19609800
2018-04-05,25.804096221923828,19142700
2018-04-06,25.474973678588867,19050000
2018-04-09,25.35448455810547,25104300
2018-04-10,25.404451370239258,27382200
2018-04-11,25.24576759338379,18837000
2018-04-12,25.104707717895508,20568900
2018-04-13,25.278091430664062,22677600
2018-04-16,25.519054412841797,21062100
2018-04-17,25.830547332763672,20405700
2018-04-18,25.73357582092285,17562000
2018-04-19,25.827608108520508,19764900
2018-04-20,25.560199737548828,24974700
2018-04-23,25.30159568786621,22081500
2018-04-24,25.427955627441406,25409100
2018-04-25,25.616024017333984,20281200
2018-04-26,25.84229850769043,17347500
2018-04-27,25.65129280090332,16953300
2018-04-30,25.9951114654541,26057700
2018-05-01,25.686553955078125,20873100
2018-05-02,25.372121810913086,18249000
2018-05-03,25.339797973632812,20628300
2018-05-04,25.721817016601562,20914500
2018-05-07,25.116458892822266,32350800
2018-05-08,25.19580078125,19654200
2018-05-09,24.40825080871582,96795600
2018-05-10,24.452604293823242,47572800
2018-05-11,24.656654357910156,29804400
2018-05-14,24.955324172973633,28497600
2018-05-15,24.9937686920166,27968700
2018-05-16,25.46986198425293,41200800
2018-05-17,24.98488998413086,89162100
2018-05-18,24.733531951904297,36129300
2018-05-21,24.990808486938477,32147100
2018-05-22,24.6536922454834,24201900
2018-05-23,24.547237396240234,28197600
2018-05-24,24.499923706054688,25728600
2018-05-25,24.384592056274414,17740500
2018-05-29,24.366851806640625,25284600
2018-05-30,24.875478744506836,27942300
2018-05-31,24.408252716064453,34406100
2018-06-01,24.54132843017578,15713700
2018-06-04,25.259906768798828,32766000
2018-06-05,25.023334503173828,24844200
2018-06-06,25.00559425354004,22088400
2018-06-07,25.120920181274414,23117100
2018-06-08,24.946453094482422,22807200
2018-06-11,24.9287109375,18756900
2018-06-12,24.86956024169922,24185100
2018-06-13,24.86660385131836,19075200
2018-06-14,24.77789306640625,22552200
2018-06-15,24.751279830932617,37509000
2018-06-18,24.544282913208008,25506900
2018-06-19,24.72466468811035,28057500
2018-06-20,24.72466468811035,23899800
2018-06-21,24.90208625793457,24276000
2018-06-22,25.082473754882812,32439000
2018-06-25,25.570409774780273,47818500
2018-06-26,25.425504684448242,30378600
2018-06-27,25.694602966308594,30899100
2018-06-28,25.39002227783203,25401000
2018-06-29,25.327911376953125,24766800
2018-07-02,24.839988708496094,24375300
2018-07-03,24.970109939575195,13188600
2018-07-05,25.008548736572266,16102500
2018-07-06,24.990808486938477,16841100
2018-07-09,25.410715103149414,19726200
2018-07-10,25.789234161376953,18145200
2018-07-11,25.588153839111328,16787700
2018-07-12,25.58519172668457,14665800
2018-07-13,25.93413734436035,19165800
2018-07-16,25.91638946533203,13341600
2018-07-17,26.079036712646484,17734500
2018-07-18,26.043554306030273,15136500
2018-07-19,25.940048217773438,14649300
2018-07-20,26.040590286254883,14445300
2018-07-23,25.913433074951172,12450000
2018-07-24,26.01102066040039,16768500
2018-07-25,25.993274688720703,17427300
2018-07-26,26.090864181518555,19644900
2018-07-27,26.06129264831543,14038200
2018-07-30,26.283084869384766,18032100
2018-07-31,26.386581420898438,20124300
2018-08-01,26.093820571899414,15150000
2018-08-02,26.24759292602539,12918300
2018-08-03,26.495988845825195,17241600
2018-08-06,26.516693115234375,13954800
2018-08-07,26.546268463134766,13580100
2018-08-08,26.629064559936523,15123300
2018-08-09,26.47439956665039,14183700
2018-08-10,26.822391510009766,24734700
2018-08-13,26.661771774291992,17637600
2018-08-14,27.02167510986328,17510400
2018-08-15,26.83429527282715,25850700
2018-08-16,29.33866310119629,127893900
2018-08-17,29.10369873046875,49389900
2018-08-20,28.553443908691406,38037900
2018-08-21,28.577241897583008,31593900
2018-08-22,28.455293655395508,23297100
2018-08-23,28.309553146362305,18289200
2018-08-24,28.24114227294922,25782900
2018-08-27,28.11919593811035,21120900
2018-08-28,28.574268341064453,29949000
2018-08-29,28.44637107849121,23588400
2018-08-30,28.583187103271484,21176100
2018-08-31,28.511802673339844,18974100
2018-09-04,28.363094329833984,24842100
2018-09-05,28.737850189208984,28423800
2018-09-06,28.687286376953125,18452400
2018-09-07,28.50288200378418,20017200
2018-09-10,28.821134567260742,24997800
2018-09-11,28.743797302246094,19390500
2018-09-12,28.544519424438477,17700000
2018-09-13,28.291706085205078,22958700
2018-09-14,28.13406753540039,18958200
2018-09-17,28.20248031616211,15989400
2018-09-18,28.383909225463867,20279400
2018-09-19,28.327396392822266,17025300
2018-09-20,28.479093551635742,16656900
2018-09-21,28.523706436157227,28590300
2018-09-24,28.232215881347656,16011000
2018-09-25,28.285757064819336,18579600
2018-09-26,28.13406753540039,17755800
2018-09-27,27.997251510620117,16090200
2018-09-28,27.931808471679688,18918900
2018-10-01,28.077556610107422,14982900
2018-10-02,28.300634384155273,23263800
2018-10-03,27.979400634765625,18982200
2018-10-04,28.021047592163086,18135900
2018-10-05,27.75335121154785,20080200
2018-10-08,28.163806915283203,17287800
2018-10-09,28.874666213989258,34796700
2018-10-10,28.4820613861084,27008400
2018-10-11,27.93478775024414,29779500
2018-10-12,28.199499130249023,25661700
2018-10-15,27.905046463012695,24916500
2018-10-16,28.496932983398438,33725100
2018-10-17,28.720006942749023,28618200
2018-10-18,28.60401153564453,34195200
2018-10-19,28.895490646362305,26852100
2018-10-22,28.892515182495117,21368700
2018-10-23,29.088821411132812,28217400
2018-10-24,29.017440795898438,31094100
2018-10-25,29.49928092956543,32211300
2018-10-26,29.427892684936523,44776800
2018-10-29,29.683692932128906,38118300
2018-10-30,30.46295928955078,38125500
2018-10-31,29.826452255249023,37064700
2018-11-01,29.915687561035156,23205300
2018-11-02,30.141733169555664,21909600
2018-11-05,30.608699798583984,22850400
2018-11-06,30.733617782592773,19106100
2018-11-07,31.02808952331543,26017800
2018-11-08,31.194637298583984,17884200
2018-11-09,31.396892547607422,25351200
2018-11-12,30.894235610961914,26829300
2018-11-13,30.617616653442383,23870100
2018-11-14,30.198240280151367,31445700
2018-11-15,29.60635757446289,48247800
2018-11-16,29.05610466003418,42705600
2018-11-19,28.78544044494629,27643200
2018-11-20,28.00617027282715,37861800
2018-11-21,28.009143829345703,28052700
2018-11-23,28.285757064819336,14670000
2018-11-26,28.300634384155273,30103800
2018-11-27,28.267913818359375,27126900
2018-11-28,28.987689971923828,30212400
2018-11-29,28.937131881713867,18723900
2018-11-30,29.044208526611328,31992000
2018-12-03,29.37137794494629,27246300
2018-12-04,28.496932983398438,31278900
2018-12-06,28.34142303466797,31101600
2018-12-07,27.86892318725586,25489500
2018-12-10,28.09320640563965,21830700
2018-12-11,28.0662899017334,19357500
2018-12-12,27.84499740600586,28917600
2018-12-13,27.800134658813477,24126900
2018-12-14,27.46818733215332,34480800
2018-12-17,27.145200729370117,27005400
2018-12-18,27.237913131713867,28820100
2018-12-19,27.07941436767578,36694500
2018-12-20,26.101503372192383,49121400
2018-12-21,26.056650161743164,44764500
2018-12-24,25.664880752563477,18330900
2018-12-26,27.037546157836914,30084900
2018-12-27,27.390426635742188,29644500
2018-12-28,27.551921844482422,29622000
2018-12-31,27.856958389282227,21017400
2019-01-02,27.913776397705078,24458100
2019-01-03,27.770227432250977,24831900
2019-01-04,27.943683624267578,24087300
2019-01-07,28.27264404296875,23369100
2019-01-08,28.47001838684082,21602700
2019-01-09,28.3773136138916,18816900
2019-01-10,28.39824867248535,28188900
2019-01-11,28.36236000061035,16183800
2019-01-14,28.395254135131836,21255300
2019-01-15,28.784029006958008,21174600
2019-01-16,28.813940048217773,16230000
2019-01-17,28.930559158325195,16843500
2019-01-18,29.226627349853516,18361800
2019-01-22,29.154857635498047,24189600
2019-01-23,29.51970100402832,25037400
2019-01-24,29.41503143310547,22829100
2019-01-25,28.990375518798828,21654600
2019-01-28,29.026264190673828,17627400
2019-01-29,28.921594619750977,15760200
2019-01-30,28.350399017333984,35547900
2019-01-31,28.658422470092773,44169000
2019-02-01,28.06928825378418,37775700
2019-02-04,28.34142303466797,21805800
2019-02-05,28.589637756347656,18299700
2019-02-06,28.601604461669922,12794700
2019-02-07,28.927574157714844,21030300
2019-02-08,28.583660125732422,18507600
2019-02-11,28.769073486328125,16628400
2019-02-12,28.999351501464844,17643900
2019-02-13,29.289426803588867,16375500
2019-02-14,29.46288299560547,21602400
2019-02-15,29.90249252319336,28443000
2019-02-19,30.563404083251953,62091900
2019-02-20,29.86959457397461,52895400
2019-02-21,29.723054885864258,19239600
2019-02-22,29.770912170410156,24260700
2019-02-25,29.64231300354004,27705000
2019-02-26,29.51372718811035,25464300
2019-02-27,29.34027099609375,23706900
2019-02-28,29.603437423706055,34127700
2019-03-01,29.286439895629883,31057500
2019-03-04,29.26251983642578,23051400
2019-03-05,29.409046173095703,18357900
2019-03-06,29.385120391845703,14089800
2019-03-07,29.14288902282715,18379800
2019-03-08,29.184757232666016,16977000
2019-03-11,29.450918197631836,16035900
2019-03-12,29.418027877807617,15211500
2019-03-13,29.615392684936523,16446900
2019-03-14,29.531213760375977,14777400
2019-03-15,29.591344833374023,43800000
2019-03-18,29.964170455932617,17310300
2019-03-19,30.021291732788086,16243200
2019-03-20,29.65749168395996,18969300
2019-03-21,29.783763885498047,19653000
2019-03-22,29.549259185791016,20124300
2019-03-25,29.516178131103516,16222200
2019-03-26,29.561283111572266,14837700
2019-03-27,29.227542877197266,25413600
2019-03-28,29.2034912109375,24162900
2019-03-29,29.32375144958496,22319700
2019-04-01,29.410951614379883,25517400
2019-04-02,29.146364212036133,18822000
2019-04-03,29.221532821655273,17062500
2019-04-04,29.498146057128906,12078900
2019-04-05,29.714618682861328,13968000
2019-04-08,29.834880828857422,16267200
2019-04-09,29.67252540588379,13102500
2019-04-10,29.946136474609375,12273300
2019-04-11,30.30692481994629,16820700
2019-04-12,30.53543472290039,15486000
2019-04-15,30.797006607055664,15335700
2019-04-16,30.947349548339844,14485200
2019-04-17,31.01648712158203,11187600
2019-04-18,31.022504806518555,11183400
2019-04-22,30.778966903686523,15238200
2019-04-23,30.98943328857422,15152400
2019-04-24,31.127729415893555,14093400
2019-04-25,31.124732971191406,11883300
2019-04-26,30.526409149169922,24323100
2019-04-29,30.53543472290039,19139100
2019-04-30,30.920278549194336,18400800
2019-05-01,30.475303649902344,16011600
2019-05-02,30.412160873413086,15021000
2019-05-03,30.6917724609375,15950700
2019-05-06,30.8060302734375,13841100
2019-05-07,30.457256317138672,13726800
2019-05-08,30.15659523010254,17646000
2019-05-09,30.087068557739258,18720300
2019-05-10,30.80343246459961,26228100
2019-05-13,30.1928653717041,22084500
2019-05-14,30.313772201538086,19061100
2019-05-15,30.189842224121094,20220900
2019-05-16,30.622074127197266,51366000
2019-05-17,30.48605728149414,37113900
2019-05-20,30.685550689697266,21582300
2019-05-21,30.564647674560547,20667300
2019-05-22,30.900156021118164,22022700
2019-05-23,30.788314819335938,19363800
2019-05-24,31.033151626586914,13449600
2019-05-28,30.95759391784668,30815100
2019-05-29,30.866920471191406,19560600
2019-05-30,30.8880672454834,15058800
2019-05-31,30.661361694335938,17782500
2019-06-03,30.81854820251465,19844100
2019-06-04,30.999908447265625,17894700
2019-06-05,31.562101364135742,20708700
2019-06-06,31.77066421508789,24191100
2019-06-07,32.05780792236328,20428200
2019-06-10,32.499114990234375,18977100
2019-06-11,32.626068115234375,20241900
2019-06-12,32.89207077026367,13905300
2019-06-13,32.840667724609375,16455000
2019-06-14,32.967620849609375,13577700
2019-06-17,32.994815826416016,12441000
2019-06-18,33.142940521240234,14733600
2019-06-19,33.133872985839844,11773800
2019-06-20,33.3454475402832,15004500
2019-06-21,33.590274810791016,39535800
2019-06-24,33.62352752685547,18098400
2019-06-25,33.466346740722656,18315000
2019-06-26,33.297096252441406,12485100
2019-06-27,33.278953552246094,16443900
2019-06-28,33.39683532714844,19520100
2019-07-01,33.43612289428711,16544100
2019-07-02,33.732330322265625,12188700
2019-07-03,33.949974060058594,9621900
2019-07-05,33.84720230102539,10738200
2019-07-08,34.07088088989258,14147100
2019-07-09,34.11922836303711,16270200
2019-07-10,34.14946365356445,13737000
2019-07-11,34.43358612060547,11689800
2019-07-12,34.639129638671875,11229900
2019-07-15,34.75399398803711,10038000
2019-07-16,34.687496185302734,10464600
2019-07-17,34.639129638671875,8065500
2019-07-18,34.67539596557617,9670800
2019-07-19,34.42753219604492,11388900
2019-07-22,34.101104736328125,13550700
2019-07-23,33.88044738769531,17262600
2019-07-24,33.853248596191406,12531900
2019-07-25,33.91974639892578,11554500
2019-07-26,34.16156005859375,14187000
2019-07-29,33.93485641479492,11239800
2019-07-30,33.87137985229492,9105600
2019-07-31,33.36357498168945,18633900
2019-08-01,33.06132507324219,22365000
2019-08-02,33.067359924316406,16970100
2019-08-05,31.98527717590332,22710000
2019-08-06,32.423545837402344,21049200
2019-08-07,32.70465850830078,21835500
2019-08-08,32.96284484863281,13123200
2019-08-09,32.58618927001953,12580500
2019-08-12,31.96046257019043,17605200
2019-08-13,32.62567901611328,20025900
2019-08-14,32.25813674926758,27938400
2019-08-15,34.22947692871094,59438700
2019-08-16,34.32059860229492,32895600
2019-08-19,34.56968688964844,21534300
2019-08-20,34.035064697265625,18336900
2019-08-21,34.025962829589844,24469200
2019-08-22,33.99254608154297,17986200
2019-08-23,33.66450119018555,18710100
2019-08-26,34.0168571472168,17807100
2019-08-27,34.147464752197266,17201100
2019-08-28,34.238590240478516,16113000
2019-08-29,34.651695251464844,15811500
2019-08-30,34.70636749267578,17115900
2019-09-03,34.821781158447266,17828100
2019-09-04,35.207542419433594,17348700
2019-09-05,35.064781188964844,17479200
2019-09-06,34.84912109375,13039200
2019-09-09,35.33511734008789,17921100
2019-09-10,35.25007247924805,14572200
2019-09-11,35.24095916748047,15852300
2019-09-12,35.514320373535156,13422900
2019-09-13,35.66925048828125,16915800
2019-09-16,35.10427474975586,18270900
2019-09-17,35.389793395996094,13813500
2019-09-18,35.58723449707031,11868000
2019-09-19,35.572052001953125,10141800
2019-09-20,35.53255844116211,33997200
2019-09-23,35.726959228515625,15487500
2019-09-24,35.96389389038086,21819300
2019-09-25,35.98514938354492,13840800
2019-09-26,35.93350601196289,11960700
2019-09-27,35.97907257080078,10304100
2019-09-30,36.048927307128906,10204200
2019-10-01,35.79682159423828,11187900
2019-10-02,35.27133560180664,17833500
2019-10-03,35.32904052734375,15619500
2019-10-04,35.890987396240234,13881000
2019-10-07,35.60849380493164,14085000
2019-10-08,35.71480941772461,15375300
2019-10-09,36.12487030029297,11710200
2019-10-10,36.3314208984375,13024500
2019-10-11,36.52277755737305,18383700
2019-10-14,36.1977653503418,13719900
2019-10-15,36.30711364746094,13550100
2019-10-16,36.273704528808594,11344800
2019-10-17,36.401283264160156,11732700
2019-10-18,36.18865966796875,16776900
2019-10-21,36.37091827392578,10230300
2019-10-22,36.322303771972656,7634100
2019-10-23,36.25244903564453,8520000
2019-10-24,36.176509857177734,8700900
2019-10-25,36.15827560424805,7692900
2019-10-28,36.21296310424805,10213800
2019-10-29,35.58419418334961,14373300
2019-10-30,35.87276840209961,8988600
2019-10-31,35.617610931396484,14643900
2019-11-01,35.726959228515625,11287800
2019-11-04,35.711769104003906,13938000
2019-11-05,36.10361099243164,12651300
2019-11-06,36.29801940917969,10843200
2019-11-07,36.519752502441406,13324200
2019-11-08,36.27977752685547,11498100
2019-11-11,36.15827560424805,13317000
2019-11-12,36.182579040527344,15189300
2019-11-13,36.74755096435547,23135400
2019-11-14,36.64732360839844,67512600
2019-11-15,36.106651306152344,30413100
2019-11-18,36.52581787109375,19644000
2019-11-19,36.41646194458008,11146200
2019-11-20,36.185630798339844,15227700
2019-11-21,36.4073600769043,12908400
2019-11-22,36.25548553466797,11529300
2019-11-25,36.12183380126953,17644500
2019-11-26,36.203853607177734,18877500
2019-11-27,36.07323455810547,10302300
2019-11-29,36.17346954345703,9471900
2019-12-02,36.231178283691406,17012700
2019-12-03,36.0458984375,19784400
2019-12-04,36.051963806152344,16669800
2019-12-05,36.20452117919922,13058400
2019-12-06,36.546241760253906,13022400
2019-12-09,36.4181022644043,14448000
2019-12-10,36.350982666015625,12846900
2019-12-11,36.30826950073242,10519200
2019-12-12,36.540138244628906,12447000
2019-12-13,36.70185470581055,16098900
2019-12-16,36.77812576293945,16052100
2019-12-17,37.00392150878906,13727400
2019-12-18,36.57066345214844,15309000
2019-12-19,36.63778305053711,13392300
2019-12-20,36.70185470581055,23863200
2019-12-23,36.31741714477539,13457400
2019-12-24,36.46387481689453,6682200
2019-12-26,36.466922760009766,12671400
2019-12-27,36.488277435302734,10632000
2019-12-30,36.4303092956543,8837400
2019-12-31,36.259456634521484,14736000
2020-01-02,36.28996658325195,20294700
2020-01-03,35.96958541870117,16197600
2020-01-06,35.89634704589844,19336500
2020-01-07,35.56379318237305,20540700
2020-01-08,35.44174575805664,17627400
2020-01-09,35.80787658691406,16691100
2020-01-10,35.50887680053711,18164400
2020-01-13,35.35631561279297,18337800
2020-01-14,35.44784164428711,19757400
2020-01-15,35.17324447631836,22362600
2020-01-16,35.3624153137207,16108200
2020-01-17,35.07560729980469,30135000
2020-01-21,35.26783752441406,22061100
2020-01-22,35.42344284057617,14778300
2020-01-23,35.334964752197266,12915300
2020-01-24,34.89559555053711,13150200
2020-01-27,35.35020446777344,21055200
2020-01-28,35.57600402832031,15810600
2020-01-29,35.35935974121094,11326500
2020-01-30,35.56990051269531,13744500
2020-01-31,34.93221664428711,23327400
2020-02-03,34.865089416503906,13041300
2020-02-04,35.17020034790039,15696600
2020-02-05,35.64007568359375,17048700
2020-02-06,35.487510681152344,16058700
2020-02-07,35.53023147583008,11068800
2020-02-10,35.16408920288086,18434700
2020-02-11,35.209861755371094,17390400
2020-02-12,35.34716033935547,14206800
2020-02-13,35.83229064941406,15999600
2020-02-14,35.96958541870117,24391800
2020-02-18,36.500484466552734,34539600
2020-02-19,35.905517578125,21563400
2020-02-20,35.9085693359375,15068700
2020-02-21,36.18012237548828,18726300
2020-02-24,35.490570068359375,19848000
2020-02-25,34.901702880859375,23292900
2020-02-26,34.71558380126953,20019900
2020-02-27,33.684303283691406,28476900
2020-02-28,32.85439682006836,52369200
2020-03-02,35.35631561279297,51222600
2020-03-03,34.45013427734375,33340800
2020-03-04,35.627864837646484,24625200
2020-03-05,35.3685188293457,25638300
2020-03-06,35.768211364746094,29411100
2020-03-09,35.74686050415039,59243400
2020-03-10,36.54930114746094,37797300
2020-03-11,34.91390609741211,31620000
2020-03-12,31.74683380126953,56323200
2020-03-13,34.81321716308594,42962100
2020-03-16,32.57369613647461,36753900
2020-03-17,36.38758850097656,52806000
2020-03-18,37.40055847167969,77355900
2020-03-19,36.60682678222656,57100500
2020-03-20,34.92741775512695,55423500
2020-03-23,35.02242660522461,39366000
2020-03-24,35.25227355957031,42705000
2020-03-25,33.526885986328125,53287500
2020-03-26,33.65559387207031,58250700
2020-03-27,33.582061767578125,36160500
2020-03-30,35.30130386352539,29212500
2020-03-31,34.820159912109375,26258400
2020-04-01,34.97951126098633,28269600
2020-04-02,36.361663818359375,29515500
2020-04-03,36.61601257324219,28625100
2020-04-06,38.6356086730957,47768700
2020-04-07,37.38523864746094,41369700
2020-04-08,37.339263916015625,27876600
2020-04-09,37.3270149230957,32828700
2020-04-13,38.39961624145508,24194100
2020-04-14,39.533531188964844,34098900
2020-04-15,39.45998764038086,22435200
2020-04-16,40.554054260253906,31882200
2020-04-17,40.48968505859375,30915300
2020-04-20,39.79402160644531,24401700
2020-04-21,39.5978889465332,27900600
2020-04-22,40.327274322509766,19448100
2020-04-23,39.389495849609375,28839900
2020-04-24,39.668373107910156,17343600
2020-04-27,39.319007873535156,17923800
2020-04-28,39.22707748413086,20732100
2020-04-29,37.878639221191406,44612100
2020-04-30,37.25039291381836,40497900
2020-05-01,37.67023849487305,31143900
2020-05-04,37.9092903137207,17807700
2020-05-05,38.22494125366211,19337400
2020-05-06,37.78670883178711,17309100
2020-05-07,37.5189094543457,27345600
2020-05-08,37.84211349487305,20830800
2020-05-11,38.06680679321289,25341900
2020-05-12,38.10066223144531,19100100
2020-05-13,38.07912063598633,29175300
2020-05-14,37.98985290527344,22233000
2020-05-15,38.76553726196289,31770000
2020-05-18,39.29497146606445,38633700
2020-05-19,38.46080780029297,74746200
2020-05-20,38.614715576171875,32246400
2020-05-21,38.473114013671875,22448100
2020-05-22,38.269962310791016,22359600
2020-05-26,38.12529373168945,23730600
2020-05-27,37.70051574707031,31073700
2020-05-28,38.07297897338867,24424800
2020-05-29,38.186866760253906,29311200
2020-06-01,38.156070709228516,20550300
2020-06-02,38.14992141723633,19187700
2020-06-03,38.005252838134766,20262900
2020-06-04,37.58663558959961,24015000
2020-06-05,37.41733169555664,39337200
2020-06-08,37.31883239746094,28344300
2020-06-09,37.352684020996094,20746200
2020-06-10,37.29420852661133,28141500
2020-06-11,36.964866638183594,34162800
2020-06-12,36.24149703979492,32359200
2020-06-15,36.34615707397461,32703300
2020-06-16,36.82942199707031,25167600
2020-06-17,36.63857650756836,20166900
2020-06-18,36.318443298339844,20070000
2020-06-19,36.8909797668457,40078800
2020-06-22,37.45426559448242,27338400
2020-06-23,37.26650619506836,19727700
2020-06-24,37.029483795166016,20614800
2020-06-25,36.847877502441406,20569800
2020-06-26,36.42002487182617,26991600
2020-06-29,36.6478157043457,16511400
2020-06-30,36.86943054199219,20509200
2020-07-01,36.84172439575195,19733700
2020-07-02,36.6939811706543,17695800
2020-07-06,36.595481872558594,21695100
2020-07-07,39.0764274597168,93458100
2020-07-08,38.30381393432617,52217100
2020-07-09,39.32268142700195,42771600
2020-07-10,40.22455596923828,44236800
2020-07-13,39.867488861083984,42338400
2020-07-14,40.633934020996094,26455800
2020-07-15,40.6308708190918,31731300
2020-07-16,40.692420959472656,17676600
2020-07-17,40.550838470458984,18189600
2020-07-20,40.46772766113281,18342600
2020-07-21,40.732444763183594,21712500
2020-07-22,40.834022521972656,16164600
2020-07-23,40.520042419433594,16796400
2020-07-24,40.39692687988281,13037400
2020-07-27,40.3876953125,14045700
2020-07-28,40.55698776245117,14414100
2020-07-29,40.227630615234375,14223300
2020-07-30,40.052181243896484,13788300
2020-07-31,39.83055114746094,21631500
2020-08-03,39.79977035522461,14971500
2020-08-04,40.520042419433594,18219600
2020-08-05,39.95676040649414,25483500
2020-08-06,39.8151741027832,14496300
2020-08-07,40.006004333496094,16558500
2020-08-10,40.59392547607422,17683200
2020-08-11,40.07680892944336,25360200
2020-08-12,40.597007751464844,19094400
2020-08-13,40.751548767089844,19867200
2020-08-14,40.983341217041016,20106300
2020-08-17,41.91057586669922,39465000
2020-08-18,41.635501861572266,80232600
2020-08-19,40.92462158203125,38155200
2020-08-20,40.35593795776367,26810700
2020-08-21,40.683536529541016,24864000
2020-08-24,40.5908317565918,19813800
2020-08-25,40.37446594238281,21722400
2020-08-26,40.39611053466797,18814800
2020-08-27,42.228912353515625,119018700
2020-08-28,43.36322021484375,64050900
2020-08-31,42.915069580078125,45236400
2020-09-01,45.61637496948242,106798200
2020-09-02,45.644195556640625,51666000
2020-09-03,44.673702239990234,48015000
2020-09-04,44.14519119262695,33982200
2020-09-08,42.79143524169922,33966900
2020-09-09,43.236507415771484,33669000
2020-09-10,42.28455352783203,33709200
2020-09-11,42.25055694580078,28879800
2020-09-14,42.44218444824219,45733800
2020-09-15,42.45454788208008,30427800
2020-09-16,42.11455535888672,27860400
2020-09-17,42.24746322631836,37245000
2020-09-18,41.814762115478516,54709200
2020-09-21,42.36491775512695,47275500
2020-09-22,42.748165130615234,33102000
2020-09-23,42.03111267089844,23133300
2020-09-24,42.25055694580078,29453100
2020-09-25,42.426727294921875,22618800
2020-09-28,42.4205436706543,21197100
2020-09-29,42.38654708862305,27702900
2020-09-30,43.24268341064453,34826400
2020-10-01,44.22245407104492,43290900
2020-10-02,43.42504119873047,24585000
2020-10-05,43.826839447021484,14259000
2020-10-06,43.465232849121094,21475500
2020-10-07,43.545570373535156,16949100
2020-10-08,43.69083786010742,14676900
2020-10-09,44.12973403930664,14494800
2020-10-12,44.584075927734375,18402300
2020-10-13,45.19603729248047,23800200
2020-10-14,44.488258361816406,19710900
2020-10-15,44.67060852050781,13692600
2020-10-16,44.726234436035156,16935000
2020-10-19,44.182273864746094,14643300
2020-10-20,44.47589111328125,14523000
2020-10-21,44.63043975830078,13114200
2020-10-22,44.36771774291992,13344000
2020-10-23,44.4604377746582,10540500
2020-10-26,43.938106536865234,16111800
2020-10-27,44.15754699707031,11831100
2020-10-28,43.282867431640625,16849200
2020-10-29,43.245784759521484,15153900
2020-10-30,42.88416290283203,18601800
2020-11-02,43.39413833618164,16575600
2020-11-03,44.12973403930664,15413100
2020-11-04,43.87629318237305,17927400
2020-11-05,44.34299850463867,14202600
2020-11-06,45.05386734008789,16198500
2020-11-09,44.36463165283203,28198500
2020-11-10,44.98896789550781,18199200
2020-11-11,45.73692321777344,18805800
2020-11-12,45.8141975402832,12564300
2020-11-13,46.528160095214844,19738200
2020-11-16,47.115394592285156,34560300
2020-11-17,46.16653823852539,42711600
2020-11-18,46.07999801635742,24936900
2020-11-19,47.016483306884766,18590700
2020-11-20,46.4354362487793,21937200
2020-11-23,46.6486930847168,18557100
2020-11-24,46.78160095214844,17155200
2020-11-25,46.92686080932617,13833300
2020-11-27,46.85577392578125,10999500
2020-11-30,47.223575592041016,32695500
2020-12-01,47.177207946777344,22935300
2020-12-02,46.521968841552734,23547000
2020-12-03,46.144893646240234,25725900
2020-12-04,46.02435302734375,20889300
2020-12-07,45.777103424072266,18479100
2020-12-08,46.19126892089844,20716500
2020-12-09,45.82655334472656,20139600
2020-12-10,45.612518310546875,20652300
2020-12-11,45.60009765625,16860900
2020-12-14,45.18132781982422,25088100
2020-12-15,45.15961456298828,31871400
2020-12-16,45.11307907104492,25650900
2020-12-17,45.3209228515625,30679500
2020-12-18,45.2744026184082,41384100
2020-12-21,45.28058624267578,25553100
2020-12-22,44.73153305053711,37599000
2020-12-23,44.427528381347656,20430600
2020-12-24,44.51438522338867,9054600
2020-12-28,45.047943115234375,19344900
2020-12-29,44.762550354003906,17938200
2020-12-30,44.7253303527832,18751200
2020-12-31,44.716026306152344,17814000
2021-01-04,45.45431137084961,32182200
2021-01-05,45.21234893798828,26498100
2021-01-06,45.49463653564453,21918900
2021-01-07,45.49153137207031,20538000
2021-01-08,45.48532485961914,24478200
2021-01-11,45.690067291259766,26264400
2021-01-12,46.211204528808594,23373300
2021-01-13,45.73970413208008,16069500
2021-01-14,45.590797424316406,23017200
2021-01-15,44.86802673339844,35920500
2021-01-19,44.480255126953125,24123600
2021-01-20,45.13789749145508,23775600
2021-01-21,44.933162689208984,14325900
2021-01-22,45.39226531982422,19219500
2021-01-25,45.35193634033203,19031100
2021-01-26,45.7583122253418,15031500
2021-01-27,44.619850158691406,29910300
2021-01-28,44.59193420410156,22301700
2021-01-29,43.58067321777344,32509200
2021-02-01,43.20222091674805,25945200
2021-02-02,43.66753387451172,27002400
2021-02-03,43.8009147644043,14966700
2021-02-04,44.21349334716797,17346300
2021-02-05,44.78115463256836,20451600
2021-02-08,44.9890022277832,15825300
2021-02-09,45.23716354370117,15906900
2021-02-10,44.709808349609375,18576900
2021-02-11,44.67570114135742,12791400
2021-02-12,44.81528091430664,13423500
2021-02-16,45.18442916870117,27891000
2021-02-17,45.66214370727539,25571100
2021-02-18,42.70279312133789,96927300
2021-02-19,42.91372299194336,36606000
2021-02-22,42.712100982666016,32106600
2021-02-23,42.0234375,31300200
2021-02-24,41.322383880615234,46565700
2021-02-25,40.931522369384766,33324600
2021-02-26,40.30180358886719,42470700
2021-03-01,40.75161361694336,34634400
2021-03-02,40.36074447631836,29230800
2021-03-03,39.57902908325195,41837400
2021-03-04,39.5604133605957,45348000
2021-03-05,40.05364990234375,34073700
2021-03-08,39.669002532958984,40988400
2021-03-09,39.982295989990234,31988700
2021-03-10,41.00287628173828,44929200
2021-03-11,40.98735809326172,35489700
2021-03-12,41.60466766357422,28437600
2021-03-15,41.390621185302734,25071900
2021-03-16,41.37821578979492,19881000
2021-03-17,41.03388595581055,24156300
2021-03-18,40.498104095458984,29815500
2021-03-19,41.03700256347656,57703500
2021-03-22,41.23324966430664,24654000
2021-03-23,41.722312927246094,29154900
2021-03-24,41.46376037597656,23547300
2021-03-25,41.74410629272461,28125900
2021-03-26,42.09299087524414,28653600
2021-03-29,42.572696685791016,30146400
2021-03-30,42.282997131347656,27230100
2021-03-31,42.31103515625,24546000
2021-04-01,42.24562454223633,25595100
2021-04-05,43.43244171142578,40043100
2021-04-06,43.64115524291992,31044600
2021-04-07,43.54769515991211,20361600
2021-04-08,43.51966094970703,19095600
2021-04-09,43.54146194458008,20676600
2021-04-12,43.54769515991211,18723000
2021-04-13,43.41375732421875,17397900
2021-04-14,43.39816665649414,21924600
2021-04-15,43.65983581542969,21710400
2021-04-16,43.800010681152344,26488500
2021-04-19,43.51966094970703,19281000
2021-04-20,43.8560791015625,24452100
2021-04-21,43.983787536621094,17335200
2021-04-22,43.5071907043457,19705200
2021-04-23,43.5788459777832,22971000
2021-04-26,42.958961486816406,22846200
2021-04-27,43.10536575317383,16151400
2021-04-28,42.952728271484375,14286600
2021-04-29,43.494747161865234,19596000
2021-04-30,43.581966400146484,19680000
2021-05-03,44.2703857421875,27139500
2021-05-04,43.834266662597656,19084200
2021-05-05,43.796897888183594,18351000
2021-05-06,44.10962677001953,16302000
2021-05-07,43.84380340576172,23408400
2021-05-10,44.03769302368164,26307600
2021-05-11,43.64052963256836,26464200
2021-05-12,42.51160430908203,25998300
2021-05-13,43.230865478515625,21475200
2021-05-14,43.63114929199219,16091700
2021-05-17,43.43413162231445,19675800
2021-05-18,44.37855911254883,58183800
2021-05-19,44.38168716430664,34874700
2021-05-20,44.53804397583008,30540900
2021-05-21,44.328521728515625,22927500
2021-05-24,44.33165740966797,18945900
2021-05-25,44.513038635253906,21505200
2021-05-26,44.459869384765625,19294200
2021-05-27,44.30976104736328,56577000
2021-05-28,44.416080474853516,21186300
2021-06-01,44.300376892089844,20767500
2021-06-02,44.20343780517578,23298000
2021-06-03,44.281612396240234,18374400
2021-06-04,44.35979461669922,13635900
2021-06-07,44.062721252441406,16630800
2021-06-08,43.728092193603516,20120700
2021-06-09,43.49354934692383,17085300
2021-06-10,43.74372863769531,16378500
2021-06-11,44.015804290771484,25232400
2021-06-14,43.956382751464844,15140700
2021-06-15,43.78126525878906,19327200
2021-06-16,42.889991760253906,28794900
2021-06-17,43.06825256347656,19341900
2021-06-18,42.27080154418945,44812800
2021-06-21,42.655452728271484,20775000
2021-06-22,42.85246276855469,19107000
2021-06-23,42.51785659790039,19390500
2021-06-24,42.81493377685547,23444100
2021-06-25,43.32155990600586,28640700
2021-06-28,43.187076568603516,15549000
2021-06-29,42.9369010925293,35962500
2021-06-30,44.10023498535156,45511200
2021-07-01,43.56859588623047,26348700
2021-07-02,43.8156623840332,26280600
2021-07-06,43.76249313354492,18279300
2021-07-07,43.69057083129883,25607400
2021-07-08,43.65303421020508,21267000
2021-07-09,43.87507247924805,15185400
2021-07-12,43.796897888183594,19515000
2021-07-13,43.96263885498047,18947700
2021-07-14,44.265987396240234,18812100
2021-07-15,44.300376892089844,17974800
2021-07-16,44.269107818603516,18095400
2021-07-19,44.1659049987793,27383100
2021-07-20,44.366058349609375,19020300
2021-07-21,44.14715576171875,18591900
2021-07-22,44.17841720581055,13013400
2021-07-23,44.54117202758789,15947400
2021-07-26,44.603721618652344,18517200
2021-07-27,44.60684585571289,15395700
2021-07-28,44.42545700073242,14071500
2021-07-29,44.481754302978516,11063100
2021-07-30,44.57870864868164,16332300
2021-08-02,44.475494384765625,19958400
2021-08-03,44.975860595703125,18915300
2021-08-04,44.669395446777344,15301500
2021-08-05,45.49811553955078,27005400
2021-08-06,45.41679382324219,19263600
2021-08-09,45.52626037597656,15811800
2021-08-10,46.495697021484375,38262000
2021-08-11,46.911624908447266,41455800
2021-08-12,46.786067962646484,18269100
2021-08-13,46.933589935302734,15981300
2021-08-16,47.31650924682617,47791500
2021-08-17,47.30083084106445,50950200
2021-08-18,46.798622131347656,28211700
2021-08-19,47.115631103515625,22630500
2021-08-20,47.536231994628906,19400400
2021-08-23,47.22235870361328,16166100
2021-08-24,46.73583984375,18828900
2021-08-25,46.75468063354492,21921300
2021-08-26,46.24934005737305,23466900
2021-08-27,45.988826751708984,23088600
2021-08-30,46.35919952392578,16440600
2021-08-31,46.48475646972656,25078500
2021-09-01,46.38430404663086,19056600
2021-09-02,46.62912368774414,20018100
2021-09-03,46.845706939697266,17211900
2021-09-07,46.2242317199707,25345200
2021-09-08,46.28385925292969,19508400
2021-09-09,45.95743942260742,22328700
2021-09-10,45.79108810424805,15775200
2021-09-13,45.530574798583984,19529400
2021-09-14,45.292022705078125,16533900
2021-09-15,45.3704948425293,14850000
2021-09-16,45.52116012573242,18428400
2021-09-17,45.4269905090332,73032600
2021-09-20,44.80238342285156,25054500
2021-09-21,44.89027786254883,17437500
2021-09-22,44.786685943603516,15044400
2021-09-23,44.81179428100586,15585300
2021-09-24,44.937347412109375,13360500
2021-09-27,44.64858627319336,21250800
2021-09-28,44.099300384521484,20580900
2021-09-29,44.08047103881836,21375600
2021-09-30,43.747764587402344,22457700
2021-10-01,43.01643753051758,30014400
2021-10-04,42.602134704589844,29970300
2021-10-05,42.881465911865234,20597400
2021-10-06,43.195343017578125,19376700
2021-10-07,43.703826904296875,21068100
2021-10-08,43.83565139770508,13847400
2021-10-11,43.794837951660156,13048200
2021-10-12,43.747764587402344,15789300
2021-10-13,43.43075180053711,17937900
2021-10-14,43.90156173706055,19783500
2021-10-15,44.11499786376953,20737200
2021-10-18,44.46967315673828,19887000
2021-10-19,45.41444396972656,33444300
2021-10-20,45.82561111450195,17453700
2021-10-21,46.07984924316406,13954500
2021-10-22,46.56007385253906,21195600
2021-10-25,47.099937438964844,19287900
2021-10-26,46.68876266479492,17418600
2021-10-27,46.30583572387695,14565600
2021-10-28,46.594600677490234,12598500
2021-10-29,46.89906311035156,22022700
2021-11-01,47.015201568603516,12549600
2021-11-02,46.99322509765625,13638900
2021-11-03,47.13760757446289,14209500
2021-11-04,47.48286819458008,15149100
2021-11-05,47.153297424316406,15081900
2021-11-08,46.85198211669922,15373200
2021-11-09,47.015201568603516,15001800
2021-11-10,46.59146499633789,16803600
2021-11-11,46.61030197143555,13603200
2021-11-12,46.37803268432617,18313800
2021-11-15,46.111236572265625,28896000
2021-11-16,44.937347412109375,73986600
2021-11-17,44.55128479003906,33116100
2021-11-18,44.93421173095703,24394200
2021-11-19,44.692527770996094,28119300
2021-11-22,45.44269561767578,29126400
2021-11-23,45.7659797668457,29907900
2021-11-24,45.99510192871094,18089400
2021-11-26,45.4803466796875,21039600
2021-11-29,44.76785659790039,33039600
2021-11-30,44.140113830566406,64818900
2021-12-01,43.0446891784668,36621300
2021-12-02,42.52052307128906,39805800
2021-12-03,43.16082763671875,44142600
2021-12-06,43.62849426269531,32589300
2021-12-07,43.48725509643555,37739100
2021-12-08,43.047828674316406,34496400
2021-12-09,43.64659118652344,32351700
2021-12-10,44.44388198852539,38575500
2021-12-13,45.24433517456055,54039300
2021-12-14,45.67607116699219,46721400
2021-12-15,45.93764114379883,33489900
2021-12-16,45.171852111816406,39069600
2021-12-17,43.725379943847656,78581100
2021-12-20,43.8671875,31017900
2021-12-21,43.999534606933594,24620400
2021-12-22,44.0562629699707,17028000
2021-12-23,43.95857238769531,17592600
2021-12-27,44.35879898071289,16040700
2021-12-28,44.99537658691406,15783000
2021-12-29,44.97331619262695,13045200
2021-12-30,45.118282318115234,14949000
2021-12-31,45.597286224365234,17947800
2022-01-03,45.58469009399414,20706600
2022-01-04,44.74956512451172,33930000
2022-01-05,45.35463333129883,35418000
2022-01-06,45.228572845458984,21828900
2022-01-07,45.660316467285156,19723500
2022-01-10,45.57207107543945,22731600
2022-01-11,45.442874908447266,21668700
2022-01-12,45.203372955322266,18946800
2022-01-13,45.843101501464844,24252600
2022-01-14,45.71390151977539,26867400
2022-01-18,44.913448333740234,21123900
2022-01-19,45.360931396484375,22674000
2022-01-20,44.503761291503906,22387200
2022-01-21,44.17917251586914,27508200
2022-01-24,44.18232345581055,28699200
2022-01-25,43.221153259277344,29479500
2022-01-26,42.77995681762695,26185500
2022-01-27,42.808319091796875,27759000
2022-01-28,43.33774948120117,25131900
2022-01-31,44.059417724609375,20193600
2022-02-01,44.406070709228516,20323200
2022-02-02,44.38716125488281,18149700
2022-02-03,44.4312858581543,20741100
2022-02-04,43.90816116333008,22036500
2022-02-07,43.47641372680664,20010300
2022-02-08,43.48587417602539,19458900
2022-02-09,43.391326904296875,21473700
2022-02-10,42.883949279785156,27810600
2022-02-11,42.64759826660156,23733300
2022-02-14,42.21271514892578,29363400
2022-02-15,42.34506607055664,21824400
2022-02-16,42.08035659790039,28490700
2022-02-17,43.76634216308594,53831400
2022-02-18,43.48587417602539,31103400
2022-02-22,43.00055694580078,25380900
2022-02-23,42.55936050415039,21030900
2022-02-24,42.39548873901367,31717500
2022-02-25,42.97848892211914,24997800
2022-02-28,42.594024658203125,26286600
2022-03-01,42.855594635009766,24024900
2022-03-02,42.90916442871094,23863800
2022-03-03,43.89554977416992,29885100
2022-03-04,45.00798797607422,35576400
2022-03-07,44.645572662353516,45870000
2022-03-08,43.722225189208984,28305600
2022-03-09,43.949119567871094,22122900
2022-03-10,44.9481086730957,27512700
2022-03-11,44.771629333496094,19162200
2022-03-14,45.395599365234375,22646400
2022-03-15,45.94078826904297,22872600
2022-03-16,45.805294036865234,24615900
2022-03-17,45.8748779296875,19023000
2022-03-18,46.01090621948242,31233300
2022-03-21,45.62812805175781,21350700
2022-03-22,45.492088317871094,20235000
2022-03-23,44.906837463378906,19625400
2022-03-24,45.185218811035156,13440900
2022-03-25,45.38136291503906,14085300
2022-03-28,46.188072204589844,20105700
2022-03-29,46.57719039916992,19934400
2022-03-30,47.41238021850586,24991500
2022-03-31,47.111846923828125,27163800
2022-04-01,47.77302169799805,20939700
2022-04-04,47.78251266479492,25332600
2022-04-05,47.918548583984375,18657900
2022-04-06,49.03211975097656,28018500
2022-04-07,49.52247619628906,27088200
2022-04-08,49.79770278930664,23294400
2022-04-11,48.810672760009766,24712800
2022-04-12,48.475337982177734,26761200
2022-04-13,49.73759841918945,29284500
2022-04-14,49.69330978393555,22360500
2022-04-18,49.31367111206055,14671800
2022-04-19,49.873634338378906,15855000
2022-04-20,50.50001907348633,19821600
2022-04-21,50.575931549072266,18168300
2022-04-22,49.62371063232422,21046200
2022-04-25,49.64901351928711,18057600
2022-04-26,49.13018798828125,19601100
2022-04-27,48.79485321044922,17496900
2022-04-28,49.4180793762207,14955900
2022-04-29,48.39940643310547,21088800
2022-05-02,48.07987976074219,20016000
2022-05-03,48.247554779052734,17950500
2022-05-04,48.91507339477539,20022600
2022-05-05,48.49596405029297,23234400
2022-05-06,47.48628616333008,34258200
2022-05-09,48.04192352294922,28207200
2022-05-10,47.36564254760742,24861300
2022-05-11,46.870323181152344,27878700
2022-05-12,46.82587814331055,25244400
2022-05-13,47.00685501098633,19962300
2022-05-16,47.05765914916992,21449100
2022-05-17,41.704498291015625,132940200
2022-05-18,38.87233352661133,104253000
2022-05-19,37.80552291870117,71008500
2022-05-20,37.84679412841797,49356000
2022-05-23,38.926307678222656,43680900
2022-05-24,39.41209411621094,34584900
2022-05-25,39.17079544067383,27121800
2022-05-26,40.005836486816406,28197600
2022-05-27,40.79324722290039,25299900
2022-05-31,40.84088134765625,36912300
2022-06-01,39.831207275390625,28534800
2022-06-02,40.48526382446289,23214300
2022-06-03,39.7899284362793,18302700
2022-06-06,39.647056579589844,19855500
2022-06-07,39.17079544067383,47707800
2022-06-08,38.83106231689453,22522800
2022-06-09,38.424652099609375,19880100
2022-06-10,38.640560150146484,25238100
2022-06-13,37.91347122192383,24897900
2022-06-14,37.92934036254883,21544200
2022-06-15,37.903934478759766,25914000
2022-06-16,38.29765319824219,30706800
2022-06-17,37.557857513427734,36838800
2022-06-21,38.7897834777832,23916600
2022-06-22,38.31987762451172,20235000
2022-06-23,39.25017547607422,18040800
2022-06-24,39.28193283081055,31845900
2022-06-27,39.40892028808594,19889100
2022-06-28,38.85327911376953,15399000
2022-06-29,38.71039962768555,19111500
2022-06-30,38.60245895385742,19166100
2022-07-01,38.93583297729492,17460900
2022-07-05,39.4501953125,18218100
2022-07-06,39.72959518432617,21300000
2022-07-07,39.7899284362793,17487300
2022-07-08,39.81532287597656,14751000
2022-07-11,39.831207275390625,11532900
2022-07-12,39.710548400878906,13732200
2022-07-13,39.80581283569336,12689100
2022-07-14,40.58369827270508,20905500
2022-07-15,40.9805793762207,21184200
2022-07-18,40.88533020019531,14243700
2022-07-19,41.13615417480469,16995300
2022-07-20,41.47906494140625,18564900
2022-07-21,42.08549880981445,18764700
2022-07-22,41.9775505065918,13616400
2022-07-25,41.9172248840332,20535300
2022-07-26,38.729461669921875,95391600
2022-07-27,40.19315719604492,42159600
2022-07-28,41.19648361206055,33262200
2022-07-29,41.9267463684082,30141900
2022-08-01,42.08232879638672,24996300
2022-08-02,42.126773834228516,19695000
2022-08-03,41.43461227416992,32003100
2022-08-04,39.86930465698242,53106000
2022-08-05,40.18998336791992,32007000
2022-08-08,40.51702880859375,18175200
2022-08-09,40.917083740234375,19325100
2022-08-10,41.00279998779297,25251000
2022-08-11,41.39822769165039,23854500
2022-08-12,42.16356658935547,26625000
2022-08-15,42.28473663330078,26516100
2022-08-16,44.44363021850586,91773300
2022-08-17,44.491458892822266,41792100
2022-08-18,44.34795379638672,19197600
2022-08-19,43.6942253112793,22918800
2022-08-22,42.91295623779297,18667200
2022-08-23,42.73118209838867,16955100
2022-08-24,43.04050827026367,15766500
2022-08-25,43.3275032043457,19414500
2022-08-26,41.96585464477539,21331800
2022-08-29,42.374027252197266,17381700
2022-08-30,42.2464714050293,14468100
2022-08-31,42.268795013427734,22460700
2022-09-01,42.88425064086914,21741900
2022-09-02,42.412296295166016,17234400
2022-09-06,42.20183181762695,21899700
2022-09-07,43.28605270385742,17058900
2022-09-08,43.5060920715332,16956000
2022-09-09,43.636837005615234,16140600
2022-09-12,44.02906036376953,14284500
2022-09-13,43.12023162841797,17687400
2022-09-14,43.024566650390625,19934700
2022-09-15,42.56217575073242,20189400
2022-09-16,42.47288513183594,41874300
2022-09-19,42.836421966552734,16853100
2022-09-20,42.587684631347656,13963500
2022-09-21,42.97672653198242,24903600
2022-09-22,42.53667068481445,16744500
2022-09-23,41.47475814819336,27195300
2022-09-26,41.873374938964844,23011200
2022-09-27,41.75857162475586,17171700
2022-09-28,42.44736862182617,16838400
2022-09-29,42.17313003540039,15241500
2022-09-30,41.35995864868164,19602300
2022-10-03,42.26240921020508,17574900
2022-10-04,42.81090545654297,16134300
2022-10-05,42.386783599853516,14553900
2022-10-06,41.991355895996094,14200500
2022-10-07,40.99642562866211,17080500
2022-10-10,41.23878479003906,11411700
2022-10-11,42.30705642700195,21276000
2022-10-12,41.82872772216797,16947600
2022-10-13,42.18269729614258,20545500
2022-10-14,41.592750549316406,16641000
2022-10-17,41.89250946044922,17812500
2022-10-18,42.775821685791016,16842300
2022-10-19,42.654659271240234,11339400
2022-10-20,42.7598876953125,12754800
2022-10-21,43.62407684326172,18134700
2022-10-24,44.45637130737305,18806700
2022-10-25,44.66683578491211,15051300
2022-10-26,45.008052825927734,20754300
2022-10-27,44.87731170654297,16602900
2022-10-28,45.44493103027344,13648200
2022-10-31,45.38752746582031,22572000
2022-11-01,45.18344497680664,14814300
2022-11-02,44.88368606567383,15522000
2022-11-03,44.87411880493164,10976400
2022-11-04,44.95384216308594,14669400
2022-11-07,45.42579650878906,11364000
2022-11-08,45.53422164916992,15068400
2022-11-09,44.47550964355469,15932100
2022-11-10,45.397098541259766,20310600
2022-11-11,45.46725845336914,19270800
2022-11-14,44.1311149597168,37525800
2022-11-15,47.017059326171875,76548600
2022-11-16,47.3550910949707,32593200
2022-11-17,47.195640563964844,24791400
2022-11-18,47.906761169433594,18987000
2022-11-21,48.20014190673828,21157200
2022-11-22,48.37234115600586,16898400
2022-11-23,48.605125427246094,16920600
2022-11-25,48.812408447265625,8777400
2022-11-28,48.95271682739258,17674800
2022-11-29,48.780517578125,13841700
2022-11-30,48.605125427246094,31338000
2022-12-01,48.9080810546875,22732200
2022-12-02,48.86024475097656,20733000
2022-12-05,48.35958480834961,23608200
2022-12-06,47.79833221435547,20625600
2022-12-07,47.549598693847656,17550300
2022-12-08,47.62322998046875,13512600
2022-12-09,46.51251220703125,27929400
2022-12-12,47.37995910644531,19432200
2022-12-13,47.210304260253906,23408100
2022-12-14,46.94783020019531,20334600
2022-12-15,46.52851867675781,17514000
2022-12-16,45.693077087402344,40343100
2022-12-19,45.70907974243164,15067500
2022-12-20,46.109188079833984,17009400
2022-12-21,46.47089385986328,13726500
2022-12-22,45.92673873901367,13082400
2022-12-23,46.01956558227539,9547500
2022-12-27,46.03237533569336,10044600
2022-12-28,45.225746154785156,15246300
2022-12-29,45.501014709472656,9171900
2022-12-30,45.385780334472656,11505900
2023-01-03,45.965152740478516,17249700
2023-01-04,46.0163688659668,13338300
2023-01-05,45.85952377319336,13274400
2023-01-06,46.98303985595703,21231900
2023-01-09,46.39727783203125,17756700
2023-01-10,46.368473052978516,11970600
2023-01-11,46.77497482299805,14834700
2023-01-12,46.35246276855469,12472800
2023-01-13,46.506103515625,13699800
2023-01-17,46.22443771362305,15122400
2023-01-18,45.081695556640625,22674300
2023-01-19,44.43832015991211,17342100
2023-01-20,44.985679626464844,29543100
2023-01-23,45.65786361694336,13149900
2023-01-24,45.77949905395508,13669200
2023-01-25,45.56183624267578,12491700
2023-01-26,45.520233154296875,15819000
2023-01-27,45.86912155151367,18412800
2023-01-30,45.501014709472656,15897600
2023-01-31,46.05158233642578,14103600
2023-02-01,46.30765151977539,12849300
2023-02-02,45.971553802490234,17806800
2023-02-03,45.36017990112305,17155500
2023-02-06,45.03048324584961,17454000
2023-02-07,45.12650680541992,16341300
2023-02-08,44.88324737548828,11691300
2023-02-09,45.299354553222656,13064400
2023-02-10,46.00356674194336,15002700
2023-02-13,46.70456314086914,16015800
2023-02-14,46.570125579833984,13831200
2023-02-15,46.915828704833984,14674200
2023-02-16,46.17961502075195,16312200
2023-02-17,46.87420654296875,24770700
2023-02-21,47.159095764160156,54393900
2023-02-22,46.17000961303711,29844000
2023-02-23,45.48181915283203,22021200
2023-02-24,45.60344314575195,20623500
2023-02-27,45.27375793457031,16647300
2023-02-28,45.49462127685547,18054000
2023-03-01,44.86083984375,14180100
2023-03-02,44.97287368774414,14785500
2023-03-03,45.027286529541016,16888800
2023-03-06,45.0208854675293,16720800
2023-03-07,44.57275390625,17387400
2023-03-08,44.20465087890625,19090800
2023-03-09,43.90696334838867,15415800
2023-03-10,43.84294128417969,20065200
2023-03-13,43.970977783203125,28142100
2023-03-14,44.20465087890625,25542600
2023-03-15,44.69758987426758,33133500
2023-03-16,44.44368362426758,28905600
2023-03-17,44.803646087646484,43081200
2023-03-20,45.285762786865234,33928500
2023-03-21,45.131492614746094,19013400
2023-03-22,44.84222412109375,18548400
2023-03-23,45.205413818359375,22044300
2023-03-24,45.57502365112305,22752300
2023-03-27,46.33675003051758,26775600
2023-03-28,46.156761169433594,21282900
2023-03-29,46.35602951049805,24216900
2023-03-30,46.81885528564453,21879000
2023-03-31,47.39094924926758,20868000
2023-04-03,47.789493560791016,19766700
2023-04-04,47.32024383544922,18113700
2023-04-05,48.104469299316406,26540700
2023-04-06,48.467655181884766,17891700
2023-04-10,48.37443923950195,14519100
2023-04-11,48.233028411865234,18370500
2023-04-12,47.99839782714844,11209800
2023-04-13,48.04661178588867,13272600
2023-04-14,47.72199630737305,10464900
2023-04-17,48.05625915527344,16166700
2023-04-18,48.16231155395508,13482300
2023-04-19,48.213748931884766,12433500
2023-04-20,48.52229690551758,13641600
2023-04-21,48.76655578613281,25335000
2023-04-24,49.097599029541016,13579500
2023-04-25,48.71513748168945,17246700
2023-04-26,48.50300598144531,12910200
2023-04-27,48.6540641784668,12861000
2023-04-28,48.52229690551758,14088600
2023-05-01,48.7215576171875,11409600
2023-05-02,48.589786529541016,11329500
2023-05-03,48.40980529785156,12334500
2023-05-04,48.54530715942383,14011200
2023-05-05,48.96470642089844,14556000
2023-05-08,49.271209716796875,14926200
2023-05-09,49.35508346557617,15209700
2023-05-10,49.21635818481445,15827700
2023-05-11,49.4002571105957,11926800
2023-05-12,49.38412094116211,16119300
2023-05-15,49.00020217895508,16113900
2023-05-16,48.322696685791016,15512100
2023-05-17,48.24203109741211,26985900
2023-05-18,48.86792755126953,46768500
2023-05-19,48.36463165283203,27594000
2023-05-22,47.93876647949219,16117800
2023-05-23,47.84843063354492,16302300
2023-05-24,47.62904739379883,20515200
2023-05-25,47.15479278564453,21299100
2023-05-26,47.23867416381836,15720900
2023-05-30,47.12253189086914,15742500
2023-05-31,47.38385772705078,30130800
2023-06-01,47.558074951171875,20239200
2023-06-02,48.012977600097656,19178100
2023-06-05,48.329139709472656,15553200
2023-06-06,48.322696685791016,15015600
2023-06-07,48.39366912841797,24256500
2023-06-08,49.0937614440918,18873000
2023-06-09,49.39057922363281,15603900
2023-06-12,49.71642303466797,14713500
2023-06-13,50.103572845458984,15738900
2023-06-14,50.61009216308594,21103200
2023-06-15,50.88755416870117,18160500
2023-06-16,50.17778015136719,34675800
2023-06-20,49.73578643798828,19994400
2023-06-21,49.83258056640625,19251000
2023-06-22,50.248756408691406,13307400
2023-06-23,50.15519332885742,18975000
2023-06-26,50.022918701171875,14106300
2023-06-27,49.842254638671875,12093600
2023-06-28,50.113258361816406,18889800
2023-06-29,49.774497985839844,21530400
2023-06-30,50.71011734008789,19073100
2023-07-03,51.039188385009766,8647500
2023-07-05,51.01015090942383,17585400
2023-07-06,50.68752670288086,14427000
2023-07-07,49.51963424682617,19774800
2023-07-10,49.96807098388672,12967800
2023-07-11,49.89387130737305,11460900
2023-07-12,50.01969528198242,16509900
2023-07-13,49.726112365722656,11859600
2023-07-14,49.89710235595703,10427400
2023-07-17,49.95840072631836,10135200
2023-07-18,49.86806106567383,13437300
2023-07-19,49.88419723510742,12372900
2023-07-20,50.80690002441406,14987700
2023-07-21,51.09403991699219,16960500
2023-07-24,51.39407730102539,12529800
2023-07-25,51.35213851928711,15553800
2023-07-26,51.536033630371094,15094200
2023-07-27,51.34891128540039,13400400
2023-07-28,51.59087371826172,11020200
2023-07-31,51.574745178222656,13033200
2023-08-01,51.33277893066406,11782500
2023-08-02,51.368263244628906,12660000
2023-08-03,51.38117218017578,13202700
2023-08-04,51.0843505859375,14262000
2023-08-07,51.77799987792969,14268900
2023-08-08,51.829620361328125,11017500
2023-08-09,51.91349792480469,13209600
2023-08-10,51.887596130371094,15169500
2023-08-11,52.19194412231445,14195100
2023-08-14,51.80341720581055,20813700
2023-08-15,51.537933349609375,14559300
2023-08-16,51.56382751464844,26980800
2023-08-17,50.407962799072266,53614200
2023-08-18,51.133209228515625,27954900
2023-08-21,50.997230529785156,15679200
2023-08-22,50.83534240722656,16670700
2023-08-23,51.188255310058594,14210400
2023-08-24,50.796485900878906,14033100
2023-08-25,51.09760284423828,12267000
2023-08-28,51.38899612426758,11871000
2023-08-29,51.819602966308594,12702300
2023-08-30,52.19194412231445,10967700
2023-08-31,52.648460388183594,19582800
2023-09-01,52.311737060546875,12553500
2023-09-05,51.89083480834961,15209400
2023-09-06,52.27936553955078,14594700
2023-09-07,52.92690658569336,19120800
2023-09-08,53.0240364074707,12667200
2023-09-11,53.208595275878906,11912100
2023-09-12,53.266868591308594,11757300
2023-09-13,53.279815673828125,14364300
2023-09-14,53.50321578979492,14923800
2023-09-15,53.305721282958984,63925200
2023-09-18,52.91071701049805,12997800
2023-09-19,52.89776611328125,14019600
2023-09-20,53.06935501098633,10120800
2023-09-21,52.42505645751953,18782400
2023-09-22,52.56428527832031,13215000
2023-09-25,52.79739761352539,10459500
2023-09-26,52.61285400390625,14435700
2023-09-27,52.36030578613281,15711000
2023-09-28,52.62580108642578,11617200
2023-09-29,51.78076171875,18842400
2023-10-02,51.83580017089844,12992700
2023-10-03,51.5087890625,11253300
2023-10-04,52.12718963623047,15755700
2023-10-05,51.50554656982422,14269500
2023-10-06,50.64107131958008,42616200
2023-10-09,50.4565315246582,21022500
2023-10-10,51.0263671875,16014300
2023-10-11,51.230342864990234,12026100
2023-10-12,51.46345901489258,13514100
2023-10-13,51.74838638305664,13809000
2023-10-16,52.195186614990234,14348100
2023-10-17,52.2631721496582,10893000
2023-10-18,52.302032470703125,10559100
2023-10-19,52.05271911621094,11745900
2023-10-20,51.40193176269531,15056700
2023-10-23,52.130428314208984,17097000
2023-10-24,52.855682373046875,17535000
2023-10-25,52.69702911376953,16621800
2023-10-26,52.376495361328125,16220100
2023-10-27,52.182228088378906,13829700
2023-10-30,52.78120803833008,12653700
2023-10-31,52.9074821472168,14168400
2023-11-01,53.380184173583984,14899500
2023-11-02,53.59064483642578,15492300
2023-11-03,53.312191009521484,17240100
2023-11-06,53.383426666259766,14529000
2023-11-07,53.632728576660156,15023400
2023-11-08,53.19563293457031,15591900
2023-11-09,53.07260513305664,15080100
2023-11-10,53.80756378173828,14319900
2023-11-13,54.289981842041016,15408900
2023-11-14,54.28026580810547,19792500
2023-11-15,54.96989822387695,35769900
2023-11-16,50.52128601074219,97658700
2023-11-17,50.297882080078125,42487800
2023-11-20,50.28168869018555,26663100
2023-11-21,50.4630012512207,29382300
2023-11-22,50.07771682739258,26416500
2023-11-24,50.52775573730469,13975200
2023-11-27,50.757633209228516,23393700
2023-11-28,51.363094329833984,23535000
2023-11-29,50.53424072265625,29896500
2023-11-30,50.407962799072266,29925900
2023-12-01,49.97087097167969,39273600
2023-12-04,49.95792770385742,24883200
2023-12-05,50.42091751098633,21883800
2023-12-06,49.873741149902344,26447400
2023-12-07,49.54551696777344,25362600
2023-12-08,49.02555465698242,34069500
2023-12-11,49.149051666259766,31883400
2023-12-12,49.188053131103516,21381900
2023-12-13,50.06222152709961,35348700
2023-12-14,49.451271057128906,30891300
2023-12-15,49.63650894165039,70003500
2023-12-18,50.3611946105957,26316000
2023-12-19,50.54318618774414,24417000
2023-12-20,49.95173645019531,21967800
2023-12-21,50.30595016479492,20087700
2023-12-22,50.90716552734375,19405500
2023-12-26,50.829158782958984,11679900
2023-12-27,51.3068733215332,19896000
2023-12-28,51.206138610839844,16776000
2023-12-29,51.23213577270508,21948300
2024-01-02,51.76509094238281,23539800
2024-01-03,51.76833724975586,18756000
2024-01-04,51.267879486083984,19282500
2024-01-05,50.92666244506836,21709500
2024-01-08,51.4271125793457,20680800
2024-01-09,51.77158737182617,23322300
2024-01-10,52.415035247802734,20121900
2024-01-11,52.35654067993164,14355300
2024-01-12,52.42478561401367,13629000
2024-01-16,52.590518951416016,17032500
2024-01-17,52.34354019165039,14827800
2024-01-18,53.04873275756836,18190500
2024-01-19,52.76925277709961,19175400
2024-01-22,52.77251052856445,13938300
2024-01-23,52.90574645996094,12066600
2024-01-24,52.15830612182617,22932900
2024-01-25,52.91874694824219,16369500
2024-01-26,53.383460998535156,15746400
2024-01-29,53.633689880371094,18240300
2024-01-30,53.81242752075195,15270000
2024-01-31,53.70193099975586,26134800
2024-02-01,54.696353912353516,20792700
2024-02-02,55.1058235168457,21670800
2024-02-05,54.81010055541992,19145100
2024-02-06,55.18381118774414,14181300
2024-02-07,55.04407501220703,17082600
2024-02-08,55.040828704833984,14427900
2024-02-09,55.01158142089844,14329800
2024-02-12,55.343048095703125,14795100
2024-02-13,54.96608352661133,18574200
2024-02-14,54.79059982299805,18484500
2024-02-15,55.01483154296875,16948800
2024-02-16,55.362552642822266,22373400
2024-02-20,57.149898529052734,71788500
2024-02-21,56.44796371459961,40501500
2024-02-22,57.00366973876953,29512800
2024-02-23,57.05241394042969,74365800
2024-02-26,58.105323791503906,32154800
2024-02-27,58.0955810546875,18012700
2024-02-28,58.12482452392578,14803300
2024-02-29,57.14015579223633,29245100
2024-03-01,57.28638458251953,19030900
2024-03-04,57.8128547668457,16033300
2024-03-05,58.534297943115234,19676900
2024-03-06,59.05099868774414,12698700
2024-03-07,58.84626770019531,16195300
2024-03-08,58.61228561401367,12143600
2024-03-11,59.13875198364258,14154000
2024-03-12,59.869937896728516,16613100
2024-03-13,59.74319839477539,15935200
2024-03-14,59.692325592041016,16584700
2024-03-15,59.3597297668457,50946300
2024-03-18,59.53581237792969,16801700
2024-03-19,59.54559326171875,12353600
2024-03-20,59.91732406616211,12007600
2024-03-21,60.112979888916016,14265900
2024-03-22,59.54559326171875,14029400
2024-03-25,59.25210952758789,14186600
2024-03-26,59.19342041015625,13738300
2024-03-27,59.39885711669922,14363400
2024-03-28,58.86082077026367,17535100
2024-04-01,58.69451904296875,13837600
2024-04-02,57.87279510498047,19510100
2024-04-03,58.13692855834961,14615100
2024-04-04,58.20541000366211,14436100
2024-04-05,58.547786712646484,10335900
2024-04-08,58.47930908203125,11070100
2024-04-09,58.48908615112305,10013500
2024-04-10,59.301029205322266,15097600
2024-04-11,58.782562255859375,10987600
2024-04-12,58.83147430419922,12280600
2024-04-15,58.62603759765625,10557200
2024-04-16,58.538002014160156,14726300
2024-04-17,58.352134704589844,15329700
2024-04-18,57.97062683105469,12061500
2024-04-19,58.23474884033203,14165800
2024-04-22,58.83147430419922,14910000
2024-04-23,57.804325103759766,17963900
2024-04-24,58.567344665527344,18529100
2024-04-25,58.89994812011719,19263000
2024-04-26,58.851043701171875,11045200
2024-04-29,58.92930603027344,9785100
2024-04-30,58.05866622924805,14209200
2024-05-01,57.569541931152344,15464300
2024-05-02,58.41083908081055,17574100
2024-05-03,58.51844024658203,14207400
2024-05-06,58.567344665527344,11119400
2024-05-07,59.301029205322266,14520200
2024-05-08,58.98799133300781,11015700
2024-05-09,59.3296012878418,14550500
2024-05-10,59.36886978149414,12356600
2024-05-13,59.30015182495117,19260500
2024-05-14,58.76025390625,18780100
2024-05-15,58.730812072753906,22240600
2024-05-16,62.834022521972656,60545600
2024-05-17,63.46226501464844,29330400
2024-05-20,63.000892639160156,15001400
2024-05-21,63.95307159423828,17131700
2024-05-22,64.05122375488281,14879400
2024-05-23,63.64875793457031,16222900
2024-05-24,64.17884063720703,11795000
2024-05-28,63.845096588134766,13349600
2024-05-29,63.72728729248047,11538600
2024-05-30,63.697845458984375,13051900
2024-05-31,64.55187225341797,27632200
2024-06-03,64.61077117919922,11578700
2024-06-04,65.37643432617188,14780800
2024-06-05,65.85742950439453,14982700
2024-06-06,65.91632843017578,13256000
2024-06-07,64.6696548461914,20213200
2024-06-10,65.72982025146484,21659500
2024-06-11,65.50405883789062,13367500
2024-06-12,65.0917739868164,11704700
2024-06-13,65.47459411621094,11196600
2024-06-14,65.7887191772461,12590100
2024-06-17,66.18136596679688,12103000
2024-06-18,66.3580551147461,12093500
2024-06-20,66.76053619384766,13860800
2024-06-21,66.66236877441406,25883000
2024-06-24,67.63418579101562,12470400
2024-06-25,66.18136596679688,20869200
2024-06-26,67.03538513183594,14177500
2024-06-27,66.6329116821289,12899200
2024-06-28,66.46604919433594,18816700
2024-07-01,66.24027252197266,8666000
2024-07-02,66.81941986083984,9436500
2024-07-03,66.98628997802734,6287500
2024-07-05,68.75322723388672,21586100
2024-07-08,68.39984893798828,12077700
2024-07-09,68.61580657958984,9758400
2024-07-10,69.1164321899414,10803400
2024-07-11,68.51764678955078,15624800
2024-07-12,67.96793365478516,12145300
2024-07-15,68.33113098144531,10171100
2024-07-16,68.70413970947266,9836800
2024-07-17,69.72504425048828,13533800
2024-07-18,69.51890563964844,10682700
2024-07-19,69.45018005371094,11665500
2024-07-22,69.08697509765625,12666100
2024-07-23,69.3520278930664,9263600
2024-07-24,69.30294799804688,22490800
2024-07-25,68.73359680175781,18821200
2024-07-26,68.49800872802734,16789300
2024-07-29,68.3409423828125,10315300
2024-07-30,67.9188461303711,12522500
2024-07-31,67.37894439697266,22908800
2024-08-01,68.5078353881836,17275500
2024-08-02,67.20225524902344,23578700
2024-08-05,66.3482437133789,20770500
2024-08-06,66.4954833984375,14815100
2024-08-07,65.68074035644531,18499200
2024-08-08,66.41696166992188,12489800
2024-08-09,66.70162963867188,13805600
2024-08-12,67.4378433227539,17385300
2024-08-13,66.87832641601562,26557900
2024-08-14,67.3985824584961,22928600
2024-08-15,71.83554077148438,49567500
2024-08-16,72.30609893798828,19872100
2024-08-19,72.57189178466797,13709300
2024-08-20,73.3791275024414,14434000
2024-08-21,74.0682144165039,14832000
2024-08-22,74.4029312133789,16511100
2024-08-23,74.52106475830078,12299100
2024-08-26,74.84591674804688,9508200
2024-08-27,74.9443588256836,11557800
2024-08-28,74.89513397216797,9814300
2024-08-29,75.2298355102539,11856800
2024-08-30,76.0272216796875,23230000
2024-09-03,75.9681625366211,22666100
2024-09-04,76.03707885742188,18442800
2024-09-05,75.76142120361328,13082900
2024-09-06,75.44641876220703,14548600
2024-09-09,76.13551330566406,22260200
2024-09-10,77.58262634277344,17686300
2024-09-11,77.61215209960938,19518800
2024-09-12,78.41938018798828,14877700
2024-09-13,79.3447494506836,12994100
2024-09-16,79.30535888671875,15346400
2024-09-17,77.37589263916016,21065900
2024-09-18,77.7991943359375,15684900
2024-09-19,76.8246078491211,21525700
2024-09-20,77.82872009277344,39534300
2024-09-23,79.07894897460938,12147300
2024-09-24,79.41365814208984,14651100
2024-09-25,80.13228607177734,14163800
2024-09-26,78.67533874511719,17061100
2024-09-27,78.53752136230469,11899100
2024-09-30,79.49241638183594,18997000
2024-10-01,80.00431060791016,16054200
2024-10-02,79.17739868164062,16618300
2024-10-03,79.17739868164062,11640400
2024-10-04,79.67945861816406,11583400
2024-10-07,77.86811828613281,16791600
2024-10-08,78.4686050415039,15270000
2024-10-09,79.14786529541016,12413000
2024-10-10,78.37017059326172,10812700
2024-10-11,78.85252380371094,9570700
2024-10-14,79.0395736694336,9914500
2024-10-15,80.3783950805664,13276200
2024-10-16,79.95508575439453,11123300
2024-10-17,79.6302261352539,9424700
2024-10-18,80.04369354248047,12324100
2024-10-21,79.55147552490234,9750400
2024-10-22,80.74263000488281,12240100
2024-10-23,81.9731674194336,13058200
2024-10-24,81.74674224853516,11645900
2024-10-25,81.2249984741211,8959400
2024-10-28,81.46125793457031,7990200
2024-10-29,80.42760467529297,9682400
2024-10-30,80.1224365234375,9268800
2024-10-31,80.67372131347656,15539000
2024-11-01,80.91000366210938,12181800
2024-11-04,81.16593170166016,11731000
2024-11-05,82.37679290771484,10612500
2024-11-06,82.14051818847656,19974000
2024-11-07,82.54412841796875,12665800
2024-11-08,83.50887298583984,14396500
2024-11-11,82.89852905273438,10433200
2024-11-12,83.66636657714844,12860200
2024-11-13,84.16842651367188,12802600
2024-11-14,83.15447235107422,15740700
2024-11-15,82.93790435791016,17370600
2024-11-18,82.77055358886719,25093800
2024-11-19,85.25130462646484,36340900
2024-11-20,85.822265625,18183200
2024-11-21,87.013427734375,18729200
2024-11-22,89.03150177001953,23990600
2024-11-25,88.10614013671875,25078600
2024-11-26,89.88794708251953,16657000
2024-11-27,90.4490737915039,14358900
2024-11-29,91.05941772460938,11041200
2024-12-02,91.19722747802734,17173000
2024-12-03,92.0536880493164,17775200
2024-12-04,92.97904968261719,17312600
2024-12-05,93.81580352783203,21932300
2024-12-06,94.2095718383789,18803500
2024-12-09,92.36870574951172,20931100
2024-12-10,93.07749938964844,13164500
2024-12-11,93.4811019897461,19682100
2024-12-12,92.62464904785156,14298600
2024-12-13,92.98772430419922,11495900
2024-12-16,93.59942626953125,16742000
2024-12-17,94.14205932617188,23560800
2024-12-18,92.29710388183594,24665600
2024-12-19,92.14912414550781,16606500
2024-12-20,91.00465393066406,49350600
2024-12-23,89.13996124267578,26205400
2024-12-24,91.43875122070312,8992400
2024-12-26,91.54727935791016,10994000
2024-12-27,90.43242645263672,11384400
2024-12-30,89.35700988769531,9790200
2024-12-31,89.13996124267578,11267700
