date,close,volume
2014-01-02,59.71234130859375,11028100
2014-01-03,59.568695068359375,9295600
2014-01-06,59.658470153808594,11848500
2014-01-07,60.50250244140625,11187000
2014-01-08,60.304954528808594,11180400
2014-01-09,59.71833419799805,11674300
2014-01-10,60.17325973510742,10535400
2014-01-13,58.99400329589844,12110900
2014-01-14,59.33519744873047,9265000
2014-01-15,59.13169479370117,9425500
2014-01-16,59.22746276855469,9421700
2014-01-17,59.35916519165039,15998000
2014-01-21,58.96403884887695,13847300
2014-01-22,58.59290313720703,11642800
2014-01-23,58.04819107055664,15393200
2014-01-24,56.779083251953125,14584300
2014-01-27,56.821006774902344,12474600
2014-01-28,57.25800323486328,10773600
2014-01-29,56.93473434448242,13191500
2014-01-30,56.264286041259766,14628400
2014-01-31,55.168827056884766,17361400
2014-02-03,53.905738830566406,20377900
2014-02-04,53.887779235839844,17414400
2014-02-05,53.62437438964844,16393600
2014-02-06,54.136802673339844,13646100
2014-02-07,54.607025146484375,12573800
2014-02-10,53.96800994873047,12237700
2014-02-11,54.76376724243164,13422800
2014-02-12,54.908451080322266,10752400
2014-02-13,55.11946105957031,9775300
2014-02-14,56.735137939453125,18260400
2014-02-18,56.71100616455078,12979300
2014-02-19,56.638668060302734,12227800
2014-02-20,57.49473571777344,14424300
2014-02-21,57.289764404296875,11282200
2014-02-24,58.13979721069336,16012500
2014-02-25,58.06142807006836,10663000
2014-02-26,57.74794006347656,9087600
2014-02-27,57.7780876159668,9101200
2014-02-28,58.03730392456055,12651400
2014-03-03,57.57311248779297,11896700
2014-03-04,58.18802261352539,12566100
2014-03-05,56.548255920410156,19829600
2014-03-06,56.52413558959961,12610400
2014-03-07,57.265647888183594,12659100
2014-03-10,57.57311248779297,9964500
2014-03-11,56.67483139038086,12143600
2014-03-12,56.795413970947266,9705400
2014-03-13,56.451778411865234,9872500
2014-03-14,56.34930419921875,11723300
2014-03-17,56.861717224121094,8676100
2014-03-18,57.09684753417969,8757300
2014-03-19,56.506072998046875,9914700
2014-03-20,57.01847839355469,10405000
2014-03-21,56.85569763183594,24479800
2014-03-24,57.054630279541016,9539800
2014-03-25,57.21742630004883,9796600
2014-03-26,57.090824127197266,11033300
2014-03-27,58.01921081542969,15427500
2014-03-28,58.89937973022461,12321800
2014-03-31,58.8873405456543,12375200
2014-04-01,58.917476654052734,9475300
2014-04-02,59.05011749267578,9551000
2014-04-03,59.038063049316406,10113000
2014-04-04,58.69443130493164,12496100
2014-04-07,58.34475326538086,10120700
2014-04-08,58.74867630004883,10243000
2014-04-09,58.676353454589844,10463900
2014-04-10,58.34475326538086,13443400
2014-04-11,58.30860900878906,13352500
2014-04-14,58.99587631225586,9610200
2014-04-15,59.49020767211914,12961600
2014-04-16,60.24980163574219,12508100
2014-04-17,60.53917694091797,15435700
2014-04-21,60.84664535522461,8002100
2014-04-22,60.50901412963867,8212100
2014-04-23,60.58739471435547,8686000
2014-04-24,60.2919921875,9057800
2014-04-25,60.53314208984375,10391500
2014-04-28,60.99132537841797,12710800
2014-04-29,61.16011428833008,10094600
2014-04-30,61.738887786865234,13966700
2014-05-01,61.13602828979492,11161700
2014-05-02,61.497711181640625,11168100
2014-05-05,62.04030227661133,7614200
2014-05-06,61.89562225341797,9669800
2014-05-07,62.16087341308594,11007400
2014-05-08,61.68463134765625,8922500
2014-05-09,61.87881851196289,8948800
2014-05-12,62.04878234863281,8830500
2014-05-13,62.12766647338867,7528800
2014-05-14,62.08519744873047,6999200
2014-05-15,61.168701171875,13658700
2014-05-16,61.14442443847656,10369200
2014-05-19,61.22334289550781,5851400
2014-05-20,61.10194396972656,6134100
2014-05-21,61.92741012573242,7747900
2014-05-22,61.60570526123047,5304300
2014-05-23,61.4964599609375,5410900
2014-05-27,61.520713806152344,8359700
2014-05-28,61.338653564453125,7586700
2014-05-29,61.46609878540039,6113700
2014-05-30,61.01694869995117,11499000
2014-06-02,60.65886688232422,7761300
2014-06-03,60.931968688964844,9384200
2014-06-04,60.71954345703125,7148800
2014-06-05,61.029090881347656,12296100
2014-06-06,61.666404724121094,9340900
2014-06-09,61.617835998535156,6404800
2014-06-10,61.5814323425293,7917500
2014-06-11,61.87881851196289,10270300
2014-06-12,61.70282745361328,11421000
2014-06-13,62.30369186401367,8240300
2014-06-16,62.467586517333984,8977600
2014-06-17,62.16409683227539,9355400
2014-06-18,62.352256774902344,9575100
2014-06-19,62.29155349731445,11105600
2014-06-20,63.019901275634766,17674400
2014-06-23,63.35369873046875,8553700
2014-06-24,62.352256774902344,9708400
2014-06-25,61.99416732788086,10714800
2014-06-26,61.92741012573242,8424200
2014-06-27,61.42970657348633,15147400
2014-06-30,61.107975006103516,9454800
2014-07-01,61.520713806152344,8399600
2014-07-02,61.648193359375,6954400
2014-07-03,62.267269134521484,6922600
2014-07-07,62.30369186401367,7979600
2014-07-08,62.412967681884766,9613600
2014-07-09,62.84995651245117,7655300
2014-07-10,62.2551383972168,8533700
2014-07-11,61.751373291015625,7680800
2014-07-14,62.32191467285156,8253100
2014-07-15,62.14589309692383,8755800
2014-07-16,62.983482360839844,8870200
2014-07-17,62.09733200073242,8145700
2014-07-18,62.352256774902344,8208300
2014-07-21,62.564697265625,6632400
2014-07-22,62.843868255615234,7426300
2014-07-23,63.27482604980469,7007200
2014-07-24,63.29304504394531,7943000
2014-07-25,62.62537384033203,7775500
2014-07-28,63.34764862060547,9197800
2014-07-29,62.84995651245117,8055400
2014-07-30,62.66788101196289,11072100
2014-07-31,60.05191421508789,18291800
2014-08-01,59.966922760009766,14915000
2014-08-04,60.7741813659668,12148200
2014-08-05,59.602752685546875,13069400
2014-08-06,60.07618713378906,9911300
2014-08-07,59.6452522277832,10017100
2014-08-08,60.53746032714844,11199300
2014-08-11,60.34189224243164,8589600
2014-08-12,60.19522476196289,9583700
2014-08-13,60.56192398071289,7645800
2014-08-14,60.56192398071289,6547300
2014-08-15,60.525230407714844,9226900
2014-08-18,60.824710845947266,7135400
2014-08-19,60.80638885498047,8888100
2014-08-20,60.93473815917969,6751800
2014-08-21,60.67802047729492,6826200
2014-08-22,60.20131301879883,8095000
2014-08-25,60.354129791259766,7569800
2014-08-26,60.89805221557617,8536500
2014-08-27,60.8308219909668,5848700
2014-08-28,60.85529327392578,6072700
2014-08-29,60.78805923461914,8873700
2014-09-02,60.19522476196289,8957100
2014-09-03,60.574153900146484,8475100
2014-09-04,60.11574172973633,9662900
2014-09-05,60.66582489013672,9476900
2014-09-08,59.755149841308594,10080100
2014-09-09,59.522911071777344,9756400
2014-09-10,59.16841125488281,12113700
2014-09-11,59.302879333496094,10181100
2014-09-12,58.53891372680664,10257500
2014-09-15,58.85059356689453,10689400
2014-09-16,59.54734802246094,11574100
2014-09-17,59.33345031738281,8774200
2014-09-18,59.04621124267578,8636600
2014-09-19,59.35791015625,18178100
2014-09-22,59.00341033935547,8816900
2014-09-23,58.69170379638672,10300700
2014-09-24,58.56337356567383,12200000
2014-09-25,57.603816986083984,12854200
2014-09-26,58.32498550415039,11256800
2014-09-29,57.71382141113281,14015000
2014-09-30,57.481571197509766,15576500
2014-10-01,56.7542724609375,14028600
2014-10-02,57.02316665649414,13756500
2014-10-03,57.40211486816406,11563000
2014-10-06,57.76881408691406,10595400
2014-10-07,57.065940856933594,10787900
2014-10-08,57.82383728027344,15583700
2014-10-09,56.118629455566406,17915600
2014-10-10,55.98415756225586,18173100
2014-10-13,55.51967239379883,14451100
2014-10-14,55.34243392944336,23120500
2014-10-15,55.140743255615234,24703500
2014-10-16,55.37296676635742,25212600
2014-10-17,55.74580383300781,18189200
2014-10-20,56.088069915771484,10821700
2014-10-21,57.237091064453125,15757000
2014-10-22,56.919281005859375,12733600
2014-10-23,57.518226623535156,11345100
2014-10-24,57.75047302246094,9734100
2014-10-27,57.27375411987305,11387700
2014-10-28,58.12331008911133,12564100
2014-10-29,57.81156921386719,12409100
2014-10-30,57.726036071777344,9767900
2014-10-31,59.107303619384766,17493700
2014-11-03,58.221099853515625,13410000
2014-11-04,57.76881408691406,13498500
2014-11-05,58.10497283935547,12480000
2014-11-06,58.832279205322266,14731400
2014-11-07,59.4601936340332,13233500
2014-11-10,59.26934814453125,9087600
2014-11-11,59.34935760498047,7990000
2014-11-12,58.715309143066406,11592800
2014-11-13,58.27208709716797,12355400
2014-11-14,58.53677749633789,9352500
2014-11-17,58.54910659790039,8704400
2014-11-18,58.401371002197266,9263200
2014-11-19,58.85689926147461,8333200
2014-11-20,58.98616409301758,8422400
2014-11-21,59.595611572265625,12374900
2014-11-24,58.924617767333984,10172400
2014-11-25,58.34595489501953,13747400
2014-11-26,58.16126251220703,9822100
2014-11-28,55.7358512878418,19556700
2014-12-01,56.85004425048828,27584200
2014-12-02,57.982757568359375,20885300
2014-12-03,58.45058822631836,16220400
2014-12-04,58.09355926513672,12868600
2014-12-05,57.75498580932617,11831900
2014-12-08,56.44992446899414,15735900
2014-12-09,56.25293731689453,15883800
2014-12-10,54.58468246459961,22279400
2014-12-11,54.91093826293945,21522200
2014-12-12,53.310401916503906,24568300
2014-12-15,53.49509811401367,21373600
2014-12-16,53.19343948364258,26372400
2014-12-17,54.80012130737305,23323000
2014-12-18,56.11752700805664,22882700
2014-12-19,57.644161224365234,38469000
2014-12-22,57.45333480834961,17871800
2014-12-23,58.22896194458008,13706500
2014-12-24,57.730369567871094,6875700
2014-12-26,57.37949752807617,10585000
2014-12-29,57.293296813964844,9892100
2014-12-30,57.26250076293945,8743400
2014-12-31,56.91163635253906,11337200
2015-01-02,57.14555358886719,10220400
2015-01-05,55.58195495605469,18502400
2015-01-06,55.28644943237305,16670700
2015-01-07,55.846649169921875,13590700
2015-01-08,56.776187896728516,15487500
2015-01-09,56.6961555480957,14488400
2015-01-12,55.60654830932617,15176300
2015-01-13,55.40342330932617,17469000
2015-01-14,55.24335861206055,23272100
2015-01-15,54.763214111328125,18759600
2015-01-16,56.09287643432617,17713100
2015-01-20,56.07441711425781,16761000
2015-01-21,56.55457305908203,14276400
2015-01-22,57.17018127441406,13559000
2015-01-23,55.95130157470703,14706300
2015-01-26,56.48686218261719,10672500
2015-01-27,55.988243103027344,12301500
2015-01-28,54.14145278930664,17829700
2015-01-29,53.91370391845703,22683000
2015-01-30,53.815189361572266,22679900
2015-02-02,55.14487838745117,20306300
2015-02-03,56.78852081298828,21900900
2015-02-04,56.30216979980469,19632200
2015-02-05,56.85622787475586,12809000
2015-02-06,56.750770568847656,12331200
2015-02-09,56.78800582885742,11360700
2015-02-10,56.44688034057617,12952900
2015-02-11,56.192569732666016,12240600
2015-02-12,57.29039001464844,14843000
2015-02-13,57.910587310791016,12061000
2015-02-17,57.712135314941406,11758700
2015-02-18,56.44688034057617,19177900
2015-02-19,55.473121643066406,19350600
2015-02-20,55.77082061767578,15959900
2015-02-23,55.2064094543457,12771800
2015-02-24,55.46070861816406,9990700
2015-02-25,55.572357177734375,9925700
2015-02-26,54.98313522338867,13984000
2015-02-27,54.91489791870117,13090600
2015-03-02,54.60479736328125,13793700
2015-03-03,54.34429168701172,13493800
2015-03-04,54.07139587402344,13467600
2015-03-05,53.79850387573242,12527600
2015-03-06,53.11005401611328,16070500
2015-03-09,52.81853485107422,14503800
2015-03-10,52.260345458984375,17195500
2015-03-11,52.11147689819336,13004700
2015-03-12,52.235538482666016,10792900
2015-03-13,52.01845169067383,16799900
2015-03-16,52.570457458496094,13516200
2015-03-17,52.14870071411133,12979700
2015-03-18,53.38296127319336,18745700
2015-03-19,52.353370666503906,12738500
2015-03-20,52.433998107910156,36083500
2015-03-23,52.98600769042969,17450700
2015-03-24,52.42160415649414,10174300
2015-03-25,52.632476806640625,11934700
2015-03-26,52.29755783081055,14400700
2015-03-27,51.83858871459961,11579300
2015-03-30,53.11005401611328,15653200
2015-03-31,52.719303131103516,13354000
2015-04-01,52.38439178466797,14522300
2015-04-02,52.285152435302734,11297400
2015-04-06,52.79994201660156,10916400
2015-04-07,53.184471130371094,11836100
2015-04-08,52.13628387451172,16257100
2015-04-09,52.502220153808594,13281800
2015-04-10,53.066627502441406,13372400
2015-04-13,52.93017578125,9880500
2015-04-14,53.73026657104492,15693800
2015-04-15,54.62960433959961,15332800
2015-04-16,54.41255187988281,9570800
2015-04-17,53.916351318359375,14430100
2015-04-20,54.10859680175781,11593600
2015-04-21,53.88530731201172,10100500
2015-04-22,54.24506378173828,8663600
2015-04-23,54.2946891784668,9866100
2015-04-24,53.941162109375,8405700
2015-04-27,53.96595764160156,10534600
2015-04-28,54.455928802490234,9633800
2015-04-29,54.49938201904297,12534100
2015-04-30,54.18924331665039,13947700
2015-05-01,55.10717010498047,12257100
2015-05-04,55.268436431884766,10343700
2015-05-05,54.958335876464844,11895000
2015-05-06,54.69784164428711,11273500
2015-05-07,54.33190155029297,9992500
2015-05-08,55.19400405883789,11390300
2015-05-11,54.26848220825195,11997800
2015-05-12,54.4185676574707,9788900
2015-05-13,54.13090515136719,8629400
2015-05-14,54.3873176574707,8791300
2015-05-15,54.624942779541016,8422200
2015-05-18,54.31226348876953,6395400
2015-05-19,54.39982223510742,9777100
2015-05-20,54.48735809326172,7276600
2015-05-21,54.53739929199219,8357400
2015-05-22,54.10591125488281,7598400
2015-05-26,53.37421417236328,11289000
2015-05-27,53.224143981933594,10778300
2015-05-28,53.224143981933594,8038900
2015-05-29,53.280426025390625,14631300
2015-06-01,53.23664855957031,9077500
2015-06-02,53.2429084777832,9328300
2015-06-03,53.12409210205078,8179500
2015-06-04,52.667564392089844,12607300
2015-06-05,52.705074310302734,11388500
2015-06-08,53.061553955078125,12244700
2015-06-09,52.8927116394043,8105500
2015-06-10,53.28667449951172,10147000
2015-06-11,53.211631774902344,7759300
2015-06-12,52.54249572753906,8347300
2015-06-15,52.354888916015625,9563900
2015-06-16,52.95524215698242,9100100
2015-06-17,52.98649978637695,9090200
2015-06-18,53.45551300048828,10247800
2015-06-19,53.28667449951172,16129600
2015-06-22,53.26166534423828,9465100
2015-06-23,53.19912338256836,10223900
2015-06-24,52.95524215698242,11800100
2015-06-25,52.48622512817383,10259400
2015-06-26,52.44243240356445,19023300
2015-06-29,51.79206466674805,11739200
2015-06-30,52.02970504760742,14981100
2015-07-01,51.51064682006836,13529100
2015-07-02,51.9921760559082,9188000
2015-07-06,51.6107177734375,11694400
2015-07-07,51.82334518432617,15641500
2015-07-08,51.26053237915039,10057000
2015-07-09,51.029136657714844,11980500
2015-07-10,51.41684341430664,8628700
2015-07-13,51.54192352294922,8026700
2015-07-14,51.973426818847656,9310200
2015-07-15,51.754554748535156,9289200
2015-07-16,51.84833908081055,8267600
2015-07-17,51.66075134277344,12156000
2015-07-20,51.12918472290039,12957100
2015-07-21,51.066650390625,8677100
2015-07-22,51.14795684814453,13181500
2015-07-23,50.74148941040039,10496100
2015-07-24,49.99103927612305,14888500
2015-07-27,49.5657844543457,14996100
2015-07-28,51.57945251464844,19777300
2015-07-29,51.9921760559082,13913800
2015-07-30,51.91087341308594,11139900
2015-07-31,49.53452682495117,26232700
2015-08-03,48.81538009643555,15767700
2015-08-04,48.2588005065918,18874400
2015-08-05,48.2588005065918,16544400
2015-08-06,48.834144592285156,13005200
2015-08-07,48.04617691040039,12187600
2015-08-10,49.24685287475586,14876000
2015-08-11,48.91232681274414,14486400
2015-08-12,49.73290252685547,16492400
2015-08-13,49.64451599121094,13154100
2015-08-14,49.46147918701172,9129300
2015-08-17,49.72026062011719,9365400
2015-08-18,49.17112350463867,9815300
2015-08-19,48.11700439453125,17010100
2015-08-20,47.06917953491211,17811200
2015-08-21,45.529052734375,25488800
2015-08-24,43.37662124633789,35531200
2015-08-25,43.37031936645508,30409700
2015-08-26,45.76259231567383,34436000
2015-08-27,47.24592208862305,24571000
2015-08-28,47.384796142578125,18997300
2015-08-31,47.49209976196289,19570100
2015-09-01,45.49748992919922,24092900
2015-09-02,46.2233772277832,16936900
2015-09-03,46.57685089111328,13451900
2015-09-04,45.73735809326172,14902500
2015-09-08,46.393802642822266,13626900
2015-09-09,45.44700241088867,17246200
2015-09-10,45.77521514892578,12353900
2015-09-11,45.88254165649414,12172300
2015-09-14,45.75629425048828,10738500
2015-09-15,45.98983383178711,11979800
2015-09-16,46.89876937866211,15214200
2015-09-17,46.99977111816406,15603000
2015-09-18,45.87621307373047,23180200
2015-09-21,46.324371337890625,10853000
2015-09-22,45.914085388183594,14245200
2015-09-23,45.6363525390625,13784800
2015-09-24,45.90778732299805,14584200
2015-09-25,46.2233772277832,15175300
2015-09-28,45.825714111328125,14571900
2015-09-29,46.05926513671875,13754400
2015-09-30,46.93032455444336,18176500
2015-10-01,46.74727249145508,14397800
2015-10-02,47.89608383178711,18811300
2015-10-05,48.483097076416016,18486700
2015-10-06,49.164817810058594,18757900
2015-10-07,49.991695404052734,18666300
2015-10-08,50.51559066772461,14344700
2015-10-09,50.02954864501953,17384700
2015-10-12,50.05481719970703,9931800
2015-10-13,49.96644592285156,12326600
2015-10-14,50.5976448059082,14486000
2015-10-15,51.430850982666016,13640900
2015-10-16,52.06205749511719,14304400
2015-10-19,51.12156677246094,14155800
2015-10-20,51.020565032958984,12340100
2015-10-21,50.629215240478516,10274900
2015-10-22,52.32085418701172,14823500
2015-10-23,52.37767028808594,13215700
2015-10-26,51.26674270629883,12576400
2015-10-27,51.184669494628906,13579400
2015-10-28,51.9358024597168,12473000
2015-10-29,51.90425491333008,10341200
2015-10-30,52.226165771484375,18758600
2015-11-02,53.82944107055664,21266500
2015-11-03,54.8204345703125,20115900
2015-11-04,54.27129364013672,14245400
2015-11-05,53.53274917602539,12291100
2015-11-06,53.31816482543945,12491700
2015-11-09,52.17844772338867,13551200
2015-11-10,52.43313217163086,14238000
2015-11-11,51.96833801269531,9598000
2015-11-12,50.56119918823242,16050600
2015-11-13,49.72709655761719,17527300
2015-11-16,51.50991439819336,14548100
2015-11-17,50.91140365600586,10011700
2015-11-18,51.40802764892578,10884600
2015-11-19,51.12787628173828,9453300
2015-11-20,50.80314254760742,10144400
2015-11-23,51.11513900756836,11868400
2015-11-24,52.13387680053711,15055500
2015-11-25,51.732749938964844,8980400
2015-11-27,51.72002410888672,4156600
2015-11-30,51.99380111694336,17729200
2015-12-01,52.14025115966797,13917000
2015-12-02,50.650352478027344,16300000
2015-12-03,49.92449188232422,14870300
2015-12-04,50.21103286743164,20156400
2015-12-07,48.89937973022461,17676100
2015-12-08,47.5177116394043,24217600
2015-12-09,48.15443801879883,22036300
2015-12-10,48.19266128540039,20142400
2015-12-11,47.33308029174805,20473100
2015-12-14,48.409122467041016,21976500
2015-12-15,50.57392501831055,24366800
2015-12-16,50.39564514160156,17233900
2015-12-17,49.63795852661133,17362900
2015-12-18,49.20500183105469,28836000
2015-12-21,49.19227981567383,14460500
2015-12-22,49.44059371948242,13855800
2015-12-23,51.05783462524414,15184200
2015-12-24,50.51026916503906,5848300
2015-12-28,50.13461685180664,9715800
2015-12-29,50.40202331542969,8839000
2015-12-30,49.73347854614258,9314600
2015-12-31,49.631595611572266,10285500
2016-01-04,49.31961441040039,20400100
2016-01-05,49.73985290527344,11993500
2016-01-06,49.325992584228516,18826900
2016-01-07,48.536460876464844,21263800
2016-01-08,47.555938720703125,19033600
2016-01-11,46.91921615600586,21353000
2016-01-12,47.88064956665039,21864100
2016-01-13,48.16716003417969,26052700
2016-01-14,50.37656021118164,33806700
2016-01-15,49.396018981933594,28342100
2016-01-19,48.64470291137695,22684500
2016-01-20,46.5944938659668,33300800
2016-01-21,47.18026351928711,22265600
2016-01-22,48.7529411315918,22530300
2016-01-25,47.103858947753906,17086600
2016-01-26,48.83571243286133,18724700
2016-01-27,47.93794631958008,18106100
2016-01-28,49.020355224609375,16157700
2016-01-29,49.567935943603516,25161900
2016-02-01,48.57467269897461,16754200
2016-02-02,47.49225616455078,21404200
2016-02-03,49.96907043457031,25873700
2016-02-04,50.828617095947266,23658700
2016-02-05,50.98780059814453,26719900
2016-02-08,51.67544937133789,26601200
2016-02-09,51.4505729675293,18418100
2016-02-10,50.9815559387207,16610900
2016-02-11,51.14216995239258,19331600
2016-02-12,52.06093215942383,16767200
2016-02-16,52.183021545410156,15912200
2016-02-17,52.68415451049805,17006700
2016-02-18,52.9732780456543,14873700
2016-02-19,53.00541305541992,13615900
2016-02-22,52.934730529785156,14595200
2016-02-23,52.18944549560547,11041600
2016-02-24,52.375762939453125,13777500
2016-02-25,52.6905632019043,13706400
2016-02-26,52.52353286743164,14343300
2016-02-29,51.49555206298828,18903600
2016-03-01,52.22154998779297,15730600
2016-03-02,53.133907318115234,14094400
2016-03-03,52.941162109375,13216200
2016-03-04,52.870460510253906,18402700
2016-03-07,54.26469421386719,18945600
2016-03-08,53.088905334472656,14003900
2016-03-09,52.941162109375,14139300
2016-03-10,52.79978942871094,15898300
2016-03-11,52.80622863769531,15370200
2016-03-14,52.94758605957031,13344600
2016-03-15,53.210975646972656,9213000
2016-03-16,53.243125915527344,11492100
2016-03-17,54.03338623046875,13673900
2016-03-18,54.09763717651367,19637000
2016-03-21,53.7249870300293,8385400
2016-03-22,54.04623794555664,13005100
2016-03-23,53.80851745605469,12748900
2016-03-24,53.95628356933594,9368300
2016-03-28,54.11048126220703,7490400
2016-03-29,54.30965042114258,9977900
2016-03-30,54.30323028564453,10807000
2016-03-31,53.705726623535156,13896900
2016-04-01,53.30093765258789,12235300
2016-04-04,53.4294548034668,8050200
2016-04-05,52.819095611572266,10446800
2016-04-06,53.52580642700195,9320200
2016-04-07,52.921875,8267100
2016-04-08,53.46155548095703,9376200
2016-04-11,53.53224182128906,9925000
2016-04-12,54.19401168823242,9986100
2016-04-13,54.50240707397461,9235700
2016-04-14,54.88789749145508,10625800
2016-04-15,54.592350006103516,11280200
2016-04-18,55.11273956298828,9097000
2016-04-19,55.38904571533203,10354500
2016-04-20,55.76810836791992,15247100
2016-04-21,55.76167678833008,12075300
2016-04-22,56.237117767333984,9150800
2016-04-25,56.108619689941406,8076400
2016-04-26,56.30136489868164,9425900
2016-04-27,56.83464813232422,10463500
2016-04-28,56.55838394165039,11276200
2016-04-29,56.79608154296875,17885900
2016-05-02,57.2651252746582,10273700
2016-05-03,56.60975646972656,10137400
2016-05-04,56.50056838989258,10601100
2016-05-05,56.56477737426758,8721100
2016-05-06,56.86675262451172,7968400
2016-05-09,56.90530014038086,11159500
2016-05-10,57.817649841308594,12509100
2016-05-11,57.539058685302734,11660200
2016-05-12,58.09623336791992,10720500
2016-05-13,57.441864013671875,9721100
2016-05-16,58.03144836425781,8638700
2016-05-17,58.00551223754883,9835600
2016-05-18,57.888916015625,9680300
2016-05-19,58.381324768066406,14397900
2016-05-20,58.141605377197266,13191900
2016-05-23,58.05088424682617,11766100
2016-05-24,58.09623336791992,10056600
2016-05-25,58.478511810302734,9578400
2016-05-26,58.18046569824219,7867900
2016-05-27,58.316532135009766,7505900
2016-05-31,57.675113677978516,13178800
2016-06-01,57.81764221191406,7994800
2016-06-02,57.357666015625,9837500
2016-06-03,57.25399398803711,9367100
2016-06-06,57.88243865966797,8573000
2016-06-07,58.77004623413086,12889100
2016-06-08,58.82189178466797,9983000
2016-06-09,58.74410629272461,8974300
2016-06-10,58.29710388183594,10353800
2016-06-13,58.69228744506836,11370000
2016-06-14,58.58863067626953,10161000
2016-06-15,58.413700103759766,10655800
2016-06-16,59.100486755371094,12824800
2016-06-17,58.77653503417969,17483200
2016-06-20,59.03567123413086,9388500
2016-06-21,59.30133819580078,8557500
2016-06-22,59.068092346191406,8785400
2016-06-23,59.476253509521484,9464500
2016-06-24,57.91483688354492,20010500
2016-06-27,57.571449279785156,14169400
2016-06-28,58.89962387084961,13254300
2016-06-29,59.90385055541992,13920600
2016-06-30,60.733131408691406,14073700
2016-07-01,60.79794692993164,9946300
2016-07-05,60.26668167114258,10744100
2016-07-06,60.95991134643555,13144400
2016-07-07,60.2277946472168,12240700
2016-07-08,60.60357666015625,9807600
2016-07-11,60.830318450927734,8335700
2016-07-12,61.517120361328125,9870800
2016-07-13,61.47173309326172,9458200
2016-07-14,61.517120361328125,9293500
2016-07-15,61.627235412597656,10334500
2016-07-18,61.43288040161133,9865900
2016-07-19,61.206111907958984,5901800
2016-07-20,60.85625457763672,7383800
2016-07-21,60.804405212402344,6854600
2016-07-22,60.90809631347656,7139700
2016-07-25,59.73540496826172,10845900
2016-07-26,59.30133819580078,12143500
2016-07-27,58.89962387084961,10037900
2016-07-28,58.439632415771484,12439200
2016-07-29,57.6297607421875,23928100
2016-08-01,55.62778854370117,22908400
2016-08-02,56.39230728149414,18919200
2016-08-03,56.68382263183594,14632900
2016-08-04,56.67734909057617,13451400
2016-08-05,56.729190826416016,9617300
2016-08-08,57.39650344848633,10492700
2016-08-09,57.467803955078125,9654600
2016-08-10,56.4615364074707,12714800
2016-08-11,56.66410446166992,11616000
2016-08-12,57.402442932128906,9986900
2016-08-15,57.376285552978516,6432600
2016-08-16,57.448184967041016,6817900
2016-08-17,57.57235336303711,7104600
2016-08-18,58.09507751464844,10342700
2016-08-19,57.369781494140625,8615300
2016-08-22,57.49393081665039,8235400
2016-08-23,57.317508697509766,6514800
2016-08-24,57.5135383605957,7985400
2016-08-25,57.14762878417969,6935300
2016-08-26,57.02344512939453,6474400
2016-08-29,57.39590835571289,7027200
2016-08-30,57.18682098388672,6441100
2016-08-31,56.93854522705078,12491400
2016-09-01,56.742488861083984,8434700
2016-09-02,57.12145233154297,7099600
2016-09-06,57.872886657714844,9851200
2016-09-07,57.65728759765625,7470400
2016-09-08,58.18654251098633,9579500
2016-09-09,56.742488861083984,12820200
2016-09-12,57.03652572631836,10889000
2016-09-13,55.67742919921875,13214300
2016-09-14,55.27884292602539,13957000
2016-09-15,55.592491149902344,9062600
2016-09-16,54.906410217285156,21538400
2016-09-19,54.775718688964844,7929100
2016-09-20,53.932823181152344,17522000
2016-09-21,54.42943572998047,15055900
2016-09-22,54.586219787597656,10738500
2016-09-23,54.527427673339844,12667100
2016-09-26,54.272586822509766,10860300
2016-09-27,54.39019775390625,9595000
2016-09-28,56.781715393066406,28117900
2016-09-29,56.49419403076172,19082900
2016-09-30,57.02998733520508,15961500
2016-10-03,56.87971496582031,7111200
2016-10-04,56.356964111328125,8222000
2016-10-05,56.847042083740234,8796200
2016-10-06,56.87318420410156,7718300
2016-10-07,56.677154541015625,6614900
2016-10-10,57.7879638671875,10060000
2016-10-11,57.330570220947266,9309000
2016-10-12,56.93197250366211,8172600
2016-10-13,56.55953598022461,9890300
2016-10-14,56.546478271484375,7991700
2016-10-17,56.546478271484375,7263100
2016-10-18,56.69676208496094,5429300
2016-10-19,56.958126068115234,9373400
2016-10-20,56.9842529296875,6866900
2016-10-21,56.59874725341797,10736200
2016-10-24,56.788238525390625,8354900
2016-10-25,56.66410446166992,6835900
2016-10-26,56.905853271484375,8488100
2016-10-27,56.79478454589844,9071100
2016-10-28,55.396461486816406,19072200
2016-10-31,54.442481994628906,16663800
2016-11-01,54.65810775756836,13050600
2016-11-02,54.527427673339844,11226100
2016-11-03,54.664634704589844,8836500
2016-11-04,54.60581970214844,13877100
2016-11-07,55.83424377441406,13576200
2016-11-08,56.236358642578125,9735200
2016-11-09,56.85599899291992,15901300
2016-11-10,57.38337707519531,14106100
2016-11-11,56.47367477416992,13812200
2016-11-14,56.21659469604492,12607500
2016-11-15,57.23176574707031,12883500
2016-11-16,56.526405334472656,8201200
2016-11-17,56.183624267578125,8200500
2016-11-18,56.21659469604492,8457800
2016-11-21,57.01420593261719,8861500
2016-11-22,57.13945770263672,9390200
2016-11-23,57.297691345214844,5996300
2016-11-25,57.42951965332031,5042300
2016-11-28,57.001041412353516,7449600
2016-11-29,56.625274658203125,9181100
2016-11-30,57.548179626464844,22696200
2016-12-01,57.50861740112305,13005600
2016-12-02,57.37678146362305,9706600
2016-12-05,57.666839599609375,11741100
2016-12-06,57.71955871582031,11293600
2016-12-07,58.05575942993164,11182600
2016-12-08,58.22056579589844,9086700
2016-12-09,58.668819427490234,8021700
2016-12-12,59.97404479980469,15545400
2016-12-13,61.02874755859375,18829300
2016-12-14,59.710357666015625,16325400
2016-12-15,59.91469955444336,11155100
2016-12-16,60.10586166381836,20560400
2016-12-19,59.60486602783203,9674400
2016-12-20,59.61147689819336,7221000
2016-12-21,59.512596130371094,7308000
2016-12-22,59.90152359008789,8003100
2016-12-23,59.796016693115234,4266500
2016-12-27,59.822410583496094,4960600
2016-12-28,59.52579116821289,6745900
2016-12-29,59.558738708496094,6684700
2016-12-30,59.49940490722656,9117800
2017-01-03,59.91469955444336,10360600
2017-01-04,59.255516052246094,9434200
2017-01-05,58.372188568115234,14443200
2017-01-06,58.33919906616211,16518100
2017-01-09,57.37678146362305,13762300
2017-01-10,56.64507293701172,13283100
2017-01-11,57.22517013549805,11183700
2017-01-12,56.91536331176758,10407000
2017-01-13,56.92195129394531,8415600
2017-01-17,57.58772659301758,13237300
2017-01-18,56.87580871582031,11831700
2017-01-19,55.854026794433594,16382900
2017-01-20,56.61869812011719,18739700
2017-01-23,56.01224136352539,11433900
2017-01-24,56.09133529663086,11858100
2017-01-25,56.25614547729492,9578500
2017-01-26,56.42753982543945,8779400
2017-01-27,56.36820602416992,10947900
2017-01-30,55.93973922729492,12789200
2017-01-31,55.30030059814453,19128100
2017-02-01,54.6740608215332,15111800
2017-02-02,55.010257720947266,12200100
2017-02-03,55.069576263427734,12746300
2017-02-06,54.9179801940918,9938200
2017-02-07,54.5620002746582,11705200
2017-02-08,54.202789306640625,14006300
2017-02-09,54.44224548339844,9603000
2017-02-10,54.89459991455078,8739800
2017-02-13,55.21392822265625,9071600
2017-02-14,55.09419631958008,11370500
2017-02-15,55.32036209106445,11768500
2017-02-16,54.74825668334961,10615000
2017-02-17,54.3890495300293,15646000
2017-02-21,54.475528717041016,16419600
2017-02-22,53.83688735961914,12917400
2017-02-23,54.402347564697266,13847000
2017-02-24,53.936683654785156,11338700
2017-02-27,54.2426872253418,13465900
2017-02-28,54.09634017944336,16834200
2017-03-01,55.22721862792969,17482100
2017-03-02,55.41351318359375,14170300
2017-03-03,54.85469436645508,12190400
2017-03-06,55.100833892822266,9617200
2017-03-07,54.89459991455078,12711500
2017-03-08,53.903419494628906,16817700
2017-03-09,54.32917404174805,14721800
2017-03-10,54.28926086425781,11355200
2017-03-13,54.16286087036133,9571400
2017-03-14,53.87681579589844,11335700
2017-03-15,54.5487060546875,11970300
2017-03-16,54.595252990722656,9923800
2017-03-17,54.5487060546875,18834100
2017-03-20,54.5487060546875,7700300
2017-03-21,54.43560791015625,13387700
2017-03-22,54.3890495300293,11168400
2017-03-23,54.45557403564453,8928000
2017-03-24,54.036468505859375,9128500
2017-03-27,54.04978942871094,8481200
2017-03-28,54.44224548339844,11028600
2017-03-29,54.5620002746582,8495500
2017-03-30,55.679569244384766,44704900
2017-03-31,54.555355072021484,21750400
2017-04-03,54.595252990722656,11438700
2017-04-04,54.79483413696289,9270900
2017-04-05,54.90126419067383,13809100
2017-04-06,55.22057342529297,9554900
2017-04-07,55.05426025390625,8909600
2017-04-10,55.30040740966797,8885300
2017-04-11,55.10749435424805,8576500
2017-04-12,55.193973541259766,9516100
2017-04-13,54.342472076416016,8667900
2017-04-17,54.26930618286133,9577200
2017-04-18,53.9167366027832,8821400
2017-04-19,53.5442008972168,10764400
2017-04-20,53.8901252746582,11649100
2017-04-21,53.6772575378418,9816700
2017-04-24,53.956634521484375,8729700
2017-04-25,54.36906814575195,10733800
2017-04-26,54.1495475769043,9445900
2017-04-27,54.05642318725586,12385300
2017-04-28,54.31587219238281,12072200
2017-05-01,54.58861541748047,8664100
2017-05-02,54.581966400146484,9102900
2017-05-03,55.014347076416016,10289000
2017-05-04,54.30921936035156,16164500
2017-05-05,54.5620002746582,10213000
2017-05-08,55.1407470703125,8097100
2017-05-09,54.75490951538086,8647100
2017-05-10,55.003379821777344,9520300
2017-05-11,55.47343826293945,10047300
2017-05-12,55.43315505981445,7480200
2017-05-15,55.60103225708008,10881500
2017-05-16,55.43315505981445,9574200
2017-05-17,55.05707931518555,11151100
2017-05-18,54.895938873291016,9905800
2017-05-19,55.01679611206055,13028500
2017-05-22,55.258544921875,9218700
2017-05-23,55.45329284667969,6857200
2017-05-24,55.258544921875,8136000
2017-05-25,54.895938873291016,12370900
2017-05-26,54.76163101196289,8227100
2017-05-30,54.45945739746094,8973600
2017-05-31,54.05654525756836,13572300
2017-06-01,54.19083023071289,9884100
2017-06-02,53.38503646850586,21687300
2017-06-05,53.8013801574707,11527100
2017-06-06,54.53331756591797,12208600
2017-06-07,54.33186721801758,13096500
2017-06-08,54.137123107910156,11720700
2017-06-09,55.15110778808594,13553900
2017-06-12,55.68832778930664,18172900
2017-06-13,55.70845413208008,12175500
2017-06-14,55.110809326171875,13714000
2017-06-15,55.238407135009766,11862600
2017-06-16,56.064361572265625,39726100
2017-06-19,55.574161529541016,10445700
2017-06-20,55.271976470947266,13232600
2017-06-21,54.68777084350586,11422300
2017-06-22,54.446022033691406,8139900
2017-06-23,54.80192184448242,10611200
2017-06-26,54.55347442626953,7718700
2017-06-27,54.4661750793457,9221600
2017-06-28,54.74820327758789,9189700
2017-06-29,54.19083023071289,20525100
2017-06-30,54.21100616455078,14000600
2017-07-03,55.13095474243164,8422300
2017-07-05,54.291561126708984,9830800
2017-07-06,53.8013801574707,9822400
2017-07-07,53.86851119995117,10777800
2017-07-10,53.8282356262207,6338300
2017-07-11,54.12368392944336,9681100
2017-07-12,54.365440368652344,7974000
2017-07-13,54.372161865234375,5582300
2017-07-14,54.58032989501953,7497200
2017-07-17,54.298282623291016,7914700
2017-07-18,54.12368392944336,8046100
2017-07-19,54.291561126708984,9393200
2017-07-20,54.298282623291016,9681000
2017-07-21,53.8013801574707,12268600
2017-07-24,53.63349151611328,9403000
2017-07-25,53.90208435058594,11465300
2017-07-26,53.9692497253418,10465100
2017-07-27,54.27813720703125,11149700
2017-07-28,53.45217514038086,22800800
2017-07-31,53.74765396118164,12820200
2017-08-01,53.834957122802734,10421200
2017-08-02,54.12368392944336,10410100
2017-08-03,54.04983901977539,10136700
2017-08-04,53.86180877685547,8292200
2017-08-07,53.8282356262207,7893800
2017-08-08,53.693939208984375,9028400
2017-08-09,53.86180877685547,8087100
2017-08-10,53.54314041137695,12580300
2017-08-11,53.0278434753418,10192400
2017-08-14,53.041419982910156,8862500
2017-08-15,52.91258239746094,10350900
2017-08-16,52.5261116027832,9117100
2017-08-17,51.70570755004883,13400400
2017-08-18,51.963340759277344,14324300
2017-08-21,51.787071228027344,10084900
2017-08-22,52.0311393737793,9503600
2017-08-23,51.943023681640625,7054300
2017-08-24,51.7531623840332,8678300
2017-08-25,52.01759338378906,6844900
2017-08-28,51.84809112548828,8229700
2017-08-29,51.83453369140625,7060400
2017-08-30,51.597225189208984,8218000
2017-08-31,51.7531623840332,15641700
2017-09-01,51.91588592529297,7361100
2017-09-05,52.32948684692383,12784800
2017-09-06,53.414310455322266,18574400
2017-09-07,53.58382034301758,9836400
2017-09-08,53.44144058227539,8436000
2017-09-11,53.732967376708984,12955800
2017-09-12,53.90250015258789,7644400
2017-09-13,54.085548400878906,8369700
2017-09-14,54.30250549316406,9072600
2017-09-15,54.288970947265625,16043700
2017-09-18,54.30250549316406,8594400
2017-09-19,54.390647888183594,9277100
2017-09-20,54.614402770996094,10606900
2017-09-21,54.16692352294922,11984200
2017-09-22,54.1872673034668,10205800
2017-09-25,54.90597152709961,10496600
2017-09-26,54.84491729736328,8755100
2017-09-27,55.211063385009766,9724500
2017-09-28,55.72636413574219,15581700
2017-09-29,55.583984375,9944000
2017-10-02,55.34667205810547,6777900
2017-10-03,55.4348258972168,6082000
2017-10-04,55.455162048339844,6357100
2017-10-05,55.61111068725586,7375900
2017-10-06,55.400901794433594,6070600
2017-10-09,55.61788558959961,7489900
2017-10-10,55.77382278442383,7218500
2017-10-11,56.004356384277344,7023700
2017-10-12,55.88908386230469,6647500
2017-10-13,55.87552261352539,7180000
2017-10-16,56.14673614501953,5734000
2017-10-17,56.248435974121094,6444100
2017-10-18,56.11283874511719,6367100
2017-10-19,56.0992546081543,7945500
2017-10-20,56.35014724731445,9574100
2017-10-23,56.438289642333984,9829900
2017-10-24,56.594234466552734,7551200
2017-10-25,56.39082336425781,9153300
2017-10-26,56.594234466552734,9154500
2017-10-27,56.75694274902344,14866200
2017-10-30,56.64167785644531,7811100
2017-10-31,56.51286697387695,9754200
2017-11-01,56.865455627441406,9430000
2017-11-02,56.6348991394043,7775500
2017-11-03,56.3975830078125,6903500
2017-11-06,56.7840690612793,9276700
2017-11-07,56.66880416870117,8471800
2017-11-08,56.594234466552734,8691600
2017-11-09,56.933231353759766,10528800
2017-11-10,56.75532150268555,8693700
2017-11-13,56.721099853515625,6720400
2017-11-14,56.27630615234375,9251700
2017-11-15,55.571495056152344,9663600
2017-11-16,55.12668991088867,10527200
2017-11-17,54.90773010253906,9536400
2017-11-20,55.119850158691406,8468600
2017-11-21,55.33881378173828,8838400
2017-11-22,55.496219635009766,7941600
2017-11-24,55.71519470214844,3851300
2017-11-27,55.50306701660156,9127500
2017-11-28,55.886253356933594,9794600
2017-11-29,56.29683303833008,9725000
2017-11-30,56.99481964111328,18592700
2017-12-01,57.11115264892578,13779300
2017-12-04,57.18641662597656,12597700
2017-12-05,56.721099853515625,9357200
2017-12-06,56.30369186401367,13398900
2017-12-07,56.48845672607422,11359600
2017-12-08,56.563716888427734,11988600
2017-12-11,56.81691360473633,8760700
2017-12-12,56.632144927978516,11307000
2017-12-13,56.87850570678711,10172700
2017-12-14,56.727943420410156,9492400
2017-12-15,56.81691360473633,26582300
2017-12-18,56.75532150268555,9363500
2017-12-19,56.41317367553711,10285100
2017-12-20,56.707401275634766,10620300
2017-12-21,57.378028869628906,13578100
2017-12-22,57.460140228271484,10161400
2017-12-26,57.46697235107422,4777200
2017-12-27,57.41224670410156,7000600
2017-12-28,57.49435043334961,7495300
2017-12-29,57.234310150146484,8523400
2018-01-02,58.18548583984375,11469300
2018-01-03,59.328269958496094,13957700
2018-01-04,59.410369873046875,10863000
2018-01-05,59.362464904785156,11047600
2018-01-08,59.62936019897461,10927100
2018-01-09,59.37614822387695,8131600
2018-01-10,58.90399932861328,10822300
2018-01-11,59.48566436767578,14366000
2018-01-12,59.88937759399414,9834500
2018-01-16,59.51302719116211,10882800
2018-01-17,60.217864990234375,10546000
2018-01-18,59.82777404785156,9223700
2018-01-19,59.63618850708008,13090000
2018-01-22,60.388916015625,10270400
2018-01-23,60.42314910888672,10281800
2018-01-24,60.580528259277344,10316100
2018-01-25,60.47101974487305,11271900
2018-01-26,60.90214157104492,10514400
2018-01-29,60.22467041015625,9315700
2018-01-30,59.38300323486328,12408000
2018-01-31,59.738826751708984,14404700
2018-02-01,60.95003128051758,17971000
2018-02-02,57.843353271484375,29822100
2018-02-05,54.551902770996094,30452700
2018-02-06,53.61440658569336,36262800
2018-02-07,52.64955139160156,21994500
2018-02-08,52.05421829223633,25650800
2018-02-09,52.38602828979492,29491600
2018-02-12,52.828453063964844,19340400
2018-02-13,52.745506286621094,11926600
2018-02-14,52.85610580444336,17188400
2018-02-15,52.683284759521484,14432400
2018-02-16,52.911434173583984,13722400
2018-02-20,52.36531066894531,13387300
2018-02-21,51.77078628540039,11715000
2018-02-22,52.441349029541016,14020200
2018-02-23,53.59579086303711,13378800
2018-02-26,54.50138473510742,16940400
2018-02-27,53.57505416870117,14629500
2018-02-28,52.358394622802734,17087800
2018-03-01,51.98508834838867,15696700
2018-03-02,52.22705078125,15630300
2018-03-05,52.724754333496094,14891000
2018-03-06,52.66254425048828,10754300
2018-03-07,51.33527755737305,27255500
2018-03-08,51.238494873046875,19299800
2018-03-09,51.54266357421875,19714100
2018-03-12,52.01272964477539,14226700
2018-03-13,51.52192687988281,13739700
2018-03-14,50.8790283203125,14820700
2018-03-15,51.44588851928711,15640600
2018-03-16,51.92979431152344,32109700
2018-03-19,51.25923156738281,12744800
2018-03-20,51.14862823486328,13003200
2018-03-21,51.874473571777344,15418500
2018-03-22,50.809898376464844,17737000
2018-03-23,50.38821029663086,20157300
2018-03-26,51.15553283691406,15032700
2018-03-27,50.94813919067383,15821900
2018-03-28,50.33291244506836,18163900
2018-03-29,51.57722854614258,14882900
2018-04-02,50.6163330078125,17891100
2018-04-03,51.860652923583984,15999200
2018-04-04,51.756954193115234,13122200
2018-04-05,52.551944732666016,14200000
2018-04-06,51.756954193115234,14299600
2018-04-09,51.756954193115234,11103100
2018-04-10,53.277809143066406,19006100
2018-04-11,53.52666473388672,13734000
2018-04-12,53.38151168823242,13270400
2018-04-13,53.81008529663086,10925000
2018-04-16,54.294002532958984,10743600
2018-04-17,54.148826599121094,10478100
2018-04-18,54.76409149169922,12061400
2018-04-19,54.90234375,11291500
2018-04-20,54.61198425292969,12072200
2018-04-23,55.00602340698242,11729800
2018-04-24,54.16265869140625,14102000
2018-04-25,54.95764923095703,13867500
2018-04-26,55.89779281616211,14554400
2018-04-27,53.775535583496094,16346800
2018-04-30,53.74788284301758,15028800
2018-05-01,53.19483947753906,16231000
2018-05-02,53.09114456176758,13883700
2018-05-03,52.911434173583984,12243100
2018-05-04,53.1602897644043,9887200
2018-05-07,53.740962982177734,15071500
2018-05-08,53.98291778564453,17430400
2018-05-09,55.25489044189453,17142100
2018-05-10,56.492305755615234,17710300
2018-05-11,56.757667541503906,14751000
2018-05-14,57.1417236328125,11852100
2018-05-15,57.113800048828125,12595700
2018-05-16,57.27440643310547,9570000
2018-05-17,57.176631927490234,11224100
2018-05-18,56.77164077758789,10030900
2018-05-21,57.45596694946289,8822400
2018-05-22,57.00904846191406,10753400
2018-05-23,57.365169525146484,15140900
2018-05-24,56.052371978759766,13360500
2018-05-25,54.96305847167969,14562000
2018-05-29,54.76052474975586,14644800
2018-05-30,56.91128158569336,16627500
2018-05-31,56.729740142822266,15803100
2018-06-01,57.1417236328125,9906100
2018-06-04,56.541194915771484,10954700
2018-06-05,56.338680267333984,12059300
2018-06-06,57.30234146118164,11603300
2018-06-07,57.87495040893555,13502500
2018-06-08,58.37771224975586,14350400
2018-06-11,58.02855682373047,10831600
2018-06-12,57.553714752197266,12351800
2018-06-13,56.91826248168945,12049300
2018-06-14,57.183631896972656,11477300
2018-06-15,56.32471466064453,23797500
2018-06-18,56.43647003173828,9192600
2018-06-19,56.352622985839844,8759700
2018-06-20,56.178096771240234,8917700
2018-06-21,55.647369384765625,10990700
2018-06-22,56.82749938964844,16012200
2018-06-25,55.682273864746094,10557200
2018-06-26,56.31074142456055,10382800
2018-06-27,57.057926177978516,12725900
2018-06-28,57.239498138427734,9390700
2018-06-29,57.77018737792969,17323200
2018-07-02,57.092857360839844,9998300
2018-07-03,57.42802429199219,7197300
2018-07-05,57.47690200805664,9035700
2018-07-06,57.49085998535156,7637100
2018-07-09,57.88889694213867,7158600
2018-07-10,58.41960144042969,8806200
2018-07-11,57.672428131103516,10405300
2018-07-12,57.74227523803711,9762200
2018-07-13,58.175201416015625,8720000
2018-07-16,57.60258483886719,8306900
2018-07-17,57.47690200805664,7373300
2018-07-18,57.4140625,8711900
2018-07-19,57.26742172241211,8659100
2018-07-20,56.84144973754883,9196300
2018-07-23,56.84144973754883,8425900
2018-07-24,57.965721130371094,11121000
2018-07-25,58.370731353759766,9523600
2018-07-26,58.824623107910156,13210100
2018-07-27,57.204559326171875,18220800
2018-07-30,57.07887268066406,11282800
2018-07-31,56.91826248168945,11716800
2018-08-01,56.13618087768555,8936300
2018-08-02,55.80100631713867,8364300
2018-08-03,56.00349044799805,7811100
2018-08-06,55.989524841308594,10041800
2018-08-07,56.750675201416016,10698100
2018-08-08,56.37361145019531,7275000
2018-08-09,56.0872917175293,9828500
2018-08-10,56.03085708618164,12954300
2018-08-13,55.42413330078125,10308500
2018-08-14,55.24775314331055,8005900
2018-08-15,54.28121566772461,16307800
2018-08-16,55.02904510498047,11519900
2018-08-17,55.212467193603516,10178400
2018-08-20,55.60049057006836,8152100
2018-08-21,55.61460876464844,9192200
2018-08-22,56.411827087402344,10098200
2018-08-23,55.790977478027344,7203900
2018-08-24,56.171958923339844,6545200
2018-08-27,56.722251892089844,6671900
2018-08-28,56.63758087158203,8823400
2018-08-29,57.04676818847656,8004800
2018-08-30,56.79985046386719,7450900
2018-08-31,56.55998229980469,10700000
2018-09-04,56.644649505615234,8855000
2018-09-05,57.39952087402344,13878400
2018-09-06,56.764564514160156,13320600
2018-09-07,57.731109619140625,16417800
2018-09-10,57.64644241333008,10817900
2018-09-11,58.45777130126953,11891900
2018-09-12,58.64827346801758,11556300
2018-09-13,58.07680130004883,11162700
2018-09-14,58.50009536743164,9442600
2018-09-17,58.84580993652344,8403300
2018-09-18,59.00101089477539,9219900
2018-09-19,59.70649719238281,10413600
2018-09-20,59.840572357177734,11198200
2018-09-21,60.08747863769531,26639400
2018-09-24,61.096336364746094,13549500
2018-09-25,61.02579879760742,12200700
2018-09-26,60.5178108215332,10275500
2018-09-27,60.51075744628906,7895400
2018-09-28,59.98165512084961,9884900
2018-10-01,60.53899002075195,8566900
2018-10-02,60.99757766723633,8453100
2018-10-03,60.77887725830078,10206700
2018-10-04,60.376739501953125,10204600
2018-10-05,60.2074089050293,9217400
2018-10-08,60.76475524902344,13242400
2018-10-09,61.03286361694336,10177900
2018-10-10,59.62892532348633,16573400
2018-10-11,57.56884002685547,20320100
2018-10-12,57.41364288330078,15216300
2018-10-15,57.018577575683594,10558800
2018-10-16,57.286651611328125,9781800
2018-10-17,57.498291015625,12247700
2018-10-18,57.745216369628906,17448600
2018-10-19,57.829898834228516,12098700
2018-10-22,57.251373291015625,9474100
2018-10-23,56.32716751098633,15465100
2018-10-24,54.76095199584961,16085700
2018-10-25,55.24775314331055,12315500
2018-10-26,54.697452545166016,18160100
2018-10-29,54.35881042480469,15707000
2018-10-30,55.57933044433594,17758200
2018-10-31,56.21428298950195,16629100
2018-11-01,56.91273498535156,14159300
2018-11-02,57.815765380859375,19350400
2018-11-05,57.597068786621094,15815000
2018-11-06,57.84397888183594,9063200
2018-11-07,58.57771301269531,12699800
2018-11-08,57.64644241333008,16865500
2018-11-09,57.63218307495117,15070100
2018-11-12,56.89104461669922,11906600
2018-11-13,55.58689498901367,15530200
2018-11-14,55.15216064453125,18552100
2018-11-15,55.722293853759766,18976000
2018-11-16,56.27103042602539,13704900
2018-11-19,56.456329345703125,9430800
2018-11-20,54.852848052978516,15533700
2018-11-21,55.27330780029297,9685300
2018-11-23,53.798133850097656,10875400
2018-11-26,54.859989166259766,13741100
2018-11-27,54.90986251831055,10344500
2018-11-28,55.90757751464844,11482100
2018-11-29,56.34227752685547,10255200
2018-11-30,56.65586853027344,14040100
2018-12-03,57.88162612915039,19415100
2018-12-04,56.605979919433594,18540700
2018-12-06,55.86481857299805,23218100
2018-12-07,55.330326080322266,16224700
2018-12-10,54.546417236328125,17946200
2018-12-11,54.64617919921875,15742400
2018-12-12,54.17582321166992,14559800
2018-12-13,54.859989166259766,13749700
2018-12-14,53.86227035522461,12669300
2018-12-17,52.76478576660156,15464100
2018-12-18,51.31098175048828,18681200
2018-12-19,50.441532135009766,21679600
2018-12-20,48.90933609008789,28723700
2018-12-21,48.54589080810547,47287300
2018-12-24,46.68585968017578,14262800
2018-12-26,48.91645431518555,24887700
2018-12-27,49.1302604675293,22077000
2018-12-28,48.581504821777344,19710600
2018-12-31,48.59577178955078,15807000
2019-01-02,49.66473388671875,16727200
2019-01-03,48.90221405029297,13866100
2019-01-04,50.70521926879883,16043600
2019-01-07,50.96889877319336,10844200
2019-01-08,51.33946990966797,11439000
2019-01-09,51.61027145385742,13473500
2019-01-10,51.34659957885742,13151100
2019-01-11,51.11143493652344,9790100
2019-01-14,51.047279357910156,11012400
2019-01-15,51.075782775878906,10298300
2019-01-16,51.05442428588867,12595600
2019-01-17,51.40361404418945,10141700
2019-01-18,52.016510009765625,15759200
2019-01-22,51.23257827758789,15035600
2019-01-23,50.8121223449707,13187200
2019-01-24,50.883392333984375,11272500
2019-01-25,51.11143493652344,8996200
2019-01-28,50.76935577392578,13678400
2019-01-29,50.96178436279297,10513200
2019-01-30,51.517642974853516,11524700
2019-01-31,52.22317123413086,19876700
2019-02-01,54.10456466674805,22968700
2019-02-04,53.320655822753906,15483800
2019-02-05,53.86937713623047,12786700
2019-02-06,53.63422393798828,10866900
2019-02-07,53.22087860107422,14418900
2019-02-08,53.30735778808594,11959500
2019-02-11,53.39381408691406,10434800
2019-02-12,54.33055877685547,12599200
2019-02-13,54.943016052246094,13214600
2019-02-14,54.95742416381836,12772900
2019-02-15,55.99504089355469,14330300
2019-02-19,56.36975860595703,13551500
2019-02-20,56.58591842651367,12633100
2019-02-21,56.07430648803711,10266000
2019-02-22,56.50666046142578,9519300
2019-02-25,56.564292907714844,9274400
2019-02-26,56.67958450317383,10990600
2019-02-27,57.26322937011719,12398200
2019-02-28,56.946189880371094,14597900
2019-03-01,57.6451416015625,15419400
2019-03-04,57.86851501464844,18089900
2019-03-05,57.78205490112305,13745500
2019-03-06,57.126338958740234,18633600
2019-03-07,57.76042556762695,16541700
2019-03-08,56.931785583496094,16211300
2019-03-11,57.48661422729492,11060900
2019-03-12,57.6451416015625,11320000
2019-03-13,58.1567268371582,10260200
2019-03-14,57.962188720703125,9976700
2019-03-15,57.75322341918945,25316400
2019-03-18,58.42333984375,9840600
2019-03-19,58.27202224731445,13936500
2019-03-20,58.59629440307617,13133600
2019-03-21,58.9349479675293,10117000
2019-03-22,57.99101257324219,12497700
2019-03-25,57.587501525878906,11320400
2019-03-26,58.33687210083008,9472800
2019-03-27,57.890140533447266,7258700
2019-03-28,58.178340911865234,7412300
2019-03-29,58.22160339355469,10889200
2019-04-01,58.8917121887207,10816400
2019-04-02,58.639530181884766,7646000
2019-04-03,58.29365539550781,8562900
2019-04-04,59.1223030090332,9360600
2019-04-05,59.43935012817383,10059100
2019-04-08,59.806846618652344,9108200
2019-04-09,59.03582763671875,8561600
2019-04-10,58.76921081542969,10324300
2019-04-11,59.05023956298828,9115100
2019-04-12,58.30805969238281,16638700
2019-04-15,58.1135139465332,8536100
2019-04-16,58.509822845458984,7005700
2019-04-17,58.67554473876953,8311400
2019-04-18,58.459388732910156,9493900
2019-04-22,59.73478317260742,10770600
2019-04-23,60.08064651489258,10595100
2019-04-24,58.913352966308594,11684000
2019-04-25,59.24478530883789,11135000
2019-04-26,57.99822235107422,18053500
2019-04-29,57.62351608276367,10023700
2019-04-30,57.846893310546875,13721500
2019-05-01,56.686805725097656,13909800
2019-05-02,55.69241714477539,15360400
2019-05-03,55.822113037109375,12180700
2019-05-06,55.57713317871094,13367100
2019-05-07,55.281700134277344,13498800
2019-05-08,55.368160247802734,11352900
2019-05-09,55.31771469116211,13221600
2019-05-10,55.79874801635742,11056000
2019-05-13,55.17924118041992,12176100
2019-05-14,55.25212097167969,10548400
2019-05-15,55.66025924682617,8918000
2019-05-16,55.65296936035156,8105200
2019-05-17,55.325016021728516,9279400
2019-05-20,55.31771469116211,7154300
2019-05-21,55.57280349731445,8489900
2019-05-22,55.06991195678711,7858300
2019-05-23,53.779903411865234,14657200
2019-05-24,54.00584411621094,7056400
2019-05-28,52.919891357421875,14912900
2019-05-29,52.591922760009766,13645200
2019-05-30,52.45344924926758,9362100
2019-05-31,51.57884979248047,13983300
2019-06-03,52.387855529785156,11831000
2019-06-04,53.63412857055664,10423000
2019-06-05,53.1895637512207,10617800
2019-06-06,54.15888977050781,11738900
2019-06-07,54.355690002441406,9095500
2019-06-10,54.59617233276367,7760400
2019-06-11,54.545166015625,9415100
2019-06-12,53.95482635498047,7920800
2019-06-13,54.428558349609375,8986400
2019-06-14,54.188053131103516,8575900
2019-06-17,54.727378845214844,9355700
2019-06-18,55.20111846923828,10091500
2019-06-19,54.89500045776367,9757400
2019-06-20,55.8351936340332,16229700
2019-06-21,56.622314453125,23108100
2019-06-24,56.08298110961914,10011800
2019-06-25,55.587379455566406,9740000
2019-06-26,55.827911376953125,11365500
2019-06-27,55.2594108581543,8147800
2019-06-28,55.84977340698242,14781300
2019-07-01,55.79874801635742,11437900
2019-07-02,55.18655014038086,10475400
2019-07-03,55.71129608154297,5246100
2019-07-05,55.48534393310547,6880800
2019-07-08,55.740447998046875,7876100
2019-07-09,55.70399856567383,7863000
2019-07-10,56.49113464355469,8077400
2019-07-11,56.53486251831055,6404000
2019-07-12,56.57858657836914,6139000
2019-07-15,56.177734375,7116400
2019-07-16,55.33958435058594,10197400
2019-07-17,55.011619567871094,7419300
2019-07-18,54.545166015625,11424500
2019-07-19,54.65449142456055,11243100
2019-07-22,54.712806701660156,8368800
2019-07-23,54.931453704833984,8551200
2019-07-24,54.92415237426758,8260200
2019-07-25,54.610755920410156,9083900
2019-07-26,54.5233154296875,7677300
2019-07-29,54.909576416015625,7091900
2019-07-30,54.9168586730957,6961200
2019-07-31,54.19533920288086,13104600
2019-08-01,52.810550689697266,17132800
2019-08-02,52.293087005615234,21376700
2019-08-05,51.22172927856445,19080900
2019-08-06,51.717342376708984,12282400
2019-08-07,51.382076263427734,15231100
2019-08-08,52.752262115478516,14304100
2019-08-09,51.62985610961914,13686600
2019-08-12,51.37899398803711,9542600
2019-08-13,52.01357650756836,12403300
2019-08-14,49.91797637939453,18114400
2019-08-15,49.62281799316406,12874400
2019-08-16,50.397605895996094,12649000
2019-08-19,51.24616622924805,10032800
2019-08-20,50.93626403808594,9743500
2019-08-21,51.445396423339844,10134200
2019-08-22,51.334716796875,8972000
2019-08-23,49.799903869628906,15371900
2019-08-26,50.065555572509766,7343900
2019-08-27,49.57855224609375,9490900
2019-08-28,49.94011688232422,9647400
2019-08-29,50.493534088134766,9004100
2019-08-30,50.530433654785156,9180800
2019-09-03,50.58945083618164,9849700
2019-09-04,51.12810134887695,6959200
2019-09-05,51.85123062133789,9901500
2019-09-06,52.33824920654297,10418500
2019-09-09,52.75145721435547,12840200
2019-09-10,53.17943572998047,13810800
2019-09-11,53.07612609863281,10525700
2019-09-12,53.1130256652832,9100700
2019-09-13,53.600032806396484,7337200
2019-09-16,54.404319763183594,19830200
2019-09-17,53.991111755371094,14452200
2019-09-18,53.73285675048828,7292200
2019-09-19,53.37129211425781,8050200
2019-09-20,53.18681335449219,19736600
2019-09-23,53.22370529174805,7495200
2019-09-24,52.49319076538086,13307100
2019-09-25,52.648155212402344,8035200
2019-09-26,52.36774444580078,8420200
2019-09-27,52.74408721923828,8224000
2019-09-30,52.10213088989258,9768900
2019-10-01,50.877227783203125,10279100
2019-10-02,49.54903793334961,14503700
2019-10-03,50.1614875793457,10788400
2019-10-04,50.89198303222656,10534800
2019-10-07,50.191009521484375,10993000
2019-10-08,49.21697998046875,9748700
2019-10-09,49.76302719116211,8580900
2019-10-10,50.360713958740234,7100100
2019-10-11,50.899375915527344,10101900
2019-10-14,51.04695510864258,6234600
2019-10-15,51.22402572631836,6645700
2019-10-16,50.34596252441406,9765800
2019-10-17,50.279537200927734,9757200
2019-10-18,49.888458251953125,13472700
2019-10-21,50.72227096557617,10199300
2019-10-22,50.980533599853516,9536000
2019-10-23,51.4675407409668,8641800
2019-10-24,50.980533599853516,9003600
2019-10-25,51.09858703613281,7607200
2019-10-28,50.64847946166992,11209600
2019-10-29,50.50090789794922,13894400
2019-10-30,49.969627380371094,12840600
2019-10-31,49.858943939208984,16169100
2019-11-01,51.35685348510742,14108700
2019-11-04,52.88427734375,15858200
2019-11-05,53.93208312988281,14930400
2019-11-06,52.75145721435547,13996500
2019-11-07,53.873046875,13073800
2019-11-08,52.849952697753906,12106000
2019-11-11,52.5288200378418,8674000
2019-11-12,51.80446243286133,13918600
2019-11-13,51.378780364990234,11773700
2019-11-14,51.154754638671875,11279800
2019-11-15,51.6700325012207,11252800
2019-11-18,51.169677734375,10095600
2019-11-19,50.646942138671875,12605500
2019-11-20,50.80376052856445,16930700
2019-11-21,52.02847671508789,14080900
2019-11-22,51.80446243286133,12143600
2019-11-25,51.4609375,10670000
2019-11-26,51.333980560302734,15457000
2019-11-27,51.304100036621094,8393900
2019-11-29,50.87843704223633,7980800
2019-12-02,51.095008850097656,11116900
2019-12-03,50.69174575805664,12245800
2019-12-04,51.26677322387695,11049700
2019-12-05,51.08754348754883,13109000
2019-12-06,51.908992767333984,13710800
2019-12-09,52.02101135253906,12397700
2019-12-10,51.57295608520508,14281800
2019-12-11,51.498268127441406,13748400
2019-12-12,52.5288200378418,17068500
2019-12-13,51.69990921020508,12274500
2019-12-16,52.27493667602539,15208700
2019-12-17,52.035945892333984,14450700
2019-12-18,52.1778450012207,13652300
2019-12-19,51.81938934326172,13273200
2019-12-20,52.23011779785156,35092000
2019-12-23,52.49148178100586,14172500
2019-12-24,52.289859771728516,3979400
2019-12-26,52.37200927734375,8840200
2019-12-27,52.19278335571289,10516100
2019-12-30,51.88660430908203,12689400
2019-12-31,52.110633850097656,13151800
2020-01-02,52.94703674316406,12456400
2020-01-03,52.52136993408203,17386900
2020-01-06,52.92463684082031,20081900
2020-01-07,52.49148178100586,17387700
2020-01-08,51.69990921020508,15137700
2020-01-09,52.09571075439453,14811800
2020-01-10,51.6326789855957,11995600
2020-01-13,52.12556457519531,9953900
2020-01-14,51.67750549316406,16261000
2020-01-15,51.59535598754883,11390300
2020-01-16,51.39371109008789,13340300
2020-01-17,51.19955062866211,18144100
2020-01-21,50.46770095825195,17982600
2020-01-22,50.17646789550781,17033100
2020-01-23,49.8628044128418,19605900
2020-01-24,49.52676010131836,18238600
2020-01-27,48.34684371948242,21231000
2020-01-28,48.27961730957031,19664700
2020-01-29,47.87636184692383,14202800
2020-01-30,48.38417434692383,18544700
2020-01-31,46.3902587890625,34282900
2020-02-03,45.352230072021484,27389300
2020-02-04,44.7846794128418,31922100
2020-02-05,46.84580993652344,32099200
2020-02-06,46.21103286743164,16055400
2020-02-07,45.90485763549805,15112500
2020-02-10,45.420040130615234,20934500
2020-02-11,45.85182189941406,14908700
2020-02-12,46.41238021850586,17862100
2020-02-13,46.15483474731445,16949400
2020-02-14,45.942726135253906,10855300
2020-02-18,45.35945510864258,18948500
2020-02-19,45.70790481567383,12804900
2020-02-20,45.344303131103516,14817200
2020-02-21,44.791316986083984,20315700
2020-02-24,42.69303512573242,32096600
2020-02-25,41.05680465698242,36414500
2020-02-26,40.1553840637207,29801000
2020-02-27,37.73894500732422,48141300
2020-02-28,38.966102600097656,62446700
2020-03-02,40.814414978027344,38127600
2020-03-03,38.86004638671875,50580700
2020-03-04,39.70846176147461,24079600
2020-03-05,37.9586181640625,40788200
2020-03-06,36.12544631958008,55640500
2020-03-09,31.709196090698242,72896300
2020-03-10,32.883323669433594,60445900
2020-03-11,31.800092697143555,51986100
2020-03-12,28.164073944091797,65725300
2020-03-13,28.87612533569336,79891500
2020-03-16,26.12638282775879,48924700
2020-03-17,27.883790969848633,41204400
2020-03-18,25.088594436645508,54036400
2020-03-19,26.080930709838867,49412400
2020-03-20,24.800739288330078,76534600
2020-03-23,23.823558807373047,56952500
2020-03-24,26.846004486083984,61835600
2020-03-25,28.24738883972168,56607700
2020-03-26,29.406375885009766,46722000
2020-03-27,27.989839553833008,51558600
2020-03-30,28.40647315979004,45835000
2020-03-31,28.76249885559082,41491600
2020-04-01,28.429195404052734,36045900
2020-04-02,30.60323715209961,62000200
2020-04-03,29.701799392700195,48425700
2020-04-06,30.656259536743164,41301900
2020-04-07,31.239534378051758,48921800
2020-04-08,33.21662902832031,33355600
2020-04-09,32.671226501464844,60107300
2020-04-13,32.39094924926758,29651900
2020-04-14,32.14098358154297,30769000
2020-04-15,30.663835525512695,33125000
2020-04-16,29.656349182128906,30934000
2020-04-17,32.73940658569336,40829100
2020-04-20,31.194091796875,39260800
2020-04-21,31.02743148803711,44381600
2020-04-22,31.913719177246094,27074200
2020-04-23,32.913631439208984,35271000
2020-04-24,33.125732421875,28653800
2020-04-27,33.28480529785156,28274400
2020-04-28,34.065025329589844,26545100
2020-04-29,35.95121765136719,29502500
2020-04-30,35.20130157470703,37076300
2020-05-01,32.678802490234375,35399300
2020-05-04,33.996864318847656,27465600
2020-05-05,33.958984375,29276200
2020-05-06,33.32268524169922,22659000
2020-05-07,33.512062072753906,22160300
2020-05-08,34.98160934448242,19977400
2020-05-11,34.648319244384766,22258000
2020-05-12,34.06917190551758,25439100
2020-05-13,32.37807083129883,30827900
2020-05-14,32.66377639770508,24856500
2020-05-15,32.432125091552734,22445600
2020-05-18,35.01124572753906,32026100
2020-05-19,33.93017578125,21771600
2020-05-20,35.03440856933594,19352400
2020-05-21,34.408939361572266,19130700
2020-05-22,34.439823150634766,15406400
2020-05-26,35.451393127441406,20356500
2020-05-27,35.70622634887695,20788300
2020-05-28,34.77958297729492,19698000
2020-05-29,35.11162567138672,25874700
2020-06-01,35.73710632324219,19031000
2020-06-02,36.532470703125,22319000
2020-06-03,38.02280044555664,23418000
2020-06-04,37.91469955444336,18731400
2020-06-05,40.98801803588867,41328900
2020-06-08,42.26987075805664,33579400
2020-06-09,41.327796936035156,27276900
2020-06-10,39.11159133911133,31156800
2020-06-11,35.659889221191406,39183000
2020-06-12,36.42435836791992,30978100
2020-06-15,36.40119552612305,27929300
2020-06-16,37.219722747802734,26203400
2020-06-17,36.007381439208984,19279400
2020-06-18,36.23130798339844,21478700
2020-06-19,35.50544357299805,48899900
2020-06-22,35.845218658447266,17565400
2020-06-23,36.061431884765625,18916600
2020-06-24,34.362606048583984,27626900
2020-06-25,34.879974365234375,19353600
2020-06-26,33.683082580566406,31518600
2020-06-29,34.22360610961914,17052100
2020-06-30,34.532493591308594,22153600
2020-07-01,33.75257110595703,17290100
2020-07-02,34.03828430175781,18216600
2020-07-06,34.27765655517578,22692000
2020-07-07,33.389644622802734,17407600
2020-07-08,33.31241226196289,18291400
2020-07-09,31.937908172607422,25882000
2020-07-10,32.93404769897461,18951000
2020-07-13,32.94176483154297,20028300
2020-07-14,34.03055953979492,21444100
2020-07-15,34.46298599243164,17332400
2020-07-16,34.19272232055664,14673700
2020-07-17,33.60586166381836,17958900
2020-07-20,32.81821823120117,18553900
2020-07-21,34.47843551635742,28821800
2020-07-22,33.675357818603516,21345400
2020-07-23,33.744850158691406,17934400
2020-07-24,33.53635787963867,16415300
2020-07-27,34.03055953979492,18547900
2020-07-28,33.629024505615234,19190500
2020-07-29,33.999671936035156,14143200
2020-07-30,32.33172607421875,29901100
2020-07-31,32.493896484375,32116200
2020-08-03,32.62517166137695,23033600
2020-08-04,33.56725311279297,17724000
2020-08-05,33.860679626464844,17175100
2020-08-06,33.69851303100586,14434900
2020-08-07,33.5440788269043,18757900
2020-08-10,34.370323181152344,24367800
2020-08-11,34.72553253173828,28987500
2020-08-12,34.7176513671875,22503200
2020-08-13,33.86723709106445,17338700
2020-08-14,34.01685333251953,13595700
2020-08-17,33.57589340209961,15554600
2020-08-18,33.4105339050293,13014000
2020-08-19,33.04044723510742,14473100
2020-08-20,32.536495208740234,15678500
2020-08-21,32.29238510131836,25517700
2020-08-24,33.245174407958984,18208900
2020-08-25,32.19002914428711,31285600
2020-08-26,31.504959106445312,26795000
2020-08-27,31.29235076904297,32034300
2020-08-28,32.040409088134766,33477100
2020-08-31,31.44983673095703,25259600
2020-09-01,31.048254013061523,22464100
2020-09-02,30.859275817871094,26413400
2020-09-03,30.796276092529297,28817200
2020-09-04,30.772655487060547,24632500
2020-09-08,30.063966751098633,38496400
2020-09-09,29.882856369018555,25886100
2020-09-10,29.134803771972656,34381200
2020-09-11,29.05605697631836,26838600
2020-09-14,28.86707878112793,26129900
2020-09-15,28.559986114501953,23724200
2020-09-16,29.772619247436523,30890900
2020-09-17,29.764747619628906,24696200
2020-09-18,29.284414291381836,46853800
2020-09-21,28.68597412109375,35351800
2020-09-22,27.977283477783203,27303200
2020-09-23,27.079620361328125,31251400
2020-09-24,27.02449607849121,26796000
2020-09-25,27.276473999023438,23486000
2020-09-28,27.804046630859375,23396500
2020-09-29,26.99300193786621,20770500
2020-09-30,27.032373428344727,22223700
2020-10-01,26.087465286254883,36890200
2020-10-02,25.969348907470703,32694300
2020-10-05,26.567790985107422,22965200
2020-10-06,26.292192459106445,26731800
2020-10-07,26.378807067871094,23779300
2020-10-08,27.764673233032227,34413700
2020-10-09,27.3552188873291,29228600
2020-10-12,27.26859474182129,17912800
2020-10-13,26.94576072692871,20995100
2020-10-14,26.89063835144043,17743000
2020-10-15,27.126863479614258,23251600
2020-10-16,26.851266860961914,22627200
2020-10-19,26.31580924987793,23645800
2020-10-20,26.536293029785156,23040600
2020-10-21,26.111082077026367,28619300
2020-10-22,27.44971466064453,31831500
2020-10-23,26.898509979248047,27429100
2020-10-26,26.26069450378418,30888700
2020-10-27,25.84335708618164,27100700
2020-10-28,24.859073638916016,42136400
2020-10-29,25.961471557617188,38622800
2020-10-30,25.685871124267578,47885700
2020-11-02,26.7646484375,40130300
2020-11-03,26.307937622070312,36773000
2020-11-04,26.16620635986328,35410100
2020-11-05,26.118955612182617,30824100
2020-11-06,25.81185531616211,33985600
2020-11-09,29.07968521118164,76879400
2020-11-10,29.72483253479004,49055400
2020-11-11,29.418380737304688,34124500
2020-11-12,28.41034698486328,30933700
2020-11-13,29.095813751220703,29241500
2020-11-16,30.773170471191406,38596800
2020-11-17,31.184457778930664,26521100
2020-11-18,30.00706672668457,31068000
2020-11-19,30.16028594970703,26954400
2020-11-20,29.789331436157227,18351000
2020-11-23,31.74089241027832,29367600
2020-11-24,33.853721618652344,46979300
2020-11-25,32.91020202636719,28178200
2020-11-27,32.41020965576172,14971900
2020-11-30,30.748973846435547,45614300
2020-12-01,31.0473575592041,32472900
2020-12-02,32.20859909057617,29369500
2020-12-03,32.42634201049805,27038900
2020-12-04,33.61178970336914,28723600
2020-12-07,32.98278045654297,24899400
2020-12-08,34.063392639160156,32573800
2020-12-09,34.514984130859375,37824800
2020-12-10,35.490753173828125,38058700
2020-12-11,35.321414947509766,25478800
2020-12-14,34.04727554321289,30595000
2020-12-15,34.70852279663086,27138400
2020-12-16,35.24077224731445,34273000
2020-12-17,35.0633544921875,21204600
2020-12-18,34.45853042602539,46596800
2020-12-21,33.82952117919922,27869500
2020-12-22,33.2569694519043,21792900
2020-12-23,33.68437194824219,19085900
2020-12-24,33.547279357910156,8039000
2020-12-28,33.660186767578125,23877500
2020-12-29,33.281158447265625,20287700
2020-12-30,33.547279357910156,23807300
2020-12-31,33.24083709716797,22786500
2021-01-04,33.46663284301758,27764700
2021-01-05,35.0794792175293,44035100
2021-01-06,35.9746208190918,36484800
2021-01-07,36.25687026977539,29528100
2021-01-08,36.66007995605469,28628200
2021-01-11,37.772945404052734,38246200
2021-01-12,38.61162185668945,36915100
2021-01-13,39.047088623046875,29000300
2021-01-14,40.571231842041016,35474800
2021-01-15,38.619686126708984,42411300
2021-01-19,39.38580322265625,24932600
2021-01-20,39.942230224609375,22342400
2021-01-21,38.797096252441406,29044500
2021-01-22,38.24873733520508,23264800
2021-01-25,37.82134246826172,26395800
2021-01-26,36.9907112121582,23976800
2021-01-27,36.57136917114258,32410300
2021-01-28,37.143924713134766,24967200
2021-01-29,36.160099029541016,38961100
2021-02-01,36.224609375,24412400
2021-02-02,36.79716110229492,31940400
2021-02-03,38.24067306518555,28459300
2021-02-04,38.974517822265625,25280300
2021-02-05,40.28092956542969,34980100
2021-02-08,42.01474380493164,36998700
2021-02-09,41.52265930175781,28977000
2021-02-10,41.92452621459961,25723800
2021-02-11,40.87477111816406,26972200
2021-02-12,41.432456970214844,19756700
2021-02-16,42.67903518676758,28060100
2021-02-17,43.34333419799805,25509700
2021-02-18,42.66263198852539,20627600
2021-02-19,42.949676513671875,22607200
2021-02-22,44.53250503540039,36435100
2021-02-23,45.14759826660156,33527900
2021-02-24,46.500789642333984,28728600
2021-02-25,45.72987747192383,29670900
2021-02-26,44.58991622924805,35291000
2021-03-01,46.2547607421875,36998300
2021-03-02,45.9841194152832,30302600
2021-03-03,46.35317611694336,35358900
2021-03-04,48.14923858642578,52137500
2021-03-05,49.969905853271484,51429800
2021-03-08,49.920692443847656,38154600
2021-03-09,49.149784088134766,35645900
2021-03-10,50.6588020324707,31579100
2021-03-11,50.28154373168945,24802600
2021-03-12,50.82282638549805,20422700
2021-03-15,49.52702713012695,31243600
2021-03-16,48.477298736572266,30624800
2021-03-17,48.69050979614258,25575500
2021-03-18,46.59101104736328,38622800
2021-03-19,46.32856369018555,84439400
2021-03-22,45.852901458740234,29315100
2021-03-23,45.28702163696289,33493300
2021-03-24,46.20554733276367,29781800
2021-03-25,46.07432556152344,31495900
2021-03-26,47.32912063598633,34226500
2021-03-29,47.07487487792969,21144400
2021-03-30,46.49260330200195,20303400
2021-03-31,45.787288665771484,23686500
2021-04-01,47.06667709350586,23194500
2021-04-05,46.33677673339844,23264800
2021-04-06,46.20554733276367,18926300
2021-04-07,46.410579681396484,22385000
2021-04-08,45.92671203613281,21999300
2021-04-09,45.82009506225586,20020700
2021-04-12,45.516658782958984,20238800
2021-04-13,45.688873291015625,19370600
2021-04-14,47.0092658996582,28051100
2021-04-15,46.730430603027344,23250300
2021-04-16,46.467994689941406,22752000
2021-04-19,46.320369720458984,21123300
2021-04-20,45.344425201416016,21782100
2021-04-21,45.92671203613281,16625600
2021-04-22,45.32802200317383,21600100
2021-04-23,45.57405090332031,15337900
2021-04-26,45.66426467895508,16083800
2021-04-27,46.26296615600586,19278600
2021-04-28,47.657169342041016,24729800
2021-04-29,48.337860107421875,27318400
2021-04-30,46.943660736083984,30518400
2021-05-03,48.23944854736328,20509600
2021-05-04,48.54289245605469,23522200
2021-05-05,50.002708435058594,31526200
2021-05-06,50.47837448120117,26836800
2021-05-07,51.20008087158203,33610600
2021-05-10,51.32310485839844,31956600
2021-05-11,49.69105911254883,34563800
2021-05-12,49.95732879638672,34426500
2021-05-13,49.34159469604492,24268200
2021-05-14,50.564735412597656,20735400
2021-05-17,51.74626541137695,25282500
2021-05-18,50.281822204589844,25170800
2021-05-19,49.07533264160156,28889800
2021-05-20,48.958839416503906,20692500
2021-05-21,49.02540588378906,20792700
2021-05-24,49.59954071044922,18400300
2021-05-25,48.47624588012695,25616100
2021-05-26,49.042049407958984,21698700
2021-05-27,48.72585678100586,33556000
2021-05-28,48.56776809692383,19246800
2021-06-01,50.30678939819336,28474200
2021-06-02,50.70619201660156,22978300
2021-06-03,50.905887603759766,20272800
2021-06-04,51.13053512573242,20427800
2021-06-07,50.79771041870117,15477900
2021-06-08,51.696346282958984,28953400
2021-06-09,52.129024505615234,29133000
2021-06-10,52.212223052978516,27488700
2021-06-11,51.72963333129883,17631700
2021-06-14,51.646419525146484,16997200
2021-06-15,53.52689743041992,30717100
2021-06-16,53.33552169799805,24803200
2021-06-17,51.57986068725586,28491800
2021-06-18,50.256874084472656,39590700
2021-06-21,52.07909393310547,33145400
2021-06-22,53.077571868896484,25140400
2021-06-23,53.46864700317383,20701600
2021-06-24,53.68498611450195,19568400
2021-06-25,53.80147933959961,18438300
2021-06-28,52.428558349609375,20570000
2021-06-29,52.10405349731445,19579300
2021-06-30,52.48680877685547,17875500
2021-07-01,52.63657760620117,22530300
2021-07-02,52.56169128417969,14555300
2021-07-06,51.06397247314453,22110800
2021-07-07,50.26519012451172,21671400
2021-07-08,50.040523529052734,18935900
2021-07-09,50.947486877441406,20086000
2021-07-12,50.89754867553711,21809400
2021-07-13,50.6562614440918,17147300
2021-07-14,49.53297424316406,21573600
2021-07-15,49.05036544799805,15851100
2021-07-16,47.694095611572266,27049500
2021-07-19,46.054927825927734,37969100
2021-07-20,46.5624885559082,26756100
2021-07-21,48.060203552246094,20908700
2021-07-22,47.519371032714844,13493800
2021-07-23,47.461124420166016,14088200
2021-07-26,48.65929412841797,18387600
2021-07-27,48.11845779418945,16861400
2021-07-28,48.442955017089844,16855300
2021-07-29,49.03372573852539,18607800
2021-07-30,47.9021110534668,28652800
2021-08-02,47.91044235229492,20873800
2021-08-03,48.42631912231445,18208200
2021-08-04,47.294708251953125,20868300
2021-08-05,47.59425354003906,15180200
2021-08-06,48.1434211730957,14888500
2021-08-09,47.59425354003906,17828200
2021-08-10,48.40967559814453,16340200
2021-08-11,48.55113220214844,18278600
2021-08-12,48.441322326660156,19225500
2021-08-13,47.951419830322266,20063000
2021-08-16,47.2503547668457,16959500
2021-08-17,46.929378509521484,16243700
2021-08-18,45.94112014770508,21890500
2021-08-19,44.53898239135742,30923500
2021-08-20,44.54743957519531,16918300
2021-08-23,46.38035202026367,21632600
2021-08-24,46.76044845581055,17915600
2021-08-25,46.84490966796875,13270300
2021-08-26,46.211421966552734,11842600
2021-08-27,47.10676574707031,15822500
2021-08-30,46.591522216796875,14086100
2021-08-31,46.05093765258789,27104100
2021-09-01,45.41744613647461,21644100
2021-09-02,46.52394485473633,23293300
2021-09-03,46.34656524658203,13840000
2021-09-07,46.076271057128906,14354400
2021-09-08,45.6539421081543,18756700
2021-09-09,45.68772888183594,19110800
2021-09-10,45.594810485839844,15123700
2021-09-13,46.768890380859375,22052300
2021-09-14,46.10161590576172,19940300
2021-09-15,47.655784606933594,23240900
2021-09-16,47.14898681640625,17907200
2021-09-17,46.591522216796875,30000400
2021-09-20,45.3498649597168,27555100
2021-09-21,45.30763626098633,19696800
2021-09-22,46.633750915527344,25690600
2021-09-23,48.2132682800293,23069400
2021-09-24,48.644046783447266,22328600
2021-09-27,50.08841323852539,32972200
2021-09-28,50.61210250854492,37619300
2021-09-29,50.57831573486328,23422800
2021-09-30,49.682979583740234,31289600
2021-10-01,51.465213775634766,24407300
2021-10-04,52.13249206542969,33946700
2021-10-05,52.04802322387695,29641600
2021-10-06,51.093563079833984,25284900
2021-10-07,51.237152099609375,19513600
2021-10-08,52.52104568481445,22186900
2021-10-11,51.997352600097656,22121500
2021-10-12,51.727054595947266,20198600
2021-10-13,51.58346176147461,14991700
2021-10-14,52.3690071105957,18594500
2021-10-15,52.86735534667969,16092600
2021-10-18,52.84201431274414,18282800
2021-10-19,53.63599395751953,18933200
2021-10-20,53.931617736816406,14305200
2021-10-21,52.95180892944336,16564600
2021-10-22,53.31501388549805,14266800
2021-10-25,54.35394287109375,17939800
2021-10-26,55.61250305175781,25585100
2021-10-27,54.16811752319336,21764500
2021-10-28,54.32017135620117,16626400
2021-10-29,54.45531463623047,23966300
2021-11-01,55.43511199951172,19656400
2021-11-02,54.750946044921875,16300000
2021-11-03,53.99919509887695,17372800
2021-11-04,54.404640197753906,17720100
2021-11-05,54.91987228393555,18565100
2021-11-08,55.51113510131836,17696000
2021-11-09,56.05172348022461,18781300
2021-11-10,54.947471618652344,20177200
2021-11-11,55.05018997192383,13319300
2021-11-12,54.630741119384766,18158900
2021-11-15,55.101558685302734,18849200
2021-11-16,55.657958984375,17028700
2021-11-17,55.05018997192383,15497000
2021-11-18,54.450984954833984,16948200
2021-11-19,51.934303283691406,32035500
2021-11-22,52.653350830078125,21994400
2021-11-23,54.04008865356445,21185900
2021-11-24,54.33970260620117,15869700
2021-11-26,52.4307861328125,24979600
2021-11-29,52.721839904785156,18946400
2021-11-30,51.22381591796875,34979800
2021-12-01,51.18101501464844,30630600
2021-12-02,52.45646667480469,29216000
2021-12-03,52.12261962890625,22014700
2021-12-06,52.713279724121094,19210500
2021-12-07,53.30391311645508,19800400
2021-12-08,53.458003997802734,18214400
2021-12-09,53.594970703125,16910300
2021-12-10,53.9373664855957,17942400
2021-12-13,52.75607681274414,17793700
2021-12-14,52.679039001464844,22551100
2021-12-15,52.447906494140625,19961900
2021-12-16,52.53350830078125,21187800
2021-12-17,51.38645553588867,44338100
2021-12-20,50.641727447509766,21819300
2021-12-21,51.78877639770508,19798900
2021-12-22,52.208229064941406,14058300
2021-12-23,52.23391342163086,13543300
2021-12-27,52.978641510009766,12593700
2021-12-28,52.80742645263672,12781000
2021-12-29,52.34518814086914,12733600
2021-12-30,52.03702163696289,11940300
2021-12-31,52.379432678222656,14072000
2022-01-03,54.39106750488281,24282400
2022-01-04,56.43693923950195,38584000
2022-01-05,57.13886260986328,34033300
2022-01-06,58.48280334472656,30668500
2022-01-07,58.96216583251953,23985400
2022-01-10,58.611209869384766,22760300
2022-01-11,61.0765266418457,32936100
2022-01-12,60.896766662597656,23045100
2022-01-13,60.460182189941406,21043200
2022-01-14,61.52164840698242,23012900
2022-01-18,62.557430267333984,32841200
2022-01-19,62.583091735839844,26431600
2022-01-20,62.720054626464844,26774600
2022-01-21,61.778446197509766,35995200
2022-01-24,62.30916976928711,41507000
2022-01-25,64.14105224609375,39278400
2022-01-26,63.490474700927734,35252400
2022-01-27,64.30370330810547,29174700
2022-01-28,64.44063568115234,30595700
2022-01-31,65.02273559570312,36085500
2022-02-01,69.19151306152344,61033100
2022-02-02,69.01175689697266,30299300
2022-02-03,68.20710754394531,28529400
2022-02-04,69.68800354003906,32197500
2022-02-07,70.52690124511719,34949200
2022-02-08,68.7035903930664,34356300
2022-02-09,68.37470245361328,40106100
2022-02-10,67.7169189453125,28527700
2022-02-11,69.42198181152344,42002100
2022-02-14,68.3573989868164,34652800
2022-02-15,67.50054168701172,25075100
2022-02-16,67.8121337890625,21733800
2022-02-17,67.70828247070312,23738800
2022-02-18,66.95526885986328,23394800
2022-02-22,66.17631530761719,35947800
2022-02-23,66.44463348388672,25385000
2022-02-24,65.6051025390625,46199900
2022-02-25,67.37071990966797,28310300
2022-02-28,67.87269592285156,32204600
2022-03-01,68.52183532714844,40002300
2022-03-02,69.69891357421875,44321400
2022-03-03,70.14033508300781,30196600
2022-03-04,72.78010559082031,42802200
2022-03-07,75.40258026123047,55207900
2022-03-08,75.97380828857422,72082300
2022-03-09,71.65496063232422,65466700
2022-03-10,73.87928771972656,44644200
2022-03-11,73.49849700927734,35303400
2022-03-14,70.86734771728516,37462600
2022-03-15,66.83411407470703,47957900
2022-03-16,66.5831298828125,37812300
2022-03-17,68.3573989868164,34041900
2022-03-18,68.08907318115234,41461500
2022-03-21,71.1443099975586,33089300
2022-03-22,70.83273315429688,23132200
2022-03-23,71.94923400878906,27716300
2022-03-24,72.16560363769531,19871600
2022-03-25,73.74080657958984,22398300
2022-03-28,71.67225646972656,21552400
2022-03-29,71.29145812988281,27036300
2022-03-30,72.51180267333984,22079000
2022-03-31,71.48185729980469,27861500
2022-04-01,71.94058227539062,18671100
2022-04-04,71.97520446777344,20869400
2022-04-05,71.60304260253906,21753100
2022-04-06,72.39928436279297,24768200
2022-04-07,73.61100769042969,26122000
2022-04-08,75.16022491455078,24866500
2022-04-11,72.57238006591797,21800100
2022-04-12,74.08702850341797,22444200
2022-04-13,75.13427734375,19306800
2022-04-14,76.01709747314453,24566400
2022-04-18,76.6402587890625,19032300
2022-04-19,75.95651245117188,20382600
2022-04-20,76.12960815429688,20689400
2022-04-21,75.32469940185547,29010900
2022-04-22,73.68022918701172,23591600
2022-04-25,71.1962661743164,37698300
2022-04-26,71.22220611572266,28941500
2022-04-27,73.25614166259766,32773000
2022-04-28,75.4718246459961,33683800
2022-04-29,73.78409576416016,34656500
2022-05-02,74.7880859375,36335200
2022-05-03,76.32865905761719,33908100
2022-05-04,79.3665771484375,46188400
2022-05-05,78.16353607177734,41013400
2022-05-06,79.3579330444336,29619300
2022-05-09,73.100341796875,45851600
2022-05-10,73.58502197265625,34483200
2022-05-11,75.1169662475586,33020600
2022-05-12,75.45797729492188,29491500
2022-05-13,77.69635772705078,25798400
2022-05-16,79.5237808227539,26101200
2022-05-17,80.53805541992188,23120700
2022-05-18,79.261474609375,25451200
2022-05-19,79.6899185180664,24387400
2022-05-20,80.3194580078125,28795000
2022-05-23,82.09442138671875,27239300
2022-05-24,82.54035949707031,24293300
2022-05-25,84.20165252685547,29947800
2022-05-26,84.49893951416016,24314800
2022-05-27,85.32959747314453,25588800
2022-05-31,83.9393539428711,44888100
2022-06-01,85.5481948852539,25815400
2022-06-02,85.3995361328125,19089100
2022-06-03,86.64112854003906,21038200
2022-06-06,86.42255401611328,20682100
2022-06-07,90.38343048095703,37810200
2022-06-08,91.45014953613281,31613200
2022-06-09,89.4740982055664,26607000
2022-06-10,87.83902740478516,30950500
2022-06-13,83.80819702148438,33421000
2022-06-14,84.02677917480469,31264000
2022-06-15,82.96879577636719,29620800
2022-06-16,79.90850830078125,35696700
2022-06-17,75.30058288574219,64610200
2022-06-21,79.98719024658203,35951500
2022-06-22,76.82199096679688,29727200
2022-06-23,74.50491333007812,35757200
2022-06-24,75.98258972167969,26639000
2022-06-27,77.8449935913086,25478700
2022-06-28,80.00467681884766,33096900
2022-06-29,77.04933166503906,25400900
2022-06-30,74.88088989257812,39948100
2022-07-01,76.55093383789062,26327900
2022-07-05,74.15515899658203,34591100
2022-07-06,72.8173828125,33375700
2022-07-07,75.1432113647461,23817400
2022-07-08,75.26560974121094,17673800
2022-07-11,74.88088989257812,15603800
2022-07-12,73.88410949707031,21013000
2022-07-13,74.18140411376953,19928600
2022-07-14,72.69498443603516,26343000
2022-07-15,73.91907501220703,17243700
2022-07-18,75.28309631347656,19395800
2022-07-19,77.18049621582031,18248900
2022-07-20,78.02861022949219,16584400
2022-07-21,76.7258071899414,21375700
2022-07-22,76.13998413085938,15479500
2022-07-25,78.67564392089844,17536400
2022-07-26,78.36962127685547,15141200
2022-07-27,80.06590270996094,18047000
2022-07-28,81.00145721435547,20353100
2022-07-29,84.75251770019531,29825800
2022-08-01,82.61030578613281,20793200
2022-08-02,82.25181579589844,16722500
2022-08-03,79.58499908447266,23580800
2022-08-04,76.23616790771484,31821500
2022-08-05,77.3378677368164,17408000
2022-08-08,77.77505493164062,14458500
2022-08-09,79.20899963378906,19083400
2022-08-10,79.96097564697266,18302000
2022-08-11,82.2740707397461,18797900
2022-08-12,82.98919677734375,15058200
2022-08-15,81.5059814453125,20755200
2022-08-16,80.7467269897461,14038200
2022-08-17,81.40003967285156,13678000
2022-08-18,83.3246841430664,17770400
2022-08-19,83.05982208251953,16128600
2022-08-22,82.9980239868164,16019900
2022-08-23,86.5206527709961,23764700
2022-08-24,87.03270721435547,17050300
2022-08-25,87.48297119140625,15305700
2022-08-26,86.4058837890625,15531400
2022-08-29,88.39232635498047,23059200
2022-08-30,85.02861022949219,17086800
2022-08-31,84.39292907714844,18340900
2022-09-01,82.87442779541016,16423000
2022-09-02,84.39292907714844,18206800
2022-09-06,83.82792663574219,19201500
2022-09-07,83.11278533935547,16274700
2022-09-08,83.7926025390625,18759200
2022-09-09,85.19635009765625,17158000
2022-09-12,86.17633819580078,16118900
2022-09-13,84.16341400146484,18229100
2022-09-14,86.22929382324219,22655700
2022-09-15,83.72196960449219,21092300
2022-09-16,82.29173278808594,37874700
2022-09-19,82.28288269042969,15342100
2022-09-20,81.61193084716797,14712500
2022-09-21,80.29646301269531,17332400
2022-09-22,79.96097564697266,16139400
2022-09-23,75.70557403564453,27738800
2022-09-26,74.14290618896484,22043400
2022-09-27,75.69672393798828,17307300
2022-09-28,78.45127868652344,19543300
2022-09-29,78.2923583984375,17896000
2022-09-30,77.08283996582031,21357600
2022-10-03,81.15283203125,23881300
2022-10-04,84.11042022705078,22133700
2022-10-05,87.50945281982422,34857700
2022-10-06,90.10507202148438,29124700
2022-10-07,89.19571685791016,24507600
2022-10-10,87.26224517822266,16786100
2022-10-11,86.5206527709961,17804100
2022-10-12,86.90027618408203,12635800
2022-10-13,89.93733215332031,22019100
2022-10-14,87.57125854492188,15222000
2022-10-17,88.83374786376953,14283200
2022-10-18,88.99266815185547,14065400
2022-10-19,91.63243103027344,20921700
2022-10-20,91.75603485107422,17649000
2022-10-21,93.4599609375,22814100
2022-10-24,94.11326599121094,17024200
2022-10-25,93.47760772705078,15719800
2022-10-26,94.59003448486328,17383800
2022-10-27,94.95198822021484,18214000
2022-10-28,97.7330322265625,28169400
2022-10-31,97.83012390136719,26401800
2022-11-01,98.8012924194336,22213100
2022-11-02,96.77068328857422,20654200
2022-11-03,98.08615112304688,17103700
2022-11-04,99.15442657470703,17541500
2022-11-07,100.32862854003906,16008000
2022-11-08,100.64646911621094,14661000
2022-11-09,96.14387512207031,19522800
2022-11-10,97.55644226074219,20146700
2022-11-11,100.60234069824219,20518900
2022-11-14,100.89601135253906,20858300
2022-11-15,101.5723876953125,19373800
2022-11-16,100.48662567138672,13591000
2022-11-17,100.62012481689453,12425900
2022-11-18,99.74796295166016,15415000
2022-11-21,98.76007843017578,20973000
2022-11-22,101.61688995361328,17719100
2022-11-23,101.10960388183594,11546700
2022-11-25,100.75362396240234,7136000
2022-11-28,97.72772216796875,23015500
2022-11-29,98.37740325927734,14453200
2022-11-30,99.0893783569336,23158100
2022-12-01,98.60879516601562,14398300
2022-12-02,97.772216796875,15248400
2022-12-05,95.09341430664062,19287700
2022-12-06,92.45018768310547,21197000
2022-12-07,92.24549865722656,20061700
2022-12-08,92.9307632446289,21128800
2022-12-09,92.1476058959961,21298200
2022-12-12,94.41702270507812,20413200
2022-12-13,95.44939422607422,24305300
2022-12-14,94.74629974365234,17597300
2022-12-15,93.83855438232422,15365100
2022-12-16,93.17996215820312,54596600
2022-12-19,93.59825134277344,13611100
2022-12-20,94.95101165771484,14680000
2022-12-21,96.1702651977539,13565400
2022-12-22,94.23013305664062,13213000
2022-12-23,96.72205352783203,11539400
2022-12-27,98.06591033935547,11962100
2022-12-28,96.4550552368164,10702100
2022-12-29,97.1848373413086,10534000
2022-12-30,98.1637954711914,11799600
2023-01-03,94.79081726074219,15146200
2023-01-04,95.06670379638672,18058400
2023-01-05,97.19374084472656,15946600
2023-01-06,98.36849212646484,16348100
2023-01-09,96.53515625,17964600
2023-01-10,97.9769058227539,15104600
2023-01-11,99.11608123779297,16710400
2023-01-12,100.76252746582031,15357300
2023-01-13,100.70022583007812,12011400
2023-01-17,100.50440979003906,16542200
2023-01-18,98.439697265625,16399700
2023-01-19,99.07156372070312,12928000
2023-01-20,100.87822723388672,16515600
2023-01-23,100.3531265258789,16584400
2023-01-24,101.28759765625,13583000
2023-01-25,100.75362396240234,11914700
2023-01-26,104.802978515625,21019700
2023-01-27,102.8895492553711,15179200
2023-01-30,101.06511688232422,18672100
2023-01-31,103.24554443359375,27861800
2023-02-01,102.11527252197266,19464900
2023-02-02,98.9202880859375,24562100
2023-02-03,99.60555267333984,20226600
2023-02-06,99.43646240234375,13855200
2023-02-07,102.27545928955078,16013300
2023-02-08,101.38550567626953,18459700
2023-02-09,101.76818084716797,17439300
2023-02-10,106.0578384399414,24918600
2023-02-13,105.64530181884766,14536200
2023-02-14,104.40769958496094,12079000
2023-02-15,104.09380340576172,13663400
2023-02-16,103.78890228271484,11360600
2023-02-17,99.79804229736328,20758300
2023-02-21,99.69937896728516,14469400
2023-02-22,98.40797424316406,13973800
2023-02-23,99.31375885009766,11289400
2023-02-24,99.32273864746094,14351000
2023-02-27,99.14336395263672,11710500
2023-02-28,98.56940460205078,18107000
2023-03-01,99.44827270507812,13200000
2023-03-02,99.90565490722656,10339900
2023-03-03,101.17018127441406,13006700
2023-03-06,102.06700134277344,14347400
2023-03-07,100.09398651123047,11525300
2023-03-08,98.63218688964844,13509800
2023-03-09,97.86988067626953,12961200
2023-03-10,96.6591796875,15795700
2023-03-13,95.54712677001953,20745600
2023-03-14,95.90586853027344,18263500
2023-03-15,91.13477325439453,25733800
2023-03-16,90.60565948486328,27465200
2023-03-17,89.53841400146484,43199500
2023-03-20,91.87911987304688,32042100
2023-03-21,95.99554443359375,31592300
2023-03-22,93.7983169555664,14952700
2023-03-23,92.74006652832031,14385900
2023-03-24,92.84769439697266,13401600
2023-03-27,94.88347625732422,14805900
2023-03-28,96.06727600097656,11047600
2023-03-29,97.71742248535156,14219100
2023-03-30,98.19273376464844,11578200
2023-03-31,98.34521484375,14418000
2023-04-03,104.1476058959961,28087700
2023-04-04,103.15215301513672,16365500
2023-04-05,104.91887664794922,16479500
2023-04-06,103.17906188964844,15778000
2023-04-10,102.72167205810547,13006600
2023-04-11,103.44811248779297,11758500
2023-04-12,103.34048461914062,10919000
2023-04-13,103.82476043701172,12399700
2023-04-14,104.07588958740234,11530800
2023-04-17,102.86515808105469,13260400
2023-04-18,104.8740463256836,17436100
2023-04-19,104.54220581054688,10682600
2023-04-20,103.70816040039062,17038700
2023-04-21,104.04000854492188,14315300
2023-04-24,106.00404357910156,15831300
2023-04-25,104.49736785888672,12179800
2023-04-26,103.53778076171875,15566100
2023-04-27,104.77539825439453,16279200
2023-04-28,106.12957763671875,24381900
2023-05-01,102.8382568359375,17355000
2023-05-02,98.73981475830078,24324100
2023-05-03,96.793701171875,16212300
2023-05-04,95.09871673583984,17177200
2023-05-05,97.46631622314453,14968200
2023-05-08,97.85195922851562,11187800
2023-05-09,97.87885284423828,11370800
2023-05-10,96.62330627441406,14884800
2023-05-11,94.87450408935547,17165900
2023-05-12,94.86553192138672,12613300
2023-05-15,95.04645538330078,13715600
2023-05-16,92.73971557617188,14795200
2023-05-17,94.82029724121094,14064700
2023-05-18,95.67967224121094,12005600
2023-05-19,96.12293243408203,13359600
2023-05-22,94.95600128173828,12882000
2023-05-23,96.24957275390625,14394400
2023-05-24,97.32604217529297,16340300
2023-05-25,95.5801773071289,14316500
2023-05-26,94.95600128173828,12370300
2023-05-30,94.11471557617188,11938000
2023-05-31,92.43215942382812,24926100
2023-06-01,93.49958801269531,13551900
2023-06-02,95.67063903808594,14112000
2023-06-05,95.24546813964844,10628000
2023-06-06,96.0234146118164,12209800
2023-06-07,98.17638397216797,16027100
2023-06-08,97.8687973022461,13517100
2023-06-09,97.1451416015625,12251600
2023-06-12,96.26766967773438,14112000
2023-06-13,96.28575897216797,13533800
2023-06-14,95.12787628173828,16627700
2023-06-15,95.7882308959961,16224100
2023-06-16,95.10073852539062,43128900
2023-06-20,92.92064666748047,17514100
2023-06-21,93.96094512939453,13285700
2023-06-22,93.4453125,12455300
2023-06-23,92.63118743896484,17933600
2023-06-26,94.34087371826172,14283400
2023-06-27,94.57606506347656,13227500
2023-06-28,95.34497833251953,13084100
2023-06-29,96.52095794677734,11364400
2023-06-30,97.01848602294922,13544700
2023-07-03,97.20845794677734,7397000
2023-07-05,96.71092224121094,12491200
2023-07-06,93.1015625,17961400
2023-07-07,93.31867218017578,21929200
2023-07-10,94.70269775390625,14877600
2023-07-11,95.860595703125,12576500
2023-07-12,96.33099365234375,13238200
2023-07-13,94.56702423095703,26826800
2023-07-14,91.31044006347656,28181900
2023-07-17,91.70846557617188,18051300
2023-07-18,91.29235076904297,24617800
2023-07-19,91.92558288574219,15556500
2023-07-20,93.54481506347656,15740200
2023-07-21,93.97903442382812,17121500
2023-07-24,95.45352172851562,15090900
2023-07-25,95.5982666015625,14116100
2023-07-26,95.06452941894531,15159600
2023-07-27,95.36306762695312,17677900
2023-07-28,94.2232666015625,17566400
2023-07-31,97.00944519042969,24197000
2023-08-01,96.4485855102539,14177400
2023-08-02,95.24546813964844,13484100
2023-08-03,96.90088653564453,16280400
2023-08-04,97.1722640991211,14279600
2023-08-07,96.97325897216797,12410800
2023-08-08,97.45272064208984,14065600
2023-08-09,99.10811614990234,19919600
2023-08-10,99.61470031738281,15837200
2023-08-11,101.16155242919922,14047000
2023-08-14,101.24298858642578,12973400
2023-08-15,98.64372253417969,14909600
2023-08-16,96.98384857177734,13695100
2023-08-17,98.86260986328125,16709500
2023-08-18,100.35832977294922,16224000
2023-08-21,99.14533996582031,11092400
2023-08-22,98.5890121459961,10518800
2023-08-23,97.72258758544922,11435600
2023-08-24,96.99297332763672,10818500
2023-08-25,98.7258071899414,13579300
2023-08-28,99.55575561523438,10382100
2023-08-29,100.14854431152344,9665000
2023-08-30,101.1244125366211,11922100
2023-08-31,101.40714263916016,17479800
2023-09-01,103.5321273803711,14843500
2023-09-05,103.54125213623047,18304000
2023-09-06,104.43502807617188,13325500
2023-09-07,103.92430877685547,13248500
2023-09-08,105.43824005126953,14283200
2023-09-11,104.11582946777344,14383600
2023-09-12,107.15283966064453,20145800
2023-09-13,106.19522857666016,13472800
2023-09-14,108.09222412109375,15210700
2023-09-15,106.43234252929688,34568400
2023-09-18,107.2896499633789,14045300
2023-09-19,107.00691223144531,12562900
2023-09-20,106.15874481201172,11879900
2023-09-21,104.66303253173828,14400600
2023-09-22,104.82720947265625,13197300
2023-09-25,106.00370788574219,11316000
2023-09-26,106.16786193847656,11805400
2023-09-27,109.62440490722656,23976200
2023-09-28,108.9586410522461,16808100
2023-09-29,107.23492431640625,18813600
2023-10-02,105.45648956298828,14395000
2023-10-03,105.63890075683594,13297100
2023-10-04,101.68986511230469,19622200
2023-10-05,99.40070343017578,20128800
2023-10-06,97.7408218383789,25367500
2023-10-09,101.160888671875,22369900
2023-10-10,100.73223876953125,13892000
2023-10-11,97.12066650390625,57939000
2023-10-12,97.10242462158203,31183000
2023-10-13,100.20328521728516,30276500
2023-10-16,100.27623748779297,18452000
2023-10-17,101.58954620361328,19775400
2023-10-18,103.01229095458984,23380300
2023-10-19,103.07614135742188,20972500
2023-10-20,101.30681610107422,22445300
2023-10-23,99.8202133178711,18185000
2023-10-24,98.85347747802734,16786100
2023-10-25,99.03588104248047,22047300
2023-10-26,98.13298797607422,18768300
2023-10-27,96.26336669921875,23092000
2023-10-30,96.56432342529297,19379900
2023-10-31,96.53697204589844,22185200
2023-11-01,96.34545135498047,28984900
2023-11-02,99.51014709472656,25212700
2023-11-03,98.29716491699219,30555600
2023-11-06,96.55522155761719,19097300
2023-11-07,95.041259765625,20272500
2023-11-08,93.8738784790039,19184100
2023-11-09,93.90123748779297,18380500
2023-11-10,94.62173461914062,17825500
2023-11-13,95.61582946777344,15308400
2023-11-14,95.98397064208984,18260500
2023-11-15,95.40415954589844,20137600
2023-11-16,94.29972839355469,22469100
2023-11-17,96.60061645507812,22984900
2023-11-20,96.17726135253906,17458800
2023-11-21,96.14044189453125,14989000
2023-11-22,95.72627258300781,18072000
2023-11-24,96.24168395996094,9480800
2023-11-27,95.68025207519531,18013500
2023-11-28,95.62503051757812,20629500
2023-11-29,94.18927764892578,26802100
2023-11-30,94.55741882324219,29254700
2023-12-01,94.78752899169922,17845300
2023-12-04,94.2721176147461,21523900
2023-12-05,92.44060516357422,22250300
2023-12-06,91.2165298461914,31154800
2023-12-07,90.58148193359375,29990700
2023-12-08,91.62149047851562,22074900
2023-12-11,91.68592071533203,22252300
2023-12-12,90.24095916748047,26084000
2023-12-13,91.04165649414062,19915400
2023-12-14,93.48981475830078,26165700
2023-12-15,92.86397552490234,55527000
2023-12-18,93.55423736572266,21610400
2023-12-19,94.78752899169922,18904700
2023-12-20,93.2044906616211,20988900
2023-12-21,93.62786865234375,19250900
2023-12-22,93.79353332519531,12927800
2023-12-26,94.00521850585938,16835100
2023-12-27,93.56344604492188,14558800
2023-12-28,92.21051788330078,16329300
2023-12-29,92.01724243164062,17746400
2024-01-02,94.20767974853516,23483000
2024-01-03,94.99919128417969,23490800
2024-01-04,94.17086791992188,19395200
2024-01-05,94.45618438720703,15827400
2024-01-08,92.88236999511719,23370100
2024-01-09,91.73192596435547,19496600
2024-01-10,90.82998657226562,18206100
2024-01-11,90.81157684326172,15833400
2024-01-12,91.9896240234375,18041700
2024-01-16,89.90963745117188,20235700
2024-01-17,89.25617218017578,18384000
2024-01-18,89.09050750732422,20940300
2024-01-19,89.22856140136719,20088400
2024-01-22,89.10891723632812,19955900
2024-01-23,90.11209869384766,15863400
2024-01-24,91.6675033569336,17330600
2024-01-25,93.99600219726562,22089500
2024-01-26,94.79671478271484,20817200
2024-01-29,94.9163589477539,18317500
2024-01-30,96.49937438964844,19610900
2024-01-31,94.62184143066406,22415300
2024-02-01,94.23529815673828,19240700
2024-02-02,93.84874725341797,21973400
2024-02-05,93.46221160888672,17190900
2024-02-06,94.1064453125,13347900
2024-02-07,94.07884216308594,13826800
2024-02-08,95.68946075439453,19636900
2024-02-09,93.6646728515625,20410500
2024-02-12,94.95317840576172,18173100
2024-02-13,94.13573455810547,18917400
2024-02-14,93.67127990722656,17651300
2024-02-15,96.3558349609375,23196300
2024-02-16,96.3558349609375,20151400
2024-02-20,95.44549560546875,17650000
2024-02-21,97.39620971679688,20991300
2024-02-22,97.31260681152344,20470700
2024-02-23,96.4580078125,15975900
2024-02-26,96.83885955810547,13360800
2024-02-27,96.6344985961914,16360000
2024-02-28,96.90388488769531,14810500
2024-02-29,97.08966827392578,17566100
2024-03-01,98.31583404541016,18460100
2024-03-04,96.94105529785156,18138000
2024-03-05,98.13005065917969,19952700
2024-03-06,99.1797103881836,20472800
2024-03-07,99.737060546875,15195400
2024-03-08,100.67526245117188,16281500
2024-03-11,101.26976013183594,17577300
2024-03-12,100.61952209472656,14957200
2024-03-13,101.74349975585938,17122200
2024-03-14,103.54560089111328,22121000
2024-03-15,103.35980987548828,38264400
2024-03-18,104.31658935546875,16770500
2024-03-19,105.05042266845703,14878800
2024-03-20,104.95753479003906,16119700
2024-03-21,105.42198944091797,14878000
2024-03-22,105.42198944091797,14701900
2024-03-25,106.49952697753906,14011700
2024-03-26,105.70066833496094,13152300
2024-03-27,106.7967758178711,12415700
2024-03-28,107.97648620605469,18482100
2024-04-01,108.67317199707031,13817000
2024-04-02,110.80037689208984,19919600
2024-04-03,110.81896209716797,16504300
2024-04-04,111.20909881591797,18467400
2024-04-05,112.74181365966797,21720600
2024-04-08,111.98009490966797,17513900
2024-04-09,112.5653076171875,14132300
2024-04-10,113.51280975341797,17409200
2024-04-11,113.1319580078125,17555900
2024-04-12,111.81289672851562,21556200
2024-04-15,111.17194366455078,15029500
2024-04-16,110.2523193359375,18082200
2024-04-17,110.19658660888672,14538600
2024-04-18,110.09442138671875,13821400
2024-04-19,111.35771942138672,21572400
2024-04-22,111.98938751220703,16340700
2024-04-23,112.42597198486328,13929800
2024-04-24,112.44454956054688,12101200
2024-04-25,112.70464324951172,16041000
2024-04-26,109.57421875,27289500
2024-04-29,111.13478088378906,17309900
2024-04-30,109.86217498779297,21083300
2024-05-01,107.78143310546875,27777700
2024-05-02,107.97648620605469,25513600
2024-05-03,107.75355529785156,28023300
2024-05-06,108.45024108886719,31401300
2024-05-07,107.9114761352539,30122000
2024-05-08,107.89289093017578,18957200
2024-05-09,110.02010345458984,17564000
2024-05-10,109.57421875,13648100
2024-05-13,109.52777862548828,15060600
2024-05-14,110.19265747070312,15079100
2024-05-15,111.0448226928711,18244300
2024-05-16,110.37995147705078,15745200
2024-05-17,112.0374755859375,15104500
2024-05-20,111.12911224365234,11551300
2024-05-21,110.36122131347656,14495000
2024-05-22,108.1418228149414,17879300
2024-05-23,106.29700469970703,15979800
2024-05-24,106.21271514892578,12212900
2024-05-28,107.56122589111328,13978300
2024-05-29,106.40936279296875,13902000
2024-05-30,106.74649047851562,14683700
2024-05-31,109.80870819091797,29037400
2024-06-03,107.17726135253906,19589300
2024-06-04,105.51036834716797,19412200
2024-06-05,105.9317855834961,14863500
2024-06-06,106.72776794433594,13154100
2024-06-07,105.58529663085938,13289200
2024-06-10,105.89432525634766,15239700
2024-06-11,105.04216003417969,12462400
2024-06-12,103.88095092773438,13606800
2024-06-13,103.0475082397461,14466900
2024-06-14,102.17660522460938,13313400
2024-06-17,101.4742660522461,21147900
2024-06-18,102.42943572998047,17762900
2024-06-20,104.63948059082031,17433200
2024-06-21,103.72174835205078,52212500
2024-06-24,106.80268859863281,16266700
2024-06-25,107.10234832763672,14188900
2024-06-26,107.13981628417969,15771800
2024-06-27,107.59867095947266,16812700
2024-06-28,107.80470275878906,24565900
2024-07-01,107.65486145019531,11972900
2024-07-02,106.92443084716797,13326700
2024-07-03,107.46757507324219,7732900
2024-07-05,106.16590118408203,12631000
2024-07-08,105.051513671875,13350500
2024-07-09,103.89032745361328,11727000
2024-07-10,104.80804443359375,10004100
2024-07-11,106.05351257324219,13082700
2024-07-12,106.07225036621094,11684900
2024-07-15,107.88897705078125,13032500
2024-07-16,108.66622924804688,13614100
2024-07-17,110.16456604003906,13602800
2024-07-18,111.25086212158203,13033600
2024-07-19,108.69432830810547,16157700
2024-07-22,107.94515228271484,12065900
2024-07-23,106.203369140625,11251700
2024-07-24,107.70169830322266,14925200
2024-07-25,109.96791076660156,17021700
2024-07-26,109.87425994873047,11252500
2024-07-29,108.72241973876953,8861800
2024-07-30,110.66088104248047,12483900
2024-07-31,111.05419921875,15137700
2024-08-01,109.51840209960938,15051500
2024-08-02,109.4528579711914,20403800
2024-08-05,107.47693634033203,18025900
2024-08-06,106.90570068359375,13647800
2024-08-07,108.32911682128906,13660700
2024-08-08,110.39867401123047,13851000
2024-08-09,111.29767608642578,12151900
2024-08-12,111.43812561035156,13228900
2024-08-13,110.37057495117188,11585100
2024-08-14,111.39131927490234,12194500
2024-08-15,112.08043670654297,11579400
2024-08-16,111.55178833007812,10056000
2024-08-19,111.89163970947266,12417500
2024-08-20,108.1628646850586,15632000
2024-08-21,107.4737319946289,11752400
2024-08-22,108.30445098876953,10609500
2024-08-23,109.80540466308594,10381400
2024-08-26,112.15595245361328,13671000
2024-08-27,111.08924865722656,9991600
2024-08-28,109.99420928955078,10742900
2024-08-29,111.51403045654297,10753900
2024-08-30,111.33468627929688,13284700
2024-09-03,109.00301361083984,15725100
2024-09-04,107.67198181152344,12620600
2024-09-05,106.83181762695312,17200800
2024-09-06,106.3315200805664,13467700
2024-09-09,108.56877136230469,21645300
2024-09-10,104.61344146728516,20913400
2024-09-11,103.5750503540039,19571900
2024-09-12,105.00048828125,15919500
2024-09-13,104.92495727539062,10035400
2024-09-16,106.39759063720703,11729000
2024-09-17,107.78524780273438,12202600
2024-09-18,108.1628646850586,12569900
2024-09-19,109.50333404541016,12660600
2024-09-20,108.81422424316406,36206200
2024-09-23,110.78715515136719,16066300
2024-09-24,110.4945297241211,11984900
2024-09-25,108.34221649169922,13816000
2024-09-26,106.48255157470703,16887900
2024-09-27,109.33341217041016,15964000
2024-09-30,110.65501403808594,13247600
2024-10-01,113.21321868896484,23235900
2024-10-02,114.71417236328125,17129700
2024-10-03,115.7148208618164,16524300
2024-10-04,117.83879852294922,19752300
2024-10-07,118.34855651855469,15714400
2024-10-08,115.2050552368164,14818500
2024-10-09,115.25225830078125,11144900
2024-10-10,116.24343872070312,10243300
2024-10-11,116.68712615966797,8294800
2024-10-14,117.13081359863281,9808100
2024-10-15,113.60971069335938,15771300
2024-10-16,113.90234375,8426800
2024-10-17,113.60971069335938,11204900
2024-10-18,113.28875732421875,12898600
2024-10-21,113.35482788085938,10177800
2024-10-22,113.94009399414062,9201400
2024-10-23,113.53418731689453,8320300
2024-10-24,112.89227294921875,9905600
2024-10-25,112.7978744506836,10714600
2024-10-28,112.24091339111328,11844500
2024-10-29,110.71163940429688,14731000
2024-10-30,110.15469360351562,12303700
2024-10-31,110.2396469116211,20512000
2024-11-01,108.51213836669922,20939300
2024-11-04,111.9671630859375,14965400
2024-11-05,112.29755401611328,10436700
2024-11-06,114.22329711914062,20807700
2024-11-07,114.36489868164062,12184400
2024-11-08,114.32713317871094,12836000
2024-11-11,113.72299194335938,11969700
2024-11-12,113.60971069335938,11972800
2024-11-13,114.66697692871094,15127900
2024-11-14,114.74311828613281,13041800
2024-11-15,113.55342864990234,19051700
2024-11-18,114.50518035888672,14239700
2024-11-19,112.90624237060547,11584400
2024-11-20,114.51469421386719,11360900
2024-11-21,116.0470199584961,14675400
2024-11-22,115.91377258300781,13323400
2024-11-25,114.18159484863281,26580300
2024-11-26,112.278076171875,14827300
2024-11-27,111.98304748535156,11079100
2024-11-29,112.26856994628906,9426500
2024-12-02,112.16387176513672,12687300
2024-12-03,111.9925537109375,11756600
2024-12-04,108.76612854003906,19520600
2024-12-05,109.24198913574219,15751200
2024-12-06,108.09038543701172,16171100
2024-12-09,107.45270538330078,17412600
2024-12-10,107.23379516601562,20990900
2024-12-11,106.51998901367188,32392200
2024-12-12,106.42481231689453,14543300
2024-12-13,105.49209594726562,13106100
2024-12-16,103.2364501953125,20256100
2024-12-17,102.79864501953125,17554000
2024-12-18,101.28536224365234,17114500
2024-12-19,100.41925811767578,20565600
2024-12-20,100.76190185546875,40141200
2024-12-23,101.171142578125,12285100
2024-12-24,101.26631927490234,7807000
2024-12-26,101.35198211669922,9652400
2024-12-27,101.34246063232422,11943900
2024-12-30,100.6572036743164,11080800
2024-12-31,102.37986755371094,12387800
