pair_id,stock_a,stock_b,group_id,source,active_from,active_to
AAPL__CSCO,AAPL,CSCO,20150105_0_0,track_a,2015-01-06,2015-02-04
QCOM__TXN,QCOM,TXN,20150105_0_1,track_a,2015-01-06,2015-02-04
INTC__MSFT,INTC,MSFT,20150105_0_2,track_a,2015-01-06,2015-02-04
ADBE__NVDA,ADBE,NVDA,20150105_0_3,track_a,2015-01-06,2015-02-04
CVX__XOM,CVX,XOM,20150105_1_0,track_a,2015-01-06,2015-02-04
COP__OXY,COP,OXY,20150105_1_1,track_a,2015-01-06,2015-02-04
PSX__SLB,PSX,SLB,20150105_1_2,track_a,2015-01-06,2015-02-04
GS__JPM,GS,JPM,20150105_2_0,track_a,2015-01-06,2015-02-04
BAC__C,BAC,C,20150105_2_1,track_a,2015-01-06,2015-02-04
BAC__MS,BAC,MS,20150105_2_1,track_a,2015-01-06,2015-02-04
C__MS,C,MS,20150105_2_1,track_a,2015-01-06,2015-02-04
GIS__KMB,GIS,KMB,20150105_3_0,track_a,2015-01-06,2015-02-04
GIS__PG,GIS,PG,20150105_3_0,track_a,2015-01-06,2015-02-04
KMB__PG,KMB,PG,20150105_3_0,track_a,2015-01-06,2015-02-04
COST__WMT,COST,WMT,20150105_3_1,track_a,2015-01-06,2015-02-04
KO__PEP,KO,PEP,20150105_3_2,track_a,2015-01-06,2015-02-04
IBM__SYY,IBM,SYY,20150105_3_3,track_a,2015-01-06,2015-02-04
CL__MDLZ,CL,MDLZ,20150105_3_4,track_a,2015-01-06,2015-02-04
MPC__VLO,MPC,VLO,20150105_4_0,track_a,2015-01-06,2015-02-04
EOG__HAL,EOG,HAL,20150105_5_0,track_a,2015-01-06,2015-02-04
ORCL__PNC,ORCL,PNC,20150105_6_0,track_a,2015-01-06,2015-02-04
ORCL__USB,ORCL,USB,20150105_6_0,track_a,2015-01-06,2015-02-04
ORCL__WFC,ORCL,WFC,20150105_6_0,track_a,2015-01-06,2015-02-04
PNC__USB,PNC,USB,20150105_6_0,track_a,2015-01-06,2015-02-04
PNC__WFC,PNC,WFC,20150105_6_0,track_a,2015-01-06,2015-02-04
USB__WFC,USB,WFC,20150105_6_0,track_a,2015-01-06,2015-02-04
AXP__BLK,AXP,BLK,20150105_7_0,track_a,2015-01-06,2015-02-04
CSCO__QCOM,CSCO,QCOM,20150204_0_0,track_a,2015-02-05,2015-03-06
NVDA__TXN,NVDA,TXN,20150204_0_1,track_a,2015-02-05,2015-03-06
ADBE__INTC,ADBE,INTC,20150204_0_2,track_a,2015-02-05,2015-03-06
COP__CVX,COP,CVX,20150204_1_0,track_a,2015-02-05,2015-03-06
COP__OXY,COP,OXY,20150204_1_0,track_a,2015-02-05,2015-03-06
COP__XOM,COP,XOM,20150204_1_0,track_a,2015-02-05,2015-03-06
CVX__OXY,CVX,OXY,20150204_1_0,track_a,2015-02-05,2015-03-06
CVX__XOM,CVX,XOM,20150204_1_0,track_a,2015-02-05,2015-03-06
OXY__XOM,OXY,XOM,20150204_1_0,track_a,2015-02-05,2015-03-06
USB__WFC,USB,WFC,20150204_2_0,track_a,2015-02-05,2015-03-06
GS__PNC,GS,PNC,20150204_2_1,track_a,2015-02-05,2015-03-06
AXP__BLK,AXP,BLK,20150204_2_2,track_a,2015-02-05,2015-03-06
MSFT__ORCL,MSFT,ORCL,20150204_2_3,track_a,2015-02-05,2015-03-06
MPC__VLO,MPC,VLO,20150204_3_0,track_a,2015-02-05,2015-03-06
CL__KMB,CL,KMB,20150204_4_0,track_a,2015-02-05,2015-03-06
COST__SYY,COST,SYY,20150204_4_1,track_a,2015-02-05,2015-03-06
PEP__PG,PEP,PG,20150204_4_2,track_a,2015-02-05,2015-03-06
GIS__WMT,GIS,WMT,20150204_4_3,track_a,2015-02-05,2015-03-06
AAPL__IBM,AAPL,IBM,20150204_4_4,track_a,2015-02-05,2015-03-06
KO__MDLZ,KO,MDLZ,20150204_4_5,track_a,2015-02-05,2015-03-06
BAC__C,BAC,C,20150204_6_0,track_a,2015-02-05,2015-03-06
BAC__JPM,BAC,JPM,20150204_6_0,track_a,2015-02-05,2015-03-06
BAC__MS,BAC,MS,20150204_6_0,track_a,2015-02-05,2015-03-06
C__JPM,C,JPM,20150204_6_0,track_a,2015-02-05,2015-03-06
C__MS,C,MS,20150204_6_0,track_a,2015-02-05,2015-03-06
JPM__MS,JPM,MS,20150204_6_0,track_a,2015-02-05,2015-03-06
EOG__HAL,EOG,HAL,20150204_7_0,track_a,2015-02-05,2015-03-06
EOG__SLB,EOG,SLB,20150204_7_0,track_a,2015-02-05,2015-03-06
HAL__SLB,HAL,SLB,20150204_7_0,track_a,2015-02-05,2015-03-06
CSCO__TXN,CSCO,TXN,20150306_0_0,track_a,2015-03-09,2015-04-07
ADBE__INTC,ADBE,INTC,20150306_0_1,track_a,2015-03-09,2015-04-07
NVDA__QCOM,NVDA,QCOM,20150306_0_2,track_a,2015-03-09,2015-04-07
KMB__PEP,KMB,PEP,20150306_1_0,track_a,2015-03-09,2015-04-07
COST__SYY,COST,SYY,20150306_1_1,track_a,2015-03-09,2015-04-07
GIS__PG,GIS,PG,20150306_1_2,track_a,2015-03-09,2015-04-07
CL__MDLZ,CL,MDLZ,20150306_1_3,track_a,2015-03-09,2015-04-07
KO__WMT,KO,WMT,20150306_1_4,track_a,2015-03-09,2015-04-07
AAPL__IBM,AAPL,IBM,20150306_1_5,track_a,2015-03-09,2015-04-07
C__JPM,C,JPM,20150306_2_0,track_a,2015-03-09,2015-04-07
GS__PNC,GS,PNC,20150306_2_1,track_a,2015-03-09,2015-04-07
BAC__MS,BAC,MS,20150306_2_2,track_a,2015-03-09,2015-04-07
COP__CVX,COP,CVX,20150306_3_0,track_a,2015-03-09,2015-04-07
COP__OXY,COP,OXY,20150306_3_0,track_a,2015-03-09,2015-04-07
COP__XOM,COP,XOM,20150306_3_0,track_a,2015-03-09,2015-04-07
CVX__OXY,CVX,OXY,20150306_3_0,track_a,2015-03-09,2015-04-07
CVX__XOM,CVX,XOM,20150306_3_0,track_a,2015-03-09,2015-04-07
OXY__XOM,OXY,XOM,20150306_3_0,track_a,2015-03-09,2015-04-07
MPC__VLO,MPC,VLO,20150306_4_0,track_a,2015-03-09,2015-04-07
USB__WFC,USB,WFC,20150306_5_0,track_a,2015-03-09,2015-04-07
AXP__BLK,AXP,BLK,20150306_5_1,track_a,2015-03-09,2015-04-07
MSFT__ORCL,MSFT,ORCL,20150306_5_2,track_a,2015-03-09,2015-04-07
EOG__HAL,EOG,HAL,20150306_6_0,track_a,2015-03-09,2015-04-07
EOG__SLB,EOG,SLB,20150306_6_0,track_a,2015-03-09,2015-04-07
HAL__SLB,HAL,SLB,20150306_6_0,track_a,2015-03-09,2015-04-07
USB__WFC,USB,WFC,20150407_0_0,track_a,2015-04-08,2015-05-06
GS__PNC,GS,PNC,20150407_0_1,track_a,2015-04-08,2015-05-06
AXP__BLK,AXP,BLK,20150407_0_2,track_a,2015-04-08,2015-05-06
CSCO__TXN,CSCO,TXN,20150407_1_0,track_a,2015-04-08,2015-05-06
ADBE__QCOM,ADBE,QCOM,20150407_1_1,track_a,2015-04-08,2015-05-06
INTC__NVDA,INTC,NVDA,20150407_1_2,track_a,2015-04-08,2015-05-06
MPC__VLO,MPC,VLO,20150407_2_0,track_a,2015-04-08,2015-05-06
COP__CVX,COP,CVX,20150407_3_0,track_a,2015-04-08,2015-05-06
COP__OXY,COP,OXY,20150407_3_0,track_a,2015-04-08,2015-05-06
COP__XOM,COP,XOM,20150407_3_0,track_a,2015-04-08,2015-05-06
CVX__OXY,CVX,OXY,20150407_3_0,track_a,2015-04-08,2015-05-06
CVX__XOM,CVX,XOM,20150407_3_0,track_a,2015-04-08,2015-05-06
OXY__XOM,OXY,XOM,20150407_3_0,track_a,2015-04-08,2015-05-06
CL__KMB,CL,KMB,20150407_4_0,track_a,2015-04-08,2015-05-06
CL__MDLZ,CL,MDLZ,20150407_4_0,track_a,2015-04-08,2015-05-06
KMB__MDLZ,KMB,MDLZ,20150407_4_0,track_a,2015-04-08,2015-05-06
COST__SYY,COST,SYY,20150407_4_1,track_a,2015-04-08,2015-05-06
GIS__PG,GIS,PG,20150407_4_2,track_a,2015-04-08,2015-05-06
KO__PEP,KO,PEP,20150407_4_3,track_a,2015-04-08,2015-05-06
IBM__WMT,IBM,WMT,20150407_4_4,track_a,2015-04-08,2015-05-06
BAC__C,BAC,C,20150407_5_0,track_a,2015-04-08,2015-05-06
BAC__JPM,BAC,JPM,20150407_5_0,track_a,2015-04-08,2015-05-06
BAC__MS,BAC,MS,20150407_5_0,track_a,2015-04-08,2015-05-06
C__JPM,C,JPM,20150407_5_0,track_a,2015-04-08,2015-05-06
C__MS,C,MS,20150407_5_0,track_a,2015-04-08,2015-05-06
JPM__MS,JPM,MS,20150407_5_0,track_a,2015-04-08,2015-05-06
EOG__HAL,EOG,HAL,20150407_6_0,track_a,2015-04-08,2015-05-06
EOG__SLB,EOG,SLB,20150407_6_0,track_a,2015-04-08,2015-05-06
HAL__SLB,HAL,SLB,20150407_6_0,track_a,2015-04-08,2015-05-06
AAPL__MSFT,AAPL,MSFT,20150407_7_0,track_a,2015-04-08,2015-05-06
AAPL__ORCL,AAPL,ORCL,20150407_7_0,track_a,2015-04-08,2015-05-06
MSFT__ORCL,MSFT,ORCL,20150407_7_0,track_a,2015-04-08,2015-05-06
CSCO__QCOM,CSCO,QCOM,20150506_0_0,track_a,2015-05-07,2015-06-05
CSCO__TXN,CSCO,TXN,20150506_0_0,track_a,2015-05-07,2015-06-05
QCOM__TXN,QCOM,TXN,20150506_0_0,track_a,2015-05-07,2015-06-05
INTC__NVDA,INTC,NVDA,20150506_0_1,track_a,2015-05-07,2015-06-05
AAPL__ADBE,AAPL,ADBE,20150506_1_0,track_a,2015-05-07,2015-06-05
AAPL__MSFT,AAPL,MSFT,20150506_1_0,track_a,2015-05-07,2015-06-05
ADBE__MSFT,ADBE,MSFT,20150506_1_0,track_a,2015-05-07,2015-06-05
IBM__ORCL,IBM,ORCL,20150506_1_1,track_a,2015-05-07,2015-06-05
C__JPM,C,JPM,20150506_2_0,track_a,2015-05-07,2015-06-05
USB__WFC,USB,WFC,20150506_2_1,track_a,2015-05-07,2015-06-05
BLK__GS,BLK,GS,20150506_2_2,track_a,2015-05-07,2015-06-05
BAC__MS,BAC,MS,20150506_2_3,track_a,2015-05-07,2015-06-05
AXP__PNC,AXP,PNC,20150506_2_4,track_a,2015-05-07,2015-06-05
EOG__HAL,EOG,HAL,20150506_3_0,track_a,2015-05-07,2015-06-05
EOG__SLB,EOG,SLB,20150506_3_0,track_a,2015-05-07,2015-06-05
HAL__SLB,HAL,SLB,20150506_3_0,track_a,2015-05-07,2015-06-05
CL__KMB,CL,KMB,20150506_4_0,track_a,2015-05-07,2015-06-05
GIS__PG,GIS,PG,20150506_4_1,track_a,2015-05-07,2015-06-05
COST__SYY,COST,SYY,20150506_4_2,track_a,2015-05-07,2015-06-05
KO__PEP,KO,PEP,20150506_4_3,track_a,2015-05-07,2015-06-05
MDLZ__WMT,MDLZ,WMT,20150506_4_4,track_a,2015-05-07,2015-06-05
MPC__VLO,MPC,VLO,20150506_5_0,track_a,2015-05-07,2015-06-05
COP__CVX,COP,CVX,20150506_6_0,track_a,2015-05-07,2015-06-05
COP__OXY,COP,OXY,20150506_6_0,track_a,2015-05-07,2015-06-05
COP__XOM,COP,XOM,20150506_6_0,track_a,2015-05-07,2015-06-05
CVX__OXY,CVX,OXY,20150506_6_0,track_a,2015-05-07,2015-06-05
CVX__XOM,CVX,XOM,20150506_6_0,track_a,2015-05-07,2015-06-05
OXY__XOM,OXY,XOM,20150506_6_0,track_a,2015-05-07,2015-06-05
INTC__NVDA,INTC,NVDA,20150605_0_0,track_a,2015-06-08,2015-07-07
INTC__QCOM,INTC,QCOM,20150605_0_0,track_a,2015-06-08,2015-07-07
INTC__TXN,INTC,TXN,20150605_0_0,track_a,2015-06-08,2015-07-07
NVDA__QCOM,NVDA,QCOM,20150605_0_0,track_a,2015-06-08,2015-07-07
NVDA__TXN,NVDA,TXN,20150605_0_0,track_a,2015-06-08,2015-07-07
QCOM__TXN,QCOM,TXN,20150605_0_0,track_a,2015-06-08,2015-07-07
AAPL__ADBE,AAPL,ADBE,20150605_1_0,track_a,2015-06-08,2015-07-07
CSCO__MSFT,CSCO,MSFT,20150605_1_1,track_a,2015-06-08,2015-07-07
IBM__ORCL,IBM,ORCL,20150605_1_2,track_a,2015-06-08,2015-07-07
C__JPM,C,JPM,20150605_2_0,track_a,2015-06-08,2015-07-07
USB__WFC,USB,WFC,20150605_2_1,track_a,2015-06-08,2015-07-07
GS__PNC,GS,PNC,20150605_2_2,track_a,2015-06-08,2015-07-07
BAC__MS,BAC,MS,20150605_2_3,track_a,2015-06-08,2015-07-07
AXP__BLK,AXP,BLK,20150605_2_4,track_a,2015-06-08,2015-07-07
EOG__HAL,EOG,HAL,20150605_3_0,track_a,2015-06-08,2015-07-07
EOG__SLB,EOG,SLB,20150605_3_0,track_a,2015-06-08,2015-07-07
HAL__SLB,HAL,SLB,20150605_3_0,track_a,2015-06-08,2015-07-07
CL__KMB,CL,KMB,20150605_4_0,track_a,2015-06-08,2015-07-07
GIS__PG,GIS,PG,20150605_4_1,track_a,2015-06-08,2015-07-07
COST__SYY,COST,SYY,20150605_4_2,track_a,2015-06-08,2015-07-07
KO__PEP,KO,PEP,20150605_4_3,track_a,2015-06-08,2015-07-07
MDLZ__WMT,MDLZ,WMT,20150605_4_4,track_a,2015-06-08,2015-07-07
MPC__VLO,MPC,VLO,20150605_5_0,track_a,2015-06-08,2015-07-07
COP__CVX,COP,CVX,20150605_6_0,track_a,2015-06-08,2015-07-07
COP__OXY,COP,OXY,20150605_6_0,track_a,2015-06-08,2015-07-07
COP__XOM,COP,XOM,20150605_6_0,track_a,2015-06-08,2015-07-07
CVX__OXY,CVX,OXY,20150605_6_0,track_a,2015-06-08,2015-07-07
CVX__XOM,CVX,XOM,20150605_6_0,track_a,2015-06-08,2015-07-07
OXY__XOM,OXY,XOM,20150605_6_0,track_a,2015-06-08,2015-07-07
COP__CVX,COP,CVX,20150707_0_0,track_a,2015-07-08,2015-08-05
COP__XOM,COP,XOM,20150707_0_0,track_a,2015-07-08,2015-08-05
CVX__XOM,CVX,XOM,20150707_0_0,track_a,2015-07-08,2015-08-05
OXY__SLB,OXY,SLB,20150707_0_1,track_a,2015-07-08,2015-08-05
EOG__HAL,EOG,HAL,20150707_0_2,track_a,2015-07-08,2015-08-05
USB__WFC,USB,WFC,20150707_1_0,track_a,2015-07-08,2015-08-05
BLK__GS,BLK,GS,20150707_1_1,track_a,2015-07-08,2015-08-05
AXP__PNC,AXP,PNC,20150707_1_2,track_a,2015-07-08,2015-08-05
ADBE__CSCO,ADBE,CSCO,20150707_2_0,track_a,2015-07-08,2015-08-05
IBM__ORCL,IBM,ORCL,20150707_2_1,track_a,2015-07-08,2015-08-05
MSFT__TXN,MSFT,TXN,20150707_2_2,track_a,2015-07-08,2015-08-05
AAPL__QCOM,AAPL,QCOM,20150707_2_3,track_a,2015-07-08,2015-08-05
GIS__PG,GIS,PG,20150707_3_0,track_a,2015-07-08,2015-08-05
CL__KMB,CL,KMB,20150707_3_1,track_a,2015-07-08,2015-08-05
COST__WMT,COST,WMT,20150707_3_2,track_a,2015-07-08,2015-08-05
KO__PEP,KO,PEP,20150707_3_3,track_a,2015-07-08,2015-08-05
MDLZ__SYY,MDLZ,SYY,20150707_3_4,track_a,2015-07-08,2015-08-05
MPC__VLO,MPC,VLO,20150707_4_0,track_a,2015-07-08,2015-08-05
BAC__C,BAC,C,20150707_5_0,track_a,2015-07-08,2015-08-05
BAC__JPM,BAC,JPM,20150707_5_0,track_a,2015-07-08,2015-08-05
BAC__MS,BAC,MS,20150707_5_0,track_a,2015-07-08,2015-08-05
C__JPM,C,JPM,20150707_5_0,track_a,2015-07-08,2015-08-05
C__MS,C,MS,20150707_5_0,track_a,2015-07-08,2015-08-05
JPM__MS,JPM,MS,20150707_5_0,track_a,2015-07-08,2015-08-05
INTC__NVDA,INTC,NVDA,20150707_7_0,track_a,2015-07-08,2015-08-05
GIS__PG,GIS,PG,20150805_0_0,track_a,2015-08-06,2015-09-03
CL__COST,CL,COST,20150805_0_1,track_a,2015-08-06,2015-09-03
KMB__PEP,KMB,PEP,20150805_0_2,track_a,2015-08-06,2015-09-03
KO__WMT,KO,WMT,20150805_0_3,track_a,2015-08-06,2015-09-03
MDLZ__SYY,MDLZ,SYY,20150805_0_4,track_a,2015-08-06,2015-09-03
OXY__SLB,OXY,SLB,20150805_1_0,track_a,2015-08-06,2015-09-03
COP__CVX,COP,CVX,20150805_1_1,track_a,2015-08-06,2015-09-03
COP__XOM,COP,XOM,20150805_1_1,track_a,2015-08-06,2015-09-03
CVX__XOM,CVX,XOM,20150805_1_1,track_a,2015-08-06,2015-09-03
EOG__HAL,EOG,HAL,20150805_1_2,track_a,2015-08-06,2015-09-03
ADBE__QCOM,ADBE,QCOM,20150805_2_0,track_a,2015-08-06,2015-09-03
IBM__ORCL,IBM,ORCL,20150805_2_1,track_a,2015-08-06,2015-09-03
AAPL__CSCO,AAPL,CSCO,20150805_2_2,track_a,2015-08-06,2015-09-03
BAC__C,BAC,C,20150805_3_0,track_a,2015-08-06,2015-09-03
BAC__JPM,BAC,JPM,20150805_3_0,track_a,2015-08-06,2015-09-03
BAC__MS,BAC,MS,20150805_3_0,track_a,2015-08-06,2015-09-03
C__JPM,C,JPM,20150805_3_0,track_a,2015-08-06,2015-09-03
C__MS,C,MS,20150805_3_0,track_a,2015-08-06,2015-09-03
JPM__MS,JPM,MS,20150805_3_0,track_a,2015-08-06,2015-09-03
MPC__VLO,MPC,VLO,20150805_4_0,track_a,2015-08-06,2015-09-03
INTC__MSFT,INTC,MSFT,20150805_5_0,track_a,2015-08-06,2015-09-03
INTC__NVDA,INTC,NVDA,20150805_5_0,track_a,2015-08-06,2015-09-03
INTC__TXN,INTC,TXN,20150805_5_0,track_a,2015-08-06,2015-09-03
MSFT__NVDA,MSFT,NVDA,20150805_5_0,track_a,2015-08-06,2015-09-03
MSFT__TXN,MSFT,TXN,20150805_5_0,track_a,2015-08-06,2015-09-03
NVDA__TXN,NVDA,TXN,20150805_5_0,track_a,2015-08-06,2015-09-03
USB__WFC,USB,WFC,20150805_6_0,track_a,2015-08-06,2015-09-03
BLK__GS,BLK,GS,20150805_6_1,track_a,2015-08-06,2015-09-03
AXP__PNC,AXP,PNC,20150805_6_2,track_a,2015-08-06,2015-09-03
COP__CVX,COP,CVX,20150903_0_0,track_a,2015-09-04,2015-10-05
COP__XOM,COP,XOM,20150903_0_0,track_a,2015-09-04,2015-10-05
CVX__XOM,CVX,XOM,20150903_0_0,track_a,2015-09-04,2015-10-05
ADBE__CSCO,ADBE,CSCO,20150903_1_0,track_a,2015-09-04,2015-10-05
ADBE__MSFT,ADBE,MSFT,20150903_1_0,track_a,2015-09-04,2015-10-05
CSCO__MSFT,CSCO,MSFT,20150903_1_0,track_a,2015-09-04,2015-10-05
IBM__ORCL,IBM,ORCL,20150903_1_1,track_a,2015-09-04,2015-10-05
AAPL__QCOM,AAPL,QCOM,20150903_1_2,track_a,2015-09-04,2015-10-05
BAC__C,BAC,C,20150903_2_0,track_a,2015-09-04,2015-10-05
BAC__JPM,BAC,JPM,20150903_2_0,track_a,2015-09-04,2015-10-05
BAC__MS,BAC,MS,20150903_2_0,track_a,2015-09-04,2015-10-05
C__JPM,C,JPM,20150903_2_0,track_a,2015-09-04,2015-10-05
C__MS,C,MS,20150903_2_0,track_a,2015-09-04,2015-10-05
JPM__MS,JPM,MS,20150903_2_0,track_a,2015-09-04,2015-10-05
KMB__WMT,KMB,WMT,20150903_3_0,track_a,2015-09-04,2015-10-05
CL__PEP,CL,PEP,20150903_3_1,track_a,2015-09-04,2015-10-05
COST__MDLZ,COST,MDLZ,20150903_3_2,track_a,2015-09-04,2015-10-05
MPC__PSX,MPC,PSX,20150903_4_0,track_a,2015-09-04,2015-10-05
MPC__VLO,MPC,VLO,20150903_4_0,track_a,2015-09-04,2015-10-05
PSX__VLO,PSX,VLO,20150903_4_0,track_a,2015-09-04,2015-10-05
PNC__USB,PNC,USB,20150903_5_0,track_a,2015-09-04,2015-10-05
GS__WFC,GS,WFC,20150903_5_1,track_a,2015-09-04,2015-10-05
AXP__BLK,AXP,BLK,20150903_5_2,track_a,2015-09-04,2015-10-05
OXY__SLB,OXY,SLB,20150903_6_0,track_a,2015-09-04,2015-10-05
INTC__NVDA,INTC,NVDA,20150903_7_0,track_a,2015-09-04,2015-10-05
INTC__TXN,INTC,TXN,20150903_7_0,track_a,2015-09-04,2015-10-05
NVDA__TXN,NVDA,TXN,20150903_7_0,track_a,2015-09-04,2015-10-05
GIS__KO,GIS,KO,20150903_8_0,track_a,2015-09-04,2015-10-05
GIS__PG,GIS,PG,20150903_8_0,track_a,2015-09-04,2015-10-05
GIS__SYY,GIS,SYY,20150903_8_0,track_a,2015-09-04,2015-10-05
KO__PG,KO,PG,20150903_8_0,track_a,2015-09-04,2015-10-05
KO__SYY,KO,SYY,20150903_8_0,track_a,2015-09-04,2015-10-05
PG__SYY,PG,SYY,20150903_8_0,track_a,2015-09-04,2015-10-05
EOG__HAL,EOG,HAL,20150903_9_0,track_a,2015-09-04,2015-10-05
KMB__WMT,KMB,WMT,20151005_0_0,track_a,2015-10-06,2015-11-03
GIS__PG,GIS,PG,20151005_0_1,track_a,2015-10-06,2015-11-03
CL__MDLZ,CL,MDLZ,20151005_0_2,track_a,2015-10-06,2015-11-03
CL__PEP,CL,PEP,20151005_0_2,track_a,2015-10-06,2015-11-03
MDLZ__PEP,MDLZ,PEP,20151005_0_2,track_a,2015-10-06,2015-11-03
COST__KO,COST,KO,20151005_0_3,track_a,2015-10-06,2015-11-03
IBM__ORCL,IBM,ORCL,20151005_1_0,track_a,2015-10-06,2015-11-03
ADBE__CSCO,ADBE,CSCO,20151005_1_1,track_a,2015-10-06,2015-11-03
ADBE__MSFT,ADBE,MSFT,20151005_1_1,track_a,2015-10-06,2015-11-03
CSCO__MSFT,CSCO,MSFT,20151005_1_1,track_a,2015-10-06,2015-11-03
AAPL__QCOM,AAPL,QCOM,20151005_1_2,track_a,2015-10-06,2015-11-03
MPC__PSX,MPC,PSX,20151005_2_0,track_a,2015-10-06,2015-11-03
BAC__C,BAC,C,20151005_3_0,track_a,2015-10-06,2015-11-03
BAC__JPM,BAC,JPM,20151005_3_0,track_a,2015-10-06,2015-11-03
BAC__MS,BAC,MS,20151005_3_0,track_a,2015-10-06,2015-11-03
C__JPM,C,JPM,20151005_3_0,track_a,2015-10-06,2015-11-03
C__MS,C,MS,20151005_3_0,track_a,2015-10-06,2015-11-03
JPM__MS,JPM,MS,20151005_3_0,track_a,2015-10-06,2015-11-03
COP__CVX,COP,CVX,20151005_4_0,track_a,2015-10-06,2015-11-03
COP__XOM,COP,XOM,20151005_4_0,track_a,2015-10-06,2015-11-03
CVX__XOM,CVX,XOM,20151005_4_0,track_a,2015-10-06,2015-11-03
PNC__USB,PNC,USB,20151005_5_0,track_a,2015-10-06,2015-11-03
GS__WFC,GS,WFC,20151005_5_1,track_a,2015-10-06,2015-11-03
AXP__BLK,AXP,BLK,20151005_5_2,track_a,2015-10-06,2015-11-03
OXY__SLB,OXY,SLB,20151005_6_0,track_a,2015-10-06,2015-11-03
INTC__NVDA,INTC,NVDA,20151005_7_0,track_a,2015-10-06,2015-11-03
INTC__TXN,INTC,TXN,20151005_7_0,track_a,2015-10-06,2015-11-03
NVDA__TXN,NVDA,TXN,20151005_7_0,track_a,2015-10-06,2015-11-03
EOG__HAL,EOG,HAL,20151005_10_0,track_a,2015-10-06,2015-11-03
CL__KMB,CL,KMB,20151103_0_0,track_a,2015-11-04,2015-12-03
CL__WMT,CL,WMT,20151103_0_0,track_a,2015-11-04,2015-12-03
KMB__WMT,KMB,WMT,20151103_0_0,track_a,2015-11-04,2015-12-03
COST__GIS,COST,GIS,20151103_0_1,track_a,2015-11-04,2015-12-03
MDLZ__PEP,MDLZ,PEP,20151103_0_2,track_a,2015-11-04,2015-12-03
INTC__NVDA,INTC,NVDA,20151103_1_0,track_a,2015-11-04,2015-12-03
BLK__USB,BLK,USB,20151103_2_0,track_a,2015-11-04,2015-12-03
BLK__WFC,BLK,WFC,20151103_2_0,track_a,2015-11-04,2015-12-03
USB__WFC,USB,WFC,20151103_2_0,track_a,2015-11-04,2015-12-03
GS__PNC,GS,PNC,20151103_2_1,track_a,2015-11-04,2015-12-03
C__JPM,C,JPM,20151103_2_2,track_a,2015-11-04,2015-12-03
BAC__MS,BAC,MS,20151103_2_3,track_a,2015-11-04,2015-12-03
COP__EOG,COP,EOG,20151103_3_0,track_a,2015-11-04,2015-12-03
COP__HAL,COP,HAL,20151103_3_0,track_a,2015-11-04,2015-12-03
EOG__HAL,EOG,HAL,20151103_3_0,track_a,2015-11-04,2015-12-03
CVX__XOM,CVX,XOM,20151103_3_1,track_a,2015-11-04,2015-12-03
MPC__PSX,MPC,PSX,20151103_4_0,track_a,2015-11-04,2015-12-03
MPC__VLO,MPC,VLO,20151103_4_0,track_a,2015-11-04,2015-12-03
PSX__VLO,PSX,VLO,20151103_4_0,track_a,2015-11-04,2015-12-03
IBM__ORCL,IBM,ORCL,20151103_5_0,track_a,2015-11-04,2015-12-03
CSCO__MSFT,CSCO,MSFT,20151103_5_1,track_a,2015-11-04,2015-12-03
AAPL__QCOM,AAPL,QCOM,20151103_5_2,track_a,2015-11-04,2015-12-03
ADBE__TXN,ADBE,TXN,20151103_5_3,track_a,2015-11-04,2015-12-03
AXP__KO,AXP,KO,20151103_6_0,track_a,2015-11-04,2015-12-03
AXP__PG,AXP,PG,20151103_6_0,track_a,2015-11-04,2015-12-03
AXP__SYY,AXP,SYY,20151103_6_0,track_a,2015-11-04,2015-12-03
KO__PG,KO,PG,20151103_6_0,track_a,2015-11-04,2015-12-03
KO__SYY,KO,SYY,20151103_6_0,track_a,2015-11-04,2015-12-03
PG__SYY,PG,SYY,20151103_6_0,track_a,2015-11-04,2015-12-03
OXY__SLB,OXY,SLB,20151103_7_0,track_a,2015-11-04,2015-12-03
CSCO__INTC,CSCO,INTC,20151203_0_0,track_a,2015-12-04,2016-01-05
CSCO__MSFT,CSCO,MSFT,20151203_0_0,track_a,2015-12-04,2016-01-05
CSCO__TXN,CSCO,TXN,20151203_0_0,track_a,2015-12-04,2016-01-05
INTC__MSFT,INTC,MSFT,20151203_0_0,track_a,2015-12-04,2016-01-05
INTC__TXN,INTC,TXN,20151203_0_0,track_a,2015-12-04,2016-01-05
MSFT__TXN,MSFT,TXN,20151203_0_0,track_a,2015-12-04,2016-01-05
CL__KMB,CL,KMB,20151203_1_0,track_a,2015-12-04,2016-01-05
GIS__PEP,GIS,PEP,20151203_1_1,track_a,2015-12-04,2016-01-05
MDLZ__WMT,MDLZ,WMT,20151203_1_2,track_a,2015-12-04,2016-01-05
BLK__USB,BLK,USB,20151203_2_0,track_a,2015-12-04,2016-01-05
BLK__WFC,BLK,WFC,20151203_2_0,track_a,2015-12-04,2016-01-05
USB__WFC,USB,WFC,20151203_2_0,track_a,2015-12-04,2016-01-05
GS__PNC,GS,PNC,20151203_2_1,track_a,2015-12-04,2016-01-05
C__MS,C,MS,20151203_2_2,track_a,2015-12-04,2016-01-05
BAC__JPM,BAC,JPM,20151203_2_3,track_a,2015-12-04,2016-01-05
COP__EOG,COP,EOG,20151203_3_0,track_a,2015-12-04,2016-01-05
COP__HAL,COP,HAL,20151203_3_0,track_a,2015-12-04,2016-01-05
EOG__HAL,EOG,HAL,20151203_3_0,track_a,2015-12-04,2016-01-05
OXY__SLB,OXY,SLB,20151203_3_1,track_a,2015-12-04,2016-01-05
CVX__XOM,CVX,XOM,20151203_3_2,track_a,2015-12-04,2016-01-05
MPC__PSX,MPC,PSX,20151203_4_0,track_a,2015-12-04,2016-01-05
MPC__VLO,MPC,VLO,20151203_4_0,track_a,2015-12-04,2016-01-05
PSX__VLO,PSX,VLO,20151203_4_0,track_a,2015-12-04,2016-01-05
AAPL__IBM,AAPL,IBM,20151203_5_0,track_a,2015-12-04,2016-01-05
AAPL__ORCL,AAPL,ORCL,20151203_5_0,track_a,2015-12-04,2016-01-05
IBM__ORCL,IBM,ORCL,20151203_5_0,track_a,2015-12-04,2016-01-05
ADBE__AXP,ADBE,AXP,20151203_5_1,track_a,2015-12-04,2016-01-05
NVDA__QCOM,NVDA,QCOM,20151203_6_0,track_a,2015-12-04,2016-01-05
COST__KO,COST,KO,20151203_7_0,track_a,2015-12-04,2016-01-05
COST__PG,COST,PG,20151203_7_0,track_a,2015-12-04,2016-01-05
COST__SYY,COST,SYY,20151203_7_0,track_a,2015-12-04,2016-01-05
KO__PG,KO,PG,20151203_7_0,track_a,2015-12-04,2016-01-05
KO__SYY,KO,SYY,20151203_7_0,track_a,2015-12-04,2016-01-05
PG__SYY,PG,SYY,20151203_7_0,track_a,2015-12-04,2016-01-05
COST__PG,COST,PG,20160105_0_0,track_a,2016-01-06,2016-02-04
AXP__KO,AXP,KO,20160105_0_1,track_a,2016-01-06,2016-02-04
AXP__SYY,AXP,SYY,20160105_0_1,track_a,2016-01-06,2016-02-04
KO__SYY,KO,SYY,20160105_0_1,track_a,2016-01-06,2016-02-04
BLK__USB,BLK,USB,20160105_1_0,track_a,2016-01-06,2016-02-04
BLK__WFC,BLK,WFC,20160105_1_0,track_a,2016-01-06,2016-02-04
USB__WFC,USB,WFC,20160105_1_0,track_a,2016-01-06,2016-02-04
GS__PNC,GS,PNC,20160105_1_1,track_a,2016-01-06,2016-02-04
C__JPM,C,JPM,20160105_1_2,track_a,2016-01-06,2016-02-04
BAC__MS,BAC,MS,20160105_1_3,track_a,2016-01-06,2016-02-04
COP__EOG,COP,EOG,20160105_2_0,track_a,2016-01-06,2016-02-04
COP__HAL,COP,HAL,20160105_2_0,track_a,2016-01-06,2016-02-04
EOG__HAL,EOG,HAL,20160105_2_0,track_a,2016-01-06,2016-02-04
OXY__SLB,OXY,SLB,20160105_2_1,track_a,2016-01-06,2016-02-04
CVX__XOM,CVX,XOM,20160105_2_2,track_a,2016-01-06,2016-02-04
IBM__ORCL,IBM,ORCL,20160105_3_0,track_a,2016-01-06,2016-02-04
CSCO__MSFT,CSCO,MSFT,20160105_3_1,track_a,2016-01-06,2016-02-04
INTC__TXN,INTC,TXN,20160105_3_2,track_a,2016-01-06,2016-02-04
AAPL__ADBE,AAPL,ADBE,20160105_3_3,track_a,2016-01-06,2016-02-04
MPC__VLO,MPC,VLO,20160105_4_0,track_a,2016-01-06,2016-02-04
NVDA__QCOM,NVDA,QCOM,20160105_5_0,track_a,2016-01-06,2016-02-04
CL__KMB,CL,KMB,20160105_7_0,track_a,2016-01-06,2016-02-04
GIS__WMT,GIS,WMT,20160105_7_1,track_a,2016-01-06,2016-02-04
MDLZ__PEP,MDLZ,PEP,20160105_7_2,track_a,2016-01-06,2016-02-04
AAPL__MSFT,AAPL,MSFT,20160204_0_0,track_a,2016-02-05,2016-03-07
ADBE__ORCL,ADBE,ORCL,20160204_0_1,track_a,2016-02-05,2016-03-07
CSCO__TXN,CSCO,TXN,20160204_0_2,track_a,2016-02-05,2016-03-07
MPC__VLO,MPC,VLO,20160204_1_0,track_a,2016-02-05,2016-03-07
CL__KMB,CL,KMB,20160204_2_0,track_a,2016-02-05,2016-03-07
COST__IBM,COST,IBM,20160204_2_1,track_a,2016-02-05,2016-03-07
COST__PEP,COST,PEP,20160204_2_1,track_a,2016-02-05,2016-03-07
IBM__PEP,IBM,PEP,20160204_2_1,track_a,2016-02-05,2016-03-07
GIS__PG,GIS,PG,20160204_2_2,track_a,2016-02-05,2016-03-07
MDLZ__WMT,MDLZ,WMT,20160204_2_3,track_a,2016-02-05,2016-03-07
COP__EOG,COP,EOG,20160204_3_0,track_a,2016-02-05,2016-03-07
COP__HAL,COP,HAL,20160204_3_0,track_a,2016-02-05,2016-03-07
EOG__HAL,EOG,HAL,20160204_3_0,track_a,2016-02-05,2016-03-07
OXY__SLB,OXY,SLB,20160204_3_1,track_a,2016-02-05,2016-03-07
CVX__XOM,CVX,XOM,20160204_3_2,track_a,2016-02-05,2016-03-07
BLK__USB,BLK,USB,20160204_4_0,track_a,2016-02-05,2016-03-07
BLK__WFC,BLK,WFC,20160204_4_0,track_a,2016-02-05,2016-03-07
USB__WFC,USB,WFC,20160204_4_0,track_a,2016-02-05,2016-03-07
GS__JPM,GS,JPM,20160204_4_1,track_a,2016-02-05,2016-03-07
C__MS,C,MS,20160204_4_2,track_a,2016-02-05,2016-03-07
BAC__PNC,BAC,PNC,20160204_4_3,track_a,2016-02-05,2016-03-07
INTC__NVDA,INTC,NVDA,20160204_5_0,track_a,2016-02-05,2016-03-07
INTC__QCOM,INTC,QCOM,20160204_5_0,track_a,2016-02-05,2016-03-07
NVDA__QCOM,NVDA,QCOM,20160204_5_0,track_a,2016-02-05,2016-03-07
AXP__KO,AXP,KO,20160204_6_0,track_a,2016-02-05,2016-03-07
AXP__SYY,AXP,SYY,20160204_6_0,track_a,2016-02-05,2016-03-07
KO__SYY,KO,SYY,20160204_6_0,track_a,2016-02-05,2016-03-07
AXP__KO,AXP,KO,20160307_0_0,track_a,2016-03-08,2016-04-06
AXP__SYY,AXP,SYY,20160307_0_0,track_a,2016-03-08,2016-04-06
KO__SYY,KO,SYY,20160307_0_0,track_a,2016-03-08,2016-04-06
C__MS,C,MS,20160307_1_0,track_a,2016-03-08,2016-04-06
BLK__USB,BLK,USB,20160307_1_1,track_a,2016-03-08,2016-04-06
BLK__WFC,BLK,WFC,20160307_1_1,track_a,2016-03-08,2016-04-06
USB__WFC,USB,WFC,20160307_1_1,track_a,2016-03-08,2016-04-06
GS__PNC,GS,PNC,20160307_1_2,track_a,2016-03-08,2016-04-06
BAC__JPM,BAC,JPM,20160307_1_3,track_a,2016-03-08,2016-04-06
COP__CVX,COP,CVX,20160307_2_0,track_a,2016-03-08,2016-04-06
COP__EOG,COP,EOG,20160307_2_0,track_a,2016-03-08,2016-04-06
COP__HAL,COP,HAL,20160307_2_0,track_a,2016-03-08,2016-04-06
CVX__EOG,CVX,EOG,20160307_2_0,track_a,2016-03-08,2016-04-06
CVX__HAL,CVX,HAL,20160307_2_0,track_a,2016-03-08,2016-04-06
EOG__HAL,EOG,HAL,20160307_2_0,track_a,2016-03-08,2016-04-06
AAPL__INTC,AAPL,INTC,20160307_3_0,track_a,2016-03-08,2016-04-06
AAPL__MSFT,AAPL,MSFT,20160307_3_0,track_a,2016-03-08,2016-04-06
INTC__MSFT,INTC,MSFT,20160307_3_0,track_a,2016-03-08,2016-04-06
ADBE__ORCL,ADBE,ORCL,20160307_3_1,track_a,2016-03-08,2016-04-06
CSCO__TXN,CSCO,TXN,20160307_3_2,track_a,2016-03-08,2016-04-06
MPC__VLO,MPC,VLO,20160307_4_0,track_a,2016-03-08,2016-04-06
IBM__PEP,IBM,PEP,20160307_5_0,track_a,2016-03-08,2016-04-06
IBM__PG,IBM,PG,20160307_5_0,track_a,2016-03-08,2016-04-06
PEP__PG,PEP,PG,20160307_5_0,track_a,2016-03-08,2016-04-06
CL__KMB,CL,KMB,20160307_5_1,track_a,2016-03-08,2016-04-06
COST__GIS,COST,GIS,20160307_5_2,track_a,2016-03-08,2016-04-06
MDLZ__WMT,MDLZ,WMT,20160307_5_3,track_a,2016-03-08,2016-04-06
NVDA__QCOM,NVDA,QCOM,20160307_6_0,track_a,2016-03-08,2016-04-06
OXY__PSX,OXY,PSX,20160307_7_0,track_a,2016-03-08,2016-04-06
OXY__SLB,OXY,SLB,20160307_7_0,track_a,2016-03-08,2016-04-06
OXY__XOM,OXY,XOM,20160307_7_0,track_a,2016-03-08,2016-04-06
PSX__SLB,PSX,SLB,20160307_7_0,track_a,2016-03-08,2016-04-06
PSX__XOM,PSX,XOM,20160307_7_0,track_a,2016-03-08,2016-04-06
SLB__XOM,SLB,XOM,20160307_7_0,track_a,2016-03-08,2016-04-06
PEP__PG,PEP,PG,20160406_0_0,track_a,2016-04-07,2016-05-05
CL__KMB,CL,KMB,20160406_0_1,track_a,2016-04-07,2016-05-05
COST__GIS,COST,GIS,20160406_0_2,track_a,2016-04-07,2016-05-05
COST__MDLZ,COST,MDLZ,20160406_0_2,track_a,2016-04-07,2016-05-05
GIS__MDLZ,GIS,MDLZ,20160406_0_2,track_a,2016-04-07,2016-05-05
KO__WMT,KO,WMT,20160406_0_3,track_a,2016-04-07,2016-05-05
C__MS,C,MS,20160406_2_0,track_a,2016-04-07,2016-05-05
PNC__WFC,PNC,WFC,20160406_2_1,track_a,2016-04-07,2016-05-05
GS__USB,GS,USB,20160406_2_2,track_a,2016-04-07,2016-05-05
BAC__JPM,BAC,JPM,20160406_2_3,track_a,2016-04-07,2016-05-05
AAPL__INTC,AAPL,INTC,20160406_3_0,track_a,2016-04-07,2016-05-05
IBM__ORCL,IBM,ORCL,20160406_3_1,track_a,2016-04-07,2016-05-05
CSCO__MSFT,CSCO,MSFT,20160406_3_2,track_a,2016-04-07,2016-05-05
CSCO__TXN,CSCO,TXN,20160406_3_2,track_a,2016-04-07,2016-05-05
MSFT__TXN,MSFT,TXN,20160406_3_2,track_a,2016-04-07,2016-05-05
ADBE__BLK,ADBE,BLK,20160406_3_3,track_a,2016-04-07,2016-05-05
COP__EOG,COP,EOG,20160406_4_0,track_a,2016-04-07,2016-05-05
HAL__OXY,HAL,OXY,20160406_4_1,track_a,2016-04-07,2016-05-05
HAL__SLB,HAL,SLB,20160406_4_1,track_a,2016-04-07,2016-05-05
OXY__SLB,OXY,SLB,20160406_4_1,track_a,2016-04-07,2016-05-05
CVX__XOM,CVX,XOM,20160406_4_2,track_a,2016-04-07,2016-05-05
NVDA__QCOM,NVDA,QCOM,20160406_5_0,track_a,2016-04-07,2016-05-05
MPC__VLO,MPC,VLO,20160406_6_0,track_a,2016-04-07,2016-05-05
AXP__SYY,AXP,SYY,20160406_7_0,track_a,2016-04-07,2016-05-05
PEP__PG,PEP,PG,20160505_0_0,track_a,2016-05-06,2016-06-06
COST__GIS,COST,GIS,20160505_0_1,track_a,2016-05-06,2016-06-06
CL__KMB,CL,KMB,20160505_0_2,track_a,2016-05-06,2016-06-06
KO__WMT,KO,WMT,20160505_0_3,track_a,2016-05-06,2016-06-06
MDLZ__SYY,MDLZ,SYY,20160505_0_4,track_a,2016-05-06,2016-06-06
AAPL__INTC,AAPL,INTC,20160505_1_0,track_a,2016-05-06,2016-06-06
ADBE__ORCL,ADBE,ORCL,20160505_1_1,track_a,2016-05-06,2016-06-06
CSCO__IBM,CSCO,IBM,20160505_1_2,track_a,2016-05-06,2016-06-06
MSFT__TXN,MSFT,TXN,20160505_1_3,track_a,2016-05-06,2016-06-06
USB__WFC,USB,WFC,20160505_2_0,track_a,2016-05-06,2016-06-06
GS__PNC,GS,PNC,20160505_2_1,track_a,2016-05-06,2016-06-06
BLK__JPM,BLK,JPM,20160505_2_2,track_a,2016-05-06,2016-06-06
OXY__SLB,OXY,SLB,20160505_3_0,track_a,2016-05-06,2016-06-06
COP__EOG,COP,EOG,20160505_3_1,track_a,2016-05-06,2016-06-06
CVX__HAL,CVX,HAL,20160505_3_2,track_a,2016-05-06,2016-06-06
PSX__XOM,PSX,XOM,20160505_3_3,track_a,2016-05-06,2016-06-06
MPC__VLO,MPC,VLO,20160505_4_0,track_a,2016-05-06,2016-06-06
NVDA__QCOM,NVDA,QCOM,20160505_5_0,track_a,2016-05-06,2016-06-06
BAC__C,BAC,C,20160505_7_0,track_a,2016-05-06,2016-06-06
BAC__MS,BAC,MS,20160505_7_0,track_a,2016-05-06,2016-06-06
C__MS,C,MS,20160505_7_0,track_a,2016-05-06,2016-06-06
AAPL__INTC,AAPL,INTC,20160606_0_0,track_a,2016-06-07,2016-07-06
CSCO__MSFT,CSCO,MSFT,20160606_0_1,track_a,2016-06-07,2016-07-06
ADBE__ORCL,ADBE,ORCL,20160606_0_2,track_a,2016-06-07,2016-07-06
IBM__TXN,IBM,TXN,20160606_0_3,track_a,2016-06-07,2016-07-06
GIS__PEP,GIS,PEP,20160606_1_0,track_a,2016-06-07,2016-07-06
KO__PG,KO,PG,20160606_1_1,track_a,2016-06-07,2016-07-06
CL__KMB,CL,KMB,20160606_1_2,track_a,2016-06-07,2016-07-06
COST__WMT,COST,WMT,20160606_1_3,track_a,2016-06-07,2016-07-06
MDLZ__SYY,MDLZ,SYY,20160606_1_4,track_a,2016-06-07,2016-07-06
USB__WFC,USB,WFC,20160606_2_0,track_a,2016-06-07,2016-07-06
GS__JPM,GS,JPM,20160606_2_1,track_a,2016-06-07,2016-07-06
BLK__PNC,BLK,PNC,20160606_2_2,track_a,2016-06-07,2016-07-06
OXY__SLB,OXY,SLB,20160606_3_0,track_a,2016-06-07,2016-07-06
COP__EOG,COP,EOG,20160606_3_1,track_a,2016-06-07,2016-07-06
CVX__HAL,CVX,HAL,20160606_3_2,track_a,2016-06-07,2016-07-06
PSX__XOM,PSX,XOM,20160606_3_3,track_a,2016-06-07,2016-07-06
MPC__VLO,MPC,VLO,20160606_4_0,track_a,2016-06-07,2016-07-06
BAC__C,BAC,C,20160606_5_0,track_a,2016-06-07,2016-07-06
BAC__MS,BAC,MS,20160606_5_0,track_a,2016-06-07,2016-07-06
C__MS,C,MS,20160606_5_0,track_a,2016-06-07,2016-07-06
NVDA__QCOM,NVDA,QCOM,20160606_6_0,track_a,2016-06-07,2016-07-06
USB__WFC,USB,WFC,20160706_1_0,track_a,2016-07-07,2016-08-04
GS__JPM,GS,JPM,20160706_1_1,track_a,2016-07-07,2016-08-04
BLK__PNC,BLK,PNC,20160706_1_2,track_a,2016-07-07,2016-08-04
KO__PG,KO,PG,20160706_2_0,track_a,2016-07-07,2016-08-04
KO__SYY,KO,SYY,20160706_2_0,track_a,2016-07-07,2016-08-04
PG__SYY,PG,SYY,20160706_2_0,track_a,2016-07-07,2016-08-04
GIS__PEP,GIS,PEP,20160706_2_1,track_a,2016-07-07,2016-08-04
CL__KMB,CL,KMB,20160706_2_2,track_a,2016-07-07,2016-08-04
COST__WMT,COST,WMT,20160706_2_3,track_a,2016-07-07,2016-08-04
MPC__VLO,MPC,VLO,20160706_3_0,track_a,2016-07-07,2016-08-04
OXY__SLB,OXY,SLB,20160706_4_0,track_a,2016-07-07,2016-08-04
OXY__XOM,OXY,XOM,20160706_4_0,track_a,2016-07-07,2016-08-04
SLB__XOM,SLB,XOM,20160706_4_0,track_a,2016-07-07,2016-08-04
COP__EOG,COP,EOG,20160706_4_1,track_a,2016-07-07,2016-08-04
CVX__HAL,CVX,HAL,20160706_4_2,track_a,2016-07-07,2016-08-04
NVDA__QCOM,NVDA,QCOM,20160706_5_0,track_a,2016-07-07,2016-08-04
AAPL__INTC,AAPL,INTC,20160706_6_0,track_a,2016-07-07,2016-08-04
CSCO__TXN,CSCO,TXN,20160706_6_1,track_a,2016-07-07,2016-08-04
ADBE__ORCL,ADBE,ORCL,20160706_6_2,track_a,2016-07-07,2016-08-04
IBM__MSFT,IBM,MSFT,20160706_6_3,track_a,2016-07-07,2016-08-04
BAC__C,BAC,C,20160706_8_0,track_a,2016-07-07,2016-08-04
BAC__MS,BAC,MS,20160706_8_0,track_a,2016-07-07,2016-08-04
C__MS,C,MS,20160706_8_0,track_a,2016-07-07,2016-08-04
PEP__PG,PEP,PG,20160804_0_0,track_a,2016-08-05,2016-09-02
GIS__KMB,GIS,KMB,20160804_0_1,track_a,2016-08-05,2016-09-02
KO__WMT,KO,WMT,20160804_0_2,track_a,2016-08-05,2016-09-02
COST__SYY,COST,SYY,20160804_0_3,track_a,2016-08-05,2016-09-02
CL__MDLZ,CL,MDLZ,20160804_0_4,track_a,2016-08-05,2016-09-02
USB__WFC,USB,WFC,20160804_1_0,track_a,2016-08-05,2016-09-02
GS__JPM,GS,JPM,20160804_1_1,track_a,2016-08-05,2016-09-02
BLK__PNC,BLK,PNC,20160804_1_2,track_a,2016-08-05,2016-09-02
OXY__SLB,OXY,SLB,20160804_2_0,track_a,2016-08-05,2016-09-02
COP__EOG,COP,EOG,20160804_2_1,track_a,2016-08-05,2016-09-02
CVX__HAL,CVX,HAL,20160804_2_2,track_a,2016-08-05,2016-09-02
PSX__XOM,PSX,XOM,20160804_2_3,track_a,2016-08-05,2016-09-02
NVDA__QCOM,NVDA,QCOM,20160804_3_0,track_a,2016-08-05,2016-09-02
MPC__VLO,MPC,VLO,20160804_4_0,track_a,2016-08-05,2016-09-02
INTC__TXN,INTC,TXN,20160804_5_0,track_a,2016-08-05,2016-09-02
ADBE__MSFT,ADBE,MSFT,20160804_5_1,track_a,2016-08-05,2016-09-02
IBM__ORCL,IBM,ORCL,20160804_5_2,track_a,2016-08-05,2016-09-02
AAPL__CSCO,AAPL,CSCO,20160804_5_3,track_a,2016-08-05,2016-09-02
BAC__C,BAC,C,20160804_6_0,track_a,2016-08-05,2016-09-02
BAC__MS,BAC,MS,20160804_6_0,track_a,2016-08-05,2016-09-02
C__MS,C,MS,20160804_6_0,track_a,2016-08-05,2016-09-02
INTC__TXN,INTC,TXN,20160902_0_0,track_a,2016-09-06,2016-10-04
ADBE__MSFT,ADBE,MSFT,20160902_0_1,track_a,2016-09-06,2016-10-04
IBM__ORCL,IBM,ORCL,20160902_0_2,track_a,2016-09-06,2016-10-04
AAPL__CSCO,AAPL,CSCO,20160902_0_3,track_a,2016-09-06,2016-10-04
BAC__C,BAC,C,20160902_1_0,track_a,2016-09-06,2016-10-04
BAC__MS,BAC,MS,20160902_1_0,track_a,2016-09-06,2016-10-04
C__MS,C,MS,20160902_1_0,track_a,2016-09-06,2016-10-04
CVX__SLB,CVX,SLB,20160902_2_0,track_a,2016-09-06,2016-10-04
COP__EOG,COP,EOG,20160902_2_1,track_a,2016-09-06,2016-10-04
COP__HAL,COP,HAL,20160902_2_1,track_a,2016-09-06,2016-10-04
EOG__HAL,EOG,HAL,20160902_2_1,track_a,2016-09-06,2016-10-04
OXY__XOM,OXY,XOM,20160902_2_2,track_a,2016-09-06,2016-10-04
MPC__VLO,MPC,VLO,20160902_3_0,track_a,2016-09-06,2016-10-04
KO__PEP,KO,PEP,20160902_4_0,track_a,2016-09-06,2016-10-04
CL__GIS,CL,GIS,20160902_4_1,track_a,2016-09-06,2016-10-04
CL__KMB,CL,KMB,20160902_4_1,track_a,2016-09-06,2016-10-04
GIS__KMB,GIS,KMB,20160902_4_1,track_a,2016-09-06,2016-10-04
SYY__WMT,SYY,WMT,20160902_4_2,track_a,2016-09-06,2016-10-04
COST__PG,COST,PG,20160902_4_3,track_a,2016-09-06,2016-10-04
NVDA__QCOM,NVDA,QCOM,20160902_5_0,track_a,2016-09-06,2016-10-04
USB__WFC,USB,WFC,20160902_7_0,track_a,2016-09-06,2016-10-04
GS__JPM,GS,JPM,20160902_7_1,track_a,2016-09-06,2016-10-04
BLK__PNC,BLK,PNC,20160902_7_2,track_a,2016-09-06,2016-10-04
BAC__C,BAC,C,20161004_0_0,track_a,2016-10-05,2016-11-02
BAC__MS,BAC,MS,20161004_0_0,track_a,2016-10-05,2016-11-02
C__MS,C,MS,20161004_0_0,track_a,2016-10-05,2016-11-02
CVX__SLB,CVX,SLB,20161004_1_0,track_a,2016-10-05,2016-11-02
OXY__PSX,OXY,PSX,20161004_1_1,track_a,2016-10-05,2016-11-02
OXY__XOM,OXY,XOM,20161004_1_1,track_a,2016-10-05,2016-11-02
PSX__XOM,PSX,XOM,20161004_1_1,track_a,2016-10-05,2016-11-02
MPC__VLO,MPC,VLO,20161004_2_0,track_a,2016-10-05,2016-11-02
KO__PEP,KO,PEP,20161004_3_0,track_a,2016-10-05,2016-11-02
GIS__KMB,GIS,KMB,20161004_3_1,track_a,2016-10-05,2016-11-02
COST__SYY,COST,SYY,20161004_3_2,track_a,2016-10-05,2016-11-02
COST__WMT,COST,WMT,20161004_3_2,track_a,2016-10-05,2016-11-02
SYY__WMT,SYY,WMT,20161004_3_2,track_a,2016-10-05,2016-11-02
CL__PG,CL,PG,20161004_3_3,track_a,2016-10-05,2016-11-02
ADBE__MSFT,ADBE,MSFT,20161004_4_0,track_a,2016-10-05,2016-11-02
INTC__TXN,INTC,TXN,20161004_4_1,track_a,2016-10-05,2016-11-02
IBM__ORCL,IBM,ORCL,20161004_4_2,track_a,2016-10-05,2016-11-02
AAPL__CSCO,AAPL,CSCO,20161004_4_3,track_a,2016-10-05,2016-11-02
COP__EOG,COP,EOG,20161004_5_0,track_a,2016-10-05,2016-11-02
COP__HAL,COP,HAL,20161004_5_0,track_a,2016-10-05,2016-11-02
EOG__HAL,EOG,HAL,20161004_5_0,track_a,2016-10-05,2016-11-02
USB__WFC,USB,WFC,20161004_7_0,track_a,2016-10-05,2016-11-02
GS__JPM,GS,JPM,20161004_7_1,track_a,2016-10-05,2016-11-02
BLK__PNC,BLK,PNC,20161004_7_2,track_a,2016-10-05,2016-11-02
NVDA__QCOM,NVDA,QCOM,20161004_8_0,track_a,2016-10-05,2016-11-02
NVDA__QCOM,NVDA,QCOM,20161102_0_0,track_a,2016-11-03,2016-12-02
AXP__PNC,AXP,PNC,20161102_1_0,track_a,2016-11-03,2016-12-02
AXP__USB,AXP,USB,20161102_1_0,track_a,2016-11-03,2016-12-02
AXP__WFC,AXP,WFC,20161102_1_0,track_a,2016-11-03,2016-12-02
PNC__USB,PNC,USB,20161102_1_0,track_a,2016-11-03,2016-12-02
PNC__WFC,PNC,WFC,20161102_1_0,track_a,2016-11-03,2016-12-02
USB__WFC,USB,WFC,20161102_1_0,track_a,2016-11-03,2016-12-02
KO__PEP,KO,PEP,20161102_2_0,track_a,2016-11-03,2016-12-02
CL__KMB,CL,KMB,20161102_2_1,track_a,2016-11-03,2016-12-02
COST__SYY,COST,SYY,20161102_2_2,track_a,2016-11-03,2016-12-02
COST__WMT,COST,WMT,20161102_2_2,track_a,2016-11-03,2016-12-02
SYY__WMT,SYY,WMT,20161102_2_2,track_a,2016-11-03,2016-12-02
GIS__PG,GIS,PG,20161102_2_3,track_a,2016-11-03,2016-12-02
CVX__SLB,CVX,SLB,20161102_3_0,track_a,2016-11-03,2016-12-02
OXY__XOM,OXY,XOM,20161102_3_1,track_a,2016-11-03,2016-12-02
COP__EOG,COP,EOG,20161102_3_2,track_a,2016-11-03,2016-12-02
COP__HAL,COP,HAL,20161102_3_2,track_a,2016-11-03,2016-12-02
EOG__HAL,EOG,HAL,20161102_3_2,track_a,2016-11-03,2016-12-02
MPC__VLO,MPC,VLO,20161102_4_0,track_a,2016-11-03,2016-12-02
ADBE__MSFT,ADBE,MSFT,20161102_5_0,track_a,2016-11-03,2016-12-02
INTC__TXN,INTC,TXN,20161102_5_1,track_a,2016-11-03,2016-12-02
IBM__ORCL,IBM,ORCL,20161102_5_2,track_a,2016-11-03,2016-12-02
IBM__PSX,IBM,PSX,20161102_5_2,track_a,2016-11-03,2016-12-02
ORCL__PSX,ORCL,PSX,20161102_5_2,track_a,2016-11-03,2016-12-02
AAPL__CSCO,AAPL,CSCO,20161102_5_3,track_a,2016-11-03,2016-12-02
GS__JPM,GS,JPM,20161102_7_0,track_a,2016-11-03,2016-12-02
C__MS,C,MS,20161102_7_1,track_a,2016-11-03,2016-12-02
BAC__BLK,BAC,BLK,20161102_7_2,track_a,2016-11-03,2016-12-02
ADBE__MSFT,ADBE,MSFT,20161202_1_0,track_a,2016-12-05,2017-01-04
INTC__TXN,INTC,TXN,20161202_1_1,track_a,2016-12-05,2017-01-04
CSCO__ORCL,CSCO,ORCL,20161202_1_2,track_a,2016-12-05,2017-01-04
AAPL__IBM,AAPL,IBM,20161202_1_3,track_a,2016-12-05,2017-01-04
AXP__QCOM,AXP,QCOM,20161202_1_4,track_a,2016-12-05,2017-01-04
GS__JPM,GS,JPM,20161202_2_0,track_a,2016-12-05,2017-01-04
BAC__C,BAC,C,20161202_2_1,track_a,2016-12-05,2017-01-04
BAC__MS,BAC,MS,20161202_2_1,track_a,2016-12-05,2017-01-04
C__MS,C,MS,20161202_2_1,track_a,2016-12-05,2017-01-04
PNC__WFC,PNC,WFC,20161202_2_2,track_a,2016-12-05,2017-01-04
BLK__USB,BLK,USB,20161202_2_3,track_a,2016-12-05,2017-01-04
CVX__PSX,CVX,PSX,20161202_3_0,track_a,2016-12-05,2017-01-04
CVX__SLB,CVX,SLB,20161202_3_0,track_a,2016-12-05,2017-01-04
PSX__SLB,PSX,SLB,20161202_3_0,track_a,2016-12-05,2017-01-04
OXY__XOM,OXY,XOM,20161202_3_1,track_a,2016-12-05,2017-01-04
KO__PEP,KO,PEP,20161202_4_0,track_a,2016-12-05,2017-01-04
PG__SYY,PG,SYY,20161202_4_1,track_a,2016-12-05,2017-01-04
CL__GIS,CL,GIS,20161202_4_2,track_a,2016-12-05,2017-01-04
CL__KMB,CL,KMB,20161202_4_2,track_a,2016-12-05,2017-01-04
GIS__KMB,GIS,KMB,20161202_4_2,track_a,2016-12-05,2017-01-04
COST__WMT,COST,WMT,20161202_4_3,track_a,2016-12-05,2017-01-04
COP__EOG,COP,EOG,20161202_5_0,track_a,2016-12-05,2017-01-04
COP__HAL,COP,HAL,20161202_5_0,track_a,2016-12-05,2017-01-04
EOG__HAL,EOG,HAL,20161202_5_0,track_a,2016-12-05,2017-01-04
MPC__VLO,MPC,VLO,20161202_7_0,track_a,2016-12-05,2017-01-04
ADBE__INTC,ADBE,INTC,20170104_1_0,track_a,2017-01-05,2017-02-03
CSCO__TXN,CSCO,TXN,20170104_1_1,track_a,2017-01-05,2017-02-03
IBM__ORCL,IBM,ORCL,20170104_1_2,track_a,2017-01-05,2017-02-03
AAPL__MSFT,AAPL,MSFT,20170104_1_3,track_a,2017-01-05,2017-02-03
AXP__QCOM,AXP,QCOM,20170104_1_4,track_a,2017-01-05,2017-02-03
GS__JPM,GS,JPM,20170104_2_0,track_a,2017-01-05,2017-02-03
BAC__C,BAC,C,20170104_2_1,track_a,2017-01-05,2017-02-03
BAC__MS,BAC,MS,20170104_2_1,track_a,2017-01-05,2017-02-03
C__MS,C,MS,20170104_2_1,track_a,2017-01-05,2017-02-03
PNC__WFC,PNC,WFC,20170104_2_2,track_a,2017-01-05,2017-02-03
BLK__USB,BLK,USB,20170104_2_3,track_a,2017-01-05,2017-02-03
MPC__VLO,MPC,VLO,20170104_3_0,track_a,2017-01-05,2017-02-03
KO__PEP,KO,PEP,20170104_4_0,track_a,2017-01-05,2017-02-03
KMB__PG,KMB,PG,20170104_4_1,track_a,2017-01-05,2017-02-03
CL__GIS,CL,GIS,20170104_4_2,track_a,2017-01-05,2017-02-03
CL__SYY,CL,SYY,20170104_4_2,track_a,2017-01-05,2017-02-03
GIS__SYY,GIS,SYY,20170104_4_2,track_a,2017-01-05,2017-02-03
COST__WMT,COST,WMT,20170104_4_3,track_a,2017-01-05,2017-02-03
COP__EOG,COP,EOG,20170104_5_0,track_a,2017-01-05,2017-02-03
COP__HAL,COP,HAL,20170104_5_0,track_a,2017-01-05,2017-02-03
EOG__HAL,EOG,HAL,20170104_5_0,track_a,2017-01-05,2017-02-03
CVX__PSX,CVX,PSX,20170104_7_0,track_a,2017-01-05,2017-02-03
CVX__SLB,CVX,SLB,20170104_7_0,track_a,2017-01-05,2017-02-03
PSX__SLB,PSX,SLB,20170104_7_0,track_a,2017-01-05,2017-02-03
OXY__XOM,OXY,XOM,20170104_7_1,track_a,2017-01-05,2017-02-03
KMB__PG,KMB,PG,20170203_0_0,track_a,2017-02-06,2017-03-07
CL__SYY,CL,SYY,20170203_0_1,track_a,2017-02-06,2017-03-07
KO__PEP,KO,PEP,20170203_0_2,track_a,2017-02-06,2017-03-07
COST__WMT,COST,WMT,20170203_0_3,track_a,2017-02-06,2017-03-07
GIS__MDLZ,GIS,MDLZ,20170203_0_4,track_a,2017-02-06,2017-03-07
BAC__C,BAC,C,20170203_1_0,track_a,2017-02-06,2017-03-07
BAC__MS,BAC,MS,20170203_1_0,track_a,2017-02-06,2017-03-07
C__MS,C,MS,20170203_1_0,track_a,2017-02-06,2017-03-07
INTC__QCOM,INTC,QCOM,20170203_2_0,track_a,2017-02-06,2017-03-07
INTC__TXN,INTC,TXN,20170203_2_0,track_a,2017-02-06,2017-03-07
QCOM__TXN,QCOM,TXN,20170203_2_0,track_a,2017-02-06,2017-03-07
IBM__ORCL,IBM,ORCL,20170203_2_1,track_a,2017-02-06,2017-03-07
ADBE__MSFT,ADBE,MSFT,20170203_2_2,track_a,2017-02-06,2017-03-07
AAPL__CSCO,AAPL,CSCO,20170203_2_3,track_a,2017-02-06,2017-03-07
OXY__SLB,OXY,SLB,20170203_3_0,track_a,2017-02-06,2017-03-07
CVX__PSX,CVX,PSX,20170203_3_1,track_a,2017-02-06,2017-03-07
CVX__XOM,CVX,XOM,20170203_3_1,track_a,2017-02-06,2017-03-07
PSX__XOM,PSX,XOM,20170203_3_1,track_a,2017-02-06,2017-03-07
MPC__VLO,MPC,VLO,20170203_4_0,track_a,2017-02-06,2017-03-07
GS__JPM,GS,JPM,20170203_5_0,track_a,2017-02-06,2017-03-07
BLK__PNC,BLK,PNC,20170203_5_1,track_a,2017-02-06,2017-03-07
BLK__USB,BLK,USB,20170203_5_1,track_a,2017-02-06,2017-03-07
PNC__USB,PNC,USB,20170203_5_1,track_a,2017-02-06,2017-03-07
AXP__WFC,AXP,WFC,20170203_5_2,track_a,2017-02-06,2017-03-07
COP__EOG,COP,EOG,20170203_6_0,track_a,2017-02-06,2017-03-07
COP__HAL,COP,HAL,20170203_6_0,track_a,2017-02-06,2017-03-07
EOG__HAL,EOG,HAL,20170203_6_0,track_a,2017-02-06,2017-03-07
KMB__PEP,KMB,PEP,20170307_0_0,track_a,2017-03-08,2017-04-05
KO__PG,KO,PG,20170307_0_1,track_a,2017-03-08,2017-04-05
CL__GIS,CL,GIS,20170307_0_2,track_a,2017-03-08,2017-04-05
CL__SYY,CL,SYY,20170307_0_2,track_a,2017-03-08,2017-04-05
GIS__SYY,GIS,SYY,20170307_0_2,track_a,2017-03-08,2017-04-05
COST__WMT,COST,WMT,20170307_0_3,track_a,2017-03-08,2017-04-05
BAC__C,BAC,C,20170307_1_0,track_a,2017-03-08,2017-04-05
BAC__GS,BAC,GS,20170307_1_0,track_a,2017-03-08,2017-04-05
BAC__MS,BAC,MS,20170307_1_0,track_a,2017-03-08,2017-04-05
C__GS,C,GS,20170307_1_0,track_a,2017-03-08,2017-04-05
C__MS,C,MS,20170307_1_0,track_a,2017-03-08,2017-04-05
GS__MS,GS,MS,20170307_1_0,track_a,2017-03-08,2017-04-05
COP__EOG,COP,EOG,20170307_2_0,track_a,2017-03-08,2017-04-05
COP__HAL,COP,HAL,20170307_2_0,track_a,2017-03-08,2017-04-05
EOG__HAL,EOG,HAL,20170307_2_0,track_a,2017-03-08,2017-04-05
IBM__ORCL,IBM,ORCL,20170307_3_0,track_a,2017-03-08,2017-04-05
INTC__MSFT,INTC,MSFT,20170307_3_1,track_a,2017-03-08,2017-04-05
ADBE__QCOM,ADBE,QCOM,20170307_3_2,track_a,2017-03-08,2017-04-05
ADBE__TXN,ADBE,TXN,20170307_3_2,track_a,2017-03-08,2017-04-05
QCOM__TXN,QCOM,TXN,20170307_3_2,track_a,2017-03-08,2017-04-05
AAPL__CSCO,AAPL,CSCO,20170307_3_3,track_a,2017-03-08,2017-04-05
MPC__VLO,MPC,VLO,20170307_4_0,track_a,2017-03-08,2017-04-05
OXY__SLB,OXY,SLB,20170307_6_0,track_a,2017-03-08,2017-04-05
CVX__PSX,CVX,PSX,20170307_6_1,track_a,2017-03-08,2017-04-05
CVX__XOM,CVX,XOM,20170307_6_1,track_a,2017-03-08,2017-04-05
PSX__XOM,PSX,XOM,20170307_6_1,track_a,2017-03-08,2017-04-05
JPM__PNC,JPM,PNC,20170307_7_0,track_a,2017-03-08,2017-04-05
AXP__USB,AXP,USB,20170307_7_1,track_a,2017-03-08,2017-04-05
BLK__WFC,BLK,WFC,20170307_7_2,track_a,2017-03-08,2017-04-05
INTC__MSFT,INTC,MSFT,20170405_1_0,track_a,2017-04-06,2017-05-05
IBM__ORCL,IBM,ORCL,20170405_1_1,track_a,2017-04-06,2017-05-05
ADBE__QCOM,ADBE,QCOM,20170405_1_2,track_a,2017-04-06,2017-05-05
ADBE__TXN,ADBE,TXN,20170405_1_2,track_a,2017-04-06,2017-05-05
QCOM__TXN,QCOM,TXN,20170405_1_2,track_a,2017-04-06,2017-05-05
AAPL__CSCO,AAPL,CSCO,20170405_1_3,track_a,2017-04-06,2017-05-05
JPM__PNC,JPM,PNC,20170405_2_0,track_a,2017-04-06,2017-05-05
BAC__C,BAC,C,20170405_2_1,track_a,2017-04-06,2017-05-05
AXP__USB,AXP,USB,20170405_2_2,track_a,2017-04-06,2017-05-05
GS__WFC,GS,WFC,20170405_2_3,track_a,2017-04-06,2017-05-05
BLK__MS,BLK,MS,20170405_2_4,track_a,2017-04-06,2017-05-05
CVX__OXY,CVX,OXY,20170405_3_0,track_a,2017-04-06,2017-05-05
CVX__SLB,CVX,SLB,20170405_3_0,track_a,2017-04-06,2017-05-05
CVX__XOM,CVX,XOM,20170405_3_0,track_a,2017-04-06,2017-05-05
OXY__SLB,OXY,SLB,20170405_3_0,track_a,2017-04-06,2017-05-05
OXY__XOM,OXY,XOM,20170405_3_0,track_a,2017-04-06,2017-05-05
SLB__XOM,SLB,XOM,20170405_3_0,track_a,2017-04-06,2017-05-05
MPC__PSX,MPC,PSX,20170405_4_0,track_a,2017-04-06,2017-05-05
MPC__VLO,MPC,VLO,20170405_4_0,track_a,2017-04-06,2017-05-05
PSX__VLO,PSX,VLO,20170405_4_0,track_a,2017-04-06,2017-05-05
KMB__PEP,KMB,PEP,20170405_5_0,track_a,2017-04-06,2017-05-05
KO__PG,KO,PG,20170405_5_1,track_a,2017-04-06,2017-05-05
CL__GIS,CL,GIS,20170405_5_2,track_a,2017-04-06,2017-05-05
CL__SYY,CL,SYY,20170405_5_2,track_a,2017-04-06,2017-05-05
GIS__SYY,GIS,SYY,20170405_5_2,track_a,2017-04-06,2017-05-05
COST__WMT,COST,WMT,20170405_5_3,track_a,2017-04-06,2017-05-05
COP__EOG,COP,EOG,20170405_6_0,track_a,2017-04-06,2017-05-05
COP__HAL,COP,HAL,20170405_6_0,track_a,2017-04-06,2017-05-05
EOG__HAL,EOG,HAL,20170405_6_0,track_a,2017-04-06,2017-05-05
KMB__PEP,KMB,PEP,20170505_0_0,track_a,2017-05-08,2017-06-06
KO__PG,KO,PG,20170505_0_1,track_a,2017-05-08,2017-06-06
CL__GIS,CL,GIS,20170505_0_2,track_a,2017-05-08,2017-06-06
CL__SYY,CL,SYY,20170505_0_2,track_a,2017-05-08,2017-06-06
GIS__SYY,GIS,SYY,20170505_0_2,track_a,2017-05-08,2017-06-06
COST__WMT,COST,WMT,20170505_0_3,track_a,2017-05-08,2017-06-06
BAC__C,BAC,C,20170505_1_0,track_a,2017-05-08,2017-06-06
BAC__MS,BAC,MS,20170505_1_0,track_a,2017-05-08,2017-06-06
C__MS,C,MS,20170505_1_0,track_a,2017-05-08,2017-06-06
COP__EOG,COP,EOG,20170505_2_0,track_a,2017-05-08,2017-06-06
COP__HAL,COP,HAL,20170505_2_0,track_a,2017-05-08,2017-06-06
EOG__HAL,EOG,HAL,20170505_2_0,track_a,2017-05-08,2017-06-06
ADBE__INTC,ADBE,INTC,20170505_3_0,track_a,2017-05-08,2017-06-06
CSCO__IBM,CSCO,IBM,20170505_3_1,track_a,2017-05-08,2017-06-06
MSFT__QCOM,MSFT,QCOM,20170505_3_2,track_a,2017-05-08,2017-06-06
MSFT__TXN,MSFT,TXN,20170505_3_2,track_a,2017-05-08,2017-06-06
QCOM__TXN,QCOM,TXN,20170505_3_2,track_a,2017-05-08,2017-06-06
AAPL__ORCL,AAPL,ORCL,20170505_3_3,track_a,2017-05-08,2017-06-06
MPC__VLO,MPC,VLO,20170505_4_0,track_a,2017-05-08,2017-06-06
BLK__JPM,BLK,JPM,20170505_6_0,track_a,2017-05-08,2017-06-06
BLK__PNC,BLK,PNC,20170505_6_0,track_a,2017-05-08,2017-06-06
JPM__PNC,JPM,PNC,20170505_6_0,track_a,2017-05-08,2017-06-06
AXP__USB,AXP,USB,20170505_6_1,track_a,2017-05-08,2017-06-06
GS__WFC,GS,WFC,20170505_6_2,track_a,2017-05-08,2017-06-06
CVX__PSX,CVX,PSX,20170505_7_0,track_a,2017-05-08,2017-06-06
CVX__XOM,CVX,XOM,20170505_7_0,track_a,2017-05-08,2017-06-06
PSX__XOM,PSX,XOM,20170505_7_0,track_a,2017-05-08,2017-06-06
OXY__SLB,OXY,SLB,20170505_7_1,track_a,2017-05-08,2017-06-06
KO__PG,KO,PG,20170606_0_0,track_a,2017-06-07,2017-07-06
KMB__PEP,KMB,PEP,20170606_0_1,track_a,2017-06-07,2017-07-06
COST__WMT,COST,WMT,20170606_0_2,track_a,2017-06-07,2017-07-06
CVX__PSX,CVX,PSX,20170606_1_0,track_a,2017-06-07,2017-07-06
CVX__XOM,CVX,XOM,20170606_1_0,track_a,2017-06-07,2017-07-06
PSX__XOM,PSX,XOM,20170606_1_0,track_a,2017-06-07,2017-07-06
OXY__SLB,OXY,SLB,20170606_1_1,track_a,2017-06-07,2017-07-06
JPM__PNC,JPM,PNC,20170606_2_0,track_a,2017-06-07,2017-07-06
C__GS,C,GS,20170606_2_1,track_a,2017-06-07,2017-07-06
AXP__USB,AXP,USB,20170606_2_2,track_a,2017-06-07,2017-07-06
BAC__MS,BAC,MS,20170606_2_3,track_a,2017-06-07,2017-07-06
BLK__WFC,BLK,WFC,20170606_2_4,track_a,2017-06-07,2017-07-06
MPC__VLO,MPC,VLO,20170606_4_0,track_a,2017-06-07,2017-07-06
CSCO__IBM,CSCO,IBM,20170606_5_0,track_a,2017-06-07,2017-07-06
ADBE__INTC,ADBE,INTC,20170606_5_1,track_a,2017-06-07,2017-07-06
MSFT__QCOM,MSFT,QCOM,20170606_5_2,track_a,2017-06-07,2017-07-06
MSFT__TXN,MSFT,TXN,20170606_5_2,track_a,2017-06-07,2017-07-06
QCOM__TXN,QCOM,TXN,20170606_5_2,track_a,2017-06-07,2017-07-06
AAPL__ORCL,AAPL,ORCL,20170606_5_3,track_a,2017-06-07,2017-07-06
COP__EOG,COP,EOG,20170606_6_0,track_a,2017-06-07,2017-07-06
COP__HAL,COP,HAL,20170606_6_0,track_a,2017-06-07,2017-07-06
EOG__HAL,EOG,HAL,20170606_6_0,track_a,2017-06-07,2017-07-06
CL__GIS,CL,GIS,20170606_7_0,track_a,2017-06-07,2017-07-06
CL__MDLZ,CL,MDLZ,20170606_7_0,track_a,2017-06-07,2017-07-06
CL__SYY,CL,SYY,20170606_7_0,track_a,2017-06-07,2017-07-06
GIS__MDLZ,GIS,MDLZ,20170606_7_0,track_a,2017-06-07,2017-07-06
GIS__SYY,GIS,SYY,20170606_7_0,track_a,2017-06-07,2017-07-06
MDLZ__SYY,MDLZ,SYY,20170606_7_0,track_a,2017-06-07,2017-07-06
KO__PG,KO,PG,20170706_0_0,track_a,2017-07-07,2017-08-04
KMB__PEP,KMB,PEP,20170706_0_1,track_a,2017-07-07,2017-08-04
GIS__SYY,GIS,SYY,20170706_0_2,track_a,2017-07-07,2017-08-04
COST__WMT,COST,WMT,20170706_0_3,track_a,2017-07-07,2017-08-04
CL__MDLZ,CL,MDLZ,20170706_0_4,track_a,2017-07-07,2017-08-04
AXP__BLK,AXP,BLK,20170706_1_0,track_a,2017-07-07,2017-08-04
AXP__USB,AXP,USB,20170706_1_0,track_a,2017-07-07,2017-08-04
BLK__USB,BLK,USB,20170706_1_0,track_a,2017-07-07,2017-08-04
MPC__VLO,MPC,VLO,20170706_2_0,track_a,2017-07-07,2017-08-04
COP__EOG,COP,EOG,20170706_3_0,track_a,2017-07-07,2017-08-04
COP__HAL,COP,HAL,20170706_3_0,track_a,2017-07-07,2017-08-04
EOG__HAL,EOG,HAL,20170706_3_0,track_a,2017-07-07,2017-08-04
ADBE__MSFT,ADBE,MSFT,20170706_4_0,track_a,2017-07-07,2017-08-04
CSCO__IBM,CSCO,IBM,20170706_4_1,track_a,2017-07-07,2017-08-04
INTC__ORCL,INTC,ORCL,20170706_4_2,track_a,2017-07-07,2017-08-04
AAPL__QCOM,AAPL,QCOM,20170706_4_3,track_a,2017-07-07,2017-08-04
AAPL__TXN,AAPL,TXN,20170706_4_3,track_a,2017-07-07,2017-08-04
QCOM__TXN,QCOM,TXN,20170706_4_3,track_a,2017-07-07,2017-08-04
CVX__PSX,CVX,PSX,20170706_6_0,track_a,2017-07-07,2017-08-04
CVX__XOM,CVX,XOM,20170706_6_0,track_a,2017-07-07,2017-08-04
PSX__XOM,PSX,XOM,20170706_6_0,track_a,2017-07-07,2017-08-04
OXY__SLB,OXY,SLB,20170706_6_1,track_a,2017-07-07,2017-08-04
JPM__PNC,JPM,PNC,20170706_7_0,track_a,2017-07-07,2017-08-04
BAC__GS,BAC,GS,20170706_7_1,track_a,2017-07-07,2017-08-04
BAC__MS,BAC,MS,20170706_7_1,track_a,2017-07-07,2017-08-04
GS__MS,GS,MS,20170706_7_1,track_a,2017-07-07,2017-08-04
C__WFC,C,WFC,20170706_7_2,track_a,2017-07-07,2017-08-04
KO__PG,KO,PG,20170804_0_0,track_a,2017-08-07,2017-09-05
KMB__PEP,KMB,PEP,20170804_0_1,track_a,2017-08-07,2017-09-05
GIS__MDLZ,GIS,MDLZ,20170804_0_2,track_a,2017-08-07,2017-09-05
COST__WMT,COST,WMT,20170804_0_3,track_a,2017-08-07,2017-09-05
CL__SYY,CL,SYY,20170804_0_4,track_a,2017-08-07,2017-09-05
AXP__BLK,AXP,BLK,20170804_1_0,track_a,2017-08-07,2017-09-05
AXP__USB,AXP,USB,20170804_1_0,track_a,2017-08-07,2017-09-05
BLK__USB,BLK,USB,20170804_1_0,track_a,2017-08-07,2017-09-05
MPC__VLO,MPC,VLO,20170804_2_0,track_a,2017-08-07,2017-09-05
CSCO__IBM,CSCO,IBM,20170804_4_0,track_a,2017-08-07,2017-09-05
ADBE__MSFT,ADBE,MSFT,20170804_4_1,track_a,2017-08-07,2017-09-05
INTC__ORCL,INTC,ORCL,20170804_4_2,track_a,2017-08-07,2017-09-05
AAPL__QCOM,AAPL,QCOM,20170804_4_3,track_a,2017-08-07,2017-09-05
AAPL__TXN,AAPL,TXN,20170804_4_3,track_a,2017-08-07,2017-09-05
QCOM__TXN,QCOM,TXN,20170804_4_3,track_a,2017-08-07,2017-09-05
COP__EOG,COP,EOG,20170804_5_0,track_a,2017-08-07,2017-09-05
COP__HAL,COP,HAL,20170804_5_0,track_a,2017-08-07,2017-09-05
EOG__HAL,EOG,HAL,20170804_5_0,track_a,2017-08-07,2017-09-05
CVX__PSX,CVX,PSX,20170804_6_0,track_a,2017-08-07,2017-09-05
CVX__XOM,CVX,XOM,20170804_6_0,track_a,2017-08-07,2017-09-05
PSX__XOM,PSX,XOM,20170804_6_0,track_a,2017-08-07,2017-09-05
OXY__SLB,OXY,SLB,20170804_6_1,track_a,2017-08-07,2017-09-05
BAC__GS,BAC,GS,20170804_7_0,track_a,2017-08-07,2017-09-05
BAC__MS,BAC,MS,20170804_7_0,track_a,2017-08-07,2017-09-05
GS__MS,GS,MS,20170804_7_0,track_a,2017-08-07,2017-09-05
JPM__PNC,JPM,PNC,20170804_7_1,track_a,2017-08-07,2017-09-05
C__WFC,C,WFC,20170804_7_2,track_a,2017-08-07,2017-09-05
AXP__BLK,AXP,BLK,20170905_0_0,track_a,2017-09-06,2017-10-04
AXP__IBM,AXP,IBM,20170905_0_0,track_a,2017-09-06,2017-10-04
AXP__USB,AXP,USB,20170905_0_0,track_a,2017-09-06,2017-10-04
BLK__IBM,BLK,IBM,20170905_0_0,track_a,2017-09-06,2017-10-04
BLK__USB,BLK,USB,20170905_0_0,track_a,2017-09-06,2017-10-04
IBM__USB,IBM,USB,20170905_0_0,track_a,2017-09-06,2017-10-04
COP__EOG,COP,EOG,20170905_1_0,track_a,2017-09-06,2017-10-04
COP__HAL,COP,HAL,20170905_1_0,track_a,2017-09-06,2017-10-04
EOG__HAL,EOG,HAL,20170905_1_0,track_a,2017-09-06,2017-10-04
ADBE__MSFT,ADBE,MSFT,20170905_2_0,track_a,2017-09-06,2017-10-04
CSCO__INTC,CSCO,INTC,20170905_2_1,track_a,2017-09-06,2017-10-04
AAPL__ORCL,AAPL,ORCL,20170905_2_2,track_a,2017-09-06,2017-10-04
QCOM__TXN,QCOM,TXN,20170905_2_3,track_a,2017-09-06,2017-10-04
GIS__MDLZ,GIS,MDLZ,20170905_3_0,track_a,2017-09-06,2017-10-04
GIS__SYY,GIS,SYY,20170905_3_0,track_a,2017-09-06,2017-10-04
MDLZ__SYY,MDLZ,SYY,20170905_3_0,track_a,2017-09-06,2017-10-04
COST__WMT,COST,WMT,20170905_3_1,track_a,2017-09-06,2017-10-04
MPC__VLO,MPC,VLO,20170905_4_0,track_a,2017-09-06,2017-10-04
CVX__PSX,CVX,PSX,20170905_6_0,track_a,2017-09-06,2017-10-04
CVX__XOM,CVX,XOM,20170905_6_0,track_a,2017-09-06,2017-10-04
PSX__XOM,PSX,XOM,20170905_6_0,track_a,2017-09-06,2017-10-04
OXY__SLB,OXY,SLB,20170905_6_1,track_a,2017-09-06,2017-10-04
JPM__WFC,JPM,WFC,20170905_7_0,track_a,2017-09-06,2017-10-04
BAC__GS,BAC,GS,20170905_7_1,track_a,2017-09-06,2017-10-04
BAC__MS,BAC,MS,20170905_7_1,track_a,2017-09-06,2017-10-04
GS__MS,GS,MS,20170905_7_1,track_a,2017-09-06,2017-10-04
C__PNC,C,PNC,20170905_7_2,track_a,2017-09-06,2017-10-04
KO__PG,KO,PG,20170905_8_0,track_a,2017-09-06,2017-10-04
CL__KMB,CL,KMB,20170905_8_1,track_a,2017-09-06,2017-10-04
CL__PEP,CL,PEP,20170905_8_1,track_a,2017-09-06,2017-10-04
KMB__PEP,KMB,PEP,20170905_8_1,track_a,2017-09-06,2017-10-04
ADBE__MSFT,ADBE,MSFT,20171004_0_0,track_a,2017-10-05,2017-11-02
QCOM__TXN,QCOM,TXN,20171004_0_1,track_a,2017-10-05,2017-11-02
CSCO__INTC,CSCO,INTC,20171004_0_2,track_a,2017-10-05,2017-11-02
AAPL__ORCL,AAPL,ORCL,20171004_0_3,track_a,2017-10-05,2017-11-02
CVX__XOM,CVX,XOM,20171004_1_0,track_a,2017-10-05,2017-11-02
AXP__BLK,AXP,BLK,20171004_1_1,track_a,2017-10-05,2017-11-02
AXP__IBM,AXP,IBM,20171004_1_1,track_a,2017-10-05,2017-11-02
BLK__IBM,BLK,IBM,20171004_1_1,track_a,2017-10-05,2017-11-02
KO__PG,KO,PG,20171004_2_0,track_a,2017-10-05,2017-11-02
CL__KMB,CL,KMB,20171004_2_1,track_a,2017-10-05,2017-11-02
CL__PEP,CL,PEP,20171004_2_1,track_a,2017-10-05,2017-11-02
KMB__PEP,KMB,PEP,20171004_2_1,track_a,2017-10-05,2017-11-02
GIS__MDLZ,GIS,MDLZ,20171004_2_2,track_a,2017-10-05,2017-11-02
COP__EOG,COP,EOG,20171004_4_0,track_a,2017-10-05,2017-11-02
COP__HAL,COP,HAL,20171004_4_0,track_a,2017-10-05,2017-11-02
EOG__HAL,EOG,HAL,20171004_4_0,track_a,2017-10-05,2017-11-02
OXY__SLB,OXY,SLB,20171004_4_1,track_a,2017-10-05,2017-11-02
MPC__PSX,MPC,PSX,20171004_5_0,track_a,2017-10-05,2017-11-02
MPC__VLO,MPC,VLO,20171004_5_0,track_a,2017-10-05,2017-11-02
PSX__VLO,PSX,VLO,20171004_5_0,track_a,2017-10-05,2017-11-02
C__JPM,C,JPM,20171004_6_0,track_a,2017-10-05,2017-11-02
GS__MS,GS,MS,20171004_6_1,track_a,2017-10-05,2017-11-02
PNC__WFC,PNC,WFC,20171004_6_2,track_a,2017-10-05,2017-11-02
BAC__USB,BAC,USB,20171004_6_3,track_a,2017-10-05,2017-11-02
COST__SYY,COST,SYY,20171004_7_0,track_a,2017-10-05,2017-11-02
COST__WMT,COST,WMT,20171004_7_0,track_a,2017-10-05,2017-11-02
SYY__WMT,SYY,WMT,20171004_7_0,track_a,2017-10-05,2017-11-02
AXP__BLK,AXP,BLK,20171102_0_0,track_a,2017-11-03,2017-12-04
AXP__IBM,AXP,IBM,20171102_0_0,track_a,2017-11-03,2017-12-04
AXP__USB,AXP,USB,20171102_0_0,track_a,2017-11-03,2017-12-04
BLK__IBM,BLK,IBM,20171102_0_0,track_a,2017-11-03,2017-12-04
BLK__USB,BLK,USB,20171102_0_0,track_a,2017-11-03,2017-12-04
IBM__USB,IBM,USB,20171102_0_0,track_a,2017-11-03,2017-12-04
KO__PG,KO,PG,20171102_1_0,track_a,2017-11-03,2017-12-04
CL__KMB,CL,KMB,20171102_1_1,track_a,2017-11-03,2017-12-04
CL__PEP,CL,PEP,20171102_1_1,track_a,2017-11-03,2017-12-04
KMB__PEP,KMB,PEP,20171102_1_1,track_a,2017-11-03,2017-12-04
COP__EOG,COP,EOG,20171102_3_0,track_a,2017-11-03,2017-12-04
COP__HAL,COP,HAL,20171102_3_0,track_a,2017-11-03,2017-12-04
EOG__HAL,EOG,HAL,20171102_3_0,track_a,2017-11-03,2017-12-04
INTC__TXN,INTC,TXN,20171102_4_0,track_a,2017-11-03,2017-12-04
ADBE__MSFT,ADBE,MSFT,20171102_4_1,track_a,2017-11-03,2017-12-04
CSCO__ORCL,CSCO,ORCL,20171102_4_2,track_a,2017-11-03,2017-12-04
AAPL__QCOM,AAPL,QCOM,20171102_4_3,track_a,2017-11-03,2017-12-04
BAC__GS,BAC,GS,20171102_5_0,track_a,2017-11-03,2017-12-04
BAC__MS,BAC,MS,20171102_5_0,track_a,2017-11-03,2017-12-04
GS__MS,GS,MS,20171102_5_0,track_a,2017-11-03,2017-12-04
C__JPM,C,JPM,20171102_5_1,track_a,2017-11-03,2017-12-04
PNC__WFC,PNC,WFC,20171102_5_2,track_a,2017-11-03,2017-12-04
MPC__PSX,MPC,PSX,20171102_6_0,track_a,2017-11-03,2017-12-04
MPC__VLO,MPC,VLO,20171102_6_0,track_a,2017-11-03,2017-12-04
PSX__VLO,PSX,VLO,20171102_6_0,track_a,2017-11-03,2017-12-04
CVX__OXY,CVX,OXY,20171102_7_0,track_a,2017-11-03,2017-12-04
CVX__SLB,CVX,SLB,20171102_7_0,track_a,2017-11-03,2017-12-04
CVX__XOM,CVX,XOM,20171102_7_0,track_a,2017-11-03,2017-12-04
OXY__SLB,OXY,SLB,20171102_7_0,track_a,2017-11-03,2017-12-04
OXY__XOM,OXY,XOM,20171102_7_0,track_a,2017-11-03,2017-12-04
SLB__XOM,SLB,XOM,20171102_7_0,track_a,2017-11-03,2017-12-04
GIS__MDLZ,GIS,MDLZ,20171102_8_0,track_a,2017-11-03,2017-12-04
COST__SYY,COST,SYY,20171102_9_0,track_a,2017-11-03,2017-12-04
COST__WMT,COST,WMT,20171102_9_0,track_a,2017-11-03,2017-12-04
SYY__WMT,SYY,WMT,20171102_9_0,track_a,2017-11-03,2017-12-04
INTC__MSFT,INTC,MSFT,20171204_0_0,track_a,2017-12-05,2018-01-04
AAPL__QCOM,AAPL,QCOM,20171204_0_1,track_a,2017-12-05,2018-01-04
ADBE__TXN,ADBE,TXN,20171204_0_2,track_a,2017-12-05,2018-01-04
C__JPM,C,JPM,20171204_1_0,track_a,2017-12-05,2018-01-04
GS__MS,GS,MS,20171204_1_1,track_a,2017-12-05,2018-01-04
USB__WFC,USB,WFC,20171204_1_2,track_a,2017-12-05,2018-01-04
BAC__PNC,BAC,PNC,20171204_1_3,track_a,2017-12-05,2018-01-04
GIS__MDLZ,GIS,MDLZ,20171204_2_0,track_a,2017-12-05,2018-01-04
AXP__BLK,AXP,BLK,20171204_3_0,track_a,2017-12-05,2018-01-04
CSCO__IBM,CSCO,IBM,20171204_3_1,track_a,2017-12-05,2018-01-04
CSCO__ORCL,CSCO,ORCL,20171204_3_1,track_a,2017-12-05,2018-01-04
IBM__ORCL,IBM,ORCL,20171204_3_1,track_a,2017-12-05,2018-01-04
CVX__XOM,CVX,XOM,20171204_4_0,track_a,2017-12-05,2018-01-04
OXY__SLB,OXY,SLB,20171204_4_1,track_a,2017-12-05,2018-01-04
COP__EOG,COP,EOG,20171204_4_2,track_a,2017-12-05,2018-01-04
COP__HAL,COP,HAL,20171204_4_2,track_a,2017-12-05,2018-01-04
EOG__HAL,EOG,HAL,20171204_4_2,track_a,2017-12-05,2018-01-04
MPC__PSX,MPC,PSX,20171204_6_0,track_a,2017-12-05,2018-01-04
MPC__VLO,MPC,VLO,20171204_6_0,track_a,2017-12-05,2018-01-04
PSX__VLO,PSX,VLO,20171204_6_0,track_a,2017-12-05,2018-01-04
KO__PEP,KO,PEP,20171204_7_0,track_a,2017-12-05,2018-01-04
KO__PG,KO,PG,20171204_7_0,track_a,2017-12-05,2018-01-04
PEP__PG,PEP,PG,20171204_7_0,track_a,2017-12-05,2018-01-04
CL__KMB,CL,KMB,20171204_7_1,track_a,2017-12-05,2018-01-04
COST__SYY,COST,SYY,20171204_8_0,track_a,2017-12-05,2018-01-04
COST__WMT,COST,WMT,20171204_8_0,track_a,2017-12-05,2018-01-04
SYY__WMT,SYY,WMT,20171204_8_0,track_a,2017-12-05,2018-01-04
CVX__XOM,CVX,XOM,20180104_0_0,track_a,2018-01-05,2018-02-05
OXY__SLB,OXY,SLB,20180104_0_1,track_a,2018-01-05,2018-02-05
COP__EOG,COP,EOG,20180104_0_2,track_a,2018-01-05,2018-02-05
COP__HAL,COP,HAL,20180104_0_2,track_a,2018-01-05,2018-02-05
EOG__HAL,EOG,HAL,20180104_0_2,track_a,2018-01-05,2018-02-05
INTC__MSFT,INTC,MSFT,20180104_1_0,track_a,2018-01-05,2018-02-05
AAPL__QCOM,AAPL,QCOM,20180104_1_1,track_a,2018-01-05,2018-02-05
ADBE__TXN,ADBE,TXN,20180104_1_2,track_a,2018-01-05,2018-02-05
GIS__MDLZ,GIS,MDLZ,20180104_2_0,track_a,2018-01-05,2018-02-05
COST__SYY,COST,SYY,20180104_2_1,track_a,2018-01-05,2018-02-05
COST__WMT,COST,WMT,20180104_2_1,track_a,2018-01-05,2018-02-05
SYY__WMT,SYY,WMT,20180104_2_1,track_a,2018-01-05,2018-02-05
AXP__BLK,AXP,BLK,20180104_3_0,track_a,2018-01-05,2018-02-05
CSCO__IBM,CSCO,IBM,20180104_3_1,track_a,2018-01-05,2018-02-05
CSCO__ORCL,CSCO,ORCL,20180104_3_1,track_a,2018-01-05,2018-02-05
IBM__ORCL,IBM,ORCL,20180104_3_1,track_a,2018-01-05,2018-02-05
C__JPM,C,JPM,20180104_4_0,track_a,2018-01-05,2018-02-05
GS__MS,GS,MS,20180104_4_1,track_a,2018-01-05,2018-02-05
USB__WFC,USB,WFC,20180104_4_2,track_a,2018-01-05,2018-02-05
BAC__PNC,BAC,PNC,20180104_4_3,track_a,2018-01-05,2018-02-05
MPC__PSX,MPC,PSX,20180104_6_0,track_a,2018-01-05,2018-02-05
MPC__VLO,MPC,VLO,20180104_6_0,track_a,2018-01-05,2018-02-05
PSX__VLO,PSX,VLO,20180104_6_0,track_a,2018-01-05,2018-02-05
KO__PEP,KO,PEP,20180104_7_0,track_a,2018-01-05,2018-02-05
KO__PG,KO,PG,20180104_7_0,track_a,2018-01-05,2018-02-05
PEP__PG,PEP,PG,20180104_7_0,track_a,2018-01-05,2018-02-05
CL__KMB,CL,KMB,20180104_7_1,track_a,2018-01-05,2018-02-05
JPM__WFC,JPM,WFC,20180205_0_0,track_a,2018-02-06,2018-03-07
GS__MS,GS,MS,20180205_0_1,track_a,2018-02-06,2018-03-07
PNC__USB,PNC,USB,20180205_0_2,track_a,2018-02-06,2018-03-07
BAC__C,BAC,C,20180205_0_3,track_a,2018-02-06,2018-03-07
CVX__OXY,CVX,OXY,20180205_1_0,track_a,2018-02-06,2018-03-07
CVX__XOM,CVX,XOM,20180205_1_0,track_a,2018-02-06,2018-03-07
OXY__XOM,OXY,XOM,20180205_1_0,track_a,2018-02-06,2018-03-07
GIS__MDLZ,GIS,MDLZ,20180205_2_0,track_a,2018-02-06,2018-03-07
GIS__SYY,GIS,SYY,20180205_2_0,track_a,2018-02-06,2018-03-07
MDLZ__SYY,MDLZ,SYY,20180205_2_0,track_a,2018-02-06,2018-03-07
CSCO__IBM,CSCO,IBM,20180205_3_0,track_a,2018-02-06,2018-03-07
CSCO__ORCL,CSCO,ORCL,20180205_3_0,track_a,2018-02-06,2018-03-07
IBM__ORCL,IBM,ORCL,20180205_3_0,track_a,2018-02-06,2018-03-07
AXP__BLK,AXP,BLK,20180205_3_1,track_a,2018-02-06,2018-03-07
COP__EOG,COP,EOG,20180205_5_0,track_a,2018-02-06,2018-03-07
COP__HAL,COP,HAL,20180205_5_0,track_a,2018-02-06,2018-03-07
COP__SLB,COP,SLB,20180205_5_0,track_a,2018-02-06,2018-03-07
EOG__HAL,EOG,HAL,20180205_5_0,track_a,2018-02-06,2018-03-07
EOG__SLB,EOG,SLB,20180205_5_0,track_a,2018-02-06,2018-03-07
HAL__SLB,HAL,SLB,20180205_5_0,track_a,2018-02-06,2018-03-07
AAPL__INTC,AAPL,INTC,20180205_6_0,track_a,2018-02-06,2018-03-07
MSFT__QCOM,MSFT,QCOM,20180205_6_1,track_a,2018-02-06,2018-03-07
ADBE__TXN,ADBE,TXN,20180205_6_2,track_a,2018-02-06,2018-03-07
COST__WMT,COST,WMT,20180205_7_0,track_a,2018-02-06,2018-03-07
KO__PEP,KO,PEP,20180205_8_0,track_a,2018-02-06,2018-03-07
KO__PG,KO,PG,20180205_8_0,track_a,2018-02-06,2018-03-07
PEP__PG,PEP,PG,20180205_8_0,track_a,2018-02-06,2018-03-07
CL__KMB,CL,KMB,20180205_8_1,track_a,2018-02-06,2018-03-07
MPC__PSX,MPC,PSX,20180205_9_0,track_a,2018-02-06,2018-03-07
MPC__VLO,MPC,VLO,20180205_9_0,track_a,2018-02-06,2018-03-07
PSX__VLO,PSX,VLO,20180205_9_0,track_a,2018-02-06,2018-03-07
AXP__BLK,AXP,BLK,20180307_0_0,track_a,2018-03-08,2018-04-06
AXP__CSCO,AXP,CSCO,20180307_0_0,track_a,2018-03-08,2018-04-06
AXP__IBM,AXP,IBM,20180307_0_0,track_a,2018-03-08,2018-04-06
BLK__CSCO,BLK,CSCO,20180307_0_0,track_a,2018-03-08,2018-04-06
BLK__IBM,BLK,IBM,20180307_0_0,track_a,2018-03-08,2018-04-06
CSCO__IBM,CSCO,IBM,20180307_0_0,track_a,2018-03-08,2018-04-06
CVX__OXY,CVX,OXY,20180307_1_0,track_a,2018-03-08,2018-04-06
CVX__XOM,CVX,XOM,20180307_1_0,track_a,2018-03-08,2018-04-06
OXY__XOM,OXY,XOM,20180307_1_0,track_a,2018-03-08,2018-04-06
COP__EOG,COP,EOG,20180307_1_1,track_a,2018-03-08,2018-04-06
HAL__SLB,HAL,SLB,20180307_1_2,track_a,2018-03-08,2018-04-06
KO__PEP,KO,PEP,20180307_2_0,track_a,2018-03-08,2018-04-06
KO__PG,KO,PG,20180307_2_0,track_a,2018-03-08,2018-04-06
PEP__PG,PEP,PG,20180307_2_0,track_a,2018-03-08,2018-04-06
CL__KMB,CL,KMB,20180307_2_1,track_a,2018-03-08,2018-04-06
C__JPM,C,JPM,20180307_3_0,track_a,2018-03-08,2018-04-06
GS__MS,GS,MS,20180307_3_1,track_a,2018-03-08,2018-04-06
PNC__USB,PNC,USB,20180307_3_2,track_a,2018-03-08,2018-04-06
BAC__WFC,BAC,WFC,20180307_3_3,track_a,2018-03-08,2018-04-06
MSFT__QCOM,MSFT,QCOM,20180307_4_0,track_a,2018-03-08,2018-04-06
MSFT__TXN,MSFT,TXN,20180307_4_0,track_a,2018-03-08,2018-04-06
QCOM__TXN,QCOM,TXN,20180307_4_0,track_a,2018-03-08,2018-04-06
AAPL__INTC,AAPL,INTC,20180307_4_1,track_a,2018-03-08,2018-04-06
ADBE__ORCL,ADBE,ORCL,20180307_4_2,track_a,2018-03-08,2018-04-06
MPC__PSX,MPC,PSX,20180307_6_0,track_a,2018-03-08,2018-04-06
MPC__VLO,MPC,VLO,20180307_6_0,track_a,2018-03-08,2018-04-06
PSX__VLO,PSX,VLO,20180307_6_0,track_a,2018-03-08,2018-04-06
COST__MDLZ,COST,MDLZ,20180307_7_0,track_a,2018-03-08,2018-04-06
COST__WMT,COST,WMT,20180307_7_0,track_a,2018-03-08,2018-04-06
MDLZ__WMT,MDLZ,WMT,20180307_7_0,track_a,2018-03-08,2018-04-06
GIS__SYY,GIS,SYY,20180307_7_1,track_a,2018-03-08,2018-04-06
AXP__BLK,AXP,BLK,20180406_0_0,track_a,2018-04-09,2018-05-07
AXP__CSCO,AXP,CSCO,20180406_0_0,track_a,2018-04-09,2018-05-07
AXP__IBM,AXP,IBM,20180406_0_0,track_a,2018-04-09,2018-05-07
BLK__CSCO,BLK,CSCO,20180406_0_0,track_a,2018-04-09,2018-05-07
BLK__IBM,BLK,IBM,20180406_0_0,track_a,2018-04-09,2018-05-07
CSCO__IBM,CSCO,IBM,20180406_0_0,track_a,2018-04-09,2018-05-07
GIS__MDLZ,GIS,MDLZ,20180406_1_0,track_a,2018-04-09,2018-05-07
COST__SYY,COST,SYY,20180406_1_1,track_a,2018-04-09,2018-05-07
COST__WMT,COST,WMT,20180406_1_1,track_a,2018-04-09,2018-05-07
SYY__WMT,SYY,WMT,20180406_1_1,track_a,2018-04-09,2018-05-07
EOG__HAL,EOG,HAL,20180406_2_0,track_a,2018-04-09,2018-05-07
EOG__SLB,EOG,SLB,20180406_2_0,track_a,2018-04-09,2018-05-07
HAL__SLB,HAL,SLB,20180406_2_0,track_a,2018-04-09,2018-05-07
CVX__XOM,CVX,XOM,20180406_2_1,track_a,2018-04-09,2018-05-07
COP__OXY,COP,OXY,20180406_2_2,track_a,2018-04-09,2018-05-07
C__JPM,C,JPM,20180406_3_0,track_a,2018-04-09,2018-05-07
BAC__MS,BAC,MS,20180406_3_1,track_a,2018-04-09,2018-05-07
PNC__USB,PNC,USB,20180406_3_2,track_a,2018-04-09,2018-05-07
GS__WFC,GS,WFC,20180406_3_3,track_a,2018-04-09,2018-05-07
MSFT__ORCL,MSFT,ORCL,20180406_5_0,track_a,2018-04-09,2018-05-07
MSFT__QCOM,MSFT,QCOM,20180406_5_0,track_a,2018-04-09,2018-05-07
ORCL__QCOM,ORCL,QCOM,20180406_5_0,track_a,2018-04-09,2018-05-07
INTC__TXN,INTC,TXN,20180406_5_1,track_a,2018-04-09,2018-05-07
AAPL__ADBE,AAPL,ADBE,20180406_5_2,track_a,2018-04-09,2018-05-07
KO__PEP,KO,PEP,20180406_6_0,track_a,2018-04-09,2018-05-07
CL__KMB,CL,KMB,20180406_6_1,track_a,2018-04-09,2018-05-07
CL__PG,CL,PG,20180406_6_1,track_a,2018-04-09,2018-05-07
KMB__PG,KMB,PG,20180406_6_1,track_a,2018-04-09,2018-05-07
MPC__PSX,MPC,PSX,20180406_7_0,track_a,2018-04-09,2018-05-07
MPC__VLO,MPC,VLO,20180406_7_0,track_a,2018-04-09,2018-05-07
PSX__VLO,PSX,VLO,20180406_7_0,track_a,2018-04-09,2018-05-07
AAPL__ORCL,AAPL,ORCL,20180507_0_0,track_a,2018-05-08,2018-06-06
C__PNC,C,PNC,20180507_1_0,track_a,2018-05-08,2018-06-06
BAC__MS,BAC,MS,20180507_1_1,track_a,2018-05-08,2018-06-06
JPM__WFC,JPM,WFC,20180507_1_2,track_a,2018-05-08,2018-06-06
AXP__USB,AXP,USB,20180507_1_3,track_a,2018-05-08,2018-06-06
BLK__GS,BLK,GS,20180507_1_4,track_a,2018-05-08,2018-06-06
MDLZ__WMT,MDLZ,WMT,20180507_2_0,track_a,2018-05-08,2018-06-06
IBM__SYY,IBM,SYY,20180507_2_1,track_a,2018-05-08,2018-06-06
COST__GIS,COST,GIS,20180507_2_2,track_a,2018-05-08,2018-06-06
COP__EOG,COP,EOG,20180507_3_0,track_a,2018-05-08,2018-06-06
COP__HAL,COP,HAL,20180507_3_0,track_a,2018-05-08,2018-06-06
COP__SLB,COP,SLB,20180507_3_0,track_a,2018-05-08,2018-06-06
EOG__HAL,EOG,HAL,20180507_3_0,track_a,2018-05-08,2018-06-06
EOG__SLB,EOG,SLB,20180507_3_0,track_a,2018-05-08,2018-06-06
HAL__SLB,HAL,SLB,20180507_3_0,track_a,2018-05-08,2018-06-06
MPC__PSX,MPC,PSX,20180507_4_0,track_a,2018-05-08,2018-06-06
MPC__VLO,MPC,VLO,20180507_4_0,track_a,2018-05-08,2018-06-06
PSX__VLO,PSX,VLO,20180507_4_0,track_a,2018-05-08,2018-06-06
KO__PEP,KO,PEP,20180507_5_0,track_a,2018-05-08,2018-06-06
CL__KMB,CL,KMB,20180507_5_1,track_a,2018-05-08,2018-06-06
CL__PG,CL,PG,20180507_5_1,track_a,2018-05-08,2018-06-06
KMB__PG,KMB,PG,20180507_5_1,track_a,2018-05-08,2018-06-06
QCOM__TXN,QCOM,TXN,20180507_6_0,track_a,2018-05-08,2018-06-06
INTC__MSFT,INTC,MSFT,20180507_6_1,track_a,2018-05-08,2018-06-06
ADBE__CSCO,ADBE,CSCO,20180507_6_2,track_a,2018-05-08,2018-06-06
CVX__OXY,CVX,OXY,20180507_7_0,track_a,2018-05-08,2018-06-06
CVX__XOM,CVX,XOM,20180507_7_0,track_a,2018-05-08,2018-06-06
OXY__XOM,OXY,XOM,20180507_7_0,track_a,2018-05-08,2018-06-06
KO__PEP,KO,PEP,20180606_0_0,track_a,2018-06-07,2018-07-06
CL__PG,CL,PG,20180606_0_1,track_a,2018-06-07,2018-07-06
GIS__KMB,GIS,KMB,20180606_0_2,track_a,2018-06-07,2018-07-06
ADBE__NVDA,ADBE,NVDA,20180606_1_0,track_a,2018-06-07,2018-07-06
C__PNC,C,PNC,20180606_2_0,track_a,2018-06-07,2018-07-06
JPM__WFC,JPM,WFC,20180606_2_1,track_a,2018-06-07,2018-07-06
BAC__MS,BAC,MS,20180606_2_2,track_a,2018-06-07,2018-07-06
AXP__USB,AXP,USB,20180606_2_3,track_a,2018-06-07,2018-07-06
BLK__GS,BLK,GS,20180606_2_4,track_a,2018-06-07,2018-07-06
CVX__OXY,CVX,OXY,20180606_3_0,track_a,2018-06-07,2018-07-06
CVX__XOM,CVX,XOM,20180606_3_0,track_a,2018-06-07,2018-07-06
OXY__XOM,OXY,XOM,20180606_3_0,track_a,2018-06-07,2018-07-06
MPC__PSX,MPC,PSX,20180606_4_0,track_a,2018-06-07,2018-07-06
MPC__VLO,MPC,VLO,20180606_4_0,track_a,2018-06-07,2018-07-06
PSX__VLO,PSX,VLO,20180606_4_0,track_a,2018-06-07,2018-07-06
MSFT__QCOM,MSFT,QCOM,20180606_5_0,track_a,2018-06-07,2018-07-06
MSFT__TXN,MSFT,TXN,20180606_5_0,track_a,2018-06-07,2018-07-06
QCOM__TXN,QCOM,TXN,20180606_5_0,track_a,2018-06-07,2018-07-06
CSCO__INTC,CSCO,INTC,20180606_5_1,track_a,2018-06-07,2018-07-06
MDLZ__WMT,MDLZ,WMT,20180606_6_0,track_a,2018-06-07,2018-07-06
COST__IBM,COST,IBM,20180606_6_1,track_a,2018-06-07,2018-07-06
COST__SYY,COST,SYY,20180606_6_1,track_a,2018-06-07,2018-07-06
IBM__SYY,IBM,SYY,20180606_6_1,track_a,2018-06-07,2018-07-06
AAPL__ORCL,AAPL,ORCL,20180606_7_0,track_a,2018-06-07,2018-07-06
COP__EOG,COP,EOG,20180606_8_0,track_a,2018-06-07,2018-07-06
COP__HAL,COP,HAL,20180606_8_0,track_a,2018-06-07,2018-07-06
COP__SLB,COP,SLB,20180606_8_0,track_a,2018-06-07,2018-07-06
EOG__HAL,EOG,HAL,20180606_8_0,track_a,2018-06-07,2018-07-06
EOG__SLB,EOG,SLB,20180606_8_0,track_a,2018-06-07,2018-07-06
HAL__SLB,HAL,SLB,20180606_8_0,track_a,2018-06-07,2018-07-06
CL__PG,CL,PG,20180706_0_0,track_a,2018-07-09,2018-08-06
KO__PEP,KO,PEP,20180706_0_1,track_a,2018-07-09,2018-08-06
GIS__KMB,GIS,KMB,20180706_0_2,track_a,2018-07-09,2018-08-06
C__JPM,C,JPM,20180706_1_0,track_a,2018-07-09,2018-08-06
PNC__WFC,PNC,WFC,20180706_1_1,track_a,2018-07-09,2018-08-06
BAC__MS,BAC,MS,20180706_1_2,track_a,2018-07-09,2018-08-06
AXP__USB,AXP,USB,20180706_1_3,track_a,2018-07-09,2018-08-06
BLK__GS,BLK,GS,20180706_1_4,track_a,2018-07-09,2018-08-06
COP__EOG,COP,EOG,20180706_3_0,track_a,2018-07-09,2018-08-06
HAL__SLB,HAL,SLB,20180706_3_1,track_a,2018-07-09,2018-08-06
CVX__OXY,CVX,OXY,20180706_3_2,track_a,2018-07-09,2018-08-06
CVX__XOM,CVX,XOM,20180706_3_2,track_a,2018-07-09,2018-08-06
OXY__XOM,OXY,XOM,20180706_3_2,track_a,2018-07-09,2018-08-06
MPC__PSX,MPC,PSX,20180706_4_0,track_a,2018-07-09,2018-08-06
MPC__VLO,MPC,VLO,20180706_4_0,track_a,2018-07-09,2018-08-06
PSX__VLO,PSX,VLO,20180706_4_0,track_a,2018-07-09,2018-08-06
MSFT__TXN,MSFT,TXN,20180706_5_0,track_a,2018-07-09,2018-08-06
CSCO__INTC,CSCO,INTC,20180706_5_1,track_a,2018-07-09,2018-08-06
CSCO__NVDA,CSCO,NVDA,20180706_5_1,track_a,2018-07-09,2018-08-06
INTC__NVDA,INTC,NVDA,20180706_5_1,track_a,2018-07-09,2018-08-06
AAPL__IBM,AAPL,IBM,20180706_6_0,track_a,2018-07-09,2018-08-06
AAPL__ORCL,AAPL,ORCL,20180706_6_0,track_a,2018-07-09,2018-08-06
AAPL__QCOM,AAPL,QCOM,20180706_6_0,track_a,2018-07-09,2018-08-06
IBM__ORCL,IBM,ORCL,20180706_6_0,track_a,2018-07-09,2018-08-06
IBM__QCOM,IBM,QCOM,20180706_6_0,track_a,2018-07-09,2018-08-06
ORCL__QCOM,ORCL,QCOM,20180706_6_0,track_a,2018-07-09,2018-08-06
COST__MDLZ,COST,MDLZ,20180706_7_0,track_a,2018-07-09,2018-08-06
COST__SYY,COST,SYY,20180706_7_0,track_a,2018-07-09,2018-08-06
COST__WMT,COST,WMT,20180706_7_0,track_a,2018-07-09,2018-08-06
MDLZ__SYY,MDLZ,SYY,20180706_7_0,track_a,2018-07-09,2018-08-06
MDLZ__WMT,MDLZ,WMT,20180706_7_0,track_a,2018-07-09,2018-08-06
SYY__WMT,SYY,WMT,20180706_7_0,track_a,2018-07-09,2018-08-06
CSCO__IBM,CSCO,IBM,20180806_0_0,track_a,2018-08-07,2018-09-05
CSCO__ORCL,CSCO,ORCL,20180806_0_0,track_a,2018-08-07,2018-09-05
IBM__ORCL,IBM,ORCL,20180806_0_0,track_a,2018-08-07,2018-09-05
GIS__MDLZ,GIS,MDLZ,20180806_1_0,track_a,2018-08-07,2018-09-05
GIS__WMT,GIS,WMT,20180806_1_0,track_a,2018-08-07,2018-09-05
MDLZ__WMT,MDLZ,WMT,20180806_1_0,track_a,2018-08-07,2018-09-05
COST__SYY,COST,SYY,20180806_1_1,track_a,2018-08-07,2018-09-05
PNC__WFC,PNC,WFC,20180806_2_0,track_a,2018-08-07,2018-09-05
C__JPM,C,JPM,20180806_2_1,track_a,2018-08-07,2018-09-05
BAC__MS,BAC,MS,20180806_2_2,track_a,2018-08-07,2018-09-05
AXP__USB,AXP,USB,20180806_2_3,track_a,2018-08-07,2018-09-05
BLK__GS,BLK,GS,20180806_2_4,track_a,2018-08-07,2018-09-05
COP__EOG,COP,EOG,20180806_3_0,track_a,2018-08-07,2018-09-05
COP__OXY,COP,OXY,20180806_3_0,track_a,2018-08-07,2018-09-05
EOG__OXY,EOG,OXY,20180806_3_0,track_a,2018-08-07,2018-09-05
HAL__SLB,HAL,SLB,20180806_3_1,track_a,2018-08-07,2018-09-05
CVX__XOM,CVX,XOM,20180806_3_2,track_a,2018-08-07,2018-09-05
MPC__PSX,MPC,PSX,20180806_4_0,track_a,2018-08-07,2018-09-05
MPC__VLO,MPC,VLO,20180806_4_0,track_a,2018-08-07,2018-09-05
PSX__VLO,PSX,VLO,20180806_4_0,track_a,2018-08-07,2018-09-05
QCOM__TXN,QCOM,TXN,20180806_6_0,track_a,2018-08-07,2018-09-05
INTC__MSFT,INTC,MSFT,20180806_6_1,track_a,2018-08-07,2018-09-05
AAPL__ADBE,AAPL,ADBE,20180806_6_2,track_a,2018-08-07,2018-09-05
CL__KMB,CL,KMB,20180806_7_0,track_a,2018-08-07,2018-09-05
CL__PG,CL,PG,20180806_7_0,track_a,2018-08-07,2018-09-05
KMB__PG,KMB,PG,20180806_7_0,track_a,2018-08-07,2018-09-05
KO__PEP,KO,PEP,20180806_7_1,track_a,2018-08-07,2018-09-05
COST__MDLZ,COST,MDLZ,20180905_0_0,track_a,2018-09-06,2018-10-04
COST__WMT,COST,WMT,20180905_0_0,track_a,2018-09-06,2018-10-04
MDLZ__WMT,MDLZ,WMT,20180905_0_0,track_a,2018-09-06,2018-10-04
QCOM__TXN,QCOM,TXN,20180905_1_0,track_a,2018-09-06,2018-10-04
INTC__MSFT,INTC,MSFT,20180905_1_1,track_a,2018-09-06,2018-10-04
ADBE__NVDA,ADBE,NVDA,20180905_1_2,track_a,2018-09-06,2018-10-04
C__JPM,C,JPM,20180905_2_0,track_a,2018-09-06,2018-10-04
PNC__WFC,PNC,WFC,20180905_2_1,track_a,2018-09-06,2018-10-04
AXP__USB,AXP,USB,20180905_2_2,track_a,2018-09-06,2018-10-04
BAC__MS,BAC,MS,20180905_2_3,track_a,2018-09-06,2018-10-04
BLK__GS,BLK,GS,20180905_2_4,track_a,2018-09-06,2018-10-04
COP__EOG,COP,EOG,20180905_3_0,track_a,2018-09-06,2018-10-04
HAL__SLB,HAL,SLB,20180905_3_1,track_a,2018-09-06,2018-10-04
CVX__OXY,CVX,OXY,20180905_3_2,track_a,2018-09-06,2018-10-04
CVX__XOM,CVX,XOM,20180905_3_2,track_a,2018-09-06,2018-10-04
OXY__XOM,OXY,XOM,20180905_3_2,track_a,2018-09-06,2018-10-04
MPC__PSX,MPC,PSX,20180905_4_0,track_a,2018-09-06,2018-10-04
MPC__VLO,MPC,VLO,20180905_4_0,track_a,2018-09-06,2018-10-04
PSX__VLO,PSX,VLO,20180905_4_0,track_a,2018-09-06,2018-10-04
CL__KMB,CL,KMB,20180905_5_0,track_a,2018-09-06,2018-10-04
CL__PG,CL,PG,20180905_5_0,track_a,2018-09-06,2018-10-04
KMB__PG,KMB,PG,20180905_5_0,track_a,2018-09-06,2018-10-04
KO__PEP,KO,PEP,20180905_5_1,track_a,2018-09-06,2018-10-04
GIS__SYY,GIS,SYY,20180905_6_0,track_a,2018-09-06,2018-10-04
AAPL__CSCO,AAPL,CSCO,20180905_7_0,track_a,2018-09-06,2018-10-04
AAPL__IBM,AAPL,IBM,20180905_7_0,track_a,2018-09-06,2018-10-04
AAPL__ORCL,AAPL,ORCL,20180905_7_0,track_a,2018-09-06,2018-10-04
CSCO__IBM,CSCO,IBM,20180905_7_0,track_a,2018-09-06,2018-10-04
CSCO__ORCL,CSCO,ORCL,20180905_7_0,track_a,2018-09-06,2018-10-04
IBM__ORCL,IBM,ORCL,20180905_7_0,track_a,2018-09-06,2018-10-04
PNC__WFC,PNC,WFC,20181004_0_0,track_a,2018-10-05,2018-11-02
C__JPM,C,JPM,20181004_0_1,track_a,2018-10-05,2018-11-02
AXP__USB,AXP,USB,20181004_0_2,track_a,2018-10-05,2018-11-02
BAC__MS,BAC,MS,20181004_0_3,track_a,2018-10-05,2018-11-02
BLK__GS,BLK,GS,20181004_0_4,track_a,2018-10-05,2018-11-02
MDLZ__WMT,MDLZ,WMT,20181004_1_0,track_a,2018-10-05,2018-11-02
COST__GIS,COST,GIS,20181004_1_1,track_a,2018-10-05,2018-11-02
COST__SYY,COST,SYY,20181004_1_1,track_a,2018-10-05,2018-11-02
GIS__SYY,GIS,SYY,20181004_1_1,track_a,2018-10-05,2018-11-02
HAL__SLB,HAL,SLB,20181004_2_0,track_a,2018-10-05,2018-11-02
COP__EOG,COP,EOG,20181004_2_1,track_a,2018-10-05,2018-11-02
CVX__OXY,CVX,OXY,20181004_2_2,track_a,2018-10-05,2018-11-02
CVX__XOM,CVX,XOM,20181004_2_2,track_a,2018-10-05,2018-11-02
OXY__XOM,OXY,XOM,20181004_2_2,track_a,2018-10-05,2018-11-02
CSCO__IBM,CSCO,IBM,20181004_3_0,track_a,2018-10-05,2018-11-02
CSCO__ORCL,CSCO,ORCL,20181004_3_0,track_a,2018-10-05,2018-11-02
IBM__ORCL,IBM,ORCL,20181004_3_0,track_a,2018-10-05,2018-11-02
MPC__PSX,MPC,PSX,20181004_4_0,track_a,2018-10-05,2018-11-02
MPC__VLO,MPC,VLO,20181004_4_0,track_a,2018-10-05,2018-11-02
PSX__VLO,PSX,VLO,20181004_4_0,track_a,2018-10-05,2018-11-02
KO__PEP,KO,PEP,20181004_6_0,track_a,2018-10-05,2018-11-02
KO__PG,KO,PG,20181004_6_0,track_a,2018-10-05,2018-11-02
PEP__PG,PEP,PG,20181004_6_0,track_a,2018-10-05,2018-11-02
CL__KMB,CL,KMB,20181004_6_1,track_a,2018-10-05,2018-11-02
INTC__MSFT,INTC,MSFT,20181004_8_0,track_a,2018-10-05,2018-11-02
INTC__QCOM,INTC,QCOM,20181004_8_0,track_a,2018-10-05,2018-11-02
INTC__TXN,INTC,TXN,20181004_8_0,track_a,2018-10-05,2018-11-02
MSFT__QCOM,MSFT,QCOM,20181004_8_0,track_a,2018-10-05,2018-11-02
MSFT__TXN,MSFT,TXN,20181004_8_0,track_a,2018-10-05,2018-11-02
QCOM__TXN,QCOM,TXN,20181004_8_0,track_a,2018-10-05,2018-11-02
CVX__OXY,CVX,OXY,20181102_0_0,track_a,2018-11-05,2018-12-04
CVX__XOM,CVX,XOM,20181102_0_0,track_a,2018-11-05,2018-12-04
OXY__XOM,OXY,XOM,20181102_0_0,track_a,2018-11-05,2018-12-04
MDLZ__WMT,MDLZ,WMT,20181102_1_0,track_a,2018-11-05,2018-12-04
COST__GIS,COST,GIS,20181102_1_1,track_a,2018-11-05,2018-12-04
COST__SYY,COST,SYY,20181102_1_1,track_a,2018-11-05,2018-12-04
GIS__SYY,GIS,SYY,20181102_1_1,track_a,2018-11-05,2018-12-04
PNC__WFC,PNC,WFC,20181102_2_0,track_a,2018-11-05,2018-12-04
BAC__JPM,BAC,JPM,20181102_2_1,track_a,2018-11-05,2018-12-04
C__GS,C,GS,20181102_2_2,track_a,2018-11-05,2018-12-04
AXP__BLK,AXP,BLK,20181102_2_3,track_a,2018-11-05,2018-12-04
MS__USB,MS,USB,20181102_2_4,track_a,2018-11-05,2018-12-04
INTC__TXN,INTC,TXN,20181102_3_0,track_a,2018-11-05,2018-12-04
CSCO__MSFT,CSCO,MSFT,20181102_3_1,track_a,2018-11-05,2018-12-04
ADBE__QCOM,ADBE,QCOM,20181102_3_2,track_a,2018-11-05,2018-12-04
MPC__PSX,MPC,PSX,20181102_4_0,track_a,2018-11-05,2018-12-04
MPC__VLO,MPC,VLO,20181102_4_0,track_a,2018-11-05,2018-12-04
PSX__VLO,PSX,VLO,20181102_4_0,track_a,2018-11-05,2018-12-04
AAPL__IBM,AAPL,IBM,20181102_5_0,track_a,2018-11-05,2018-12-04
AAPL__ORCL,AAPL,ORCL,20181102_5_0,track_a,2018-11-05,2018-12-04
IBM__ORCL,IBM,ORCL,20181102_5_0,track_a,2018-11-05,2018-12-04
COP__EOG,COP,EOG,20181102_6_0,track_a,2018-11-05,2018-12-04
COP__HAL,COP,HAL,20181102_6_0,track_a,2018-11-05,2018-12-04
COP__SLB,COP,SLB,20181102_6_0,track_a,2018-11-05,2018-12-04
EOG__HAL,EOG,HAL,20181102_6_0,track_a,2018-11-05,2018-12-04
EOG__SLB,EOG,SLB,20181102_6_0,track_a,2018-11-05,2018-12-04
HAL__SLB,HAL,SLB,20181102_6_0,track_a,2018-11-05,2018-12-04
CL__KMB,CL,KMB,20181102_8_0,track_a,2018-11-05,2018-12-04
CL__PG,CL,PG,20181102_8_0,track_a,2018-11-05,2018-12-04
KMB__PG,KMB,PG,20181102_8_0,track_a,2018-11-05,2018-12-04
KO__PEP,KO,PEP,20181102_8_1,track_a,2018-11-05,2018-12-04
GIS__KMB,GIS,KMB,20181204_0_0,track_a,2018-12-06,2019-01-07
GIS__SYY,GIS,SYY,20181204_0_0,track_a,2018-12-06,2019-01-07
KMB__SYY,KMB,SYY,20181204_0_0,track_a,2018-12-06,2019-01-07
CSCO__INTC,CSCO,INTC,20181204_1_0,track_a,2018-12-06,2019-01-07
CSCO__MSFT,CSCO,MSFT,20181204_1_0,track_a,2018-12-06,2019-01-07
INTC__MSFT,INTC,MSFT,20181204_1_0,track_a,2018-12-06,2019-01-07
QCOM__TXN,QCOM,TXN,20181204_1_1,track_a,2018-12-06,2019-01-07
PNC__USB,PNC,USB,20181204_2_0,track_a,2018-12-06,2019-01-07
PNC__WFC,PNC,WFC,20181204_2_0,track_a,2018-12-06,2019-01-07
USB__WFC,USB,WFC,20181204_2_0,track_a,2018-12-06,2019-01-07
COP__EOG,COP,EOG,20181204_3_0,track_a,2018-12-06,2019-01-07
HAL__OXY,HAL,OXY,20181204_3_1,track_a,2018-12-06,2019-01-07
HAL__SLB,HAL,SLB,20181204_3_1,track_a,2018-12-06,2019-01-07
OXY__SLB,OXY,SLB,20181204_3_1,track_a,2018-12-06,2019-01-07
CVX__XOM,CVX,XOM,20181204_3_2,track_a,2018-12-06,2019-01-07
MPC__PSX,MPC,PSX,20181204_4_0,track_a,2018-12-06,2019-01-07
MPC__VLO,MPC,VLO,20181204_4_0,track_a,2018-12-06,2019-01-07
PSX__VLO,PSX,VLO,20181204_4_0,track_a,2018-12-06,2019-01-07
BAC__JPM,BAC,JPM,20181204_5_0,track_a,2018-12-06,2019-01-07
C__GS,C,GS,20181204_5_1,track_a,2018-12-06,2019-01-07
C__MS,C,MS,20181204_5_1,track_a,2018-12-06,2019-01-07
GS__MS,GS,MS,20181204_5_1,track_a,2018-12-06,2019-01-07
AXP__BLK,AXP,BLK,20181204_5_2,track_a,2018-12-06,2019-01-07
AAPL__ADBE,AAPL,ADBE,20181204_6_0,track_a,2018-12-06,2019-01-07
AAPL__IBM,AAPL,IBM,20181204_6_0,track_a,2018-12-06,2019-01-07
AAPL__ORCL,AAPL,ORCL,20181204_6_0,track_a,2018-12-06,2019-01-07
ADBE__IBM,ADBE,IBM,20181204_6_0,track_a,2018-12-06,2019-01-07
ADBE__ORCL,ADBE,ORCL,20181204_6_0,track_a,2018-12-06,2019-01-07
IBM__ORCL,IBM,ORCL,20181204_6_0,track_a,2018-12-06,2019-01-07
PEP__PG,PEP,PG,20181204_7_0,track_a,2018-12-06,2019-01-07
COST__MDLZ,COST,MDLZ,20181204_7_1,track_a,2018-12-06,2019-01-07
COST__WMT,COST,WMT,20181204_7_1,track_a,2018-12-06,2019-01-07
MDLZ__WMT,MDLZ,WMT,20181204_7_1,track_a,2018-12-06,2019-01-07
CL__KO,CL,KO,20181204_7_2,track_a,2018-12-06,2019-01-07
COP__EOG,COP,EOG,20190107_0_0,track_a,2019-01-08,2019-02-06
CVX__SLB,CVX,SLB,20190107_0_1,track_a,2019-01-08,2019-02-06
CVX__XOM,CVX,XOM,20190107_0_1,track_a,2019-01-08,2019-02-06
SLB__XOM,SLB,XOM,20190107_0_1,track_a,2019-01-08,2019-02-06
HAL__OXY,HAL,OXY,20190107_0_2,track_a,2019-01-08,2019-02-06
CL__PEP,CL,PEP,20190107_1_0,track_a,2019-01-08,2019-02-06
COST__MDLZ,COST,MDLZ,20190107_1_1,track_a,2019-01-08,2019-02-06
COST__WMT,COST,WMT,20190107_1_1,track_a,2019-01-08,2019-02-06
MDLZ__WMT,MDLZ,WMT,20190107_1_1,track_a,2019-01-08,2019-02-06
KO__PG,KO,PG,20190107_1_2,track_a,2019-01-08,2019-02-06
C__GS,C,GS,20190107_2_0,track_a,2019-01-08,2019-02-06
C__MS,C,MS,20190107_2_0,track_a,2019-01-08,2019-02-06
GS__MS,GS,MS,20190107_2_0,track_a,2019-01-08,2019-02-06
AXP__BLK,AXP,BLK,20190107_2_1,track_a,2019-01-08,2019-02-06
INTC__MSFT,INTC,MSFT,20190107_3_0,track_a,2019-01-08,2019-02-06
ADBE__QCOM,ADBE,QCOM,20190107_3_1,track_a,2019-01-08,2019-02-06
ADBE__TXN,ADBE,TXN,20190107_3_1,track_a,2019-01-08,2019-02-06
QCOM__TXN,QCOM,TXN,20190107_3_1,track_a,2019-01-08,2019-02-06
IBM__ORCL,IBM,ORCL,20190107_3_2,track_a,2019-01-08,2019-02-06
AAPL__CSCO,AAPL,CSCO,20190107_3_3,track_a,2019-01-08,2019-02-06
MPC__PSX,MPC,PSX,20190107_4_0,track_a,2019-01-08,2019-02-06
MPC__VLO,MPC,VLO,20190107_4_0,track_a,2019-01-08,2019-02-06
PSX__VLO,PSX,VLO,20190107_4_0,track_a,2019-01-08,2019-02-06
GIS__KMB,GIS,KMB,20190107_5_0,track_a,2019-01-08,2019-02-06
GIS__SYY,GIS,SYY,20190107_5_0,track_a,2019-01-08,2019-02-06
KMB__SYY,KMB,SYY,20190107_5_0,track_a,2019-01-08,2019-02-06
PNC__USB,PNC,USB,20190107_7_0,track_a,2019-01-08,2019-02-06
PNC__WFC,PNC,WFC,20190107_7_0,track_a,2019-01-08,2019-02-06
USB__WFC,USB,WFC,20190107_7_0,track_a,2019-01-08,2019-02-06
BAC__JPM,BAC,JPM,20190107_7_1,track_a,2019-01-08,2019-02-06
AAPL__TXN,AAPL,TXN,20190206_0_0,track_a,2019-02-07,2019-03-08
CSCO__MSFT,CSCO,MSFT,20190206_0_1,track_a,2019-02-07,2019-03-08
ADBE__INTC,ADBE,INTC,20190206_0_2,track_a,2019-02-07,2019-03-08
CVX__HAL,CVX,HAL,20190206_1_0,track_a,2019-02-07,2019-03-08
CVX__SLB,CVX,SLB,20190206_1_0,track_a,2019-02-07,2019-03-08
HAL__SLB,HAL,SLB,20190206_1_0,track_a,2019-02-07,2019-03-08
COP__EOG,COP,EOG,20190206_1_1,track_a,2019-02-07,2019-03-08
OXY__XOM,OXY,XOM,20190206_1_2,track_a,2019-02-07,2019-03-08
COST__IBM,COST,IBM,20190206_2_0,track_a,2019-02-07,2019-03-08
COST__ORCL,COST,ORCL,20190206_2_0,track_a,2019-02-07,2019-03-08
COST__QCOM,COST,QCOM,20190206_2_0,track_a,2019-02-07,2019-03-08
IBM__ORCL,IBM,ORCL,20190206_2_0,track_a,2019-02-07,2019-03-08
IBM__QCOM,IBM,QCOM,20190206_2_0,track_a,2019-02-07,2019-03-08
ORCL__QCOM,ORCL,QCOM,20190206_2_0,track_a,2019-02-07,2019-03-08
PNC__USB,PNC,USB,20190206_3_0,track_a,2019-02-07,2019-03-08
PNC__WFC,PNC,WFC,20190206_3_0,track_a,2019-02-07,2019-03-08
USB__WFC,USB,WFC,20190206_3_0,track_a,2019-02-07,2019-03-08
MPC__PSX,MPC,PSX,20190206_4_0,track_a,2019-02-07,2019-03-08
MPC__VLO,MPC,VLO,20190206_4_0,track_a,2019-02-07,2019-03-08
PSX__VLO,PSX,VLO,20190206_4_0,track_a,2019-02-07,2019-03-08
CL__KMB,CL,KMB,20190206_5_0,track_a,2019-02-07,2019-03-08
CL__PG,CL,PG,20190206_5_0,track_a,2019-02-07,2019-03-08
KMB__PG,KMB,PG,20190206_5_0,track_a,2019-02-07,2019-03-08
KO__PEP,KO,PEP,20190206_5_1,track_a,2019-02-07,2019-03-08
MDLZ__WMT,MDLZ,WMT,20190206_5_2,track_a,2019-02-07,2019-03-08
GIS__SYY,GIS,SYY,20190206_5_3,track_a,2019-02-07,2019-03-08
AXP__BLK,AXP,BLK,20190206_7_0,track_a,2019-02-07,2019-03-08
C__GS,C,GS,20190206_7_1,track_a,2019-02-07,2019-03-08
C__JPM,C,JPM,20190206_7_1,track_a,2019-02-07,2019-03-08
GS__JPM,GS,JPM,20190206_7_1,track_a,2019-02-07,2019-03-08
BAC__MS,BAC,MS,20190206_7_2,track_a,2019-02-07,2019-03-08
GIS__KMB,GIS,KMB,20190308_0_0,track_a,2019-03-11,2019-04-08
GIS__SYY,GIS,SYY,20190308_0_0,track_a,2019-03-11,2019-04-08
KMB__SYY,KMB,SYY,20190308_0_0,track_a,2019-03-11,2019-04-08
IBM__ORCL,IBM,ORCL,20190308_1_0,track_a,2019-03-11,2019-04-08
COST__QCOM,COST,QCOM,20190308_1_1,track_a,2019-03-11,2019-04-08
COST__WMT,COST,WMT,20190308_1_1,track_a,2019-03-11,2019-04-08
QCOM__WMT,QCOM,WMT,20190308_1_1,track_a,2019-03-11,2019-04-08
C__GS,C,GS,20190308_2_0,track_a,2019-03-11,2019-04-08
PNC__WFC,PNC,WFC,20190308_2_1,track_a,2019-03-11,2019-04-08
BAC__MS,BAC,MS,20190308_2_2,track_a,2019-03-11,2019-04-08
AXP__BLK,AXP,BLK,20190308_2_3,track_a,2019-03-11,2019-04-08
JPM__USB,JPM,USB,20190308_2_4,track_a,2019-03-11,2019-04-08
MPC__PSX,MPC,PSX,20190308_3_0,track_a,2019-03-11,2019-04-08
MPC__VLO,MPC,VLO,20190308_3_0,track_a,2019-03-11,2019-04-08
PSX__VLO,PSX,VLO,20190308_3_0,track_a,2019-03-11,2019-04-08
CVX__OXY,CVX,OXY,20190308_4_0,track_a,2019-03-11,2019-04-08
CVX__XOM,CVX,XOM,20190308_4_0,track_a,2019-03-11,2019-04-08
OXY__XOM,OXY,XOM,20190308_4_0,track_a,2019-03-11,2019-04-08
EOG__HAL,EOG,HAL,20190308_4_1,track_a,2019-03-11,2019-04-08
COP__SLB,COP,SLB,20190308_4_2,track_a,2019-03-11,2019-04-08
AAPL__TXN,AAPL,TXN,20190308_6_0,track_a,2019-03-11,2019-04-08
INTC__MSFT,INTC,MSFT,20190308_6_1,track_a,2019-03-11,2019-04-08
ADBE__CSCO,ADBE,CSCO,20190308_6_2,track_a,2019-03-11,2019-04-08
CL__PG,CL,PG,20190308_7_0,track_a,2019-03-11,2019-04-08
KO__MDLZ,KO,MDLZ,20190308_7_1,track_a,2019-03-11,2019-04-08
KO__PEP,KO,PEP,20190308_7_1,track_a,2019-03-11,2019-04-08
MDLZ__PEP,MDLZ,PEP,20190308_7_1,track_a,2019-03-11,2019-04-08
IBM__ORCL,IBM,ORCL,20190408_0_0,track_a,2019-04-09,2019-05-08
COST__QCOM,COST,QCOM,20190408_0_1,track_a,2019-04-09,2019-05-08
COST__WMT,COST,WMT,20190408_0_1,track_a,2019-04-09,2019-05-08
QCOM__WMT,QCOM,WMT,20190408_0_1,track_a,2019-04-09,2019-05-08
CVX__OXY,CVX,OXY,20190408_1_0,track_a,2019-04-09,2019-05-08
CVX__XOM,CVX,XOM,20190408_1_0,track_a,2019-04-09,2019-05-08
OXY__XOM,OXY,XOM,20190408_1_0,track_a,2019-04-09,2019-05-08
HAL__SLB,HAL,SLB,20190408_1_1,track_a,2019-04-09,2019-05-08
COP__EOG,COP,EOG,20190408_1_2,track_a,2019-04-09,2019-05-08
AXP__BLK,AXP,BLK,20190408_2_0,track_a,2019-04-09,2019-05-08
JPM__WFC,JPM,WFC,20190408_2_1,track_a,2019-04-09,2019-05-08
PNC__USB,PNC,USB,20190408_2_2,track_a,2019-04-09,2019-05-08
INTC__TXN,INTC,TXN,20190408_3_0,track_a,2019-04-09,2019-05-08
CSCO__MSFT,CSCO,MSFT,20190408_3_1,track_a,2019-04-09,2019-05-08
AAPL__ADBE,AAPL,ADBE,20190408_3_2,track_a,2019-04-09,2019-05-08
MPC__PSX,MPC,PSX,20190408_4_0,track_a,2019-04-09,2019-05-08
MPC__VLO,MPC,VLO,20190408_4_0,track_a,2019-04-09,2019-05-08
PSX__VLO,PSX,VLO,20190408_4_0,track_a,2019-04-09,2019-05-08
CL__PG,CL,PG,20190408_6_0,track_a,2019-04-09,2019-05-08
KO__PEP,KO,PEP,20190408_6_1,track_a,2019-04-09,2019-05-08
GIS__KMB,GIS,KMB,20190408_6_2,track_a,2019-04-09,2019-05-08
MDLZ__SYY,MDLZ,SYY,20190408_6_3,track_a,2019-04-09,2019-05-08
BAC__C,BAC,C,20190408_7_0,track_a,2019-04-09,2019-05-08
BAC__GS,BAC,GS,20190408_7_0,track_a,2019-04-09,2019-05-08
BAC__MS,BAC,MS,20190408_7_0,track_a,2019-04-09,2019-05-08
C__GS,C,GS,20190408_7_0,track_a,2019-04-09,2019-05-08
C__MS,C,MS,20190408_7_0,track_a,2019-04-09,2019-05-08
GS__MS,GS,MS,20190408_7_0,track_a,2019-04-09,2019-05-08
KO__MDLZ,KO,MDLZ,20190508_0_0,track_a,2019-05-09,2019-06-07
CL__PEP,CL,PEP,20190508_0_1,track_a,2019-05-09,2019-06-07
GIS__KMB,GIS,KMB,20190508_0_2,track_a,2019-05-09,2019-06-07
PG__SYY,PG,SYY,20190508_0_3,track_a,2019-05-09,2019-06-07
BAC__GS,BAC,GS,20190508_1_0,track_a,2019-05-09,2019-06-07
USB__WFC,USB,WFC,20190508_1_1,track_a,2019-05-09,2019-06-07
BLK__JPM,BLK,JPM,20190508_1_2,track_a,2019-05-09,2019-06-07
BLK__PNC,BLK,PNC,20190508_1_2,track_a,2019-05-09,2019-06-07
JPM__PNC,JPM,PNC,20190508_1_2,track_a,2019-05-09,2019-06-07
C__MS,C,MS,20190508_1_3,track_a,2019-05-09,2019-06-07
AXP__COST,AXP,COST,20190508_2_0,track_a,2019-05-09,2019-06-07
AXP__ORCL,AXP,ORCL,20190508_2_0,track_a,2019-05-09,2019-06-07
COST__ORCL,COST,ORCL,20190508_2_0,track_a,2019-05-09,2019-06-07
IBM__WMT,IBM,WMT,20190508_2_1,track_a,2019-05-09,2019-06-07
CVX__OXY,CVX,OXY,20190508_3_0,track_a,2019-05-09,2019-06-07
CVX__XOM,CVX,XOM,20190508_3_0,track_a,2019-05-09,2019-06-07
OXY__XOM,OXY,XOM,20190508_3_0,track_a,2019-05-09,2019-06-07
HAL__SLB,HAL,SLB,20190508_3_1,track_a,2019-05-09,2019-06-07
COP__EOG,COP,EOG,20190508_3_2,track_a,2019-05-09,2019-06-07
MPC__PSX,MPC,PSX,20190508_4_0,track_a,2019-05-09,2019-06-07
MPC__VLO,MPC,VLO,20190508_4_0,track_a,2019-05-09,2019-06-07
PSX__VLO,PSX,VLO,20190508_4_0,track_a,2019-05-09,2019-06-07
AAPL__MSFT,AAPL,MSFT,20190508_5_0,track_a,2019-05-09,2019-06-07
INTC__TXN,INTC,TXN,20190508_5_1,track_a,2019-05-09,2019-06-07
ADBE__CSCO,ADBE,CSCO,20190508_5_2,track_a,2019-05-09,2019-06-07
KO__PEP,KO,PEP,20190607_0_0,track_a,2019-06-10,2019-07-09
CL__PG,CL,PG,20190607_0_1,track_a,2019-06-10,2019-07-09
GIS__MDLZ,GIS,MDLZ,20190607_0_2,track_a,2019-06-10,2019-07-09
KMB__SYY,KMB,SYY,20190607_0_3,track_a,2019-06-10,2019-07-09
CVX__OXY,CVX,OXY,20190607_1_0,track_a,2019-06-10,2019-07-09
CVX__XOM,CVX,XOM,20190607_1_0,track_a,2019-06-10,2019-07-09
OXY__XOM,OXY,XOM,20190607_1_0,track_a,2019-06-10,2019-07-09
HAL__SLB,HAL,SLB,20190607_1_1,track_a,2019-06-10,2019-07-09
COP__EOG,COP,EOG,20190607_1_2,track_a,2019-06-10,2019-07-09
AXP__ORCL,AXP,ORCL,20190607_2_0,track_a,2019-06-10,2019-07-09
COST__IBM,COST,IBM,20190607_2_1,track_a,2019-06-10,2019-07-09
COST__WMT,COST,WMT,20190607_2_1,track_a,2019-06-10,2019-07-09
IBM__WMT,IBM,WMT,20190607_2_1,track_a,2019-06-10,2019-07-09
C__MS,C,MS,20190607_3_0,track_a,2019-06-10,2019-07-09
BAC__GS,BAC,GS,20190607_3_1,track_a,2019-06-10,2019-07-09
USB__WFC,USB,WFC,20190607_3_2,track_a,2019-06-10,2019-07-09
BLK__JPM,BLK,JPM,20190607_3_3,track_a,2019-06-10,2019-07-09
BLK__PNC,BLK,PNC,20190607_3_3,track_a,2019-06-10,2019-07-09
JPM__PNC,JPM,PNC,20190607_3_3,track_a,2019-06-10,2019-07-09
MPC__PSX,MPC,PSX,20190607_4_0,track_a,2019-06-10,2019-07-09
MPC__VLO,MPC,VLO,20190607_4_0,track_a,2019-06-10,2019-07-09
PSX__VLO,PSX,VLO,20190607_4_0,track_a,2019-06-10,2019-07-09
INTC__TXN,INTC,TXN,20190607_5_0,track_a,2019-06-10,2019-07-09
AAPL__ADBE,AAPL,ADBE,20190607_8_0,track_a,2019-06-10,2019-07-09
AAPL__CSCO,AAPL,CSCO,20190607_8_0,track_a,2019-06-10,2019-07-09
AAPL__MSFT,AAPL,MSFT,20190607_8_0,track_a,2019-06-10,2019-07-09
ADBE__CSCO,ADBE,CSCO,20190607_8_0,track_a,2019-06-10,2019-07-09
ADBE__MSFT,ADBE,MSFT,20190607_8_0,track_a,2019-06-10,2019-07-09
CSCO__MSFT,CSCO,MSFT,20190607_8_0,track_a,2019-06-10,2019-07-09
COP__OXY,COP,OXY,20190709_0_0,track_a,2019-07-10,2019-08-07
CVX__XOM,CVX,XOM,20190709_0_1,track_a,2019-07-10,2019-08-07
EOG__HAL,EOG,HAL,20190709_0_2,track_a,2019-07-10,2019-08-07
EOG__SLB,EOG,SLB,20190709_0_2,track_a,2019-07-10,2019-08-07
HAL__SLB,HAL,SLB,20190709_0_2,track_a,2019-07-10,2019-08-07
COST__ORCL,COST,ORCL,20190709_1_0,track_a,2019-07-10,2019-08-07
CSCO__IBM,CSCO,IBM,20190709_1_1,track_a,2019-07-10,2019-08-07
AXP__WMT,AXP,WMT,20190709_1_2,track_a,2019-07-10,2019-08-07
KO__PEP,KO,PEP,20190709_2_0,track_a,2019-07-10,2019-08-07
CL__MDLZ,CL,MDLZ,20190709_2_1,track_a,2019-07-10,2019-08-07
GIS__KMB,GIS,KMB,20190709_2_2,track_a,2019-07-10,2019-08-07
PG__SYY,PG,SYY,20190709_2_3,track_a,2019-07-10,2019-08-07
C__MS,C,MS,20190709_3_0,track_a,2019-07-10,2019-08-07
BAC__GS,BAC,GS,20190709_3_1,track_a,2019-07-10,2019-08-07
USB__WFC,USB,WFC,20190709_3_2,track_a,2019-07-10,2019-08-07
BLK__JPM,BLK,JPM,20190709_3_3,track_a,2019-07-10,2019-08-07
BLK__PNC,BLK,PNC,20190709_3_3,track_a,2019-07-10,2019-08-07
JPM__PNC,JPM,PNC,20190709_3_3,track_a,2019-07-10,2019-08-07
MPC__PSX,MPC,PSX,20190709_4_0,track_a,2019-07-10,2019-08-07
MPC__VLO,MPC,VLO,20190709_4_0,track_a,2019-07-10,2019-08-07
PSX__VLO,PSX,VLO,20190709_4_0,track_a,2019-07-10,2019-08-07
AAPL__INTC,AAPL,INTC,20190709_6_0,track_a,2019-07-10,2019-08-07
AAPL__TXN,AAPL,TXN,20190709_6_0,track_a,2019-07-10,2019-08-07
INTC__TXN,INTC,TXN,20190709_6_0,track_a,2019-07-10,2019-08-07
ADBE__MSFT,ADBE,MSFT,20190709_8_0,track_a,2019-07-10,2019-08-07
COST__IBM,COST,IBM,20190807_0_0,track_a,2019-08-08,2019-09-06
COST__WMT,COST,WMT,20190807_0_0,track_a,2019-08-08,2019-09-06
IBM__WMT,IBM,WMT,20190807_0_0,track_a,2019-08-08,2019-09-06
AXP__ORCL,AXP,ORCL,20190807_0_1,track_a,2019-08-08,2019-09-06
EOG__HAL,EOG,HAL,20190807_1_0,track_a,2019-08-08,2019-09-06
EOG__SLB,EOG,SLB,20190807_1_0,track_a,2019-08-08,2019-09-06
HAL__SLB,HAL,SLB,20190807_1_0,track_a,2019-08-08,2019-09-06
INTC__TXN,INTC,TXN,20190807_2_0,track_a,2019-08-08,2019-09-06
CL__PG,CL,PG,20190807_3_0,track_a,2019-08-08,2019-09-06
KO__PEP,KO,PEP,20190807_3_1,track_a,2019-08-08,2019-09-06
GIS__MDLZ,GIS,MDLZ,20190807_3_2,track_a,2019-08-08,2019-09-06
KMB__SYY,KMB,SYY,20190807_3_3,track_a,2019-08-08,2019-09-06
COP__CVX,COP,CVX,20190807_4_0,track_a,2019-08-08,2019-09-06
COP__OXY,COP,OXY,20190807_4_0,track_a,2019-08-08,2019-09-06
COP__XOM,COP,XOM,20190807_4_0,track_a,2019-08-08,2019-09-06
CVX__OXY,CVX,OXY,20190807_4_0,track_a,2019-08-08,2019-09-06
CVX__XOM,CVX,XOM,20190807_4_0,track_a,2019-08-08,2019-09-06
OXY__XOM,OXY,XOM,20190807_4_0,track_a,2019-08-08,2019-09-06
C__MS,C,MS,20190807_5_0,track_a,2019-08-08,2019-09-06
BAC__GS,BAC,GS,20190807_5_1,track_a,2019-08-08,2019-09-06
BLK__JPM,BLK,JPM,20190807_5_2,track_a,2019-08-08,2019-09-06
BLK__WFC,BLK,WFC,20190807_5_2,track_a,2019-08-08,2019-09-06
JPM__WFC,JPM,WFC,20190807_5_2,track_a,2019-08-08,2019-09-06
PNC__USB,PNC,USB,20190807_5_3,track_a,2019-08-08,2019-09-06
MPC__PSX,MPC,PSX,20190807_6_0,track_a,2019-08-08,2019-09-06
MPC__VLO,MPC,VLO,20190807_6_0,track_a,2019-08-08,2019-09-06
PSX__VLO,PSX,VLO,20190807_6_0,track_a,2019-08-08,2019-09-06
AAPL__ADBE,AAPL,ADBE,20190807_7_0,track_a,2019-08-08,2019-09-06
AAPL__CSCO,AAPL,CSCO,20190807_7_0,track_a,2019-08-08,2019-09-06
AAPL__MSFT,AAPL,MSFT,20190807_7_0,track_a,2019-08-08,2019-09-06
ADBE__CSCO,ADBE,CSCO,20190807_7_0,track_a,2019-08-08,2019-09-06
ADBE__MSFT,ADBE,MSFT,20190807_7_0,track_a,2019-08-08,2019-09-06
CSCO__MSFT,CSCO,MSFT,20190807_7_0,track_a,2019-08-08,2019-09-06
IBM__ORCL,IBM,ORCL,20190906_0_0,track_a,2019-09-09,2019-10-07
CSCO__MSFT,CSCO,MSFT,20190906_0_1,track_a,2019-09-09,2019-10-07
AXP__COST,AXP,COST,20190906_0_2,track_a,2019-09-09,2019-10-07
COP__CVX,COP,CVX,20190906_1_0,track_a,2019-09-09,2019-10-07
COP__OXY,COP,OXY,20190906_1_0,track_a,2019-09-09,2019-10-07
COP__XOM,COP,XOM,20190906_1_0,track_a,2019-09-09,2019-10-07
CVX__OXY,CVX,OXY,20190906_1_0,track_a,2019-09-09,2019-10-07
CVX__XOM,CVX,XOM,20190906_1_0,track_a,2019-09-09,2019-10-07
OXY__XOM,OXY,XOM,20190906_1_0,track_a,2019-09-09,2019-10-07
C__MS,C,MS,20190906_2_0,track_a,2019-09-09,2019-10-07
BLK__JPM,BLK,JPM,20190906_2_1,track_a,2019-09-09,2019-10-07
BLK__WFC,BLK,WFC,20190906_2_1,track_a,2019-09-09,2019-10-07
JPM__WFC,JPM,WFC,20190906_2_1,track_a,2019-09-09,2019-10-07
BAC__GS,BAC,GS,20190906_2_2,track_a,2019-09-09,2019-10-07
PNC__USB,PNC,USB,20190906_2_3,track_a,2019-09-09,2019-10-07
CL__KMB,CL,KMB,20190906_3_0,track_a,2019-09-09,2019-10-07
CL__PG,CL,PG,20190906_3_0,track_a,2019-09-09,2019-10-07
KMB__PG,KMB,PG,20190906_3_0,track_a,2019-09-09,2019-10-07
KO__PEP,KO,PEP,20190906_3_1,track_a,2019-09-09,2019-10-07
SYY__WMT,SYY,WMT,20190906_3_2,track_a,2019-09-09,2019-10-07
GIS__MDLZ,GIS,MDLZ,20190906_3_3,track_a,2019-09-09,2019-10-07
EOG__HAL,EOG,HAL,20190906_5_0,track_a,2019-09-09,2019-10-07
EOG__SLB,EOG,SLB,20190906_5_0,track_a,2019-09-09,2019-10-07
HAL__SLB,HAL,SLB,20190906_5_0,track_a,2019-09-09,2019-10-07
MPC__PSX,MPC,PSX,20190906_6_0,track_a,2019-09-09,2019-10-07
MPC__VLO,MPC,VLO,20190906_6_0,track_a,2019-09-09,2019-10-07
PSX__VLO,PSX,VLO,20190906_6_0,track_a,2019-09-09,2019-10-07
AAPL__INTC,AAPL,INTC,20190906_7_0,track_a,2019-09-09,2019-10-07
AAPL__TXN,AAPL,TXN,20190906_7_0,track_a,2019-09-09,2019-10-07
INTC__TXN,INTC,TXN,20190906_7_0,track_a,2019-09-09,2019-10-07
AAPL__INTC,AAPL,INTC,20191007_0_0,track_a,2019-10-08,2019-11-05
AAPL__QCOM,AAPL,QCOM,20191007_0_0,track_a,2019-10-08,2019-11-05
AAPL__TXN,AAPL,TXN,20191007_0_0,track_a,2019-10-08,2019-11-05
INTC__QCOM,INTC,QCOM,20191007_0_0,track_a,2019-10-08,2019-11-05
INTC__TXN,INTC,TXN,20191007_0_0,track_a,2019-10-08,2019-11-05
QCOM__TXN,QCOM,TXN,20191007_0_0,track_a,2019-10-08,2019-11-05
COP__CVX,COP,CVX,20191007_1_0,track_a,2019-10-08,2019-11-05
COP__OXY,COP,OXY,20191007_1_0,track_a,2019-10-08,2019-11-05
COP__XOM,COP,XOM,20191007_1_0,track_a,2019-10-08,2019-11-05
CVX__OXY,CVX,OXY,20191007_1_0,track_a,2019-10-08,2019-11-05
CVX__XOM,CVX,XOM,20191007_1_0,track_a,2019-10-08,2019-11-05
OXY__XOM,OXY,XOM,20191007_1_0,track_a,2019-10-08,2019-11-05
C__MS,C,MS,20191007_2_0,track_a,2019-10-08,2019-11-05
BLK__JPM,BLK,JPM,20191007_2_1,track_a,2019-10-08,2019-11-05
BLK__WFC,BLK,WFC,20191007_2_1,track_a,2019-10-08,2019-11-05
JPM__WFC,JPM,WFC,20191007_2_1,track_a,2019-10-08,2019-11-05
BAC__GS,BAC,GS,20191007_2_2,track_a,2019-10-08,2019-11-05
PNC__USB,PNC,USB,20191007_2_3,track_a,2019-10-08,2019-11-05
CL__PG,CL,PG,20191007_3_0,track_a,2019-10-08,2019-11-05
KO__PEP,KO,PEP,20191007_3_1,track_a,2019-10-08,2019-11-05
GIS__KMB,GIS,KMB,20191007_3_2,track_a,2019-10-08,2019-11-05
GIS__MDLZ,GIS,MDLZ,20191007_3_2,track_a,2019-10-08,2019-11-05
KMB__MDLZ,KMB,MDLZ,20191007_3_2,track_a,2019-10-08,2019-11-05
SYY__WMT,SYY,WMT,20191007_3_3,track_a,2019-10-08,2019-11-05
MPC__PSX,MPC,PSX,20191007_4_0,track_a,2019-10-08,2019-11-05
MPC__VLO,MPC,VLO,20191007_4_0,track_a,2019-10-08,2019-11-05
PSX__VLO,PSX,VLO,20191007_4_0,track_a,2019-10-08,2019-11-05
EOG__HAL,EOG,HAL,20191007_6_0,track_a,2019-10-08,2019-11-05
EOG__SLB,EOG,SLB,20191007_6_0,track_a,2019-10-08,2019-11-05
HAL__SLB,HAL,SLB,20191007_6_0,track_a,2019-10-08,2019-11-05
ADBE__CSCO,ADBE,CSCO,20191007_7_0,track_a,2019-10-08,2019-11-05
ADBE__MSFT,ADBE,MSFT,20191007_7_0,track_a,2019-10-08,2019-11-05
CSCO__MSFT,CSCO,MSFT,20191007_7_0,track_a,2019-10-08,2019-11-05
IBM__ORCL,IBM,ORCL,20191007_7_1,track_a,2019-10-08,2019-11-05
AXP__COST,AXP,COST,20191007_7_2,track_a,2019-10-08,2019-11-05
MDLZ__PEP,MDLZ,PEP,20191105_0_0,track_a,2019-11-06,2019-12-05
CL__KMB,CL,KMB,20191105_0_1,track_a,2019-11-06,2019-12-05
CL__PG,CL,PG,20191105_0_1,track_a,2019-11-06,2019-12-05
KMB__PG,KMB,PG,20191105_0_1,track_a,2019-11-06,2019-12-05
GIS__KO,GIS,KO,20191105_0_2,track_a,2019-11-06,2019-12-05
SYY__WMT,SYY,WMT,20191105_0_3,track_a,2019-11-06,2019-12-05
CVX__PSX,CVX,PSX,20191105_1_0,track_a,2019-11-06,2019-12-05
CVX__XOM,CVX,XOM,20191105_1_0,track_a,2019-11-06,2019-12-05
PSX__XOM,PSX,XOM,20191105_1_0,track_a,2019-11-06,2019-12-05
MPC__VLO,MPC,VLO,20191105_1_1,track_a,2019-11-06,2019-12-05
BLK__JPM,BLK,JPM,20191105_2_0,track_a,2019-11-06,2019-12-05
BLK__WFC,BLK,WFC,20191105_2_0,track_a,2019-11-06,2019-12-05
JPM__WFC,JPM,WFC,20191105_2_0,track_a,2019-11-06,2019-12-05
GS__MS,GS,MS,20191105_2_1,track_a,2019-11-06,2019-12-05
BAC__C,BAC,C,20191105_2_2,track_a,2019-11-06,2019-12-05
PNC__USB,PNC,USB,20191105_2_3,track_a,2019-11-06,2019-12-05
ADBE__CSCO,ADBE,CSCO,20191105_3_0,track_a,2019-11-06,2019-12-05
ADBE__MSFT,ADBE,MSFT,20191105_3_0,track_a,2019-11-06,2019-12-05
CSCO__MSFT,CSCO,MSFT,20191105_3_0,track_a,2019-11-06,2019-12-05
AXP__ORCL,AXP,ORCL,20191105_3_1,track_a,2019-11-06,2019-12-05
COST__IBM,COST,IBM,20191105_3_2,track_a,2019-11-06,2019-12-05
COP__OXY,COP,OXY,20191105_5_0,track_a,2019-11-06,2019-12-05
EOG__HAL,EOG,HAL,20191105_5_1,track_a,2019-11-06,2019-12-05
EOG__SLB,EOG,SLB,20191105_5_1,track_a,2019-11-06,2019-12-05
HAL__SLB,HAL,SLB,20191105_5_1,track_a,2019-11-06,2019-12-05
AAPL__INTC,AAPL,INTC,20191105_6_0,track_a,2019-11-06,2019-12-05
AAPL__TXN,AAPL,TXN,20191105_6_0,track_a,2019-11-06,2019-12-05
INTC__TXN,INTC,TXN,20191105_6_0,track_a,2019-11-06,2019-12-05
COP__CVX,COP,CVX,20191205_0_0,track_a,2019-12-06,2020-01-07
COP__OXY,COP,OXY,20191205_0_0,track_a,2019-12-06,2020-01-07
COP__XOM,COP,XOM,20191205_0_0,track_a,2019-12-06,2020-01-07
CVX__OXY,CVX,OXY,20191205_0_0,track_a,2019-12-06,2020-01-07
CVX__XOM,CVX,XOM,20191205_0_0,track_a,2019-12-06,2020-01-07
OXY__XOM,OXY,XOM,20191205_0_0,track_a,2019-12-06,2020-01-07
BLK__JPM,BLK,JPM,20191205_1_0,track_a,2019-12-06,2020-01-07
BLK__WFC,BLK,WFC,20191205_1_0,track_a,2019-12-06,2020-01-07
JPM__WFC,JPM,WFC,20191205_1_0,track_a,2019-12-06,2020-01-07
C__MS,C,MS,20191205_1_1,track_a,2019-12-06,2020-01-07
BAC__GS,BAC,GS,20191205_1_2,track_a,2019-12-06,2020-01-07
PNC__USB,PNC,USB,20191205_1_3,track_a,2019-12-06,2020-01-07
AAPL__INTC,AAPL,INTC,20191205_2_0,track_a,2019-12-06,2020-01-07
AAPL__TXN,AAPL,TXN,20191205_2_0,track_a,2019-12-06,2020-01-07
INTC__TXN,INTC,TXN,20191205_2_0,track_a,2019-12-06,2020-01-07
CL__PG,CL,PG,20191205_3_0,track_a,2019-12-06,2020-01-07
GIS__MDLZ,GIS,MDLZ,20191205_3_1,track_a,2019-12-06,2020-01-07
GIS__PEP,GIS,PEP,20191205_3_1,track_a,2019-12-06,2020-01-07
MDLZ__PEP,MDLZ,PEP,20191205_3_1,track_a,2019-12-06,2020-01-07
SYY__WMT,SYY,WMT,20191205_3_2,track_a,2019-12-06,2020-01-07
KMB__KO,KMB,KO,20191205_3_3,track_a,2019-12-06,2020-01-07
ADBE__CSCO,ADBE,CSCO,20191205_4_0,track_a,2019-12-06,2020-01-07
ADBE__MSFT,ADBE,MSFT,20191205_4_0,track_a,2019-12-06,2020-01-07
CSCO__MSFT,CSCO,MSFT,20191205_4_0,track_a,2019-12-06,2020-01-07
AXP__ORCL,AXP,ORCL,20191205_4_1,track_a,2019-12-06,2020-01-07
COST__IBM,COST,IBM,20191205_4_2,track_a,2019-12-06,2020-01-07
EOG__HAL,EOG,HAL,20191205_6_0,track_a,2019-12-06,2020-01-07
EOG__SLB,EOG,SLB,20191205_6_0,track_a,2019-12-06,2020-01-07
HAL__SLB,HAL,SLB,20191205_6_0,track_a,2019-12-06,2020-01-07
MPC__PSX,MPC,PSX,20191205_7_0,track_a,2019-12-06,2020-01-07
MPC__VLO,MPC,VLO,20191205_7_0,track_a,2019-12-06,2020-01-07
PSX__VLO,PSX,VLO,20191205_7_0,track_a,2019-12-06,2020-01-07
CL__PG,CL,PG,20200107_0_0,track_a,2020-01-08,2020-02-06
KO__PEP,KO,PEP,20200107_0_1,track_a,2020-01-08,2020-02-06
KMB__MDLZ,KMB,MDLZ,20200107_0_2,track_a,2020-01-08,2020-02-06
COST__SYY,COST,SYY,20200107_0_3,track_a,2020-01-08,2020-02-06
GIS__WMT,GIS,WMT,20200107_0_4,track_a,2020-01-08,2020-02-06
JPM__WFC,JPM,WFC,20200107_1_0,track_a,2020-01-08,2020-02-06
GS__MS,GS,MS,20200107_1_1,track_a,2020-01-08,2020-02-06
BAC__C,BAC,C,20200107_1_2,track_a,2020-01-08,2020-02-06
BLK__PNC,BLK,PNC,20200107_1_3,track_a,2020-01-08,2020-02-06
BLK__USB,BLK,USB,20200107_1_3,track_a,2020-01-08,2020-02-06
PNC__USB,PNC,USB,20200107_1_3,track_a,2020-01-08,2020-02-06
IBM__ORCL,IBM,ORCL,20200107_2_0,track_a,2020-01-08,2020-02-06
ADBE__MSFT,ADBE,MSFT,20200107_2_1,track_a,2020-01-08,2020-02-06
AXP__CSCO,AXP,CSCO,20200107_2_2,track_a,2020-01-08,2020-02-06
COP__CVX,COP,CVX,20200107_3_0,track_a,2020-01-08,2020-02-06
COP__OXY,COP,OXY,20200107_3_0,track_a,2020-01-08,2020-02-06
COP__XOM,COP,XOM,20200107_3_0,track_a,2020-01-08,2020-02-06
CVX__OXY,CVX,OXY,20200107_3_0,track_a,2020-01-08,2020-02-06
CVX__XOM,CVX,XOM,20200107_3_0,track_a,2020-01-08,2020-02-06
OXY__XOM,OXY,XOM,20200107_3_0,track_a,2020-01-08,2020-02-06
MPC__PSX,MPC,PSX,20200107_4_0,track_a,2020-01-08,2020-02-06
MPC__VLO,MPC,VLO,20200107_4_0,track_a,2020-01-08,2020-02-06
PSX__VLO,PSX,VLO,20200107_4_0,track_a,2020-01-08,2020-02-06
AAPL__INTC,AAPL,INTC,20200107_6_0,track_a,2020-01-08,2020-02-06
AAPL__QCOM,AAPL,QCOM,20200107_6_0,track_a,2020-01-08,2020-02-06
AAPL__TXN,AAPL,TXN,20200107_6_0,track_a,2020-01-08,2020-02-06
INTC__QCOM,INTC,QCOM,20200107_6_0,track_a,2020-01-08,2020-02-06
INTC__TXN,INTC,TXN,20200107_6_0,track_a,2020-01-08,2020-02-06
QCOM__TXN,QCOM,TXN,20200107_6_0,track_a,2020-01-08,2020-02-06
EOG__HAL,EOG,HAL,20200107_7_0,track_a,2020-01-08,2020-02-06
EOG__SLB,EOG,SLB,20200107_7_0,track_a,2020-01-08,2020-02-06
HAL__SLB,HAL,SLB,20200107_7_0,track_a,2020-01-08,2020-02-06
KMB__MDLZ,KMB,MDLZ,20200206_0_0,track_a,2020-02-07,2020-03-09
KMB__PG,KMB,PG,20200206_0_0,track_a,2020-02-07,2020-03-09
MDLZ__PG,MDLZ,PG,20200206_0_0,track_a,2020-02-07,2020-03-09
KO__PEP,KO,PEP,20200206_0_1,track_a,2020-02-07,2020-03-09
CL__GIS,CL,GIS,20200206_0_2,track_a,2020-02-07,2020-03-09
USB__WFC,USB,WFC,20200206_1_0,track_a,2020-02-07,2020-03-09
C__MS,C,MS,20200206_1_1,track_a,2020-02-07,2020-03-09
JPM__PNC,JPM,PNC,20200206_1_2,track_a,2020-02-07,2020-03-09
BAC__BLK,BAC,BLK,20200206_1_3,track_a,2020-02-07,2020-03-09
BAC__GS,BAC,GS,20200206_1_3,track_a,2020-02-07,2020-03-09
BLK__GS,BLK,GS,20200206_1_3,track_a,2020-02-07,2020-03-09
AAPL__INTC,AAPL,INTC,20200206_2_0,track_a,2020-02-07,2020-03-09
AAPL__TXN,AAPL,TXN,20200206_2_0,track_a,2020-02-07,2020-03-09
INTC__TXN,INTC,TXN,20200206_2_0,track_a,2020-02-07,2020-03-09
NVDA__QCOM,NVDA,QCOM,20200206_2_1,track_a,2020-02-07,2020-03-09
EOG__HAL,EOG,HAL,20200206_3_0,track_a,2020-02-07,2020-03-09
EOG__SLB,EOG,SLB,20200206_3_0,track_a,2020-02-07,2020-03-09
HAL__SLB,HAL,SLB,20200206_3_0,track_a,2020-02-07,2020-03-09
COP__OXY,COP,OXY,20200206_3_1,track_a,2020-02-07,2020-03-09
MPC__VLO,MPC,VLO,20200206_4_0,track_a,2020-02-07,2020-03-09
IBM__ORCL,IBM,ORCL,20200206_5_0,track_a,2020-02-07,2020-03-09
ADBE__MSFT,ADBE,MSFT,20200206_5_1,track_a,2020-02-07,2020-03-09
AXP__CSCO,AXP,CSCO,20200206_5_2,track_a,2020-02-07,2020-03-09
COST__SYY,COST,SYY,20200206_6_0,track_a,2020-02-07,2020-03-09
COST__WMT,COST,WMT,20200206_6_0,track_a,2020-02-07,2020-03-09
SYY__WMT,SYY,WMT,20200206_6_0,track_a,2020-02-07,2020-03-09
CVX__PSX,CVX,PSX,20200206_7_0,track_a,2020-02-07,2020-03-09
CVX__XOM,CVX,XOM,20200206_7_0,track_a,2020-02-07,2020-03-09
PSX__XOM,PSX,XOM,20200206_7_0,track_a,2020-02-07,2020-03-09
MDLZ__PG,MDLZ,PG,20200309_0_0,track_a,2020-03-10,2020-04-07
KO__PEP,KO,PEP,20200309_0_1,track_a,2020-03-10,2020-04-07
SYY__WMT,SYY,WMT,20200309_0_2,track_a,2020-03-10,2020-04-07
CL__KMB,CL,KMB,20200309_0_3,track_a,2020-03-10,2020-04-07
COST__GIS,COST,GIS,20200309_0_4,track_a,2020-03-10,2020-04-07
USB__WFC,USB,WFC,20200309_1_0,track_a,2020-03-10,2020-04-07
GS__JPM,GS,JPM,20200309_1_1,track_a,2020-03-10,2020-04-07
BAC__C,BAC,C,20200309_1_2,track_a,2020-03-10,2020-04-07
BAC__PNC,BAC,PNC,20200309_1_2,track_a,2020-03-10,2020-04-07
C__PNC,C,PNC,20200309_1_2,track_a,2020-03-10,2020-04-07
BLK__MS,BLK,MS,20200309_1_3,track_a,2020-03-10,2020-04-07
IBM__ORCL,IBM,ORCL,20200309_2_0,track_a,2020-03-10,2020-04-07
ADBE__CSCO,ADBE,CSCO,20200309_2_1,track_a,2020-03-10,2020-04-07
ADBE__MSFT,ADBE,MSFT,20200309_2_1,track_a,2020-03-10,2020-04-07
CSCO__MSFT,CSCO,MSFT,20200309_2_1,track_a,2020-03-10,2020-04-07
AAPL__AXP,AAPL,AXP,20200309_2_2,track_a,2020-03-10,2020-04-07
COP__EOG,COP,EOG,20200309_3_0,track_a,2020-03-10,2020-04-07
COP__OXY,COP,OXY,20200309_3_0,track_a,2020-03-10,2020-04-07
EOG__OXY,EOG,OXY,20200309_3_0,track_a,2020-03-10,2020-04-07
MPC__VLO,MPC,VLO,20200309_4_0,track_a,2020-03-10,2020-04-07
INTC__NVDA,INTC,NVDA,20200309_5_0,track_a,2020-03-10,2020-04-07
INTC__QCOM,INTC,QCOM,20200309_5_0,track_a,2020-03-10,2020-04-07
INTC__TXN,INTC,TXN,20200309_5_0,track_a,2020-03-10,2020-04-07
NVDA__QCOM,NVDA,QCOM,20200309_5_0,track_a,2020-03-10,2020-04-07
NVDA__TXN,NVDA,TXN,20200309_5_0,track_a,2020-03-10,2020-04-07
QCOM__TXN,QCOM,TXN,20200309_5_0,track_a,2020-03-10,2020-04-07
HAL__SLB,HAL,SLB,20200309_6_0,track_a,2020-03-10,2020-04-07
CVX__PSX,CVX,PSX,20200309_7_0,track_a,2020-03-10,2020-04-07
CVX__XOM,CVX,XOM,20200309_7_0,track_a,2020-03-10,2020-04-07
PSX__XOM,PSX,XOM,20200309_7_0,track_a,2020-03-10,2020-04-07
COST__IBM,COST,IBM,20200407_0_0,track_a,2020-04-08,2020-05-07
COST__WMT,COST,WMT,20200407_0_0,track_a,2020-04-08,2020-05-07
COST__XOM,COST,XOM,20200407_0_0,track_a,2020-04-08,2020-05-07
IBM__WMT,IBM,WMT,20200407_0_0,track_a,2020-04-08,2020-05-07
IBM__XOM,IBM,XOM,20200407_0_0,track_a,2020-04-08,2020-05-07
WMT__XOM,WMT,XOM,20200407_0_0,track_a,2020-04-08,2020-05-07
MPC__PSX,MPC,PSX,20200407_1_0,track_a,2020-04-08,2020-05-07
MPC__VLO,MPC,VLO,20200407_1_0,track_a,2020-04-08,2020-05-07
PSX__VLO,PSX,VLO,20200407_1_0,track_a,2020-04-08,2020-05-07
COP__EOG,COP,EOG,20200407_2_0,track_a,2020-04-08,2020-05-07
COP__SLB,COP,SLB,20200407_2_0,track_a,2020-04-08,2020-05-07
EOG__SLB,EOG,SLB,20200407_2_0,track_a,2020-04-08,2020-05-07
JPM__PNC,JPM,PNC,20200407_3_0,track_a,2020-04-08,2020-05-07
BAC__MS,BAC,MS,20200407_3_1,track_a,2020-04-08,2020-05-07
AXP__BLK,AXP,BLK,20200407_3_2,track_a,2020-04-08,2020-05-07
C__CVX,C,CVX,20200407_3_3,track_a,2020-04-08,2020-05-07
C__GS,C,GS,20200407_3_3,track_a,2020-04-08,2020-05-07
CVX__GS,CVX,GS,20200407_3_3,track_a,2020-04-08,2020-05-07
USB__WFC,USB,WFC,20200407_3_4,track_a,2020-04-08,2020-05-07
CL__MDLZ,CL,MDLZ,20200407_5_0,track_a,2020-04-08,2020-05-07
KMB__PG,KMB,PG,20200407_5_1,track_a,2020-04-08,2020-05-07
KO__PEP,KO,PEP,20200407_5_2,track_a,2020-04-08,2020-05-07
AAPL__ADBE,AAPL,ADBE,20200407_6_0,track_a,2020-04-08,2020-05-07
MSFT__TXN,MSFT,TXN,20200407_6_1,track_a,2020-04-08,2020-05-07
INTC__NVDA,INTC,NVDA,20200407_6_2,track_a,2020-04-08,2020-05-07
INTC__QCOM,INTC,QCOM,20200407_6_2,track_a,2020-04-08,2020-05-07
NVDA__QCOM,NVDA,QCOM,20200407_6_2,track_a,2020-04-08,2020-05-07
HAL__OXY,HAL,OXY,20200407_7_0,track_a,2020-04-08,2020-05-07
CSCO__ORCL,CSCO,ORCL,20200407_8_0,track_a,2020-04-08,2020-05-07
COST__WMT,COST,WMT,20200507_0_0,track_a,2020-05-08,2020-06-08
CL__MDLZ,CL,MDLZ,20200507_0_1,track_a,2020-05-08,2020-06-08
CL__PEP,CL,PEP,20200507_0_1,track_a,2020-05-08,2020-06-08
MDLZ__PEP,MDLZ,PEP,20200507_0_1,track_a,2020-05-08,2020-06-08
KMB__PG,KMB,PG,20200507_0_2,track_a,2020-05-08,2020-06-08
GIS__KO,GIS,KO,20200507_0_3,track_a,2020-05-08,2020-06-08
BAC__WFC,BAC,WFC,20200507_1_0,track_a,2020-05-08,2020-06-08
JPM__PNC,JPM,PNC,20200507_1_1,track_a,2020-05-08,2020-06-08
BLK__GS,BLK,GS,20200507_1_2,track_a,2020-05-08,2020-06-08
AXP__USB,AXP,USB,20200507_1_3,track_a,2020-05-08,2020-06-08
C__MS,C,MS,20200507_1_4,track_a,2020-05-08,2020-06-08
COP__EOG,COP,EOG,20200507_2_0,track_a,2020-05-08,2020-06-08
COP__SLB,COP,SLB,20200507_2_0,track_a,2020-05-08,2020-06-08
EOG__SLB,EOG,SLB,20200507_2_0,track_a,2020-05-08,2020-06-08
CVX__XOM,CVX,XOM,20200507_2_1,track_a,2020-05-08,2020-06-08
ADBE__TXN,ADBE,TXN,20200507_3_0,track_a,2020-05-08,2020-06-08
AAPL__CSCO,AAPL,CSCO,20200507_3_1,track_a,2020-05-08,2020-06-08
IBM__ORCL,IBM,ORCL,20200507_3_2,track_a,2020-05-08,2020-06-08
MSFT__QCOM,MSFT,QCOM,20200507_3_3,track_a,2020-05-08,2020-06-08
MPC__PSX,MPC,PSX,20200507_4_0,track_a,2020-05-08,2020-06-08
MPC__VLO,MPC,VLO,20200507_4_0,track_a,2020-05-08,2020-06-08
PSX__VLO,PSX,VLO,20200507_4_0,track_a,2020-05-08,2020-06-08
INTC__NVDA,INTC,NVDA,20200507_8_0,track_a,2020-05-08,2020-06-08
INTC__NVDA,INTC,NVDA,20200608_0_0,track_a,2020-06-09,2020-07-08
INTC__QCOM,INTC,QCOM,20200608_0_0,track_a,2020-06-09,2020-07-08
NVDA__QCOM,NVDA,QCOM,20200608_0_0,track_a,2020-06-09,2020-07-08
BAC__WFC,BAC,WFC,20200608_1_0,track_a,2020-06-09,2020-07-08
JPM__PNC,JPM,PNC,20200608_1_1,track_a,2020-06-09,2020-07-08
AXP__C,AXP,C,20200608_1_2,track_a,2020-06-09,2020-07-08
BLK__MS,BLK,MS,20200608_1_3,track_a,2020-06-09,2020-07-08
GS__USB,GS,USB,20200608_1_4,track_a,2020-06-09,2020-07-08
COST__WMT,COST,WMT,20200608_2_0,track_a,2020-06-09,2020-07-08
CL__MDLZ,CL,MDLZ,20200608_2_1,track_a,2020-06-09,2020-07-08
CL__PEP,CL,PEP,20200608_2_1,track_a,2020-06-09,2020-07-08
MDLZ__PEP,MDLZ,PEP,20200608_2_1,track_a,2020-06-09,2020-07-08
KMB__PG,KMB,PG,20200608_2_2,track_a,2020-06-09,2020-07-08
GIS__KO,GIS,KO,20200608_2_3,track_a,2020-06-09,2020-07-08
CVX__PSX,CVX,PSX,20200608_3_0,track_a,2020-06-09,2020-07-08
CVX__SYY,CVX,SYY,20200608_3_0,track_a,2020-06-09,2020-07-08
CVX__XOM,CVX,XOM,20200608_3_0,track_a,2020-06-09,2020-07-08
PSX__SYY,PSX,SYY,20200608_3_0,track_a,2020-06-09,2020-07-08
PSX__XOM,PSX,XOM,20200608_3_0,track_a,2020-06-09,2020-07-08
SYY__XOM,SYY,XOM,20200608_3_0,track_a,2020-06-09,2020-07-08
MPC__VLO,MPC,VLO,20200608_5_0,track_a,2020-06-09,2020-07-08
AAPL__CSCO,AAPL,CSCO,20200608_6_0,track_a,2020-06-09,2020-07-08
AAPL__MSFT,AAPL,MSFT,20200608_6_0,track_a,2020-06-09,2020-07-08
CSCO__MSFT,CSCO,MSFT,20200608_6_0,track_a,2020-06-09,2020-07-08
ADBE__TXN,ADBE,TXN,20200608_6_1,track_a,2020-06-09,2020-07-08
IBM__ORCL,IBM,ORCL,20200608_6_2,track_a,2020-06-09,2020-07-08
COP__EOG,COP,EOG,20200608_7_0,track_a,2020-06-09,2020-07-08
COP__HAL,COP,HAL,20200608_7_0,track_a,2020-06-09,2020-07-08
COP__SLB,COP,SLB,20200608_7_0,track_a,2020-06-09,2020-07-08
EOG__HAL,EOG,HAL,20200608_7_0,track_a,2020-06-09,2020-07-08
EOG__SLB,EOG,SLB,20200608_7_0,track_a,2020-06-09,2020-07-08
HAL__SLB,HAL,SLB,20200608_7_0,track_a,2020-06-09,2020-07-08
COP__SLB,COP,SLB,20200708_0_0,track_a,2020-07-09,2020-08-06
CVX__XOM,CVX,XOM,20200708_0_1,track_a,2020-07-09,2020-08-06
EOG__HAL,EOG,HAL,20200708_0_2,track_a,2020-07-09,2020-08-06
CL__MDLZ,CL,MDLZ,20200708_1_0,track_a,2020-07-09,2020-08-06
IBM__ORCL,IBM,ORCL,20200708_1_1,track_a,2020-07-09,2020-08-06
PEP__PG,PEP,PG,20200708_1_2,track_a,2020-07-09,2020-08-06
BAC__WFC,BAC,WFC,20200708_2_0,track_a,2020-07-09,2020-08-06
JPM__PNC,JPM,PNC,20200708_2_1,track_a,2020-07-09,2020-08-06
AXP__C,AXP,C,20200708_2_2,track_a,2020-07-09,2020-08-06
BLK__GS,BLK,GS,20200708_2_3,track_a,2020-07-09,2020-08-06
MS__USB,MS,USB,20200708_2_4,track_a,2020-07-09,2020-08-06
AAPL__CSCO,AAPL,CSCO,20200708_3_0,track_a,2020-07-09,2020-08-06
ADBE__TXN,ADBE,TXN,20200708_3_1,track_a,2020-07-09,2020-08-06
INTC__NVDA,INTC,NVDA,20200708_3_2,track_a,2020-07-09,2020-08-06
MSFT__QCOM,MSFT,QCOM,20200708_3_3,track_a,2020-07-09,2020-08-06
MPC__PSX,MPC,PSX,20200708_4_0,track_a,2020-07-09,2020-08-06
MPC__VLO,MPC,VLO,20200708_4_0,track_a,2020-07-09,2020-08-06
PSX__VLO,PSX,VLO,20200708_4_0,track_a,2020-07-09,2020-08-06
COST__WMT,COST,WMT,20200708_5_0,track_a,2020-07-09,2020-08-06
GIS__KMB,GIS,KMB,20200708_5_1,track_a,2020-07-09,2020-08-06
GIS__KO,GIS,KO,20200708_5_1,track_a,2020-07-09,2020-08-06
KMB__KO,KMB,KO,20200708_5_1,track_a,2020-07-09,2020-08-06
IBM__MDLZ,IBM,MDLZ,20200806_0_0,track_a,2020-08-07,2020-09-04
IBM__ORCL,IBM,ORCL,20200806_0_0,track_a,2020-08-07,2020-09-04
IBM__PEP,IBM,PEP,20200806_0_0,track_a,2020-08-07,2020-09-04
MDLZ__ORCL,MDLZ,ORCL,20200806_0_0,track_a,2020-08-07,2020-09-04
MDLZ__PEP,MDLZ,PEP,20200806_0_0,track_a,2020-08-07,2020-09-04
ORCL__PEP,ORCL,PEP,20200806_0_0,track_a,2020-08-07,2020-09-04
AAPL__TXN,AAPL,TXN,20200806_1_0,track_a,2020-08-07,2020-09-04
ADBE__MSFT,ADBE,MSFT,20200806_1_1,track_a,2020-08-07,2020-09-04
INTC__NVDA,INTC,NVDA,20200806_1_2,track_a,2020-08-07,2020-09-04
CSCO__QCOM,CSCO,QCOM,20200806_1_3,track_a,2020-08-07,2020-09-04
CVX__PSX,CVX,PSX,20200806_2_0,track_a,2020-08-07,2020-09-04
CVX__SYY,CVX,SYY,20200806_2_0,track_a,2020-08-07,2020-09-04
CVX__XOM,CVX,XOM,20200806_2_0,track_a,2020-08-07,2020-09-04
PSX__SYY,PSX,SYY,20200806_2_0,track_a,2020-08-07,2020-09-04
PSX__XOM,PSX,XOM,20200806_2_0,track_a,2020-08-07,2020-09-04
SYY__XOM,SYY,XOM,20200806_2_0,track_a,2020-08-07,2020-09-04
MPC__VLO,MPC,VLO,20200806_3_0,track_a,2020-08-07,2020-09-04
JPM__PNC,JPM,PNC,20200806_4_0,track_a,2020-08-07,2020-09-04
BAC__WFC,BAC,WFC,20200806_4_1,track_a,2020-08-07,2020-09-04
AXP__C,AXP,C,20200806_4_2,track_a,2020-08-07,2020-09-04
BLK__GS,BLK,GS,20200806_4_3,track_a,2020-08-07,2020-09-04
MS__USB,MS,USB,20200806_4_4,track_a,2020-08-07,2020-09-04
CL__KO,CL,KO,20200806_5_0,track_a,2020-08-07,2020-09-04
CL__PG,CL,PG,20200806_5_0,track_a,2020-08-07,2020-09-04
KO__PG,KO,PG,20200806_5_0,track_a,2020-08-07,2020-09-04
COST__WMT,COST,WMT,20200806_5_1,track_a,2020-08-07,2020-09-04
GIS__KMB,GIS,KMB,20200806_5_2,track_a,2020-08-07,2020-09-04
HAL__OXY,HAL,OXY,20200806_6_0,track_a,2020-08-07,2020-09-04
COP__EOG,COP,EOG,20200806_7_0,track_a,2020-08-07,2020-09-04
COP__SLB,COP,SLB,20200806_7_0,track_a,2020-08-07,2020-09-04
EOG__SLB,EOG,SLB,20200806_7_0,track_a,2020-08-07,2020-09-04
COST__WMT,COST,WMT,20200904_0_0,track_a,2020-09-08,2020-10-06
MPC__PSX,MPC,PSX,20200904_1_0,track_a,2020-09-08,2020-10-06
MPC__VLO,MPC,VLO,20200904_1_0,track_a,2020-09-08,2020-10-06
PSX__VLO,PSX,VLO,20200904_1_0,track_a,2020-09-08,2020-10-06
JPM__PNC,JPM,PNC,20200904_2_0,track_a,2020-09-08,2020-10-06
JPM__USB,JPM,USB,20200904_2_0,track_a,2020-09-08,2020-10-06
PNC__USB,PNC,USB,20200904_2_0,track_a,2020-09-08,2020-10-06
BAC__WFC,BAC,WFC,20200904_2_1,track_a,2020-09-08,2020-10-06
AXP__C,AXP,C,20200904_2_2,track_a,2020-09-08,2020-10-06
GS__MS,GS,MS,20200904_2_3,track_a,2020-09-08,2020-10-06
COP__CVX,COP,CVX,20200904_3_0,track_a,2020-09-08,2020-10-06
COP__SLB,COP,SLB,20200904_3_0,track_a,2020-09-08,2020-10-06
COP__XOM,COP,XOM,20200904_3_0,track_a,2020-09-08,2020-10-06
CVX__SLB,CVX,SLB,20200904_3_0,track_a,2020-09-08,2020-10-06
CVX__XOM,CVX,XOM,20200904_3_0,track_a,2020-09-08,2020-10-06
SLB__XOM,SLB,XOM,20200904_3_0,track_a,2020-09-08,2020-10-06
AAPL__TXN,AAPL,TXN,20200904_4_0,track_a,2020-09-08,2020-10-06
ADBE__QCOM,ADBE,QCOM,20200904_4_1,track_a,2020-09-08,2020-10-06
INTC__MSFT,INTC,MSFT,20200904_4_2,track_a,2020-09-08,2020-10-06
INTC__NVDA,INTC,NVDA,20200904_4_2,track_a,2020-09-08,2020-10-06
MSFT__NVDA,MSFT,NVDA,20200904_4_2,track_a,2020-09-08,2020-10-06
HAL__OXY,HAL,OXY,20200904_5_0,track_a,2020-09-08,2020-10-06
CL__MDLZ,CL,MDLZ,20200904_6_0,track_a,2020-09-08,2020-10-06
KMB__PG,KMB,PG,20200904_6_1,track_a,2020-09-08,2020-10-06
GIS__KO,GIS,KO,20200904_6_2,track_a,2020-09-08,2020-10-06
IBM__ORCL,IBM,ORCL,20200904_8_0,track_a,2020-09-08,2020-10-06
IBM__PEP,IBM,PEP,20200904_8_0,track_a,2020-09-08,2020-10-06
ORCL__PEP,ORCL,PEP,20200904_8_0,track_a,2020-09-08,2020-10-06
BLK__CSCO,BLK,CSCO,20200904_8_1,track_a,2020-09-08,2020-10-06
AAPL__MSFT,AAPL,MSFT,20201006_0_0,track_a,2020-10-07,2020-11-04
ADBE__QCOM,ADBE,QCOM,20201006_0_1,track_a,2020-10-07,2020-11-04
INTC__NVDA,INTC,NVDA,20201006_0_2,track_a,2020-10-07,2020-11-04
INTC__TXN,INTC,TXN,20201006_0_2,track_a,2020-10-07,2020-11-04
NVDA__TXN,NVDA,TXN,20201006_0_2,track_a,2020-10-07,2020-11-04
PNC__USB,PNC,USB,20201006_1_0,track_a,2020-10-07,2020-11-04
BAC__MS,BAC,MS,20201006_1_1,track_a,2020-10-07,2020-11-04
BAC__WFC,BAC,WFC,20201006_1_1,track_a,2020-10-07,2020-11-04
MS__WFC,MS,WFC,20201006_1_1,track_a,2020-10-07,2020-11-04
GS__JPM,GS,JPM,20201006_1_2,track_a,2020-10-07,2020-11-04
AXP__C,AXP,C,20201006_1_3,track_a,2020-10-07,2020-11-04
COST__WMT,COST,WMT,20201006_2_0,track_a,2020-10-07,2020-11-04
CL__MDLZ,CL,MDLZ,20201006_2_1,track_a,2020-10-07,2020-11-04
GIS__KMB,GIS,KMB,20201006_2_2,track_a,2020-10-07,2020-11-04
KO__PG,KO,PG,20201006_2_3,track_a,2020-10-07,2020-11-04
HAL__OXY,HAL,OXY,20201006_3_0,track_a,2020-10-07,2020-11-04
MPC__PSX,MPC,PSX,20201006_4_0,track_a,2020-10-07,2020-11-04
MPC__VLO,MPC,VLO,20201006_4_0,track_a,2020-10-07,2020-11-04
PSX__VLO,PSX,VLO,20201006_4_0,track_a,2020-10-07,2020-11-04
COP__EOG,COP,EOG,20201006_5_0,track_a,2020-10-07,2020-11-04
COP__SLB,COP,SLB,20201006_5_0,track_a,2020-10-07,2020-11-04
EOG__SLB,EOG,SLB,20201006_5_0,track_a,2020-10-07,2020-11-04
CVX__XOM,CVX,XOM,20201006_5_1,track_a,2020-10-07,2020-11-04
IBM__ORCL,IBM,ORCL,20201006_7_0,track_a,2020-10-07,2020-11-04
IBM__PEP,IBM,PEP,20201006_7_0,track_a,2020-10-07,2020-11-04
ORCL__PEP,ORCL,PEP,20201006_7_0,track_a,2020-10-07,2020-11-04
BLK__CSCO,BLK,CSCO,20201006_7_1,track_a,2020-10-07,2020-11-04
AAPL__MSFT,AAPL,MSFT,20201104_0_0,track_a,2020-11-05,2020-12-04
ADBE__QCOM,ADBE,QCOM,20201104_0_1,track_a,2020-11-05,2020-12-04
INTC__NVDA,INTC,NVDA,20201104_0_2,track_a,2020-11-05,2020-12-04
INTC__TXN,INTC,TXN,20201104_0_2,track_a,2020-11-05,2020-12-04
NVDA__TXN,NVDA,TXN,20201104_0_2,track_a,2020-11-05,2020-12-04
HAL__OXY,HAL,OXY,20201104_1_0,track_a,2020-11-05,2020-12-04
CSCO__ORCL,CSCO,ORCL,20201104_2_0,track_a,2020-11-05,2020-12-04
CSCO__PEP,CSCO,PEP,20201104_2_0,track_a,2020-11-05,2020-12-04
ORCL__PEP,ORCL,PEP,20201104_2_0,track_a,2020-11-05,2020-12-04
BLK__IBM,BLK,IBM,20201104_2_1,track_a,2020-11-05,2020-12-04
COP__EOG,COP,EOG,20201104_3_0,track_a,2020-11-05,2020-12-04
COP__SLB,COP,SLB,20201104_3_0,track_a,2020-11-05,2020-12-04
EOG__SLB,EOG,SLB,20201104_3_0,track_a,2020-11-05,2020-12-04
CVX__XOM,CVX,XOM,20201104_3_1,track_a,2020-11-05,2020-12-04
MPC__VLO,MPC,VLO,20201104_4_0,track_a,2020-11-05,2020-12-04
CL__MDLZ,CL,MDLZ,20201104_5_0,track_a,2020-11-05,2020-12-04
COST__WMT,COST,WMT,20201104_5_1,track_a,2020-11-05,2020-12-04
GIS__KMB,GIS,KMB,20201104_5_2,track_a,2020-11-05,2020-12-04
KO__PG,KO,PG,20201104_5_3,track_a,2020-11-05,2020-12-04
PNC__USB,PNC,USB,20201104_6_0,track_a,2020-11-05,2020-12-04
BAC__MS,BAC,MS,20201104_6_1,track_a,2020-11-05,2020-12-04
BAC__WFC,BAC,WFC,20201104_6_1,track_a,2020-11-05,2020-12-04
MS__WFC,MS,WFC,20201104_6_1,track_a,2020-11-05,2020-12-04
GS__JPM,GS,JPM,20201104_6_2,track_a,2020-11-05,2020-12-04
AXP__C,AXP,C,20201104_6_3,track_a,2020-11-05,2020-12-04
PSX__SYY,PSX,SYY,20201104_7_0,track_a,2020-11-05,2020-12-04
IBM__ORCL,IBM,ORCL,20201204_0_0,track_a,2020-12-07,2021-01-06
BLK__CSCO,BLK,CSCO,20201204_0_1,track_a,2020-12-07,2021-01-06
CVX__XOM,CVX,XOM,20201204_0_2,track_a,2020-12-07,2021-01-06
MS__PNC,MS,PNC,20201204_1_0,track_a,2020-12-07,2021-01-06
MS__USB,MS,USB,20201204_1_0,track_a,2020-12-07,2021-01-06
PNC__USB,PNC,USB,20201204_1_0,track_a,2020-12-07,2021-01-06
BAC__WFC,BAC,WFC,20201204_1_1,track_a,2020-12-07,2021-01-06
GS__JPM,GS,JPM,20201204_1_2,track_a,2020-12-07,2021-01-06
AXP__C,AXP,C,20201204_1_3,track_a,2020-12-07,2021-01-06
MPC__PSX,MPC,PSX,20201204_2_0,track_a,2020-12-07,2021-01-06
MPC__VLO,MPC,VLO,20201204_2_0,track_a,2020-12-07,2021-01-06
PSX__VLO,PSX,VLO,20201204_2_0,track_a,2020-12-07,2021-01-06
HAL__OXY,HAL,OXY,20201204_3_0,track_a,2020-12-07,2021-01-06
CL__KO,CL,KO,20201204_4_0,track_a,2020-12-07,2021-01-06
CL__PG,CL,PG,20201204_4_0,track_a,2020-12-07,2021-01-06
KO__PG,KO,PG,20201204_4_0,track_a,2020-12-07,2021-01-06
COST__WMT,COST,WMT,20201204_4_1,track_a,2020-12-07,2021-01-06
GIS__KMB,GIS,KMB,20201204_4_2,track_a,2020-12-07,2021-01-06
MDLZ__PEP,MDLZ,PEP,20201204_4_3,track_a,2020-12-07,2021-01-06
COP__EOG,COP,EOG,20201204_5_0,track_a,2020-12-07,2021-01-06
COP__SLB,COP,SLB,20201204_5_0,track_a,2020-12-07,2021-01-06
EOG__SLB,EOG,SLB,20201204_5_0,track_a,2020-12-07,2021-01-06
AAPL__MSFT,AAPL,MSFT,20201204_6_0,track_a,2020-12-07,2021-01-06
ADBE__NVDA,ADBE,NVDA,20201204_6_1,track_a,2020-12-07,2021-01-06
ADBE__QCOM,ADBE,QCOM,20201204_6_1,track_a,2020-12-07,2021-01-06
NVDA__QCOM,NVDA,QCOM,20201204_6_1,track_a,2020-12-07,2021-01-06
INTC__TXN,INTC,TXN,20201204_6_2,track_a,2020-12-07,2021-01-06
CL__KO,CL,KO,20210106_0_0,track_a,2021-01-07,2021-02-05
CL__PG,CL,PG,20210106_0_0,track_a,2021-01-07,2021-02-05
KO__PG,KO,PG,20210106_0_0,track_a,2021-01-07,2021-02-05
GIS__KMB,GIS,KMB,20210106_0_1,track_a,2021-01-07,2021-02-05
COST__WMT,COST,WMT,20210106_0_2,track_a,2021-01-07,2021-02-05
MPC__PSX,MPC,PSX,20210106_1_0,track_a,2021-01-07,2021-02-05
MPC__VLO,MPC,VLO,20210106_1_0,track_a,2021-01-07,2021-02-05
PSX__VLO,PSX,VLO,20210106_1_0,track_a,2021-01-07,2021-02-05
MS__PNC,MS,PNC,20210106_2_0,track_a,2021-01-07,2021-02-05
MS__USB,MS,USB,20210106_2_0,track_a,2021-01-07,2021-02-05
PNC__USB,PNC,USB,20210106_2_0,track_a,2021-01-07,2021-02-05
BAC__WFC,BAC,WFC,20210106_2_1,track_a,2021-01-07,2021-02-05
GS__JPM,GS,JPM,20210106_2_2,track_a,2021-01-07,2021-02-05
AXP__C,AXP,C,20210106_2_3,track_a,2021-01-07,2021-02-05
HAL__OXY,HAL,OXY,20210106_3_0,track_a,2021-01-07,2021-02-05
AAPL__MSFT,AAPL,MSFT,20210106_4_0,track_a,2021-01-07,2021-02-05
ADBE__NVDA,ADBE,NVDA,20210106_4_1,track_a,2021-01-07,2021-02-05
ADBE__QCOM,ADBE,QCOM,20210106_4_1,track_a,2021-01-07,2021-02-05
NVDA__QCOM,NVDA,QCOM,20210106_4_1,track_a,2021-01-07,2021-02-05
INTC__TXN,INTC,TXN,20210106_4_2,track_a,2021-01-07,2021-02-05
CSCO__ORCL,CSCO,ORCL,20210106_5_0,track_a,2021-01-07,2021-02-05
IBM__MDLZ,IBM,MDLZ,20210106_5_1,track_a,2021-01-07,2021-02-05
BLK__PEP,BLK,PEP,20210106_5_2,track_a,2021-01-07,2021-02-05
COP__EOG,COP,EOG,20210106_6_0,track_a,2021-01-07,2021-02-05
COP__SLB,COP,SLB,20210106_6_0,track_a,2021-01-07,2021-02-05
EOG__SLB,EOG,SLB,20210106_6_0,track_a,2021-01-07,2021-02-05
CVX__XOM,CVX,XOM,20210106_6_1,track_a,2021-01-07,2021-02-05
CSCO__IBM,CSCO,IBM,20210205_0_0,track_a,2021-02-08,2021-03-09
ORCL__PEP,ORCL,PEP,20210205_0_1,track_a,2021-02-08,2021-03-09
BLK__CVX,BLK,CVX,20210205_0_2,track_a,2021-02-08,2021-03-09
BAC__WFC,BAC,WFC,20210205_1_0,track_a,2021-02-08,2021-03-09
MS__PNC,MS,PNC,20210205_1_1,track_a,2021-02-08,2021-03-09
MS__USB,MS,USB,20210205_1_1,track_a,2021-02-08,2021-03-09
PNC__USB,PNC,USB,20210205_1_1,track_a,2021-02-08,2021-03-09
GS__JPM,GS,JPM,20210205_1_2,track_a,2021-02-08,2021-03-09
AXP__C,AXP,C,20210205_1_3,track_a,2021-02-08,2021-03-09
MPC__PSX,MPC,PSX,20210205_2_0,track_a,2021-02-08,2021-03-09
MPC__VLO,MPC,VLO,20210205_2_0,track_a,2021-02-08,2021-03-09
PSX__VLO,PSX,VLO,20210205_2_0,track_a,2021-02-08,2021-03-09
HAL__OXY,HAL,OXY,20210205_3_0,track_a,2021-02-08,2021-03-09
AAPL__MSFT,AAPL,MSFT,20210205_4_0,track_a,2021-02-08,2021-03-09
ADBE__NVDA,ADBE,NVDA,20210205_4_1,track_a,2021-02-08,2021-03-09
ADBE__QCOM,ADBE,QCOM,20210205_4_1,track_a,2021-02-08,2021-03-09
NVDA__QCOM,NVDA,QCOM,20210205_4_1,track_a,2021-02-08,2021-03-09
INTC__TXN,INTC,TXN,20210205_4_2,track_a,2021-02-08,2021-03-09
CL__MDLZ,CL,MDLZ,20210205_5_0,track_a,2021-02-08,2021-03-09
COST__WMT,COST,WMT,20210205_5_1,track_a,2021-02-08,2021-03-09
GIS__KMB,GIS,KMB,20210205_5_2,track_a,2021-02-08,2021-03-09
KO__PG,KO,PG,20210205_5_3,track_a,2021-02-08,2021-03-09
COP__EOG,COP,EOG,20210205_6_0,track_a,2021-02-08,2021-03-09
COP__SLB,COP,SLB,20210205_6_0,track_a,2021-02-08,2021-03-09
COP__XOM,COP,XOM,20210205_6_0,track_a,2021-02-08,2021-03-09
EOG__SLB,EOG,SLB,20210205_6_0,track_a,2021-02-08,2021-03-09
EOG__XOM,EOG,XOM,20210205_6_0,track_a,2021-02-08,2021-03-09
SLB__XOM,SLB,XOM,20210205_6_0,track_a,2021-02-08,2021-03-09
ORCL__PEP,ORCL,PEP,20210309_0_0,track_a,2021-03-10,2021-04-08
CSCO__IBM,CSCO,IBM,20210309_0_1,track_a,2021-03-10,2021-04-08
MDLZ__PG,MDLZ,PG,20210309_0_2,track_a,2021-03-10,2021-04-08
BLK__KO,BLK,KO,20210309_0_3,track_a,2021-03-10,2021-04-08
COP__EOG,COP,EOG,20210309_1_0,track_a,2021-03-10,2021-04-08
COP__SLB,COP,SLB,20210309_1_0,track_a,2021-03-10,2021-04-08
EOG__SLB,EOG,SLB,20210309_1_0,track_a,2021-03-10,2021-04-08
CVX__XOM,CVX,XOM,20210309_1_1,track_a,2021-03-10,2021-04-08
GS__JPM,GS,JPM,20210309_2_0,track_a,2021-03-10,2021-04-08
GS__PNC,GS,PNC,20210309_2_0,track_a,2021-03-10,2021-04-08
JPM__PNC,JPM,PNC,20210309_2_0,track_a,2021-03-10,2021-04-08
BAC__WFC,BAC,WFC,20210309_2_1,track_a,2021-03-10,2021-04-08
AXP__C,AXP,C,20210309_2_2,track_a,2021-03-10,2021-04-08
MS__USB,MS,USB,20210309_2_3,track_a,2021-03-10,2021-04-08
AAPL__MSFT,AAPL,MSFT,20210309_3_0,track_a,2021-03-10,2021-04-08
ADBE__NVDA,ADBE,NVDA,20210309_3_1,track_a,2021-03-10,2021-04-08
ADBE__QCOM,ADBE,QCOM,20210309_3_1,track_a,2021-03-10,2021-04-08
NVDA__QCOM,NVDA,QCOM,20210309_3_1,track_a,2021-03-10,2021-04-08
INTC__TXN,INTC,TXN,20210309_3_2,track_a,2021-03-10,2021-04-08
MPC__PSX,MPC,PSX,20210309_4_0,track_a,2021-03-10,2021-04-08
MPC__VLO,MPC,VLO,20210309_4_0,track_a,2021-03-10,2021-04-08
PSX__VLO,PSX,VLO,20210309_4_0,track_a,2021-03-10,2021-04-08
GIS__KMB,GIS,KMB,20210309_5_0,track_a,2021-03-10,2021-04-08
CL__COST,CL,COST,20210309_5_1,track_a,2021-03-10,2021-04-08
CL__WMT,CL,WMT,20210309_5_1,track_a,2021-03-10,2021-04-08
COST__WMT,COST,WMT,20210309_5_1,track_a,2021-03-10,2021-04-08
HAL__OXY,HAL,OXY,20210309_6_0,track_a,2021-03-10,2021-04-08
CL__PG,CL,PG,20210408_0_0,track_a,2021-04-09,2021-05-07
KO__MDLZ,KO,MDLZ,20210408_0_1,track_a,2021-04-09,2021-05-07
KO__PEP,KO,PEP,20210408_0_1,track_a,2021-04-09,2021-05-07
MDLZ__PEP,MDLZ,PEP,20210408_0_1,track_a,2021-04-09,2021-05-07
GIS__KMB,GIS,KMB,20210408_0_2,track_a,2021-04-09,2021-05-07
JPM__PNC,JPM,PNC,20210408_1_0,track_a,2021-04-09,2021-05-07
GS__MS,GS,MS,20210408_1_1,track_a,2021-04-09,2021-05-07
C__WFC,C,WFC,20210408_1_2,track_a,2021-04-09,2021-05-07
BAC__USB,BAC,USB,20210408_1_3,track_a,2021-04-09,2021-05-07
AXP__SYY,AXP,SYY,20210408_1_4,track_a,2021-04-09,2021-05-07
CVX__XOM,CVX,XOM,20210408_2_0,track_a,2021-04-09,2021-05-07
COP__EOG,COP,EOG,20210408_2_1,track_a,2021-04-09,2021-05-07
OXY__SLB,OXY,SLB,20210408_2_2,track_a,2021-04-09,2021-05-07
ADBE__MSFT,ADBE,MSFT,20210408_3_0,track_a,2021-04-09,2021-05-07
AAPL__TXN,AAPL,TXN,20210408_3_1,track_a,2021-04-09,2021-05-07
BLK__NVDA,BLK,NVDA,20210408_3_2,track_a,2021-04-09,2021-05-07
INTC__QCOM,INTC,QCOM,20210408_4_0,track_a,2021-04-09,2021-05-07
CSCO__IBM,CSCO,IBM,20210408_5_0,track_a,2021-04-09,2021-05-07
CSCO__ORCL,CSCO,ORCL,20210408_5_0,track_a,2021-04-09,2021-05-07
IBM__ORCL,IBM,ORCL,20210408_5_0,track_a,2021-04-09,2021-05-07
HAL__MPC,HAL,MPC,20210408_6_0,track_a,2021-04-09,2021-05-07
HAL__PSX,HAL,PSX,20210408_6_0,track_a,2021-04-09,2021-05-07
HAL__VLO,HAL,VLO,20210408_6_0,track_a,2021-04-09,2021-05-07
MPC__PSX,MPC,PSX,20210408_6_0,track_a,2021-04-09,2021-05-07
MPC__VLO,MPC,VLO,20210408_6_0,track_a,2021-04-09,2021-05-07
PSX__VLO,PSX,VLO,20210408_6_0,track_a,2021-04-09,2021-05-07
COST__WMT,COST,WMT,20210408_7_0,track_a,2021-04-09,2021-05-07
CVX__XOM,CVX,XOM,20210507_0_0,track_a,2021-05-10,2021-06-08
COP__EOG,COP,EOG,20210507_0_1,track_a,2021-05-10,2021-06-08
HAL__MPC,HAL,MPC,20210507_0_2,track_a,2021-05-10,2021-06-08
HAL__SLB,HAL,SLB,20210507_0_2,track_a,2021-05-10,2021-06-08
MPC__SLB,MPC,SLB,20210507_0_2,track_a,2021-05-10,2021-06-08
KO__ORCL,KO,ORCL,20210507_1_0,track_a,2021-05-10,2021-06-08
CSCO__IBM,CSCO,IBM,20210507_1_1,track_a,2021-05-10,2021-06-08
CSCO__INTC,CSCO,INTC,20210507_1_1,track_a,2021-05-10,2021-06-08
IBM__INTC,IBM,INTC,20210507_1_1,track_a,2021-05-10,2021-06-08
ADBE__MSFT,ADBE,MSFT,20210507_2_0,track_a,2021-05-10,2021-06-08
QCOM__TXN,QCOM,TXN,20210507_2_1,track_a,2021-05-10,2021-06-08
AAPL__BLK,AAPL,BLK,20210507_2_2,track_a,2021-05-10,2021-06-08
AAPL__NVDA,AAPL,NVDA,20210507_2_2,track_a,2021-05-10,2021-06-08
BLK__NVDA,BLK,NVDA,20210507_2_2,track_a,2021-05-10,2021-06-08
JPM__PNC,JPM,PNC,20210507_3_0,track_a,2021-05-10,2021-06-08
C__WFC,C,WFC,20210507_3_1,track_a,2021-05-10,2021-06-08
GS__MS,GS,MS,20210507_3_2,track_a,2021-05-10,2021-06-08
BAC__USB,BAC,USB,20210507_3_3,track_a,2021-05-10,2021-06-08
AXP__SYY,AXP,SYY,20210507_3_4,track_a,2021-05-10,2021-06-08
MDLZ__PEP,MDLZ,PEP,20210507_4_0,track_a,2021-05-10,2021-06-08
CL__PG,CL,PG,20210507_4_1,track_a,2021-05-10,2021-06-08
GIS__KMB,GIS,KMB,20210507_4_2,track_a,2021-05-10,2021-06-08
PSX__VLO,PSX,VLO,20210507_6_0,track_a,2021-05-10,2021-06-08
COST__WMT,COST,WMT,20210507_7_0,track_a,2021-05-10,2021-06-08
MDLZ__PEP,MDLZ,PEP,20210608_0_0,track_a,2021-06-09,2021-07-08
CL__PG,CL,PG,20210608_0_1,track_a,2021-06-09,2021-07-08
GIS__KMB,GIS,KMB,20210608_0_2,track_a,2021-06-09,2021-07-08
AXP__SYY,AXP,SYY,20210608_1_0,track_a,2021-06-09,2021-07-08
COP__EOG,COP,EOG,20210608_2_0,track_a,2021-06-09,2021-07-08
ADBE__MSFT,ADBE,MSFT,20210608_3_0,track_a,2021-06-09,2021-07-08
QCOM__TXN,QCOM,TXN,20210608_3_1,track_a,2021-06-09,2021-07-08
AAPL__BLK,AAPL,BLK,20210608_3_2,track_a,2021-06-09,2021-07-08
JPM__PNC,JPM,PNC,20210608_4_0,track_a,2021-06-09,2021-07-08
BAC__C,BAC,C,20210608_4_1,track_a,2021-06-09,2021-07-08
GS__MS,GS,MS,20210608_4_2,track_a,2021-06-09,2021-07-08
USB__WFC,USB,WFC,20210608_4_3,track_a,2021-06-09,2021-07-08
CVX__MPC,CVX,MPC,20210608_5_0,track_a,2021-06-09,2021-07-08
CVX__XOM,CVX,XOM,20210608_5_0,track_a,2021-06-09,2021-07-08
MPC__XOM,MPC,XOM,20210608_5_0,track_a,2021-06-09,2021-07-08
HAL__SLB,HAL,SLB,20210608_5_1,track_a,2021-06-09,2021-07-08
CSCO__IBM,CSCO,IBM,20210608_6_0,track_a,2021-06-09,2021-07-08
CSCO__KO,CSCO,KO,20210608_6_0,track_a,2021-06-09,2021-07-08
CSCO__ORCL,CSCO,ORCL,20210608_6_0,track_a,2021-06-09,2021-07-08
IBM__KO,IBM,KO,20210608_6_0,track_a,2021-06-09,2021-07-08
IBM__ORCL,IBM,ORCL,20210608_6_0,track_a,2021-06-09,2021-07-08
KO__ORCL,KO,ORCL,20210608_6_0,track_a,2021-06-09,2021-07-08
PSX__VLO,PSX,VLO,20210608_9_0,track_a,2021-06-09,2021-07-08
COST__WMT,COST,WMT,20210608_11_0,track_a,2021-06-09,2021-07-08
AXP__SYY,AXP,SYY,20210708_0_0,track_a,2021-07-09,2021-08-06
MDLZ__PEP,MDLZ,PEP,20210708_1_0,track_a,2021-07-09,2021-08-06
CL__PG,CL,PG,20210708_1_1,track_a,2021-07-09,2021-08-06
COST__WMT,COST,WMT,20210708_1_2,track_a,2021-07-09,2021-08-06
GIS__KMB,GIS,KMB,20210708_1_3,track_a,2021-07-09,2021-08-06
CVX__XOM,CVX,XOM,20210708_2_0,track_a,2021-07-09,2021-08-06
HAL__MPC,HAL,MPC,20210708_2_1,track_a,2021-07-09,2021-08-06
HAL__SLB,HAL,SLB,20210708_2_1,track_a,2021-07-09,2021-08-06
MPC__SLB,MPC,SLB,20210708_2_1,track_a,2021-07-09,2021-08-06
COP__EOG,COP,EOG,20210708_2_2,track_a,2021-07-09,2021-08-06
JPM__PNC,JPM,PNC,20210708_3_0,track_a,2021-07-09,2021-08-06
C__WFC,C,WFC,20210708_3_1,track_a,2021-07-09,2021-08-06
GS__MS,GS,MS,20210708_3_2,track_a,2021-07-09,2021-08-06
BAC__USB,BAC,USB,20210708_3_3,track_a,2021-07-09,2021-08-06
AAPL__MSFT,AAPL,MSFT,20210708_5_0,track_a,2021-07-09,2021-08-06
QCOM__TXN,QCOM,TXN,20210708_5_1,track_a,2021-07-09,2021-08-06
ADBE__BLK,ADBE,BLK,20210708_5_2,track_a,2021-07-09,2021-08-06
CSCO__IBM,CSCO,IBM,20210708_6_0,track_a,2021-07-09,2021-08-06
CSCO__KO,CSCO,KO,20210708_6_0,track_a,2021-07-09,2021-08-06
CSCO__ORCL,CSCO,ORCL,20210708_6_0,track_a,2021-07-09,2021-08-06
IBM__KO,IBM,KO,20210708_6_0,track_a,2021-07-09,2021-08-06
IBM__ORCL,IBM,ORCL,20210708_6_0,track_a,2021-07-09,2021-08-06
KO__ORCL,KO,ORCL,20210708_6_0,track_a,2021-07-09,2021-08-06
PSX__VLO,PSX,VLO,20210708_9_0,track_a,2021-07-09,2021-08-06
MDLZ__PEP,MDLZ,PEP,20210806_0_0,track_a,2021-08-09,2021-09-07
CL__PG,CL,PG,20210806_0_1,track_a,2021-08-09,2021-09-07
COST__WMT,COST,WMT,20210806_0_2,track_a,2021-08-09,2021-09-07
GIS__KMB,GIS,KMB,20210806_0_3,track_a,2021-08-09,2021-09-07
CVX__XOM,CVX,XOM,20210806_1_0,track_a,2021-08-09,2021-09-07
PSX__VLO,PSX,VLO,20210806_1_1,track_a,2021-08-09,2021-09-07
HAL__MPC,HAL,MPC,20210806_1_2,track_a,2021-08-09,2021-09-07
HAL__SLB,HAL,SLB,20210806_1_2,track_a,2021-08-09,2021-09-07
MPC__SLB,MPC,SLB,20210806_1_2,track_a,2021-08-09,2021-09-07
COP__EOG,COP,EOG,20210806_1_3,track_a,2021-08-09,2021-09-07
NVDA__QCOM,NVDA,QCOM,20210806_2_0,track_a,2021-08-09,2021-09-07
NVDA__TXN,NVDA,TXN,20210806_2_0,track_a,2021-08-09,2021-09-07
QCOM__TXN,QCOM,TXN,20210806_2_0,track_a,2021-08-09,2021-09-07
BAC__PNC,BAC,PNC,20210806_3_0,track_a,2021-08-09,2021-09-07
C__GS,C,GS,20210806_3_1,track_a,2021-08-09,2021-09-07
JPM__USB,JPM,USB,20210806_3_2,track_a,2021-08-09,2021-09-07
MS__WFC,MS,WFC,20210806_3_3,track_a,2021-08-09,2021-09-07
CSCO__IBM,CSCO,IBM,20210806_4_0,track_a,2021-08-09,2021-09-07
CSCO__KO,CSCO,KO,20210806_4_0,track_a,2021-08-09,2021-09-07
CSCO__ORCL,CSCO,ORCL,20210806_4_0,track_a,2021-08-09,2021-09-07
IBM__KO,IBM,KO,20210806_4_0,track_a,2021-08-09,2021-09-07
IBM__ORCL,IBM,ORCL,20210806_4_0,track_a,2021-08-09,2021-09-07
KO__ORCL,KO,ORCL,20210806_4_0,track_a,2021-08-09,2021-09-07
AXP__SYY,AXP,SYY,20210806_5_0,track_a,2021-08-09,2021-09-07
AAPL__ADBE,AAPL,ADBE,20210806_6_0,track_a,2021-08-09,2021-09-07
AAPL__BLK,AAPL,BLK,20210806_6_0,track_a,2021-08-09,2021-09-07
AAPL__MSFT,AAPL,MSFT,20210806_6_0,track_a,2021-08-09,2021-09-07
ADBE__BLK,ADBE,BLK,20210806_6_0,track_a,2021-08-09,2021-09-07
ADBE__MSFT,ADBE,MSFT,20210806_6_0,track_a,2021-08-09,2021-09-07
BLK__MSFT,BLK,MSFT,20210806_6_0,track_a,2021-08-09,2021-09-07
MDLZ__PEP,MDLZ,PEP,20210907_0_0,track_a,2021-09-08,2021-10-06
CL__PG,CL,PG,20210907_0_1,track_a,2021-09-08,2021-10-06
COST__WMT,COST,WMT,20210907_0_2,track_a,2021-09-08,2021-10-06
GIS__KMB,GIS,KMB,20210907_0_3,track_a,2021-09-08,2021-10-06
BAC__PNC,BAC,PNC,20210907_1_0,track_a,2021-09-08,2021-10-06
C__GS,C,GS,20210907_1_1,track_a,2021-09-08,2021-10-06
JPM__USB,JPM,USB,20210907_1_2,track_a,2021-09-08,2021-10-06
MS__WFC,MS,WFC,20210907_1_3,track_a,2021-09-08,2021-10-06
AAPL__ADBE,AAPL,ADBE,20210907_2_0,track_a,2021-09-08,2021-10-06
AAPL__MSFT,AAPL,MSFT,20210907_2_0,track_a,2021-09-08,2021-10-06
AAPL__NVDA,AAPL,NVDA,20210907_2_0,track_a,2021-09-08,2021-10-06
ADBE__MSFT,ADBE,MSFT,20210907_2_0,track_a,2021-09-08,2021-10-06
ADBE__NVDA,ADBE,NVDA,20210907_2_0,track_a,2021-09-08,2021-10-06
MSFT__NVDA,MSFT,NVDA,20210907_2_0,track_a,2021-09-08,2021-10-06
CVX__XOM,CVX,XOM,20210907_3_0,track_a,2021-09-08,2021-10-06
HAL__MPC,HAL,MPC,20210907_3_1,track_a,2021-09-08,2021-10-06
HAL__SLB,HAL,SLB,20210907_3_1,track_a,2021-09-08,2021-10-06
MPC__SLB,MPC,SLB,20210907_3_1,track_a,2021-09-08,2021-10-06
PSX__VLO,PSX,VLO,20210907_3_2,track_a,2021-09-08,2021-10-06
COP__EOG,COP,EOG,20210907_3_3,track_a,2021-09-08,2021-10-06
CSCO__IBM,CSCO,IBM,20210907_4_0,track_a,2021-09-08,2021-10-06
CSCO__KO,CSCO,KO,20210907_4_0,track_a,2021-09-08,2021-10-06
CSCO__ORCL,CSCO,ORCL,20210907_4_0,track_a,2021-09-08,2021-10-06
IBM__KO,IBM,KO,20210907_4_0,track_a,2021-09-08,2021-10-06
IBM__ORCL,IBM,ORCL,20210907_4_0,track_a,2021-09-08,2021-10-06
KO__ORCL,KO,ORCL,20210907_4_0,track_a,2021-09-08,2021-10-06
BLK__INTC,BLK,INTC,20210907_5_0,track_a,2021-09-08,2021-10-06
BLK__QCOM,BLK,QCOM,20210907_5_0,track_a,2021-09-08,2021-10-06
BLK__TXN,BLK,TXN,20210907_5_0,track_a,2021-09-08,2021-10-06
INTC__QCOM,INTC,QCOM,20210907_5_0,track_a,2021-09-08,2021-10-06
INTC__TXN,INTC,TXN,20210907_5_0,track_a,2021-09-08,2021-10-06
QCOM__TXN,QCOM,TXN,20210907_5_0,track_a,2021-09-08,2021-10-06
AXP__SYY,AXP,SYY,20210907_6_0,track_a,2021-09-08,2021-10-06
BAC__PNC,BAC,PNC,20211006_0_0,track_a,2021-10-07,2021-11-04
GS__MS,GS,MS,20211006_0_1,track_a,2021-10-07,2021-11-04
JPM__USB,JPM,USB,20211006_0_2,track_a,2021-10-07,2021-11-04
C__WFC,C,WFC,20211006_0_3,track_a,2021-10-07,2021-11-04
COST__WMT,COST,WMT,20211006_1_0,track_a,2021-10-07,2021-11-04
CVX__MPC,CVX,MPC,20211006_2_0,track_a,2021-10-07,2021-11-04
CVX__XOM,CVX,XOM,20211006_2_0,track_a,2021-10-07,2021-11-04
MPC__XOM,MPC,XOM,20211006_2_0,track_a,2021-10-07,2021-11-04
HAL__SLB,HAL,SLB,20211006_2_1,track_a,2021-10-07,2021-11-04
COP__EOG,COP,EOG,20211006_2_2,track_a,2021-10-07,2021-11-04
CSCO__KO,CSCO,KO,20211006_3_0,track_a,2021-10-07,2021-11-04
CSCO__ORCL,CSCO,ORCL,20211006_3_0,track_a,2021-10-07,2021-11-04
KO__ORCL,KO,ORCL,20211006_3_0,track_a,2021-10-07,2021-11-04
AAPL__ADBE,AAPL,ADBE,20211006_4_0,track_a,2021-10-07,2021-11-04
AAPL__BLK,AAPL,BLK,20211006_4_0,track_a,2021-10-07,2021-11-04
AAPL__MSFT,AAPL,MSFT,20211006_4_0,track_a,2021-10-07,2021-11-04
ADBE__BLK,ADBE,BLK,20211006_4_0,track_a,2021-10-07,2021-11-04
ADBE__MSFT,ADBE,MSFT,20211006_4_0,track_a,2021-10-07,2021-11-04
BLK__MSFT,BLK,MSFT,20211006_4_0,track_a,2021-10-07,2021-11-04
MDLZ__PEP,MDLZ,PEP,20211006_6_0,track_a,2021-10-07,2021-11-04
CL__PG,CL,PG,20211006_6_1,track_a,2021-10-07,2021-11-04
GIS__KMB,GIS,KMB,20211006_6_2,track_a,2021-10-07,2021-11-04
AXP__IBM,AXP,IBM,20211006_7_0,track_a,2021-10-07,2021-11-04
AXP__SYY,AXP,SYY,20211006_7_0,track_a,2021-10-07,2021-11-04
IBM__SYY,IBM,SYY,20211006_7_0,track_a,2021-10-07,2021-11-04
PSX__VLO,PSX,VLO,20211006_8_0,track_a,2021-10-07,2021-11-04
QCOM__TXN,QCOM,TXN,20211006_11_0,track_a,2021-10-07,2021-11-04
MDLZ__PEP,MDLZ,PEP,20211104_0_0,track_a,2021-11-05,2021-12-06
CL__KMB,CL,KMB,20211104_0_1,track_a,2021-11-05,2021-12-06
GIS__PG,GIS,PG,20211104_0_2,track_a,2021-11-05,2021-12-06
BAC__PNC,BAC,PNC,20211104_1_0,track_a,2021-11-05,2021-12-06
C__MS,C,MS,20211104_1_1,track_a,2021-11-05,2021-12-06
JPM__USB,JPM,USB,20211104_1_2,track_a,2021-11-05,2021-12-06
GS__WFC,GS,WFC,20211104_1_3,track_a,2021-11-05,2021-12-06
CVX__XOM,CVX,XOM,20211104_2_0,track_a,2021-11-05,2021-12-06
HAL__MPC,HAL,MPC,20211104_2_1,track_a,2021-11-05,2021-12-06
HAL__SLB,HAL,SLB,20211104_2_1,track_a,2021-11-05,2021-12-06
MPC__SLB,MPC,SLB,20211104_2_1,track_a,2021-11-05,2021-12-06
COP__EOG,COP,EOG,20211104_2_2,track_a,2021-11-05,2021-12-06
AAPL__MSFT,AAPL,MSFT,20211104_3_0,track_a,2021-11-05,2021-12-06
QCOM__TXN,QCOM,TXN,20211104_3_1,track_a,2021-11-05,2021-12-06
ADBE__BLK,ADBE,BLK,20211104_3_2,track_a,2021-11-05,2021-12-06
INTC__NVDA,INTC,NVDA,20211104_3_3,track_a,2021-11-05,2021-12-06
AXP__PSX,AXP,PSX,20211104_4_0,track_a,2021-11-05,2021-12-06
AXP__SYY,AXP,SYY,20211104_4_0,track_a,2021-11-05,2021-12-06
AXP__VLO,AXP,VLO,20211104_4_0,track_a,2021-11-05,2021-12-06
PSX__SYY,PSX,SYY,20211104_4_0,track_a,2021-11-05,2021-12-06
PSX__VLO,PSX,VLO,20211104_4_0,track_a,2021-11-05,2021-12-06
SYY__VLO,SYY,VLO,20211104_4_0,track_a,2021-11-05,2021-12-06
COST__WMT,COST,WMT,20211104_5_0,track_a,2021-11-05,2021-12-06
CSCO__IBM,CSCO,IBM,20211104_6_0,track_a,2021-11-05,2021-12-06
CSCO__KO,CSCO,KO,20211104_6_0,track_a,2021-11-05,2021-12-06
CSCO__ORCL,CSCO,ORCL,20211104_6_0,track_a,2021-11-05,2021-12-06
IBM__KO,IBM,KO,20211104_6_0,track_a,2021-11-05,2021-12-06
IBM__ORCL,IBM,ORCL,20211104_6_0,track_a,2021-11-05,2021-12-06
KO__ORCL,KO,ORCL,20211104_6_0,track_a,2021-11-05,2021-12-06
CL__KO,CL,KO,20211206_0_0,track_a,2021-12-07,2022-01-05
CL__PG,CL,PG,20211206_0_0,track_a,2021-12-07,2022-01-05
KO__PG,KO,PG,20211206_0_0,track_a,2021-12-07,2022-01-05
MDLZ__PEP,MDLZ,PEP,20211206_0_1,track_a,2021-12-07,2022-01-05
CSCO__ORCL,CSCO,ORCL,20211206_0_2,track_a,2021-12-07,2022-01-05
GIS__KMB,GIS,KMB,20211206_0_3,track_a,2021-12-07,2022-01-05
COP__EOG,COP,EOG,20211206_1_0,track_a,2021-12-07,2022-01-05
COP__PSX,COP,PSX,20211206_1_0,track_a,2021-12-07,2022-01-05
EOG__PSX,EOG,PSX,20211206_1_0,track_a,2021-12-07,2022-01-05
CVX__XOM,CVX,XOM,20211206_1_1,track_a,2021-12-07,2022-01-05
HAL__SLB,HAL,SLB,20211206_1_2,track_a,2021-12-07,2022-01-05
MPC__VLO,MPC,VLO,20211206_1_3,track_a,2021-12-07,2022-01-05
BAC__C,BAC,C,20211206_2_0,track_a,2021-12-07,2022-01-05
GS__MS,GS,MS,20211206_2_1,track_a,2021-12-07,2022-01-05
JPM__PNC,JPM,PNC,20211206_2_2,track_a,2021-12-07,2022-01-05
AXP__SYY,AXP,SYY,20211206_2_3,track_a,2021-12-07,2022-01-05
USB__WFC,USB,WFC,20211206_2_4,track_a,2021-12-07,2022-01-05
IBM__INTC,IBM,INTC,20211206_4_0,track_a,2021-12-07,2022-01-05
AAPL__ADBE,AAPL,ADBE,20211206_5_0,track_a,2021-12-07,2022-01-05
AAPL__MSFT,AAPL,MSFT,20211206_5_0,track_a,2021-12-07,2022-01-05
ADBE__MSFT,ADBE,MSFT,20211206_5_0,track_a,2021-12-07,2022-01-05
COST__WMT,COST,WMT,20211206_5_1,track_a,2021-12-07,2022-01-05
BLK__QCOM,BLK,QCOM,20211206_6_0,track_a,2021-12-07,2022-01-05
BLK__TXN,BLK,TXN,20211206_6_0,track_a,2021-12-07,2022-01-05
QCOM__TXN,QCOM,TXN,20211206_6_0,track_a,2021-12-07,2022-01-05
KO__MDLZ,KO,MDLZ,20220105_0_0,track_a,2022-01-06,2022-02-04
CL__PG,CL,PG,20220105_0_1,track_a,2022-01-06,2022-02-04
GIS__KMB,GIS,KMB,20220105_0_2,track_a,2022-01-06,2022-02-04
CSCO__PEP,CSCO,PEP,20220105_0_3,track_a,2022-01-06,2022-02-04
HAL__SLB,HAL,SLB,20220105_1_0,track_a,2022-01-06,2022-02-04
PSX__VLO,PSX,VLO,20220105_1_1,track_a,2022-01-06,2022-02-04
CVX__XOM,CVX,XOM,20220105_1_2,track_a,2022-01-06,2022-02-04
COP__EOG,COP,EOG,20220105_1_3,track_a,2022-01-06,2022-02-04
COP__MPC,COP,MPC,20220105_1_3,track_a,2022-01-06,2022-02-04
EOG__MPC,EOG,MPC,20220105_1_3,track_a,2022-01-06,2022-02-04
QCOM__TXN,QCOM,TXN,20220105_2_0,track_a,2022-01-06,2022-02-04
BAC__C,BAC,C,20220105_3_0,track_a,2022-01-06,2022-02-04
GS__MS,GS,MS,20220105_3_1,track_a,2022-01-06,2022-02-04
PNC__USB,PNC,USB,20220105_3_2,track_a,2022-01-06,2022-02-04
AXP__BLK,AXP,BLK,20220105_3_3,track_a,2022-01-06,2022-02-04
AXP__SYY,AXP,SYY,20220105_3_3,track_a,2022-01-06,2022-02-04
BLK__SYY,BLK,SYY,20220105_3_3,track_a,2022-01-06,2022-02-04
JPM__WFC,JPM,WFC,20220105_3_4,track_a,2022-01-06,2022-02-04
COST__ORCL,COST,ORCL,20220105_4_0,track_a,2022-01-06,2022-02-04
COST__WMT,COST,WMT,20220105_4_0,track_a,2022-01-06,2022-02-04
ORCL__WMT,ORCL,WMT,20220105_4_0,track_a,2022-01-06,2022-02-04
IBM__INTC,IBM,INTC,20220105_5_0,track_a,2022-01-06,2022-02-04
AAPL__ADBE,AAPL,ADBE,20220105_6_0,track_a,2022-01-06,2022-02-04
AAPL__MSFT,AAPL,MSFT,20220105_6_0,track_a,2022-01-06,2022-02-04
ADBE__MSFT,ADBE,MSFT,20220105_6_0,track_a,2022-01-06,2022-02-04
INTC__QCOM,INTC,QCOM,20220204_0_0,track_a,2022-02-07,2022-03-08
INTC__TXN,INTC,TXN,20220204_0_0,track_a,2022-02-07,2022-03-08
QCOM__TXN,QCOM,TXN,20220204_0_0,track_a,2022-02-07,2022-03-08
MPC__PSX,MPC,PSX,20220204_1_0,track_a,2022-02-07,2022-03-08
MPC__VLO,MPC,VLO,20220204_1_0,track_a,2022-02-07,2022-03-08
PSX__VLO,PSX,VLO,20220204_1_0,track_a,2022-02-07,2022-03-08
CVX__XOM,CVX,XOM,20220204_1_1,track_a,2022-02-07,2022-03-08
HAL__SLB,HAL,SLB,20220204_1_2,track_a,2022-02-07,2022-03-08
COP__EOG,COP,EOG,20220204_1_3,track_a,2022-02-07,2022-03-08
CL__PG,CL,PG,20220204_2_0,track_a,2022-02-07,2022-03-08
MDLZ__PEP,MDLZ,PEP,20220204_2_1,track_a,2022-02-07,2022-03-08
GIS__KMB,GIS,KMB,20220204_2_2,track_a,2022-02-07,2022-03-08
CSCO__KO,CSCO,KO,20220204_2_3,track_a,2022-02-07,2022-03-08
BAC__PNC,BAC,PNC,20220204_3_0,track_a,2022-02-07,2022-03-08
GS__MS,GS,MS,20220204_3_1,track_a,2022-02-07,2022-03-08
C__JPM,C,JPM,20220204_3_2,track_a,2022-02-07,2022-03-08
USB__WFC,USB,WFC,20220204_3_3,track_a,2022-02-07,2022-03-08
AXP__BLK,AXP,BLK,20220204_3_4,track_a,2022-02-07,2022-03-08
AXP__SYY,AXP,SYY,20220204_3_4,track_a,2022-02-07,2022-03-08
BLK__SYY,BLK,SYY,20220204_3_4,track_a,2022-02-07,2022-03-08
AAPL__ADBE,AAPL,ADBE,20220204_4_0,track_a,2022-02-07,2022-03-08
AAPL__MSFT,AAPL,MSFT,20220204_4_0,track_a,2022-02-07,2022-03-08
AAPL__NVDA,AAPL,NVDA,20220204_4_0,track_a,2022-02-07,2022-03-08
ADBE__MSFT,ADBE,MSFT,20220204_4_0,track_a,2022-02-07,2022-03-08
ADBE__NVDA,ADBE,NVDA,20220204_4_0,track_a,2022-02-07,2022-03-08
MSFT__NVDA,MSFT,NVDA,20220204_4_0,track_a,2022-02-07,2022-03-08
COST__ORCL,COST,ORCL,20220204_5_0,track_a,2022-02-07,2022-03-08
COST__WMT,COST,WMT,20220204_5_0,track_a,2022-02-07,2022-03-08
ORCL__WMT,ORCL,WMT,20220204_5_0,track_a,2022-02-07,2022-03-08
CL__PG,CL,PG,20220308_0_0,track_a,2022-03-09,2022-04-06
IBM__KO,IBM,KO,20220308_0_1,track_a,2022-03-09,2022-04-06
IBM__MDLZ,IBM,MDLZ,20220308_0_1,track_a,2022-03-09,2022-04-06
KO__MDLZ,KO,MDLZ,20220308_0_1,track_a,2022-03-09,2022-04-06
GIS__KMB,GIS,KMB,20220308_0_2,track_a,2022-03-09,2022-04-06
CSCO__PEP,CSCO,PEP,20220308_0_3,track_a,2022-03-09,2022-04-06
MPC__PSX,MPC,PSX,20220308_1_0,track_a,2022-03-09,2022-04-06
MPC__VLO,MPC,VLO,20220308_1_0,track_a,2022-03-09,2022-04-06
PSX__VLO,PSX,VLO,20220308_1_0,track_a,2022-03-09,2022-04-06
CVX__XOM,CVX,XOM,20220308_1_1,track_a,2022-03-09,2022-04-06
COP__EOG,COP,EOG,20220308_1_2,track_a,2022-03-09,2022-04-06
HAL__SLB,HAL,SLB,20220308_1_3,track_a,2022-03-09,2022-04-06
INTC__QCOM,INTC,QCOM,20220308_2_0,track_a,2022-03-09,2022-04-06
INTC__TXN,INTC,TXN,20220308_2_0,track_a,2022-03-09,2022-04-06
QCOM__TXN,QCOM,TXN,20220308_2_0,track_a,2022-03-09,2022-04-06
BAC__PNC,BAC,PNC,20220308_3_0,track_a,2022-03-09,2022-04-06
BAC__WFC,BAC,WFC,20220308_3_0,track_a,2022-03-09,2022-04-06
PNC__WFC,PNC,WFC,20220308_3_0,track_a,2022-03-09,2022-04-06
GS__MS,GS,MS,20220308_3_1,track_a,2022-03-09,2022-04-06
C__JPM,C,JPM,20220308_3_2,track_a,2022-03-09,2022-04-06
AXP__USB,AXP,USB,20220308_3_3,track_a,2022-03-09,2022-04-06
BLK__SYY,BLK,SYY,20220308_3_4,track_a,2022-03-09,2022-04-06
COST__ORCL,COST,ORCL,20220308_4_0,track_a,2022-03-09,2022-04-06
COST__WMT,COST,WMT,20220308_4_0,track_a,2022-03-09,2022-04-06
ORCL__WMT,ORCL,WMT,20220308_4_0,track_a,2022-03-09,2022-04-06
AAPL__ADBE,AAPL,ADBE,20220308_6_0,track_a,2022-03-09,2022-04-06
AAPL__MSFT,AAPL,MSFT,20220308_6_0,track_a,2022-03-09,2022-04-06
ADBE__MSFT,ADBE,MSFT,20220308_6_0,track_a,2022-03-09,2022-04-06
KO__MDLZ,KO,MDLZ,20220406_0_0,track_a,2022-04-07,2022-05-06
CL__KMB,CL,KMB,20220406_0_1,track_a,2022-04-07,2022-05-06
PEP__PG,PEP,PG,20220406_0_2,track_a,2022-04-07,2022-05-06
CSCO__WMT,CSCO,WMT,20220406_0_3,track_a,2022-04-07,2022-05-06
GIS__IBM,GIS,IBM,20220406_0_4,track_a,2022-04-07,2022-05-06
AXP__PNC,AXP,PNC,20220406_1_0,track_a,2022-04-07,2022-05-06
GS__MS,GS,MS,20220406_1_1,track_a,2022-04-07,2022-05-06
C__JPM,C,JPM,20220406_1_2,track_a,2022-04-07,2022-05-06
C__USB,C,USB,20220406_1_2,track_a,2022-04-07,2022-05-06
JPM__USB,JPM,USB,20220406_1_2,track_a,2022-04-07,2022-05-06
BAC__WFC,BAC,WFC,20220406_1_3,track_a,2022-04-07,2022-05-06
BLK__SYY,BLK,SYY,20220406_1_4,track_a,2022-04-07,2022-05-06
COP__CVX,COP,CVX,20220406_2_0,track_a,2022-04-07,2022-05-06
COP__EOG,COP,EOG,20220406_2_0,track_a,2022-04-07,2022-05-06
COP__XOM,COP,XOM,20220406_2_0,track_a,2022-04-07,2022-05-06
CVX__EOG,CVX,EOG,20220406_2_0,track_a,2022-04-07,2022-05-06
CVX__XOM,CVX,XOM,20220406_2_0,track_a,2022-04-07,2022-05-06
EOG__XOM,EOG,XOM,20220406_2_0,track_a,2022-04-07,2022-05-06
AAPL__ADBE,AAPL,ADBE,20220406_3_0,track_a,2022-04-07,2022-05-06
AAPL__MSFT,AAPL,MSFT,20220406_3_0,track_a,2022-04-07,2022-05-06
ADBE__MSFT,ADBE,MSFT,20220406_3_0,track_a,2022-04-07,2022-05-06
COST__ORCL,COST,ORCL,20220406_3_1,track_a,2022-04-07,2022-05-06
INTC__QCOM,INTC,QCOM,20220406_5_0,track_a,2022-04-07,2022-05-06
INTC__TXN,INTC,TXN,20220406_5_0,track_a,2022-04-07,2022-05-06
QCOM__TXN,QCOM,TXN,20220406_5_0,track_a,2022-04-07,2022-05-06
PSX__SLB,PSX,SLB,20220406_7_0,track_a,2022-04-07,2022-05-06
PSX__VLO,PSX,VLO,20220406_7_0,track_a,2022-04-07,2022-05-06
SLB__VLO,SLB,VLO,20220406_7_0,track_a,2022-04-07,2022-05-06
HAL__MPC,HAL,MPC,20220406_7_1,track_a,2022-04-07,2022-05-06
CL__GIS,CL,GIS,20220506_0_0,track_a,2022-05-09,2022-06-07
PEP__PG,PEP,PG,20220506_0_1,track_a,2022-05-09,2022-06-07
KO__MDLZ,KO,MDLZ,20220506_0_2,track_a,2022-05-09,2022-06-07
KO__WMT,KO,WMT,20220506_0_2,track_a,2022-05-09,2022-06-07
MDLZ__WMT,MDLZ,WMT,20220506_0_2,track_a,2022-05-09,2022-06-07
IBM__KMB,IBM,KMB,20220506_0_3,track_a,2022-05-09,2022-06-07
C__JPM,C,JPM,20220506_1_0,track_a,2022-05-09,2022-06-07
C__PNC,C,PNC,20220506_1_0,track_a,2022-05-09,2022-06-07
JPM__PNC,JPM,PNC,20220506_1_0,track_a,2022-05-09,2022-06-07
BAC__MS,BAC,MS,20220506_1_1,track_a,2022-05-09,2022-06-07
AXP__WFC,AXP,WFC,20220506_1_2,track_a,2022-05-09,2022-06-07
BLK__SYY,BLK,SYY,20220506_1_3,track_a,2022-05-09,2022-06-07
GS__USB,GS,USB,20220506_1_4,track_a,2022-05-09,2022-06-07
COP__CVX,COP,CVX,20220506_2_0,track_a,2022-05-09,2022-06-07
COP__EOG,COP,EOG,20220506_2_0,track_a,2022-05-09,2022-06-07
COP__XOM,COP,XOM,20220506_2_0,track_a,2022-05-09,2022-06-07
CVX__EOG,CVX,EOG,20220506_2_0,track_a,2022-05-09,2022-06-07
CVX__XOM,CVX,XOM,20220506_2_0,track_a,2022-05-09,2022-06-07
EOG__XOM,EOG,XOM,20220506_2_0,track_a,2022-05-09,2022-06-07
AAPL__MSFT,AAPL,MSFT,20220506_3_0,track_a,2022-05-09,2022-06-07
COST__ORCL,COST,ORCL,20220506_3_1,track_a,2022-05-09,2022-06-07
ADBE__CSCO,ADBE,CSCO,20220506_3_2,track_a,2022-05-09,2022-06-07
PSX__SLB,PSX,SLB,20220506_5_0,track_a,2022-05-09,2022-06-07
PSX__VLO,PSX,VLO,20220506_5_0,track_a,2022-05-09,2022-06-07
SLB__VLO,SLB,VLO,20220506_5_0,track_a,2022-05-09,2022-06-07
HAL__MPC,HAL,MPC,20220506_5_1,track_a,2022-05-09,2022-06-07
INTC__QCOM,INTC,QCOM,20220506_7_0,track_a,2022-05-09,2022-06-07
INTC__TXN,INTC,TXN,20220506_7_0,track_a,2022-05-09,2022-06-07
QCOM__TXN,QCOM,TXN,20220506_7_0,track_a,2022-05-09,2022-06-07
AAPL__ADBE,AAPL,ADBE,20220607_0_0,track_a,2022-06-08,2022-07-08
AAPL__MSFT,AAPL,MSFT,20220607_0_0,track_a,2022-06-08,2022-07-08
AAPL__ORCL,AAPL,ORCL,20220607_0_0,track_a,2022-06-08,2022-07-08
ADBE__MSFT,ADBE,MSFT,20220607_0_0,track_a,2022-06-08,2022-07-08
ADBE__ORCL,ADBE,ORCL,20220607_0_0,track_a,2022-06-08,2022-07-08
MSFT__ORCL,MSFT,ORCL,20220607_0_0,track_a,2022-06-08,2022-07-08
COP__EOG,COP,EOG,20220607_1_0,track_a,2022-06-08,2022-07-08
CVX__XOM,CVX,XOM,20220607_1_1,track_a,2022-06-08,2022-07-08
PSX__SLB,PSX,SLB,20220607_1_2,track_a,2022-06-08,2022-07-08
PSX__VLO,PSX,VLO,20220607_1_2,track_a,2022-06-08,2022-07-08
SLB__VLO,SLB,VLO,20220607_1_2,track_a,2022-06-08,2022-07-08
HAL__MPC,HAL,MPC,20220607_1_3,track_a,2022-06-08,2022-07-08
JPM__PNC,JPM,PNC,20220607_3_0,track_a,2022-06-08,2022-07-08
BAC__MS,BAC,MS,20220607_3_1,track_a,2022-06-08,2022-07-08
C__GS,C,GS,20220607_3_2,track_a,2022-06-08,2022-07-08
C__USB,C,USB,20220607_3_2,track_a,2022-06-08,2022-07-08
GS__USB,GS,USB,20220607_3_2,track_a,2022-06-08,2022-07-08
AXP__WFC,AXP,WFC,20220607_3_3,track_a,2022-06-08,2022-07-08
BLK__SYY,BLK,SYY,20220607_3_4,track_a,2022-06-08,2022-07-08
PEP__PG,PEP,PG,20220607_4_0,track_a,2022-06-08,2022-07-08
KO__MDLZ,KO,MDLZ,20220607_4_1,track_a,2022-06-08,2022-07-08
CL__GIS,CL,GIS,20220607_4_2,track_a,2022-06-08,2022-07-08
CSCO__KMB,CSCO,KMB,20220607_4_3,track_a,2022-06-08,2022-07-08
COST__WMT,COST,WMT,20220607_6_0,track_a,2022-06-08,2022-07-08
INTC__QCOM,INTC,QCOM,20220607_8_0,track_a,2022-06-08,2022-07-08
INTC__TXN,INTC,TXN,20220607_8_0,track_a,2022-06-08,2022-07-08
QCOM__TXN,QCOM,TXN,20220607_8_0,track_a,2022-06-08,2022-07-08
INTC__QCOM,INTC,QCOM,20220708_0_0,track_a,2022-07-11,2022-08-08
INTC__TXN,INTC,TXN,20220708_0_0,track_a,2022-07-11,2022-08-08
QCOM__TXN,QCOM,TXN,20220708_0_0,track_a,2022-07-11,2022-08-08
COP__EOG,COP,EOG,20220708_1_0,track_a,2022-07-11,2022-08-08
MPC__PSX,MPC,PSX,20220708_1_1,track_a,2022-07-11,2022-08-08
MPC__SLB,MPC,SLB,20220708_1_1,track_a,2022-07-11,2022-08-08
PSX__SLB,PSX,SLB,20220708_1_1,track_a,2022-07-11,2022-08-08
CVX__XOM,CVX,XOM,20220708_1_2,track_a,2022-07-11,2022-08-08
HAL__VLO,HAL,VLO,20220708_1_3,track_a,2022-07-11,2022-08-08
PEP__PG,PEP,PG,20220708_2_0,track_a,2022-07-11,2022-08-08
KO__MDLZ,KO,MDLZ,20220708_2_1,track_a,2022-07-11,2022-08-08
CL__GIS,CL,GIS,20220708_2_2,track_a,2022-07-11,2022-08-08
CL__KMB,CL,KMB,20220708_2_2,track_a,2022-07-11,2022-08-08
GIS__KMB,GIS,KMB,20220708_2_2,track_a,2022-07-11,2022-08-08
CSCO__IBM,CSCO,IBM,20220708_2_3,track_a,2022-07-11,2022-08-08
JPM__PNC,JPM,PNC,20220708_3_0,track_a,2022-07-11,2022-08-08
C__USB,C,USB,20220708_3_1,track_a,2022-07-11,2022-08-08
AXP__MS,AXP,MS,20220708_3_2,track_a,2022-07-11,2022-08-08
AXP__WFC,AXP,WFC,20220708_3_2,track_a,2022-07-11,2022-08-08
MS__WFC,MS,WFC,20220708_3_2,track_a,2022-07-11,2022-08-08
BAC__GS,BAC,GS,20220708_3_3,track_a,2022-07-11,2022-08-08
BLK__SYY,BLK,SYY,20220708_3_4,track_a,2022-07-11,2022-08-08
COST__ORCL,COST,ORCL,20220708_4_0,track_a,2022-07-11,2022-08-08
COST__WMT,COST,WMT,20220708_4_0,track_a,2022-07-11,2022-08-08
ORCL__WMT,ORCL,WMT,20220708_4_0,track_a,2022-07-11,2022-08-08
AAPL__ADBE,AAPL,ADBE,20220708_7_0,track_a,2022-07-11,2022-08-08
AAPL__MSFT,AAPL,MSFT,20220708_7_0,track_a,2022-07-11,2022-08-08
ADBE__MSFT,ADBE,MSFT,20220708_7_0,track_a,2022-07-11,2022-08-08
MPC__PSX,MPC,PSX,20220808_0_0,track_a,2022-08-09,2022-09-07
HAL__SLB,HAL,SLB,20220808_0_1,track_a,2022-08-09,2022-09-07
HAL__VLO,HAL,VLO,20220808_0_1,track_a,2022-08-09,2022-09-07
SLB__VLO,SLB,VLO,20220808_0_1,track_a,2022-08-09,2022-09-07
INTC__QCOM,INTC,QCOM,20220808_1_0,track_a,2022-08-09,2022-09-07
INTC__TXN,INTC,TXN,20220808_1_0,track_a,2022-08-09,2022-09-07
QCOM__TXN,QCOM,TXN,20220808_1_0,track_a,2022-08-09,2022-09-07
JPM__PNC,JPM,PNC,20220808_2_0,track_a,2022-08-09,2022-09-07
JPM__USB,JPM,USB,20220808_2_0,track_a,2022-08-09,2022-09-07
PNC__USB,PNC,USB,20220808_2_0,track_a,2022-08-09,2022-09-07
GS__MS,GS,MS,20220808_2_1,track_a,2022-08-09,2022-09-07
BAC__C,BAC,C,20220808_2_2,track_a,2022-08-09,2022-09-07
AXP__WFC,AXP,WFC,20220808_2_3,track_a,2022-08-09,2022-09-07
BLK__SYY,BLK,SYY,20220808_2_4,track_a,2022-08-09,2022-09-07
CSCO__KO,CSCO,KO,20220808_3_0,track_a,2022-08-09,2022-09-07
CSCO__MDLZ,CSCO,MDLZ,20220808_3_0,track_a,2022-08-09,2022-09-07
KO__MDLZ,KO,MDLZ,20220808_3_0,track_a,2022-08-09,2022-09-07
CL__GIS,CL,GIS,20220808_3_1,track_a,2022-08-09,2022-09-07
PEP__PG,PEP,PG,20220808_3_2,track_a,2022-08-09,2022-09-07
IBM__KMB,IBM,KMB,20220808_3_3,track_a,2022-08-09,2022-09-07
COST__WMT,COST,WMT,20220808_4_0,track_a,2022-08-09,2022-09-07
COP__EOG,COP,EOG,20220808_5_0,track_a,2022-08-09,2022-09-07
COP__OXY,COP,OXY,20220808_5_0,track_a,2022-08-09,2022-09-07
EOG__OXY,EOG,OXY,20220808_5_0,track_a,2022-08-09,2022-09-07
CVX__XOM,CVX,XOM,20220808_5_1,track_a,2022-08-09,2022-09-07
AAPL__ADBE,AAPL,ADBE,20220808_7_0,track_a,2022-08-09,2022-09-07
AAPL__MSFT,AAPL,MSFT,20220808_7_0,track_a,2022-08-09,2022-09-07
AAPL__ORCL,AAPL,ORCL,20220808_7_0,track_a,2022-08-09,2022-09-07
ADBE__MSFT,ADBE,MSFT,20220808_7_0,track_a,2022-08-09,2022-09-07
ADBE__ORCL,ADBE,ORCL,20220808_7_0,track_a,2022-08-09,2022-09-07
MSFT__ORCL,MSFT,ORCL,20220808_7_0,track_a,2022-08-09,2022-09-07
MPC__PSX,MPC,PSX,20220907_0_0,track_a,2022-09-08,2022-10-06
MPC__VLO,MPC,VLO,20220907_0_0,track_a,2022-09-08,2022-10-06
PSX__VLO,PSX,VLO,20220907_0_0,track_a,2022-09-08,2022-10-06
HAL__SLB,HAL,SLB,20220907_0_1,track_a,2022-09-08,2022-10-06
INTC__QCOM,INTC,QCOM,20220907_1_0,track_a,2022-09-08,2022-10-06
INTC__TXN,INTC,TXN,20220907_1_0,track_a,2022-09-08,2022-10-06
QCOM__TXN,QCOM,TXN,20220907_1_0,track_a,2022-09-08,2022-10-06
JPM__PNC,JPM,PNC,20220907_2_0,track_a,2022-09-08,2022-10-06
GS__MS,GS,MS,20220907_2_1,track_a,2022-09-08,2022-10-06
BAC__C,BAC,C,20220907_2_2,track_a,2022-09-08,2022-10-06
AXP__WFC,AXP,WFC,20220907_2_3,track_a,2022-09-08,2022-10-06
BLK__USB,BLK,USB,20220907_2_4,track_a,2022-09-08,2022-10-06
KO__MDLZ,KO,MDLZ,20220907_3_0,track_a,2022-09-08,2022-10-06
CL__GIS,CL,GIS,20220907_3_1,track_a,2022-09-08,2022-10-06
PEP__PG,PEP,PG,20220907_3_2,track_a,2022-09-08,2022-10-06
CSCO__SYY,CSCO,SYY,20220907_3_3,track_a,2022-09-08,2022-10-06
IBM__KMB,IBM,KMB,20220907_3_4,track_a,2022-09-08,2022-10-06
COST__WMT,COST,WMT,20220907_4_0,track_a,2022-09-08,2022-10-06
COP__EOG,COP,EOG,20220907_5_0,track_a,2022-09-08,2022-10-06
COP__OXY,COP,OXY,20220907_5_0,track_a,2022-09-08,2022-10-06
EOG__OXY,EOG,OXY,20220907_5_0,track_a,2022-09-08,2022-10-06
CVX__XOM,CVX,XOM,20220907_5_1,track_a,2022-09-08,2022-10-06
AAPL__ADBE,AAPL,ADBE,20220907_7_0,track_a,2022-09-08,2022-10-06
AAPL__MSFT,AAPL,MSFT,20220907_7_0,track_a,2022-09-08,2022-10-06
AAPL__ORCL,AAPL,ORCL,20220907_7_0,track_a,2022-09-08,2022-10-06
ADBE__MSFT,ADBE,MSFT,20220907_7_0,track_a,2022-09-08,2022-10-06
ADBE__ORCL,ADBE,ORCL,20220907_7_0,track_a,2022-09-08,2022-10-06
MSFT__ORCL,MSFT,ORCL,20220907_7_0,track_a,2022-09-08,2022-10-06
INTC__QCOM,INTC,QCOM,20221006_0_0,track_a,2022-10-07,2022-11-04
CSCO__SYY,CSCO,SYY,20221006_1_0,track_a,2022-10-07,2022-11-04
AAPL__MSFT,AAPL,MSFT,20221006_1_1,track_a,2022-10-07,2022-11-04
ADBE__TXN,ADBE,TXN,20221006_1_2,track_a,2022-10-07,2022-11-04
JPM__PNC,JPM,PNC,20221006_2_0,track_a,2022-10-07,2022-11-04
GS__MS,GS,MS,20221006_2_1,track_a,2022-10-07,2022-11-04
BAC__C,BAC,C,20221006_2_2,track_a,2022-10-07,2022-11-04
AXP__WFC,AXP,WFC,20221006_2_3,track_a,2022-10-07,2022-11-04
BLK__USB,BLK,USB,20221006_2_4,track_a,2022-10-07,2022-11-04
CVX__EOG,CVX,EOG,20221006_3_0,track_a,2022-10-07,2022-11-04
CVX__OXY,CVX,OXY,20221006_3_0,track_a,2022-10-07,2022-11-04
CVX__XOM,CVX,XOM,20221006_3_0,track_a,2022-10-07,2022-11-04
EOG__OXY,EOG,OXY,20221006_3_0,track_a,2022-10-07,2022-11-04
EOG__XOM,EOG,XOM,20221006_3_0,track_a,2022-10-07,2022-11-04
OXY__XOM,OXY,XOM,20221006_3_0,track_a,2022-10-07,2022-11-04
MPC__PSX,MPC,PSX,20221006_4_0,track_a,2022-10-07,2022-11-04
COP__HAL,COP,HAL,20221006_4_1,track_a,2022-10-07,2022-11-04
SLB__VLO,SLB,VLO,20221006_4_2,track_a,2022-10-07,2022-11-04
KO__PEP,KO,PEP,20221006_5_0,track_a,2022-10-07,2022-11-04
CL__GIS,CL,GIS,20221006_5_1,track_a,2022-10-07,2022-11-04
MDLZ__PG,MDLZ,PG,20221006_5_2,track_a,2022-10-07,2022-11-04
IBM__KMB,IBM,KMB,20221006_5_3,track_a,2022-10-07,2022-11-04
COST__ORCL,COST,ORCL,20221006_6_0,track_a,2022-10-07,2022-11-04
COST__WMT,COST,WMT,20221006_6_0,track_a,2022-10-07,2022-11-04
ORCL__WMT,ORCL,WMT,20221006_6_0,track_a,2022-10-07,2022-11-04
AAPL__CSCO,AAPL,CSCO,20221104_0_0,track_a,2022-11-07,2022-12-06
AAPL__SYY,AAPL,SYY,20221104_0_0,track_a,2022-11-07,2022-12-06
CSCO__SYY,CSCO,SYY,20221104_0_0,track_a,2022-11-07,2022-12-06
MPC__PSX,MPC,PSX,20221104_1_0,track_a,2022-11-07,2022-12-06
COP__EOG,COP,EOG,20221104_1_1,track_a,2022-11-07,2022-12-06
CVX__XOM,CVX,XOM,20221104_1_2,track_a,2022-11-07,2022-12-06
HAL__SLB,HAL,SLB,20221104_1_3,track_a,2022-11-07,2022-12-06
OXY__VLO,OXY,VLO,20221104_1_4,track_a,2022-11-07,2022-12-06
C__PNC,C,PNC,20221104_3_0,track_a,2022-11-07,2022-12-06
GS__MS,GS,MS,20221104_3_1,track_a,2022-11-07,2022-12-06
BAC__JPM,BAC,JPM,20221104_3_2,track_a,2022-11-07,2022-12-06
AXP__WFC,AXP,WFC,20221104_3_3,track_a,2022-11-07,2022-12-06
BLK__USB,BLK,USB,20221104_3_4,track_a,2022-11-07,2022-12-06
KO__MDLZ,KO,MDLZ,20221104_4_0,track_a,2022-11-07,2022-12-06
CL__PG,CL,PG,20221104_4_1,track_a,2022-11-07,2022-12-06
GIS__KMB,GIS,KMB,20221104_4_2,track_a,2022-11-07,2022-12-06
IBM__PEP,IBM,PEP,20221104_4_3,track_a,2022-11-07,2022-12-06
COST__ORCL,COST,ORCL,20221104_5_0,track_a,2022-11-07,2022-12-06
COST__WMT,COST,WMT,20221104_5_0,track_a,2022-11-07,2022-12-06
ORCL__WMT,ORCL,WMT,20221104_5_0,track_a,2022-11-07,2022-12-06
INTC__QCOM,INTC,QCOM,20221104_6_0,track_a,2022-11-07,2022-12-06
ADBE__MSFT,ADBE,MSFT,20221104_7_0,track_a,2022-11-07,2022-12-06
ADBE__TXN,ADBE,TXN,20221104_7_0,track_a,2022-11-07,2022-12-06
MSFT__TXN,MSFT,TXN,20221104_7_0,track_a,2022-11-07,2022-12-06
KO__MDLZ,KO,MDLZ,20221206_0_0,track_a,2022-12-07,2023-01-06
CL__PG,CL,PG,20221206_0_1,track_a,2022-12-07,2023-01-06
GIS__KMB,GIS,KMB,20221206_0_2,track_a,2022-12-07,2023-01-06
IBM__PEP,IBM,PEP,20221206_0_3,track_a,2022-12-07,2023-01-06
JPM__PNC,JPM,PNC,20221206_1_0,track_a,2022-12-07,2023-01-06
GS__MS,GS,MS,20221206_1_1,track_a,2022-12-07,2023-01-06
BAC__WFC,BAC,WFC,20221206_1_2,track_a,2022-12-07,2023-01-06
AXP__C,AXP,C,20221206_1_3,track_a,2022-12-07,2023-01-06
BLK__USB,BLK,USB,20221206_1_4,track_a,2022-12-07,2023-01-06
HAL__SLB,HAL,SLB,20221206_2_0,track_a,2022-12-07,2023-01-06
INTC__QCOM,INTC,QCOM,20221206_3_0,track_a,2022-12-07,2023-01-06
AAPL__MSFT,AAPL,MSFT,20221206_4_0,track_a,2022-12-07,2023-01-06
CSCO__SYY,CSCO,SYY,20221206_4_1,track_a,2022-12-07,2023-01-06
ADBE__TXN,ADBE,TXN,20221206_4_2,track_a,2022-12-07,2023-01-06
COST__ORCL,COST,ORCL,20221206_6_0,track_a,2022-12-07,2023-01-06
COST__WMT,COST,WMT,20221206_6_0,track_a,2022-12-07,2023-01-06
ORCL__WMT,ORCL,WMT,20221206_6_0,track_a,2022-12-07,2023-01-06
COP__EOG,COP,EOG,20221206_7_0,track_a,2022-12-07,2023-01-06
MPC__PSX,MPC,PSX,20221206_7_1,track_a,2022-12-07,2023-01-06
CVX__XOM,CVX,XOM,20221206_7_2,track_a,2022-12-07,2023-01-06
OXY__VLO,OXY,VLO,20221206_7_3,track_a,2022-12-07,2023-01-06
INTC__QCOM,INTC,QCOM,20230106_0_0,track_a,2023-01-09,2023-02-07
JPM__PNC,JPM,PNC,20230106_1_0,track_a,2023-01-09,2023-02-07
GS__MS,GS,MS,20230106_1_1,track_a,2023-01-09,2023-02-07
C__WFC,C,WFC,20230106_1_2,track_a,2023-01-09,2023-02-07
AXP__BLK,AXP,BLK,20230106_1_3,track_a,2023-01-09,2023-02-07
BAC__USB,BAC,USB,20230106_1_4,track_a,2023-01-09,2023-02-07
KO__PEP,KO,PEP,20230106_2_0,track_a,2023-01-09,2023-02-07
CL__KMB,CL,KMB,20230106_2_1,track_a,2023-01-09,2023-02-07
MDLZ__PG,MDLZ,PG,20230106_2_2,track_a,2023-01-09,2023-02-07
GIS__IBM,GIS,IBM,20230106_2_3,track_a,2023-01-09,2023-02-07
MPC__PSX,MPC,PSX,20230106_3_0,track_a,2023-01-09,2023-02-07
COP__EOG,COP,EOG,20230106_3_1,track_a,2023-01-09,2023-02-07
CVX__XOM,CVX,XOM,20230106_3_2,track_a,2023-01-09,2023-02-07
OXY__VLO,OXY,VLO,20230106_3_3,track_a,2023-01-09,2023-02-07
COST__WMT,COST,WMT,20230106_4_0,track_a,2023-01-09,2023-02-07
CSCO__ORCL,CSCO,ORCL,20230106_5_0,track_a,2023-01-09,2023-02-07
CSCO__SYY,CSCO,SYY,20230106_5_0,track_a,2023-01-09,2023-02-07
ORCL__SYY,ORCL,SYY,20230106_5_0,track_a,2023-01-09,2023-02-07
AAPL__MSFT,AAPL,MSFT,20230106_5_1,track_a,2023-01-09,2023-02-07
ADBE__TXN,ADBE,TXN,20230106_5_2,track_a,2023-01-09,2023-02-07
HAL__SLB,HAL,SLB,20230106_7_0,track_a,2023-01-09,2023-02-07
KO__PEP,KO,PEP,20230207_0_0,track_a,2023-02-08,2023-03-09
CL__KMB,CL,KMB,20230207_0_1,track_a,2023-02-08,2023-03-09
MDLZ__PG,MDLZ,PG,20230207_0_2,track_a,2023-02-08,2023-03-09
GIS__IBM,GIS,IBM,20230207_0_3,track_a,2023-02-08,2023-03-09
BAC__WFC,BAC,WFC,20230207_1_0,track_a,2023-02-08,2023-03-09
JPM__PNC,JPM,PNC,20230207_1_1,track_a,2023-02-08,2023-03-09
GS__MS,GS,MS,20230207_1_2,track_a,2023-02-08,2023-03-09
C__USB,C,USB,20230207_1_3,track_a,2023-02-08,2023-03-09
AXP__BLK,AXP,BLK,20230207_1_4,track_a,2023-02-08,2023-03-09
HAL__SLB,HAL,SLB,20230207_2_0,track_a,2023-02-08,2023-03-09
INTC__QCOM,INTC,QCOM,20230207_3_0,track_a,2023-02-08,2023-03-09
CSCO__ORCL,CSCO,ORCL,20230207_4_0,track_a,2023-02-08,2023-03-09
CSCO__SYY,CSCO,SYY,20230207_4_0,track_a,2023-02-08,2023-03-09
ORCL__SYY,ORCL,SYY,20230207_4_0,track_a,2023-02-08,2023-03-09
AAPL__MSFT,AAPL,MSFT,20230207_4_1,track_a,2023-02-08,2023-03-09
ADBE__TXN,ADBE,TXN,20230207_4_2,track_a,2023-02-08,2023-03-09
COP__EOG,COP,EOG,20230207_5_0,track_a,2023-02-08,2023-03-09
MPC__PSX,MPC,PSX,20230207_5_1,track_a,2023-02-08,2023-03-09
CVX__XOM,CVX,XOM,20230207_5_2,track_a,2023-02-08,2023-03-09
OXY__VLO,OXY,VLO,20230207_5_3,track_a,2023-02-08,2023-03-09
COST__WMT,COST,WMT,20230207_6_0,track_a,2023-02-08,2023-03-09
AAPL__MSFT,AAPL,MSFT,20230309_0_0,track_a,2023-03-10,2023-04-10
CSCO__ORCL,CSCO,ORCL,20230309_0_1,track_a,2023-03-10,2023-04-10
CSCO__SYY,CSCO,SYY,20230309_0_1,track_a,2023-03-10,2023-04-10
ORCL__SYY,ORCL,SYY,20230309_0_1,track_a,2023-03-10,2023-04-10
ADBE__TXN,ADBE,TXN,20230309_0_2,track_a,2023-03-10,2023-04-10
BAC__WFC,BAC,WFC,20230309_1_0,track_a,2023-03-10,2023-04-10
JPM__PNC,JPM,PNC,20230309_1_1,track_a,2023-03-10,2023-04-10
GS__MS,GS,MS,20230309_1_2,track_a,2023-03-10,2023-04-10
C__USB,C,USB,20230309_1_3,track_a,2023-03-10,2023-04-10
AXP__BLK,AXP,BLK,20230309_1_4,track_a,2023-03-10,2023-04-10
COP__EOG,COP,EOG,20230309_2_0,track_a,2023-03-10,2023-04-10
COP__OXY,COP,OXY,20230309_2_0,track_a,2023-03-10,2023-04-10
EOG__OXY,EOG,OXY,20230309_2_0,track_a,2023-03-10,2023-04-10
HAL__SLB,HAL,SLB,20230309_2_1,track_a,2023-03-10,2023-04-10
COST__WMT,COST,WMT,20230309_3_0,track_a,2023-03-10,2023-04-10
CL__KMB,CL,KMB,20230309_5_0,track_a,2023-03-10,2023-04-10
KO__PEP,KO,PEP,20230309_5_1,track_a,2023-03-10,2023-04-10
MDLZ__PG,MDLZ,PG,20230309_5_2,track_a,2023-03-10,2023-04-10
GIS__IBM,GIS,IBM,20230309_5_3,track_a,2023-03-10,2023-04-10
INTC__QCOM,INTC,QCOM,20230309_6_0,track_a,2023-03-10,2023-04-10
MPC__PSX,MPC,PSX,20230309_7_0,track_a,2023-03-10,2023-04-10
MPC__VLO,MPC,VLO,20230309_7_0,track_a,2023-03-10,2023-04-10
PSX__VLO,PSX,VLO,20230309_7_0,track_a,2023-03-10,2023-04-10
CVX__XOM,CVX,XOM,20230309_7_1,track_a,2023-03-10,2023-04-10
KO__PEP,KO,PEP,20230410_0_0,track_a,2023-04-11,2023-05-09
CL__PG,CL,PG,20230410_0_1,track_a,2023-04-11,2023-05-09
IBM__MDLZ,IBM,MDLZ,20230410_0_2,track_a,2023-04-11,2023-05-09
CSCO__SYY,CSCO,SYY,20230410_0_3,track_a,2023-04-11,2023-05-09
GIS__KMB,GIS,KMB,20230410_0_4,track_a,2023-04-11,2023-05-09
BAC__WFC,BAC,WFC,20230410_1_0,track_a,2023-04-11,2023-05-09
GS__MS,GS,MS,20230410_1_1,track_a,2023-04-11,2023-05-09
JPM__PNC,JPM,PNC,20230410_1_2,track_a,2023-04-11,2023-05-09
C__USB,C,USB,20230410_1_3,track_a,2023-04-11,2023-05-09
AXP__BLK,AXP,BLK,20230410_1_4,track_a,2023-04-11,2023-05-09
EOG__HAL,EOG,HAL,20230410_2_0,track_a,2023-04-11,2023-05-09
EOG__SLB,EOG,SLB,20230410_2_0,track_a,2023-04-11,2023-05-09
HAL__SLB,HAL,SLB,20230410_2_0,track_a,2023-04-11,2023-05-09
MPC__PSX,MPC,PSX,20230410_3_0,track_a,2023-04-11,2023-05-09
MPC__VLO,MPC,VLO,20230410_3_0,track_a,2023-04-11,2023-05-09
PSX__VLO,PSX,VLO,20230410_3_0,track_a,2023-04-11,2023-05-09
CVX__XOM,CVX,XOM,20230410_3_1,track_a,2023-04-11,2023-05-09
COP__OXY,COP,OXY,20230410_3_2,track_a,2023-04-11,2023-05-09
ADBE__MSFT,ADBE,MSFT,20230410_4_0,track_a,2023-04-11,2023-05-09
ADBE__ORCL,ADBE,ORCL,20230410_4_0,track_a,2023-04-11,2023-05-09
MSFT__ORCL,MSFT,ORCL,20230410_4_0,track_a,2023-04-11,2023-05-09
AAPL__TXN,AAPL,TXN,20230410_4_1,track_a,2023-04-11,2023-05-09
INTC__QCOM,INTC,QCOM,20230410_5_0,track_a,2023-04-11,2023-05-09
COST__WMT,COST,WMT,20230410_6_0,track_a,2023-04-11,2023-05-09
CL__KMB,CL,KMB,20230509_0_0,track_a,2023-05-10,2023-06-08
KO__MDLZ,KO,MDLZ,20230509_0_1,track_a,2023-05-10,2023-06-08
GIS__PEP,GIS,PEP,20230509_0_2,track_a,2023-05-10,2023-06-08
IBM__PG,IBM,PG,20230509_0_3,track_a,2023-05-10,2023-06-08
CSCO__SYY,CSCO,SYY,20230509_0_4,track_a,2023-05-10,2023-06-08
BAC__WFC,BAC,WFC,20230509_1_0,track_a,2023-05-10,2023-06-08
AXP__MS,AXP,MS,20230509_1_1,track_a,2023-05-10,2023-06-08
GS__JPM,GS,JPM,20230509_1_2,track_a,2023-05-10,2023-06-08
C__USB,C,USB,20230509_1_3,track_a,2023-05-10,2023-06-08
BLK__PNC,BLK,PNC,20230509_1_4,track_a,2023-05-10,2023-06-08
CVX__XOM,CVX,XOM,20230509_2_0,track_a,2023-05-10,2023-06-08
MPC__PSX,MPC,PSX,20230509_2_1,track_a,2023-05-10,2023-06-08
COP__EOG,COP,EOG,20230509_2_2,track_a,2023-05-10,2023-06-08
OXY__VLO,OXY,VLO,20230509_2_3,track_a,2023-05-10,2023-06-08
INTC__QCOM,INTC,QCOM,20230509_3_0,track_a,2023-05-10,2023-06-08
COST__WMT,COST,WMT,20230509_4_0,track_a,2023-05-10,2023-06-08
HAL__SLB,HAL,SLB,20230509_5_0,track_a,2023-05-10,2023-06-08
ADBE__MSFT,ADBE,MSFT,20230509_6_0,track_a,2023-05-10,2023-06-08
ADBE__ORCL,ADBE,ORCL,20230509_6_0,track_a,2023-05-10,2023-06-08
MSFT__ORCL,MSFT,ORCL,20230509_6_0,track_a,2023-05-10,2023-06-08
AAPL__TXN,AAPL,TXN,20230509_6_1,track_a,2023-05-10,2023-06-08
INTC__QCOM,INTC,QCOM,20230608_0_0,track_a,2023-06-09,2023-07-11
AAPL__ADBE,AAPL,ADBE,20230608_1_0,track_a,2023-06-09,2023-07-11
AAPL__MSFT,AAPL,MSFT,20230608_1_0,track_a,2023-06-09,2023-07-11
AAPL__TXN,AAPL,TXN,20230608_1_0,track_a,2023-06-09,2023-07-11
ADBE__MSFT,ADBE,MSFT,20230608_1_0,track_a,2023-06-09,2023-07-11
ADBE__TXN,ADBE,TXN,20230608_1_0,track_a,2023-06-09,2023-07-11
MSFT__TXN,MSFT,TXN,20230608_1_0,track_a,2023-06-09,2023-07-11
CL__PG,CL,PG,20230608_2_0,track_a,2023-06-09,2023-07-11
KO__PEP,KO,PEP,20230608_2_1,track_a,2023-06-09,2023-07-11
KMB__MDLZ,KMB,MDLZ,20230608_2_2,track_a,2023-06-09,2023-07-11
CSCO__IBM,CSCO,IBM,20230608_2_3,track_a,2023-06-09,2023-07-11
GIS__SYY,GIS,SYY,20230608_2_4,track_a,2023-06-09,2023-07-11
CVX__XOM,CVX,XOM,20230608_3_0,track_a,2023-06-09,2023-07-11
MPC__PSX,MPC,PSX,20230608_3_1,track_a,2023-06-09,2023-07-11
COP__EOG,COP,EOG,20230608_3_2,track_a,2023-06-09,2023-07-11
OXY__VLO,OXY,VLO,20230608_3_3,track_a,2023-06-09,2023-07-11
GS__MS,GS,MS,20230608_4_0,track_a,2023-06-09,2023-07-11
C__WFC,C,WFC,20230608_4_1,track_a,2023-06-09,2023-07-11
BAC__PNC,BAC,PNC,20230608_4_2,track_a,2023-06-09,2023-07-11
AXP__JPM,AXP,JPM,20230608_4_3,track_a,2023-06-09,2023-07-11
BLK__USB,BLK,USB,20230608_4_4,track_a,2023-06-09,2023-07-11
COST__ORCL,COST,ORCL,20230608_5_0,track_a,2023-06-09,2023-07-11
COST__WMT,COST,WMT,20230608_5_0,track_a,2023-06-09,2023-07-11
ORCL__WMT,ORCL,WMT,20230608_5_0,track_a,2023-06-09,2023-07-11
HAL__SLB,HAL,SLB,20230608_6_0,track_a,2023-06-09,2023-07-11
CSCO__ORCL,CSCO,ORCL,20230711_0_0,track_a,2023-07-12,2023-08-09
AAPL__MSFT,AAPL,MSFT,20230711_0_1,track_a,2023-07-12,2023-08-09
ADBE__QCOM,ADBE,QCOM,20230711_0_2,track_a,2023-07-12,2023-08-09
ADBE__TXN,ADBE,TXN,20230711_0_2,track_a,2023-07-12,2023-08-09
QCOM__TXN,QCOM,TXN,20230711_0_2,track_a,2023-07-12,2023-08-09
CVX__XOM,CVX,XOM,20230711_1_0,track_a,2023-07-12,2023-08-09
PSX__VLO,PSX,VLO,20230711_1_1,track_a,2023-07-12,2023-08-09
COP__OXY,COP,OXY,20230711_1_2,track_a,2023-07-12,2023-08-09
EOG__MPC,EOG,MPC,20230711_1_3,track_a,2023-07-12,2023-08-09
AXP__MS,AXP,MS,20230711_2_0,track_a,2023-07-12,2023-08-09
BAC__WFC,BAC,WFC,20230711_2_1,track_a,2023-07-12,2023-08-09
GS__JPM,GS,JPM,20230711_2_2,track_a,2023-07-12,2023-08-09
C__USB,C,USB,20230711_2_3,track_a,2023-07-12,2023-08-09
BLK__PNC,BLK,PNC,20230711_2_4,track_a,2023-07-12,2023-08-09
CL__PG,CL,PG,20230711_3_0,track_a,2023-07-12,2023-08-09
GIS__KO,GIS,KO,20230711_3_1,track_a,2023-07-12,2023-08-09
GIS__PEP,GIS,PEP,20230711_3_1,track_a,2023-07-12,2023-08-09
KO__PEP,KO,PEP,20230711_3_1,track_a,2023-07-12,2023-08-09
MDLZ__SYY,MDLZ,SYY,20230711_3_2,track_a,2023-07-12,2023-08-09
IBM__KMB,IBM,KMB,20230711_3_3,track_a,2023-07-12,2023-08-09
COST__WMT,COST,WMT,20230711_5_0,track_a,2023-07-12,2023-08-09
HAL__SLB,HAL,SLB,20230711_7_0,track_a,2023-07-12,2023-08-09
ADBE__INTC,ADBE,INTC,20230809_0_0,track_a,2023-08-10,2023-09-08
ADBE__NVDA,ADBE,NVDA,20230809_0_0,track_a,2023-08-10,2023-09-08
ADBE__QCOM,ADBE,QCOM,20230809_0_0,track_a,2023-08-10,2023-09-08
INTC__NVDA,INTC,NVDA,20230809_0_0,track_a,2023-08-10,2023-09-08
INTC__QCOM,INTC,QCOM,20230809_0_0,track_a,2023-08-10,2023-09-08
NVDA__QCOM,NVDA,QCOM,20230809_0_0,track_a,2023-08-10,2023-09-08
COST__CSCO,COST,CSCO,20230809_1_0,track_a,2023-08-10,2023-09-08
AAPL__TXN,AAPL,TXN,20230809_1_1,track_a,2023-08-10,2023-09-08
MSFT__ORCL,MSFT,ORCL,20230809_1_2,track_a,2023-08-10,2023-09-08
AXP__GS,AXP,GS,20230809_2_0,track_a,2023-08-10,2023-09-08
AXP__MS,AXP,MS,20230809_2_0,track_a,2023-08-10,2023-09-08
GS__MS,GS,MS,20230809_2_0,track_a,2023-08-10,2023-09-08
C__WFC,C,WFC,20230809_2_1,track_a,2023-08-10,2023-09-08
BAC__JPM,BAC,JPM,20230809_2_2,track_a,2023-08-10,2023-09-08
CVX__OXY,CVX,OXY,20230809_3_0,track_a,2023-08-10,2023-09-08
CVX__XOM,CVX,XOM,20230809_3_0,track_a,2023-08-10,2023-09-08
OXY__XOM,OXY,XOM,20230809_3_0,track_a,2023-08-10,2023-09-08
COP__EOG,COP,EOG,20230809_3_1,track_a,2023-08-10,2023-09-08
PEP__PG,PEP,PG,20230809_4_0,track_a,2023-08-10,2023-09-08
CL__KMB,CL,KMB,20230809_4_1,track_a,2023-08-10,2023-09-08
KO__WMT,KO,WMT,20230809_4_2,track_a,2023-08-10,2023-09-08
MDLZ__SYY,MDLZ,SYY,20230809_4_3,track_a,2023-08-10,2023-09-08
GIS__IBM,GIS,IBM,20230809_4_4,track_a,2023-08-10,2023-09-08
MPC__PSX,MPC,PSX,20230809_5_0,track_a,2023-08-10,2023-09-08
MPC__VLO,MPC,VLO,20230809_5_0,track_a,2023-08-10,2023-09-08
PSX__VLO,PSX,VLO,20230809_5_0,track_a,2023-08-10,2023-09-08
HAL__SLB,HAL,SLB,20230809_6_0,track_a,2023-08-10,2023-09-08
BLK__PNC,BLK,PNC,20230809_7_0,track_a,2023-08-10,2023-09-08
BLK__USB,BLK,USB,20230809_7_0,track_a,2023-08-10,2023-09-08
PNC__USB,PNC,USB,20230809_7_0,track_a,2023-08-10,2023-09-08
HAL__SLB,HAL,SLB,20230908_0_0,track_a,2023-09-11,2023-10-09
CVX__OXY,CVX,OXY,20230908_1_0,track_a,2023-09-11,2023-10-09
CVX__XOM,CVX,XOM,20230908_1_0,track_a,2023-09-11,2023-10-09
OXY__XOM,OXY,XOM,20230908_1_0,track_a,2023-09-11,2023-10-09
COP__EOG,COP,EOG,20230908_1_1,track_a,2023-09-11,2023-10-09
GS__JPM,GS,JPM,20230908_2_0,track_a,2023-09-11,2023-10-09
C__WFC,C,WFC,20230908_2_1,track_a,2023-09-11,2023-10-09
AXP__MS,AXP,MS,20230908_2_2,track_a,2023-09-11,2023-10-09
BAC__BLK,BAC,BLK,20230908_2_3,track_a,2023-09-11,2023-10-09
CL__KMB,CL,KMB,20230908_3_0,track_a,2023-09-11,2023-10-09
PEP__PG,PEP,PG,20230908_3_1,track_a,2023-09-11,2023-10-09
KO__WMT,KO,WMT,20230908_3_2,track_a,2023-09-11,2023-10-09
MDLZ__SYY,MDLZ,SYY,20230908_3_3,track_a,2023-09-11,2023-10-09
COST__GIS,COST,GIS,20230908_3_4,track_a,2023-09-11,2023-10-09
MSFT__TXN,MSFT,TXN,20230908_4_0,track_a,2023-09-11,2023-10-09
ADBE__NVDA,ADBE,NVDA,20230908_4_1,track_a,2023-09-11,2023-10-09
ADBE__QCOM,ADBE,QCOM,20230908_4_1,track_a,2023-09-11,2023-10-09
NVDA__QCOM,NVDA,QCOM,20230908_4_1,track_a,2023-09-11,2023-10-09
AAPL__INTC,AAPL,INTC,20230908_4_2,track_a,2023-09-11,2023-10-09
MPC__PSX,MPC,PSX,20230908_5_0,track_a,2023-09-11,2023-10-09
MPC__VLO,MPC,VLO,20230908_5_0,track_a,2023-09-11,2023-10-09
PSX__VLO,PSX,VLO,20230908_5_0,track_a,2023-09-11,2023-10-09
PNC__USB,PNC,USB,20230908_6_0,track_a,2023-09-11,2023-10-09
CSCO__IBM,CSCO,IBM,20230908_7_0,track_a,2023-09-11,2023-10-09
CSCO__ORCL,CSCO,ORCL,20230908_7_0,track_a,2023-09-11,2023-10-09
IBM__ORCL,IBM,ORCL,20230908_7_0,track_a,2023-09-11,2023-10-09
HAL__SLB,HAL,SLB,20231009_0_0,track_a,2023-10-10,2023-11-07
AAPL__TXN,AAPL,TXN,20231009_1_0,track_a,2023-10-10,2023-11-07
INTC__QCOM,INTC,QCOM,20231009_1_1,track_a,2023-10-10,2023-11-07
ADBE__MSFT,ADBE,MSFT,20231009_1_2,track_a,2023-10-10,2023-11-07
ADBE__NVDA,ADBE,NVDA,20231009_1_2,track_a,2023-10-10,2023-11-07
MSFT__NVDA,MSFT,NVDA,20231009_1_2,track_a,2023-10-10,2023-11-07
GS__JPM,GS,JPM,20231009_2_0,track_a,2023-10-10,2023-11-07
C__MS,C,MS,20231009_2_1,track_a,2023-10-10,2023-11-07
BAC__WFC,BAC,WFC,20231009_2_2,track_a,2023-10-10,2023-11-07
AXP__BLK,AXP,BLK,20231009_2_3,track_a,2023-10-10,2023-11-07
CL__KMB,CL,KMB,20231009_3_0,track_a,2023-10-10,2023-11-07
PEP__PG,PEP,PG,20231009_3_1,track_a,2023-10-10,2023-11-07
KO__MDLZ,KO,MDLZ,20231009_3_2,track_a,2023-10-10,2023-11-07
CSCO__IBM,CSCO,IBM,20231009_3_3,track_a,2023-10-10,2023-11-07
GIS__WMT,GIS,WMT,20231009_3_4,track_a,2023-10-10,2023-11-07
COST__SYY,COST,SYY,20231009_3_5,track_a,2023-10-10,2023-11-07
PNC__USB,PNC,USB,20231009_4_0,track_a,2023-10-10,2023-11-07
MPC__PSX,MPC,PSX,20231009_6_0,track_a,2023-10-10,2023-11-07
MPC__VLO,MPC,VLO,20231009_6_0,track_a,2023-10-10,2023-11-07
PSX__VLO,PSX,VLO,20231009_6_0,track_a,2023-10-10,2023-11-07
COP__EOG,COP,EOG,20231009_7_0,track_a,2023-10-10,2023-11-07
COP__OXY,COP,OXY,20231009_7_0,track_a,2023-10-10,2023-11-07
EOG__OXY,EOG,OXY,20231009_7_0,track_a,2023-10-10,2023-11-07
CVX__XOM,CVX,XOM,20231009_7_1,track_a,2023-10-10,2023-11-07
KMB__PG,KMB,PG,20231107_0_0,track_a,2023-11-08,2023-12-07
CL__GIS,CL,GIS,20231107_0_1,track_a,2023-11-08,2023-12-07
CL__PEP,CL,PEP,20231107_0_1,track_a,2023-11-08,2023-12-07
GIS__PEP,GIS,PEP,20231107_0_1,track_a,2023-11-08,2023-12-07
KO__MDLZ,KO,MDLZ,20231107_0_2,track_a,2023-11-08,2023-12-07
SYY__WMT,SYY,WMT,20231107_0_3,track_a,2023-11-08,2023-12-07
GS__JPM,GS,JPM,20231107_1_0,track_a,2023-11-08,2023-12-07
BAC__WFC,BAC,WFC,20231107_1_1,track_a,2023-11-08,2023-12-07
AXP__MS,AXP,MS,20231107_1_2,track_a,2023-11-08,2023-12-07
BLK__C,BLK,C,20231107_1_3,track_a,2023-11-08,2023-12-07
MPC__PSX,MPC,PSX,20231107_2_0,track_a,2023-11-08,2023-12-07
MPC__VLO,MPC,VLO,20231107_2_0,track_a,2023-11-08,2023-12-07
PSX__VLO,PSX,VLO,20231107_2_0,track_a,2023-11-08,2023-12-07
CVX__XOM,CVX,XOM,20231107_3_0,track_a,2023-11-08,2023-12-07
COP__EOG,COP,EOG,20231107_3_1,track_a,2023-11-08,2023-12-07
HAL__OXY,HAL,OXY,20231107_3_2,track_a,2023-11-08,2023-12-07
HAL__SLB,HAL,SLB,20231107_3_2,track_a,2023-11-08,2023-12-07
OXY__SLB,OXY,SLB,20231107_3_2,track_a,2023-11-08,2023-12-07
ADBE__INTC,ADBE,INTC,20231107_4_0,track_a,2023-11-08,2023-12-07
ADBE__QCOM,ADBE,QCOM,20231107_4_0,track_a,2023-11-08,2023-12-07
ADBE__TXN,ADBE,TXN,20231107_4_0,track_a,2023-11-08,2023-12-07
INTC__QCOM,INTC,QCOM,20231107_4_0,track_a,2023-11-08,2023-12-07
INTC__TXN,INTC,TXN,20231107_4_0,track_a,2023-11-08,2023-12-07
QCOM__TXN,QCOM,TXN,20231107_4_0,track_a,2023-11-08,2023-12-07
PNC__USB,PNC,USB,20231107_6_0,track_a,2023-11-08,2023-12-07
COST__CSCO,COST,CSCO,20231107_7_0,track_a,2023-11-08,2023-12-07
AAPL__MSFT,AAPL,MSFT,20231107_7_1,track_a,2023-11-08,2023-12-07
IBM__ORCL,IBM,ORCL,20231107_7_2,track_a,2023-11-08,2023-12-07
INTC__QCOM,INTC,QCOM,20231207_0_0,track_a,2023-12-08,2024-01-09
INTC__TXN,INTC,TXN,20231207_0_0,track_a,2023-12-08,2024-01-09
QCOM__TXN,QCOM,TXN,20231207_0_0,track_a,2023-12-08,2024-01-09
KMB__PG,KMB,PG,20231207_1_0,track_a,2023-12-08,2024-01-09
CL__GIS,CL,GIS,20231207_1_1,track_a,2023-12-08,2024-01-09
CL__PEP,CL,PEP,20231207_1_1,track_a,2023-12-08,2024-01-09
GIS__PEP,GIS,PEP,20231207_1_1,track_a,2023-12-08,2024-01-09
KO__MDLZ,KO,MDLZ,20231207_1_2,track_a,2023-12-08,2024-01-09
COP__EOG,COP,EOG,20231207_2_0,track_a,2023-12-08,2024-01-09
COP__OXY,COP,OXY,20231207_2_0,track_a,2023-12-08,2024-01-09
EOG__OXY,EOG,OXY,20231207_2_0,track_a,2023-12-08,2024-01-09
CVX__XOM,CVX,XOM,20231207_2_1,track_a,2023-12-08,2024-01-09
HAL__SLB,HAL,SLB,20231207_2_2,track_a,2023-12-08,2024-01-09
BAC__PNC,BAC,PNC,20231207_3_0,track_a,2023-12-08,2024-01-09
C__WFC,C,WFC,20231207_3_1,track_a,2023-12-08,2024-01-09
GS__JPM,GS,JPM,20231207_3_2,track_a,2023-12-08,2024-01-09
BLK__MS,BLK,MS,20231207_3_3,track_a,2023-12-08,2024-01-09
AXP__USB,AXP,USB,20231207_3_4,track_a,2023-12-08,2024-01-09
AAPL__ADBE,AAPL,ADBE,20231207_4_0,track_a,2023-12-08,2024-01-09
AAPL__MSFT,AAPL,MSFT,20231207_4_0,track_a,2023-12-08,2024-01-09
AAPL__ORCL,AAPL,ORCL,20231207_4_0,track_a,2023-12-08,2024-01-09
ADBE__MSFT,ADBE,MSFT,20231207_4_0,track_a,2023-12-08,2024-01-09
ADBE__ORCL,ADBE,ORCL,20231207_4_0,track_a,2023-12-08,2024-01-09
MSFT__ORCL,MSFT,ORCL,20231207_4_0,track_a,2023-12-08,2024-01-09
MPC__PSX,MPC,PSX,20231207_5_0,track_a,2023-12-08,2024-01-09
MPC__VLO,MPC,VLO,20231207_5_0,track_a,2023-12-08,2024-01-09
PSX__VLO,PSX,VLO,20231207_5_0,track_a,2023-12-08,2024-01-09
COST__CSCO,COST,CSCO,20231207_7_0,track_a,2023-12-08,2024-01-09
COST__WMT,COST,WMT,20231207_7_0,track_a,2023-12-08,2024-01-09
CSCO__WMT,CSCO,WMT,20231207_7_0,track_a,2023-12-08,2024-01-09
IBM__SYY,IBM,SYY,20231207_7_1,track_a,2023-12-08,2024-01-09
CL__GIS,CL,GIS,20240109_0_0,track_a,2024-01-10,2024-02-08
CL__KMB,CL,KMB,20240109_0_0,track_a,2024-01-10,2024-02-08
GIS__KMB,GIS,KMB,20240109_0_0,track_a,2024-01-10,2024-02-08
PEP__PG,PEP,PG,20240109_0_1,track_a,2024-01-10,2024-02-08
KO__MDLZ,KO,MDLZ,20240109_0_2,track_a,2024-01-10,2024-02-08
BAC__WFC,BAC,WFC,20240109_1_0,track_a,2024-01-10,2024-02-08
C__MS,C,MS,20240109_1_1,track_a,2024-01-10,2024-02-08
GS__JPM,GS,JPM,20240109_1_2,track_a,2024-01-10,2024-02-08
AXP__BLK,AXP,BLK,20240109_1_3,track_a,2024-01-10,2024-02-08
PNC__USB,PNC,USB,20240109_1_4,track_a,2024-01-10,2024-02-08
INTC__QCOM,INTC,QCOM,20240109_2_0,track_a,2024-01-10,2024-02-08
INTC__TXN,INTC,TXN,20240109_2_0,track_a,2024-01-10,2024-02-08
QCOM__TXN,QCOM,TXN,20240109_2_0,track_a,2024-01-10,2024-02-08
COP__EOG,COP,EOG,20240109_3_0,track_a,2024-01-10,2024-02-08
COP__OXY,COP,OXY,20240109_3_0,track_a,2024-01-10,2024-02-08
EOG__OXY,EOG,OXY,20240109_3_0,track_a,2024-01-10,2024-02-08
CVX__XOM,CVX,XOM,20240109_3_1,track_a,2024-01-10,2024-02-08
HAL__SLB,HAL,SLB,20240109_3_2,track_a,2024-01-10,2024-02-08
COST__CSCO,COST,CSCO,20240109_4_0,track_a,2024-01-10,2024-02-08
COST__WMT,COST,WMT,20240109_4_0,track_a,2024-01-10,2024-02-08
CSCO__WMT,CSCO,WMT,20240109_4_0,track_a,2024-01-10,2024-02-08
IBM__SYY,IBM,SYY,20240109_4_1,track_a,2024-01-10,2024-02-08
MPC__PSX,MPC,PSX,20240109_6_0,track_a,2024-01-10,2024-02-08
MPC__VLO,MPC,VLO,20240109_6_0,track_a,2024-01-10,2024-02-08
PSX__VLO,PSX,VLO,20240109_6_0,track_a,2024-01-10,2024-02-08
AAPL__ADBE,AAPL,ADBE,20240109_7_0,track_a,2024-01-10,2024-02-08
AAPL__MSFT,AAPL,MSFT,20240109_7_0,track_a,2024-01-10,2024-02-08
AAPL__ORCL,AAPL,ORCL,20240109_7_0,track_a,2024-01-10,2024-02-08
ADBE__MSFT,ADBE,MSFT,20240109_7_0,track_a,2024-01-10,2024-02-08
ADBE__ORCL,ADBE,ORCL,20240109_7_0,track_a,2024-01-10,2024-02-08
MSFT__ORCL,MSFT,ORCL,20240109_7_0,track_a,2024-01-10,2024-02-08
AAPL__INTC,AAPL,INTC,20240208_0_0,track_a,2024-02-09,2024-03-11
AAPL__MSFT,AAPL,MSFT,20240208_0_0,track_a,2024-02-09,2024-03-11
INTC__MSFT,INTC,MSFT,20240208_0_0,track_a,2024-02-09,2024-03-11
QCOM__TXN,QCOM,TXN,20240208_0_1,track_a,2024-02-09,2024-03-11
ADBE__ORCL,ADBE,ORCL,20240208_0_2,track_a,2024-02-09,2024-03-11
CVX__XOM,CVX,XOM,20240208_1_0,track_a,2024-02-09,2024-03-11
COP__EOG,COP,EOG,20240208_1_1,track_a,2024-02-09,2024-03-11
COP__OXY,COP,OXY,20240208_1_1,track_a,2024-02-09,2024-03-11
EOG__OXY,EOG,OXY,20240208_1_1,track_a,2024-02-09,2024-03-11
HAL__SLB,HAL,SLB,20240208_1_2,track_a,2024-02-09,2024-03-11
BAC__WFC,BAC,WFC,20240208_2_0,track_a,2024-02-09,2024-03-11
C__MS,C,MS,20240208_2_1,track_a,2024-02-09,2024-03-11
PNC__USB,PNC,USB,20240208_2_2,track_a,2024-02-09,2024-03-11
COST__CSCO,COST,CSCO,20240208_3_0,track_a,2024-02-09,2024-03-11
COST__IBM,COST,IBM,20240208_3_0,track_a,2024-02-09,2024-03-11
COST__WMT,COST,WMT,20240208_3_0,track_a,2024-02-09,2024-03-11
CSCO__IBM,CSCO,IBM,20240208_3_0,track_a,2024-02-09,2024-03-11
CSCO__WMT,CSCO,WMT,20240208_3_0,track_a,2024-02-09,2024-03-11
IBM__WMT,IBM,WMT,20240208_3_0,track_a,2024-02-09,2024-03-11
KMB__PG,KMB,PG,20240208_4_0,track_a,2024-02-09,2024-03-11
CL__PEP,CL,PEP,20240208_4_1,track_a,2024-02-09,2024-03-11
KO__MDLZ,KO,MDLZ,20240208_4_2,track_a,2024-02-09,2024-03-11
GIS__SYY,GIS,SYY,20240208_4_3,track_a,2024-02-09,2024-03-11
MPC__PSX,MPC,PSX,20240208_5_0,track_a,2024-02-09,2024-03-11
MPC__VLO,MPC,VLO,20240208_5_0,track_a,2024-02-09,2024-03-11
PSX__VLO,PSX,VLO,20240208_5_0,track_a,2024-02-09,2024-03-11
AXP__BLK,AXP,BLK,20240208_7_0,track_a,2024-02-09,2024-03-11
AXP__GS,AXP,GS,20240208_7_0,track_a,2024-02-09,2024-03-11
AXP__JPM,AXP,JPM,20240208_7_0,track_a,2024-02-09,2024-03-11
BLK__GS,BLK,GS,20240208_7_0,track_a,2024-02-09,2024-03-11
BLK__JPM,BLK,JPM,20240208_7_0,track_a,2024-02-09,2024-03-11
GS__JPM,GS,JPM,20240208_7_0,track_a,2024-02-09,2024-03-11
C__GS,C,GS,20240311_0_0,track_a,2024-03-12,2024-04-10
C__JPM,C,JPM,20240311_0_0,track_a,2024-03-12,2024-04-10
GS__JPM,GS,JPM,20240311_0_0,track_a,2024-03-12,2024-04-10
AXP__BLK,AXP,BLK,20240311_0_1,track_a,2024-03-12,2024-04-10
COST__CSCO,COST,CSCO,20240311_1_0,track_a,2024-03-12,2024-04-10
IBM__SYY,IBM,SYY,20240311_1_1,track_a,2024-03-12,2024-04-10
IBM__WMT,IBM,WMT,20240311_1_1,track_a,2024-03-12,2024-04-10
SYY__WMT,SYY,WMT,20240311_1_1,track_a,2024-03-12,2024-04-10
AAPL__INTC,AAPL,INTC,20240311_2_0,track_a,2024-03-12,2024-04-10
AAPL__MSFT,AAPL,MSFT,20240311_2_0,track_a,2024-03-12,2024-04-10
INTC__MSFT,INTC,MSFT,20240311_2_0,track_a,2024-03-12,2024-04-10
QCOM__TXN,QCOM,TXN,20240311_2_1,track_a,2024-03-12,2024-04-10
CVX__XOM,CVX,XOM,20240311_3_0,track_a,2024-03-12,2024-04-10
COP__EOG,COP,EOG,20240311_3_1,track_a,2024-03-12,2024-04-10
COP__OXY,COP,OXY,20240311_3_1,track_a,2024-03-12,2024-04-10
EOG__OXY,EOG,OXY,20240311_3_1,track_a,2024-03-12,2024-04-10
HAL__SLB,HAL,SLB,20240311_3_2,track_a,2024-03-12,2024-04-10
MPC__PSX,MPC,PSX,20240311_4_0,track_a,2024-03-12,2024-04-10
MPC__VLO,MPC,VLO,20240311_4_0,track_a,2024-03-12,2024-04-10
PSX__VLO,PSX,VLO,20240311_4_0,track_a,2024-03-12,2024-04-10
BAC__WFC,BAC,WFC,20240311_5_0,track_a,2024-03-12,2024-04-10
MS__PNC,MS,PNC,20240311_5_1,track_a,2024-03-12,2024-04-10
MS__USB,MS,USB,20240311_5_1,track_a,2024-03-12,2024-04-10
PNC__USB,PNC,USB,20240311_5_1,track_a,2024-03-12,2024-04-10
CL__KMB,CL,KMB,20240311_7_0,track_a,2024-03-12,2024-04-10
CL__KO,CL,KO,20240311_7_0,track_a,2024-03-12,2024-04-10
KMB__KO,KMB,KO,20240311_7_0,track_a,2024-03-12,2024-04-10
PEP__PG,PEP,PG,20240311_7_1,track_a,2024-03-12,2024-04-10
GIS__MDLZ,GIS,MDLZ,20240311_7_2,track_a,2024-03-12,2024-04-10
ADBE__ORCL,ADBE,ORCL,20240311_8_0,track_a,2024-03-12,2024-04-10
CVX__XOM,CVX,XOM,20240410_0_0,track_a,2024-04-11,2024-05-09
COP__EOG,COP,EOG,20240410_0_1,track_a,2024-04-11,2024-05-09
COP__OXY,COP,OXY,20240410_0_1,track_a,2024-04-11,2024-05-09
EOG__OXY,EOG,OXY,20240410_0_1,track_a,2024-04-11,2024-05-09
HAL__SLB,HAL,SLB,20240410_0_2,track_a,2024-04-11,2024-05-09
AAPL__INTC,AAPL,INTC,20240410_1_0,track_a,2024-04-11,2024-05-09
AAPL__QCOM,AAPL,QCOM,20240410_1_0,track_a,2024-04-11,2024-05-09
AAPL__TXN,AAPL,TXN,20240410_1_0,track_a,2024-04-11,2024-05-09
INTC__QCOM,INTC,QCOM,20240410_1_0,track_a,2024-04-11,2024-05-09
INTC__TXN,INTC,TXN,20240410_1_0,track_a,2024-04-11,2024-05-09
QCOM__TXN,QCOM,TXN,20240410_1_0,track_a,2024-04-11,2024-05-09
COST__MSFT,COST,MSFT,20240410_2_0,track_a,2024-04-11,2024-05-09
COST__WMT,COST,WMT,20240410_2_0,track_a,2024-04-11,2024-05-09
MSFT__WMT,MSFT,WMT,20240410_2_0,track_a,2024-04-11,2024-05-09
CSCO__IBM,CSCO,IBM,20240410_2_1,track_a,2024-04-11,2024-05-09
C__GS,C,GS,20240410_3_0,track_a,2024-04-11,2024-05-09
BAC__WFC,BAC,WFC,20240410_3_1,track_a,2024-04-11,2024-05-09
AXP__JPM,AXP,JPM,20240410_3_2,track_a,2024-04-11,2024-05-09
MS__PNC,MS,PNC,20240410_3_3,track_a,2024-04-11,2024-05-09
BLK__USB,BLK,USB,20240410_3_4,track_a,2024-04-11,2024-05-09
MPC__PSX,MPC,PSX,20240410_4_0,track_a,2024-04-11,2024-05-09
MPC__VLO,MPC,VLO,20240410_4_0,track_a,2024-04-11,2024-05-09
PSX__VLO,PSX,VLO,20240410_4_0,track_a,2024-04-11,2024-05-09
CL__KMB,CL,KMB,20240410_6_0,track_a,2024-04-11,2024-05-09
KO__PG,KO,PG,20240410_6_1,track_a,2024-04-11,2024-05-09
MDLZ__PEP,MDLZ,PEP,20240410_6_2,track_a,2024-04-11,2024-05-09
GIS__SYY,GIS,SYY,20240410_6_3,track_a,2024-04-11,2024-05-09
ADBE__ORCL,ADBE,ORCL,20240410_7_0,track_a,2024-04-11,2024-05-09
MDLZ__PEP,MDLZ,PEP,20240509_0_0,track_a,2024-05-10,2024-06-10
KMB__KO,KMB,KO,20240509_0_1,track_a,2024-05-10,2024-06-10
CL__PG,CL,PG,20240509_0_2,track_a,2024-05-10,2024-06-10
GIS__WMT,GIS,WMT,20240509_0_3,track_a,2024-05-10,2024-06-10
MS__WFC,MS,WFC,20240509_1_0,track_a,2024-05-10,2024-06-10
C__GS,C,GS,20240509_1_1,track_a,2024-05-10,2024-06-10
BAC__PNC,BAC,PNC,20240509_1_2,track_a,2024-05-10,2024-06-10
BAC__USB,BAC,USB,20240509_1_2,track_a,2024-05-10,2024-06-10
PNC__USB,PNC,USB,20240509_1_2,track_a,2024-05-10,2024-06-10
COP__EOG,COP,EOG,20240509_2_0,track_a,2024-05-10,2024-06-10
COP__OXY,COP,OXY,20240509_2_0,track_a,2024-05-10,2024-06-10
EOG__OXY,EOG,OXY,20240509_2_0,track_a,2024-05-10,2024-06-10
CVX__XOM,CVX,XOM,20240509_2_1,track_a,2024-05-10,2024-06-10
HAL__SLB,HAL,SLB,20240509_2_2,track_a,2024-05-10,2024-06-10
COST__MSFT,COST,MSFT,20240509_3_0,track_a,2024-05-10,2024-06-10
AAPL__CSCO,AAPL,CSCO,20240509_3_1,track_a,2024-05-10,2024-06-10
ADBE__ORCL,ADBE,ORCL,20240509_3_2,track_a,2024-05-10,2024-06-10
MPC__PSX,MPC,PSX,20240509_4_0,track_a,2024-05-10,2024-06-10
MPC__VLO,MPC,VLO,20240509_4_0,track_a,2024-05-10,2024-06-10
PSX__VLO,PSX,VLO,20240509_4_0,track_a,2024-05-10,2024-06-10
AXP__BLK,AXP,BLK,20240509_5_0,track_a,2024-05-10,2024-06-10
AXP__JPM,AXP,JPM,20240509_5_0,track_a,2024-05-10,2024-06-10
BLK__JPM,BLK,JPM,20240509_5_0,track_a,2024-05-10,2024-06-10
IBM__SYY,IBM,SYY,20240509_5_1,track_a,2024-05-10,2024-06-10
INTC__QCOM,INTC,QCOM,20240509_7_0,track_a,2024-05-10,2024-06-10
INTC__TXN,INTC,TXN,20240509_7_0,track_a,2024-05-10,2024-06-10
QCOM__TXN,QCOM,TXN,20240509_7_0,track_a,2024-05-10,2024-06-10
INTC__QCOM,INTC,QCOM,20240610_0_0,track_a,2024-06-11,2024-07-11
INTC__TXN,INTC,TXN,20240610_0_0,track_a,2024-06-11,2024-07-11
QCOM__TXN,QCOM,TXN,20240610_0_0,track_a,2024-06-11,2024-07-11
KMB__KO,KMB,KO,20240610_1_0,track_a,2024-06-11,2024-07-11
MDLZ__PEP,MDLZ,PEP,20240610_1_1,track_a,2024-06-11,2024-07-11
CL__PG,CL,PG,20240610_1_2,track_a,2024-06-11,2024-07-11
GIS__WMT,GIS,WMT,20240610_1_3,track_a,2024-06-11,2024-07-11
AXP__BLK,AXP,BLK,20240610_2_0,track_a,2024-06-11,2024-07-11
AXP__JPM,AXP,JPM,20240610_2_0,track_a,2024-06-11,2024-07-11
BLK__JPM,BLK,JPM,20240610_2_0,track_a,2024-06-11,2024-07-11
IBM__SYY,IBM,SYY,20240610_2_1,track_a,2024-06-11,2024-07-11
COP__EOG,COP,EOG,20240610_3_0,track_a,2024-06-11,2024-07-11
COP__OXY,COP,OXY,20240610_3_0,track_a,2024-06-11,2024-07-11
EOG__OXY,EOG,OXY,20240610_3_0,track_a,2024-06-11,2024-07-11
HAL__SLB,HAL,SLB,20240610_3_1,track_a,2024-06-11,2024-07-11
CVX__XOM,CVX,XOM,20240610_3_2,track_a,2024-06-11,2024-07-11
COST__CSCO,COST,CSCO,20240610_4_0,track_a,2024-06-11,2024-07-11
AAPL__MSFT,AAPL,MSFT,20240610_4_1,track_a,2024-06-11,2024-07-11
ADBE__ORCL,ADBE,ORCL,20240610_4_2,track_a,2024-06-11,2024-07-11
MPC__PSX,MPC,PSX,20240610_5_0,track_a,2024-06-11,2024-07-11
MPC__VLO,MPC,VLO,20240610_5_0,track_a,2024-06-11,2024-07-11
PSX__VLO,PSX,VLO,20240610_5_0,track_a,2024-06-11,2024-07-11
BAC__C,BAC,C,20240610_6_0,track_a,2024-06-11,2024-07-11
BAC__GS,BAC,GS,20240610_6_0,track_a,2024-06-11,2024-07-11
C__GS,C,GS,20240610_6_0,track_a,2024-06-11,2024-07-11
MS__WFC,MS,WFC,20240610_6_1,track_a,2024-06-11,2024-07-11
PNC__USB,PNC,USB,20240610_6_2,track_a,2024-06-11,2024-07-11
CL__KMB,CL,KMB,20240711_0_0,track_a,2024-07-12,2024-08-09
KO__PG,KO,PG,20240711_0_1,track_a,2024-07-12,2024-08-09
GIS__MDLZ,GIS,MDLZ,20240711_0_2,track_a,2024-07-12,2024-08-09
GIS__PEP,GIS,PEP,20240711_0_2,track_a,2024-07-12,2024-08-09
MDLZ__PEP,MDLZ,PEP,20240711_0_2,track_a,2024-07-12,2024-08-09
COP__EOG,COP,EOG,20240711_1_0,track_a,2024-07-12,2024-08-09
COP__OXY,COP,OXY,20240711_1_0,track_a,2024-07-12,2024-08-09
EOG__OXY,EOG,OXY,20240711_1_0,track_a,2024-07-12,2024-08-09
HAL__SLB,HAL,SLB,20240711_1_1,track_a,2024-07-12,2024-08-09
CVX__XOM,CVX,XOM,20240711_1_2,track_a,2024-07-12,2024-08-09
C__GS,C,GS,20240711_2_0,track_a,2024-07-12,2024-08-09
MS__WFC,MS,WFC,20240711_2_1,track_a,2024-07-12,2024-08-09
AXP__JPM,AXP,JPM,20240711_2_2,track_a,2024-07-12,2024-08-09
PNC__USB,PNC,USB,20240711_2_3,track_a,2024-07-12,2024-08-09
BAC__BLK,BAC,BLK,20240711_2_4,track_a,2024-07-12,2024-08-09
COST__IBM,COST,IBM,20240711_3_0,track_a,2024-07-12,2024-08-09
COST__SYY,COST,SYY,20240711_3_0,track_a,2024-07-12,2024-08-09
IBM__SYY,IBM,SYY,20240711_3_0,track_a,2024-07-12,2024-08-09
CSCO__WMT,CSCO,WMT,20240711_3_1,track_a,2024-07-12,2024-08-09
AAPL__INTC,AAPL,INTC,20240711_4_0,track_a,2024-07-12,2024-08-09
AAPL__QCOM,AAPL,QCOM,20240711_4_0,track_a,2024-07-12,2024-08-09
AAPL__TXN,AAPL,TXN,20240711_4_0,track_a,2024-07-12,2024-08-09
INTC__QCOM,INTC,QCOM,20240711_4_0,track_a,2024-07-12,2024-08-09
INTC__TXN,INTC,TXN,20240711_4_0,track_a,2024-07-12,2024-08-09
QCOM__TXN,QCOM,TXN,20240711_4_0,track_a,2024-07-12,2024-08-09
MPC__PSX,MPC,PSX,20240711_6_0,track_a,2024-07-12,2024-08-09
MPC__VLO,MPC,VLO,20240711_6_0,track_a,2024-07-12,2024-08-09
PSX__VLO,PSX,VLO,20240711_6_0,track_a,2024-07-12,2024-08-09
ADBE__MSFT,ADBE,MSFT,20240711_7_0,track_a,2024-07-12,2024-08-09
ADBE__ORCL,ADBE,ORCL,20240711_7_0,track_a,2024-07-12,2024-08-09
MSFT__ORCL,MSFT,ORCL,20240711_7_0,track_a,2024-07-12,2024-08-09
INTC__QCOM,INTC,QCOM,20240809_0_0,track_a,2024-08-12,2024-09-10
INTC__TXN,INTC,TXN,20240809_0_0,track_a,2024-08-12,2024-09-10
QCOM__TXN,QCOM,TXN,20240809_0_0,track_a,2024-08-12,2024-09-10
BAC__C,BAC,C,20240809_1_0,track_a,2024-08-12,2024-09-10
BAC__GS,BAC,GS,20240809_1_0,track_a,2024-08-12,2024-09-10
C__GS,C,GS,20240809_1_0,track_a,2024-08-12,2024-09-10
MS__WFC,MS,WFC,20240809_1_1,track_a,2024-08-12,2024-09-10
PNC__USB,PNC,USB,20240809_1_2,track_a,2024-08-12,2024-09-10
CL__KMB,CL,KMB,20240809_2_0,track_a,2024-08-12,2024-09-10
KO__PG,KO,PG,20240809_2_1,track_a,2024-08-12,2024-09-10
GIS__MDLZ,GIS,MDLZ,20240809_2_2,track_a,2024-08-12,2024-09-10
GIS__PEP,GIS,PEP,20240809_2_2,track_a,2024-08-12,2024-09-10
MDLZ__PEP,MDLZ,PEP,20240809_2_2,track_a,2024-08-12,2024-09-10
CSCO__WMT,CSCO,WMT,20240809_2_3,track_a,2024-08-12,2024-09-10
COP__EOG,COP,EOG,20240809_3_0,track_a,2024-08-12,2024-09-10
COP__OXY,COP,OXY,20240809_3_0,track_a,2024-08-12,2024-09-10
EOG__OXY,EOG,OXY,20240809_3_0,track_a,2024-08-12,2024-09-10
HAL__SLB,HAL,SLB,20240809_3_1,track_a,2024-08-12,2024-09-10
CVX__XOM,CVX,XOM,20240809_3_2,track_a,2024-08-12,2024-09-10
MPC__PSX,MPC,PSX,20240809_4_0,track_a,2024-08-12,2024-09-10
MPC__VLO,MPC,VLO,20240809_4_0,track_a,2024-08-12,2024-09-10
PSX__VLO,PSX,VLO,20240809_4_0,track_a,2024-08-12,2024-09-10
AAPL__COST,AAPL,COST,20240809_5_0,track_a,2024-08-12,2024-09-10
AAPL__MSFT,AAPL,MSFT,20240809_5_0,track_a,2024-08-12,2024-09-10
COST__MSFT,COST,MSFT,20240809_5_0,track_a,2024-08-12,2024-09-10
ADBE__ORCL,ADBE,ORCL,20240809_5_1,track_a,2024-08-12,2024-09-10
AXP__BLK,AXP,BLK,20240809_6_0,track_a,2024-08-12,2024-09-10
AXP__JPM,AXP,JPM,20240809_6_0,track_a,2024-08-12,2024-09-10
BLK__JPM,BLK,JPM,20240809_6_0,track_a,2024-08-12,2024-09-10
IBM__SYY,IBM,SYY,20240809_6_1,track_a,2024-08-12,2024-09-10
CL__KMB,CL,KMB,20240910_0_0,track_a,2024-09-11,2024-10-09
MDLZ__PEP,MDLZ,PEP,20240910_0_1,track_a,2024-09-11,2024-10-09
KO__PG,KO,PG,20240910_0_2,track_a,2024-09-11,2024-10-09
GIS__WMT,GIS,WMT,20240910_0_3,track_a,2024-09-11,2024-10-09
COP__EOG,COP,EOG,20240910_1_0,track_a,2024-09-11,2024-10-09
COP__OXY,COP,OXY,20240910_1_0,track_a,2024-09-11,2024-10-09
EOG__OXY,EOG,OXY,20240910_1_0,track_a,2024-09-11,2024-10-09
HAL__SLB,HAL,SLB,20240910_1_1,track_a,2024-09-11,2024-10-09
CVX__XOM,CVX,XOM,20240910_1_2,track_a,2024-09-11,2024-10-09
GS__MS,GS,MS,20240910_2_0,track_a,2024-09-11,2024-10-09
AXP__JPM,AXP,JPM,20240910_2_1,track_a,2024-09-11,2024-10-09
BAC__C,BAC,C,20240910_2_2,track_a,2024-09-11,2024-10-09
PNC__USB,PNC,USB,20240910_2_3,track_a,2024-09-11,2024-10-09
BLK__WFC,BLK,WFC,20240910_2_4,track_a,2024-09-11,2024-10-09
MPC__PSX,MPC,PSX,20240910_3_0,track_a,2024-09-11,2024-10-09
MPC__VLO,MPC,VLO,20240910_3_0,track_a,2024-09-11,2024-10-09
PSX__VLO,PSX,VLO,20240910_3_0,track_a,2024-09-11,2024-10-09
INTC__QCOM,INTC,QCOM,20240910_5_0,track_a,2024-09-11,2024-10-09
INTC__TXN,INTC,TXN,20240910_5_0,track_a,2024-09-11,2024-10-09
QCOM__TXN,QCOM,TXN,20240910_5_0,track_a,2024-09-11,2024-10-09
COST__MSFT,COST,MSFT,20240910_6_0,track_a,2024-09-11,2024-10-09
ADBE__ORCL,ADBE,ORCL,20240910_6_1,track_a,2024-09-11,2024-10-09
AAPL__CSCO,AAPL,CSCO,20240910_6_2,track_a,2024-09-11,2024-10-09
IBM__SYY,IBM,SYY,20240910_7_0,track_a,2024-09-11,2024-10-09
CL__PG,CL,PG,20241009_0_0,track_a,2024-10-10,2024-11-07
MDLZ__PEP,MDLZ,PEP,20241009_0_1,track_a,2024-10-10,2024-11-07
KMB__KO,KMB,KO,20241009_0_2,track_a,2024-10-10,2024-11-07
GIS__WMT,GIS,WMT,20241009_0_3,track_a,2024-10-10,2024-11-07
GS__MS,GS,MS,20241009_1_0,track_a,2024-10-10,2024-11-07
GS__WFC,GS,WFC,20241009_1_0,track_a,2024-10-10,2024-11-07
MS__WFC,MS,WFC,20241009_1_0,track_a,2024-10-10,2024-11-07
BAC__C,BAC,C,20241009_1_1,track_a,2024-10-10,2024-11-07
AXP__JPM,AXP,JPM,20241009_1_2,track_a,2024-10-10,2024-11-07
PNC__USB,PNC,USB,20241009_1_3,track_a,2024-10-10,2024-11-07
COP__EOG,COP,EOG,20241009_2_0,track_a,2024-10-10,2024-11-07
COP__OXY,COP,OXY,20241009_2_0,track_a,2024-10-10,2024-11-07
EOG__OXY,EOG,OXY,20241009_2_0,track_a,2024-10-10,2024-11-07
CVX__XOM,CVX,XOM,20241009_2_1,track_a,2024-10-10,2024-11-07
HAL__SLB,HAL,SLB,20241009_2_2,track_a,2024-10-10,2024-11-07
INTC__QCOM,INTC,QCOM,20241009_3_0,track_a,2024-10-10,2024-11-07
INTC__TXN,INTC,TXN,20241009_3_0,track_a,2024-10-10,2024-11-07
QCOM__TXN,QCOM,TXN,20241009_3_0,track_a,2024-10-10,2024-11-07
MPC__PSX,MPC,PSX,20241009_4_0,track_a,2024-10-10,2024-11-07
MPC__VLO,MPC,VLO,20241009_4_0,track_a,2024-10-10,2024-11-07
PSX__VLO,PSX,VLO,20241009_4_0,track_a,2024-10-10,2024-11-07
BLK__CSCO,BLK,CSCO,20241009_5_0,track_a,2024-10-10,2024-11-07
BLK__IBM,BLK,IBM,20241009_5_0,track_a,2024-10-10,2024-11-07
BLK__SYY,BLK,SYY,20241009_5_0,track_a,2024-10-10,2024-11-07
CSCO__IBM,CSCO,IBM,20241009_5_0,track_a,2024-10-10,2024-11-07
CSCO__SYY,CSCO,SYY,20241009_5_0,track_a,2024-10-10,2024-11-07
IBM__SYY,IBM,SYY,20241009_5_0,track_a,2024-10-10,2024-11-07
AAPL__COST,AAPL,COST,20241009_6_0,track_a,2024-10-10,2024-11-07
AAPL__MSFT,AAPL,MSFT,20241009_6_0,track_a,2024-10-10,2024-11-07
COST__MSFT,COST,MSFT,20241009_6_0,track_a,2024-10-10,2024-11-07
ADBE__ORCL,ADBE,ORCL,20241009_6_1,track_a,2024-10-10,2024-11-07
INTC__QCOM,INTC,QCOM,20241107_0_0,track_a,2024-11-08,2024-12-09
INTC__TXN,INTC,TXN,20241107_0_0,track_a,2024-11-08,2024-12-09
QCOM__TXN,QCOM,TXN,20241107_0_0,track_a,2024-11-08,2024-12-09
AAPL__COST,AAPL,COST,20241107_1_0,track_a,2024-11-08,2024-12-09
AAPL__MSFT,AAPL,MSFT,20241107_1_0,track_a,2024-11-08,2024-12-09
COST__MSFT,COST,MSFT,20241107_1_0,track_a,2024-11-08,2024-12-09
ADBE__ORCL,ADBE,ORCL,20241107_1_1,track_a,2024-11-08,2024-12-09
COP__EOG,COP,EOG,20241107_2_0,track_a,2024-11-08,2024-12-09
COP__OXY,COP,OXY,20241107_2_0,track_a,2024-11-08,2024-12-09
EOG__OXY,EOG,OXY,20241107_2_0,track_a,2024-11-08,2024-12-09
CVX__XOM,CVX,XOM,20241107_2_1,track_a,2024-11-08,2024-12-09
HAL__SLB,HAL,SLB,20241107_2_2,track_a,2024-11-08,2024-12-09
GS__MS,GS,MS,20241107_3_0,track_a,2024-11-08,2024-12-09
GS__WFC,GS,WFC,20241107_3_0,track_a,2024-11-08,2024-12-09
MS__WFC,MS,WFC,20241107_3_0,track_a,2024-11-08,2024-12-09
PNC__USB,PNC,USB,20241107_3_1,track_a,2024-11-08,2024-12-09
BAC__C,BAC,C,20241107_3_2,track_a,2024-11-08,2024-12-09
AXP__JPM,AXP,JPM,20241107_3_3,track_a,2024-11-08,2024-12-09
MPC__PSX,MPC,PSX,20241107_4_0,track_a,2024-11-08,2024-12-09
MPC__VLO,MPC,VLO,20241107_4_0,track_a,2024-11-08,2024-12-09
PSX__VLO,PSX,VLO,20241107_4_0,track_a,2024-11-08,2024-12-09
CL__PG,CL,PG,20241107_5_0,track_a,2024-11-08,2024-12-09
MDLZ__PEP,MDLZ,PEP,20241107_5_1,track_a,2024-11-08,2024-12-09
KMB__KO,KMB,KO,20241107_5_2,track_a,2024-11-08,2024-12-09
GIS__WMT,GIS,WMT,20241107_5_3,track_a,2024-11-08,2024-12-09
BLK__CSCO,BLK,CSCO,20241107_7_0,track_a,2024-11-08,2024-12-09
BLK__IBM,BLK,IBM,20241107_7_0,track_a,2024-11-08,2024-12-09
BLK__SYY,BLK,SYY,20241107_7_0,track_a,2024-11-08,2024-12-09
CSCO__IBM,CSCO,IBM,20241107_7_0,track_a,2024-11-08,2024-12-09
CSCO__SYY,CSCO,SYY,20241107_7_0,track_a,2024-11-08,2024-12-09
IBM__SYY,IBM,SYY,20241107_7_0,track_a,2024-11-08,2024-12-09
INTC__QCOM,INTC,QCOM,20241209_0_0,track_a,2024-12-10,2024-12-31
INTC__TXN,INTC,TXN,20241209_0_0,track_a,2024-12-10,2024-12-31
QCOM__TXN,QCOM,TXN,20241209_0_0,track_a,2024-12-10,2024-12-31
AAPL__COST,AAPL,COST,20241209_1_0,track_a,2024-12-10,2024-12-31
AAPL__MSFT,AAPL,MSFT,20241209_1_0,track_a,2024-12-10,2024-12-31
COST__MSFT,COST,MSFT,20241209_1_0,track_a,2024-12-10,2024-12-31
ADBE__ORCL,ADBE,ORCL,20241209_1_1,track_a,2024-12-10,2024-12-31
CVX__XOM,CVX,XOM,20241209_2_0,track_a,2024-12-10,2024-12-31
COP__EOG,COP,EOG,20241209_2_1,track_a,2024-12-10,2024-12-31
COP__OXY,COP,OXY,20241209_2_1,track_a,2024-12-10,2024-12-31
EOG__OXY,EOG,OXY,20241209_2_1,track_a,2024-12-10,2024-12-31
HAL__SLB,HAL,SLB,20241209_2_2,track_a,2024-12-10,2024-12-31
GS__MS,GS,MS,20241209_3_0,track_a,2024-12-10,2024-12-31
GS__WFC,GS,WFC,20241209_3_0,track_a,2024-12-10,2024-12-31
MS__WFC,MS,WFC,20241209_3_0,track_a,2024-12-10,2024-12-31
PNC__USB,PNC,USB,20241209_3_1,track_a,2024-12-10,2024-12-31
BAC__JPM,BAC,JPM,20241209_3_2,track_a,2024-12-10,2024-12-31
AXP__C,AXP,C,20241209_3_3,track_a,2024-12-10,2024-12-31
BLK__CSCO,BLK,CSCO,20241209_4_0,track_a,2024-12-10,2024-12-31
BLK__IBM,BLK,IBM,20241209_4_0,track_a,2024-12-10,2024-12-31
BLK__SYY,BLK,SYY,20241209_4_0,track_a,2024-12-10,2024-12-31
CSCO__IBM,CSCO,IBM,20241209_4_0,track_a,2024-12-10,2024-12-31
CSCO__SYY,CSCO,SYY,20241209_4_0,track_a,2024-12-10,2024-12-31
IBM__SYY,IBM,SYY,20241209_4_0,track_a,2024-12-10,2024-12-31
MPC__PSX,MPC,PSX,20241209_5_0,track_a,2024-12-10,2024-12-31
MPC__VLO,MPC,VLO,20241209_5_0,track_a,2024-12-10,2024-12-31
PSX__VLO,PSX,VLO,20241209_5_0,track_a,2024-12-10,2024-12-31
CL__PG,CL,PG,20241209_6_0,track_a,2024-12-10,2024-12-31
MDLZ__PEP,MDLZ,PEP,20241209_6_1,track_a,2024-12-10,2024-12-31
KO__WMT,KO,WMT,20241209_6_2,track_a,2024-12-10,2024-12-31
GIS__KMB,GIS,KMB,20241209_6_3,track_a,2024-12-10,2024-12-31
